entry_time,exit_time,side,entry_px,exit_px,points,pnl,qty,adds,hours,orisk,why
2019-12-19 16:30:00,2019-12-20 16:00:00,LONG,1480.1867136713595,1476.2575748165882,-3.9291388547712813,-136.5112514011049,16.63092505293811,1,22.5,2.311535638109201,stop
2019-12-23 06:30:00,2019-12-23 13:00:00,LONG,1483.708,1480.5716716658496,-3.1363283341504484,-81.70892908666916,24.93917603891683,0,6.5,1.0,stop
2019-12-24 02:00:00,2019-12-27 07:30:00,LONG,1493.0114001561672,1507.3696368531646,14.358236696997437,1464.3932779911036,20.680254246867268,4,48.5,5.077591605026711,stop
2019-12-30 03:00:00,2019-12-31 13:00:00,LONG,1519.558987221684,1520.2492389012361,0.6902516795521478,52.01547250052258,21.04817227840477,4,33.0,3.4507765866959175,stop
2020-01-02 11:00:00,2020-01-05 23:30:00,LONG,1527.0475454629243,1574.186,47.13845453707563,4475.627844993678,19.068571889264042,4,34.5,3.369975338402368,stop
2020-01-07 07:30:00,2020-01-08 02:00:00,LONG,1581.1907146735387,1585.9146203341043,4.723905660565606,284.05936057944893,12.5470529588713,4,17.5,4.982696048051771,stop
2020-01-10 15:30:00,2020-01-13 06:00:00,LONG,1560.5075473576887,1553.8273894899248,-6.68015786776391,-181.5235872227849,13.239927564352085,1,13.5,1.3724101039355276,stop
2020-01-17 12:00:00,2020-01-21 07:30:00,LONG,1563.6523717466641,1561.2844475568793,-2.367924189784844,-328.99180084569633,25.663145747948512,4,37.5,3.0362246926045486,stop
2020-01-22 23:00:00,2020-01-23 02:00:00,LONG,1561.522,1556.5882157377066,-4.9337842622933294,-121.57971937783674,23.962335230012954,0,3.0,1.0,stop
2020-01-23 14:30:00,2020-01-28 12:00:00,LONG,1571.9249513464683,1575.137263165889,3.21231181942062,226.0955446694663,14.991523304304476,4,66.5,4.305634924178534,stop
2020-01-29 09:00:00,2020-01-30 14:30:00,LONG,1575.765937843882,1574.3555021393736,-1.4104357045084726,-129.025244275345,20.123271930440524,3,28.5,3.4644097053602363,stop
2020-01-31 09:30:00,2020-02-03 07:00:00,LONG,1585.4379092175582,1578.776001696001,-6.661907521557168,-534.8575724289921,19.50779738244555,3,20.5,3.7188335886875548,stop
2020-02-07 14:00:00,2020-02-11 02:00:00,LONG,1573.9165671927387,1569.3752243304486,-4.541342862290094,-192.22638751634443,13.552312471668486,2,34.0,1.757660811385832,stop
2020-02-13 03:00:00,2020-02-19 13:30:00,LONG,1578.915738152439,1603.4539368017781,24.538198649339165,2363.9941314197176,19.42301240306323,4,98.5,2.020159101621612,stop
2020-02-20 11:30:00,2020-02-23 23:30:00,LONG,1625.2518990173405,1666.9959999999999,41.74410098265935,3528.5423755831266,16.985336475695053,4,34.0,2.51259994727267,stop
2020-02-27 02:00:00,2020-02-27 17:30:00,LONG,1654.2686337837335,1639.0745262705345,-15.194107513199015,-332.6729371294945,10.82277994489252,1,15.5,1.8011276902495186,stop
2020-03-03 15:30:00,2020-03-06 13:30:00,LONG,1648.94737427788,1668.6516812328903,19.704306955010225,753.9992639262547,7.730032807717419,4,67.0,1.781192180690222,stop
2020-03-11 04:30:00,2020-03-11 14:30:00,LONG,1666.341530013592,1652.852358633409,-13.489171380183052,-306.8947687469335,11.229907771503017,1,10.0,1.644267307099125,stop
2020-03-13 15:30:00,2020-03-15 22:00:00,SHORT,1523.936656754219,1565.948,-42.01134324578106,-241.3780542015175,2.8608553815061586,1,5.5,1.9857966227434183,stop
2020-03-16 10:00:00,2020-03-16 15:00:00,SHORT,1486.7403367984857,1517.8576327961548,-31.11729599766909,-285.55807387881924,3.040702087685449,2,5.0,4.207077369709484,stop
2020-03-17 09:30:00,2020-03-17 14:00:00,SHORT,1470.916,1506.3786052777798,-35.46260527777986,-126.70174573692601,3.5587773632960102,0,4.5,1.0,stop
2020-03-18 05:30:00,2020-03-20 06:00:00,SHORT,1490.2210365542953,1496.0332204158885,-5.812183861593212,-134.95655603289384,4.492424304641932,4,46.5,3.419151247090921,stop
2020-03-24 08:00:00,2020-03-30 18:00:00,LONG,1614.3845759985782,1612.7227916118597,-1.6617843867184092,-37.32429327818008,5.032169491573265,3,101.0,3.2507275753949467,stop
2020-04-01 07:00:00,2020-04-01 12:00:00,LONG,1595.452,1581.8506675341143,-13.601332465885662,-156.2484438303619,11.370690885928674,0,5.0,1.0,stop
2020-04-02 12:00:00,2020-04-07 07:30:00,LONG,1621.600741198428,1647.097445832939,25.496704634510934,1210.2474226609827,9.56690685215279,4,64.5,2.5318193873022516,stop
2020-04-09 06:30:00,2020-04-13 20:30:00,LONG,1666.6492627816333,1713.004210074481,46.35494729284778,4298.238533538166,18.62364193996325,4,37.0,7.482684310863452,stop
2020-04-14 12:00:00,2020-04-15 06:30:00,LONG,1734.5893330870765,1718.6389866895581,-15.950346397518388,-368.37431358161314,11.42221396367349,1,17.5,2.257600578724794,stop
2020-04-16 10:30:00,2020-04-16 13:00:00,LONG,1735.5473860008995,1718.7776578082503,-16.769728192649154,-463.4284190553751,13.67470796186676,1,2.5,2.2048175295521206,stop
2020-04-20 15:00:00,2020-04-21 09:00:00,LONG,1694.512,1681.1517947210414,-13.360205278958574,-141.71024712276898,10.496895728218194,0,17.0,1.0,stop
2020-04-22 09:00:00,2020-04-24 14:00:00,LONG,1722.8578062312508,1720.12255151737,-2.7352547138807495,-145.91477138488506,9.955789286677541,4,51.0,2.0734351426207143,stop
2020-04-29 19:30:00,2020-04-30 12:30:00,LONG,1718.6627815015015,1706.6438593940218,-12.018922107479739,-262.59474861281956,10.767444071655348,1,16.0,1.2259970645168212,stop
2020-05-07 15:30:00,2020-05-08 12:30:00,LONG,1715.7564297036224,1708.733241902836,-7.023187800786445,-287.2707630212562,13.28139443581746,2,20.0,2.3931638172089906,stop
2020-05-12 13:30:00,2020-05-18 12:30:00,LONG,1719.4358910765397,1749.5005811590013,30.06469008246154,2398.552722926216,16.060648902273833,4,91.0,3.9163956689186707,stop
2020-05-19 14:00:00,2020-05-21 02:30:00,LONG,1748.3054533220416,1741.0072851658467,-7.2981681561948335,-316.8155424814563,14.10921995293659,2,34.5,1.4672261177946844,stop
2020-05-22 06:00:00,2020-05-25 01:00:00,LONG,1735.7898015060348,1726.9423785332904,-8.847422972744425,-594.0549540299243,21.919011866577296,2,18.0,2.820441874160787,stop
2020-05-28 17:30:00,2020-05-29 10:00:00,SHORT,1712.807,1727.5117167168244,-14.70471671682435,-175.85771747800015,11.846485240010727,0,15.5,1.0,stop
2020-06-01 04:00:00,2020-06-01 11:00:00,LONG,1742.0520000000001,1731.6391887994298,-10.412811200570331,-187.21655545354682,17.740917741750994,0,7.0,1.0,stop
2020-06-02 13:00:00,2020-06-02 15:30:00,LONG,1744.374,1731.9792293100493,-12.394770689950747,-249.7855382115085,19.92741186815361,0,2.5,1.0,stop
2020-06-05 10:00:00,2020-06-08 07:00:00,SHORT,1691.1750451833907,1695.6574091054367,-4.482363922046034,-278.64801518094686,11.912199214253649,4,20.0,5.776069591916644,stop
2020-06-09 06:00:00,2020-06-09 08:30:00,SHORT,1693.744,1706.7561883028643,-13.012188302864388,-174.13206936632506,13.239779218215816,0,2.5,1.0,stop
2020-06-10 11:00:00,2020-06-10 17:00:00,LONG,1724.4488496637862,1712.8186335401012,-11.630216123684932,-508.205667545254,21.524623616404426,1,6.0,2.0357709544679836,stop
2020-06-11 13:30:00,2020-06-11 19:00:00,LONG,1738.3790000000001,1725.0530196864206,-13.325980313579521,-163.89757449705615,12.171232296528506,0,5.5,1.0,stop
2020-06-12 08:00:00,2020-06-15 02:30:00,LONG,1737.5602719170881,1727.1967894928036,-10.363482424284484,-356.3438651955152,16.906792213951498,1,17.5,1.95172980293736,stop
2020-06-15 18:00:00,2020-06-16 12:30:00,LONG,1729.9207904154973,1719.7699649807414,-10.150825434755916,-252.49566922411893,12.226415738844391,1,17.5,1.4944198029317728,stop
2020-06-18 08:30:00,2020-06-18 09:30:00,LONG,1735.556812495079,1722.2026719305952,-13.354140564483714,-548.1764875572303,20.259102377732937,1,1.0,2.396947192175064,stop
2020-06-19 03:00:00,2020-06-22 07:00:00,LONG,1733.5944381891698,1743.6926227459405,10.098184556770775,1196.0839442808572,24.157981249966017,4,27.0,3.9683593113862132,stop
2020-06-23 13:00:00,2020-06-24 12:30:00,LONG,1770.2745715678775,1766.6169545075645,-3.6576170603129867,-231.52791359693046,15.03382299615774,3,22.5,2.438433162037225,stop
2020-06-26 19:30:00,2020-06-30 11:30:00,LONG,1771.478,1765.7020851373354,-5.775914862664649,-93.40330726065216,15.788480637224957,0,38.0,1.0,stop
2020-07-01 07:00:00,2020-07-01 11:30:00,LONG,1787.354,1779.0461747520344,-8.307825247965638,-202.70617609715677,23.995072121783227,0,4.5,1.0,stop
2020-07-02 14:00:00,2020-07-07 08:00:00,LONG,1781.3177891209207,1778.5222715119094,-2.7955176090113127,-118.90498227419057,13.290591870747528,2,59.0,1.8503850843289409,stop
2020-07-08 08:00:00,2020-07-09 10:30:00,LONG,1806.714685003897,1806.2490788867378,-0.46560611715926825,-64.93158108745587,24.666075650434113,3,25.5,5.348892030472896,stop
2020-07-10 08:30:00,2020-07-10 15:00:00,LONG,1807.407487569568,1799.803228474914,-7.604259094654026,-340.71862340151216,21.89916926893828,1,6.5,1.938152663698055,stop
2020-07-13 05:00:00,2020-07-13 19:30:00,LONG,1808.6767555036222,1801.3726943784052,-7.304061125217004,-586.7323865996351,26.109273709263586,2,14.5,2.483367882532975,stop
2020-07-14 14:00:00,2020-07-15 11:00:00,LONG,1810.4576954149081,1804.3547187685379,-6.10297664637028,-235.7202885093293,12.492509605472474,2,20.0,1.6256506095537757,stop
2020-07-17 09:00:00,2020-07-21 23:30:00,LONG,1808.7842358352864,1842.2170754217498,33.43283958646339,4913.349769053811,29.565685728163555,4,59.5,3.0650168278976873,stop
2020-07-22 15:30:00,2020-07-23 13:00:00,LONG,1874.072735686101,1871.3933304537786,-2.679405232322324,-135.63495493276852,11.807053502866571,3,20.5,2.3002524540481204,stop
2020-07-24 07:00:00,2020-07-28 03:00:00,LONG,1906.3343648254179,1951.711489192932,45.37712436751417,3274.7646178326654,14.496162562024528,4,42.0,2.5684914624366435,stop
2020-07-28 19:00:00,2020-07-29 14:00:00,LONG,1957.933,1941.3561699848526,-16.57683001514738,-157.3701861503703,9.413877272651257,0,18.0,1.0,stop
2020-07-31 01:30:00,2020-07-31 13:30:00,LONG,1972.3408273723849,1960.4446130640904,-11.896214308294475,-575.377791489477,15.873085033329625,2,12.0,2.3511380590053608,stop
2020-08-04 01:00:00,2020-08-06 12:30:00,LONG,1993.2574313620248,2053.9348522021087,60.67742084008387,5882.379323886875,19.451855601872193,4,57.5,4.060352999072244,stop
2020-08-10 13:30:00,2020-08-10 18:00:00,LONG,2047.77,2025.7284527770983,-22.041547222901727,-353.68342461180123,15.944939325361155,0,4.5,1.0,stop
2020-08-18 01:30:00,2020-08-18 14:00:00,LONG,2002.0357659639847,1991.0214961010877,-11.014269862896981,-571.8325254442501,17.01740218879498,2,12.5,2.256952451547351,stop
2020-08-24 14:30:00,2020-08-26 13:30:00,SHORT,1920.012835592154,1924.6536812280428,-4.640845635888809,-178.79657274608198,9.248075050668444,3,45.0,1.7234907728932427,stop
2020-08-27 13:00:00,2020-08-27 13:30:00,LONG,1970.703,1939.5208960693199,-31.182103930680114,-341.8770058599855,10.914880003482644,0,0.5,1.0,stop
2020-08-28 08:00:00,2020-08-31 07:30:00,LONG,1962.720713249206,1954.6296751967343,-8.091038052471731,-341.8711424002595,13.766744687483202,2,22.5,2.861701370069395,stop
2020-09-01 01:30:00,2020-09-01 14:00:00,LONG,1983.3751574517207,1974.5525733679242,-8.822584083796528,-500.6083011514363,18.52201013592236,2,12.5,2.3877230537036787,stop
2020-09-04 12:30:00,2020-09-08 06:00:00,SHORT,1922.7154786409535,1934.8606852319115,-12.145206590957969,-265.361207110397,10.769348920867554,1,35.5,2.396369118792177,stop
2020-09-09 10:30:00,2020-09-09 12:30:00,SHORT,1922.4199999999998,1937.877836347583,-15.457836347583225,-218.57718579514383,14.013301648020613,0,2.0,1.0,stop
2020-09-10 12:00:00,2020-09-10 19:00:00,LONG,1956.9329430415514,1945.309613306072,-11.623329735479501,-495.731217163162,21.008533761877217,1,7.0,2.4220766700373924,stop
2020-09-11 13:00:00,2020-09-15 13:30:00,LONG,1960.2037400205934,1959.2120072815494,-0.9917327390439823,-116.04412871604471,19.540444563218788,4,46.5,2.3367220995069973,stop
2020-09-16 04:00:00,2020-09-16 14:00:00,LONG,1965.427238971628,1956.9592911592456,-8.467947812382363,-753.9814993270431,29.03967207906915,2,10.0,2.5704173714141407,stop
2020-09-18 00:00:00,2020-09-21 08:00:00,LONG,1952.9378043445097,1944.526941489103,-8.410862855406776,-345.38426656598523,20.11354434507921,1,31.0,1.336933511712209,stop
2020-09-23 03:00:00,2020-09-24 15:30:00,SHORT,1879.3082515284984,1870.8795105155916,8.428741012906812,499.84327478135026,12.142815472944553,4,35.5,2.760619654635403,stop
2020-09-25 10:00:00,2020-09-28 11:30:00,SHORT,1856.8963489636774,1865.9108634461738,-9.014514482496452,-225.24216365856628,12.255389775357115,1,24.5,1.4580616953515046,stop
2020-09-30 08:30:00,2020-09-30 12:30:00,SHORT,1883.471,1896.1528509956856,-12.681850995685636,-198.15704705554785,15.454636551479561,0,4.0,1.0,stop
2020-10-02 06:00:00,2020-10-05 03:30:00,LONG,1913.134,1895.36384831853,-17.770151681469997,-256.31625963048106,14.311227743295339,0,20.5,1.0,stop
2020-10-06 11:00:00,2020-10-06 15:30:00,LONG,1916.508,1905.9681230676715,-10.539876932328525,-289.4729756433392,27.10452353314016,0,4.5,1.0,stop
2020-10-09 02:30:00,2020-10-12 11:00:00,LONG,1919.8832556493833,1918.4587608946265,-1.424494754756779,-181.85628377750763,22.444538403310354,4,31.5,2.7667331872177283,stop
2020-10-14 13:30:00,2020-10-15 00:30:00,LONG,1912.556,1895.7390047177744,-16.816995282225662,-304.2421681365438,17.94198577477053,0,10.0,1.0,stop
2020-10-19 05:30:00,2020-10-19 14:00:00,LONG,1912.4848400056944,1904.9265224620149,-7.55831754367955,-592.7959941713126,25.513113953131967,2,8.5,2.4416418366769883,stop
2020-10-20 14:30:00,2020-10-22 02:00:00,LONG,1919.2968859606906,1914.5014648758192,-4.79542108487135,-403.99502617763363,16.187575414228803,4,33.5,2.0205427249614405,stop
2020-10-23 07:30:00,2020-10-23 14:00:00,LONG,1910.8993315473795,1902.9690073905426,-7.930324156836832,-447.53200027813443,27.60728575553895,1,6.5,1.7237065528571045,stop
2020-10-27 02:00:00,2020-10-27 08:00:00,LONG,1909.5140000000001,1901.2869388097904,-8.227061190209724,-221.7087969430164,26.49780991233066,0,6.0,1.0,stop
2020-10-28 09:00:00,2020-10-30 11:30:00,SHORT,1892.4639774906088,1878.8766695394581,13.587307951150706,1371.0229163553804,20.476310773475557,4,48.5,5.468038300983698,stop
2020-11-03 07:00:00,2020-11-03 09:30:00,SHORT,1888.87,1899.768103171842,-10.898103171842195,-221.78178613653688,20.092382059110868,0,2.5,1.0,stop
2020-11-03 23:00:00,2020-11-04 00:30:00,LONG,1914.452,1900.9106734723114,-13.541326527688625,-284.97387379306105,20.82940372896762,0,1.5,1.0,stop
2020-11-05 07:00:00,2020-11-09 11:30:00,LONG,1925.86994035248,1949.7981620469711,23.928221694491185,2189.8282542867123,18.454473268257253,4,50.5,3.6934340740288767,stop
2020-11-11 11:00:00,2020-11-12 13:30:00,SHORT,1866.4940273909106,1877.227138261846,-10.733110870935434,-476.31408760514273,14.539798268629616,2,25.5,3.6661570509836348,stop
2020-11-16 11:30:00,2020-11-16 13:30:00,SHORT,1869.4279999999999,1886.4466495671018,-17.018649567101875,-201.63444499428402,11.751183809993762,0,2.0,1.0,stop
2020-11-17 20:30:00,2020-11-18 14:30:00,SHORT,1873.8498687838055,1879.5251327840167,-5.6752640002112,-398.9138994996183,16.995992829860747,3,17.0,3.2632240755163475,stop
2020-11-19 05:30:00,2020-11-20 14:00:00,SHORT,1859.6946391734461,1871.6465435685006,-11.951904395054498,-411.3811665143757,16.96150778108476,1,31.5,1.780863790219299,stop
2020-11-23 10:30:00,2020-11-25 13:30:00,SHORT,1847.6332751700816,1815.9432074064352,31.69006776364631,3162.3694066835615,20.082317917242136,4,49.0,5.467651292485654,stop
2020-11-27 13:00:00,2020-12-01 03:00:00,SHORT,1779.707347268989,1785.4767449842536,-5.769397715264631,-519.0059611663016,17.400548494469593,4,33.0,4.5967005123715134,stop
2020-12-07 14:30:00,2020-12-09 04:00:00,LONG,1863.9133382963628,1858.5949023077035,-5.318435988659303,-257.3890576424362,15.584877870437923,2,36.5,2.3841419628559772,stop
2020-12-14 10:00:00,2020-12-14 13:30:00,SHORT,1820.677,1834.1800517829076,-13.503051782907733,-228.59484365050866,16.755403943925252,0,3.5,1.0,stop
2020-12-15 13:00:00,2020-12-16 13:00:00,LONG,1857.2182905873783,1852.383358383678,-4.8349322037004185,-434.8143149671446,21.62208744690289,3,23.0,2.3853852749585887,stop
2020-12-17 04:30:00,2020-12-21 09:30:00,LONG,1880.4004209814937,1889.1413349407692,8.740913959275531,965.1052145178497,22.58899783233569,4,51.0,3.9615027293769667,stop
2020-12-23 08:00:00,2020-12-23 12:00:00,LONG,1868.692,1859.111266415996,-9.580733584004065,-238.52010947196752,24.53725404679991,0,4.0,1.0,stop
2020-12-24 02:00:00,2020-12-24 14:00:00,LONG,1879.066,1869.6153791749355,-9.450620825064561,-263.0828822354925,27.43126717594129,0,12.0,1.0,stop
2020-12-30 14:30:00,2020-12-31 03:00:00,LONG,1893.7481079178624,1888.8800236150464,-4.868084302815987,-469.5889375141673,23.198355635181407,3,11.5,2.2593667650128166,stop
2020-12-31 20:30:00,2021-01-06 12:30:00,LONG,1912.3431341906312,1942.1387137375425,29.795579546911313,3583.0865370380184,24.21038806554203,4,61.0,4.185114570295577,stop
2021-01-07 06:30:00,2021-01-07 10:30:00,LONG,1926.728,1908.9194428973963,-17.8085571026038,-336.58782156463184,18.752918111495603,0,4.0,1.0,stop
2021-01-13 20:30:00,2021-01-14 14:00:00,SHORT,1842.2313205933992,1849.9989308105926,-7.767610217193351,-379.5868225956477,15.907032494927993,2,16.5,3.01314822269811,stop
2021-01-15 13:30:00,2021-01-18 02:00:00,SHORT,1825.5055996189312,1828.3671419172579,-2.86154229832664,-171.101913164471,14.006183972813718,3,11.5,3.740861700118921,stop
2021-01-22 11:00:00,2021-01-22 15:30:00,SHORT,1844.686261888611,1855.3879728446348,-10.701710956023817,-372.31863777367226,17.115405533851764,1,4.5,2.108808702527113,stop
2021-01-25 13:00:00,2021-01-25 15:00:00,LONG,1867.385,1852.6582382608574,-14.726761739142603,-336.3766313992752,22.626086117572687,0,2.0,1.0,stop
2021-01-26 10:30:00,2021-01-28 13:30:00,SHORT,1842.0981822714677,1847.6012722786907,-5.503090007222909,-438.26567301160406,19.23706202763076,3,49.0,2.8318388043906815,stop
2021-01-29 11:30:00,2021-01-29 17:30:00,LONG,1865.9854248088425,1850.4436080202436,-15.541816788598908,-566.0222854110652,18.00689964846005,1,6.0,2.008036154136202,stop
2021-02-02 07:00:00,2021-02-05 08:00:00,SHORT,1834.2380943298824,1806.788751303445,27.44934302643742,1942.6367884344954,14.256135744888386,4,70.0,3.34054332660799,stop
2021-02-10 07:00:00,2021-02-10 15:00:00,LONG,1849.807399193438,1837.4452072816864,-12.362191911751552,-730.9838933989921,29.152616413002942,1,8.0,2.519446068078198,stop
2021-02-11 16:30:00,2021-02-12 15:30:00,SHORT,1820.1111864818565,1824.8787799499453,-4.767593468088762,-415.18139257325254,16.72906515178886,4,22.0,2.394163094834584,stop
2021-02-15 07:30:00,2021-02-16 15:00:00,SHORT,1805.333442037279,1810.8104036049372,-5.476961567658236,-553.8708106901934,19.526690039567036,4,26.5,6.4969277908024425,stop
2021-02-17 13:00:00,2021-02-19 13:30:00,SHORT,1770.6616500948328,1779.5819693378016,-8.920319242968844,-353.55029715733104,12.940626044864542,2,46.5,2.1983679553721953,stop
2021-02-23 14:30:00,2021-02-24 21:30:00,SHORT,1794.987940384081,1805.75035360021,-10.762413216129062,-446.98253341352745,13.607917688008053,2,30.0,3.436693724148789,stop
2021-02-25 11:30:00,2021-03-01 03:00:00,SHORT,1771.0582547037397,1750.5948782618311,20.463376441908622,1236.6441732922906,12.203298012812093,4,37.5,3.338583722143423,stop
2021-03-01 17:00:00,2021-03-02 10:30:00,SHORT,1719.7712156889495,1730.79400346251,-11.022787773560594,-342.7219342840755,10.19145448786376,2,16.5,2.5873527350720784,stop
2021-03-03 08:00:00,2021-03-07 23:00:00,SHORT,1715.9335855394431,1708.6648493550465,7.26873618439663,608.248076159404,17.1997953918111,4,60.0,2.937203241635626,stop
2021-03-08 11:00:00,2021-03-09 07:30:00,SHORT,1685.34469359829,1695.6434962106975,-10.298802612407599,-308.52611312510834,14.728467040214149,1,19.5,2.0459346875248796,stop
2021-03-10 11:00:00,2021-03-10 13:30:00,SHORT,1708.701,1721.5391909238797,-12.838190923879665,-249.07081130721653,19.191489227433863,0,2.5,1.0,stop
2021-03-12 06:30:00,2021-03-12 16:30:00,SHORT,1706.4191116107684,1714.5900340454396,-8.170922434671184,-460.9210707061384,18.383334600339705,2,10.0,3.2755759898173227,stop
2021-03-17 18:30:00,2021-03-18 07:30:00,LONG,1752.8484238980718,1739.890207117932,-12.958216780139765,-468.9232158837511,17.85256513061078,1,12.0,1.606177559004098,stop
2021-03-26 11:00:00,2021-03-26 15:00:00,SHORT,1721.665,1733.6748599520138,-12.009859952013812,-244.40083127451913,20.115526618396142,0,4.0,1.0,stop
2021-03-29 06:30:00,2021-03-31 13:30:00,SHORT,1713.2052387108895,1690.1400133457332,23.065225365156266,2652.728734630191,23.199113151177475,4,53.0,4.411021039178464,stop
2021-04-05 15:00:00,2021-04-06 07:00:00,LONG,1735.429458204798,1728.2545899667775,-7.174868238020508,-512.5918021950165,23.210367984021165,2,15.0,1.658734516596882,stop
2021-04-08 05:30:00,2021-04-09 06:00:00,LONG,1749.2820895712157,1748.2812211625999,-1.0008684086158155,-174.77896523574518,36.6146288048782,3,23.5,3.944561390932006,stop
2021-04-12 11:00:00,2021-04-12 13:30:00,LONG,1743.9950000000001,1733.3872740059558,-10.607725994044358,-334.2082522281034,31.095717588380868,0,2.5,1.0,stop
2021-04-13 13:30:00,2021-04-14 13:00:00,LONG,1748.336,1738.6819834220182,-9.654016577981793,-191.41529877871375,19.544106062577015,0,22.5,1.0,stop
2021-04-15 05:00:00,2021-04-19 12:00:00,LONG,1748.801128840316,1777.1495165921594,28.348387751843347,5050.933355516355,35.882806105394266,4,53.0,4.4527404557563015,stop
2021-04-20 14:00:00,2021-04-22 09:00:00,LONG,1786.0752174086085,1788.0858597136164,2.0106423050078774,210.54110822719127,23.204695233452888,4,41.0,2.7704827065436186,stop
2021-04-23 01:30:00,2021-04-23 13:30:00,LONG,1791.2304910705443,1783.1779040182475,-8.052587052296758,-536.3436605169521,32.594225810544906,1,12.0,2.1982001984464437,stop
2021-04-27 12:00:00,2021-04-28 00:00:00,LONG,1785.13,1774.1724521645258,-10.957547835474315,-386.7562936850166,34.85060838834279,0,11.0,1.0,stop
2021-04-28 18:30:00,2021-04-29 06:30:00,LONG,1785.813547575246,1779.322877764827,-6.490669810419149,-526.1680827891388,26.266365568304856,2,11.0,2.187546146897211,stop
2021-05-03 06:30:00,2021-05-04 09:30:00,LONG,1787.041404350315,1783.4389875316667,-3.60241681864818,-553.6881329929113,36.4756435682657,3,26.0,4.54326740457841,stop
2021-05-05 19:30:00,2021-05-11 12:30:00,LONG,1796.6798802885523,1831.1389502175375,34.45906992898517,5184.0263129325085,30.26013911582997,4,85.0,4.658268268526408,stop
2021-05-12 12:30:00,2021-05-12 14:30:00,LONG,1840.1200000000001,1824.3126147911796,-15.807385208820506,-422.70023745996633,26.505927581543002,0,2.0,1.0,stop
2021-05-13 14:30:00,2021-05-17 13:00:00,LONG,1832.8852702908184,1844.1993497775265,11.314079486708124,1402.5602018726415,25.23026037994114,4,44.5,2.3379249158500595,stop
2021-05-19 13:30:00,2021-05-19 18:30:00,LONG,1889.28,1863.1870095176628,-26.0929904823372,-429.11918551190956,16.357997224938483,0,5.0,1.0,stop
2021-05-20 16:30:00,2021-05-21 13:30:00,LONG,1885.0332797130725,1875.8311259252807,-9.202153787791758,-487.09479524810644,25.972422244064166,1,20.0,1.7638581516434253,stop
2021-05-25 06:30:00,2021-05-26 17:30:00,LONG,1895.4667956183168,1898.4968209488864,3.030025330569515,463.2231310744109,32.6901193209394,4,34.0,2.657106493545278,stop
2021-05-28 13:30:00,2021-06-01 08:30:00,LONG,1906.7749563856203,1907.4262217419302,0.6512653563099775,59.365076107921546,26.07932946582543,4,37.0,1.7567724365589563,stop
2021-06-02 12:00:00,2021-06-03 05:30:00,LONG,1907.53,1901.770749866158,-5.759250133841988,-394.51830543846734,33.240788350713316,1,16.5,1.1199362787018008,stop
2021-06-07 17:00:00,2021-06-08 06:00:00,LONG,1899.9254632043135,1894.685861019252,-5.239602185061585,-634.3487295845716,38.967766306095285,2,12.0,2.1452796681744246,stop
2021-06-10 18:00:00,2021-06-11 09:00:00,LONG,1899.1896187557852,1893.6541831856641,-5.535435570121081,-452.8189238084982,26.37835449690136,2,14.0,1.2156482410813734,stop
2021-06-15 14:00:00,2021-06-16 17:30:00,SHORT,1856.411267006084,1863.0457365195082,-6.634469513424165,-288.4724296648098,21.181710931821943,1,26.5,2.1596553079188774,stop
2021-06-17 10:00:00,2021-06-18 07:30:00,SHORT,1787.8107902438899,1793.1198759935016,-5.309085749611768,-344.8532784938251,15.670630895744942,3,20.5,3.445143247007456,stop
2021-06-18 19:30:00,2021-06-21 08:00:00,SHORT,1761.845,1781.4476294094375,-19.60262940943744,-279.4823884535609,14.156290059315086,0,11.5,1.0,stop
2021-06-22 05:00:00,2021-06-23 13:30:00,SHORT,1779.1057525894923,1788.350149482119,-9.244396892626582,-477.5328910507008,25.34837933331534,1,31.5,2.0482512745584995,stop
2021-06-24 19:30:00,2021-06-25 07:00:00,SHORT,1773.875,1783.573244410899,-9.698244410898951,-248.15964840435348,25.223976762504353,0,10.5,1.0,stop
2021-06-28 01:00:00,2021-06-28 04:30:00,SHORT,1772.9990124116116,1781.8067748449498,-8.807762433338212,-532.1578637566769,29.6210585388327,1,3.5,2.40248024148474,stop
2021-06-29 04:00:00,2021-06-30 14:30:00,SHORT,1764.3877037201014,1765.06886698721,-0.681163267108559,-157.52251390026845,35.91634985343572,4,33.5,7.783597070195246,stop
2021-07-01 15:00:00,2021-07-02 08:00:00,SHORT,1768.896,1783.180276130867,-14.284276130867056,-263.0454521596715,18.236301757754802,0,16.0,1.0,stop
2021-07-06 07:30:00,2021-07-06 15:00:00,LONG,1809.7796602860521,1801.8954005811322,-7.884259704919941,-613.2387303567123,38.045599273984685,1,7.5,2.2269471847885227,stop
2021-07-08 07:30:00,2021-07-08 15:00:00,LONG,1810.393559501024,1800.3978302995552,-9.995729201468748,-568.7438134540787,27.959834648431443,1,7.5,2.077770970009411,stop
2021-07-09 15:00:00,2021-07-12 05:30:00,LONG,1809.595,1800.367221713291,-9.227778286709054,-228.22075401492606,24.36231377708034,0,13.5,1.0,stop
2021-07-13 00:00:00,2021-07-13 12:30:00,LONG,1812.1202040530195,1803.9510344921482,-8.169169560871296,-1014.0217391322429,40.45163609878551,2,12.5,2.647258445941679,stop
2021-07-14 06:00:00,2021-07-15 10:00:00,LONG,1822.1616379023765,1824.07274311668,1.9111052143034613,324.8652353057931,37.88283454525295,4,27.0,5.199082694076241,stop
2021-07-20 01:00:00,2021-07-20 14:30:00,LONG,1818.358214880345,1810.7831858866668,-7.575028993678188,-511.2011307398007,32.98059472789037,1,13.5,1.7699420625430315,stop
2021-07-22 03:00:00,2021-07-22 12:30:00,SHORT,1796.0778131158752,1803.883532746179,-7.805719630303884,-495.470066482871,31.041691065145518,1,9.5,2.192072541767534,stop
2021-07-23 10:00:00,2021-07-23 12:30:00,SHORT,1794.782207489016,1803.5332307814706,-8.751023292454647,-401.5549618290203,22.49349730962852,1,2.5,2.401899796524411,stop
2021-07-27 01:30:00,2021-07-27 12:00:00,SHORT,1794.915,1802.7628265900096,-7.847826590009618,-250.28184777179828,31.33290951569054,0,10.5,1.0,stop
2021-07-28 11:30:00,2021-07-28 19:00:00,SHORT,1796.46,1805.418924589827,-8.958924589826893,-245.49309498916318,26.980451652895134,0,7.5,1.0,stop
2021-07-29 08:30:00,2021-07-30 12:30:00,LONG,1826.2485036643786,1822.587478612543,-3.6610250518356224,-339.245368856233,29.389513997436715,2,27.0,2.646582678042213,stop
2021-08-02 14:00:00,2021-08-03 12:30:00,LONG,1816.0949131191744,1806.9864377913223,-9.108475327852148,-450.58148562119135,24.26793144316134,1,21.5,1.8616649593825803,stop
2021-08-04 11:00:00,2021-08-04 14:00:00,LONG,1822.3575746459544,1819.3407281604907,-3.0168464854637023,-560.4740091300579,43.659512276771025,3,3.0,4.466712832682255,stop
2021-08-05 07:30:00,2021-08-05 13:30:00,LONG,1813.98,1805.471779858574,-8.508220141425909,-339.5998724146535,39.2681808350291,0,6.0,1.0,stop
2021-08-06 05:00:00,2021-08-08 23:00:00,SHORT,1786.715942169341,1698.890275859816,87.82566630952488,14950.542532806574,34.12210307865004,4,17.0,7.219945853880568,stop
2021-08-09 14:30:00,2021-08-11 03:00:00,SHORT,1723.9932591867291,1734.368225030746,-10.37496584401697,-389.85661717617637,12.304177937827204,2,34.5,1.6600951744772536,stop
2021-08-12 12:00:00,2021-08-13 01:30:00,SHORT,1744.8141124237045,1755.7752384005144,-10.961125976809853,-689.0395146663581,30.937128230285428,1,12.5,2.019597101517194,stop
2021-08-16 13:30:00,2021-08-17 14:00:00,LONG,1790.0747540017223,1786.198220514593,-3.876533487129336,-421.26064203265645,34.559019663281745,2,23.5,2.055159539095189,stop
2021-08-19 09:00:00,2021-08-19 14:00:00,LONG,1789.7350000000001,1777.1714820534562,-12.563517946543925,-394.24216755315257,31.034093800797024,0,5.0,1.0,stop
2021-08-20 03:30:00,2021-08-20 14:30:00,LONG,1785.528,1778.9010853377995,-6.626914662200534,-313.46942221742756,46.32383262765876,0,11.0,1.0,stop
2021-08-23 10:00:00,2021-08-25 00:30:00,LONG,1796.9459472417261,1799.1494200502373,2.203472808511151,503.56911626771404,50.16945824946817,4,36.5,5.191736217735995,stop
2021-08-26 14:00:00,2021-08-27 08:00:00,LONG,1797.895987138788,1796.6587473231773,-1.237239815610792,-179.71237500655633,31.423964878844462,3,17.0,2.4103243671659174,stop
2021-08-30 00:30:00,2021-08-30 14:30:00,LONG,1821.326,1811.03192712547,-10.294072874530002,-422.069362572386,40.45106524056148,0,14.0,1.0,stop
2021-08-31 03:30:00,2021-08-31 12:30:00,LONG,1817.494544632654,1811.549657128393,-5.9448875042610325,-776.6129489870841,63.44993665703492,1,9.0,1.845446784575905,stop
2021-09-01 12:30:00,2021-09-01 15:00:00,LONG,1819.6200000000001,1808.9921600249597,-10.627839975040388,-456.3858083036401,42.384155908848214,0,2.5,1.0,stop
2021-09-02 09:30:00,2021-09-02 12:30:00,LONG,1817.1100000000001,1810.0921741044226,-7.017825895577516,-437.84028376226604,61.16945147168038,0,3.0,1.0,stop
2021-09-03 02:00:00,2021-09-07 05:00:00,LONG,1821.526841003813,1820.9641479967531,-0.5626930070598064,-227.49138231984554,59.969284072210456,4,45.0,5.79359932771593,stop
2021-09-10 17:30:00,2021-09-13 13:30:00,SHORT,1787.3339403040543,1794.4721038514792,-7.138163547424938,-349.3538348452561,23.885274312528413,1,19.0,1.2065712735195138,stop
2021-09-14 09:00:00,2021-09-14 12:30:00,SHORT,1785.7240760261639,1792.084193279796,-6.360117253632097,-526.8173195932156,40.30664631919346,1,3.5,1.9038180166997467,stop
2021-09-15 12:00:00,2021-09-15 12:30:00,LONG,1806.9550000000002,1797.7418992765506,-9.213100723449543,-438.13609724210045,46.843940870179175,0,0.5,1.0,stop
2021-09-16 05:30:00,2021-09-17 06:30:00,SHORT,1778.9557654983596,1764.111064838908,14.844700659451519,2483.327805838214,33.90509320341583,4,24.0,5.058112488604002,stop
2021-09-20 02:00:00,2021-09-20 08:30:00,SHORT,1744.6,1756.141388703624,-11.54138870362408,-298.4205013580333,25.54666306630565,0,6.5,1.0,stop
2021-09-21 06:30:00,2021-09-21 10:00:00,SHORT,1760.5,1767.6729508665592,-7.172950866559177,-271.0366564217316,37.062556739049626,0,3.5,1.0,stop
2021-09-22 18:30:00,2021-09-23 09:00:00,SHORT,1764.0505977770272,1772.8406170933197,-8.7900193162925,-285.9612823736242,15.948726504913097,1,13.5,1.6426996880714995,stop
2021-09-24 12:30:00,2021-09-27 00:30:00,SHORT,1745.1299999999999,1754.3711193964944,-9.241119396494469,-247.70011101453787,26.404110271435016,0,11.0,1.0,stop
2021-09-28 06:00:00,2021-09-29 10:00:00,SHORT,1736.0039285756332,1745.1141201586108,-9.110191582977677,-1220.9953368515653,32.812958646446376,3,27.0,4.13096154307082,stop
2021-09-30 10:30:00,2021-09-30 12:30:00,SHORT,1723.99,1734.0584930114885,-10.0684930114885,-280.8108914313988,27.50757541934721,0,2.0,1.0,stop
2021-10-04 08:30:00,2021-10-04 14:00:00,SHORT,1751.3799999999999,1759.7802321610138,-8.400232161013946,-234.82151513465269,27.49591705558193,0,5.5,1.0,stop
2021-10-08 12:30:00,2021-10-08 14:00:00,LONG,1778.8276606531094,1764.4480804572008,-14.379580195908602,-868.8606919709913,29.848359769773168,1,1.5,2.3856965795350216,stop
2021-10-11 12:30:00,2021-10-12 05:00:00,SHORT,1750.685,1759.38026322127,-8.695263221270125,-237.07080677974966,26.832342267859367,0,15.5,1.0,stop
2021-10-13 07:30:00,2021-10-13 12:30:00,LONG,1770.331232036105,1764.1845368968968,-6.146695139208077,-1250.3110948041171,49.308747693808655,3,5.0,3.1175852882587725,stop
2021-10-14 08:00:00,2021-10-15 07:30:00,LONG,1798.1913242100306,1789.1485691024232,-9.04275510760749,-675.3594425779378,36.6336182017115,1,22.5,1.9567728842585213,stop
2021-10-19 01:30:00,2021-10-19 14:00:00,LONG,1777.130518707668,1773.2935233766902,-3.836995330977743,-620.8442984820011,38.51873792414567,3,12.5,2.824431263112289,stop
2021-10-20 05:30:00,2021-10-20 13:30:00,LONG,1781.740113147978,1775.408499959136,-6.331613188842084,-1066.6709064620936,40.87417230461207,3,8.0,3.7695394493971266,stop
2021-10-22 03:00:00,2021-10-22 15:30:00,LONG,1795.4842101905697,1797.2595164050385,1.7753062144688556,321.5250124582852,40.71724780319678,4,12.5,5.5675159390269355,stop
2021-10-25 08:30:00,2021-10-26 07:30:00,LONG,1805.8748755621898,1800.388915830801,-5.485959731388903,-312.36906982476836,27.58976257088914,1,22.0,1.911979893573674,stop
2021-10-27 18:00:00,2021-10-28 14:30:00,LONG,1802.8308372662227,1794.0788511404876,-8.75198612573513,-685.6246981029586,25.567786482163037,2,19.5,1.8456908568912767,stop
2021-11-01 14:00:00,2021-11-02 14:00:00,LONG,1794.275,1788.026070166803,-6.248929833197053,-161.011261545294,25.201601167800447,0,23.0,1.0,stop
2021-11-04 12:30:00,2021-11-05 12:30:00,LONG,1795.5079088984708,1790.0314134502128,-5.476495448257992,-282.21228817269053,24.967930236914476,1,23.0,2.311573902985008,stop
2021-11-08 13:00:00,2021-11-10 18:00:00,LONG,1834.1040763823944,1847.113284420667,13.009208038272618,1818.9005900599639,28.39102564520875,4,51.0,5.007427984310329,stop
2021-11-11 07:30:00,2021-11-12 08:00:00,LONG,1860.0327461410923,1852.5420470711333,-7.490699069958964,-385.6143561459224,25.151936739670806,1,23.5,2.3740097876709383,stop
2021-11-15 13:00:00,2021-11-16 14:00:00,LONG,1872.6224835414819,1863.0846740731602,-9.537809468321711,-810.0986848410936,27.76837448091016,2,24.0,2.0968225095753206,stop
2021-11-17 07:00:00,2021-11-18 10:00:00,LONG,1862.8902560841293,1860.831262818349,-2.058993265780373,-315.6448845314347,35.04839314076645,3,26.0,2.449034301374115,stop
2021-11-19 09:30:00,2021-11-19 17:30:00,LONG,1864.365,1851.706792587141,-12.658207412858928,-356.3314611208586,27.842294598447946,0,8.0,1.0,stop
2021-11-23 16:00:00,2021-11-25 02:00:00,SHORT,1783.24,1793.5534596376842,-10.313459637684218,-151.05759795596566,14.450488469043329,0,32.0,1.0,stop
2021-11-25 15:00:00,2021-11-26 03:00:00,SHORT,1789.055,1796.0201270557625,-6.965127055762423,-243.03459451428918,34.20552406831099,0,7.0,1.0,stop
2021-11-26 16:30:00,2021-11-29 08:30:00,SHORT,1780.2171329861942,1798.5060333143788,-18.28890032818458,-428.5787326551995,11.605855887365983,1,12.0,2.0410437685662566,stop
2021-11-30 15:30:00,2021-12-01 05:30:00,SHORT,1779.8038468011587,1789.5526532917586,-9.748806490599918,-235.18257969878076,11.849413827322797,1,13.0,2.400467547759672,stop
2021-12-02 04:00:00,2021-12-02 12:30:00,SHORT,1774.7075869937887,1780.4300176097483,-5.722430615959638,-268.9113103274174,22.799022815095878,1,8.5,2.006251674355989,stop
2021-12-07 04:00:00,2021-12-07 16:00:00,SHORT,1775.048819324996,1784.9858665111324,-9.937047186136397,-633.6860585648824,31.33322298147823,1,12.0,2.37167881280279,stop
2021-12-09 11:30:00,2021-12-10 13:30:00,SHORT,1776.5834300606232,1779.1748356325645,-2.5914055719413227,-229.10291212041435,27.489435412139258,2,25.0,2.6849535590617526,stop
2021-12-14 13:00:00,2021-12-15 19:30:00,SHORT,1771.8863213181323,1770.3759645673365,1.510356750795836,180.92462988313048,27.530520883859207,4,29.5,4.4075023826983,stop
2021-12-16 14:30:00,2021-12-17 16:00:00,LONG,1801.6250684243653,1802.7016861533393,1.0766177289740426,108.39892817108259,24.61883848224859,4,24.5,1.7539462383272655,stop
2021-12-21 08:00:00,2021-12-21 15:00:00,LONG,1798.5048399130887,1790.5797375229097,-7.925102390179063,-547.8143493880401,33.81527312866041,1,7.0,1.8560351106228299,stop
2021-12-22 12:30:00,2021-12-23 14:30:00,LONG,1800.6122026792193,1801.5188343172026,0.9066316379833097,166.0270936855839,46.7266259511748,4,25.0,3.157958037683004,stop
2021-12-27 15:00:00,2021-12-28 14:00:00,LONG,1815.5711984296609,1811.671717202521,-3.8994812271398587,-576.751639567485,35.236698774557475,3,22.0,1.5618749632574418,stop
2021-12-30 14:30:00,2022-01-03 07:00:00,LONG,1813.6937510350874,1822.9147748634866,9.221023828399211,1373.0474929420539,30.427564936093788,4,38.5,2.5957992389922886,stop
2022-01-04 14:30:00,2022-01-05 19:00:00,LONG,1819.3928464966973,1816.7683947337334,-2.624451762963872,-365.731202079124,25.93422847230653,4,27.5,2.414119756530789,stop
2022-01-11 03:00:00,2022-01-13 08:30:00,LONG,1816.4781611380954,1821.2598029136288,4.781641775533444,793.9644595881541,34.62828098890445,4,51.5,3.3022526958687686,stop
2022-01-14 03:00:00,2022-01-14 11:00:00,LONG,1827.05,1820.8407052740256,-6.20929472597436,-248.88188686748433,39.19835156640819,0,8.0,1.0,stop
2022-01-17 07:00:00,2022-01-18 03:30:00,LONG,1821.4650000000001,1816.8222927696613,-4.642707230338829,-216.84185792276762,45.3387271015135,0,17.0,1.0,stop
2022-01-19 09:30:00,2022-01-21 08:00:00,LONG,1826.0003362239052,1835.8484914659637,9.84815524205851,1797.9501699216087,37.25489540589197,4,44.5,5.837013984237065,stop
2022-01-24 04:30:00,2022-01-24 14:30:00,LONG,1839.9575917027844,1834.1295796561408,-5.828012046643607,-456.5369823114459,38.025659349351464,1,10.0,1.986099297557663,stop
2022-01-25 14:30:00,2022-01-26 14:00:00,LONG,1850.6000000000001,1841.2416784694822,-9.35832153051797,-248.96342631880526,26.21130749458095,0,22.5,1.0,stop
2022-01-28 09:00:00,2022-01-28 13:00:00,SHORT,1787.3182062068277,1791.735563857499,-4.41735765067142,-401.0892916353364,29.039036575378372,2,4.0,3.827734864184147,stop
2022-02-03 07:00:00,2022-02-03 15:30:00,SHORT,1797.9268659886575,1804.0666656595902,-6.139799670932689,-1002.5770768536364,39.58187107978286,3,8.5,6.576913417345789,stop
2022-02-04 13:30:00,2022-02-04 15:00:00,SHORT,1795.286,1809.2291232847022,-13.943123284702096,-260.46944536910644,18.495147710028455,0,1.5,1.0,stop
2022-02-07 17:00:00,2022-02-08 07:30:00,LONG,1821.0807438285003,1816.1696006253028,-4.9111432031975255,-308.1240657285825,30.2905417148767,1,13.5,1.7454807376835628,stop
2022-02-09 13:00:00,2022-02-10 13:00:00,LONG,1832.9100046906815,1829.8152435262523,-3.094761164429201,-319.45901775790196,48.85051257461944,1,23.0,2.4275511056895067,stop
2022-02-11 12:00:00,2022-02-15 08:00:00,LONG,1842.7519229284796,1868.3674023379617,25.615479409482077,4369.63362406928,34.38019759318361,4,42.0,7.60598654148248,stop
2022-02-16 09:30:00,2022-02-18 01:30:00,LONG,1867.7813921658935,1889.018642540254,21.23725037436043,4665.296510432835,44.344289692191275,4,38.0,3.897411708433447,stop
2022-02-20 23:00:00,2022-02-21 01:30:00,LONG,1905.0800000000002,1892.4070970633495,-12.672902936650644,-383.8039491163701,29.954488144799633,0,2.5,1.0,stop
2022-02-21 18:00:00,2022-02-22 08:30:00,LONG,1905.9992230031644,1900.3205544370787,-5.678668566085662,-609.6574286529244,34.647489839885395,2,11.0,3.5177101252628034,stop
2022-02-23 13:00:00,2022-02-24 12:00:00,LONG,1913.5768731601386,1960.0258413322547,46.44896817211611,7426.641773760166,32.11314675470865,4,22.0,4.415540885512394,stop
2022-02-27 23:00:00,2022-02-28 07:30:00,LONG,1914.865,1895.7586426023493,-19.106357397650754,-306.9277163720087,15.947314602475007,0,8.5,1.0,stop
2022-03-01 08:00:00,2022-03-02 10:00:00,LONG,1924.350715313056,1926.727231203527,2.376515890470955,397.69030610468343,36.47671707806623,4,25.0,4.8078777533294055,stop
2022-03-03 20:00:00,2022-03-04 01:30:00,LONG,1942.9127171543814,1929.9121267095722,-13.000590444809177,-672.6283866218347,25.52555004799925,1,4.5,2.1134402551997904,stop
2022-03-04 14:00:00,2022-03-07 13:00:00,LONG,1968.7852755179924,1977.4845301197497,8.699254601757275,1027.8783149848311,24.17611521998673,4,22.0,4.798629250054532,stop
2022-03-08 06:30:00,2022-03-08 17:30:00,LONG,2038.5526463105446,2022.0784017987871,-16.474244511757433,-1178.7677022284781,17.681432948662007,3,11.0,5.570922718681059,stop
2022-03-10 11:00:00,2022-03-11 11:00:00,LONG,2006.77,1977.3556189609683,-29.414381039031696,-440.8349318618525,14.916060372898805,0,23.0,1.0,stop
2022-03-16 14:00:00,2022-03-16 19:30:00,SHORT,1904.029976848159,1925.9082072504254,-21.878230402266354,-667.7744744406871,15.140060260107324,1,5.5,2.209026465296203,stop
2022-03-22 08:00:00,2022-03-23 09:00:00,SHORT,1923.0025035053607,1927.9919833750885,-4.989479869727802,-399.91172907769584,25.753503838285916,2,24.0,3.0506260642862273,stop
2022-03-24 14:00:00,2022-03-25 13:00:00,LONG,1960.27,1949.1787177767076,-11.09128222329241,-219.48866569501948,19.542618672676998,0,22.0,1.0,stop
2022-03-31 02:30:00,2022-03-31 07:30:00,SHORT,1922.480891766616,1933.4287878619982,-10.947896095382248,-573.1445920180264,25.764179899872108,1,5.0,1.7417993395453037,stop
2022-04-01 06:30:00,2022-04-04 06:30:00,SHORT,1926.3952097780846,1928.0360359306603,-1.6408261525757553,-146.89467489174038,26.793479632318487,2,23.0,3.053558007982301,stop
2022-04-05 12:30:00,2022-04-05 15:30:00,LONG,1938.3294110160093,1924.418326546724,-13.911084469285242,-906.7509032573194,32.18605231405835,1,3.0,2.4100094184851972,stop
2022-04-07 14:30:00,2022-04-11 13:30:00,LONG,1947.8970676463068,1952.5626280211304,4.665560374823599,610.7536540210195,27.32947327264258,4,45.0,2.429090566198716,stop
2022-04-12 03:30:00,2022-04-14 09:00:00,LONG,1969.0170051310356,1968.201604670112,-0.8154004609236836,-139.55442178920484,34.61512996563945,3,51.5,4.13301375959595,stop
2022-04-17 23:30:00,2022-04-18 14:30:00,LONG,1992.2010341834148,1984.4286739032418,-7.772360280172961,-607.6791012248385,25.450309662378004,2,15.0,1.9339179322094715,stop
2022-04-25 02:00:00,2022-04-27 12:00:00,SHORT,1908.8796093670537,1903.939678419136,4.939930947917674,482.9905752954104,20.362462295426827,4,56.0,4.9932219064117245,stop
2022-04-28 03:00:00,2022-04-28 07:00:00,SHORT,1878.047888735233,1886.491728455224,-8.44383971999082,-431.21773513146627,25.015996882462364,1,4.0,1.936243953115254,stop
2022-04-29 19:00:00,2022-05-03 13:30:00,SHORT,1888.4045601618368,1867.3875027849601,21.017057376876664,1779.3466619584917,17.091799227589554,4,40.5,2.115706020427319,stop
2022-05-05 14:30:00,2022-05-06 09:00:00,SHORT,1878.0995916353277,1883.4497111012672,-5.350119465939542,-249.14940848741986,14.999640737441265,2,17.5,2.1713342624728478,stop
2022-05-09 07:00:00,2022-05-11 07:00:00,SHORT,1856.4356511898814,1847.4968125795874,8.938838610293942,1044.2281710253026,23.887623175288024,4,46.0,3.1524870477865035,stop
2022-05-12 05:30:00,2022-05-16 09:30:00,SHORT,1836.4008879690184,1807.317395008833,29.083492960185367,3864.4828318122723,26.755404749997208,4,50.0,4.310051166584888,stop
2022-05-17 18:00:00,2022-05-18 09:30:00,SHORT,1813.8558499788994,1820.4302558809634,-6.5744059020639725,-298.2183310695883,22.092191179255718,1,14.5,1.4785757406710731,stop
2022-05-19 07:00:00,2022-05-19 08:30:00,SHORT,1812.675,1821.7012063034908,-9.02620630349088,-342.6473134844454,37.38158428246927,0,1.5,1.0,stop
2022-05-23 09:30:00,2022-05-23 15:30:00,LONG,1864.66,1851.3110543509222,-13.348945649077905,-492.36699777030634,36.50151839732294,0,6.0,1.0,stop
2022-05-24 13:30:00,2022-05-25 06:00:00,LONG,1867.785,1857.1750230500468,-10.609976949953307,-348.7143365661392,32.43861249094621,0,15.5,1.0,stop
2022-05-30 03:30:00,2022-05-30 23:00:00,LONG,1860.89,1853.2308929727947,-7.659107027205437,-333.45607436784394,42.755673592458365,0,16.5,1.0,stop
2022-05-31 19:30:00,2022-06-01 12:30:00,SHORT,1834.080041685413,1841.1455059420337,-7.065464256620544,-342.21486333476525,23.632107776918478,1,16.0,1.3994099311472716,stop
2022-06-02 13:00:00,2022-06-03 09:00:00,LONG,1867.466547446012,1864.1978746358443,-3.2686728101678,-398.6896018789367,38.46120905069385,2,19.0,2.4263158312560353,stop
2022-06-06 23:00:00,2022-06-07 08:30:00,SHORT,1839.28,1846.9098433640565,-7.629843364056569,-305.8089353531465,39.358442767047784,0,9.5,1.0,stop
2022-06-08 03:30:00,2022-06-08 13:00:00,SHORT,1846.61,1855.3849714973398,-8.774971497339948,-345.4127582683539,38.745245385407934,0,9.5,1.0,stop
2022-06-09 08:00:00,2022-06-10 12:30:00,SHORT,1838.362436557252,1845.0665028139863,-6.704066256734222,-1298.4650825386595,37.63630765926061,4,27.5,4.181334486616087,stop
2022-06-13 12:00:00,2022-06-15 06:00:00,SHORT,1835.334862178347,1820.3688384003674,14.966023777979672,1390.1206410075763,18.82353964900285,4,40.0,4.144076951947945,stop
2022-06-16 10:00:00,2022-06-16 15:00:00,SHORT,1821.78,1835.964900202427,-14.184900202427116,-273.021571290457,19.05923025168427,0,5.0,1.0,stop
2022-06-17 14:00:00,2022-06-21 14:30:00,SHORT,1835.816843392946,1842.4337240293628,-6.616880636416681,-433.8087728553023,21.25404849019969,2,44.5,1.666782239790023,stop
2022-06-22 05:30:00,2022-06-22 11:00:00,SHORT,1824.835,1835.441202697845,-10.606202697844992,-345.0334451274948,32.10747599211828,0,5.5,1.0,stop
2022-06-23 01:30:00,2022-06-23 13:00:00,SHORT,1828.5684302656953,1837.1512350619223,-8.582804796227038,-774.7290239186684,29.44795579364093,2,11.5,2.689345002855968,stop
2022-06-27 14:00:00,2022-06-29 10:30:00,SHORT,1820.2539379021146,1822.2663439395026,-2.0124060373880184,-225.06737637351685,25.518930575397302,3,42.5,2.240329583849614,stop
2022-06-30 07:30:00,2022-06-30 12:30:00,SHORT,1810.9653650786274,1815.3678867884114,-4.402521709783969,-523.3021363214887,38.00978106185451,2,5.0,3.1719773097362443,stop
2022-07-01 03:00:00,2022-07-01 14:00:00,SHORT,1796.0994966375613,1800.384514744287,-4.285018106725602,-520.9650831581506,29.087826712281636,3,11.0,2.8056225259216974,stop
2022-07-05 08:00:00,2022-07-06 19:00:00,SHORT,1792.390865679216,1743.0068977730875,49.38396790612842,9133.184808630982,37.1358492632222,4,34.0,9.360958400018927,stop
2022-07-08 07:30:00,2022-07-08 14:30:00,SHORT,1733.2737218825312,1746.4654797898977,-13.191757907366537,-939.5193335794766,35.143874830773264,1,7.0,2.261379627409755,stop
2022-07-11 07:00:00,2022-07-12 01:30:00,SHORT,1734.5063748071561,1738.2989541994623,-3.792579392306152,-481.2485627481453,40.31321139867487,2,17.5,2.3905234569471685,stop
2022-07-13 00:00:00,2022-07-13 13:30:00,SHORT,1717.8329143335975,1726.0023038340858,-8.16938950048825,-964.3237599951628,38.468058005067924,2,13.5,4.568306257327668,stop
2022-07-14 06:00:00,2022-07-15 13:00:00,SHORT,1712.1968930219539,1714.2903684018281,-2.093475379874235,-302.10018379872275,26.390341337963427,4,30.0,4.8179832843062815,stop
2022-07-18 15:00:00,2022-07-19 10:00:00,SHORT,1708.047899368268,1715.7101523191254,-7.662252950857464,-370.31609061039063,23.62537568535891,1,18.0,1.1749904085023577,stop
2022-07-20 05:30:00,2022-07-21 12:00:00,SHORT,1699.1459179522078,1693.5115914761652,5.634326476042588,1200.8387234862755,44.16206819418877,4,29.5,5.163025340441849,stop
2022-07-28 08:00:00,2022-07-29 12:30:00,LONG,1758.1790902169432,1755.682297882413,-2.496792334530255,-504.6726383239909,37.4832200650949,4,27.5,3.250124661765437,stop
2022-08-01 09:30:00,2022-08-02 17:30:00,LONG,1780.8957278510002,1771.6970533735664,-9.19867447743377,-1439.2064758234933,38.31273924475021,3,31.0,3.8057425582504854,stop
2022-08-03 12:30:00,2022-08-03 14:00:00,LONG,1772.185,1757.0939070399625,-15.091092960037486,-512.3761857229953,33.640145659102735,0,1.5,1.0,stop
2022-08-04 03:00:00,2022-08-04 13:30:00,LONG,1778.6882754872668,1774.7699268047318,-3.9183486825349974,-978.2473328527784,47.55296200369898,4,10.5,3.526442286156941,stop
2022-08-08 07:00:00,2022-08-10 18:00:00,LONG,1785.7422690762253,1791.3931488585722,5.6508797823469195,1312.568438602228,48.12455969607109,4,57.0,2.7477368338251855,stop
2022-08-11 11:30:00,2022-08-11 15:00:00,LONG,1797.3874603741856,1786.4542746833247,-10.93318569086091,-1068.6135703036405,48.10027488029957,1,3.5,2.429058485137284,stop
2022-08-12 06:30:00,2022-08-15 06:30:00,LONG,1798.1637734943135,1791.3766568854917,-6.7871166088218615,-1073.2663639690165,51.3000534320845,2,23.0,2.5163688173297687,stop
2022-08-18 15:30:00,2022-08-23 08:00:00,SHORT,1752.3962135181775,1741.3651628720595,11.031050646118047,1537.293283102922,28.37630082797443,4,61.5,1.6472628516870522,stop
2022-08-25 13:30:00,2022-08-26 13:00:00,SHORT,1749.7246500811166,1753.8789539569232,-4.15430387580659,-390.87230483200426,30.01420235464254,2,22.5,1.730717542270027,stop
2022-08-29 04:30:00,2022-08-29 12:00:00,SHORT,1722.77,1731.8585397006916,-9.088539700691626,-271.3550135903286,29.403895133050366,0,7.5,1.0,stop
2022-08-30 02:00:00,2022-08-31 14:00:00,SHORT,1726.0153638711663,1721.5345175384932,4.480846332673082,845.2823505218191,39.454500110135506,4,35.0,3.003454379909246,stop
2022-09-06 12:30:00,2022-09-07 07:30:00,SHORT,1700.445741545429,1703.8974740817484,-3.4517325363194686,-471.5233068525505,32.347229639794776,3,18.0,3.5295720977297496,stop
2022-09-08 13:00:00,2022-09-09 03:00:00,SHORT,1709.5388995126286,1719.6824484987596,-10.143548986131009,-491.53152650730584,23.817860784881926,1,13.0,2.091039991870922,stop
2022-09-12 15:30:00,2022-09-13 05:00:00,LONG,1734.4,1719.932717909321,-14.467282090679191,-461.89044914633797,31.62056064085099,0,12.5,1.0,stop
2022-09-14 17:30:00,2022-09-16 10:30:00,SHORT,1690.466417386207,1666.7990164159078,23.66740097029924,3352.7185586096016,28.568542311148263,4,39.0,2.387578484061715,stop
2022-09-19 06:00:00,2022-09-19 14:30:00,SHORT,1663.2464434728809,1672.0228891214097,-8.776445648528806,-603.9890217062416,33.73695408660102,1,8.5,2.2216147596048486,stop
2022-09-20 08:00:00,2022-09-21 06:00:00,SHORT,1666.2045317194418,1670.5139194087844,-4.309387689342657,-316.4318741820402,35.281502860920604,1,21.0,1.994587406223718,stop
2022-09-23 08:00:00,2022-09-27 07:00:00,SHORT,1651.5146822770098,1639.5721615312762,11.942520745733646,1783.0033114044957,30.357981737734306,4,45.0,4.0425641506613905,stop
2022-09-28 01:00:00,2022-09-28 10:00:00,SHORT,1620.5396384045057,1629.4268062210192,-8.88716781651351,-865.3988907186529,31.791002738802064,2,9.0,2.556668056884799,stop
2022-09-29 05:00:00,2022-09-29 13:00:00,SHORT,1646.7442596623598,1656.7157394308806,-9.971479768520794,-592.6121729539819,29.202846034964107,1,8.0,2.4075179150007906,stop
2022-10-03 14:00:00,2022-10-05 08:00:00,LONG,1698.832024606343,1712.4368333398095,13.60480873346637,1680.2686294489415,25.062161193413754,4,40.0,2.3003796010523905,stop
2022-10-06 00:00:00,2022-10-06 10:30:00,LONG,1722.565,1713.0025840147584,-9.562415985241614,-371.0993707968658,38.24814060346893,0,10.5,1.0,stop
2022-10-12 00:00:00,2022-10-12 06:30:00,SHORT,1663.27,1674.5543216609146,-11.284321660914657,-330.997623477312,28.973065824094768,0,6.5,1.0,stop
2022-10-13 06:00:00,2022-10-13 09:00:00,SHORT,1667.7749999999999,1676.3693831808796,-8.594383180879731,-389.2233231549411,44.5621991953573,0,3.0,1.0,stop
2022-10-14 09:00:00,2022-10-17 10:00:00,SHORT,1650.5040091594838,1659.138999955053,-8.634990795569138,-408.6844165197105,23.194372502934545,1,24.0,2.0518086206131985,stop
2022-10-18 15:00:00,2022-10-20 05:00:00,SHORT,1639.66288955141,1633.526759025018,6.13613052639198,714.8792095115361,24.06947814817638,4,36.0,2.0757711108013512,stop
2022-10-20 19:00:00,2022-10-21 12:30:00,SHORT,1623.4818848143555,1630.8046211108178,-7.322736296462381,-360.0089618775049,24.00784367725537,1,16.5,1.5259552172774096,stop
2022-10-24 07:30:00,2022-10-25 13:00:00,SHORT,1644.943236635893,1650.6367582417035,-5.693521605810474,-401.2443820998757,22.74555187163783,2,28.5,1.7046642131949952,stop
2022-10-26 06:30:00,2022-10-26 12:30:00,LONG,1669.9527022257032,1661.718346212021,-8.234356013682145,-1096.954782522227,43.421281245014974,2,6.0,2.391716539037433,stop
2022-10-28 01:30:00,2022-10-28 07:00:00,LONG,1666.565,1654.68361205034,-11.881387949660166,-489.38506967275754,40.70953135545318,0,5.5,1.0,stop
2022-10-31 08:00:00,2022-11-01 02:30:00,SHORT,1635.3885000200303,1639.8932531688365,-4.5047531488062305,-325.7140652393456,34.80034682197209,1,17.5,2.0391462496423096,stop
2022-11-02 15:00:00,2022-11-02 18:00:00,SHORT,1647.215,1656.5245933415729,-9.309593341572963,-303.39484057560827,32.10665576907309,0,3.0,1.0,stop
2022-11-03 07:00:00,2022-11-04 01:30:00,SHORT,1624.8062421238687,1633.1419185341117,-8.335676410242968,-695.4580102202896,27.20136172036842,2,17.5,2.3200501808598717,stop
2022-11-04 13:30:00,2022-11-08 08:30:00,LONG,1674.897874237136,1667.2736847883243,-7.624189448811649,-549.614386787884,23.45514920354443,2,40.0,2.591208357238814,stop
2022-11-09 08:00:00,2022-11-09 13:00:00,LONG,1715.095,1703.4069688158056,-11.688031184194415,-464.42378926007194,39.26467406348007,0,5.0,1.0,stop
2022-11-10 13:30:00,2022-11-14 10:30:00,LONG,1747.6203524591917,1755.0480223635832,7.4276699043914505,913.5867139602796,25.266272549456428,4,43.0,3.2259235267109725,stop
2022-11-15 07:00:00,2022-11-15 14:30:00,LONG,1779.6036700342477,1770.1179816868819,-9.485688347365794,-757.4517368813435,39.20278295116931,1,7.5,2.4122819401025146,stop
2022-11-16 09:30:00,2022-11-16 18:30:00,LONG,1783.1200000000001,1770.994795782066,-12.125204217934197,-409.38919796421214,33.37809878172291,0,9.0,1.0,stop
2022-11-18 03:30:00,2022-11-18 14:00:00,LONG,1765.14,1756.3203861665957,-8.819613833404446,-407.15272224396097,45.44311058652539,0,10.5,1.0,stop
2022-11-25 03:30:00,2022-11-25 07:00:00,LONG,1759.825,1753.4357527220625,-6.389247277937557,-395.78625789908807,60.61744042631942,0,3.5,1.0,stop
2022-11-28 08:00:00,2022-11-28 13:00:00,LONG,1759.5585602386204,1751.41455907417,-8.144001164450401,-643.3215825346814,38.66579471606449,1,5.0,2.382041639485911,stop
2022-11-29 04:30:00,2022-11-29 14:30:00,LONG,1756.257712552341,1746.99620801095,-9.261504541390877,-757.518099557624,40.13764292884932,1,10.0,2.102335773810206,stop
2022-11-30 07:00:00,2022-11-30 15:00:00,LONG,1759.812305231936,1753.1665391359495,-6.645766095986573,-1045.5160026673336,51.007502939130184,2,8.0,2.2668907735578725,stop
2022-12-01 05:30:00,2022-12-02 13:30:00,LONG,1790.8024401223684,1792.7318547184416,1.9294145960732294,276.3445483325407,31.88441460670224,4,31.0,5.448538005854894,stop
2022-12-05 03:30:00,2022-12-05 07:00:00,LONG,1808.905,1798.674859117453,-10.230140882546948,-375.2857821521412,36.18907268499611,0,3.5,1.0,stop
2022-12-06 11:30:00,2022-12-06 18:30:00,LONG,1779.2,1768.1589569908751,-11.041043009124905,-381.56032234328666,34.125646599507164,0,7.0,1.0,stop
2022-12-07 08:30:00,2022-12-09 13:30:00,LONG,1785.0773917391214,1790.647824626951,5.570432887829611,1099.988184132463,40.93411182502188,4,51.0,3.6789102321746316,stop
2022-12-13 07:00:00,2022-12-14 19:00:00,LONG,1802.02854577984,1802.2344598388129,0.20591405897289405,2.5614687731605077,51.67346250741105,4,35.0,8.363556597738626,stop
2022-12-16 14:30:00,2022-12-19 15:30:00,LONG,1794.3676680266785,1788.188631263985,-6.179036762693613,-353.1522364651947,27.789596571006136,1,24.0,1.1456786565548094,stop
2022-12-20 08:00:00,2022-12-22 13:30:00,LONG,1807.7181266690168,1812.2625938169572,4.544467147940395,779.0774116107046,35.83227767880028,4,51.5,4.834683063208423,stop
2022-12-23 15:30:00,2022-12-27 14:00:00,LONG,1806.101996347914,1803.1892236950619,-2.9127726528522544,-442.6887088016844,35.640083681143594,3,21.5,1.7297254918898646,stop
2022-12-29 05:30:00,2022-12-30 10:30:00,LONG,1816.0658300570226,1813.6099856571552,-2.455844399867374,-520.8132632058488,49.16404218725579,3,28.0,2.7880123476488192,stop
2023-01-03 00:00:00,2023-01-03 11:00:00,LONG,1840.0985629811967,1832.7275632442418,-7.3709997369549,-994.750370254064,32.87996314040183,3,11.0,4.04848172793871,stop
2023-01-04 06:00:00,2023-01-04 15:00:00,LONG,1855.7632128873042,1849.9427101332874,-5.820502754016843,-901.6207546158256,37.48629393249152,3,9.0,5.458269088236539,stop
2023-01-06 03:00:00,2023-01-10 00:00:00,LONG,1855.109064180306,1867.9163076679895,12.807243487683536,2080.408195037495,32.9929113979803,4,43.0,5.340640765956633,stop
2023-01-11 05:00:00,2023-01-11 14:30:00,LONG,1882.1260516143734,1875.0177749526226,-7.108276661750779,-667.1352177434314,45.7991127295076,1,9.5,2.403668018194093,stop
2023-01-12 12:00:00,2023-01-12 13:30:00,LONG,1892.1613289256659,1880.301728675461,-11.859600250204949,-1071.4747913793467,44.51642634997783,1,1.5,2.39293249254076,stop
2023-01-13 08:00:00,2023-01-13 12:30:00,LONG,1904.66,1894.9896342044058,-9.670365795594307,-305.4762316488408,31.138108202451093,0,4.5,1.0,stop
2023-01-16 01:30:00,2023-01-16 06:30:00,LONG,1924.46,1915.1080913303465,-9.35190866965354,-286.9334710010119,30.229270106481668,0,5.0,1.0,stop
2023-01-18 08:00:00,2023-01-18 16:00:00,LONG,1917.1981117650769,1909.4150699746242,-7.783041790452671,-676.0969627012867,28.277778973513534,2,8.0,2.461880439278781,stop
2023-01-19 07:30:00,2023-01-20 14:00:00,LONG,1922.71723525135,1923.4861694608308,0.7689342094806761,92.50724284300836,32.29244870082363,4,29.5,3.8292551526141323,stop
2023-01-23 20:30:00,2023-01-24 13:30:00,LONG,1935.6518769666186,1931.2379302342142,-4.4139467324043835,-362.5474517361807,26.268051691352422,2,16.0,1.949747549170048,stop
2023-01-25 18:00:00,2023-01-26 09:00:00,LONG,1944.7335959486213,1937.4117379475128,-7.321858001108467,-340.60648612008345,22.71661581890188,1,14.0,2.1426563613844056,stop
2023-01-30 04:30:00,2023-01-30 08:00:00,LONG,1933.665,1921.3036917478646,-12.361308252135359,-374.63731577100924,29.96784882150371,0,3.5,1.0,stop
2023-01-31 15:30:00,2023-02-01 17:00:00,LONG,1930.8878529039368,1921.6425474223802,-9.24530548155667,-378.0003391252349,20.063061641965554,1,24.5,1.0,stop
2023-02-06 15:00:00,2023-02-07 15:30:00,SHORT,1867.93,1879.7169158996298,-11.786915899629776,-215.04557416691281,18.030275049863317,0,23.5,1.0,stop
2023-02-09 15:00:00,2023-02-10 08:00:00,SHORT,1864.5470173241479,1867.3228620632747,-2.7758447391267964,-197.80993590283097,16.65995304516256,3,16.0,2.5415709426856643,stop
2023-02-13 16:00:00,2023-02-14 06:30:00,SHORT,1852.7749999999999,1863.964471287916,-11.189471287916149,-233.55305348534733,20.61464719315293,0,13.5,1.0,stop
2023-02-15 06:00:00,2023-02-16 17:30:00,SHORT,1836.6569518999015,1844.0072177891043,-7.350265889202774,-657.5183710876603,21.79301269408602,3,34.5,3.612908643975795,stop
2023-02-17 07:00:00,2023-02-17 15:00:00,SHORT,1822.94,1832.3973453172603,-9.457345317260206,-239.32443959602236,24.93652480812718,0,8.0,1.0,stop
2023-02-20 17:30:00,2023-02-21 14:00:00,SHORT,1837.326441116772,1842.1430680156693,-4.8166268988973115,-482.44471513322026,32.14180877797033,2,17.5,2.9434016907064278,stop
2023-02-22 19:00:00,2023-02-27 14:00:00,SHORT,1818.587095108202,1817.1339139370407,1.4531811711613045,115.53251527915864,18.37961272875842,4,64.0,2.232377610524673,stop
2023-02-28 07:00:00,2023-02-28 14:00:00,SHORT,1810.0369965051636,1816.4885859652732,-6.451589460109517,-401.4587829794884,30.291508580407328,1,7.0,2.107131022958561,stop
2023-03-03 18:30:00,2023-03-06 11:30:00,LONG,1854.3463136326623,1848.6271516132392,-5.719162019423038,-567.940441862486,32.055362707477144,2,16.0,2.2280670885891554,stop
2023-03-07 07:00:00,2023-03-07 11:00:00,LONG,1851.685,1842.4088195077302,-9.27618049226976,-382.25948604967806,40.59602365985817,0,4.0,1.0,stop
2023-03-08 01:00:00,2023-03-08 14:30:00,SHORT,1811.965,1818.8091853957178,-6.844185395717886,-182.12183056014803,26.076316741507146,0,13.5,1.0,stop
2023-03-10 13:30:00,2023-03-14 13:30:00,LONG,1855.9017252194485,1897.2053352116036,41.30360999215509,4967.233006567182,24.166975445739226,4,47.0,5.829860104760601,stop
2023-03-15 10:00:00,2023-03-16 01:00:00,LONG,1919.2162891754456,1908.2534999734762,-10.962789201969372,-1012.5407361309705,22.691942759140098,3,14.0,3.6544560043126997,stop
2023-03-17 04:30:00,2023-03-20 08:00:00,LONG,1942.6145974801627,1996.0957716319494,53.48117415178672,7963.931275815368,29.891734061446538,4,26.5,4.223310490394743,stop
2023-03-22 14:30:00,2023-03-24 17:00:00,LONG,1967.5738823864915,1982.9838063812608,15.409923994769315,2133.9992123862817,28.053238771535472,4,48.5,4.221652501941152,stop
2023-03-28 01:00:00,2023-03-28 08:30:00,LONG,1963.44,1950.759112038021,-12.680887961979124,-480.7611609716587,37.498273317524955,0,7.5,1.0,stop
2023-03-30 12:00:00,2023-03-31 08:30:00,LONG,1979.0952724871293,1973.308118792617,-5.787153694512199,-731.6332815402426,40.8244215206511,2,19.5,2.4879660402493524,stop
2023-04-03 10:30:00,2023-04-05 14:30:00,LONG,1985.1560223352812,2017.1383566571365,31.982334321855205,4967.6107845388115,31.256267138191216,4,50.0,3.5056353294798033,stop
2023-04-11 02:00:00,2023-04-12 08:30:00,LONG,2003.923166147474,2009.4198264215236,5.4966602740496455,1180.3913502374885,44.53752133545743,4,29.5,2.9477013411075617,stop
2023-04-13 06:00:00,2023-04-14 08:00:00,LONG,2031.4679307239264,2035.1256614185947,3.6577306946683166,749.2669818935087,43.28857718756191,4,25.0,5.676591907897326,stop
2023-04-17 05:30:00,2023-04-17 12:30:00,LONG,2011.625,2000.1399657776215,-11.485034222378545,-439.89947805644454,37.84070391892909,0,7.0,1.0,stop
2023-04-26 13:00:00,2023-04-26 16:00:00,LONG,2008.48,1991.1324033732537,-17.34759662674628,-561.5933978217655,32.11381242422075,0,3.0,1.0,stop
2023-05-01 12:30:00,2023-05-01 14:00:00,LONG,2004.2150000000001,1989.7436820757805,-14.471317924219647,-521.1241638740166,35.665787752807965,0,1.5,1.0,stop
2023-05-02 14:00:00,2023-05-03 12:00:00,LONG,2009.73747006643,2009.7980875830845,0.06061751665447446,-12.895868458434858,34.102751339953485,2,21.0,2.8451972120656017,stop
2023-05-04 14:00:00,2023-05-05 09:30:00,LONG,2055.0499999999997,2037.608059901904,-17.441940098095756,-371.99123964833916,21.157576329624074,0,18.5,1.0,stop
2023-05-08 02:00:00,2023-05-10 05:30:00,LONG,2029.07500209706,2028.8395654672508,-0.23543662980910085,-85.16713136494756,39.48071419092613,4,49.5,2.0620486046858986,stop
2023-05-11 11:00:00,2023-05-11 13:30:00,LONG,2036.93,2023.46173876254,-13.468261237459956,-506.4065917472985,37.21317388832121,0,2.5,1.0,stop
2023-05-17 08:30:00,2023-05-19 04:00:00,SHORT,1977.5133240381037,1964.030025694484,13.483298343619708,2717.7278803112754,40.907155239970564,4,41.5,3.5842123552927885,stop
2023-05-22 05:30:00,2023-05-23 13:00:00,SHORT,1964.9384077699096,1967.7892152257104,-2.8508074558008047,-545.0534590597252,35.77866123584541,4,30.5,3.62680644081078,stop
2023-05-24 06:30:00,2023-05-24 12:00:00,SHORT,1971.7,1982.9791290464793,-11.279129046479284,-413.0472017657778,36.17151536553722,0,5.5,1.0,stop
2023-05-25 12:30:00,2023-05-26 05:30:00,SHORT,1941.2480732810352,1949.7450769370164,-8.497003655981189,-417.89386977979837,24.094424215998327,1,16.0,1.35459232943416,stop
2023-05-30 03:30:00,2023-05-30 08:00:00,SHORT,1935.7300314589459,1942.9307398064266,-7.200708347480713,-1086.4720618011802,49.02382148465025,2,4.5,3.8555560855651065,stop
2023-06-01 07:00:00,2023-06-01 10:30:00,SHORT,1956.62,1964.4032219921908,-7.7832219921908745,-288.989140699179,36.47368974187605,0,3.5,1.0,stop
2023-06-02 16:00:00,2023-06-05 14:00:00,SHORT,1946.7289468164142,1950.4870444447788,-3.758097628364567,-438.3674940981068,22.172820972021253,4,21.0,1.6614786354910813,stop
2023-06-07 07:00:00,2023-06-07 09:30:00,SHORT,1956.19,1964.0788237180627,-7.8888237180626675,-356.0687509781304,44.348806684729254,0,2.5,1.0,stop
2023-06-12 01:00:00,2023-06-12 08:00:00,SHORT,1956.1,1963.206979254499,-7.106979254499038,-310.41502522100274,42.833712408972644,0,7.0,1.0,stop
2023-06-13 15:00:00,2023-06-14 12:30:00,SHORT,1945.205,1954.893789046789,-9.688789046788997,-189.87323234759455,19.318069748340456,0,20.5,1.0,stop
2023-06-15 01:30:00,2023-06-15 13:00:00,SHORT,1930.6412712300498,1942.6149516149349,-11.973680384885029,-598.9368756243413,24.650285325207747,1,11.5,1.6382722605326536,stop
2023-06-16 10:30:00,2023-06-16 13:30:00,LONG,1965.17,1956.7702184801226,-8.399781519877479,-437.4378154710581,51.223537095517415,0,3.0,1.0,stop
2023-06-19 09:30:00,2023-06-20 07:30:00,SHORT,1948.5652936134088,1954.727325336086,-6.162031722677284,-485.4424794327332,38.30203955706587,1,18.5,1.7151756203471704,stop
2023-06-21 06:00:00,2023-06-21 18:00:00,SHORT,1929.272895593352,1936.3630309852172,-7.09013539186526,-864.2320103669963,39.5884530693305,2,12.0,3.159020762164089,stop
2023-06-22 12:30:00,2023-06-23 08:30:00,SHORT,1916.1386012298315,1919.5320126905165,-3.3934114606850017,-447.18981735355726,31.176858537670952,3,19.0,2.147689206018862,stop
2023-06-27 11:00:00,2023-06-27 12:00:00,SHORT,1920.52,1929.1426870503526,-8.622687050352624,-368.2475229389632,42.0244978307361,0,1.0,1.0,stop
2023-06-28 09:30:00,2023-06-29 12:00:00,SHORT,1905.2975795271734,1912.3982709202226,-7.100691393049146,-518.2850874958945,35.617583230030874,1,25.5,1.9855301103221814,stop
2023-06-30 06:00:00,2023-06-30 12:30:00,SHORT,1903.2525673391676,1910.1811036442937,-6.928536305126045,-598.6616641345294,42.13828425868141,1,6.5,2.165890321863853,stop
2023-07-03 07:30:00,2023-07-03 12:30:00,SHORT,1912.055,1919.8747539341646,-7.81975393416451,-297.08529057460055,37.323426456622485,0,5.0,1.0,stop
2023-07-05 18:00:00,2023-07-06 10:30:00,SHORT,1916.465,1924.620769645463,-8.155769645463124,-231.24741895228627,27.875342353406985,0,15.5,1.0,stop
2023-07-07 14:30:00,2023-07-10 12:00:00,LONG,1933.9750000000001,1917.2757873089067,-16.699212691093408,-484.6384930567111,28.780353449246828,0,20.5,1.0,stop
2023-07-11 06:00:00,2023-07-13 12:30:00,LONG,1938.4366979570832,1952.7305998448319,14.293901887748689,4070.841411581578,57.7510248545453,4,52.5,3.6014545800450537,stop
2023-07-17 09:30:00,2023-07-17 12:30:00,LONG,1958.96,1949.003260477361,-9.956739522639054,-462.65868856562446,45.822583372408936,0,3.0,1.0,stop
2023-07-18 03:00:00,2023-07-19 14:30:00,LONG,1969.8262570400227,1970.081455059051,0.25519801902828476,16.805546465745504,56.77739472233299,4,34.5,5.249857370497775,stop
2023-07-24 07:00:00,2023-07-24 14:30:00,LONG,1964.935,1957.72638425711,-7.208615742889833,-414.0119478298322,56.33876668955105,0,7.5,1.0,stop
2023-07-26 06:00:00,2023-07-26 13:30:00,LONG,1971.7349170339476,1965.1615227901661,-6.573394243781422,-782.4095615960989,57.97005430714733,1,7.5,1.7034212293586382,stop
2023-07-31 12:30:00,2023-08-01 02:00:00,LONG,1968.1623178011994,1960.3623116059875,-7.800006195211836,-680.0235439785001,42.63467183177762,1,12.5,2.2064729068623294,stop
2023-08-02 15:00:00,2023-08-04 12:30:00,SHORT,1929.7984019737778,1939.7131827003316,-9.914780726553772,-735.1305282424805,24.258257245255816,2,43.5,1.9321312193924267,stop
2023-08-07 05:30:00,2023-08-10 10:30:00,SHORT,1928.2855958219604,1922.5756429416865,5.709952880273931,1091.844995323711,39.602986062132196,4,74.0,3.6607214760059485,stop
2023-08-14 00:00:00,2023-08-15 14:30:00,SHORT,1905.592767322557,1908.2003316848916,-2.6075643623346423,-500.10434828839766,44.65114757857028,3,37.5,3.2699933887025683,stop
2023-08-16 17:00:00,2023-08-17 10:00:00,SHORT,1893.8487317279214,1899.2567645897893,-5.408032861867923,-640.9041004049928,38.185196371207915,2,16.0,2.2843712432060634,stop
2023-08-18 12:00:00,2023-08-21 12:00:00,SHORT,1888.266340104967,1894.462850801355,-6.196510696388032,-543.5283719857281,42.65302201359018,1,23.0,2.014404765913494,stop
2023-08-22 13:30:00,2023-08-23 01:00:00,SHORT,1890.31,1901.8729252877542,-11.562925287754297,-350.2978232093509,29.932501028259612,0,10.5,1.0,stop
2023-08-23 16:00:00,2023-08-24 12:00:00,LONG,1921.147290206465,1915.060777038965,-6.086513167500016,-463.94574259051427,37.04741411377964,1,19.0,1.0678519600725531,stop
2023-08-28 14:00:00,2023-08-29 11:00:00,LONG,1922.9327975884373,1919.3654502427037,-3.5673473457336513,-563.8190087209224,50.06365691572688,2,20.0,2.27956109667579,stop
2023-08-30 09:00:00,2023-08-31 13:30:00,LONG,1943.0561824492688,1941.4905435817402,-1.5656388675286053,-505.6141499391758,71.89621924602457,3,27.5,4.138620691266626,stop
2023-09-01 09:00:00,2023-09-01 13:30:00,LONG,1947.5000494802582,1944.144941755196,-3.3551077250622257,-745.6078964353475,70.17272643307132,2,4.5,3.597345983451135,stop
2023-09-08 12:30:00,2023-09-08 13:30:00,SHORT,1920.29,1927.7888744898257,-7.498874489825766,-352.42052146620995,46.13513704611846,0,1.0,1.0,stop
2023-09-12 05:30:00,2023-09-13 12:30:00,SHORT,1914.9574949152316,1914.5704138774004,0.3870810378311944,52.48142955349661,54.93107024032387,4,30.0,4.3197284834353145,stop
2023-09-14 07:00:00,2023-09-14 15:00:00,SHORT,1904.8850451225253,1911.0878012234655,-6.202756100940178,-590.9029295941996,46.32530001477256,1,8.0,2.0321892346948918,stop
2023-09-15 14:00:00,2023-09-18 12:30:00,LONG,1928.625,1923.5263146644659,-5.098685335534128,-206.86991208700636,39.488898232501725,0,21.5,1.0,stop
2023-09-19 09:30:00,2023-09-19 14:00:00,LONG,1935.45,1931.228338161897,-4.221661838103046,-350.0556536164584,80.257403395744,0,4.5,1.0,stop
2023-09-20 13:30:00,2023-09-20 19:30:00,LONG,1942.7100983573448,1937.164711192621,-5.5453871647237065,-540.8749551080672,47.276079357313165,1,6.0,1.9257754230234345,stop
2023-09-22 02:00:00,2023-09-25 06:00:00,LONG,1926.6041914936304,1921.3017613831587,-5.302430110471732,-643.4996560186212,58.741019332075155,1,27.0,1.9963148877241483,stop
2023-09-26 00:30:00,2023-09-28 06:00:00,SHORT,1909.6986705154795,1877.5622191189627,32.136451396516804,8345.87794275425,52.258985567526395,4,51.5,4.318273923876603,stop
2023-09-29 14:00:00,2023-10-03 08:00:00,SHORT,1849.027564489708,1828.2860053204647,20.741559169243374,2534.5637322391945,24.67261865555285,4,40.0,2.364233578983655,stop
2023-10-04 06:00:00,2023-10-04 12:00:00,SHORT,1817.97,1827.5190972814012,-9.549097281401146,-374.27491945165934,38.628461308785134,0,6.0,1.0,stop
2023-10-05 08:30:00,2023-10-06 13:00:00,SHORT,1815.5489130445335,1823.7462017374583,-8.197288692924758,-1109.965030988303,44.13052405383971,2,27.5,3.3567550919963227,stop
2023-10-12 01:30:00,2023-10-12 12:30:00,LONG,1880.6550683725532,1875.754064475138,-4.901003897415194,-975.2958290809805,63.899304327761385,2,11.0,2.2491891475040027,stop
2023-10-13 04:00:00,2023-10-15 22:00:00,LONG,1882.6801578407212,1924.337347419058,41.657189578336784,13521.810429180314,65.2263505543284,4,17.0,3.3896081939299165,stop
2023-10-17 09:00:00,2023-10-18 14:30:00,LONG,1932.0171853941492,1945.712048072843,13.694862678693653,4162.968624817425,61.67880545059808,4,28.5,4.983548178411422,stop
2023-10-19 16:30:00,2023-10-20 17:00:00,LONG,1976.1965431844508,1976.7607429572497,0.5641997727989292,65.82504448429661,35.755070669336405,4,23.5,2.4028712885150316,stop
2023-10-23 09:00:00,2023-10-24 09:00:00,LONG,1982.5,1968.159880219952,-14.340119780048099,-701.9374776886119,48.47594414624934,0,23.0,1.0,stop
2023-10-25 13:00:00,2023-10-25 15:00:00,LONG,1980.9214073954506,1969.863478510739,-11.0579288847116,-1207.856312937806,53.76408616731028,1,2.0,2.435289467260188,stop
2023-10-26 04:00:00,2023-10-26 12:30:00,LONG,1990.954084405306,1980.850892150432,-10.103192254874102,-1103.7631473121803,53.694420183119085,1,8.5,2.098463266231198,stop
2023-10-27 04:00:00,2023-10-27 12:30:00,LONG,1989.865,1978.827209705977,-11.037790294022898,-637.2306434156283,57.00864183830455,0,8.5,1.0,stop
2023-10-31 10:30:00,2023-10-31 15:00:00,LONG,2003.0150332356668,1992.2991874333384,-10.715845802328431,-1422.4389740118907,65.3043390673926,1,4.5,2.4976784964983247,stop
2023-11-01 12:00:00,2023-11-01 16:00:00,LONG,1988.8568517714355,1977.6086600341403,-11.248191737295201,-1308.0335340032307,57.2534176123769,1,4.0,2.1443904242763696,stop
2023-11-02 09:00:00,2023-11-02 15:00:00,LONG,1988.895,1980.024391970363,-8.87060802963697,-535.3045654957488,59.40826232092972,0,6.0,1.0,stop
2023-11-03 09:00:00,2023-11-03 13:00:00,LONG,1994.8078712973042,1987.1319143941805,-7.675956903123733,-1692.0462373765497,71.7337422366114,2,4.0,4.452099036132209,stop
2023-11-10 07:00:00,2023-11-13 16:30:00,SHORT,1946.891567471122,1943.7218748005278,3.1696926705942587,709.8375560996677,47.74115113636237,4,32.5,4.371491445050601,stop
2023-11-15 10:00:00,2023-11-15 13:30:00,LONG,1973.4550000000002,1965.1978034441504,-8.25719655584976,-566.7417846902831,67.49178501668779,0,3.5,1.0,stop
2023-11-16 13:30:00,2023-11-17 13:30:00,LONG,1981.9228540076103,1983.8485272904293,1.9256732828189342,522.1485593048559,60.37539742232527,4,23.0,4.343921653440182,stop
2023-11-20 23:00:00,2023-11-22 15:00:00,LONG,1989.3215671529194,1995.6079435443544,6.286376391434942,1668.1532190335336,54.779971279919636,4,39.0,3.416955053817929,stop
2023-11-24 10:00:00,2023-11-29 03:00:00,LONG,2004.1747475442774,2045.430961300351,41.25621375607375,17945.193056621996,87.40915555495611,4,59.0,6.772510671987285,stop
2023-11-29 18:30:00,2023-11-30 10:00:00,LONG,2048.1,2037.25733100335,-10.84266899664999,-656.5691824457765,59.78229723995576,0,14.5,1.0,stop
2023-12-01 08:30:00,2023-12-01 11:30:00,LONG,2047.6105116357005,2038.9604284419215,-8.650083193778983,-1386.4182513662404,78.54986864846559,1,3.0,2.311424064569214,stop
2023-12-06 07:30:00,2023-12-06 09:00:00,LONG,2034.38,2022.3854295269666,-11.994570473033491,-714.3110605166974,58.86578862466555,0,1.5,1.0,stop
2023-12-07 13:30:00,2023-12-07 14:30:00,LONG,2037.4550000000002,2025.032822741958,-12.422177258042211,-714.632902146082,56.88766266123011,0,1.0,1.0,stop
2023-12-12 14:30:00,2023-12-13 10:30:00,SHORT,1978.3107175507694,1983.190181574769,-4.879464023999617,-583.0404766812826,38.361984209860076,2,19.0,1.6335633460282435,stop
2023-12-13 23:30:00,2023-12-15 13:30:00,LONG,2040.3819287241915,2033.110783376364,-7.271145347827542,-741.146217151653,33.126168716831884,2,37.0,2.425088020636058,stop
2023-12-18 17:30:00,2023-12-20 11:00:00,LONG,2038.7401564963636,2035.0548633751955,-3.6852931211681152,-592.0363016830187,50.96784179277234,2,39.5,3.2481578547774124,stop
2023-12-21 13:30:00,2023-12-22 16:30:00,LONG,2050.333996421495,2051.7682917115385,1.4342952900433374,353.7170605350968,57.1296787412827,4,26.0,2.9429740970218314,stop
2023-12-26 20:30:00,2023-12-27 10:30:00,LONG,2068.6349999999998,2061.4110404421135,-7.223959557886246,-516.8717249543777,70.18937582307156,0,13.0,1.0,stop
2023-12-28 01:30:00,2023-12-28 08:30:00,LONG,2087.2999999999997,2076.9472099288582,-10.352790071141499,-655.6939070131456,62.48994810412836,0,7.0,1.0,stop
2024-01-02 05:00:00,2024-01-02 12:00:00,LONG,2074.126232207568,2065.9562941907266,-8.16993801684157,-1042.3429626775685,62.45360723913916,1,7.0,2.390208800946154,stop
2024-01-09 15:30:00,2024-01-10 08:00:00,SHORT,2026.7420169411741,2035.1580024954746,-8.415985554300505,-622.96861827699,36.257110103342114,1,15.5,1.5128615350862076,stop
2024-01-11 16:00:00,2024-01-11 23:00:00,SHORT,2018.19,2034.0325783783017,-15.842578378301596,-401.8475523623941,25.142848847714948,0,6.0,1.0,stop
2024-01-12 13:30:00,2024-01-12 17:00:00,LONG,2056.4199999999996,2044.4560346307048,-11.963965369294783,-553.4927182281223,45.7282139646745,0,3.5,1.0,stop
2024-01-17 14:30:00,2024-01-18 12:30:00,SHORT,2008.455385831527,2017.2430983671597,-8.787712535632636,-514.4206825262656,28.69782336994004,1,21.0,1.818829082973405,stop
2024-01-22 05:00:00,2024-01-23 05:00:00,SHORT,2020.2536860848666,2029.502238049825,-9.248551964958551,-984.3428016599511,52.22780143412095,1,23.0,2.119884686510197,stop
2024-01-24 13:00:00,2024-01-24 14:30:00,LONG,2035.9550000000002,2024.2191136277302,-11.735886372269988,-721.0077466419799,60.71191017165017,0,1.5,1.0,stop
2024-01-26 15:00:00,2024-01-28 23:00:00,SHORT,2017.835,2027.0026295760192,-9.16762957601918,-368.49529326364035,39.59067024036464,0,7.0,1.0,stop
2024-01-29 13:30:00,2024-01-29 14:30:00,LONG,2037.106,2025.4044883640709,-11.701511635929137,-709.8523378315678,59.946091314706514,0,1.0,1.0,stop
2024-01-30 06:00:00,2024-01-30 15:00:00,LONG,2040.1239462806575,2034.8962675100843,-5.22767877057322,-1128.041158944574,69.44767821091864,2,9.0,3.066056085035874,stop
2024-01-31 13:30:00,2024-01-31 19:00:00,LONG,2046.9935341634994,2042.4044700109291,-4.589064152570245,-985.8978046333664,68.81304955897114,2,5.5,4.284001861513663,stop
2024-02-01 15:30:00,2024-02-02 13:30:00,LONG,2056.107767090393,2047.0197168593106,-9.088050231082207,-614.4437552581151,33.16638363874711,1,21.0,2.3898942970823627,stop
2024-02-06 15:00:00,2024-02-08 08:00:00,LONG,2037.8387803276664,2030.7697360322888,-7.06904429537758,-717.2039121719565,49.50300432519469,1,39.0,1.3602329638450457,stop
2024-02-12 09:30:00,2024-02-12 13:00:00,SHORT,2020.645,2027.6620834854252,-7.017083485425246,-440.9516192487577,61.610517768406055,0,3.5,1.0,stop
2024-02-13 13:30:00,2024-02-14 18:00:00,SHORT,1995.435284050035,1995.8389076132116,-0.4036235631765521,-74.85068811876884,31.390592799214907,3,27.5,3.8818068495891365,stop
2024-02-16 13:30:00,2024-02-16 15:00:00,SHORT,1999.29737708916,2006.2292281892835,-6.931851100123595,-725.187436184077,51.02030603761104,1,1.5,2.427922061413595,stop
2024-02-19 15:30:00,2024-02-20 07:00:00,SHORT,2014.75,2022.0787711996775,-7.328771199677476,-411.6541301764971,55.11671453990632,0,12.0,1.0,stop
2024-02-21 03:30:00,2024-02-21 15:30:00,LONG,2030.8,2024.9493521286413,-5.85064787135866,-513.5777519222705,85.72991819093394,0,12.0,1.0,stop
2024-02-22 05:00:00,2024-02-22 13:00:00,LONG,2030.8367954668556,2026.1975512943534,-4.639244172502231,-767.2077047869193,79.68101297904866,1,8.0,2.010513881475088,stop
2024-02-23 12:30:00,2024-02-26 14:00:00,LONG,2032.8723809511864,2028.7965043599072,-4.075876591279211,-757.3372031983266,59.22420468785951,2,24.5,4.036593084461158,stop
2024-02-27 08:00:00,2024-02-27 16:00:00,LONG,2037.6100000000001,2032.3015030184472,-5.308496981552935,-490.5889456968746,90.04115214854107,0,8.0,1.0,stop
2024-02-28 13:30:00,2024-02-29 10:30:00,LONG,2036.055,2031.5642991018613,-4.490700898138812,-319.9387554907795,69.09078399327636,0,20.0,1.0,stop
2024-03-01 06:00:00,2024-03-01 08:30:00,LONG,2047.9750000000001,2041.346027032216,-6.628972967784193,-570.6032561959129,84.29687323492126,0,2.5,1.0,stop
2024-03-04 13:30:00,2024-03-07 14:00:00,LONG,2102.972579416848,2156.6510093832444,53.67842996639638,12811.154532882443,47.9078999998012,4,69.5,6.839078292693938,stop
2024-03-08 08:00:00,2024-03-08 13:30:00,LONG,2171.9023919644756,2157.729177530027,-14.17321443444871,-2594.0349584874302,60.21486622397228,2,5.5,3.477152346885651,stop
2024-03-13 10:30:00,2024-03-14 12:00:00,LONG,2171.358709558469,2166.021450527706,-5.337259030763107,-1377.1052450230818,62.25882707374688,3,24.5,4.077130453511194,stop
2024-03-15 05:30:00,2024-03-15 12:30:00,LONG,2169.4449999999997,2161.1996106285533,-8.245389371446436,-585.7795868785148,69.85717191299263,0,7.0,1.0,stop
2024-03-20 18:00:00,2024-03-21 14:00:00,LONG,2187.912601376693,2190.4278526059893,2.5152512292961546,454.5611131774183,39.198954165510415,4,19.0,4.298108426586577,stop
2024-03-26 08:00:00,2024-03-26 13:30:00,LONG,2187.197971557184,2184.187701380786,-3.0102701763976256,-1032.4125266476299,64.39959640628834,4,5.5,4.93593308605878,stop
2024-03-27 09:30:00,2024-04-01 13:30:00,LONG,2200.4772445601766,2242.692886225049,42.21564166487224,8579.43828434993,40.835371004709,4,50.0,3.5811772520918104,stop
2024-04-02 04:30:00,2024-04-03 08:00:00,LONG,2271.849140408314,2267.8076372942774,-4.041503114036459,-892.9123047951927,42.14332264854167,4,26.5,4.65195035157439,stop
2024-04-03 20:30:00,2024-04-04 12:00:00,LONG,2300.1299999999997,2285.3319827794903,-14.798017220509337,-538.8006651305328,36.06908849929425,0,14.5,1.0,stop
2024-04-05 13:30:00,2024-04-09 14:30:00,LONG,2323.6581736405765,2345.5439653611497,21.885791720573252,2970.3097186378127,27.38901098640249,4,47.0,4.223812356544629,stop
2024-04-10 04:30:00,2024-04-10 12:30:00,LONG,2356.5099999999998,2342.896189665297,-13.613810334702976,-630.9086036718766,45.87155037902459,0,8.0,1.0,stop
2024-04-11 16:30:00,2024-04-12 15:30:00,LONG,2368.9622776971646,2388.420985168242,19.45870747107756,2806.7696308438362,29.14200545336761,4,22.0,2.672110466410581,stop
2024-04-15 17:00:00,2024-04-16 07:30:00,LONG,2374.458760956573,2364.6277184848723,-9.831042471700584,-399.11605037021957,19.94375156306865,1,13.5,2.112438039611292,stop
2024-04-18 06:00:00,2024-04-19 03:00:00,LONG,2395.213758149503,2388.227931141706,-6.98582700779707,-1570.4780835988142,43.73477896066833,4,20.0,7.047806366885698,stop
2024-04-19 16:30:00,2024-04-22 03:00:00,LONG,2399.895,2372.012184143695,-27.882815856305115,-724.6982493973723,25.861007441702746,0,9.5,1.0,stop
2024-05-02 08:00:00,2024-05-03 12:30:00,SHORT,2296.6029971842718,2310.890278334957,-14.28728115068543,-1190.4530443015692,27.415995030611573,2,27.5,2.7171778988375026,stop
2024-05-09 12:30:00,2024-05-10 13:00:00,LONG,2341.9842723482457,2360.299243306604,18.314970958358117,4074.8318312387437,44.97862313046051,4,23.5,3.191791584403695,stop
2024-05-14 09:00:00,2024-05-15 12:00:00,LONG,2358.124133231996,2360.328629439269,2.2044962072732233,567.3275671432283,56.49276957445133,4,26.0,2.372919816086305,stop
2024-05-17 06:00:00,2024-05-20 12:00:00,LONG,2396.881015839049,2423.872027155199,26.99101131614998,8369.180490461591,62.46819896222467,4,29.0,5.165716934800493,stop
2024-05-28 06:00:00,2024-05-28 12:00:00,SHORT,2342.5,2355.0318004405676,-12.531800440567622,-595.9851577795313,47.03239769082369,0,6.0,1.0,stop
2024-05-29 07:30:00,2024-05-30 10:30:00,SHORT,2338.83432598988,2340.0678190964186,-1.2334931065383898,-313.19571744496335,43.81912945399045,4,26.0,2.5016021078477766,stop
2024-05-31 03:00:00,2024-05-31 12:30:00,SHORT,2339.5350000000003,2352.433082889203,-12.89808288920267,-590.2103901518383,45.26818821198122,0,9.5,1.0,stop
2024-06-04 07:30:00,2024-06-05 05:00:00,SHORT,2330.499347486019,2339.8669138664263,-9.367566380407425,-1760.2991315227584,46.0326074495243,3,20.5,3.293553083846163,stop
2024-06-06 01:00:00,2024-06-06 12:00:00,LONG,2370.6000084970983,2357.043155345444,-13.556853151654195,-1535.5001553207114,55.910157877552706,1,11.0,2.391006762578485,stop
2024-06-07 03:30:00,2024-06-07 08:00:00,LONG,2383.5175880010706,2369.3419189886617,-14.175669012408889,-1437.330857519822,50.07887981657773,1,4.5,2.218293011573693,stop
2024-06-12 13:00:00,2024-06-12 14:00:00,LONG,2340.7149999999997,2321.956520922561,-18.75847907743855,-843.4645173573083,44.631343818786775,0,1.0,1.0,stop
2024-06-13 11:30:00,2024-06-13 12:30:00,SHORT,2306.945,2322.575172473241,-15.630172473240691,-525.9857069189522,33.35319939027051,0,1.0,1.0,stop
2024-06-17 02:30:00,2024-06-18 12:30:00,SHORT,2316.7695130139814,2320.338331157205,-3.5688181432237798,-456.40304720303334,40.50990931104732,2,33.0,2.47168709602287,stop
2024-06-19 08:00:00,2024-06-19 14:00:00,LONG,2334.06,2324.6532185969904,-9.406781403009518,-747.5954508606419,78.30863819977806,0,6.0,1.0,stop
2024-06-20 13:30:00,2024-06-21 13:00:00,LONG,2357.1184461373127,2354.702298433737,-2.4161477035759162,-338.5800701267312,43.36076543370955,2,22.5,4.216111144338479,stop
2024-06-25 10:00:00,2024-06-25 13:00:00,LONG,2335.9449999999997,2323.3927412558846,-12.552258744115079,-735.1059417854285,57.91766119850569,0,3.0,1.0,stop
2024-06-26 10:00:00,2024-06-27 08:30:00,SHORT,2304.219799053318,2308.5791534968716,-4.359354443553457,-324.8797441215479,35.82425548838965,1,21.5,2.2252858347895885,stop
2024-06-28 10:00:00,2024-06-28 14:30:00,LONG,2334.975,2323.8997463572955,-11.07525364270441,-640.920425617962,57.14720736921403,0,4.5,1.0,stop
2024-07-01 10:30:00,2024-07-01 14:00:00,LONG,2335.4698376048973,2324.166157258862,-11.303680346035435,-1348.939702206895,58.75848362102002,1,3.5,2.3792791991356053,stop
2024-07-02 07:00:00,2024-07-02 13:30:00,SHORT,2324.2000000000003,2335.7350285627676,-11.535028562767366,-515.8312690268455,44.18244171769088,0,6.5,1.0,stop
2024-07-03 04:00:00,2024-07-05 12:30:00,LONG,2342.957261762953,2357.2865351800065,14.329273417053628,4747.852831364467,67.18688149959043,4,52.0,3.7586747935796083,stop
2024-07-10 06:30:00,2024-07-10 17:30:00,LONG,2379.051869251761,2370.4902034953207,-8.561665756440561,-2378.832536380173,67.93430129621527,3,11.0,3.4109750058161734,stop
2024-07-11 12:30:00,2024-07-12 12:30:00,LONG,2411.3853021971054,2397.228941065886,-14.156361131219455,-1122.1604400026356,39.15051856303167,1,23.0,2.2454131926694623,stop
2024-07-15 10:30:00,2024-07-17 14:30:00,LONG,2427.7199393552883,2461.523590311702,33.80365095641355,8908.473576093087,53.01455664156158,4,50.0,5.251527613876107,stop
2024-07-18 05:00:00,2024-07-18 13:30:00,LONG,2469.2799999999997,2458.241589936859,-11.038410063140873,-567.0929145326618,50.73108888736918,0,8.5,1.0,stop
2024-07-24 14:30:00,2024-07-24 17:30:00,LONG,2430.575,2409.058590573914,-21.51640942608583,-840.7157281237907,38.82064249815678,0,3.0,1.0,stop
2024-07-29 14:30:00,2024-07-30 13:00:00,SHORT,2376.902888017037,2392.8055496707984,-15.902661653761243,-998.5798409532296,31.054884175884485,1,21.5,2.408106598618697,stop
2024-07-31 03:00:00,2024-08-01 08:00:00,LONG,2433.209359491729,2436.858634567837,3.6492750761076422,766.514951192404,44.39350670299808,4,28.0,5.46663282094391,stop
2024-08-02 05:30:00,2024-08-02 14:30:00,LONG,2471.653771316384,2448.343088099131,-23.310683217252972,-1672.1769118047816,35.59992052043802,1,9.0,2.242762893880063,stop
2024-08-05 04:00:00,2024-08-05 09:00:00,LONG,2454.46,2420.0147865312606,-34.44521346873944,-711.9134711427912,20.584330693412344,0,5.0,1.0,stop
2024-08-06 00:30:00,2024-08-06 13:00:00,LONG,2416.1349999999998,2390.8578202775357,-25.277179722464098,-676.6003429235157,26.61980401883557,0,12.5,1.0,stop
2024-08-07 18:30:00,2024-08-08 06:00:00,SHORT,2386.1150000000002,2400.583033474612,-14.46803347461173,-398.7469220974001,27.296413496752237,0,10.5,1.0,stop
2024-08-08 18:00:00,2024-08-13 01:00:00,LONG,2436.7125311571294,2461.5084922048522,24.795961047722813,3879.7099295888793,31.542407096193507,4,52.0,1.7341166352813424,stop
2024-08-13 13:30:00,2024-08-14 02:30:00,LONG,2473.14,2455.9598275526873,-17.180172447312543,-719.172370537967,41.522240770157936,0,12.0,1.0,stop
2024-08-15 06:00:00,2024-08-15 12:30:00,LONG,2462.546594222402,2450.0144224290007,-12.532171793401176,-2170.193202865747,56.8760847588219,2,6.5,2.9980879939757443,stop
2024-08-16 07:30:00,2024-08-19 11:00:00,LONG,2475.829044670483,2488.5927157585506,12.76367108806744,3124.20374345273,49.71810165240641,4,26.5,6.408922943244906,stop
2024-08-20 07:30:00,2024-08-20 15:00:00,LONG,2522.28778674012,2508.778357852435,-13.509428887684862,-1975.62489705965,48.08243559194391,2,7.5,2.401825621463655,stop
2024-08-23 03:00:00,2024-08-26 14:00:00,LONG,2504.5816694015957,2512.740248303636,8.158578902040063,2106.9046013817388,52.92015632879787,4,34.0,3.4423386826766613,stop
2024-08-27 18:00:00,2024-08-28 02:30:00,LONG,2524.24,2514.2023876021663,-10.037612397833527,-443.75285258429625,43.60087958141896,0,7.5,1.0,stop
2024-08-29 00:00:00,2024-08-29 12:30:00,LONG,2516.957509890598,2509.475484461465,-7.482025429133046,-780.7196175472476,50.98060759840283,1,12.5,1.489900279212698,stop
2024-08-30 08:00:00,2024-08-30 14:00:00,LONG,2526.0,2510.144552511657,-15.855447488343088,-812.8781706479123,50.819345394388556,0,6.0,1.0,stop
2024-09-05 08:00:00,2024-09-05 15:00:00,LONG,2517.0900588596633,2505.8932654661185,-11.196793393544795,-1215.5782293637724,53.44707678446727,1,7.0,1.6880549107116394,stop
2024-09-06 04:00:00,2024-09-06 12:30:00,LONG,2522.382924298993,2511.252446256508,-11.130478042485265,-1770.7280031992477,78.3128319096709,1,8.5,2.0739896499168164,stop
2024-09-10 10:00:00,2024-09-11 12:30:00,LONG,2517.2821738330103,2516.4430819073577,-0.8390919256526104,-336.9584832020122,65.10696776802017,4,25.5,2.497959209534351,stop
2024-09-12 06:00:00,2024-09-16 07:00:00,LONG,2536.288491736133,2583.5251734476865,47.2366817115535,17124.47429162313,72.8070838625506,4,47.0,6.9705148606932035,stop
2024-09-18 18:00:00,2024-09-18 19:00:00,LONG,2594.725,2568.654813742056,-26.070186257943988,-988.8958477347261,37.72944755152222,0,1.0,1.0,stop
2024-09-19 09:00:00,2024-09-19 13:30:00,LONG,2590.975,2571.5434930117544,-19.431506988245474,-799.4709010756524,40.84871448865995,0,4.5,1.0,stop
2024-09-20 05:30:00,2024-09-23 07:30:00,LONG,2605.3180452164997,2616.1048202615325,10.786775045032755,4085.3523642089267,77.1492614438076,4,25.0,4.214118435279306,stop
2024-09-24 04:30:00,2024-09-24 05:30:00,LONG,2638.375,2625.236668627822,-13.138331372178072,-1025.5126028218338,77.23203873120518,0,1.0,1.0,stop
2024-09-24 18:00:00,2024-09-26 13:00:00,LONG,2669.48650327368,2665.1905858617356,-4.295917411944174,-971.9482538369319,43.27542849530072,4,41.0,2.3892453986636526,stop
2024-10-01 05:00:00,2024-10-02 05:00:00,LONG,2655.2435199572146,2648.160088818148,-7.083431139066761,-2476.961150785238,68.0537009957289,4,23.0,4.962270440753255,stop
2024-10-03 16:30:00,2024-10-04 12:30:00,LONG,2662.7704160645776,2654.5704543935663,-8.199961671011351,-631.4151457573955,37.6965991344738,1,19.0,1.0,stop
2024-10-07 09:30:00,2024-10-07 12:30:00,LONG,2656.865,2642.3894332949626,-14.475566705037181,-785.1341900160123,53.719038465023715,0,3.0,1.0,stop
2024-10-11 03:30:00,2024-10-14 12:30:00,LONG,2656.183160681776,2649.655311344284,-6.527849337491716,-1415.6527733943444,52.662916103804754,3,32.0,2.4007894841234183,stop
2024-10-15 08:00:00,2024-10-21 15:00:00,LONG,2669.0139240380063,2721.730423268969,52.716499230962654,14896.533793669336,56.72655062991981,4,99.0,2.89498326886709,stop
2024-10-22 04:00:00,2024-10-23 12:00:00,LONG,2746.683923183005,2743.483083143765,-3.20084003924012,-1240.3623353626037,73.03036475277035,4,31.0,3.423268922088602,stop
2024-10-24 05:00:00,2024-10-24 14:00:00,LONG,2733.7181796892605,2725.4697019849827,-8.248477704277775,-1761.1932005015208,69.5974335886136,2,9.0,2.1867430404546964,stop
2024-10-25 14:00:00,2024-10-28 01:00:00,LONG,2738.858738978505,2727.543642876419,-11.31509610208559,-1143.7424578078303,49.77079598142905,1,10.0,1.7281472569805052,stop
2024-10-29 01:00:00,2024-10-30 12:00:00,LONG,2762.128299154308,2773.844220516439,11.715921362130757,4586.1371026367,79.62097931870666,4,34.0,4.957460595366553,stop
2024-11-01 04:30:00,2024-11-01 14:30:00,LONG,2755.9280604784713,2742.90944484334,-13.018615635131027,-1913.0494656582125,72.49906009707755,1,10.0,1.7198355424197107,stop
2024-11-08 06:00:00,2024-11-08 14:00:00,SHORT,2686.905,2701.847901858138,-14.942901858137702,-569.6425535278854,37.76743751869904,0,8.0,1.0,stop
2024-11-11 09:00:00,2024-11-12 13:00:00,SHORT,2646.832823552881,2615.2268565730465,31.605966979834648,6560.257459165019,41.771820157447074,4,27.0,5.5510174466357185,stop
2024-11-13 15:00:00,2024-11-14 14:00:00,SHORT,2578.0769073078404,2563.380522102532,14.696385205308616,2636.9166316361457,36.37029767555094,4,22.0,2.4237693006179697,stop
2024-11-15 05:30:00,2024-11-15 13:00:00,SHORT,2559.8,2574.6159363015176,-14.815936301517468,-687.1981864915131,45.9481889088942,0,7.5,1.0,stop
2024-11-21 00:30:00,2024-11-22 14:00:00,LONG,2670.932478201968,2686.5182861360404,15.585807934072363,5256.709814102846,68.314170477264,4,36.5,2.6303365166247445,stop
2024-11-27 13:30:00,2024-11-27 15:00:00,LONG,2656.555,2635.830768308041,-20.72423169195872,-1162.6342721140907,55.72379991170158,0,1.5,1.0,stop
2024-11-29 02:00:00,2024-12-01 23:00:00,LONG,2660.955,2647.563615212412,-13.391384787587867,-788.3154995661287,58.25830186199704,0,18.0,1.0,stop
2024-12-03 13:30:00,2024-12-04 13:00:00,LONG,2653.165,2635.3740994948557,-17.790900505144236,-1033.6239283594887,57.644842101652955,0,22.5,1.0,stop
2024-12-05 14:30:00,2024-12-06 03:00:00,SHORT,2628.1870534863297,2635.6588438070244,-7.4717903206947085,-1313.1985150839494,42.834967757488286,3,11.5,3.96456305914444,stop
2024-12-09 01:00:00,2024-12-11 04:30:00,LONG,2664.711666786492,2686.8951615044366,22.18349471794454,4617.531575462433,42.00143431251356,4,49.5,2.3793831246192476,stop
2024-12-12 00:30:00,2024-12-12 01:30:00,LONG,2724.52,2706.223744599723,-18.296255400277005,-1219.9322442298458,66.17028337606543,0,1.0,1.0,stop
2024-12-17 06:00:00,2024-12-19 01:30:00,SHORT,2633.095552495146,2612.630529635175,20.46502285997076,6109.001755646861,60.27919350479902,4,41.5,5.457570560673,stop
2024-12-19 13:30:00,2024-12-20 13:30:00,SHORT,2591.6019834806652,2610.667276528507,-19.065293047841806,-1419.2624590829323,36.8825582737715,1,23.0,2.0743427544255226,stop
2024-12-23 11:00:00,2024-12-26 01:00:00,SHORT,2613.127196944576,2623.6772355595645,-10.550038614988352,-1218.1008946651841,56.787716035020864,1,33.0,1.9691967794094483,stop
2024-12-26 13:30:00,2024-12-26 15:00:00,SHORT,2623.03,2635.404351604432,-12.374351604431922,-895.3381569811311,71.5449098189034,0,1.5,1.0,stop
2024-12-27 08:30:00,2024-12-31 08:30:00,SHORT,2614.2136409216505,2616.7614140422484,-2.547773120597867,-886.9632610178284,64.65281362801305,4,46.0,3.849460606881228,stop
2025-01-02 10:00:00,2025-01-03 13:00:00,LONG,2652.7018077577804,2648.927698932123,-3.7741088256575495,-823.3451543373312,69.29157820507059,2,26.0,2.4416796325867947,stop
2025-01-07 05:00:00,2025-01-07 15:00:00,LONG,2652.7906770482937,2644.109246300029,-8.681430748264575,-2732.6804400226347,76.98618902781752,3,10.0,4.536227662475223,stop
2025-01-08 13:00:00,2025-01-08 17:30:00,LONG,2661.856589220928,2650.127579239532,-11.729009981395848,-2673.6401225344393,74.79335001282176,2,4.5,2.4291055793055554,stop
2025-01-09 06:30:00,2025-01-10 13:30:00,LONG,2674.799917793087,2669.0320488126135,-5.767868980473395,-1765.745225483946,74.06190922360078,3,30.0,2.3085259829193654,stop
2025-01-14 04:30:00,2025-01-17 10:00:00,LONG,2683.6630783957917,2703.8323554087387,20.169277012947077,7286.534892145614,72.96283817044481,4,74.5,2.9543867693106187,stop
2025-01-21 01:30:00,2025-01-23 09:00:00,LONG,2732.619696408642,2743.944988231199,11.32529182255712,3122.916729144909,56.12067288621735,4,53.5,2.2381235271112,stop
2025-01-24 00:30:00,2025-01-26 23:00:00,LONG,2772.3479099923593,2764.9700000000003,-7.3779099923590366,-3030.839930031269,80.03369285056044,4,21.5,3.7905059698574557,stop
2025-01-28 12:30:00,2025-01-29 12:00:00,LONG,2756.2471477106756,2755.7527327022567,-0.494415008418855,-280.8578335753967,81.35913331855274,4,22.5,2.3495081431123506,stop
2025-01-30 06:30:00,2025-01-31 18:00:00,LONG,2776.126001604348,2798.8753888506308,22.749387246282822,10370.228708433444,91.96160732036056,4,34.5,3.5325038925453986,stop
2025-02-03 12:30:00,2025-02-06 07:30:00,LONG,2829.1049123537505,2856.80114416639,27.696231812639326,7532.614439562006,54.78218868031473,4,64.0,3.94639797866311,stop
2025-02-07 02:00:00,2025-02-07 13:30:00,LONG,2868.54,2854.3671559324525,-14.17284406754743,-1084.1624290060406,75.74751907374176,0,11.5,1.0,stop
2025-02-10 06:00:00,2025-02-11 02:30:00,LONG,2900.363913879987,2910.255219522629,9.891305642641782,3383.9605169322494,69.80616479069938,4,19.5,2.8152107097040533,stop
2025-02-12 16:30:00,2025-02-14 13:30:00,LONG,2918.336252878718,2921.525308155465,3.18905527674724,666.004170732231,44.50329908079906,4,43.0,1.6250523473180796,stop
2025-02-18 03:00:00,2025-02-19 15:30:00,LONG,2921.9605628532313,2929.2232067489513,7.262643895719975,2790.095580629695,78.96522371304323,4,35.5,3.423989408430777,stop
2025-02-20 05:00:00,2025-02-20 13:30:00,LONG,2948.507027407295,2937.234659500687,-11.272367906607997,-1774.3185126977933,77.49897300293665,1,8.5,1.839062930150226,stop
2025-02-21 17:30:00,2025-02-25 06:30:00,LONG,2944.226686738184,2934.3819379609745,-9.844748777209588,-1080.8225859391594,53.93461502735195,1,35.0,1.590451700811074,stop
2025-03-04 08:00:00,2025-03-04 15:00:00,LONG,2918.7874500815446,2902.2103781848336,-16.577071896711004,-1783.2378344975277,53.22439652517362,1,7.0,1.8233902284173134,stop
2025-03-05 16:00:00,2025-03-06 08:00:00,LONG,2928.8849999999998,2906.2624187585125,-22.622581241487296,-920.8921110360918,40.456400847794235,0,15.0,1.0,stop
2025-03-07 08:00:00,2025-03-07 14:00:00,LONG,2920.305,2903.970184811473,-16.334815188527045,-1100.4895477167709,66.79829394888415,0,6.0,1.0,stop
2025-03-11 09:00:00,2025-03-12 13:00:00,LONG,2918.52195368613,2906.6065637800984,-11.915389906031578,-2446.676050229611,67.39009014796197,2,27.0,1.9897775638592095,stop
2025-03-13 02:30:00,2025-03-14 15:00:00,LONG,2961.299421457573,2979.968110754101,18.6686892965281,7038.4026248278,76.20333468338745,4,35.5,5.63471955786476,stop
2025-03-17 09:30:00,2025-03-19 08:30:00,LONG,3007.974783122812,3026.9739329468507,18.999149824038795,7861.257305882536,83.61638746113005,4,45.0,2.9283454931129986,stop
2025-03-20 00:00:00,2025-03-20 10:00:00,LONG,3054.0649999999996,3036.159063853863,-17.90593614613681,-1261.0491056409487,69.87994944839193,0,10.0,1.0,stop
2025-03-20 23:30:00,2025-03-21 03:00:00,LONG,3046.6899999999996,3030.755052267872,-15.934947732127512,-1413.565440848423,87.93592765612918,0,3.5,1.0,stop
2025-03-24 08:30:00,2025-03-24 14:30:00,LONG,3029.1,3012.64510220684,-16.454897793159944,-1264.7496996726309,76.21316596441667,0,6.0,1.0,stop
2025-03-25 05:00:00,2025-03-26 04:30:00,LONG,3027.8202119322964,3014.2910594812793,-13.529152451017126,-3627.348465377714,88.15486299079234,2,22.5,3.6168395478872006,stop
2025-03-27 02:30:00,2025-03-27 13:30:00,LONG,3042.4105626821815,3033.5634179087187,-8.847144773462787,-3136.9591302744266,86.75559739591299,3,11.0,5.095461939208834,stop
2025-03-28 05:30:00,2025-04-01 07:30:00,LONG,3095.2832600487563,3125.650750451342,30.367490402585645,10739.610596633429,71.19045465326475,4,48.0,3.5506845363715405,stop
2025-04-02 20:00:00,2025-04-03 10:00:00,LONG,3144.4955865846277,3114.098427053873,-30.397159530754834,-2394.8218611829448,39.166710790806476,1,13.0,2.1756830112475747,stop
2025-04-04 11:00:00,2025-04-04 12:30:00,LONG,3127.625,3083.8098822076413,-43.815117792358706,-1406.9005849877815,32.00766271709006,0,1.5,1.0,stop
2025-04-08 16:30:00,2025-04-09 02:00:00,SHORT,2978.695691934213,3010.4488914843987,-31.753199550185855,-1591.4843272524586,24.922863638942562,1,8.5,1.8119189589592608,stop
2025-04-09 14:00:00,2025-04-14 12:30:00,LONG,3126.5333253632048,3200.598985800423,74.06566043721841,9532.587544427563,25.80920905282698,4,67.5,2.748406190324907,stop
2025-04-15 03:30:00,2025-04-17 07:00:00,LONG,3247.766186477704,3320.5003100185727,72.7341235408685,19970.97459907691,55.06338908208763,4,49.5,4.29880756498224,stop
2025-04-20 22:00:00,2025-04-22 08:30:00,LONG,3372.785721198285,3443.814925059772,71.02920386148708,14015.266126475126,39.57258845408631,4,33.5,3.133314509445746,stop
2025-04-24 01:00:00,2025-04-25 03:30:00,LONG,3359.79,3328.1976880520488,-31.592311947951202,-939.2942222705633,29.600560583522466,0,25.5,1.0,stop
2025-04-28 18:00:00,2025-04-29 03:00:00,LONG,3348.54,3311.9818519757673,-36.55814802423265,-1447.5241990621894,39.44406671710941,0,8.0,1.0,stop
2025-05-05 09:30:00,2025-05-06 22:00:00,LONG,3335.570578363211,3387.9389520184777,52.36837365526662,12115.80430412697,46.44528686458919,4,34.5,3.9344136566553627,stop
2025-05-08 01:30:00,2025-05-08 05:30:00,LONG,3408.9249999999997,3368.7411810375775,-40.183818962422265,-1697.4637331159665,42.09580780773348,0,4.0,1.0,stop
2025-05-09 11:00:00,2025-05-11 22:00:00,LONG,3334.4049999999997,3308.1312307945846,-26.273769205415192,-1198.8093259392795,45.38577272392865,0,10.0,1.0,stop
2025-05-14 11:30:00,2025-05-15 09:00:00,SHORT,3188.463669101481,3166.7285388936098,21.735130207871407,4521.964694003459,41.988368614354926,4,20.5,4.2619095537045535,stop
2025-05-16 10:30:00,2025-05-18 22:00:00,SHORT,3166.748265630847,3216.1899999999996,-49.44173436915253,-3087.0049053061584,31.1085054725548,1,10.5,2.069178823915665,stop
2025-05-20 02:00:00,2025-05-20 09:00:00,SHORT,3210.815,3237.5425728175633,-26.727572817563214,-1213.5989515491642,45.16965338811104,0,7.0,1.0,stop
2025-05-20 22:00:00,2025-05-22 08:30:00,LONG,3316.24582377571,3312.8105293978256,-3.4352943778844747,-860.8751907583788,59.32497139352705,3,33.5,2.5851446672868743,stop
2025-05-23 04:00:00,2025-05-26 09:00:00,LONG,3338.546572145841,3330.6601127383988,-7.886459407442089,-2154.7595613814774,53.31940323504598,4,28.0,3.2532070229360897,stop
2025-05-27 23:00:00,2025-05-28 15:30:00,LONG,3314.7291705395687,3294.5973707549724,-20.131799784596296,-2861.36518335866,70.45337556164674,1,16.5,1.849416369615614,stop
2025-05-29 10:00:00,2025-05-30 02:30:00,LONG,3311.9362136988548,3295.383468156035,-16.552745542819594,-2486.5931647913303,49.51574033131567,2,15.5,2.169325811569941,stop
2025-06-01 22:30:00,2025-06-03 01:00:00,LONG,3336.075288241659,3364.928910783502,28.853622541842924,7407.9484079082895,51.69967185583494,4,25.5,2.8700575978902996,stop
2025-06-04 01:00:00,2025-06-04 11:00:00,LONG,3364.095,3345.4460866379573,-18.64891336204255,-1356.466959838205,72.19507236531017,0,10.0,1.0,stop
2025-06-05 09:00:00,2025-06-05 13:00:00,LONG,3393.3620333706535,3374.22218345527,-19.139849915383365,-2684.340812796573,69.48904145143325,1,4.0,2.227708174394258,stop
2025-06-06 04:30:00,2025-06-06 12:30:00,LONG,3373.97,3346.876272169399,-27.093727830600983,-1830.111830156052,67.20019534379205,0,8.0,1.0,stop
2025-06-09 16:30:00,2025-06-10 01:00:00,LONG,3337.975,3310.8115928378593,-27.16340716214063,-1710.5748644059045,62.650600866320325,0,7.5,1.0,stop
2025-06-10 13:00:00,2025-06-10 23:00:00,LONG,3346.145,3318.7741838056177,-27.370816194382314,-1789.6671245635746,65.0532180477082,0,9.0,1.0,stop
2025-06-11 22:00:00,2025-06-12 07:30:00,LONG,3370.28912201647,3345.8811089899696,-24.408013026500612,-2576.951626902403,52.413258377328205,1,9.5,1.7187277241783558,stop
2025-06-13 00:00:00,2025-06-16 06:00:00,LONG,3428.078861123961,3415.535197827489,-12.543663296472005,-2038.131556348832,53.36681668242555,2,29.0,3.051634194701294,stop
2025-06-23 15:00:00,2025-06-23 22:00:00,LONG,3388.5,3357.1548977297084,-31.34510227029159,-1520.9063239964999,48.30558627187887,0,6.0,1.0,stop
2025-06-25 12:30:00,2025-06-25 23:30:00,SHORT,3320.5550000000003,3338.0060401650207,-17.45104016502046,-996.9218353193637,56.67213683598592,0,10.0,1.0,stop
2025-06-26 12:30:00,2025-06-30 04:30:00,SHORT,3300.7646971344493,3283.817296989488,16.947400144961193,3843.99844501055,45.89465252750017,4,38.0,2.947523763444915,stop
2025-07-02 18:30:00,2025-07-03 00:30:00,LONG,3359.1858975590885,3344.6985168136202,-14.487380745468272,-2349.534746128709,80.12118860216081,1,5.0,1.7083582286253705,stop
2025-07-07 07:30:00,2025-07-07 16:00:00,SHORT,3302.1150000000002,3323.989837001534,-21.874837001533706,-1085.697571270117,49.316630016133196,0,8.5,1.0,stop
2025-07-08 09:30:00,2025-07-09 14:00:00,SHORT,3306.6677569421818,3309.063247683069,-2.3954907408874533,-627.7756808874705,60.64315367992764,3,27.5,4.18273406781709,stop
2025-07-10 13:30:00,2025-07-11 05:00:00,SHORT,3312.675,3337.3333429014197,-24.658342901419473,-1236.5059839884916,49.862443990873004,0,14.5,1.0,stop
2025-07-13 22:00:00,2025-07-14 12:30:00,LONG,3371.105,3351.1731915684063,-19.93180843159371,-1350.790640267538,67.29790416599172,0,14.5,1.0,stop
2025-07-15 03:30:00,2025-07-15 12:30:00,LONG,3361.3805762881148,3347.3850350679463,-13.995541220168434,-2692.004928738874,94.98596020127437,1,9.0,1.9143252083736866,stop
2025-07-16 04:30:00,2025-07-16 13:30:00,LONG,3338.495,3325.9005695013057,-12.594430498694237,-1123.942403570258,88.26012311155216,0,9.0,1.0,stop
2025-07-17 22:30:00,2025-07-22 06:00:00,LONG,3357.3872522740253,3384.6096690401696,27.222416766144306,12038.705244934705,89.08843039833128,4,53.5,2.488408418110907,stop
2025-07-28 13:30:00,2025-07-29 08:00:00,SHORT,3302.1000000000004,3329.453387916837,-27.35338791683671,-1350.798289131163,49.1317509947163,0,17.5,1.0,stop
2025-07-30 12:30:00,2025-07-31 05:30:00,SHORT,3292.404776296483,3300.137308623871,-7.732532327388071,-2193.28535079953,55.32638980919872,4,16.0,3.9602752650378945,stop
2025-08-01 01:30:00,2025-08-01 12:30:00,SHORT,3283.655,3305.0493293485756,-21.39432934857541,-1295.2363321838382,60.147511966492864,0,11.0,1.0,stop
2025-08-04 11:00:00,2025-08-05 09:00:00,LONG,3372.7026935692575,3364.8368521207008,-7.865841448556694,-1212.9788952217718,75.42611696686905,1,21.0,2.1953877853807175,stop
2025-08-06 14:30:00,2025-08-11 01:00:00,LONG,3392.02874893397,3374.136919441168,-17.891829492801662,-5544.701315367995,76.65063442876088,3,55.5,3.10307893788089,stop
2025-08-14 00:00:00,2025-08-14 07:30:00,LONG,3373.1899999999996,3355.1443825403594,-18.045617459640198,-1652.110640709742,90.84710180318667,0,7.5,1.0,stop
2025-08-17 23:00:00,2025-08-18 00:00:00,SHORT,3328.92,3342.295609319348,-13.37560931934786,-923.6749168716561,68.34134481450255,0,1.0,1.0,stop
2025-08-18 13:30:00,2025-08-19 10:00:00,SHORT,3333.734060400867,3343.335058963953,-9.60099856308625,-1225.6669197048802,62.68755625297173,1,19.5,1.5058375260733192,stop
2025-08-19 23:30:00,2025-08-20 11:00:00,SHORT,3314.195,3328.2767751475076,-14.081775147507415,-1167.394585482714,82.08501212925715,0,11.5,1.0,stop
2025-08-21 04:30:00,2025-08-21 12:30:00,SHORT,3331.984370597916,3343.4057528607113,-11.421382262795305,-3094.6914842008,88.86625429780523,2,8.0,3.564652081936028,stop
2025-08-22 01:30:00,2025-08-22 14:00:00,SHORT,3328.4774368299045,3338.579631437011,-10.102194607106412,-2458.794015076758,79.6587672063176,2,12.5,2.4071334465688463,stop
2025-08-25 14:30:00,2025-08-25 23:00:00,LONG,3374.6899999999996,3360.4492258108135,-14.24077418918614,-1369.9100723785807,95.25982776425953,0,7.5,1.0,stop
2025-08-26 15:00:00,2025-08-27 04:30:00,LONG,3385.933118265774,3376.6656088373134,-9.267509428460471,-1284.3395022900756,68.00837807050394,1,12.5,1.7281702691741205,stop
2025-08-27 16:30:00,2025-09-02 02:00:00,LONG,3408.601872332836,3493.927371935886,85.32549960305005,32320.933711800008,75.93356912118394,4,75.0,2.7358700711416954,stop
2025-09-02 14:00:00,2025-09-04 01:30:00,LONG,3528.373923497221,3549.0297121599783,20.65578866275746,4982.495997466654,48.7052537989915,4,33.5,1.9163690007237193,stop
2025-09-05 03:30:00,2025-09-09 15:00:00,LONG,3581.8554131134083,3632.1850257726032,50.329612659194936,18704.53123350391,74.61872480906614,4,57.5,3.7239471704924165,stop
2025-09-10 09:30:00,2025-09-11 03:30:00,LONG,3655.56,3631.8472894058755,-23.712710594124474,-1902.5969084645374,79.76438991940795,0,17.0,1.0,stop
2025-09-12 01:30:00,2025-09-15 00:00:00,LONG,3650.819908611672,3635.383990382828,-15.435918228844002,-2688.6071179281653,86.11303571369929,1,21.5,1.7624147391293636,stop
2025-09-15 12:30:00,2025-09-17 01:30:00,LONG,3670.856200107161,3677.392874016847,6.536673909686215,2604.299674025521,82.14583216610808,4,35.0,4.449700176120972,stop
2025-09-17 16:00:00,2025-09-17 18:00:00,LONG,3695.413121342355,3664.7729153725327,-30.640205969822546,-5419.852782320615,87.94120648793161,1,2.0,2.5262969867932603,stop
2025-09-19 04:00:00,2025-09-23 18:30:00,LONG,3678.340242237301,3757.1376245466804,78.79738230937937,29365.269468252638,74.7194733870438,4,60.5,2.3018011335033446,stop
2025-09-25 07:30:00,2025-09-25 13:30:00,LONG,3752.645,3730.404686620136,-22.240313379863892,-1727.744209709676,77.1992858359244,0,6.0,1.0,stop
2025-09-26 13:00:00,2025-09-30 08:00:00,LONG,3784.175153648587,3839.0257440005803,54.850590351993105,20465.42188585257,74.89003852759187,4,41.0,3.6688452821032747,stop
2025-09-30 23:00:00,2025-10-01 14:30:00,LONG,3874.285130475619,3858.766310814237,-15.518819661382167,-3237.0518964229404,68.70320831011783,2,15.5,2.6074988757324835,stop
2025-10-02 06:00:00,2025-10-02 14:00:00,LONG,3882.9272451703846,3862.0506410247945,-20.876604145590136,-5856.138049942158,92.67535104336609,2,8.0,2.286372427479456,stop
2025-10-03 07:30:00,2025-10-08 12:30:00,LONG,3889.48297510338,4031.649276207125,142.1663011037449,56497.69156308863,79.59085967114052,4,74.0,4.762850883038359,stop
2025-10-09 10:30:00,2025-10-09 14:00:00,LONG,4044.3999999999996,4013.0962588397556,-31.303741160244044,-2493.188210845394,79.29044442070594,0,3.5,1.0,stop
2025-10-10 09:00:00,2025-10-14 05:30:00,LONG,4041.9629561383185,4121.820748660249,79.85779252193015,21452.219093554995,53.858238471471495,4,42.5,3.4108480703400845,stop
2025-10-15 01:00:00,2025-10-15 09:00:00,LONG,4194.627009477166,4169.140892442458,-25.486117034708514,-2805.6828893899483,54.66798046232866,1,8.0,1.5114973916918646,stop
2025-10-16 00:00:00,2025-10-17 01:30:00,LONG,4261.991319986288,4302.624937283322,40.63361729703411,13111.747144414252,64.84925681007388,4,24.5,2.7643056143831,stop
2025-10-20 11:30:00,2025-10-21 07:30:00,LONG,4321.001873299014,4310.214381765968,-10.787491533045795,-2108.8682975209144,48.016164019206784,3,19.0,2.4418781005614365,stop
2025-10-29 18:30:00,2025-10-30 09:00:00,SHORT,3955.8016177883364,3990.8176896128875,-35.01607182455109,-2540.4234303383037,36.09471520225159,1,13.5,1.7267781659650072,stop
2025-10-31 16:00:00,2025-11-03 07:00:00,SHORT,3974.960845447149,4023.8602094241096,-48.89936397696056,-3683.8415518436727,37.53325823614508,1,13.0,1.8840875102868304,stop
2025-11-04 05:30:00,2025-11-05 05:00:00,SHORT,3955.5356784808864,3975.8643475229196,-20.328669042033198,-3291.590451337726,53.48178712217178,2,22.5,3.784432989772344,stop
2025-11-06 17:00:00,2025-11-07 09:00:00,SHORT,3969.7250000000004,4013.1914888336796,-43.46648883367925,-2362.438287335593,54.17630152123085,0,15.0,1.0,stop
2025-11-10 01:00:00,2025-11-11 15:00:00,LONG,4076.8446734514923,4115.611295652201,38.76662220070875,12881.385353887776,66.793764885914,4,37.0,2.1789541060379625,stop
2025-11-12 15:00:00,2025-11-13 14:30:00,LONG,4202.558444609806,4195.770856911303,-6.7875876985035575,-2299.9424090615316,65.86707315365605,4,22.5,3.056471381691398,stop
2025-11-19 09:30:00,2025-11-19 16:00:00,LONG,4123.073213231635,4075.361101197157,-47.712112034478196,-6284.436648617393,65.61720243322115,1,6.5,1.9275135108648933,stop
2025-11-24 18:30:00,2025-11-25 08:30:00,LONG,4136.221969302888,4110.174725552801,-26.047243750087546,-5386.448009382974,68.44128996673119,2,13.0,2.2821906820024886,stop
2025-11-26 02:00:00,2025-11-28 08:00:00,LONG,4174.4868579349,4168.113847187101,-6.373010747799526,-1893.0928005193498,72.08474988613156,3,52.0,2.3677436553304108,stop
2025-12-01 00:00:00,2025-12-02 01:00:00,LONG,4244.580097077442,4218.021299225979,-26.55879785146226,-5688.96514967434,70.90255303932845,2,24.0,2.5737082546956773,stop
2025-12-02 14:00:00,2025-12-02 15:30:00,LONG,4227.885,4181.870085536594,-46.01491446340606,-3006.8375215880064,65.14663837091452,0,1.5,1.0,stop
2025-12-03 13:30:00,2025-12-03 16:30:00,LONG,4237.59,4199.778767224592,-37.811232775407916,-3086.077279881055,81.3169179020927,0,3.0,1.0,stop
2025-12-04 16:00:00,2025-12-05 16:00:00,LONG,4233.337094137512,4210.158265693389,-23.17882844412361,-6544.858882171248,70.00948724222884,3,23.0,2.1254493317726615,stop
2025-12-09 09:00:00,2025-12-10 10:30:00,LONG,4212.810518779882,4188.729521378655,-24.08099740122725,-4199.812114072575,86.57265344735076,1,24.5,1.6783544621567925,stop
2025-12-11 00:00:00,2025-12-12 15:00:00,LONG,4272.6447174744635,4303.931487410996,31.286769936532437,10160.16040562543,65.35804951994439,4,38.0,2.992000436899417,stop
2025-12-15 05:30:00,2025-12-15 15:00:00,LONG,4343.815,4315.152920098274,-28.66207990172552,-2065.1445875084173,71.70123111090652,0,9.5,1.0,stop
2025-12-16 14:00:00,2025-12-18 14:30:00,LONG,4332.782088066755,4310.579792756908,-22.202295309846704,-3113.1212383496795,69.55981934465086,1,46.5,1.8018969450004796,stop
2025-12-19 13:00:00,2025-12-23 14:00:00,LONG,4360.237320424469,4459.392244170546,99.15492374607766,48492.650390152296,98.00561395469774,4,47.0,4.456123272654804,stop
2025-12-26 13:30:00,2025-12-29 00:00:00,LONG,4534.198350725651,4498.597758530796,-35.60059219485447,-5538.779290134362,77.4100294408403,1,9.5,2.189794650492,stop
2026-01-05 06:00:00,2026-01-07 01:30:00,LONG,4462.320855286969,4461.029727214468,-1.2911280725011238,-458.5457857463607,61.668634225316765,4,41.5,1.86511420935553,stop
2026-01-08 15:00:00,2026-01-13 20:30:00,LONG,4479.034321737686,4577.676440105608,98.6421183679222,31532.024073074554,64.0594562707492,4,74.5,2.816732096952131,stop
2026-01-18 23:00:00,2026-01-21 17:30:00,LONG,4706.85171590731,4810.047490400344,103.19577449303415,23817.007395966837,46.24671755485751,4,62.0,1.1659214848300303,stop
2026-01-22 15:00:00,2026-01-23 08:00:00,LONG,4902.27534185671,4906.800567632113,4.52522577540276,1300.1282764677085,60.06285391048952,4,16.0,2.9108630739595913,stop
2026-01-25 23:00:00,2026-01-26 19:00:00,LONG,5060.237530579098,5030.06722202352,-30.17030855557823,-6608.8241132787425,54.41545452869983,3,20.0,3.065801529633887,stop
2026-01-27 20:00:00,2026-01-29 00:00:00,LONG,5206.127599406126,5514.2,308.0724005938737,74302.26979508862,48.26759677049903,4,26.0,2.911554147540096,stop
2026-02-04 03:30:00,2026-02-04 14:30:00,LONG,5070.315,4971.030631796775,-99.2843682032244,-2983.8300703998925,30.011053872637284,0,11.0,1.0,stop
2026-02-08 23:00:00,2026-02-09 23:00:00,LONG,5056.180953318081,5004.826653898153,-51.354299419927884,-6312.622002119277,40.825919531746,2,23.0,1.6404730009235107,stop
2026-02-10 14:00:00,2026-02-11 13:30:00,LONG,5082.347324873975,5042.93712888628,-39.41019598769435,-4445.491474294543,56.150934249213904,1,22.5,1.7414166219983969,stop
2026-02-13 19:00:00,2026-02-17 00:30:00,LONG,5041.595,4958.162981857462,-83.43201814253825,-3853.9912192743695,46.1158089146669,0,25.0,1.0,stop
2026-02-18 15:00:00,2026-02-19 13:30:00,LONG,5013.487301111613,4974.291870092339,-39.19543101927411,-5310.120295331164,67.43792432360662,1,21.5,1.1781799324812496,stop
2026-02-20 06:00:00,2026-02-24 01:00:00,LONG,5071.638186388528,5186.5429560093025,114.90476962077446,45849.68878377612,79.9410349101547,4,41.0,3.6874373404508085,stop
2026-02-25 01:00:00,2026-02-25 20:30:00,LONG,5197.911313854264,5151.988633001831,-45.92268085243359,-5710.073206654326,61.934495413481095,1,19.5,2.063410902557222,stop
2026-02-27 13:00:00,2026-03-02 14:00:00,LONG,5321.292084351334,5329.605579194969,8.313494843635453,3548.026969490218,87.41679638446729,4,24.0,7.320708630486499,stop
2026-03-10 13:00:00,2026-03-10 18:00:00,LONG,5221.88,5167.937186737677,-53.9428132623234,-3720.578732025169,68.79410495860978,0,5.0,1.0,stop
2026-03-18 10:30:00,2026-03-19 13:30:00,SHORT,4922.959931671794,4584.912201522954,338.04773014883995,117990.8718611787,69.8477239167596,4,26.0,6.998013126107855,stop
2026-03-20 13:30:00,2026-03-23 11:00:00,SHORT,4514.702896845442,4340.908857225389,173.7940396200538,33313.92223980317,38.38052815886154,4,20.5,4.483234735953286,stop
2026-03-24 01:30:00,2026-03-24 23:00:00,SHORT,4322.360000000001,4498.813074798989,-176.45307479898838,-3949.199245838963,22.363273590055787,0,20.5,1.0,stop
2026-03-25 19:00:00,2026-03-27 14:30:00,SHORT,4438.196357690547,4479.595515235526,-41.39915754497906,-9179.958006017689,44.13955156241882,4,41.5,3.1448019125560176,stop
2026-03-30 18:30:00,2026-03-31 01:00:00,SHORT,4498.97,4570.42302275151,-71.4530227515097,-3736.808194834633,52.195144878916764,0,5.5,1.0,stop
2026-04-01 15:00:00,2026-04-02 01:00:00,LONG,4773.4,4718.700171654075,-54.69982834592429,-3621.5832790821532,66.03928911369961,0,9.0,1.0,stop
2026-04-07 22:00:00,2026-04-08 14:30:00,LONG,4780.649081952859,4746.3705150294045,-34.27856692345449,-6228.409949730593,60.238577651923556,2,16.5,4.3227436167178475,stop
2026-04-09 10:30:00,2026-04-10 08:30:00,LONG,4766.798357521244,4731.135765624503,-35.662591896741105,-9994.83521160665,92.9339091158464,2,21.0,2.7298411416337602,stop
2026-04-13 22:30:00,2026-04-15 06:30:00,LONG,4800.234019172559,4811.7851763042045,11.551157131645596,5752.95778792489,101.32766497597851,4,31.0,2.3021673582868396,stop
2026-04-16 00:30:00,2026-04-16 13:30:00,LONG,4833.345,4795.07219531833,-38.272804681670095,-4899.741236634432,127.55489418799199,0,13.0,1.0,stop
2026-04-17 12:00:00,2026-04-19 22:00:00,LONG,4838.241182266604,4774.485000000001,-63.75618226660299,-23398.584584655717,121.97655132671326,2,9.0,4.297490960743765,stop
2026-04-20 13:00:00,2026-04-21 05:00:00,LONG,4824.675,4787.853498620227,-36.82150137977351,-3670.4661659663843,99.30511556478542,0,15.0,1.0,stop
2026-04-23 10:00:00,2026-04-23 12:00:00,SHORT,4686.62,4736.231129916655,-49.611129916655045,-4014.057088037879,80.68273212613217,0,2.0,1.0,stop
2026-04-24 04:00:00,2026-04-24 11:00:00,SHORT,4659.285,4715.546609131941,-56.26160913194144,-4187.903168524582,74.2514838313874,0,7.0,1.0,stop
2026-04-27 14:00:00,2026-04-30 00:30:00,SHORT,4658.478493094466,4572.815076362968,85.66341673149782,44347.2297442544,103.77575792087994,4,55.5,4.31326018197556,stop
2026-05-01 05:30:00,2026-05-01 12:00:00,SHORT,4589.109675378623,4606.158307235834,-17.04863185721115,-5583.825717536194,107.99205111533851,2,6.5,2.9677951566846974,stop
2026-05-04 07:30:00,2026-05-05 12:00:00,SHORT,4554.573006955378,4570.30166088714,-15.728653931761983,-3853.6023620842316,80.71054005795952,2,27.5,2.0541142888162045,stop
2026-05-06 07:30:00,2026-05-06 12:00:00,LONG,4702.370150185231,4663.724199802346,-38.64595038288462,-13156.260856519733,112.93136076589131,2,4.5,2.948372786529106,stop
2026-05-07 06:30:00,2026-05-07 17:00:00,LONG,4750.363230867444,4698.771268162713,-51.591962704731486,-11165.706943117266,107.84587659511965,1,10.5,1.9345959225189933,stop
2026-05-08 06:00:00,2026-05-10 22:00:00,LONG,4733.945,4681.058895275032,-52.88610472496748,-4831.293777233433,91.11161007002282,0,15.0,1.0,stop
2026-05-11 13:00:00,2026-05-12 03:30:00,LONG,4746.744147621807,4719.012056902272,-27.732090719535336,-7277.723564162062,86.89168436699903,2,13.5,1.8736815838978464,stop
2026-05-12 19:30:00,2026-05-13 12:30:00,LONG,4715.855,4678.346514030419,-37.50848596958076,-3596.660869752903,95.5326828457042,0,16.0,1.0,stop
2026-05-15 04:30:00,2026-05-18 07:30:00,SHORT,4560.177716192185,4555.806968301188,4.370747890996427,1586.7124150340878,76.01476575177679,4,26.0,4.174627971741841,stop
2026-05-19 13:00:00,2026-05-20 14:30:00,SHORT,4480.393575214255,4516.836006567746,-36.442431353490974,-4591.215446953433,62.69166456040509,1,24.5,1.4407196004152323,stop
2026-05-21 05:00:00,2026-05-24 22:00:00,SHORT,4512.922486143706,4550.71,-37.78751385629403,-5913.489547446817,77.885905683593,1,28.0,1.829467775628526,stop
2026-05-26 00:00:00,2026-05-28 12:30:00,SHORT,4516.868021088636,4427.079632324778,89.78838876385817,46003.32892352599,102.69472565304314,4,58.5,2.841182042300301,stop
2026-06-01 06:30:00,2026-06-02 04:00:00,SHORT,4480.587767339572,4508.773968572349,-28.18620123277742,-7586.332603017826,89.12661008754854,2,20.5,3.4121813183147154,stop
2026-06-02 16:00:00,2026-06-04 01:00:00,SHORT,4458.94793726967,4472.872884407094,-13.92494713742417,-6738.2703261807665,95.43652080280938,4,31.0,2.736009267920737,stop
2026-06-05 01:30:00,2026-06-05 12:00:00,SHORT,4438.582059036093,4476.026933898146,-37.44487486205344,-6824.826754016869,90.70772801667347,1,10.5,1.8044858036800686,stop
2026-06-08 05:30:00,2026-06-08 13:30:00,SHORT,4291.99,4343.567304560738,-51.57730456073841,-2988.030086598756,57.776214595436244,0,8.0,1.0,stop
2026-06-09 14:00:00,2026-06-11 01:30:00,SHORT,4268.134687636732,4114.390198247056,153.74448938967635,56766.12038599268,73.93901511063551,4,33.5,3.908296133515205,stop
2026-06-17 19:00:00,2026-06-18 01:00:00,SHORT,4226.43,4328.191922456527,-101.76192245652692,-4533.470988052316,44.48857174393713,0,5.0,1.0,stop
2026-06-18 15:00:00,2026-06-19 12:30:00,SHORT,4194.214936530366,4178.38181267194,15.833123858426006,5014.463366990807,64.13536673867019,4,20.5,1.9750263341473957,stop
2026-06-23 01:30:00,2026-06-25 13:00:00,SHORT,4120.673191497843,4032.819950138777,87.85324135906558,40394.975686287915,92.16574708487614,4,57.5,3.1247670337139852,stop
2026-06-26 02:30:00,2026-06-26 09:00:00,SHORT,3990.1200000000003,4047.2604507728247,-57.14045077282435,-4399.946706278214,76.81410755178078,0,6.5,1.0,stop
2026-06-29 09:30:00,2026-06-30 06:00:00,SHORT,4000.992518475947,4001.1357430384887,-0.1432245625419455,-114.42557023771091,85.20792265788904,3,19.5,3.385110163426455,stop
2026-06-30 20:30:00,2026-07-01 11:00:00,SHORT,3989.202699966041,4007.44715155168,-18.24445158563867,-5828.460977770212,105.40979116556852,2,13.5,2.274133549689739,stop
2026-07-05 23:00:00,2026-07-06 04:30:00,LONG,4200.179999999999,4158.8092096534865,-41.37079034651288,-6622.582208214022,159.53881275041428,0,5.5,1.0,stop
2026-07-08 08:30:00,2026-07-09 06:00:00,SHORT,4043.610563076713,4092.008113753407,-48.39755067669421,-7286.289058802722,75.00418402259021,1,20.5,1.8125571168828518,stop
2026-07-13 13:30:00,2026-07-14 05:30:00,SHORT,4011.9832245653265,4030.994158316343,-19.010933751016637,-7211.174237151501,93.87870849880869,3,15.0,2.424659670970585,stop
2026-07-15 02:00:00,2026-07-15 12:30:00,SHORT,4025.0783160895917,4060.546173061113,-35.46785697152154,-7739.300199399378,108.56733798840871,1,10.5,1.7642576118583246,stop
2026-07-16 12:30:00,2026-07-17 15:00:00,SHORT,3981.944321862094,4011.455847806616,-29.511525944521964,-5364.580374031656,90.35379188620718,1,25.5,1.945367502718676,stop
2026-07-22 01:00:00,2026-07-23 01:30:00,LONG,4131.558187084119,4113.93033559649,-17.627851487628504,-7738.421421515566,144.79615922420732,2,23.5,2.240339048718964,stop
2026-07-24 02:30:00,2026-07-24 08:30:00,SHORT,4024.15,4057.3736394853954,-33.223639485395324,-4112.979283799625,123.2772966990022,0,6.0,1.0,stop
2026-07-28 01:00:00,2026-07-29 17:00:00,SHORT,4028.5603928317723,4037.6482347792466,-9.087841947474317,-4607.258738813006,124.1133884098659,3,39.0,2.637725185728358,stop
