amplitude,channelDeviation,emaFast,emaSlow,confirmWindow,signal_count,pct_confirmed,avg_confirm_bar,buy_count,buy_pct_confirmed,sell_count,sell_pct_confirmed,valid
3,1,5,50,5,2476,0.736466,1.6757,1303,0.744146,1173,0.728119,True
3,2,5,50,5,2476,0.736466,1.6757,1303,0.744146,1173,0.728119,True
3,3,5,50,5,2476,0.736466,1.6757,1303,0.744146,1173,0.728119,True
3,4,5,50,5,2476,0.736466,1.6757,1303,0.744146,1173,0.728119,True
3,5,5,50,5,2476,0.736466,1.6757,1303,0.744146,1173,0.728119,True
3,1,8,50,5,2469,0.735917,1.6748,1297,0.743266,1172,0.72795,True
3,2,8,50,5,2469,0.735917,1.6748,1297,0.743266,1172,0.72795,True
3,3,8,50,5,2469,0.735917,1.6748,1297,0.743266,1172,0.72795,True
3,4,8,50,5,2469,0.735917,1.6748,1297,0.743266,1172,0.72795,True
3,5,8,50,5,2469,0.735917,1.6748,1297,0.743266,1172,0.72795,True
3,1,10,50,5,2468,0.735618,1.675,1297,0.743266,1171,0.727329,True
3,2,10,50,5,2468,0.735618,1.675,1297,0.743266,1171,0.727329,True
3,3,10,50,5,2468,0.735618,1.675,1297,0.743266,1171,0.727329,True
3,4,10,50,5,2468,0.735618,1.675,1297,0.743266,1171,0.727329,True
3,5,10,50,5,2468,0.735618,1.675,1297,0.743266,1171,0.727329,True
3,1,13,50,5,2469,0.735478,1.6768,1296,0.742693,1173,0.727667,True
3,2,13,50,5,2469,0.735478,1.6768,1296,0.742693,1173,0.727667,True
3,3,13,50,5,2469,0.735478,1.6768,1296,0.742693,1173,0.727667,True
3,4,13,50,5,2469,0.735478,1.6768,1296,0.742693,1173,0.727667,True
3,5,13,50,5,2469,0.735478,1.6768,1296,0.742693,1173,0.727667,True
3,1,8,20,5,2812,0.734012,1.6792,1442,0.74177,1370,0.72602,True
3,2,8,20,5,2812,0.734012,1.6792,1442,0.74177,1370,0.72602,True
3,3,8,20,5,2812,0.734012,1.6792,1442,0.74177,1370,0.72602,True
3,4,8,20,5,2812,0.734012,1.6792,1442,0.74177,1370,0.72602,True
3,5,8,20,5,2812,0.734012,1.6792,1442,0.74177,1370,0.72602,True
3,1,5,200,5,2119,0.73398,1.6697,1157,0.742142,962,0.724398,True
3,2,5,200,5,2119,0.73398,1.6697,1157,0.742142,962,0.724398,True
3,3,5,200,5,2119,0.73398,1.6697,1157,0.742142,962,0.724398,True
3,4,5,200,5,2119,0.73398,1.6697,1157,0.742142,962,0.724398,True
3,5,5,200,5,2119,0.73398,1.6697,1157,0.742142,962,0.724398,True
3,1,5,20,5,2814,0.733959,1.6791,1444,0.742035,1370,0.725636,True
3,2,5,20,5,2814,0.733959,1.6791,1444,0.742035,1370,0.725636,True
3,3,5,20,5,2814,0.733959,1.6791,1444,0.742035,1370,0.725636,True
3,4,5,20,5,2814,0.733959,1.6791,1444,0.742035,1370,0.725636,True
3,5,5,20,5,2814,0.733959,1.6791,1444,0.742035,1370,0.725636,True
3,1,13,20,5,2814,0.733768,1.6805,1443,0.741521,1371,0.725781,True
3,2,13,20,5,2814,0.733768,1.6805,1443,0.741521,1371,0.725781,True
3,3,13,20,5,2814,0.733768,1.6805,1443,0.741521,1371,0.725781,True
3,4,13,20,5,2814,0.733768,1.6805,1443,0.741521,1371,0.725781,True
3,5,13,20,5,2814,0.733768,1.6805,1443,0.741521,1371,0.725781,True
3,1,10,20,5,2811,0.733751,1.6795,1442,0.74177,1369,0.72549,True
3,2,10,20,5,2811,0.733751,1.6795,1442,0.74177,1369,0.72549,True
3,3,10,20,5,2811,0.733751,1.6795,1442,0.74177,1369,0.72549,True
3,4,10,20,5,2811,0.733751,1.6795,1442,0.74177,1369,0.72549,True
3,5,10,20,5,2811,0.733751,1.6795,1442,0.74177,1369,0.72549,True
3,1,5,100,5,2280,0.733355,1.6781,1218,0.739976,1062,0.725906,True
3,2,5,100,5,2280,0.733355,1.6781,1218,0.739976,1062,0.725906,True
3,3,5,100,5,2280,0.733355,1.6781,1218,0.739976,1062,0.725906,True
3,4,5,100,5,2280,0.733355,1.6781,1218,0.739976,1062,0.725906,True
3,5,5,100,5,2280,0.733355,1.6781,1218,0.739976,1062,0.725906,True
3,1,8,200,5,2109,0.73331,1.6662,1150,0.741457,959,0.723774,True
3,2,8,200,5,2109,0.73331,1.6662,1150,0.741457,959,0.723774,True
3,3,8,200,5,2109,0.73331,1.6662,1150,0.741457,959,0.723774,True
3,4,8,200,5,2109,0.73331,1.6662,1150,0.741457,959,0.723774,True
3,5,8,200,5,2109,0.73331,1.6662,1150,0.741457,959,0.723774,True
3,1,13,200,5,2104,0.733101,1.6697,1146,0.740789,958,0.724112,True
3,2,13,200,5,2104,0.733101,1.6697,1146,0.740789,958,0.724112,True
3,3,13,200,5,2104,0.733101,1.6697,1146,0.740789,958,0.724112,True
3,4,13,200,5,2104,0.733101,1.6697,1146,0.740789,958,0.724112,True
3,5,13,200,5,2104,0.733101,1.6697,1146,0.740789,958,0.724112,True
3,1,8,100,5,2272,0.732903,1.6756,1211,0.739316,1061,0.725718,True
3,2,8,100,5,2272,0.732903,1.6756,1211,0.739316,1061,0.725718,True
3,3,8,100,5,2272,0.732903,1.6756,1211,0.739316,1061,0.725718,True
3,4,8,100,5,2272,0.732903,1.6756,1211,0.739316,1061,0.725718,True
3,5,8,100,5,2272,0.732903,1.6756,1211,0.739316,1061,0.725718,True
3,1,10,200,5,2106,0.732777,1.6667,1149,0.74129,957,0.72281,True
3,2,10,200,5,2106,0.732777,1.6667,1149,0.74129,957,0.72281,True
3,3,10,200,5,2106,0.732777,1.6667,1149,0.74129,957,0.72281,True
3,4,10,200,5,2106,0.732777,1.6667,1149,0.74129,957,0.72281,True
3,5,10,200,5,2106,0.732777,1.6667,1149,0.74129,957,0.72281,True
5,1,10,50,5,2066,0.732624,1.6563,1088,0.745716,978,0.718589,True
5,2,10,50,5,2066,0.732624,1.6563,1088,0.745716,978,0.718589,True
5,3,10,50,5,2066,0.732624,1.6563,1088,0.745716,978,0.718589,True
5,4,10,50,5,2066,0.732624,1.6563,1088,0.745716,978,0.718589,True
5,5,10,50,5,2066,0.732624,1.6563,1088,0.745716,978,0.718589,True
3,1,10,100,5,2270,0.732494,1.6762,1211,0.739316,1059,0.724846,True
3,2,10,100,5,2270,0.732494,1.6762,1211,0.739316,1059,0.724846,True
3,3,10,100,5,2270,0.732494,1.6762,1211,0.739316,1059,0.724846,True
3,4,10,100,5,2270,0.732494,1.6762,1211,0.739316,1059,0.724846,True
3,5,10,100,5,2270,0.732494,1.6762,1211,0.739316,1059,0.724846,True
5,1,8,50,5,2063,0.732339,1.6558,1087,0.745542,976,0.718175,True
5,2,8,50,5,2063,0.732339,1.6558,1087,0.745542,976,0.718175,True
5,3,8,50,5,2063,0.732339,1.6558,1087,0.745542,976,0.718175,True
5,4,8,50,5,2063,0.732339,1.6558,1087,0.745542,976,0.718175,True
5,5,8,50,5,2063,0.732339,1.6558,1087,0.745542,976,0.718175,True
3,1,13,100,5,2269,0.732172,1.6787,1209,0.738546,1060,0.725034,True
3,2,13,100,5,2269,0.732172,1.6787,1209,0.738546,1060,0.725034,True
3,3,13,100,5,2269,0.732172,1.6787,1209,0.738546,1060,0.725034,True
3,4,13,100,5,2269,0.732172,1.6787,1209,0.738546,1060,0.725034,True
3,5,13,100,5,2269,0.732172,1.6787,1209,0.738546,1060,0.725034,True
5,1,5,50,5,2077,0.732111,1.6553,1097,0.746259,980,0.716898,True
5,2,5,50,5,2077,0.732111,1.6553,1097,0.746259,980,0.716898,True
5,3,5,50,5,2077,0.732111,1.6553,1097,0.746259,980,0.716898,True
5,4,5,50,5,2077,0.732111,1.6553,1097,0.746259,980,0.716898,True
5,5,5,50,5,2077,0.732111,1.6553,1097,0.746259,980,0.716898,True
5,1,13,50,5,2067,0.731941,1.6565,1088,0.744186,979,0.718796,True
5,2,13,50,5,2067,0.731941,1.6565,1088,0.744186,979,0.718796,True
5,3,13,50,5,2067,0.731941,1.6565,1088,0.744186,979,0.718796,True
5,4,13,50,5,2067,0.731941,1.6565,1088,0.744186,979,0.718796,True
5,5,13,50,5,2067,0.731941,1.6565,1088,0.744186,979,0.718796,True
5,1,8,200,5,1715,0.730409,1.6222,938,0.741502,777,0.717452,True
5,1,10,200,5,1715,0.730409,1.621,939,0.741706,776,0.71719,True
5,2,8,200,5,1715,0.730409,1.6222,938,0.741502,777,0.717452,True
5,2,10,200,5,1715,0.730409,1.621,939,0.741706,776,0.71719,True
5,3,8,200,5,1715,0.730409,1.6222,938,0.741502,777,0.717452,True
5,3,10,200,5,1715,0.730409,1.621,939,0.741706,776,0.71719,True
5,4,8,200,5,1715,0.730409,1.6222,938,0.741502,777,0.717452,True
5,4,10,200,5,1715,0.730409,1.621,939,0.741706,776,0.71719,True
5,5,8,200,5,1715,0.730409,1.6222,938,0.741502,777,0.717452,True
5,5,10,200,5,1715,0.730409,1.621,939,0.741706,776,0.71719,True
5,1,13,200,5,1716,0.729902,1.6212,939,0.740536,777,0.717452,True
5,2,13,200,5,1716,0.729902,1.6212,939,0.740536,777,0.717452,True
5,3,13,200,5,1716,0.729902,1.6212,939,0.740536,777,0.717452,True
5,4,13,200,5,1716,0.729902,1.6212,939,0.740536,777,0.717452,True
5,5,13,200,5,1716,0.729902,1.6212,939,0.740536,777,0.717452,True
5,1,5,200,5,1738,0.729639,1.6266,953,0.742212,785,0.714936,True
5,2,5,200,5,1738,0.729639,1.6266,953,0.742212,785,0.714936,True
5,3,5,200,5,1738,0.729639,1.6266,953,0.742212,785,0.714936,True
5,4,5,200,5,1738,0.729639,1.6266,953,0.742212,785,0.714936,True
5,5,5,200,5,1738,0.729639,1.6266,953,0.742212,785,0.714936,True
4,1,5,50,5,2215,0.728858,1.6953,1163,0.745035,1052,0.711773,True
4,2,5,50,5,2215,0.728858,1.6953,1163,0.745035,1052,0.711773,True
4,3,5,50,5,2215,0.728858,1.6953,1163,0.745035,1052,0.711773,True
4,4,5,50,5,2215,0.728858,1.6953,1163,0.745035,1052,0.711773,True
4,5,5,50,5,2215,0.728858,1.6953,1163,0.745035,1052,0.711773,True
2,1,5,20,5,3278,0.728444,1.7267,1684,0.737303,1594,0.719314,True
2,2,5,20,5,3278,0.728444,1.7267,1684,0.737303,1594,0.719314,True
2,3,5,20,5,3278,0.728444,1.7267,1684,0.737303,1594,0.719314,True
2,4,5,20,5,3278,0.728444,1.7267,1684,0.737303,1594,0.719314,True
2,5,5,20,5,3278,0.728444,1.7267,1684,0.737303,1594,0.719314,True
2,1,5,50,5,2878,0.728423,1.7262,1508,0.736688,1370,0.719538,True
2,2,5,50,5,2878,0.728423,1.7262,1508,0.736688,1370,0.719538,True
2,3,5,50,5,2878,0.728423,1.7262,1508,0.736688,1370,0.719538,True
2,4,5,50,5,2878,0.728423,1.7262,1508,0.736688,1370,0.719538,True
2,5,5,50,5,2878,0.728423,1.7262,1508,0.736688,1370,0.719538,True
4,1,8,50,5,2210,0.728411,1.6946,1156,0.743408,1054,0.712644,True
4,2,8,50,5,2210,0.728411,1.6946,1156,0.743408,1054,0.712644,True
4,3,8,50,5,2210,0.728411,1.6946,1156,0.743408,1054,0.712644,True
4,4,8,50,5,2210,0.728411,1.6946,1156,0.743408,1054,0.712644,True
4,5,8,50,5,2210,0.728411,1.6946,1156,0.743408,1054,0.712644,True
2,1,8,20,5,3277,0.728384,1.7269,1683,0.737188,1594,0.719314,True
2,2,8,20,5,3277,0.728384,1.7269,1683,0.737188,1594,0.719314,True
2,3,8,20,5,3277,0.728384,1.7269,1683,0.737188,1594,0.719314,True
2,4,8,20,5,3277,0.728384,1.7269,1683,0.737188,1594,0.719314,True
2,5,8,20,5,3277,0.728384,1.7269,1683,0.737188,1594,0.719314,True
2,1,8,50,5,2876,0.728286,1.7267,1506,0.73643,1370,0.719538,True
2,2,8,50,5,2876,0.728286,1.7267,1506,0.73643,1370,0.719538,True
2,3,8,50,5,2876,0.728286,1.7267,1506,0.73643,1370,0.719538,True
2,4,8,50,5,2876,0.728286,1.7267,1506,0.73643,1370,0.719538,True
2,5,8,50,5,2876,0.728286,1.7267,1506,0.73643,1370,0.719538,True
2,1,10,20,5,3277,0.728222,1.7269,1683,0.737188,1594,0.71899,True
2,1,13,20,5,3277,0.728222,1.7269,1683,0.737188,1594,0.71899,True
2,2,10,20,5,3277,0.728222,1.7269,1683,0.737188,1594,0.71899,True
2,2,13,20,5,3277,0.728222,1.7269,1683,0.737188,1594,0.71899,True
2,3,10,20,5,3277,0.728222,1.7269,1683,0.737188,1594,0.71899,True
2,3,13,20,5,3277,0.728222,1.7269,1683,0.737188,1594,0.71899,True
2,4,10,20,5,3277,0.728222,1.7269,1683,0.737188,1594,0.71899,True
2,4,13,20,5,3277,0.728222,1.7269,1683,0.737188,1594,0.71899,True
2,5,10,20,5,3277,0.728222,1.7269,1683,0.737188,1594,0.71899,True
2,5,13,20,5,3277,0.728222,1.7269,1683,0.737188,1594,0.71899,True
2,1,13,50,5,2872,0.728195,1.7274,1502,0.735914,1370,0.719916,True
2,2,13,50,5,2872,0.728195,1.7274,1502,0.735914,1370,0.719916,True
2,3,13,50,5,2872,0.728195,1.7274,1502,0.735914,1370,0.719916,True
2,4,13,50,5,2872,0.728195,1.7274,1502,0.735914,1370,0.719916,True
2,5,13,50,5,2872,0.728195,1.7274,1502,0.735914,1370,0.719916,True
2,1,10,50,5,2876,0.728101,1.7267,1506,0.73643,1370,0.71916,True
2,2,10,50,5,2876,0.728101,1.7267,1506,0.73643,1370,0.71916,True
2,3,10,50,5,2876,0.728101,1.7267,1506,0.73643,1370,0.71916,True
2,4,10,50,5,2876,0.728101,1.7267,1506,0.73643,1370,0.71916,True
2,5,10,50,5,2876,0.728101,1.7267,1506,0.73643,1370,0.71916,True
4,1,10,50,5,2210,0.727931,1.6955,1157,0.743096,1053,0.711968,True
4,2,10,50,5,2210,0.727931,1.6955,1157,0.743096,1053,0.711968,True
4,3,10,50,5,2210,0.727931,1.6955,1157,0.743096,1053,0.711968,True
4,4,10,50,5,2210,0.727931,1.6955,1157,0.743096,1053,0.711968,True
4,5,10,50,5,2210,0.727931,1.6955,1157,0.743096,1053,0.711968,True
5,1,8,20,5,2268,0.727856,1.6627,1164,0.735777,1104,0.719687,True
5,2,8,20,5,2268,0.727856,1.6627,1164,0.735777,1104,0.719687,True
5,3,8,20,5,2268,0.727856,1.6627,1164,0.735777,1104,0.719687,True
5,4,8,20,5,2268,0.727856,1.6627,1164,0.735777,1104,0.719687,True
5,5,8,20,5,2268,0.727856,1.6627,1164,0.735777,1104,0.719687,True
5,1,5,20,5,2269,0.72771,1.6628,1167,0.736278,1102,0.718852,True
5,2,5,20,5,2269,0.72771,1.6628,1167,0.736278,1102,0.718852,True
5,3,5,20,5,2269,0.72771,1.6628,1167,0.736278,1102,0.718852,True
5,4,5,20,5,2269,0.72771,1.6628,1167,0.736278,1102,0.718852,True
5,5,5,20,5,2269,0.72771,1.6628,1167,0.736278,1102,0.718852,True
4,1,13,50,5,2210,0.727692,1.6968,1156,0.742931,1054,0.711681,True
4,2,13,50,5,2210,0.727692,1.6968,1156,0.742931,1054,0.711681,True
4,3,13,50,5,2210,0.727692,1.6968,1156,0.742931,1054,0.711681,True
4,4,13,50,5,2210,0.727692,1.6968,1156,0.742931,1054,0.711681,True
4,5,13,50,5,2210,0.727692,1.6968,1156,0.742931,1054,0.711681,True
5,1,10,20,5,2271,0.727651,1.6636,1166,0.735647,1105,0.719401,True
5,2,10,20,5,2271,0.727651,1.6636,1166,0.735647,1105,0.719401,True
5,3,10,20,5,2271,0.727651,1.6636,1166,0.735647,1105,0.719401,True
5,4,10,20,5,2271,0.727651,1.6636,1166,0.735647,1105,0.719401,True
5,5,10,20,5,2271,0.727651,1.6636,1166,0.735647,1105,0.719401,True
2,1,13,200,5,2469,0.727246,1.7408,1347,0.735262,1122,0.71785,True
2,2,13,200,5,2469,0.727246,1.7408,1347,0.735262,1122,0.71785,True
2,3,13,200,5,2469,0.727246,1.7408,1347,0.735262,1122,0.71785,True
2,4,13,200,5,2469,0.727246,1.7408,1347,0.735262,1122,0.71785,True
2,5,13,200,5,2469,0.727246,1.7408,1347,0.735262,1122,0.71785,True
2,1,10,200,5,2478,0.727113,1.7389,1352,0.735983,1126,0.716741,True
2,2,10,200,5,2478,0.727113,1.7389,1352,0.735983,1126,0.716741,True
2,3,10,200,5,2478,0.727113,1.7389,1352,0.735983,1126,0.716741,True
2,4,10,200,5,2478,0.727113,1.7389,1352,0.735983,1126,0.716741,True
2,5,10,200,5,2478,0.727113,1.7389,1352,0.735983,1126,0.716741,True
2,1,5,200,5,2482,0.727006,1.7389,1356,0.736156,1126,0.716285,True
2,2,5,200,5,2482,0.727006,1.7389,1356,0.736156,1126,0.716285,True
2,3,5,200,5,2482,0.727006,1.7389,1356,0.736156,1126,0.716285,True
2,4,5,200,5,2482,0.727006,1.7389,1356,0.736156,1126,0.716285,True
2,5,5,200,5,2482,0.727006,1.7389,1356,0.736156,1126,0.716285,True
5,1,13,20,5,2274,0.726982,1.6631,1168,0.734591,1106,0.719116,True
5,2,13,20,5,2274,0.726982,1.6631,1168,0.734591,1106,0.719116,True
5,3,13,20,5,2274,0.726982,1.6631,1168,0.734591,1106,0.719116,True
5,4,13,20,5,2274,0.726982,1.6631,1168,0.734591,1106,0.719116,True
5,5,13,20,5,2274,0.726982,1.6631,1168,0.734591,1106,0.719116,True
2,1,8,200,5,2479,0.726979,1.7398,1353,0.736126,1126,0.716285,True
2,2,8,200,5,2479,0.726979,1.7398,1353,0.736126,1126,0.716285,True
2,3,8,200,5,2479,0.726979,1.7398,1353,0.736126,1126,0.716285,True
2,4,8,200,5,2479,0.726979,1.7398,1353,0.736126,1126,0.716285,True
2,5,8,200,5,2479,0.726979,1.7398,1353,0.736126,1126,0.716285,True
5,1,10,100,5,1855,0.726881,1.6501,997,0.742921,858,0.709091,True
5,2,10,100,5,1855,0.726881,1.6501,997,0.742921,858,0.709091,True
5,3,10,100,5,1855,0.726881,1.6501,997,0.742921,858,0.709091,True
5,4,10,100,5,1855,0.726881,1.6501,997,0.742921,858,0.709091,True
5,5,10,100,5,1855,0.726881,1.6501,997,0.742921,858,0.709091,True
5,1,8,100,5,1854,0.726774,1.6499,996,0.742729,858,0.709091,True
5,2,8,100,5,1854,0.726774,1.6499,996,0.742729,858,0.709091,True
5,3,8,100,5,1854,0.726774,1.6499,996,0.742729,858,0.709091,True
5,4,8,100,5,1854,0.726774,1.6499,996,0.742729,858,0.709091,True
5,5,8,100,5,1854,0.726774,1.6499,996,0.742729,858,0.709091,True
5,1,5,100,5,1875,0.726463,1.6512,1011,0.743929,864,0.707038,True
5,2,5,100,5,1875,0.726463,1.6512,1011,0.743929,864,0.707038,True
5,3,5,100,5,1875,0.726463,1.6512,1011,0.743929,864,0.707038,True
5,4,5,100,5,1875,0.726463,1.6512,1011,0.743929,864,0.707038,True
5,5,5,100,5,1875,0.726463,1.6512,1011,0.743929,864,0.707038,True
5,1,13,100,5,1856,0.726135,1.6503,997,0.741264,859,0.709331,True
5,2,13,100,5,1856,0.726135,1.6503,997,0.741264,859,0.709331,True
5,3,13,100,5,1856,0.726135,1.6503,997,0.741264,859,0.709331,True
5,4,13,100,5,1856,0.726135,1.6503,997,0.741264,859,0.709331,True
5,5,13,100,5,1856,0.726135,1.6503,997,0.741264,859,0.709331,True
2,1,13,100,5,2648,0.725678,1.7285,1402,0.73097,1246,0.719815,True
2,2,13,100,5,2648,0.725678,1.7285,1402,0.73097,1246,0.719815,True
2,3,13,100,5,2648,0.725678,1.7285,1402,0.73097,1246,0.719815,True
2,4,13,100,5,2648,0.725678,1.7285,1402,0.73097,1246,0.719815,True
2,5,13,100,5,2648,0.725678,1.7285,1402,0.73097,1246,0.719815,True
2,1,8,100,5,2653,0.725458,1.7275,1406,0.73153,1247,0.718732,True
2,1,10,100,5,2653,0.725458,1.7275,1406,0.73153,1247,0.718732,True
2,2,8,100,5,2653,0.725458,1.7275,1406,0.73153,1247,0.718732,True
2,2,10,100,5,2653,0.725458,1.7275,1406,0.73153,1247,0.718732,True
2,3,8,100,5,2653,0.725458,1.7275,1406,0.73153,1247,0.718732,True
2,3,10,100,5,2653,0.725458,1.7275,1406,0.73153,1247,0.718732,True
2,4,8,100,5,2653,0.725458,1.7275,1406,0.73153,1247,0.718732,True
2,4,10,100,5,2653,0.725458,1.7275,1406,0.73153,1247,0.718732,True
2,5,8,100,5,2653,0.725458,1.7275,1406,0.73153,1247,0.718732,True
2,5,10,100,5,2653,0.725458,1.7275,1406,0.73153,1247,0.718732,True
2,1,5,100,5,2655,0.72541,1.7269,1408,0.731429,1247,0.718732,True
2,2,5,100,5,2655,0.72541,1.7269,1408,0.731429,1247,0.718732,True
2,3,5,100,5,2655,0.72541,1.7269,1408,0.731429,1247,0.718732,True
2,4,5,100,5,2655,0.72541,1.7269,1408,0.731429,1247,0.718732,True
2,5,5,100,5,2655,0.72541,1.7269,1408,0.731429,1247,0.718732,True
4,1,8,20,5,2494,0.724368,1.6937,1269,0.737791,1225,0.710969,True
4,2,8,20,5,2494,0.724368,1.6937,1269,0.737791,1225,0.710969,True
4,3,8,20,5,2494,0.724368,1.6937,1269,0.737791,1225,0.710969,True
4,4,8,20,5,2494,0.724368,1.6937,1269,0.737791,1225,0.710969,True
4,5,8,20,5,2494,0.724368,1.6937,1269,0.737791,1225,0.710969,True
4,1,5,20,5,2493,0.724078,1.6935,1271,0.738524,1222,0.70964,True
4,2,5,20,5,2493,0.724078,1.6935,1271,0.738524,1222,0.70964,True
4,3,5,20,5,2493,0.724078,1.6935,1271,0.738524,1222,0.70964,True
4,4,5,20,5,2493,0.724078,1.6935,1271,0.738524,1222,0.70964,True
4,5,5,20,5,2493,0.724078,1.6935,1271,0.738524,1222,0.70964,True
4,1,10,20,5,2494,0.723948,1.6945,1270,0.737515,1224,0.710389,True
4,2,10,20,5,2494,0.723948,1.6945,1270,0.737515,1224,0.710389,True
4,3,10,20,5,2494,0.723948,1.6945,1270,0.737515,1224,0.710389,True
4,4,10,20,5,2494,0.723948,1.6945,1270,0.737515,1224,0.710389,True
4,5,10,20,5,2494,0.723948,1.6945,1270,0.737515,1224,0.710389,True
4,1,13,20,5,2496,0.723898,1.6951,1271,0.737667,1225,0.710145,True
4,2,13,20,5,2496,0.723898,1.6951,1271,0.737667,1225,0.710145,True
4,3,13,20,5,2496,0.723898,1.6951,1271,0.737667,1225,0.710145,True
4,4,13,20,5,2496,0.723898,1.6951,1271,0.737667,1225,0.710145,True
4,5,13,20,5,2496,0.723898,1.6951,1271,0.737667,1225,0.710145,True
4,1,5,200,5,1852,0.723437,1.6674,1021,0.739319,831,0.704835,True
4,2,5,200,5,1852,0.723437,1.6674,1021,0.739319,831,0.704835,True
4,3,5,200,5,1852,0.723437,1.6674,1021,0.739319,831,0.704835,True
4,4,5,200,5,1852,0.723437,1.6674,1021,0.739319,831,0.704835,True
4,5,5,200,5,1852,0.723437,1.6674,1021,0.739319,831,0.704835,True
4,1,8,200,5,1844,0.723137,1.6638,1013,0.7378,831,0.706032,True
4,2,8,200,5,1844,0.723137,1.6638,1013,0.7378,831,0.706032,True
4,3,8,200,5,1844,0.723137,1.6638,1013,0.7378,831,0.706032,True
4,4,8,200,5,1844,0.723137,1.6638,1013,0.7378,831,0.706032,True
4,5,8,200,5,1844,0.723137,1.6638,1013,0.7378,831,0.706032,True
4,1,10,200,5,1843,0.722462,1.6652,1014,0.737455,829,0.704932,True
4,2,10,200,5,1843,0.722462,1.6652,1014,0.737455,829,0.704932,True
4,3,10,200,5,1843,0.722462,1.6652,1014,0.737455,829,0.704932,True
4,4,10,200,5,1843,0.722462,1.6652,1014,0.737455,829,0.704932,True
4,5,10,200,5,1843,0.722462,1.6652,1014,0.737455,829,0.704932,True
4,1,13,200,5,1842,0.722353,1.6672,1012,0.737072,830,0.705183,True
4,2,13,200,5,1842,0.722353,1.6672,1012,0.737072,830,0.705183,True
4,3,13,200,5,1842,0.722353,1.6672,1012,0.737072,830,0.705183,True
4,4,13,200,5,1842,0.722353,1.6672,1012,0.737072,830,0.705183,True
4,5,13,200,5,1842,0.722353,1.6672,1012,0.737072,830,0.705183,True
4,1,5,100,5,2012,0.722182,1.6864,1074,0.738652,938,0.704204,True
4,2,5,100,5,2012,0.722182,1.6864,1074,0.738652,938,0.704204,True
4,3,5,100,5,2012,0.722182,1.6864,1074,0.738652,938,0.704204,True
4,4,5,100,5,2012,0.722182,1.6864,1074,0.738652,938,0.704204,True
4,5,5,100,5,2012,0.722182,1.6864,1074,0.738652,938,0.704204,True
4,1,8,100,5,2006,0.722102,1.6839,1066,0.737206,940,0.705706,True
4,2,8,100,5,2006,0.722102,1.6839,1066,0.737206,940,0.705706,True
4,3,8,100,5,2006,0.722102,1.6839,1066,0.737206,940,0.705706,True
4,4,8,100,5,2006,0.722102,1.6839,1066,0.737206,940,0.705706,True
4,5,8,100,5,2006,0.722102,1.6839,1066,0.737206,940,0.705706,True
1,1,10,50,5,4389,0.721638,1.6906,2304,0.728192,2085,0.714531,True
1,2,10,50,5,4389,0.721638,1.6906,2304,0.728192,2085,0.714531,True
1,3,10,50,5,4389,0.721638,1.6906,2304,0.728192,2085,0.714531,True
1,4,10,50,5,4389,0.721638,1.6906,2304,0.728192,2085,0.714531,True
1,5,10,50,5,4389,0.721638,1.6906,2304,0.728192,2085,0.714531,True
6,1,10,50,5,1996,0.72162,1.6658,1070,0.740997,926,0.700454,True
6,2,10,50,5,1996,0.72162,1.6658,1070,0.740997,926,0.700454,True
6,3,10,50,5,1996,0.72162,1.6658,1070,0.740997,926,0.700454,True
6,4,10,50,5,1996,0.72162,1.6658,1070,0.740997,926,0.700454,True
6,5,10,50,5,1996,0.72162,1.6658,1070,0.740997,926,0.700454,True
1,1,8,50,5,4427,0.721597,1.6896,2322,0.7279,2105,0.714771,True
1,2,8,50,5,4427,0.721597,1.6896,2322,0.7279,2105,0.714771,True
1,3,8,50,5,4427,0.721597,1.6896,2322,0.7279,2105,0.714771,True
1,4,8,50,5,4427,0.721597,1.6896,2322,0.7279,2105,0.714771,True
1,5,8,50,5,4427,0.721597,1.6896,2322,0.7279,2105,0.714771,True
4,1,10,100,5,2005,0.721483,1.6853,1067,0.736878,938,0.704733,True
4,2,10,100,5,2005,0.721483,1.6853,1067,0.736878,938,0.704733,True
4,3,10,100,5,2005,0.721483,1.6853,1067,0.736878,938,0.704733,True
4,4,10,100,5,2005,0.721483,1.6853,1067,0.736878,938,0.704733,True
4,5,10,100,5,2005,0.721483,1.6853,1067,0.736878,938,0.704733,True
1,1,5,50,5,4463,0.721468,1.6908,2338,0.727669,2125,0.714766,True
1,2,5,50,5,4463,0.721468,1.6908,2338,0.727669,2125,0.714766,True
1,3,5,50,5,4463,0.721468,1.6908,2338,0.727669,2125,0.714766,True
1,4,5,50,5,4463,0.721468,1.6908,2338,0.727669,2125,0.714766,True
1,5,5,50,5,4463,0.721468,1.6908,2338,0.727669,2125,0.714766,True
4,1,13,100,5,2005,0.721223,1.6868,1066,0.736697,939,0.704426,True
4,2,13,100,5,2005,0.721223,1.6868,1066,0.736697,939,0.704426,True
4,3,13,100,5,2005,0.721223,1.6868,1066,0.736697,939,0.704426,True
4,4,13,100,5,2005,0.721223,1.6868,1066,0.736697,939,0.704426,True
4,5,13,100,5,2005,0.721223,1.6868,1066,0.736697,939,0.704426,True
1,1,8,20,5,4785,0.72085,1.7041,2489,0.72927,2296,0.711938,True
1,2,8,20,5,4785,0.72085,1.7041,2489,0.72927,2296,0.711938,True
1,3,8,20,5,4785,0.72085,1.7041,2489,0.72927,2296,0.711938,True
1,4,8,20,5,4785,0.72085,1.7041,2489,0.72927,2296,0.711938,True
1,5,8,20,5,4785,0.72085,1.7041,2489,0.72927,2296,0.711938,True
6,1,13,50,5,2001,0.720821,1.6662,1072,0.73931,929,0.700603,True
6,2,13,50,5,2001,0.720821,1.6662,1072,0.73931,929,0.700603,True
6,3,13,50,5,2001,0.720821,1.6662,1072,0.73931,929,0.700603,True
6,4,13,50,5,2001,0.720821,1.6662,1072,0.73931,929,0.700603,True
6,5,13,50,5,2001,0.720821,1.6662,1072,0.73931,929,0.700603,True
1,1,8,200,5,3909,0.720686,1.6948,2121,0.726619,1788,0.713772,True
1,2,8,200,5,3909,0.720686,1.6948,2121,0.726619,1788,0.713772,True
1,3,8,200,5,3909,0.720686,1.6948,2121,0.726619,1788,0.713772,True
1,4,8,200,5,3909,0.720686,1.6948,2121,0.726619,1788,0.713772,True
1,5,8,200,5,3909,0.720686,1.6948,2121,0.726619,1788,0.713772,True
1,1,13,50,5,4355,0.720669,1.69,2284,0.726694,2071,0.714138,True
1,2,13,50,5,4355,0.720669,1.69,2284,0.726694,2071,0.714138,True
1,3,13,50,5,4355,0.720669,1.69,2284,0.726694,2071,0.714138,True
1,4,13,50,5,4355,0.720669,1.69,2284,0.726694,2071,0.714138,True
1,5,13,50,5,4355,0.720669,1.69,2284,0.726694,2071,0.714138,True
1,1,10,20,5,4776,0.720471,1.705,2485,0.728953,2291,0.711491,True
1,2,10,20,5,4776,0.720471,1.705,2485,0.728953,2291,0.711491,True
1,3,10,20,5,4776,0.720471,1.705,2485,0.728953,2291,0.711491,True
1,4,10,20,5,4776,0.720471,1.705,2485,0.728953,2291,0.711491,True
1,5,10,20,5,4776,0.720471,1.705,2485,0.728953,2291,0.711491,True
6,1,8,50,5,2000,0.720461,1.666,1074,0.740179,926,0.698868,True
6,2,8,50,5,2000,0.720461,1.666,1074,0.740179,926,0.698868,True
6,3,8,50,5,2000,0.720461,1.666,1074,0.740179,926,0.698868,True
6,4,8,50,5,2000,0.720461,1.666,1074,0.740179,926,0.698868,True
6,5,8,50,5,2000,0.720461,1.666,1074,0.740179,926,0.698868,True
1,1,5,20,5,4793,0.720427,1.7042,2491,0.728789,2302,0.711592,True
1,2,5,20,5,4793,0.720427,1.7042,2491,0.728789,2302,0.711592,True
1,3,5,20,5,4793,0.720427,1.7042,2491,0.728789,2302,0.711592,True
1,4,5,20,5,4793,0.720427,1.7042,2491,0.728789,2302,0.711592,True
1,5,5,20,5,4793,0.720427,1.7042,2491,0.728789,2302,0.711592,True
6,1,5,50,5,2028,0.720426,1.6677,1087,0.739959,941,0.699108,True
6,2,5,50,5,2028,0.720426,1.6677,1087,0.739959,941,0.699108,True
6,3,5,50,5,2028,0.720426,1.6677,1087,0.739959,941,0.699108,True
6,4,5,50,5,2028,0.720426,1.6677,1087,0.739959,941,0.699108,True
6,5,5,50,5,2028,0.720426,1.6677,1087,0.739959,941,0.699108,True
1,1,13,20,5,4778,0.720338,1.7047,2486,0.728605,2292,0.71158,True
1,2,13,20,5,4778,0.720338,1.7047,2486,0.728605,2292,0.71158,True
1,3,13,20,5,4778,0.720338,1.7047,2486,0.728605,2292,0.71158,True
1,4,13,20,5,4778,0.720338,1.7047,2486,0.728605,2292,0.71158,True
1,5,13,20,5,4778,0.720338,1.7047,2486,0.728605,2292,0.71158,True
1,1,5,200,5,3970,0.720247,1.698,2148,0.725921,1822,0.71367,True
1,2,5,200,5,3970,0.720247,1.698,2148,0.725921,1822,0.71367,True
1,3,5,200,5,3970,0.720247,1.698,2148,0.725921,1822,0.71367,True
1,4,5,200,5,3970,0.720247,1.698,2148,0.725921,1822,0.71367,True
1,5,5,200,5,3970,0.720247,1.698,2148,0.725921,1822,0.71367,True
1,1,10,200,5,3854,0.720239,1.6964,2092,0.725885,1762,0.713649,True
1,2,10,200,5,3854,0.720239,1.6964,2092,0.725885,1762,0.713649,True
1,3,10,200,5,3854,0.720239,1.6964,2092,0.725885,1762,0.713649,True
1,4,10,200,5,3854,0.720239,1.6964,2092,0.725885,1762,0.713649,True
1,5,10,200,5,3854,0.720239,1.6964,2092,0.725885,1762,0.713649,True
1,1,8,100,5,4177,0.719676,1.6943,2219,0.728975,1958,0.70942,True
1,2,8,100,5,4177,0.719676,1.6943,2219,0.728975,1958,0.70942,True
1,3,8,100,5,4177,0.719676,1.6943,2219,0.728975,1958,0.70942,True
1,4,8,100,5,4177,0.719676,1.6943,2219,0.728975,1958,0.70942,True
1,5,8,100,5,4177,0.719676,1.6943,2219,0.728975,1958,0.70942,True
1,1,5,100,5,4230,0.71951,1.6972,2243,0.728483,1987,0.709643,True
1,2,5,100,5,4230,0.71951,1.6972,2243,0.728483,1987,0.709643,True
1,3,5,100,5,4230,0.71951,1.6972,2243,0.728483,1987,0.709643,True
1,4,5,100,5,4230,0.71951,1.6972,2243,0.728483,1987,0.709643,True
1,5,5,100,5,4230,0.71951,1.6972,2243,0.728483,1987,0.709643,True
1,1,10,100,5,4127,0.719366,1.6964,2194,0.728662,1933,0.709098,True
1,2,10,100,5,4127,0.719366,1.6964,2194,0.728662,1933,0.709098,True
1,3,10,100,5,4127,0.719366,1.6964,2194,0.728662,1933,0.709098,True
1,4,10,100,5,4127,0.719366,1.6964,2194,0.728662,1933,0.709098,True
1,5,10,100,5,4127,0.719366,1.6964,2194,0.728662,1933,0.709098,True
6,1,10,200,5,1671,0.719328,1.6326,937,0.734902,734,0.700382,True
6,2,10,200,5,1671,0.719328,1.6326,937,0.734902,734,0.700382,True
6,3,10,200,5,1671,0.719328,1.6326,937,0.734902,734,0.700382,True
6,4,10,200,5,1671,0.719328,1.6326,937,0.734902,734,0.700382,True
6,5,10,200,5,1671,0.719328,1.6326,937,0.734902,734,0.700382,True
6,1,10,20,5,2145,0.719075,1.6676,1127,0.73516,1018,0.702069,True
6,2,10,20,5,2145,0.719075,1.6676,1127,0.73516,1018,0.702069,True
6,3,10,20,5,2145,0.719075,1.6676,1127,0.73516,1018,0.702069,True
6,4,10,20,5,2145,0.719075,1.6676,1127,0.73516,1018,0.702069,True
6,5,10,20,5,2145,0.719075,1.6676,1127,0.73516,1018,0.702069,True
6,1,5,200,5,1725,0.71875,1.6371,963,0.735115,762,0.699083,True
6,2,5,200,5,1725,0.71875,1.6371,963,0.735115,762,0.699083,True
6,3,5,200,5,1725,0.71875,1.6371,963,0.735115,762,0.699083,True
6,4,5,200,5,1725,0.71875,1.6371,963,0.735115,762,0.699083,True
6,5,5,200,5,1725,0.71875,1.6371,963,0.735115,762,0.699083,True
6,1,5,20,5,2152,0.718531,1.6682,1130,0.733766,1022,0.702405,True
6,2,5,20,5,2152,0.718531,1.6682,1130,0.733766,1022,0.702405,True
6,3,5,20,5,2152,0.718531,1.6682,1130,0.733766,1022,0.702405,True
6,4,5,20,5,2152,0.718531,1.6682,1130,0.733766,1022,0.702405,True
6,5,5,20,5,2152,0.718531,1.6682,1130,0.733766,1022,0.702405,True
6,1,13,200,5,1674,0.718455,1.6326,937,0.732604,737,0.701237,True
6,2,13,200,5,1674,0.718455,1.6326,937,0.732604,737,0.701237,True
6,3,13,200,5,1674,0.718455,1.6326,937,0.732604,737,0.701237,True
6,4,13,200,5,1674,0.718455,1.6326,937,0.732604,737,0.701237,True
6,5,13,200,5,1674,0.718455,1.6326,937,0.732604,737,0.701237,True
6,1,8,200,5,1679,0.718442,1.6307,939,0.733594,740,0.700095,True
6,2,8,200,5,1679,0.718442,1.6307,939,0.733594,740,0.700095,True
6,3,8,200,5,1679,0.718442,1.6307,939,0.733594,740,0.700095,True
6,4,8,200,5,1679,0.718442,1.6307,939,0.733594,740,0.700095,True
6,5,8,200,5,1679,0.718442,1.6307,939,0.733594,740,0.700095,True
6,1,8,20,5,2143,0.718404,1.6664,1127,0.734681,1016,0.701173,True
6,2,8,20,5,2143,0.718404,1.6664,1127,0.734681,1016,0.701173,True
6,3,8,20,5,2143,0.718404,1.6664,1127,0.734681,1016,0.701173,True
6,4,8,20,5,2143,0.718404,1.6664,1127,0.734681,1016,0.701173,True
6,5,8,20,5,2143,0.718404,1.6664,1127,0.734681,1016,0.701173,True
1,1,13,200,5,3785,0.718353,1.6964,2053,0.723907,1732,0.711878,True
1,2,13,200,5,3785,0.718353,1.6964,2053,0.723907,1732,0.711878,True
1,3,13,200,5,3785,0.718353,1.6964,2053,0.723907,1732,0.711878,True
1,4,13,200,5,3785,0.718353,1.6964,2053,0.723907,1732,0.711878,True
1,5,13,200,5,3785,0.718353,1.6964,2053,0.723907,1732,0.711878,True
6,1,13,20,5,2154,0.718239,1.6671,1132,0.733636,1022,0.701923,True
6,2,13,20,5,2154,0.718239,1.6671,1132,0.733636,1022,0.701923,True
6,3,13,20,5,2154,0.718239,1.6671,1132,0.733636,1022,0.701923,True
6,4,13,20,5,2154,0.718239,1.6671,1132,0.733636,1022,0.701923,True
6,5,13,20,5,2154,0.718239,1.6671,1132,0.733636,1022,0.701923,True
1,1,13,100,5,4072,0.718039,1.6957,2163,0.727059,1909,0.708086,True
1,2,13,100,5,4072,0.718039,1.6957,2163,0.727059,1909,0.708086,True
1,3,13,100,5,4072,0.718039,1.6957,2163,0.727059,1909,0.708086,True
1,4,13,100,5,4072,0.718039,1.6957,2163,0.727059,1909,0.708086,True
1,5,13,100,5,4072,0.718039,1.6957,2163,0.727059,1909,0.708086,True
6,1,10,100,5,1807,0.716495,1.6696,984,0.734328,823,0.696277,True
6,2,10,100,5,1807,0.716495,1.6696,984,0.734328,823,0.696277,True
6,3,10,100,5,1807,0.716495,1.6696,984,0.734328,823,0.696277,True
6,4,10,100,5,1807,0.716495,1.6696,984,0.734328,823,0.696277,True
6,5,10,100,5,1807,0.716495,1.6696,984,0.734328,823,0.696277,True
6,1,13,100,5,1811,0.71581,1.6703,985,0.732342,826,0.697046,True
6,2,13,100,5,1811,0.71581,1.6703,985,0.732342,826,0.697046,True
6,3,13,100,5,1811,0.71581,1.6703,985,0.732342,826,0.697046,True
6,4,13,100,5,1811,0.71581,1.6703,985,0.732342,826,0.697046,True
6,5,13,100,5,1811,0.71581,1.6703,985,0.732342,826,0.697046,True
6,1,5,100,5,1855,0.715664,1.6701,1007,0.7345,848,0.694513,True
6,2,5,100,5,1855,0.715664,1.6701,1007,0.7345,848,0.694513,True
6,3,5,100,5,1855,0.715664,1.6701,1007,0.7345,848,0.694513,True
6,4,5,100,5,1855,0.715664,1.6701,1007,0.7345,848,0.694513,True
6,5,5,100,5,1855,0.715664,1.6701,1007,0.7345,848,0.694513,True
6,1,8,100,5,1814,0.715582,1.6665,986,0.733086,828,0.695798,True
6,2,8,100,5,1814,0.715582,1.6665,986,0.733086,828,0.695798,True
6,3,8,100,5,1814,0.715582,1.6665,986,0.733086,828,0.695798,True
6,4,8,100,5,1814,0.715582,1.6665,986,0.733086,828,0.695798,True
6,5,8,100,5,1814,0.715582,1.6665,986,0.733086,828,0.695798,True
5,1,8,200,3,1576,0.67121,1.3731,865,0.683794,711,0.65651,True
5,1,10,200,3,1576,0.67121,1.3718,866,0.684044,710,0.656192,True
5,2,8,200,3,1576,0.67121,1.3731,865,0.683794,711,0.65651,True
5,2,10,200,3,1576,0.67121,1.3718,866,0.684044,710,0.656192,True
5,3,8,200,3,1576,0.67121,1.3731,865,0.683794,711,0.65651,True
5,3,10,200,3,1576,0.67121,1.3718,866,0.684044,710,0.656192,True
5,4,8,200,3,1576,0.67121,1.3731,865,0.683794,711,0.65651,True
5,4,10,200,3,1576,0.67121,1.3718,866,0.684044,710,0.656192,True
5,5,8,200,3,1576,0.67121,1.3731,865,0.683794,711,0.65651,True
5,5,10,200,3,1576,0.67121,1.3718,866,0.684044,710,0.656192,True
5,1,5,200,3,1598,0.670865,1.3792,880,0.685358,718,0.653916,True
5,2,5,200,3,1598,0.670865,1.3792,880,0.685358,718,0.653916,True
5,3,5,200,3,1598,0.670865,1.3792,880,0.685358,718,0.653916,True
5,4,5,200,3,1598,0.670865,1.3792,880,0.685358,718,0.653916,True
5,5,5,200,3,1598,0.670865,1.3792,880,0.685358,718,0.653916,True
5,1,13,200,3,1577,0.670778,1.3722,866,0.682965,711,0.65651,True
5,2,13,200,3,1577,0.670778,1.3722,866,0.682965,711,0.65651,True
5,3,13,200,3,1577,0.670778,1.3722,866,0.682965,711,0.65651,True
5,4,13,200,3,1577,0.670778,1.3722,866,0.682965,711,0.65651,True
5,5,13,200,3,1577,0.670778,1.3722,866,0.682965,711,0.65651,True
5,1,5,50,3,1894,0.667607,1.3881,1004,0.682993,890,0.651061,True
5,2,5,50,3,1894,0.667607,1.3881,1004,0.682993,890,0.651061,True
5,3,5,50,3,1894,0.667607,1.3881,1004,0.682993,890,0.651061,True
5,4,5,50,3,1894,0.667607,1.3881,1004,0.682993,890,0.651061,True
5,5,5,50,3,1894,0.667607,1.3881,1004,0.682993,890,0.651061,True
3,1,5,50,3,2243,0.667162,1.3923,1179,0.67333,1064,0.660459,True
3,2,5,50,3,2243,0.667162,1.3923,1179,0.67333,1064,0.660459,True
3,3,5,50,3,2243,0.667162,1.3923,1179,0.67333,1064,0.660459,True
3,4,5,50,3,2243,0.667162,1.3923,1179,0.67333,1064,0.660459,True
3,5,5,50,3,2243,0.667162,1.3923,1179,0.67333,1064,0.660459,True
5,1,8,50,3,1879,0.667022,1.3853,993,0.68107,886,0.65195,True
5,2,8,50,3,1879,0.667022,1.3853,993,0.68107,886,0.65195,True
5,3,8,50,3,1879,0.667022,1.3853,993,0.68107,886,0.65195,True
5,4,8,50,3,1879,0.667022,1.3853,993,0.68107,886,0.65195,True
5,5,8,50,3,1879,0.667022,1.3853,993,0.68107,886,0.65195,True
5,1,10,50,3,1881,0.667021,1.3849,994,0.681289,887,0.651727,True
5,2,10,50,3,1881,0.667021,1.3849,994,0.681289,887,0.651727,True
5,3,10,50,3,1881,0.667021,1.3849,994,0.681289,887,0.651727,True
5,4,10,50,3,1881,0.667021,1.3849,994,0.681289,887,0.651727,True
5,5,10,50,3,1881,0.667021,1.3849,994,0.681289,887,0.651727,True
3,1,8,50,3,2237,0.666766,1.3916,1174,0.672779,1063,0.660248,True
3,2,8,50,3,2237,0.666766,1.3916,1174,0.672779,1063,0.660248,True
3,3,8,50,3,2237,0.666766,1.3916,1174,0.672779,1063,0.660248,True
3,4,8,50,3,2237,0.666766,1.3916,1174,0.672779,1063,0.660248,True
3,5,8,50,3,2237,0.666766,1.3916,1174,0.672779,1063,0.660248,True
3,1,10,50,3,2236,0.666468,1.3918,1174,0.672779,1062,0.659627,True
3,2,10,50,3,2236,0.666468,1.3918,1174,0.672779,1062,0.659627,True
3,3,10,50,3,2236,0.666468,1.3918,1174,0.672779,1062,0.659627,True
3,4,10,50,3,2236,0.666468,1.3918,1174,0.672779,1062,0.659627,True
3,5,10,50,3,2236,0.666468,1.3918,1174,0.672779,1062,0.659627,True
5,1,13,50,3,1882,0.666431,1.3852,994,0.679891,888,0.651982,True
5,2,13,50,3,1882,0.666431,1.3852,994,0.679891,888,0.651982,True
5,3,13,50,3,1882,0.666431,1.3852,994,0.679891,888,0.651982,True
5,4,13,50,3,1882,0.666431,1.3852,994,0.679891,888,0.651982,True
5,5,13,50,3,1882,0.666431,1.3852,994,0.679891,888,0.651982,True
3,1,13,50,3,2237,0.666369,1.3938,1173,0.672206,1064,0.66005,True
3,2,13,50,3,2237,0.666369,1.3938,1173,0.672206,1064,0.66005,True
3,3,13,50,3,2237,0.666369,1.3938,1173,0.672206,1064,0.66005,True
3,4,13,50,3,2237,0.666369,1.3938,1173,0.672206,1064,0.66005,True
3,5,13,50,3,2237,0.666369,1.3938,1173,0.672206,1064,0.66005,True
3,1,5,200,3,1921,0.665397,1.3857,1040,0.667094,881,0.663404,True
3,2,5,200,3,1921,0.665397,1.3857,1040,0.667094,881,0.663404,True
3,3,5,200,3,1921,0.665397,1.3857,1040,0.667094,881,0.663404,True
3,4,5,200,3,1921,0.665397,1.3857,1040,0.667094,881,0.663404,True
3,5,5,200,3,1921,0.665397,1.3857,1040,0.667094,881,0.663404,True
3,1,8,200,3,1913,0.66516,1.3837,1035,0.667311,878,0.662642,True
3,2,8,200,3,1913,0.66516,1.3837,1035,0.667311,878,0.662642,True
3,3,8,200,3,1913,0.66516,1.3837,1035,0.667311,878,0.662642,True
3,4,8,200,3,1913,0.66516,1.3837,1035,0.667311,878,0.662642,True
3,5,8,200,3,1913,0.66516,1.3837,1035,0.667311,878,0.662642,True
3,1,13,200,3,1908,0.664808,1.3868,1031,0.666451,877,0.662887,True
3,2,13,200,3,1908,0.664808,1.3868,1031,0.666451,877,0.662887,True
3,3,13,200,3,1908,0.664808,1.3868,1031,0.666451,877,0.662887,True
3,4,13,200,3,1908,0.664808,1.3868,1031,0.666451,877,0.662887,True
3,5,13,200,3,1908,0.664808,1.3868,1031,0.666451,877,0.662887,True
3,1,10,200,3,1910,0.664579,1.3838,1034,0.667097,876,0.661631,True
3,2,10,200,3,1910,0.664579,1.3838,1034,0.667097,876,0.661631,True
3,3,10,200,3,1910,0.664579,1.3838,1034,0.667097,876,0.661631,True
3,4,10,200,3,1910,0.664579,1.3838,1034,0.667097,876,0.661631,True
3,5,10,200,3,1910,0.664579,1.3838,1034,0.667097,876,0.661631,True
3,1,5,20,3,2547,0.664319,1.393,1308,0.672148,1239,0.65625,True
3,2,5,20,3,2547,0.664319,1.393,1308,0.672148,1239,0.65625,True
3,3,5,20,3,2547,0.664319,1.393,1308,0.672148,1239,0.65625,True
3,4,5,20,3,2547,0.664319,1.393,1308,0.672148,1239,0.65625,True
3,5,5,20,3,2547,0.664319,1.393,1308,0.672148,1239,0.65625,True
3,1,8,20,3,2545,0.664317,1.3929,1306,0.671811,1239,0.656598,True
3,2,8,20,3,2545,0.664317,1.3929,1306,0.671811,1239,0.656598,True
3,3,8,20,3,2545,0.664317,1.3929,1306,0.671811,1239,0.656598,True
3,4,8,20,3,2545,0.664317,1.3929,1306,0.671811,1239,0.656598,True
3,5,8,20,3,2545,0.664317,1.3929,1306,0.671811,1239,0.656598,True
3,1,5,100,3,2065,0.664201,1.3923,1096,0.665857,969,0.662338,True
3,2,5,100,3,2065,0.664201,1.3923,1096,0.665857,969,0.662338,True
3,3,5,100,3,2065,0.664201,1.3923,1096,0.665857,969,0.662338,True
3,4,5,100,3,2065,0.664201,1.3923,1096,0.665857,969,0.662338,True
3,5,5,100,3,2065,0.664201,1.3923,1096,0.665857,969,0.662338,True
3,1,8,100,3,2059,0.664194,1.3915,1091,0.666056,968,0.662107,True
3,2,8,100,3,2059,0.664194,1.3915,1091,0.666056,968,0.662107,True
3,3,8,100,3,2059,0.664194,1.3915,1091,0.666056,968,0.662107,True
3,4,8,100,3,2059,0.664194,1.3915,1091,0.666056,968,0.662107,True
3,5,8,100,3,2059,0.664194,1.3915,1091,0.666056,968,0.662107,True
3,1,13,20,3,2547,0.664146,1.3946,1307,0.671634,1240,0.656432,True
3,2,13,20,3,2547,0.664146,1.3946,1307,0.671634,1240,0.656432,True
3,3,13,20,3,2547,0.664146,1.3946,1307,0.671634,1240,0.656432,True
3,4,13,20,3,2547,0.664146,1.3946,1307,0.671634,1240,0.656432,True
3,5,13,20,3,2547,0.664146,1.3946,1307,0.671634,1240,0.656432,True
5,1,5,100,3,1714,0.664084,1.3891,928,0.682855,786,0.643208,True
5,2,5,100,3,1714,0.664084,1.3891,928,0.682855,786,0.643208,True
5,3,5,100,3,1714,0.664084,1.3891,928,0.682855,786,0.643208,True
5,4,5,100,3,1714,0.664084,1.3891,928,0.682855,786,0.643208,True
5,5,5,100,3,1714,0.664084,1.3891,928,0.682855,786,0.643208,True
3,1,10,20,3,2544,0.664056,1.3931,1306,0.671811,1238,0.656068,True
3,2,10,20,3,2544,0.664056,1.3931,1306,0.671811,1238,0.656068,True
3,3,10,20,3,2544,0.664056,1.3931,1306,0.671811,1238,0.656068,True
3,4,10,20,3,2544,0.664056,1.3931,1306,0.671811,1238,0.656068,True
3,5,10,20,3,2544,0.664056,1.3931,1306,0.671811,1238,0.656068,True
3,1,10,100,3,2057,0.663763,1.3918,1091,0.666056,966,0.661191,True
3,2,10,100,3,2057,0.663763,1.3918,1091,0.666056,966,0.661191,True
3,3,10,100,3,2057,0.663763,1.3918,1091,0.666056,966,0.661191,True
3,4,10,100,3,2057,0.663763,1.3918,1091,0.666056,966,0.661191,True
3,5,10,100,3,2057,0.663763,1.3918,1091,0.666056,966,0.661191,True
5,1,8,100,3,1693,0.663661,1.3851,913,0.680835,780,0.644628,True
5,2,8,100,3,1693,0.663661,1.3851,913,0.680835,780,0.644628,True
5,3,8,100,3,1693,0.663661,1.3851,913,0.680835,780,0.644628,True
5,4,8,100,3,1693,0.663661,1.3851,913,0.680835,780,0.644628,True
5,5,8,100,3,1693,0.663661,1.3851,913,0.680835,780,0.644628,True
3,1,13,100,3,2056,0.66344,1.3945,1089,0.665241,967,0.661423,True
3,2,13,100,3,2056,0.66344,1.3945,1089,0.665241,967,0.661423,True
3,3,13,100,3,2056,0.66344,1.3945,1089,0.665241,967,0.661423,True
3,4,13,100,3,2056,0.66344,1.3945,1089,0.665241,967,0.661423,True
3,5,13,100,3,2056,0.66344,1.3945,1089,0.665241,967,0.661423,True
5,1,10,100,3,1693,0.663401,1.3839,914,0.681073,779,0.643802,True
5,2,10,100,3,1693,0.663401,1.3839,914,0.681073,779,0.643802,True
5,3,10,100,3,1693,0.663401,1.3839,914,0.681073,779,0.643802,True
5,4,10,100,3,1693,0.663401,1.3839,914,0.681073,779,0.643802,True
5,5,10,100,3,1693,0.663401,1.3839,914,0.681073,779,0.643802,True
5,1,13,100,3,1694,0.662754,1.3843,914,0.679554,780,0.644096,True
5,2,13,100,3,1694,0.662754,1.3843,914,0.679554,780,0.644096,True
5,3,13,100,3,1694,0.662754,1.3843,914,0.679554,780,0.644096,True
5,4,13,100,3,1694,0.662754,1.3843,914,0.679554,780,0.644096,True
5,5,13,100,3,1694,0.662754,1.3843,914,0.679554,780,0.644096,True
6,1,10,200,3,1539,0.662505,1.3886,863,0.676863,676,0.645038,True
6,2,10,200,3,1539,0.662505,1.3886,863,0.676863,676,0.645038,True
6,3,10,200,3,1539,0.662505,1.3886,863,0.676863,676,0.645038,True
6,4,10,200,3,1539,0.662505,1.3886,863,0.676863,676,0.645038,True
6,5,10,200,3,1539,0.662505,1.3886,863,0.676863,676,0.645038,True
6,1,5,200,3,1590,0.6625,1.3962,888,0.677863,702,0.644037,True
6,2,5,200,3,1590,0.6625,1.3962,888,0.677863,702,0.644037,True
6,3,5,200,3,1590,0.6625,1.3962,888,0.677863,702,0.644037,True
6,4,5,200,3,1590,0.6625,1.3962,888,0.677863,702,0.644037,True
6,5,5,200,3,1590,0.6625,1.3962,888,0.677863,702,0.644037,True
6,1,8,200,3,1548,0.662388,1.3895,865,0.675781,683,0.646168,True
6,2,8,200,3,1548,0.662388,1.3895,865,0.675781,683,0.646168,True
6,3,8,200,3,1548,0.662388,1.3895,865,0.675781,683,0.646168,True
6,4,8,200,3,1548,0.662388,1.3895,865,0.675781,683,0.646168,True
6,5,8,200,3,1548,0.662388,1.3895,865,0.675781,683,0.646168,True
6,1,13,200,3,1542,0.661803,1.3891,863,0.674746,679,0.646051,True
6,2,13,200,3,1542,0.661803,1.3891,863,0.674746,679,0.646051,True
6,3,13,200,3,1542,0.661803,1.3891,863,0.674746,679,0.646051,True
6,4,13,200,3,1542,0.661803,1.3891,863,0.674746,679,0.646051,True
6,5,13,200,3,1542,0.661803,1.3891,863,0.674746,679,0.646051,True
5,1,5,20,3,2062,0.661321,1.3841,1065,0.671924,997,0.650359,True
5,2,5,20,3,2062,0.661321,1.3841,1065,0.671924,997,0.650359,True
5,3,5,20,3,2062,0.661321,1.3841,1065,0.671924,997,0.650359,True
5,4,5,20,3,2062,0.661321,1.3841,1065,0.671924,997,0.650359,True
5,5,5,20,3,2062,0.661321,1.3841,1065,0.671924,997,0.650359,True
5,1,8,20,3,2060,0.661104,1.3825,1061,0.67067,999,0.651239,True
5,2,8,20,3,2060,0.661104,1.3825,1061,0.67067,999,0.651239,True
5,3,8,20,3,2060,0.661104,1.3825,1061,0.67067,999,0.651239,True
5,4,8,20,3,2060,0.661104,1.3825,1061,0.67067,999,0.651239,True
5,5,8,20,3,2060,0.661104,1.3825,1061,0.67067,999,0.651239,True
5,1,10,20,3,2062,0.660686,1.3826,1063,0.670662,999,0.650391,True
5,2,10,20,3,2062,0.660686,1.3826,1063,0.670662,999,0.650391,True
5,3,10,20,3,2062,0.660686,1.3826,1063,0.670662,999,0.650391,True
5,4,10,20,3,2062,0.660686,1.3826,1063,0.670662,999,0.650391,True
5,5,10,20,3,2062,0.660686,1.3826,1063,0.670662,999,0.650391,True
5,1,13,20,3,2065,0.660166,1.3826,1065,0.669811,1000,0.650195,True
5,2,13,20,3,2065,0.660166,1.3826,1065,0.669811,1000,0.650195,True
5,3,13,20,3,2065,0.660166,1.3826,1065,0.669811,1000,0.650195,True
5,4,13,20,3,2065,0.660166,1.3826,1065,0.669811,1000,0.650195,True
5,5,13,20,3,2065,0.660166,1.3826,1065,0.669811,1000,0.650195,True
6,1,10,50,3,1818,0.657267,1.3938,976,0.6759,842,0.636914,True
6,2,10,50,3,1818,0.657267,1.3938,976,0.6759,842,0.636914,True
6,3,10,50,3,1818,0.657267,1.3938,976,0.6759,842,0.636914,True
6,4,10,50,3,1818,0.657267,1.3938,976,0.6759,842,0.636914,True
6,5,10,50,3,1818,0.657267,1.3938,976,0.6759,842,0.636914,True
6,1,13,50,3,1823,0.6567,1.395,978,0.674483,845,0.637255,True
6,2,13,50,3,1823,0.6567,1.395,978,0.674483,845,0.637255,True
6,3,13,50,3,1823,0.6567,1.395,978,0.674483,845,0.637255,True
6,4,13,50,3,1823,0.6567,1.395,978,0.674483,845,0.637255,True
6,5,13,50,3,1823,0.6567,1.395,978,0.674483,845,0.637255,True
6,1,5,50,3,1848,0.656483,1.3972,991,0.674609,857,0.636701,True
6,2,5,50,3,1848,0.656483,1.3972,991,0.674609,857,0.636701,True
6,3,5,50,3,1848,0.656483,1.3972,991,0.674609,857,0.636701,True
6,4,5,50,3,1848,0.656483,1.3972,991,0.674609,857,0.636701,True
6,5,5,50,3,1848,0.656483,1.3972,991,0.674609,857,0.636701,True
4,1,5,50,3,1995,0.656466,1.392,1045,0.669443,950,0.64276,True
4,2,5,50,3,1995,0.656466,1.392,1045,0.669443,950,0.64276,True
4,3,5,50,3,1995,0.656466,1.392,1045,0.669443,950,0.64276,True
4,4,5,50,3,1995,0.656466,1.392,1045,0.669443,950,0.64276,True
4,5,5,50,3,1995,0.656466,1.392,1045,0.669443,950,0.64276,True
6,1,8,50,3,1822,0.65634,1.3941,978,0.674018,844,0.636981,True
6,2,8,50,3,1822,0.65634,1.3941,978,0.674018,844,0.636981,True
6,3,8,50,3,1822,0.65634,1.3941,978,0.674018,844,0.636981,True
6,4,8,50,3,1822,0.65634,1.3941,978,0.674018,844,0.636981,True
6,5,8,50,3,1822,0.65634,1.3941,978,0.674018,844,0.636981,True
4,1,8,50,3,1991,0.656229,1.3918,1039,0.668167,952,0.643678,True
4,2,8,50,3,1991,0.656229,1.3918,1039,0.668167,952,0.643678,True
4,3,8,50,3,1991,0.656229,1.3918,1039,0.668167,952,0.643678,True
4,4,8,50,3,1991,0.656229,1.3918,1039,0.668167,952,0.643678,True
4,5,8,50,3,1991,0.656229,1.3918,1039,0.668167,952,0.643678,True
4,1,10,50,3,1991,0.655797,1.3928,1040,0.667951,951,0.643002,True
4,2,10,50,3,1991,0.655797,1.3928,1040,0.667951,951,0.643002,True
4,3,10,50,3,1991,0.655797,1.3928,1040,0.667951,951,0.643002,True
4,4,10,50,3,1991,0.655797,1.3928,1040,0.667951,951,0.643002,True
4,5,10,50,3,1991,0.655797,1.3928,1040,0.667951,951,0.643002,True
4,1,8,200,3,1672,0.655686,1.3774,909,0.662054,763,0.648258,True
4,2,8,200,3,1672,0.655686,1.3774,909,0.662054,763,0.648258,True
4,3,8,200,3,1672,0.655686,1.3774,909,0.662054,763,0.648258,True
4,4,8,200,3,1672,0.655686,1.3774,909,0.662054,763,0.648258,True
4,5,8,200,3,1672,0.655686,1.3774,909,0.662054,763,0.648258,True
4,1,13,50,3,1991,0.655581,1.3943,1039,0.667738,952,0.642809,True
4,2,13,50,3,1991,0.655581,1.3943,1039,0.667738,952,0.642809,True
4,3,13,50,3,1991,0.655581,1.3943,1039,0.667738,952,0.642809,True
4,4,13,50,3,1991,0.655581,1.3943,1039,0.667738,952,0.642809,True
4,5,13,50,3,1991,0.655581,1.3943,1039,0.667738,952,0.642809,True
4,1,5,200,3,1678,0.655469,1.379,915,0.662563,763,0.647159,True
4,2,5,200,3,1678,0.655469,1.379,915,0.662563,763,0.647159,True
4,3,5,200,3,1678,0.655469,1.379,915,0.662563,763,0.647159,True
4,4,5,200,3,1678,0.655469,1.379,915,0.662563,763,0.647159,True
4,5,5,200,3,1678,0.655469,1.379,915,0.662563,763,0.647159,True
4,1,10,200,3,1671,0.655037,1.3788,910,0.661818,761,0.647109,True
4,2,10,200,3,1671,0.655037,1.3788,910,0.661818,761,0.647109,True
4,3,10,200,3,1671,0.655037,1.3788,910,0.661818,761,0.647109,True
4,4,10,200,3,1671,0.655037,1.3788,910,0.661818,761,0.647109,True
4,5,10,200,3,1671,0.655037,1.3788,910,0.661818,761,0.647109,True
4,1,13,200,3,1670,0.654902,1.3808,908,0.661326,762,0.647409,True
4,2,13,200,3,1670,0.654902,1.3808,908,0.661326,762,0.647409,True
4,3,13,200,3,1670,0.654902,1.3808,908,0.661326,762,0.647409,True
4,4,13,200,3,1670,0.654902,1.3808,908,0.661326,762,0.647409,True
4,5,13,200,3,1670,0.654902,1.3808,908,0.661326,762,0.647409,True
6,1,10,20,3,1952,0.654375,1.3924,1027,0.669928,925,0.637931,True
6,2,10,20,3,1952,0.654375,1.3924,1027,0.669928,925,0.637931,True
6,3,10,20,3,1952,0.654375,1.3924,1027,0.669928,925,0.637931,True
6,4,10,20,3,1952,0.654375,1.3924,1027,0.669928,925,0.637931,True
6,5,10,20,3,1952,0.654375,1.3924,1027,0.669928,925,0.637931,True
6,1,5,20,3,1959,0.65409,1.3941,1030,0.668831,929,0.638488,True
6,2,5,20,3,1959,0.65409,1.3941,1030,0.668831,929,0.638488,True
6,3,5,20,3,1959,0.65409,1.3941,1030,0.668831,929,0.638488,True
6,4,5,20,3,1959,0.65409,1.3941,1030,0.668831,929,0.638488,True
6,5,5,20,3,1959,0.65409,1.3941,1030,0.668831,929,0.638488,True
1,1,10,50,3,3978,0.654061,1.4098,2093,0.661504,1885,0.64599,True
1,2,10,50,3,3978,0.654061,1.4098,2093,0.661504,1885,0.64599,True
1,3,10,50,3,3978,0.654061,1.4098,2093,0.661504,1885,0.64599,True
1,4,10,50,3,3978,0.654061,1.4098,2093,0.661504,1885,0.64599,True
1,5,10,50,3,3978,0.654061,1.4098,2093,0.661504,1885,0.64599,True
6,1,8,20,3,1951,0.65404,1.3921,1026,0.66884,925,0.638371,True
6,2,8,20,3,1951,0.65404,1.3921,1026,0.66884,925,0.638371,True
6,3,8,20,3,1951,0.65404,1.3921,1026,0.66884,925,0.638371,True
6,4,8,20,3,1951,0.65404,1.3921,1026,0.66884,925,0.638371,True
6,5,8,20,3,1951,0.65404,1.3921,1026,0.66884,925,0.638371,True
1,1,8,50,3,4012,0.653953,1.408,2110,0.661442,1902,0.64584,True
1,2,8,50,3,4012,0.653953,1.408,2110,0.661442,1902,0.64584,True
1,3,8,50,3,4012,0.653953,1.408,2110,0.661442,1902,0.64584,True
1,4,8,50,3,4012,0.653953,1.408,2110,0.661442,1902,0.64584,True
1,5,8,50,3,4012,0.653953,1.408,2110,0.661442,1902,0.64584,True
6,1,5,100,3,1695,0.653935,1.4065,923,0.673231,772,0.632269,True
6,2,5,100,3,1695,0.653935,1.4065,923,0.673231,772,0.632269,True
6,3,5,100,3,1695,0.653935,1.4065,923,0.673231,772,0.632269,True
6,4,5,100,3,1695,0.653935,1.4065,923,0.673231,772,0.632269,True
6,5,5,100,3,1695,0.653935,1.4065,923,0.673231,772,0.632269,True
1,1,5,50,3,4045,0.653896,1.4096,2125,0.661376,1920,0.645812,True
1,2,5,50,3,4045,0.653896,1.4096,2125,0.661376,1920,0.645812,True
1,3,5,50,3,4045,0.653896,1.4096,2125,0.661376,1920,0.645812,True
1,4,5,50,3,4045,0.653896,1.4096,2125,0.661376,1920,0.645812,True
1,5,5,50,3,4045,0.653896,1.4096,2125,0.661376,1920,0.645812,True
6,1,13,20,3,1961,0.653885,1.3932,1032,0.668827,929,0.638049,True
6,2,13,20,3,1961,0.653885,1.3932,1032,0.668827,929,0.638049,True
6,3,13,20,3,1961,0.653885,1.3932,1032,0.668827,929,0.638049,True
6,4,13,20,3,1961,0.653885,1.3932,1032,0.668827,929,0.638049,True
6,5,13,20,3,1961,0.653885,1.3932,1032,0.668827,929,0.638049,True
6,1,8,100,3,1657,0.653649,1.4013,903,0.671375,754,0.633613,True
6,2,8,100,3,1657,0.653649,1.4013,903,0.671375,754,0.633613,True
6,3,8,100,3,1657,0.653649,1.4013,903,0.671375,754,0.633613,True
6,4,8,100,3,1657,0.653649,1.4013,903,0.671375,754,0.633613,True
6,5,8,100,3,1657,0.653649,1.4013,903,0.671375,754,0.633613,True
1,1,13,50,3,3949,0.653483,1.4105,2074,0.659879,1875,0.646552,True
1,2,13,50,3,3949,0.653483,1.4105,2074,0.659879,1875,0.646552,True
1,3,13,50,3,3949,0.653483,1.4105,2074,0.659879,1875,0.646552,True
1,4,13,50,3,3949,0.653483,1.4105,2074,0.659879,1875,0.646552,True
1,5,13,50,3,3949,0.653483,1.4105,2074,0.659879,1875,0.646552,True
6,1,10,100,3,1648,0.65345,1.4005,901,0.672388,747,0.63198,True
6,2,10,100,3,1648,0.65345,1.4005,901,0.672388,747,0.63198,True
6,3,10,100,3,1648,0.65345,1.4005,901,0.672388,747,0.63198,True
6,4,10,100,3,1648,0.65345,1.4005,901,0.672388,747,0.63198,True
6,5,10,100,3,1648,0.65345,1.4005,901,0.672388,747,0.63198,True
6,1,13,100,3,1652,0.652964,1.4019,902,0.670632,750,0.632911,True
6,2,13,100,3,1652,0.652964,1.4019,902,0.670632,750,0.632911,True
6,3,13,100,3,1652,0.652964,1.4019,902,0.670632,750,0.632911,True
6,4,13,100,3,1652,0.652964,1.4019,902,0.670632,750,0.632911,True
6,5,13,100,3,1652,0.652964,1.4019,902,0.670632,750,0.632911,True
4,1,8,20,3,2247,0.652629,1.389,1138,0.661628,1109,0.643645,True
4,2,8,20,3,2247,0.652629,1.389,1138,0.661628,1109,0.643645,True
4,3,8,20,3,2247,0.652629,1.389,1138,0.661628,1109,0.643645,True
4,4,8,20,3,2247,0.652629,1.389,1138,0.661628,1109,0.643645,True
4,5,8,20,3,2247,0.652629,1.389,1138,0.661628,1109,0.643645,True
4,1,5,20,3,2246,0.652338,1.3887,1140,0.662406,1106,0.642276,True
4,2,5,20,3,2246,0.652338,1.3887,1140,0.662406,1106,0.642276,True
4,3,5,20,3,2246,0.652338,1.3887,1140,0.662406,1106,0.642276,True
4,4,5,20,3,2246,0.652338,1.3887,1140,0.662406,1106,0.642276,True
4,5,5,20,3,2246,0.652338,1.3887,1140,0.662406,1106,0.642276,True
4,1,8,100,3,1812,0.652268,1.3863,956,0.661134,856,0.642643,True
4,2,8,100,3,1812,0.652268,1.3863,956,0.661134,856,0.642643,True
4,3,8,100,3,1812,0.652268,1.3863,956,0.661134,856,0.642643,True
4,4,8,100,3,1812,0.652268,1.3863,956,0.661134,856,0.642643,True
4,5,8,100,3,1812,0.652268,1.3863,956,0.661134,856,0.642643,True
4,1,13,20,3,2249,0.652262,1.3908,1140,0.661637,1109,0.642899,True
4,2,13,20,3,2249,0.652262,1.3908,1140,0.661637,1109,0.642899,True
4,3,13,20,3,2249,0.652262,1.3908,1140,0.661637,1109,0.642899,True
4,4,13,20,3,2249,0.652262,1.3908,1140,0.661637,1109,0.642899,True
4,5,13,20,3,2249,0.652262,1.3908,1140,0.661637,1109,0.642899,True
4,1,10,20,3,2247,0.65225,1.3899,1139,0.66144,1108,0.643064,True
4,2,10,20,3,2247,0.65225,1.3899,1139,0.66144,1108,0.643064,True
4,3,10,20,3,2247,0.65225,1.3899,1139,0.66144,1108,0.643064,True
4,4,10,20,3,2247,0.65225,1.3899,1139,0.66144,1108,0.643064,True
4,5,10,20,3,2247,0.65225,1.3899,1139,0.66144,1108,0.643064,True
1,1,8,200,3,3537,0.652102,1.4085,1929,0.660843,1608,0.641916,True
1,2,8,200,3,3537,0.652102,1.4085,1929,0.660843,1608,0.641916,True
1,3,8,200,3,3537,0.652102,1.4085,1929,0.660843,1608,0.641916,True
1,4,8,200,3,3537,0.652102,1.4085,1929,0.660843,1608,0.641916,True
1,5,8,200,3,3537,0.652102,1.4085,1929,0.660843,1608,0.641916,True
4,1,5,100,3,1816,0.651831,1.3866,962,0.661623,854,0.641141,True
4,2,5,100,3,1816,0.651831,1.3866,962,0.661623,854,0.641141,True
4,3,5,100,3,1816,0.651831,1.3866,962,0.661623,854,0.641141,True
4,4,5,100,3,1816,0.651831,1.3866,962,0.661623,854,0.641141,True
4,5,5,100,3,1816,0.651831,1.3866,962,0.661623,854,0.641141,True
4,1,10,100,3,1811,0.651673,1.3876,957,0.660912,854,0.641623,True
4,2,10,100,3,1811,0.651673,1.3876,957,0.660912,854,0.641623,True
4,3,10,100,3,1811,0.651673,1.3876,957,0.660912,854,0.641623,True
4,4,10,100,3,1811,0.651673,1.3876,957,0.660912,854,0.641623,True
4,5,10,100,3,1811,0.651673,1.3876,957,0.660912,854,0.641623,True
1,1,5,200,3,3592,0.651669,1.4117,1953,0.66002,1639,0.64199,True
1,2,5,200,3,3592,0.651669,1.4117,1953,0.66002,1639,0.64199,True
1,3,5,200,3,3592,0.651669,1.4117,1953,0.66002,1639,0.64199,True
1,4,5,200,3,3592,0.651669,1.4117,1953,0.66002,1639,0.64199,True
1,5,5,200,3,3592,0.651669,1.4117,1953,0.66002,1639,0.64199,True
1,1,10,200,3,3487,0.651654,1.4101,1901,0.659611,1586,0.642365,True
1,2,10,200,3,3487,0.651654,1.4101,1901,0.659611,1586,0.642365,True
1,3,10,200,3,3487,0.651654,1.4101,1901,0.659611,1586,0.642365,True
1,4,10,200,3,3487,0.651654,1.4101,1901,0.659611,1586,0.642365,True
1,5,10,200,3,3487,0.651654,1.4101,1901,0.659611,1586,0.642365,True
1,1,8,100,3,3782,0.65162,1.4104,2020,0.663601,1762,0.638406,True
1,2,8,100,3,3782,0.65162,1.4104,2020,0.663601,1762,0.638406,True
1,3,8,100,3,3782,0.65162,1.4104,2020,0.663601,1762,0.638406,True
1,4,8,100,3,3782,0.65162,1.4104,2020,0.663601,1762,0.638406,True
1,5,8,100,3,3782,0.65162,1.4104,2020,0.663601,1762,0.638406,True
2,1,5,20,3,2932,0.651556,1.4113,1507,0.659807,1425,0.643051,True
2,2,5,20,3,2932,0.651556,1.4113,1507,0.659807,1425,0.643051,True
2,3,5,20,3,2932,0.651556,1.4113,1507,0.659807,1425,0.643051,True
2,4,5,20,3,2932,0.651556,1.4113,1507,0.659807,1425,0.643051,True
2,5,5,20,3,2932,0.651556,1.4113,1507,0.659807,1425,0.643051,True
2,1,8,20,3,2931,0.651478,1.4115,1506,0.659658,1425,0.643051,True
2,2,8,20,3,2931,0.651478,1.4115,1506,0.659658,1425,0.643051,True
2,3,8,20,3,2931,0.651478,1.4115,1506,0.659658,1425,0.643051,True
2,4,8,20,3,2931,0.651478,1.4115,1506,0.659658,1425,0.643051,True
2,5,8,20,3,2931,0.651478,1.4115,1506,0.659658,1425,0.643051,True
1,1,5,100,3,3830,0.651471,1.4136,2042,0.663202,1788,0.638571,True
1,2,5,100,3,3830,0.651471,1.4136,2042,0.663202,1788,0.638571,True
1,3,5,100,3,3830,0.651471,1.4136,2042,0.663202,1788,0.638571,True
1,4,5,100,3,3830,0.651471,1.4136,2042,0.663202,1788,0.638571,True
1,5,5,100,3,3830,0.651471,1.4136,2042,0.663202,1788,0.638571,True
4,1,13,100,3,1811,0.651439,1.3893,956,0.660677,855,0.64141,True
4,2,13,100,3,1811,0.651439,1.3893,956,0.660677,855,0.64141,True
4,3,13,100,3,1811,0.651439,1.3893,956,0.660677,855,0.64141,True
4,4,13,100,3,1811,0.651439,1.3893,956,0.660677,855,0.64141,True
4,5,13,100,3,1811,0.651439,1.3893,956,0.660677,855,0.64141,True
2,1,10,20,3,2931,0.651333,1.4115,1506,0.659658,1425,0.64276,True
2,1,13,20,3,2931,0.651333,1.4115,1506,0.659658,1425,0.64276,True
2,2,10,20,3,2931,0.651333,1.4115,1506,0.659658,1425,0.64276,True
2,2,13,20,3,2931,0.651333,1.4115,1506,0.659658,1425,0.64276,True
2,3,10,20,3,2931,0.651333,1.4115,1506,0.659658,1425,0.64276,True
2,3,13,20,3,2931,0.651333,1.4115,1506,0.659658,1425,0.64276,True
2,4,10,20,3,2931,0.651333,1.4115,1506,0.659658,1425,0.64276,True
2,4,13,20,3,2931,0.651333,1.4115,1506,0.659658,1425,0.64276,True
2,5,10,20,3,2931,0.651333,1.4115,1506,0.659658,1425,0.64276,True
2,5,13,20,3,2931,0.651333,1.4115,1506,0.659658,1425,0.64276,True
2,1,5,50,3,2573,0.651228,1.4092,1345,0.657059,1228,0.644958,True
2,2,5,50,3,2573,0.651228,1.4092,1345,0.657059,1228,0.644958,True
2,3,5,50,3,2573,0.651228,1.4092,1345,0.657059,1228,0.644958,True
2,4,5,50,3,2573,0.651228,1.4092,1345,0.657059,1228,0.644958,True
2,5,5,50,3,2573,0.651228,1.4092,1345,0.657059,1228,0.644958,True
1,1,10,100,3,3736,0.651211,1.4122,1995,0.662571,1741,0.638665,True
1,2,10,100,3,3736,0.651211,1.4122,1995,0.662571,1741,0.638665,True
1,3,10,100,3,3736,0.651211,1.4122,1995,0.662571,1741,0.638665,True
1,4,10,100,3,3736,0.651211,1.4122,1995,0.662571,1741,0.638665,True
1,5,10,100,3,3736,0.651211,1.4122,1995,0.662571,1741,0.638665,True
2,1,8,50,3,2571,0.651051,1.4096,1343,0.656724,1228,0.644958,True
2,2,8,50,3,2571,0.651051,1.4096,1343,0.656724,1228,0.644958,True
2,3,8,50,3,2571,0.651051,1.4096,1343,0.656724,1228,0.644958,True
2,4,8,50,3,2571,0.651051,1.4096,1343,0.656724,1228,0.644958,True
2,5,8,50,3,2571,0.651051,1.4096,1343,0.656724,1228,0.644958,True
1,1,8,20,3,4321,0.650949,1.4138,2255,0.660709,2066,0.64062,True
1,2,8,20,3,4321,0.650949,1.4138,2255,0.660709,2066,0.64062,True
1,3,8,20,3,4321,0.650949,1.4138,2255,0.660709,2066,0.64062,True
1,4,8,20,3,4321,0.650949,1.4138,2255,0.660709,2066,0.64062,True
1,5,8,20,3,4321,0.650949,1.4138,2255,0.660709,2066,0.64062,True
2,1,10,50,3,2571,0.650886,1.4096,1343,0.656724,1228,0.644619,True
2,2,10,50,3,2571,0.650886,1.4096,1343,0.656724,1228,0.644619,True
2,3,10,50,3,2571,0.650886,1.4096,1343,0.656724,1228,0.644619,True
2,4,10,50,3,2571,0.650886,1.4096,1343,0.656724,1228,0.644619,True
2,5,10,50,3,2571,0.650886,1.4096,1343,0.656724,1228,0.644619,True
2,1,13,50,3,2567,0.650862,1.4098,1339,0.656051,1228,0.645297,True
2,2,13,50,3,2567,0.650862,1.4098,1339,0.656051,1228,0.645297,True
2,3,13,50,3,2567,0.650862,1.4098,1339,0.656051,1228,0.645297,True
2,4,13,50,3,2567,0.650862,1.4098,1339,0.656051,1228,0.645297,True
2,5,13,50,3,2567,0.650862,1.4098,1339,0.656051,1228,0.645297,True
1,1,5,20,3,4329,0.650684,1.4142,2258,0.66062,2071,0.640185,True
1,2,5,20,3,4329,0.650684,1.4142,2258,0.66062,2071,0.640185,True
1,3,5,20,3,4329,0.650684,1.4142,2258,0.66062,2071,0.640185,True
1,4,5,20,3,4329,0.650684,1.4142,2258,0.66062,2071,0.640185,True
1,5,5,20,3,4329,0.650684,1.4142,2258,0.66062,2071,0.640185,True
1,1,13,20,3,4315,0.650535,1.4146,2252,0.660023,2063,0.640484,True
1,2,13,20,3,4315,0.650535,1.4146,2252,0.660023,2063,0.640484,True
1,3,13,20,3,4315,0.650535,1.4146,2252,0.660023,2063,0.640484,True
1,4,13,20,3,4315,0.650535,1.4146,2252,0.660023,2063,0.640484,True
1,5,13,20,3,4315,0.650535,1.4146,2252,0.660023,2063,0.640484,True
1,1,10,20,3,4312,0.650475,1.4142,2251,0.660311,2061,0.640062,True
1,2,10,20,3,4312,0.650475,1.4142,2251,0.660311,2061,0.640062,True
1,3,10,20,3,4312,0.650475,1.4142,2251,0.660311,2061,0.640062,True
1,4,10,20,3,4312,0.650475,1.4142,2251,0.660311,2061,0.640062,True
1,5,10,20,3,4312,0.650475,1.4142,2251,0.660311,2061,0.640062,True
1,1,13,100,3,3688,0.650326,1.4127,1965,0.660504,1723,0.639095,True
1,2,13,100,3,3688,0.650326,1.4127,1965,0.660504,1723,0.639095,True
1,3,13,100,3,3688,0.650326,1.4127,1965,0.660504,1723,0.639095,True
1,4,13,100,3,3688,0.650326,1.4127,1965,0.660504,1723,0.639095,True
1,5,13,100,3,3688,0.650326,1.4127,1965,0.660504,1723,0.639095,True
1,1,13,200,3,3424,0.649839,1.4095,1863,0.656911,1561,0.641595,True
1,2,13,200,3,3424,0.649839,1.4095,1863,0.656911,1561,0.641595,True
1,3,13,200,3,3424,0.649839,1.4095,1863,0.656911,1561,0.641595,True
1,4,13,200,3,3424,0.649839,1.4095,1863,0.656911,1561,0.641595,True
1,5,13,200,3,3424,0.649839,1.4095,1863,0.656911,1561,0.641595,True
2,1,13,100,3,2364,0.647849,1.4069,1248,0.650678,1116,0.644714,True
2,2,13,100,3,2364,0.647849,1.4069,1248,0.650678,1116,0.644714,True
2,3,13,100,3,2364,0.647849,1.4069,1248,0.650678,1116,0.644714,True
2,4,13,100,3,2364,0.647849,1.4069,1248,0.650678,1116,0.644714,True
2,5,13,100,3,2364,0.647849,1.4069,1248,0.650678,1116,0.644714,True
2,1,5,100,3,2371,0.647814,1.4062,1254,0.651429,1117,0.643804,True
2,2,5,100,3,2371,0.647814,1.4062,1254,0.651429,1117,0.643804,True
2,3,5,100,3,2371,0.647814,1.4062,1254,0.651429,1117,0.643804,True
2,4,5,100,3,2371,0.647814,1.4062,1254,0.651429,1117,0.643804,True
2,5,5,100,3,2371,0.647814,1.4062,1254,0.651429,1117,0.643804,True
2,1,8,100,3,2369,0.647799,1.4065,1252,0.651405,1117,0.643804,True
2,1,10,100,3,2369,0.647799,1.4065,1252,0.651405,1117,0.643804,True
2,2,8,100,3,2369,0.647799,1.4065,1252,0.651405,1117,0.643804,True
2,2,10,100,3,2369,0.647799,1.4065,1252,0.651405,1117,0.643804,True
2,3,8,100,3,2369,0.647799,1.4065,1252,0.651405,1117,0.643804,True
2,3,10,100,3,2369,0.647799,1.4065,1252,0.651405,1117,0.643804,True
2,4,8,100,3,2369,0.647799,1.4065,1252,0.651405,1117,0.643804,True
2,4,10,100,3,2369,0.647799,1.4065,1252,0.651405,1117,0.643804,True
2,5,8,100,3,2369,0.647799,1.4065,1252,0.651405,1117,0.643804,True
2,5,10,100,3,2369,0.647799,1.4065,1252,0.651405,1117,0.643804,True
2,1,10,200,3,2206,0.6473,1.4116,1202,0.654328,1004,0.639083,True
2,2,10,200,3,2206,0.6473,1.4116,1202,0.654328,1004,0.639083,True
2,3,10,200,3,2206,0.6473,1.4116,1202,0.654328,1004,0.639083,True
2,4,10,200,3,2206,0.6473,1.4116,1202,0.654328,1004,0.639083,True
2,5,10,200,3,2206,0.6473,1.4116,1202,0.654328,1004,0.639083,True
2,1,13,200,3,2197,0.647128,1.4124,1197,0.653384,1000,0.639795,True
2,2,13,200,3,2197,0.647128,1.4124,1197,0.653384,1000,0.639795,True
2,3,13,200,3,2197,0.647128,1.4124,1197,0.653384,1000,0.639795,True
2,4,13,200,3,2197,0.647128,1.4124,1197,0.653384,1000,0.639795,True
2,5,13,200,3,2197,0.647128,1.4124,1197,0.653384,1000,0.639795,True
2,1,5,200,3,2209,0.647042,1.411,1205,0.65418,1004,0.638677,True
2,2,5,200,3,2209,0.647042,1.411,1205,0.65418,1004,0.638677,True
2,3,5,200,3,2209,0.647042,1.411,1205,0.65418,1004,0.638677,True
2,4,5,200,3,2209,0.647042,1.411,1205,0.65418,1004,0.638677,True
2,5,5,200,3,2209,0.647042,1.411,1205,0.65418,1004,0.638677,True
2,1,8,200,3,2206,0.646921,1.4116,1202,0.653972,1004,0.638677,True
2,2,8,200,3,2206,0.646921,1.4116,1202,0.653972,1004,0.638677,True
2,3,8,200,3,2206,0.646921,1.4116,1202,0.653972,1004,0.638677,True
2,4,8,200,3,2206,0.646921,1.4116,1202,0.653972,1004,0.638677,True
2,5,8,200,3,2206,0.646921,1.4116,1202,0.653972,1004,0.638677,True
5,1,8,200,2,1438,0.612436,1.217,782,0.618182,656,0.605725,True
5,1,10,200,2,1438,0.612436,1.2156,783,0.618483,655,0.60536,True
5,2,8,200,2,1438,0.612436,1.217,782,0.618182,656,0.605725,True
5,2,10,200,2,1438,0.612436,1.2156,783,0.618483,655,0.60536,True
5,3,8,200,2,1438,0.612436,1.217,782,0.618182,656,0.605725,True
5,3,10,200,2,1438,0.612436,1.2156,783,0.618483,655,0.60536,True
5,4,8,200,2,1438,0.612436,1.217,782,0.618182,656,0.605725,True
5,4,10,200,2,1438,0.612436,1.2156,783,0.618483,655,0.60536,True
5,5,8,200,2,1438,0.612436,1.217,782,0.618182,656,0.605725,True
5,5,10,200,2,1438,0.612436,1.2156,783,0.618483,655,0.60536,True
5,1,13,200,2,1439,0.61208,1.2161,783,0.617508,656,0.605725,True
5,2,13,200,2,1439,0.61208,1.2161,783,0.617508,656,0.605725,True
5,3,13,200,2,1439,0.61208,1.2161,783,0.617508,656,0.605725,True
5,4,13,200,2,1439,0.61208,1.2161,783,0.617508,656,0.605725,True
5,5,13,200,2,1439,0.61208,1.2161,783,0.617508,656,0.605725,True
5,1,5,200,2,1455,0.610831,1.2199,794,0.61838,661,0.602004,True
5,2,5,200,2,1455,0.610831,1.2199,794,0.61838,661,0.602004,True
5,3,5,200,2,1455,0.610831,1.2199,794,0.61838,661,0.602004,True
5,4,5,200,2,1455,0.610831,1.2199,794,0.61838,661,0.602004,True
5,5,5,200,2,1455,0.610831,1.2199,794,0.61838,661,0.602004,True
5,1,10,50,2,1705,0.60461,1.2182,899,0.616175,806,0.592212,True
5,2,10,50,2,1705,0.60461,1.2182,899,0.616175,806,0.592212,True
5,3,10,50,2,1705,0.60461,1.2182,899,0.616175,806,0.592212,True
5,4,10,50,2,1705,0.60461,1.2182,899,0.616175,806,0.592212,True
5,5,10,50,2,1705,0.60461,1.2182,899,0.616175,806,0.592212,True
5,1,8,50,2,1703,0.604544,1.2184,898,0.615912,805,0.592347,True
5,2,8,50,2,1703,0.604544,1.2184,898,0.615912,805,0.592347,True
5,3,8,50,2,1703,0.604544,1.2184,898,0.615912,805,0.592347,True
5,4,8,50,2,1703,0.604544,1.2184,898,0.615912,805,0.592347,True
5,5,8,50,2,1703,0.604544,1.2184,898,0.615912,805,0.592347,True
5,1,5,50,2,1715,0.604512,1.2198,906,0.616327,809,0.591807,True
5,2,5,50,2,1715,0.604512,1.2198,906,0.616327,809,0.591807,True
5,3,5,50,2,1715,0.604512,1.2198,906,0.616327,809,0.591807,True
5,4,5,50,2,1715,0.604512,1.2198,906,0.616327,809,0.591807,True
5,5,5,50,2,1715,0.604512,1.2198,906,0.616327,809,0.591807,True
5,1,13,50,2,1706,0.604108,1.2186,899,0.614911,807,0.592511,True
5,2,13,50,2,1706,0.604108,1.2186,899,0.614911,807,0.592511,True
5,3,13,50,2,1706,0.604108,1.2186,899,0.614911,807,0.592511,True
5,4,13,50,2,1706,0.604108,1.2186,899,0.614911,807,0.592511,True
5,5,13,50,2,1706,0.604108,1.2186,899,0.614911,807,0.592511,True
5,1,8,100,2,1534,0.601333,1.2177,822,0.612975,712,0.58843,True
5,2,8,100,2,1534,0.601333,1.2177,822,0.612975,712,0.58843,True
5,3,8,100,2,1534,0.601333,1.2177,822,0.612975,712,0.58843,True
5,4,8,100,2,1534,0.601333,1.2177,822,0.612975,712,0.58843,True
5,5,8,100,2,1534,0.601333,1.2177,822,0.612975,712,0.58843,True
5,1,10,100,2,1534,0.601097,1.2164,823,0.613264,711,0.587603,True
5,2,10,100,2,1534,0.601097,1.2164,823,0.613264,711,0.587603,True
5,3,10,100,2,1534,0.601097,1.2164,823,0.613264,711,0.587603,True
5,4,10,100,2,1534,0.601097,1.2164,823,0.613264,711,0.587603,True
5,5,10,100,2,1534,0.601097,1.2164,823,0.613264,711,0.587603,True
5,1,5,100,2,1551,0.60093,1.2199,834,0.613687,717,0.586743,True
5,2,5,100,2,1551,0.60093,1.2199,834,0.613687,717,0.586743,True
5,3,5,100,2,1551,0.60093,1.2199,834,0.613687,717,0.586743,True
5,4,5,100,2,1551,0.60093,1.2199,834,0.613687,717,0.586743,True
5,5,5,100,2,1551,0.60093,1.2199,834,0.613687,717,0.586743,True
5,1,13,100,2,1535,0.600548,1.2169,823,0.611896,712,0.587944,True
5,2,13,100,2,1535,0.600548,1.2169,823,0.611896,712,0.587944,True
5,3,13,100,2,1535,0.600548,1.2169,823,0.611896,712,0.587944,True
5,4,13,100,2,1535,0.600548,1.2169,823,0.611896,712,0.587944,True
5,5,13,100,2,1535,0.600548,1.2169,823,0.611896,712,0.587944,True
3,1,5,50,2,2019,0.600535,1.214,1068,0.609937,951,0.590317,True
3,2,5,50,2,2019,0.600535,1.214,1068,0.609937,951,0.590317,True
3,3,5,50,2,2019,0.600535,1.214,1068,0.609937,951,0.590317,True
3,4,5,50,2,2019,0.600535,1.214,1068,0.609937,951,0.590317,True
3,5,5,50,2,2019,0.600535,1.214,1068,0.609937,951,0.590317,True
3,1,8,200,2,1727,0.600487,1.2096,939,0.605416,788,0.594717,True
3,2,8,200,2,1727,0.600487,1.2096,939,0.605416,788,0.594717,True
3,3,8,200,2,1727,0.600487,1.2096,939,0.605416,788,0.594717,True
3,4,8,200,2,1727,0.600487,1.2096,939,0.605416,788,0.594717,True
3,5,8,200,2,1727,0.600487,1.2096,939,0.605416,788,0.594717,True
3,1,8,50,2,2014,0.600298,1.2135,1064,0.609742,950,0.590062,True
3,2,8,50,2,2014,0.600298,1.2135,1064,0.609742,950,0.590062,True
3,3,8,50,2,2014,0.600298,1.2135,1064,0.609742,950,0.590062,True
3,4,8,50,2,2014,0.600298,1.2135,1064,0.609742,950,0.590062,True
3,5,8,50,2,2014,0.600298,1.2135,1064,0.609742,950,0.590062,True
3,1,5,200,2,1733,0.600277,1.2106,943,0.604875,790,0.59488,True
3,2,5,200,2,1733,0.600277,1.2106,943,0.604875,790,0.59488,True
3,3,5,200,2,1733,0.600277,1.2106,943,0.604875,790,0.59488,True
3,4,5,200,2,1733,0.600277,1.2106,943,0.604875,790,0.59488,True
3,5,5,200,2,1733,0.600277,1.2106,943,0.604875,790,0.59488,True
3,1,10,50,2,2013,0.6,1.2136,1064,0.609742,949,0.589441,True
3,2,10,50,2,2013,0.6,1.2136,1064,0.609742,949,0.589441,True
3,3,10,50,2,2013,0.6,1.2136,1064,0.609742,949,0.589441,True
3,4,10,50,2,2013,0.6,1.2136,1064,0.609742,949,0.589441,True
3,5,10,50,2,2013,0.6,1.2136,1064,0.609742,949,0.589441,True
3,1,10,200,2,1724,0.599861,1.2094,938,0.605161,786,0.593656,True
3,2,10,200,2,1724,0.599861,1.2094,938,0.605161,786,0.593656,True
3,3,10,200,2,1724,0.599861,1.2094,938,0.605161,786,0.593656,True
3,4,10,200,2,1724,0.599861,1.2094,938,0.605161,786,0.593656,True
3,5,10,200,2,1724,0.599861,1.2094,938,0.605161,786,0.593656,True
5,1,8,20,2,1868,0.599487,1.2163,958,0.605563,910,0.59322,True
5,2,8,20,2,1868,0.599487,1.2163,958,0.605563,910,0.59322,True
5,3,8,20,2,1868,0.599487,1.2163,958,0.605563,910,0.59322,True
5,4,8,20,2,1868,0.599487,1.2163,958,0.605563,910,0.59322,True
5,5,8,20,2,1868,0.599487,1.2163,958,0.605563,910,0.59322,True
3,1,13,50,2,2012,0.599345,1.2142,1063,0.609169,949,0.58871,True
3,2,13,50,2,2012,0.599345,1.2142,1063,0.609169,949,0.58871,True
3,3,13,50,2,2012,0.599345,1.2142,1063,0.609169,949,0.58871,True
3,4,13,50,2,2012,0.599345,1.2142,1063,0.609169,949,0.58871,True
3,5,13,50,2,2012,0.599345,1.2142,1063,0.609169,949,0.58871,True
3,1,13,200,2,1720,0.599303,1.2105,935,0.604396,785,0.593348,True
3,2,13,200,2,1720,0.599303,1.2105,935,0.604396,785,0.593348,True
3,3,13,200,2,1720,0.599303,1.2105,935,0.604396,785,0.593348,True
3,4,13,200,2,1720,0.599303,1.2105,935,0.604396,785,0.593348,True
3,5,13,200,2,1720,0.599303,1.2105,935,0.604396,785,0.593348,True
5,1,10,20,2,1870,0.599167,1.2166,960,0.605678,910,0.592448,True
5,2,10,20,2,1870,0.599167,1.2166,960,0.605678,910,0.592448,True
5,3,10,20,2,1870,0.599167,1.2166,960,0.605678,910,0.592448,True
5,4,10,20,2,1870,0.599167,1.2166,960,0.605678,910,0.592448,True
5,5,10,20,2,1870,0.599167,1.2166,960,0.605678,910,0.592448,True
5,1,5,20,2,1868,0.599102,1.2163,960,0.605678,908,0.592303,True
5,2,5,20,2,1868,0.599102,1.2163,960,0.605678,908,0.592303,True
5,3,5,20,2,1868,0.599102,1.2163,960,0.605678,908,0.592303,True
5,4,5,20,2,1868,0.599102,1.2163,960,0.605678,908,0.592303,True
5,5,5,20,2,1868,0.599102,1.2163,960,0.605678,908,0.592303,True
3,1,5,20,2,2296,0.598852,1.2173,1182,0.6074,1114,0.590042,True
3,2,5,20,2,2296,0.598852,1.2173,1182,0.6074,1114,0.590042,True
3,3,5,20,2,2296,0.598852,1.2173,1182,0.6074,1114,0.590042,True
3,4,5,20,2,2296,0.598852,1.2173,1182,0.6074,1114,0.590042,True
3,5,5,20,2,2296,0.598852,1.2173,1182,0.6074,1114,0.590042,True
3,1,8,20,2,2294,0.598799,1.2171,1180,0.606996,1114,0.590355,True
3,2,8,20,2,2294,0.598799,1.2171,1180,0.606996,1114,0.590355,True
3,3,8,20,2,2294,0.598799,1.2171,1180,0.606996,1114,0.590355,True
3,4,8,20,2,2294,0.598799,1.2171,1180,0.606996,1114,0.590355,True
3,5,8,20,2,2294,0.598799,1.2171,1180,0.606996,1114,0.590355,True
5,1,13,20,2,1873,0.598785,1.2168,962,0.605031,911,0.592328,True
5,2,13,20,2,1873,0.598785,1.2168,962,0.605031,911,0.592328,True
5,3,13,20,2,1873,0.598785,1.2168,962,0.605031,911,0.592328,True
5,4,13,20,2,1873,0.598785,1.2168,962,0.605031,911,0.592328,True
5,5,13,20,2,1873,0.598785,1.2168,962,0.605031,911,0.592328,True
3,1,10,20,2,2293,0.598538,1.2172,1180,0.606996,1113,0.589825,True
3,2,10,20,2,2293,0.598538,1.2172,1180,0.606996,1113,0.589825,True
3,3,10,20,2,2293,0.598538,1.2172,1180,0.606996,1113,0.589825,True
3,4,10,20,2,2293,0.598538,1.2172,1180,0.606996,1113,0.589825,True
3,5,10,20,2,2293,0.598538,1.2172,1180,0.606996,1113,0.589825,True
3,1,13,20,2,2294,0.598175,1.2175,1181,0.606886,1113,0.589201,True
3,2,13,20,2,2294,0.598175,1.2175,1181,0.606886,1113,0.589201,True
3,3,13,20,2,2294,0.598175,1.2175,1181,0.606886,1113,0.589201,True
3,4,13,20,2,2294,0.598175,1.2175,1181,0.606886,1113,0.589201,True
3,5,13,20,2,2294,0.598175,1.2175,1181,0.606886,1113,0.589201,True
3,1,8,100,2,1852,0.597419,1.2117,988,0.603175,864,0.590971,True
3,2,8,100,2,1852,0.597419,1.2117,988,0.603175,864,0.590971,True
3,3,8,100,2,1852,0.597419,1.2117,988,0.603175,864,0.590971,True
3,4,8,100,2,1852,0.597419,1.2117,988,0.603175,864,0.590971,True
3,5,8,100,2,1852,0.597419,1.2117,988,0.603175,864,0.590971,True
3,1,5,100,2,1857,0.597298,1.2122,992,0.602673,865,0.591251,True
3,2,5,100,2,1857,0.597298,1.2122,992,0.602673,865,0.591251,True
3,3,5,100,2,1857,0.597298,1.2122,992,0.602673,865,0.591251,True
3,4,5,100,2,1857,0.597298,1.2122,992,0.602673,865,0.591251,True
3,5,5,100,2,1857,0.597298,1.2122,992,0.602673,865,0.591251,True
3,1,10,100,2,1850,0.596967,1.2119,988,0.603175,862,0.590007,True
3,2,10,100,2,1850,0.596967,1.2119,988,0.603175,862,0.590007,True
3,3,10,100,2,1850,0.596967,1.2119,988,0.603175,862,0.590007,True
3,4,10,100,2,1850,0.596967,1.2119,988,0.603175,862,0.590007,True
3,5,10,100,2,1850,0.596967,1.2119,988,0.603175,862,0.590007,True
6,1,10,200,2,1385,0.596212,1.2094,782,0.613333,603,0.575382,True
6,2,10,200,2,1385,0.596212,1.2094,782,0.613333,603,0.575382,True
6,3,10,200,2,1385,0.596212,1.2094,782,0.613333,603,0.575382,True
6,4,10,200,2,1385,0.596212,1.2094,782,0.613333,603,0.575382,True
6,5,10,200,2,1385,0.596212,1.2094,782,0.613333,603,0.575382,True
6,1,8,200,2,1393,0.596063,1.2103,784,0.6125,609,0.576159,True
6,2,8,200,2,1393,0.596063,1.2103,784,0.6125,609,0.576159,True
6,3,8,200,2,1393,0.596063,1.2103,784,0.6125,609,0.576159,True
6,4,8,200,2,1393,0.596063,1.2103,784,0.6125,609,0.576159,True
6,5,8,200,2,1393,0.596063,1.2103,784,0.6125,609,0.576159,True
3,1,13,100,2,1847,0.595999,1.2128,986,0.602321,861,0.588919,True
3,2,13,100,2,1847,0.595999,1.2128,986,0.602321,861,0.588919,True
3,3,13,100,2,1847,0.595999,1.2128,986,0.602321,861,0.588919,True
3,4,13,100,2,1847,0.595999,1.2128,986,0.602321,861,0.588919,True
3,5,13,100,2,1847,0.595999,1.2128,986,0.602321,861,0.588919,True
6,1,13,200,2,1387,0.595279,1.2091,782,0.611415,605,0.575642,True
6,2,13,200,2,1387,0.595279,1.2091,782,0.611415,605,0.575642,True
6,3,13,200,2,1387,0.595279,1.2091,782,0.611415,605,0.575642,True
6,4,13,200,2,1387,0.595279,1.2091,782,0.611415,605,0.575642,True
6,5,13,200,2,1387,0.595279,1.2091,782,0.611415,605,0.575642,True
6,1,5,200,2,1427,0.594583,1.213,802,0.612214,625,0.573394,True
6,2,5,200,2,1427,0.594583,1.213,802,0.612214,625,0.573394,True
6,3,5,200,2,1427,0.594583,1.213,802,0.612214,625,0.573394,True
6,4,5,200,2,1427,0.594583,1.213,802,0.612214,625,0.573394,True
6,5,5,200,2,1427,0.594583,1.213,802,0.612214,625,0.573394,True
4,1,8,200,2,1515,0.594118,1.2092,825,0.600874,690,0.586236,True
4,2,8,200,2,1515,0.594118,1.2092,825,0.600874,690,0.586236,True
4,3,8,200,2,1515,0.594118,1.2092,825,0.600874,690,0.586236,True
4,4,8,200,2,1515,0.594118,1.2092,825,0.600874,690,0.586236,True
4,5,8,200,2,1515,0.594118,1.2092,825,0.600874,690,0.586236,True
4,1,5,200,2,1519,0.593359,1.2093,830,0.601014,689,0.584394,True
4,2,5,200,2,1519,0.593359,1.2093,830,0.601014,689,0.584394,True
4,3,5,200,2,1519,0.593359,1.2093,830,0.601014,689,0.584394,True
4,4,5,200,2,1519,0.593359,1.2093,830,0.601014,689,0.584394,True
4,5,5,200,2,1519,0.593359,1.2093,830,0.601014,689,0.584394,True
4,1,10,200,2,1513,0.593101,1.2095,825,0.6,688,0.585034,True
4,2,10,200,2,1513,0.593101,1.2095,825,0.6,688,0.585034,True
4,3,10,200,2,1513,0.593101,1.2095,825,0.6,688,0.585034,True
4,4,10,200,2,1513,0.593101,1.2095,825,0.6,688,0.585034,True
4,5,10,200,2,1513,0.593101,1.2095,825,0.6,688,0.585034,True
4,1,13,200,2,1511,0.592549,1.2105,823,0.599417,688,0.584537,True
4,2,13,200,2,1511,0.592549,1.2105,823,0.599417,688,0.584537,True
4,3,13,200,2,1511,0.592549,1.2105,823,0.599417,688,0.584537,True
4,4,13,200,2,1511,0.592549,1.2105,823,0.599417,688,0.584537,True
4,5,13,200,2,1511,0.592549,1.2105,823,0.599417,688,0.584537,True
4,1,5,50,2,1795,0.590655,1.2128,943,0.6041,852,0.576455,True
4,2,5,50,2,1795,0.590655,1.2128,943,0.6041,852,0.576455,True
4,3,5,50,2,1795,0.590655,1.2128,943,0.6041,852,0.576455,True
4,4,5,50,2,1795,0.590655,1.2128,943,0.6041,852,0.576455,True
4,5,5,50,2,1795,0.590655,1.2128,943,0.6041,852,0.576455,True
4,1,8,50,2,1792,0.590639,1.2132,938,0.603215,854,0.577417,True
4,2,8,50,2,1792,0.590639,1.2132,938,0.603215,854,0.577417,True
4,3,8,50,2,1792,0.590639,1.2132,938,0.603215,854,0.577417,True
4,4,8,50,2,1792,0.590639,1.2132,938,0.603215,854,0.577417,True
4,5,8,50,2,1792,0.590639,1.2132,938,0.603215,854,0.577417,True
6,1,10,50,2,1633,0.590383,1.2119,882,0.610803,751,0.568079,True
6,2,10,50,2,1633,0.590383,1.2119,882,0.610803,751,0.568079,True
6,3,10,50,2,1633,0.590383,1.2119,882,0.610803,751,0.568079,True
6,4,10,50,2,1633,0.590383,1.2119,882,0.610803,751,0.568079,True
6,5,10,50,2,1633,0.590383,1.2119,882,0.610803,751,0.568079,True
4,1,10,50,2,1791,0.589921,1.2133,938,0.602441,853,0.576741,True
4,2,10,50,2,1791,0.589921,1.2133,938,0.602441,853,0.576741,True
4,3,10,50,2,1791,0.589921,1.2133,938,0.602441,853,0.576741,True
4,4,10,50,2,1791,0.589921,1.2133,938,0.602441,853,0.576741,True
4,5,10,50,2,1791,0.589921,1.2133,938,0.602441,853,0.576741,True
4,1,13,50,2,1790,0.589397,1.214,937,0.602185,853,0.575962,True
4,2,13,50,2,1790,0.589397,1.214,937,0.602185,853,0.575962,True
4,3,13,50,2,1790,0.589397,1.214,937,0.602185,853,0.575962,True
4,4,13,50,2,1790,0.589397,1.214,937,0.602185,853,0.575962,True
4,5,13,50,2,1790,0.589397,1.214,937,0.602185,853,0.575962,True
6,1,8,50,2,1636,0.589337,1.2115,884,0.609235,752,0.567547,True
6,1,13,50,2,1636,0.589337,1.2115,883,0.608966,753,0.567873,True
6,2,8,50,2,1636,0.589337,1.2115,884,0.609235,752,0.567547,True
6,2,13,50,2,1636,0.589337,1.2115,883,0.608966,753,0.567873,True
6,3,8,50,2,1636,0.589337,1.2115,884,0.609235,752,0.567547,True
6,3,13,50,2,1636,0.589337,1.2115,883,0.608966,753,0.567873,True
6,4,8,50,2,1636,0.589337,1.2115,884,0.609235,752,0.567547,True
6,4,13,50,2,1636,0.589337,1.2115,883,0.608966,753,0.567873,True
6,5,8,50,2,1636,0.589337,1.2115,884,0.609235,752,0.567547,True
6,5,13,50,2,1636,0.589337,1.2115,883,0.608966,753,0.567873,True
6,1,10,20,2,1756,0.588669,1.213,928,0.605349,828,0.571034,True
6,2,10,20,2,1756,0.588669,1.213,928,0.605349,828,0.571034,True
6,3,10,20,2,1756,0.588669,1.213,928,0.605349,828,0.571034,True
6,4,10,20,2,1756,0.588669,1.213,928,0.605349,828,0.571034,True
6,5,10,20,2,1756,0.588669,1.213,928,0.605349,828,0.571034,True
6,1,5,50,2,1657,0.588632,1.2124,893,0.607897,764,0.567608,True
6,2,5,50,2,1657,0.588632,1.2124,893,0.607897,764,0.567608,True
6,3,5,50,2,1657,0.588632,1.2124,893,0.607897,764,0.567608,True
6,4,5,50,2,1657,0.588632,1.2124,893,0.607897,764,0.567608,True
6,5,5,50,2,1657,0.588632,1.2124,893,0.607897,764,0.567608,True
1,1,8,50,2,3611,0.58859,1.2312,1897,0.594671,1714,0.582003,True
1,2,8,50,2,3611,0.58859,1.2312,1897,0.594671,1714,0.582003,True
1,3,8,50,2,3611,0.58859,1.2312,1897,0.594671,1714,0.582003,True
1,4,8,50,2,3611,0.58859,1.2312,1897,0.594671,1714,0.582003,True
1,5,8,50,2,3611,0.58859,1.2312,1897,0.594671,1714,0.582003,True
4,1,8,20,2,2026,0.58844,1.2132,1029,0.598256,997,0.578642,True
4,2,8,20,2,2026,0.58844,1.2132,1029,0.598256,997,0.578642,True
4,3,8,20,2,2026,0.58844,1.2132,1029,0.598256,997,0.578642,True
4,4,8,20,2,2026,0.58844,1.2132,1029,0.598256,997,0.578642,True
4,5,8,20,2,2026,0.58844,1.2132,1029,0.598256,997,0.578642,True
6,1,8,20,2,1755,0.588334,1.2125,927,0.604302,828,0.571429,True
6,2,8,20,2,1755,0.588334,1.2125,927,0.604302,828,0.571429,True
6,3,8,20,2,1755,0.588334,1.2125,927,0.604302,828,0.571429,True
6,4,8,20,2,1755,0.588334,1.2125,927,0.604302,828,0.571429,True
6,5,8,20,2,1755,0.588334,1.2125,927,0.604302,828,0.571429,True
1,1,10,50,2,3578,0.588293,1.232,1881,0.594501,1697,0.581563,True
1,2,10,50,2,3578,0.588293,1.232,1881,0.594501,1697,0.581563,True
1,3,10,50,2,3578,0.588293,1.232,1881,0.594501,1697,0.581563,True
1,4,10,50,2,3578,0.588293,1.232,1881,0.594501,1697,0.581563,True
1,5,10,50,2,3578,0.588293,1.232,1881,0.594501,1697,0.581563,True
4,1,8,100,2,1634,0.588193,1.2105,862,0.596127,772,0.57958,True
4,2,8,100,2,1634,0.588193,1.2105,862,0.596127,772,0.57958,True
4,3,8,100,2,1634,0.588193,1.2105,862,0.596127,772,0.57958,True
4,4,8,100,2,1634,0.588193,1.2105,862,0.596127,772,0.57958,True
4,5,8,100,2,1634,0.588193,1.2105,862,0.596127,772,0.57958,True
4,1,5,20,2,2025,0.58815,1.2128,1031,0.59907,994,0.577236,True
4,2,5,20,2,2025,0.58815,1.2128,1031,0.59907,994,0.577236,True
4,3,5,20,2,2025,0.58815,1.2128,1031,0.59907,994,0.577236,True
4,4,5,20,2,2025,0.58815,1.2128,1031,0.59907,994,0.577236,True
4,5,5,20,2,2025,0.58815,1.2128,1031,0.59907,994,0.577236,True
1,1,5,50,2,3637,0.587941,1.2312,1908,0.593838,1729,0.581567,True
1,2,5,50,2,3637,0.587941,1.2312,1908,0.593838,1729,0.581567,True
1,3,5,50,2,3637,0.587941,1.2312,1908,0.593838,1729,0.581567,True
1,4,5,50,2,3637,0.587941,1.2312,1908,0.593838,1729,0.581567,True
1,5,5,50,2,3637,0.587941,1.2312,1908,0.593838,1729,0.581567,True
6,1,13,20,2,1763,0.587863,1.2127,932,0.604018,831,0.570742,True
6,2,13,20,2,1763,0.587863,1.2127,932,0.604018,831,0.570742,True
6,3,13,20,2,1763,0.587863,1.2127,932,0.604018,831,0.570742,True
6,4,13,20,2,1763,0.587863,1.2127,932,0.604018,831,0.570742,True
6,5,13,20,2,1763,0.587863,1.2127,932,0.604018,831,0.570742,True
4,1,10,20,2,2025,0.587808,1.2133,1029,0.597561,996,0.578062,True
4,2,10,20,2,2025,0.587808,1.2133,1029,0.597561,996,0.578062,True
4,3,10,20,2,2025,0.587808,1.2133,1029,0.597561,996,0.578062,True
4,4,10,20,2,2025,0.587808,1.2133,1029,0.597561,996,0.578062,True
4,5,10,20,2,2025,0.587808,1.2133,1029,0.597561,996,0.578062,True
6,1,5,20,2,1760,0.587646,1.2125,929,0.603247,831,0.571134,True
6,2,5,20,2,1760,0.587646,1.2125,929,0.603247,831,0.571134,True
6,3,5,20,2,1760,0.587646,1.2125,929,0.603247,831,0.571134,True
6,4,5,20,2,1760,0.587646,1.2125,929,0.603247,831,0.571134,True
6,5,5,20,2,1760,0.587646,1.2125,929,0.603247,831,0.571134,True
1,1,13,50,2,3551,0.587622,1.2323,1864,0.593064,1687,0.581724,True
1,2,13,50,2,3551,0.587622,1.2323,1864,0.593064,1687,0.581724,True
1,3,13,50,2,3551,0.587622,1.2323,1864,0.593064,1687,0.581724,True
1,4,13,50,2,3551,0.587622,1.2323,1864,0.593064,1687,0.581724,True
1,5,13,50,2,3551,0.587622,1.2323,1864,0.593064,1687,0.581724,True
4,1,13,20,2,2026,0.587587,1.2137,1030,0.597795,996,0.577391,True
4,2,13,20,2,2026,0.587587,1.2137,1030,0.597795,996,0.577391,True
4,3,13,20,2,2026,0.587587,1.2137,1030,0.597795,996,0.577391,True
4,4,13,20,2,2026,0.587587,1.2137,1030,0.597795,996,0.577391,True
4,5,13,20,2,2026,0.587587,1.2137,1030,0.597795,996,0.577391,True
4,1,5,100,2,1637,0.587581,1.2101,867,0.596286,770,0.578078,True
4,2,5,100,2,1637,0.587581,1.2101,867,0.596286,770,0.578078,True
4,3,5,100,2,1637,0.587581,1.2101,867,0.596286,770,0.578078,True
4,4,5,100,2,1637,0.587581,1.2101,867,0.596286,770,0.578078,True
4,5,5,100,2,1637,0.587581,1.2101,867,0.596286,770,0.578078,True
1,1,8,200,2,3187,0.587574,1.2338,1738,0.595409,1449,0.578443,True
1,2,8,200,2,3187,0.587574,1.2338,1738,0.595409,1449,0.578443,True
1,3,8,200,2,3187,0.587574,1.2338,1738,0.595409,1449,0.578443,True
1,4,8,200,2,3187,0.587574,1.2338,1738,0.595409,1449,0.578443,True
1,5,8,200,2,3187,0.587574,1.2338,1738,0.595409,1449,0.578443,True
4,1,10,100,2,1632,0.587262,1.2108,862,0.595304,770,0.578512,True
4,2,10,100,2,1632,0.587262,1.2108,862,0.595304,770,0.578512,True
4,3,10,100,2,1632,0.587262,1.2108,862,0.595304,770,0.578512,True
4,4,10,100,2,1632,0.587262,1.2108,862,0.595304,770,0.578512,True
4,5,10,100,2,1632,0.587262,1.2108,862,0.595304,770,0.578512,True
1,1,10,200,2,3141,0.586993,1.235,1712,0.594032,1429,0.578777,True
1,2,10,200,2,3141,0.586993,1.235,1712,0.594032,1429,0.578777,True
1,3,10,200,2,3141,0.586993,1.235,1712,0.594032,1429,0.578777,True
1,4,10,200,2,3141,0.586993,1.235,1712,0.594032,1429,0.578777,True
1,5,10,200,2,3141,0.586993,1.235,1712,0.594032,1429,0.578777,True
4,1,13,100,2,1631,0.586691,1.2115,861,0.595024,770,0.577644,True
4,2,13,100,2,1631,0.586691,1.2115,861,0.595024,770,0.577644,True
4,3,13,100,2,1631,0.586691,1.2115,861,0.595024,770,0.577644,True
4,4,13,100,2,1631,0.586691,1.2115,861,0.595024,770,0.577644,True
4,5,13,100,2,1631,0.586691,1.2115,861,0.595024,770,0.577644,True
1,1,5,200,2,3233,0.586538,1.2354,1756,0.593444,1477,0.578535,True
1,2,5,200,2,3233,0.586538,1.2354,1756,0.593444,1477,0.578535,True
1,3,5,200,2,3233,0.586538,1.2354,1756,0.593444,1477,0.578535,True
1,4,5,200,2,3233,0.586538,1.2354,1756,0.593444,1477,0.578535,True
1,5,5,200,2,3233,0.586538,1.2354,1756,0.593444,1477,0.578535,True
1,1,8,100,2,3404,0.586492,1.2338,1818,0.59724,1586,0.574638,True
1,2,8,100,2,3404,0.586492,1.2338,1818,0.59724,1586,0.574638,True
1,3,8,100,2,3404,0.586492,1.2338,1818,0.59724,1586,0.574638,True
1,4,8,100,2,3404,0.586492,1.2338,1818,0.59724,1586,0.574638,True
1,5,8,100,2,3404,0.586492,1.2338,1818,0.59724,1586,0.574638,True
1,1,10,100,2,3360,0.585672,1.2345,1794,0.595815,1566,0.574468,True
1,2,10,100,2,3360,0.585672,1.2345,1794,0.595815,1566,0.574468,True
1,3,10,100,2,3360,0.585672,1.2345,1794,0.595815,1566,0.574468,True
1,4,10,100,2,3360,0.585672,1.2345,1794,0.595815,1566,0.574468,True
1,5,10,100,2,3360,0.585672,1.2345,1794,0.595815,1566,0.574468,True
1,1,13,200,2,3084,0.58531,1.2341,1679,0.592031,1405,0.577476,True
1,2,13,200,2,3084,0.58531,1.2341,1679,0.592031,1405,0.577476,True
1,3,13,200,2,3084,0.58531,1.2341,1679,0.592031,1405,0.577476,True
1,4,13,200,2,3084,0.58531,1.2341,1679,0.592031,1405,0.577476,True
1,5,13,200,2,3084,0.58531,1.2341,1679,0.592031,1405,0.577476,True
1,1,5,100,2,3441,0.585304,1.2342,1834,0.595648,1607,0.573929,True
1,2,5,100,2,3441,0.585304,1.2342,1834,0.595648,1607,0.573929,True
1,3,5,100,2,3441,0.585304,1.2342,1834,0.595648,1607,0.573929,True
1,4,5,100,2,3441,0.585304,1.2342,1834,0.595648,1607,0.573929,True
1,5,5,100,2,3441,0.585304,1.2342,1834,0.595648,1607,0.573929,True
1,1,13,100,2,3316,0.584729,1.2346,1768,0.594286,1548,0.574184,True
1,2,13,100,2,3316,0.584729,1.2346,1768,0.594286,1548,0.574184,True
1,3,13,100,2,3316,0.584729,1.2346,1768,0.594286,1548,0.574184,True
1,4,13,100,2,3316,0.584729,1.2346,1768,0.594286,1548,0.574184,True
1,5,13,100,2,3316,0.584729,1.2346,1768,0.594286,1548,0.574184,True
1,1,8,20,2,3881,0.584664,1.234,2025,0.59332,1856,0.575504,True
1,2,8,20,2,3881,0.584664,1.234,2025,0.59332,1856,0.575504,True
1,3,8,20,2,3881,0.584664,1.234,2025,0.59332,1856,0.575504,True
1,4,8,20,2,3881,0.584664,1.234,2025,0.59332,1856,0.575504,True
1,5,8,20,2,3881,0.584664,1.234,2025,0.59332,1856,0.575504,True
1,1,5,20,2,3887,0.584248,1.2339,2027,0.593037,1860,0.574961,True
1,2,5,20,2,3887,0.584248,1.2339,2027,0.593037,1860,0.574961,True
1,3,5,20,2,3887,0.584248,1.2339,2027,0.593037,1860,0.574961,True
1,4,5,20,2,3887,0.584248,1.2339,2027,0.593037,1860,0.574961,True
1,5,5,20,2,3887,0.584248,1.2339,2027,0.593037,1860,0.574961,True
1,1,10,20,2,3872,0.5841,1.234,2021,0.592842,1851,0.574845,True
1,2,10,20,2,3872,0.5841,1.234,2021,0.592842,1851,0.574845,True
1,3,10,20,2,3872,0.5841,1.234,2021,0.592842,1851,0.574845,True
1,4,10,20,2,3872,0.5841,1.234,2021,0.592842,1851,0.574845,True
1,5,10,20,2,3872,0.5841,1.234,2021,0.592842,1851,0.574845,True
1,1,13,20,2,3874,0.584049,1.2341,2022,0.592614,1852,0.574977,True
1,2,13,20,2,3874,0.584049,1.2341,2022,0.592614,1852,0.574977,True
1,3,13,20,2,3874,0.584049,1.2341,2022,0.592614,1852,0.574977,True
1,4,13,20,2,3874,0.584049,1.2341,2022,0.592614,1852,0.574977,True
1,5,13,20,2,3874,0.584049,1.2341,2022,0.592614,1852,0.574977,True
6,1,8,100,2,1479,0.583432,1.2089,812,0.603717,667,0.560504,True
6,2,8,100,2,1479,0.583432,1.2089,812,0.603717,667,0.560504,True
6,3,8,100,2,1479,0.583432,1.2089,812,0.603717,667,0.560504,True
6,4,8,100,2,1479,0.583432,1.2089,812,0.603717,667,0.560504,True
6,5,8,100,2,1479,0.583432,1.2089,812,0.603717,667,0.560504,True
6,1,10,100,2,1471,0.583267,1.208,810,0.604478,661,0.559222,True
6,2,10,100,2,1471,0.583267,1.208,810,0.604478,661,0.559222,True
6,3,10,100,2,1471,0.583267,1.208,810,0.604478,661,0.559222,True
6,4,10,100,2,1471,0.583267,1.208,810,0.604478,661,0.559222,True
6,5,10,100,2,1471,0.583267,1.208,810,0.604478,661,0.559222,True
6,1,5,100,2,1510,0.582562,1.2113,827,0.603209,683,0.559378,True
6,2,5,100,2,1510,0.582562,1.2113,827,0.603209,683,0.559378,True
6,3,5,100,2,1510,0.582562,1.2113,827,0.603209,683,0.559378,True
6,4,5,100,2,1510,0.582562,1.2113,827,0.603209,683,0.559378,True
6,5,5,100,2,1510,0.582562,1.2113,827,0.603209,683,0.559378,True
6,1,13,100,2,1473,0.582213,1.2077,810,0.60223,663,0.559494,True
6,2,13,100,2,1473,0.582213,1.2077,810,0.60223,663,0.559494,True
6,3,13,100,2,1473,0.582213,1.2077,810,0.60223,663,0.559494,True
6,4,13,100,2,1473,0.582213,1.2077,810,0.60223,663,0.559494,True
6,5,13,100,2,1473,0.582213,1.2077,810,0.60223,663,0.559494,True
2,1,5,20,2,2612,0.580444,1.2167,1341,0.587128,1271,0.573556,True
2,2,5,20,2,2612,0.580444,1.2167,1341,0.587128,1271,0.573556,True
2,3,5,20,2,2612,0.580444,1.2167,1341,0.587128,1271,0.573556,True
2,4,5,20,2,2612,0.580444,1.2167,1341,0.587128,1271,0.573556,True
2,5,5,20,2,2612,0.580444,1.2167,1341,0.587128,1271,0.573556,True
2,1,5,50,2,2293,0.580359,1.215,1200,0.586224,1093,0.574055,True
2,2,5,50,2,2293,0.580359,1.215,1200,0.586224,1093,0.574055,True
2,3,5,50,2,2293,0.580359,1.215,1200,0.586224,1093,0.574055,True
2,4,5,50,2,2293,0.580359,1.215,1200,0.586224,1093,0.574055,True
2,5,5,50,2,2293,0.580359,1.215,1200,0.586224,1093,0.574055,True
2,1,8,20,2,2611,0.580351,1.2168,1340,0.586947,1271,0.573556,True
2,2,8,20,2,2611,0.580351,1.2168,1340,0.586947,1271,0.573556,True
2,3,8,20,2,2611,0.580351,1.2168,1340,0.586947,1271,0.573556,True
2,4,8,20,2,2611,0.580351,1.2168,1340,0.586947,1271,0.573556,True
2,5,8,20,2,2611,0.580351,1.2168,1340,0.586947,1271,0.573556,True
2,1,10,20,2,2611,0.580222,1.2168,1340,0.586947,1271,0.573297,True
2,1,13,20,2,2611,0.580222,1.2168,1340,0.586947,1271,0.573297,True
2,2,10,20,2,2611,0.580222,1.2168,1340,0.586947,1271,0.573297,True
2,2,13,20,2,2611,0.580222,1.2168,1340,0.586947,1271,0.573297,True
2,3,10,20,2,2611,0.580222,1.2168,1340,0.586947,1271,0.573297,True
2,3,13,20,2,2611,0.580222,1.2168,1340,0.586947,1271,0.573297,True
2,4,10,20,2,2611,0.580222,1.2168,1340,0.586947,1271,0.573297,True
2,4,13,20,2,2611,0.580222,1.2168,1340,0.586947,1271,0.573297,True
2,5,10,20,2,2611,0.580222,1.2168,1340,0.586947,1271,0.573297,True
2,5,13,20,2,2611,0.580222,1.2168,1340,0.586947,1271,0.573297,True
2,1,8,50,2,2291,0.580147,1.2152,1198,0.585819,1093,0.574055,True
2,2,8,50,2,2291,0.580147,1.2152,1198,0.585819,1093,0.574055,True
2,3,8,50,2,2291,0.580147,1.2152,1198,0.585819,1093,0.574055,True
2,4,8,50,2,2291,0.580147,1.2152,1198,0.585819,1093,0.574055,True
2,5,8,50,2,2291,0.580147,1.2152,1198,0.585819,1093,0.574055,True
2,1,10,50,2,2291,0.58,1.2152,1198,0.585819,1093,0.573753,True
2,2,10,50,2,2291,0.58,1.2152,1198,0.585819,1093,0.573753,True
2,3,10,50,2,2291,0.58,1.2152,1198,0.585819,1093,0.573753,True
2,4,10,50,2,2291,0.58,1.2152,1198,0.585819,1093,0.573753,True
2,5,10,50,2,2291,0.58,1.2152,1198,0.585819,1093,0.573753,True
2,1,13,50,2,2287,0.579868,1.2151,1194,0.585007,1093,0.574356,True
2,2,13,50,2,2287,0.579868,1.2151,1194,0.585007,1093,0.574356,True
2,3,13,50,2,2287,0.579868,1.2151,1194,0.585007,1093,0.574356,True
2,4,13,50,2,2287,0.579868,1.2151,1194,0.585007,1093,0.574356,True
2,5,13,50,2,2287,0.579868,1.2151,1194,0.585007,1093,0.574356,True
2,1,5,100,2,2118,0.578689,1.2158,1125,0.584416,993,0.572334,True
2,2,5,100,2,2118,0.578689,1.2158,1125,0.584416,993,0.572334,True
2,3,5,100,2,2118,0.578689,1.2158,1125,0.584416,993,0.572334,True
2,4,5,100,2,2118,0.578689,1.2158,1125,0.584416,993,0.572334,True
2,5,5,100,2,2118,0.578689,1.2158,1125,0.584416,993,0.572334,True
2,1,8,100,2,2116,0.578616,1.216,1123,0.584287,993,0.572334,True
2,1,10,100,2,2116,0.578616,1.216,1123,0.584287,993,0.572334,True
2,2,8,100,2,2116,0.578616,1.216,1123,0.584287,993,0.572334,True
2,2,10,100,2,2116,0.578616,1.216,1123,0.584287,993,0.572334,True
2,3,8,100,2,2116,0.578616,1.216,1123,0.584287,993,0.572334,True
2,3,10,100,2,2116,0.578616,1.216,1123,0.584287,993,0.572334,True
2,4,8,100,2,2116,0.578616,1.216,1123,0.584287,993,0.572334,True
2,4,10,100,2,2116,0.578616,1.216,1123,0.584287,993,0.572334,True
2,5,8,100,2,2116,0.578616,1.216,1123,0.584287,993,0.572334,True
2,5,10,100,2,2116,0.578616,1.216,1123,0.584287,993,0.572334,True
2,1,13,100,2,2111,0.578515,1.216,1119,0.58342,992,0.573079,True
2,2,13,100,2,2111,0.578515,1.216,1119,0.58342,992,0.573079,True
2,3,13,100,2,2111,0.578515,1.216,1119,0.58342,992,0.573079,True
2,4,13,100,2,2111,0.578515,1.216,1119,0.58342,992,0.573079,True
2,5,13,100,2,2111,0.578515,1.216,1119,0.58342,992,0.573079,True
2,1,10,200,2,1966,0.576878,1.2177,1072,0.58356,894,0.569064,True
2,2,10,200,2,1966,0.576878,1.2177,1072,0.58356,894,0.569064,True
2,3,10,200,2,1966,0.576878,1.2177,1072,0.58356,894,0.569064,True
2,4,10,200,2,1966,0.576878,1.2177,1072,0.58356,894,0.569064,True
2,5,10,200,2,1966,0.576878,1.2177,1072,0.58356,894,0.569064,True
2,1,5,200,2,1969,0.576743,1.2174,1075,0.583605,894,0.568702,True
2,2,5,200,2,1969,0.576743,1.2174,1075,0.583605,894,0.568702,True
2,3,5,200,2,1969,0.576743,1.2174,1075,0.583605,894,0.568702,True
2,4,5,200,2,1969,0.576743,1.2174,1075,0.583605,894,0.568702,True
2,5,5,200,2,1969,0.576743,1.2174,1075,0.583605,894,0.568702,True
2,1,8,200,2,1966,0.57654,1.2177,1072,0.583243,894,0.568702,True
2,2,8,200,2,1966,0.57654,1.2177,1072,0.583243,894,0.568702,True
2,3,8,200,2,1966,0.57654,1.2177,1072,0.583243,894,0.568702,True
2,4,8,200,2,1966,0.57654,1.2177,1072,0.583243,894,0.568702,True
2,5,8,200,2,1966,0.57654,1.2177,1072,0.583243,894,0.568702,True
2,1,13,200,2,1957,0.576436,1.2177,1067,0.582424,890,0.569418,True
2,2,13,200,2,1957,0.576436,1.2177,1067,0.582424,890,0.569418,True
2,3,13,200,2,1957,0.576436,1.2177,1067,0.582424,890,0.569418,True
2,4,13,200,2,1957,0.576436,1.2177,1067,0.582424,890,0.569418,True
2,5,13,200,2,1957,0.576436,1.2177,1067,0.582424,890,0.569418,True
5,1,10,200,1,1128,0.480409,1.0,597,0.471564,531,0.490758,True
5,2,10,200,1,1128,0.480409,1.0,597,0.471564,531,0.490758,True
5,3,10,200,1,1128,0.480409,1.0,597,0.471564,531,0.490758,True
5,4,10,200,1,1128,0.480409,1.0,597,0.471564,531,0.490758,True
5,5,10,200,1,1128,0.480409,1.0,597,0.471564,531,0.490758,True
5,1,13,200,1,1128,0.479796,1.0,596,0.470032,532,0.491228,True
5,2,13,200,1,1128,0.479796,1.0,596,0.470032,532,0.491228,True
5,3,13,200,1,1128,0.479796,1.0,596,0.470032,532,0.491228,True
5,4,13,200,1,1128,0.479796,1.0,596,0.470032,532,0.491228,True
5,5,13,200,1,1128,0.479796,1.0,596,0.470032,532,0.491228,True
5,1,8,200,1,1126,0.479557,1.0,595,0.470356,531,0.490305,True
5,2,8,200,1,1126,0.479557,1.0,595,0.470356,531,0.490305,True
5,3,8,200,1,1126,0.479557,1.0,595,0.470356,531,0.490305,True
5,4,8,200,1,1126,0.479557,1.0,595,0.470356,531,0.490305,True
5,5,8,200,1,1126,0.479557,1.0,595,0.470356,531,0.490305,True
5,1,5,200,1,1135,0.47649,1.0,602,0.468847,533,0.485428,True
5,2,5,200,1,1135,0.47649,1.0,602,0.468847,533,0.485428,True
5,3,5,200,1,1135,0.47649,1.0,602,0.468847,533,0.485428,True
5,4,5,200,1,1135,0.47649,1.0,602,0.468847,533,0.485428,True
5,5,5,200,1,1135,0.47649,1.0,602,0.468847,533,0.485428,True
3,1,8,200,1,1365,0.474618,1.0,728,0.469375,637,0.480755,True
3,2,8,200,1,1365,0.474618,1.0,728,0.469375,637,0.480755,True
3,3,8,200,1,1365,0.474618,1.0,728,0.469375,637,0.480755,True
3,4,8,200,1,1365,0.474618,1.0,728,0.469375,637,0.480755,True
3,5,8,200,1,1365,0.474618,1.0,728,0.469375,637,0.480755,True
3,1,10,200,1,1363,0.474252,1.0,728,0.469677,635,0.479607,True
3,2,10,200,1,1363,0.474252,1.0,728,0.469677,635,0.479607,True
3,3,10,200,1,1363,0.474252,1.0,728,0.469677,635,0.479607,True
3,4,10,200,1,1363,0.474252,1.0,728,0.469677,635,0.479607,True
3,5,10,200,1,1363,0.474252,1.0,728,0.469677,635,0.479607,True
3,1,5,200,1,1368,0.473848,1.0,731,0.46889,637,0.479669,True
3,2,5,200,1,1368,0.473848,1.0,731,0.46889,637,0.479669,True
3,3,5,200,1,1368,0.473848,1.0,731,0.46889,637,0.479669,True
3,4,5,200,1,1368,0.473848,1.0,731,0.46889,637,0.479669,True
3,5,5,200,1,1368,0.473848,1.0,731,0.46889,637,0.479669,True
3,1,13,200,1,1358,0.473171,1.0,724,0.468003,634,0.479214,True
3,2,13,200,1,1358,0.473171,1.0,724,0.468003,634,0.479214,True
3,3,13,200,1,1358,0.473171,1.0,724,0.468003,634,0.479214,True
3,4,13,200,1,1358,0.473171,1.0,724,0.468003,634,0.479214,True
3,5,13,200,1,1358,0.473171,1.0,724,0.468003,634,0.479214,True
5,1,10,50,1,1333,0.472695,1.0,682,0.467443,651,0.478325,True
5,2,10,50,1,1333,0.472695,1.0,682,0.467443,651,0.478325,True
5,3,10,50,1,1333,0.472695,1.0,682,0.467443,651,0.478325,True
5,4,10,50,1,1333,0.472695,1.0,682,0.467443,651,0.478325,True
5,5,10,50,1,1333,0.472695,1.0,682,0.467443,651,0.478325,True
5,1,8,50,1,1331,0.472488,1.0,680,0.466392,651,0.479029,True
5,2,8,50,1,1331,0.472488,1.0,680,0.466392,651,0.479029,True
5,3,8,50,1,1331,0.472488,1.0,680,0.466392,651,0.479029,True
5,4,8,50,1,1331,0.472488,1.0,680,0.466392,651,0.479029,True
5,5,8,50,1,1331,0.472488,1.0,680,0.466392,651,0.479029,True
3,1,8,50,1,1584,0.472131,1.0,817,0.468195,767,0.476398,True
3,2,8,50,1,1584,0.472131,1.0,817,0.468195,767,0.476398,True
3,3,8,50,1,1584,0.472131,1.0,817,0.468195,767,0.476398,True
3,4,8,50,1,1584,0.472131,1.0,817,0.468195,767,0.476398,True
3,5,8,50,1,1584,0.472131,1.0,817,0.468195,767,0.476398,True
3,1,5,50,1,1587,0.47204,1.0,820,0.468304,767,0.476102,True
3,2,5,50,1,1587,0.47204,1.0,820,0.468304,767,0.476102,True
3,3,5,50,1,1587,0.47204,1.0,820,0.468304,767,0.476102,True
3,4,5,50,1,1587,0.47204,1.0,820,0.468304,767,0.476102,True
3,5,5,50,1,1587,0.47204,1.0,820,0.468304,767,0.476102,True
5,1,13,50,1,1333,0.472025,1.0,681,0.4658,652,0.478708,True
5,2,13,50,1,1333,0.472025,1.0,681,0.4658,652,0.478708,True
5,3,13,50,1,1333,0.472025,1.0,681,0.4658,652,0.478708,True
5,4,13,50,1,1333,0.472025,1.0,681,0.4658,652,0.478708,True
5,5,13,50,1,1333,0.472025,1.0,681,0.4658,652,0.478708,True
3,1,10,50,1,1583,0.471833,1.0,817,0.468195,766,0.475776,True
3,2,10,50,1,1583,0.471833,1.0,817,0.468195,766,0.475776,True
3,3,10,50,1,1583,0.471833,1.0,817,0.468195,766,0.475776,True
3,4,10,50,1,1583,0.471833,1.0,817,0.468195,766,0.475776,True
3,5,10,50,1,1583,0.471833,1.0,817,0.468195,766,0.475776,True
5,1,5,50,1,1338,0.471625,1.0,685,0.465986,653,0.477688,True
5,2,5,50,1,1338,0.471625,1.0,685,0.465986,653,0.477688,True
5,3,5,50,1,1338,0.471625,1.0,685,0.465986,653,0.477688,True
5,4,5,50,1,1338,0.471625,1.0,685,0.465986,653,0.477688,True
5,5,5,50,1,1338,0.471625,1.0,685,0.465986,653,0.477688,True
6,1,10,200,1,1095,0.471373,1.0,613,0.480784,482,0.459924,True
6,2,10,200,1,1095,0.471373,1.0,613,0.480784,482,0.459924,True
6,3,10,200,1,1095,0.471373,1.0,613,0.480784,482,0.459924,True
6,4,10,200,1,1095,0.471373,1.0,613,0.480784,482,0.459924,True
6,5,10,200,1,1095,0.471373,1.0,613,0.480784,482,0.459924,True
5,1,10,100,1,1202,0.471003,1.0,627,0.467213,575,0.475207,True
5,2,10,100,1,1202,0.471003,1.0,627,0.467213,575,0.475207,True
5,3,10,100,1,1202,0.471003,1.0,627,0.467213,575,0.475207,True
5,4,10,100,1,1202,0.471003,1.0,627,0.467213,575,0.475207,True
5,5,10,100,1,1202,0.471003,1.0,627,0.467213,575,0.475207,True
3,1,8,100,1,1460,0.470968,1.0,759,0.46337,701,0.47948,True
3,2,8,100,1,1460,0.470968,1.0,759,0.46337,701,0.47948,True
3,3,8,100,1,1460,0.470968,1.0,759,0.46337,701,0.47948,True
3,4,8,100,1,1460,0.470968,1.0,759,0.46337,701,0.47948,True
3,5,8,100,1,1460,0.470968,1.0,759,0.46337,701,0.47948,True
3,1,13,50,1,1581,0.470956,1.0,815,0.467049,766,0.475186,True
3,2,13,50,1,1581,0.470956,1.0,815,0.467049,766,0.475186,True
3,3,13,50,1,1581,0.470956,1.0,815,0.467049,766,0.475186,True
3,4,13,50,1,1581,0.470956,1.0,815,0.467049,766,0.475186,True
3,5,13,50,1,1581,0.470956,1.0,815,0.467049,766,0.475186,True
6,1,13,200,1,1097,0.470815,1.0,613,0.479281,484,0.460514,True
6,2,13,200,1,1097,0.470815,1.0,613,0.479281,484,0.460514,True
6,3,13,200,1,1097,0.470815,1.0,613,0.479281,484,0.460514,True
6,4,13,200,1,1097,0.470815,1.0,613,0.479281,484,0.460514,True
6,5,13,200,1,1097,0.470815,1.0,613,0.479281,484,0.460514,True
6,1,8,200,1,1100,0.470689,1.0,614,0.479687,486,0.459792,True
6,2,8,200,1,1100,0.470689,1.0,614,0.479687,486,0.459792,True
6,3,8,200,1,1100,0.470689,1.0,614,0.479687,486,0.459792,True
6,4,8,200,1,1100,0.470689,1.0,614,0.479687,486,0.459792,True
6,5,8,200,1,1100,0.470689,1.0,614,0.479687,486,0.459792,True
3,1,5,100,1,1463,0.470569,1.0,762,0.46294,701,0.479152,True
3,2,5,100,1,1463,0.470569,1.0,762,0.46294,701,0.479152,True
3,3,5,100,1,1463,0.470569,1.0,762,0.46294,701,0.479152,True
3,4,5,100,1,1463,0.470569,1.0,762,0.46294,701,0.479152,True
3,5,5,100,1,1463,0.470569,1.0,762,0.46294,701,0.479152,True
3,1,10,100,1,1458,0.470474,1.0,759,0.46337,699,0.478439,True
3,2,10,100,1,1458,0.470474,1.0,759,0.46337,699,0.478439,True
3,3,10,100,1,1458,0.470474,1.0,759,0.46337,699,0.478439,True
3,4,10,100,1,1458,0.470474,1.0,759,0.46337,699,0.478439,True
3,5,10,100,1,1458,0.470474,1.0,759,0.46337,699,0.478439,True
5,1,8,100,1,1200,0.470404,1.0,625,0.46607,575,0.475207,True
5,2,8,100,1,1200,0.470404,1.0,625,0.46607,575,0.475207,True
5,3,8,100,1,1200,0.470404,1.0,625,0.46607,575,0.475207,True
5,4,8,100,1,1200,0.470404,1.0,625,0.46607,575,0.475207,True
5,5,8,100,1,1200,0.470404,1.0,625,0.46607,575,0.475207,True
5,1,13,100,1,1202,0.470266,1.0,626,0.465428,576,0.47564,True
5,2,13,100,1,1202,0.470266,1.0,626,0.465428,576,0.47564,True
5,3,13,100,1,1202,0.470266,1.0,626,0.465428,576,0.47564,True
5,4,13,100,1,1202,0.470266,1.0,626,0.465428,576,0.47564,True
5,5,13,100,1,1202,0.470266,1.0,626,0.465428,576,0.47564,True
5,1,8,20,1,1464,0.469833,1.0,731,0.462073,733,0.477836,True
5,2,8,20,1,1464,0.469833,1.0,731,0.462073,733,0.477836,True
5,3,8,20,1,1464,0.469833,1.0,731,0.462073,733,0.477836,True
5,4,8,20,1,1464,0.469833,1.0,731,0.462073,733,0.477836,True
5,5,8,20,1,1464,0.469833,1.0,731,0.462073,733,0.477836,True
4,1,8,200,1,1198,0.469804,1.0,643,0.468318,555,0.471538,True
4,2,8,200,1,1198,0.469804,1.0,643,0.468318,555,0.471538,True
4,3,8,200,1,1198,0.469804,1.0,643,0.468318,555,0.471538,True
4,4,8,200,1,1198,0.469804,1.0,643,0.468318,555,0.471538,True
4,5,8,200,1,1198,0.469804,1.0,643,0.468318,555,0.471538,True
5,1,5,20,1,1464,0.469532,1.0,732,0.46183,732,0.477495,True
5,2,5,20,1,1464,0.469532,1.0,732,0.46183,732,0.477495,True
5,3,5,20,1,1464,0.469532,1.0,732,0.46183,732,0.477495,True
5,4,5,20,1,1464,0.469532,1.0,732,0.46183,732,0.477495,True
5,5,5,20,1,1464,0.469532,1.0,732,0.46183,732,0.477495,True
5,1,10,20,1,1465,0.469401,1.0,733,0.462461,732,0.476562,True
5,2,10,20,1,1465,0.469401,1.0,733,0.462461,732,0.476562,True
5,3,10,20,1,1465,0.469401,1.0,733,0.462461,732,0.476562,True
5,4,10,20,1,1465,0.469401,1.0,733,0.462461,732,0.476562,True
5,5,10,20,1,1465,0.469401,1.0,733,0.462461,732,0.476562,True
3,1,13,100,1,1454,0.469184,1.0,756,0.46182,698,0.477428,True
3,2,13,100,1,1454,0.469184,1.0,756,0.46182,698,0.477428,True
3,3,13,100,1,1454,0.469184,1.0,756,0.46182,698,0.477428,True
3,4,13,100,1,1454,0.469184,1.0,756,0.46182,698,0.477428,True
3,5,13,100,1,1454,0.469184,1.0,756,0.46182,698,0.477428,True
4,1,5,200,1,1201,0.469141,1.0,647,0.468501,554,0.46989,True
4,2,5,200,1,1201,0.469141,1.0,647,0.468501,554,0.46989,True
4,3,5,200,1,1201,0.469141,1.0,647,0.468501,554,0.46989,True
4,4,5,200,1,1201,0.469141,1.0,647,0.468501,554,0.46989,True
4,5,5,200,1,1201,0.469141,1.0,647,0.468501,554,0.46989,True
5,1,13,20,1,1467,0.46899,1.0,734,0.461635,733,0.476593,True
5,2,13,20,1,1467,0.46899,1.0,734,0.461635,733,0.476593,True
5,3,13,20,1,1467,0.46899,1.0,734,0.461635,733,0.476593,True
5,4,13,20,1,1467,0.46899,1.0,734,0.461635,733,0.476593,True
5,5,13,20,1,1467,0.46899,1.0,734,0.461635,733,0.476593,True
4,1,10,200,1,1196,0.468836,1.0,643,0.467636,553,0.470238,True
4,2,10,200,1,1196,0.468836,1.0,643,0.467636,553,0.470238,True
4,3,10,200,1,1196,0.468836,1.0,643,0.467636,553,0.470238,True
4,4,10,200,1,1196,0.468836,1.0,643,0.467636,553,0.470238,True
4,5,10,200,1,1196,0.468836,1.0,643,0.467636,553,0.470238,True
5,1,5,100,1,1210,0.468811,1.0,632,0.465048,578,0.472995,True
5,2,5,100,1,1210,0.468811,1.0,632,0.465048,578,0.472995,True
5,3,5,100,1,1210,0.468811,1.0,632,0.465048,578,0.472995,True
5,4,5,100,1,1210,0.468811,1.0,632,0.465048,578,0.472995,True
5,5,5,100,1,1210,0.468811,1.0,632,0.465048,578,0.472995,True
3,1,8,20,1,1796,0.468807,1.0,905,0.465535,891,0.472178,True
3,2,8,20,1,1796,0.468807,1.0,905,0.465535,891,0.472178,True
3,3,8,20,1,1796,0.468807,1.0,905,0.465535,891,0.472178,True
3,4,8,20,1,1796,0.468807,1.0,905,0.465535,891,0.472178,True
3,5,8,20,1,1796,0.468807,1.0,905,0.465535,891,0.472178,True
3,1,5,20,1,1797,0.468701,1.0,906,0.46557,891,0.471928,True
3,2,5,20,1,1797,0.468701,1.0,906,0.46557,891,0.471928,True
3,3,5,20,1,1797,0.468701,1.0,906,0.46557,891,0.471928,True
3,4,5,20,1,1797,0.468701,1.0,906,0.46557,891,0.471928,True
3,5,5,20,1,1797,0.468701,1.0,906,0.46557,891,0.471928,True
3,1,10,20,1,1795,0.468546,1.0,905,0.465535,890,0.471648,True
3,2,10,20,1,1795,0.468546,1.0,905,0.465535,890,0.471648,True
3,3,10,20,1,1795,0.468546,1.0,905,0.465535,890,0.471648,True
3,4,10,20,1,1795,0.468546,1.0,905,0.465535,890,0.471648,True
3,5,10,20,1,1795,0.468546,1.0,905,0.465535,890,0.471648,True
3,1,13,20,1,1795,0.468057,1.0,905,0.465057,890,0.471149,True
3,2,13,20,1,1795,0.468057,1.0,905,0.465057,890,0.471149,True
3,3,13,20,1,1795,0.468057,1.0,905,0.465057,890,0.471149,True
3,4,13,20,1,1795,0.468057,1.0,905,0.465057,890,0.471149,True
3,5,13,20,1,1795,0.468057,1.0,905,0.465057,890,0.471149,True
6,1,5,200,1,1123,0.467917,1.0,627,0.478626,496,0.455046,True
6,2,5,200,1,1123,0.467917,1.0,627,0.478626,496,0.455046,True
6,3,5,200,1,1123,0.467917,1.0,627,0.478626,496,0.455046,True
6,4,5,200,1,1123,0.467917,1.0,627,0.478626,496,0.455046,True
6,5,5,200,1,1123,0.467917,1.0,627,0.478626,496,0.455046,True
4,1,13,200,1,1193,0.467843,1.0,640,0.466133,553,0.469839,True
4,2,13,200,1,1193,0.467843,1.0,640,0.466133,553,0.469839,True
4,3,13,200,1,1193,0.467843,1.0,640,0.466133,553,0.469839,True
4,4,13,200,1,1193,0.467843,1.0,640,0.466133,553,0.469839,True
4,5,13,200,1,1193,0.467843,1.0,640,0.466133,553,0.469839,True
6,1,10,50,1,1287,0.465293,1.0,688,0.476454,599,0.453101,True
6,2,10,50,1,1287,0.465293,1.0,688,0.476454,599,0.453101,True
6,3,10,50,1,1287,0.465293,1.0,688,0.476454,599,0.453101,True
6,4,10,50,1,1287,0.465293,1.0,688,0.476454,599,0.453101,True
6,5,10,50,1,1287,0.465293,1.0,688,0.476454,599,0.453101,True
4,1,5,50,1,1413,0.464956,1.0,731,0.46829,682,0.461434,True
4,2,5,50,1,1413,0.464956,1.0,731,0.46829,682,0.461434,True
4,3,5,50,1,1413,0.464956,1.0,731,0.46829,682,0.461434,True
4,4,5,50,1,1413,0.464956,1.0,731,0.46829,682,0.461434,True
4,5,5,50,1,1413,0.464956,1.0,731,0.46829,682,0.461434,True
4,1,8,50,1,1410,0.464733,1.0,727,0.467524,683,0.461799,True
4,2,8,50,1,1410,0.464733,1.0,727,0.467524,683,0.461799,True
4,3,8,50,1,1410,0.464733,1.0,727,0.467524,683,0.461799,True
4,4,8,50,1,1410,0.464733,1.0,727,0.467524,683,0.461799,True
4,5,8,50,1,1410,0.464733,1.0,727,0.467524,683,0.461799,True
6,1,8,50,1,1290,0.464697,1.0,689,0.474845,601,0.453585,True
6,1,13,50,1,1290,0.464697,1.0,689,0.475172,601,0.453243,True
6,2,8,50,1,1290,0.464697,1.0,689,0.474845,601,0.453585,True
6,2,13,50,1,1290,0.464697,1.0,689,0.475172,601,0.453243,True
6,3,8,50,1,1290,0.464697,1.0,689,0.474845,601,0.453585,True
6,3,13,50,1,1290,0.464697,1.0,689,0.475172,601,0.453243,True
6,4,8,50,1,1290,0.464697,1.0,689,0.474845,601,0.453585,True
6,4,13,50,1,1290,0.464697,1.0,689,0.475172,601,0.453243,True
6,5,8,50,1,1290,0.464697,1.0,689,0.474845,601,0.453585,True
6,5,13,50,1,1290,0.464697,1.0,689,0.475172,601,0.453243,True
4,1,8,100,1,1290,0.464363,1.0,671,0.464039,619,0.464715,True
4,2,8,100,1,1290,0.464363,1.0,671,0.464039,619,0.464715,True
4,3,8,100,1,1290,0.464363,1.0,671,0.464039,619,0.464715,True
4,4,8,100,1,1290,0.464363,1.0,671,0.464039,619,0.464715,True
4,5,8,100,1,1290,0.464363,1.0,671,0.464039,619,0.464715,True
4,1,5,100,1,1293,0.464106,1.0,675,0.464237,618,0.463964,True
4,2,5,100,1,1293,0.464106,1.0,675,0.464237,618,0.463964,True
4,3,5,100,1,1293,0.464106,1.0,675,0.464237,618,0.463964,True
4,4,5,100,1,1293,0.464106,1.0,675,0.464237,618,0.463964,True
4,5,5,100,1,1293,0.464106,1.0,675,0.464237,618,0.463964,True
4,1,10,50,1,1409,0.464097,1.0,727,0.466924,682,0.461122,True
4,2,10,50,1,1409,0.464097,1.0,727,0.466924,682,0.461122,True
4,3,10,50,1,1409,0.464097,1.0,727,0.466924,682,0.461122,True
4,4,10,50,1,1409,0.464097,1.0,727,0.466924,682,0.461122,True
4,5,10,50,1,1409,0.464097,1.0,727,0.466924,682,0.461122,True
6,1,5,50,1,1305,0.463588,1.0,696,0.473792,609,0.452452,True
6,2,5,50,1,1305,0.463588,1.0,696,0.473792,609,0.452452,True
6,3,5,50,1,1305,0.463588,1.0,696,0.473792,609,0.452452,True
6,4,5,50,1,1305,0.463588,1.0,696,0.473792,609,0.452452,True
6,5,5,50,1,1305,0.463588,1.0,696,0.473792,609,0.452452,True
4,1,10,100,1,1288,0.463476,1.0,671,0.463398,617,0.463561,True
4,2,10,100,1,1288,0.463476,1.0,671,0.463398,617,0.463561,True
4,3,10,100,1,1288,0.463476,1.0,671,0.463398,617,0.463561,True
4,4,10,100,1,1288,0.463476,1.0,671,0.463398,617,0.463561,True
4,5,10,100,1,1288,0.463476,1.0,671,0.463398,617,0.463561,True
6,1,8,20,1,1382,0.463292,1.0,725,0.472621,657,0.453416,True
6,1,10,20,1,1382,0.463292,1.0,726,0.473581,656,0.452414,True
6,2,8,20,1,1382,0.463292,1.0,725,0.472621,657,0.453416,True
6,2,10,20,1,1382,0.463292,1.0,726,0.473581,656,0.452414,True
6,3,8,20,1,1382,0.463292,1.0,725,0.472621,657,0.453416,True
6,3,10,20,1,1382,0.463292,1.0,726,0.473581,656,0.452414,True
6,4,8,20,1,1382,0.463292,1.0,725,0.472621,657,0.453416,True
6,4,10,20,1,1382,0.463292,1.0,726,0.473581,656,0.452414,True
6,5,8,20,1,1382,0.463292,1.0,725,0.472621,657,0.453416,True
6,5,10,20,1,1382,0.463292,1.0,726,0.473581,656,0.452414,True
4,1,13,50,1,1407,0.463286,1.0,725,0.465938,682,0.4605,True
4,2,13,50,1,1407,0.463286,1.0,725,0.465938,682,0.4605,True
4,3,13,50,1,1407,0.463286,1.0,725,0.465938,682,0.4605,True
4,4,13,50,1,1407,0.463286,1.0,725,0.465938,682,0.4605,True
4,5,13,50,1,1407,0.463286,1.0,725,0.465938,682,0.4605,True
4,1,5,20,1,1594,0.462968,1.0,799,0.464265,795,0.461672,True
4,1,8,20,1,1594,0.462968,1.0,798,0.463953,796,0.461985,True
4,2,5,20,1,1594,0.462968,1.0,799,0.464265,795,0.461672,True
4,2,8,20,1,1594,0.462968,1.0,798,0.463953,796,0.461985,True
4,3,5,20,1,1594,0.462968,1.0,799,0.464265,795,0.461672,True
4,3,8,20,1,1594,0.462968,1.0,798,0.463953,796,0.461985,True
4,4,5,20,1,1594,0.462968,1.0,799,0.464265,795,0.461672,True
4,4,8,20,1,1594,0.462968,1.0,798,0.463953,796,0.461985,True
4,5,5,20,1,1594,0.462968,1.0,799,0.464265,795,0.461672,True
4,5,8,20,1,1594,0.462968,1.0,798,0.463953,796,0.461985,True
6,1,13,20,1,1388,0.462821,1.0,729,0.472456,659,0.45261,True
6,2,13,20,1,1388,0.462821,1.0,729,0.472456,659,0.45261,True
6,3,13,20,1,1388,0.462821,1.0,729,0.472456,659,0.45261,True
6,4,13,20,1,1388,0.462821,1.0,729,0.472456,659,0.45261,True
6,5,13,20,1,1388,0.462821,1.0,729,0.472456,659,0.45261,True
6,1,5,20,1,1386,0.462771,1.0,727,0.472078,659,0.452921,True
6,2,5,20,1,1386,0.462771,1.0,727,0.472078,659,0.452921,True
6,3,5,20,1,1386,0.462771,1.0,727,0.472078,659,0.452921,True
6,4,5,20,1,1386,0.462771,1.0,727,0.472078,659,0.452921,True
6,5,5,20,1,1386,0.462771,1.0,727,0.472078,659,0.452921,True
4,1,13,100,1,1286,0.46259,1.0,669,0.462336,617,0.462866,True
4,2,13,100,1,1286,0.46259,1.0,669,0.462336,617,0.462866,True
4,3,13,100,1,1286,0.46259,1.0,669,0.462336,617,0.462866,True
4,4,13,100,1,1286,0.46259,1.0,669,0.462336,617,0.462866,True
4,5,13,100,1,1286,0.46259,1.0,669,0.462336,617,0.462866,True
4,1,10,20,1,1593,0.462409,1.0,798,0.463415,795,0.461405,True
4,2,10,20,1,1593,0.462409,1.0,798,0.463415,795,0.461405,True
4,3,10,20,1,1593,0.462409,1.0,798,0.463415,795,0.461405,True
4,4,10,20,1,1593,0.462409,1.0,798,0.463415,795,0.461405,True
4,5,10,20,1,1593,0.462409,1.0,798,0.463415,795,0.461405,True
4,1,13,20,1,1593,0.462007,1.0,798,0.463146,795,0.46087,True
4,2,13,20,1,1593,0.462007,1.0,798,0.463146,795,0.46087,True
4,3,13,20,1,1593,0.462007,1.0,798,0.463146,795,0.46087,True
4,4,13,20,1,1593,0.462007,1.0,798,0.463146,795,0.46087,True
4,5,13,20,1,1593,0.462007,1.0,798,0.463146,795,0.46087,True
6,1,10,100,1,1165,0.461935,1.0,634,0.473134,531,0.449239,True
6,2,10,100,1,1165,0.461935,1.0,634,0.473134,531,0.449239,True
6,3,10,100,1,1165,0.461935,1.0,634,0.473134,531,0.449239,True
6,4,10,100,1,1165,0.461935,1.0,634,0.473134,531,0.449239,True
6,5,10,100,1,1165,0.461935,1.0,634,0.473134,531,0.449239,True
6,1,8,100,1,1170,0.461538,1.0,635,0.472119,535,0.44958,True
6,2,8,100,1,1170,0.461538,1.0,635,0.472119,535,0.44958,True
6,3,8,100,1,1170,0.461538,1.0,635,0.472119,535,0.44958,True
6,4,8,100,1,1170,0.461538,1.0,635,0.472119,535,0.44958,True
6,5,8,100,1,1170,0.461538,1.0,635,0.472119,535,0.44958,True
6,1,13,100,1,1167,0.461265,1.0,634,0.471375,533,0.449789,True
6,2,13,100,1,1167,0.461265,1.0,634,0.471375,533,0.449789,True
6,3,13,100,1,1167,0.461265,1.0,634,0.471375,533,0.449789,True
6,4,13,100,1,1167,0.461265,1.0,634,0.471375,533,0.449789,True
6,5,13,100,1,1167,0.461265,1.0,634,0.471375,533,0.449789,True
6,1,5,100,1,1191,0.459491,1.0,645,0.47046,546,0.447174,True
6,2,5,100,1,1191,0.459491,1.0,645,0.47046,546,0.447174,True
6,3,5,100,1,1191,0.459491,1.0,645,0.47046,546,0.447174,True
6,4,5,100,1,1191,0.459491,1.0,645,0.47046,546,0.447174,True
6,5,5,100,1,1191,0.459491,1.0,645,0.47046,546,0.447174,True
2,1,5,50,1,1800,0.455581,1.0,945,0.461651,855,0.449055,True
2,2,5,50,1,1800,0.455581,1.0,945,0.461651,855,0.449055,True
2,3,5,50,1,1800,0.455581,1.0,945,0.461651,855,0.449055,True
2,4,5,50,1,1800,0.455581,1.0,945,0.461651,855,0.449055,True
2,5,5,50,1,1800,0.455581,1.0,945,0.461651,855,0.449055,True
2,1,8,50,1,1798,0.455305,1.0,943,0.461125,855,0.449055,True
2,2,8,50,1,1798,0.455305,1.0,943,0.461125,855,0.449055,True
2,3,8,50,1,1798,0.455305,1.0,943,0.461125,855,0.449055,True
2,4,8,50,1,1798,0.455305,1.0,943,0.461125,855,0.449055,True
2,5,8,50,1,1798,0.455305,1.0,943,0.461125,855,0.449055,True
2,1,10,50,1,1798,0.45519,1.0,943,0.461125,855,0.448819,True
2,2,10,50,1,1798,0.45519,1.0,943,0.461125,855,0.448819,True
2,3,10,50,1,1798,0.45519,1.0,943,0.461125,855,0.448819,True
2,4,10,50,1,1798,0.45519,1.0,943,0.461125,855,0.448819,True
2,5,10,50,1,1798,0.45519,1.0,943,0.461125,855,0.448819,True
2,1,13,50,1,1795,0.455122,1.0,940,0.460559,855,0.449291,True
2,2,13,50,1,1795,0.455122,1.0,940,0.460559,855,0.449291,True
2,3,13,50,1,1795,0.455122,1.0,940,0.460559,855,0.449291,True
2,4,13,50,1,1795,0.455122,1.0,940,0.460559,855,0.449291,True
2,5,13,50,1,1795,0.455122,1.0,940,0.460559,855,0.449291,True
2,1,5,20,1,2046,0.454667,1.0,1051,0.460158,995,0.449007,True
2,2,5,20,1,2046,0.454667,1.0,1051,0.460158,995,0.449007,True
2,3,5,20,1,2046,0.454667,1.0,1051,0.460158,995,0.449007,True
2,4,5,20,1,2046,0.454667,1.0,1051,0.460158,995,0.449007,True
2,5,5,20,1,2046,0.454667,1.0,1051,0.460158,995,0.449007,True
2,1,8,20,1,2045,0.454545,1.0,1050,0.459921,995,0.449007,True
2,2,8,20,1,2045,0.454545,1.0,1050,0.459921,995,0.449007,True
2,3,8,20,1,2045,0.454545,1.0,1050,0.459921,995,0.449007,True
2,4,8,20,1,2045,0.454545,1.0,1050,0.459921,995,0.449007,True
2,5,8,20,1,2045,0.454545,1.0,1050,0.459921,995,0.449007,True
2,1,10,20,1,2045,0.454444,1.0,1050,0.459921,995,0.448805,True
2,1,13,20,1,2045,0.454444,1.0,1050,0.459921,995,0.448805,True
2,2,10,20,1,2045,0.454444,1.0,1050,0.459921,995,0.448805,True
2,2,13,20,1,2045,0.454444,1.0,1050,0.459921,995,0.448805,True
2,3,10,20,1,2045,0.454444,1.0,1050,0.459921,995,0.448805,True
2,3,13,20,1,2045,0.454444,1.0,1050,0.459921,995,0.448805,True
2,4,10,20,1,2045,0.454444,1.0,1050,0.459921,995,0.448805,True
2,4,13,20,1,2045,0.454444,1.0,1050,0.459921,995,0.448805,True
2,5,10,20,1,2045,0.454444,1.0,1050,0.459921,995,0.448805,True
2,5,13,20,1,2045,0.454444,1.0,1050,0.459921,995,0.448805,True
2,1,5,100,1,1661,0.453825,1.0,886,0.46026,775,0.446686,True
2,2,5,100,1,1661,0.453825,1.0,886,0.46026,775,0.446686,True
2,3,5,100,1,1661,0.453825,1.0,886,0.46026,775,0.446686,True
2,4,5,100,1,1661,0.453825,1.0,886,0.46026,775,0.446686,True
2,5,5,100,1,1661,0.453825,1.0,886,0.46026,775,0.446686,True
2,1,8,100,1,1659,0.453651,1.0,884,0.459938,775,0.446686,True
2,1,10,100,1,1659,0.453651,1.0,884,0.459938,775,0.446686,True
2,2,8,100,1,1659,0.453651,1.0,884,0.459938,775,0.446686,True
2,2,10,100,1,1659,0.453651,1.0,884,0.459938,775,0.446686,True
2,3,8,100,1,1659,0.453651,1.0,884,0.459938,775,0.446686,True
2,3,10,100,1,1659,0.453651,1.0,884,0.459938,775,0.446686,True
2,4,8,100,1,1659,0.453651,1.0,884,0.459938,775,0.446686,True
2,4,10,100,1,1659,0.453651,1.0,884,0.459938,775,0.446686,True
2,5,8,100,1,1659,0.453651,1.0,884,0.459938,775,0.446686,True
2,5,10,100,1,1659,0.453651,1.0,884,0.459938,775,0.446686,True
2,1,13,100,1,1655,0.453549,1.0,881,0.459333,774,0.44714,True
2,2,13,100,1,1655,0.453549,1.0,881,0.459333,774,0.44714,True
2,3,13,100,1,1655,0.453549,1.0,881,0.459333,774,0.44714,True
2,4,13,100,1,1655,0.453549,1.0,881,0.459333,774,0.44714,True
2,5,13,100,1,1655,0.453549,1.0,881,0.459333,774,0.44714,True
1,1,8,50,1,2776,0.452486,1.0,1469,0.460502,1307,0.443803,True
1,2,8,50,1,2776,0.452486,1.0,1469,0.460502,1307,0.443803,True
1,3,8,50,1,2776,0.452486,1.0,1469,0.460502,1307,0.443803,True
1,4,8,50,1,2776,0.452486,1.0,1469,0.460502,1307,0.443803,True
1,5,8,50,1,2776,0.452486,1.0,1469,0.460502,1307,0.443803,True
1,1,5,50,1,2796,0.451988,1.0,1478,0.460006,1318,0.443323,True
1,2,5,50,1,2796,0.451988,1.0,1478,0.460006,1318,0.443323,True
1,3,5,50,1,2796,0.451988,1.0,1478,0.460006,1318,0.443323,True
1,4,5,50,1,2796,0.451988,1.0,1478,0.460006,1318,0.443323,True
1,5,5,50,1,2796,0.451988,1.0,1478,0.460006,1318,0.443323,True
1,1,10,50,1,2748,0.451825,1.0,1453,0.459229,1295,0.443797,True
1,2,10,50,1,2748,0.451825,1.0,1453,0.459229,1295,0.443797,True
1,3,10,50,1,2748,0.451825,1.0,1453,0.459229,1295,0.443797,True
1,4,10,50,1,2748,0.451825,1.0,1453,0.459229,1295,0.443797,True
1,5,10,50,1,2748,0.451825,1.0,1453,0.459229,1295,0.443797,True
2,1,5,200,1,1541,0.451377,1.0,848,0.460369,693,0.44084,True
2,2,5,200,1,1541,0.451377,1.0,848,0.460369,693,0.44084,True
2,3,5,200,1,1541,0.451377,1.0,848,0.460369,693,0.44084,True
2,4,5,200,1,1541,0.451377,1.0,848,0.460369,693,0.44084,True
2,5,5,200,1,1541,0.451377,1.0,848,0.460369,693,0.44084,True
2,1,10,200,1,1538,0.451291,1.0,845,0.459989,693,0.44112,True
2,2,10,200,1,1538,0.451291,1.0,845,0.459989,693,0.44112,True
2,3,10,200,1,1538,0.451291,1.0,845,0.459989,693,0.44112,True
2,4,10,200,1,1538,0.451291,1.0,845,0.459989,693,0.44112,True
2,5,10,200,1,1538,0.451291,1.0,845,0.459989,693,0.44112,True
1,1,13,50,1,2726,0.4511,1.0,1439,0.457843,1287,0.443793,True
1,2,13,50,1,2726,0.4511,1.0,1439,0.457843,1287,0.443793,True
1,3,13,50,1,2726,0.4511,1.0,1439,0.457843,1287,0.443793,True
1,4,13,50,1,2726,0.4511,1.0,1439,0.457843,1287,0.443793,True
1,5,13,50,1,2726,0.4511,1.0,1439,0.457843,1287,0.443793,True
2,1,8,200,1,1538,0.451026,1.0,845,0.459739,693,0.44084,True
2,2,8,200,1,1538,0.451026,1.0,845,0.459739,693,0.44084,True
2,3,8,200,1,1538,0.451026,1.0,845,0.459739,693,0.44084,True
2,4,8,200,1,1538,0.451026,1.0,845,0.459739,693,0.44084,True
2,5,8,200,1,1538,0.451026,1.0,845,0.459739,693,0.44084,True
2,1,13,200,1,1531,0.450957,1.0,841,0.459061,690,0.441459,True
2,2,13,200,1,1531,0.450957,1.0,841,0.459061,690,0.441459,True
2,3,13,200,1,1531,0.450957,1.0,841,0.459061,690,0.441459,True
2,4,13,200,1,1531,0.450957,1.0,841,0.459061,690,0.441459,True
2,5,13,200,1,1531,0.450957,1.0,841,0.459061,690,0.441459,True
1,1,8,200,1,2442,0.450221,1.0,1341,0.459404,1101,0.439521,True
1,2,8,200,1,2442,0.450221,1.0,1341,0.459404,1101,0.439521,True
1,3,8,200,1,2442,0.450221,1.0,1341,0.459404,1101,0.439521,True
1,4,8,200,1,2442,0.450221,1.0,1341,0.459404,1101,0.439521,True
1,5,8,200,1,2442,0.450221,1.0,1341,0.459404,1101,0.439521,True
1,1,8,100,1,2608,0.449345,1.0,1396,0.458607,1212,0.43913,True
1,2,8,100,1,2608,0.449345,1.0,1396,0.458607,1212,0.43913,True
1,3,8,100,1,2608,0.449345,1.0,1396,0.458607,1212,0.43913,True
1,4,8,100,1,2608,0.449345,1.0,1396,0.458607,1212,0.43913,True
1,5,8,100,1,2608,0.449345,1.0,1396,0.458607,1212,0.43913,True
1,1,10,200,1,2403,0.449075,1.0,1318,0.457321,1085,0.439449,True
1,2,10,200,1,2403,0.449075,1.0,1318,0.457321,1085,0.439449,True
1,3,10,200,1,2403,0.449075,1.0,1318,0.457321,1085,0.439449,True
1,4,10,200,1,2403,0.449075,1.0,1318,0.457321,1085,0.439449,True
1,5,10,200,1,2403,0.449075,1.0,1318,0.457321,1085,0.439449,True
1,1,5,200,1,2472,0.448476,1.0,1354,0.457587,1118,0.437916,True
1,2,5,200,1,2472,0.448476,1.0,1354,0.457587,1118,0.437916,True
1,3,5,200,1,2472,0.448476,1.0,1354,0.457587,1118,0.437916,True
1,4,5,200,1,2472,0.448476,1.0,1354,0.457587,1118,0.437916,True
1,5,5,200,1,2472,0.448476,1.0,1354,0.457587,1118,0.437916,True
1,1,10,100,1,2572,0.448318,1.0,1375,0.456659,1197,0.439105,True
1,2,10,100,1,2572,0.448318,1.0,1375,0.456659,1197,0.439105,True
1,3,10,100,1,2572,0.448318,1.0,1375,0.456659,1197,0.439105,True
1,4,10,100,1,2572,0.448318,1.0,1375,0.456659,1197,0.439105,True
1,5,10,100,1,2572,0.448318,1.0,1375,0.456659,1197,0.439105,True
1,1,13,200,1,2362,0.448282,1.0,1292,0.455571,1070,0.439786,True
1,2,13,200,1,2362,0.448282,1.0,1292,0.455571,1070,0.439786,True
1,3,13,200,1,2362,0.448282,1.0,1292,0.455571,1070,0.439786,True
1,4,13,200,1,2362,0.448282,1.0,1292,0.455571,1070,0.439786,True
1,5,13,200,1,2362,0.448282,1.0,1292,0.455571,1070,0.439786,True
1,1,5,100,1,2635,0.448205,1.0,1409,0.457616,1226,0.437857,True
1,2,5,100,1,2635,0.448205,1.0,1409,0.457616,1226,0.437857,True
1,3,5,100,1,2635,0.448205,1.0,1409,0.457616,1226,0.437857,True
1,4,5,100,1,2635,0.448205,1.0,1409,0.457616,1226,0.437857,True
1,5,5,100,1,2635,0.448205,1.0,1409,0.457616,1226,0.437857,True
1,1,8,20,1,2973,0.447876,1.0,1563,0.457955,1410,0.437209,True
1,2,8,20,1,2973,0.447876,1.0,1563,0.457955,1410,0.437209,True
1,3,8,20,1,2973,0.447876,1.0,1563,0.457955,1410,0.437209,True
1,4,8,20,1,2973,0.447876,1.0,1563,0.457955,1410,0.437209,True
1,5,8,20,1,2973,0.447876,1.0,1563,0.457955,1410,0.437209,True
1,1,5,20,1,2978,0.447618,1.0,1564,0.457578,1414,0.437094,True
1,2,5,20,1,2978,0.447618,1.0,1564,0.457578,1414,0.437094,True
1,3,5,20,1,2978,0.447618,1.0,1564,0.457578,1414,0.437094,True
1,4,5,20,1,2978,0.447618,1.0,1564,0.457578,1414,0.437094,True
1,5,5,20,1,2978,0.447618,1.0,1564,0.457578,1414,0.437094,True
1,1,13,100,1,2538,0.44754,1.0,1354,0.455126,1184,0.439169,True
1,2,13,100,1,2538,0.44754,1.0,1354,0.455126,1184,0.439169,True
1,3,13,100,1,2538,0.44754,1.0,1354,0.455126,1184,0.439169,True
1,4,13,100,1,2538,0.44754,1.0,1354,0.455126,1184,0.439169,True
1,5,13,100,1,2538,0.44754,1.0,1354,0.455126,1184,0.439169,True
1,1,10,20,1,2966,0.447428,1.0,1559,0.457319,1407,0.436957,True
1,2,10,20,1,2966,0.447428,1.0,1559,0.457319,1407,0.436957,True
1,3,10,20,1,2966,0.447428,1.0,1559,0.457319,1407,0.436957,True
1,4,10,20,1,2966,0.447428,1.0,1559,0.457319,1407,0.436957,True
1,5,10,20,1,2966,0.447428,1.0,1559,0.457319,1407,0.436957,True
1,1,13,20,1,2967,0.447309,1.0,1559,0.456917,1408,0.437131,True
1,2,13,20,1,2967,0.447309,1.0,1559,0.456917,1408,0.437131,True
1,3,13,20,1,2967,0.447309,1.0,1559,0.456917,1408,0.437131,True
1,4,13,20,1,2967,0.447309,1.0,1559,0.456917,1408,0.437131,True
1,5,13,20,1,2967,0.447309,1.0,1559,0.456917,1408,0.437131,True
