t_ms,dir,entry,pnl_usd,pnl_R,tag,hold_min,year,S
1755743228436,-1,3334.695,-15.32,-1.0009800718719373,SL,1893.9546166666667,2025-26,50.0
1755857922815,1,3365.525,6.92,0.4457326892109501,TIME,4319.697866666666,2025-26,50.0
1756383709139,1,3415.275,34.725,2.2733224222585924,TP,1499.6857666666667,2025-26,50.0
1756678037063,1,3466.165,33.835,2.093102381688834,TP,1416.521,2025-26,50.0
1756780010353,-1,3484.945,-15.06,-1.0003321155762206,SL,471.6131833333333,2025-26,50.0
1756811202240,1,3515.295,34.705,2.2690421706440014,TP,1309.45935,2025-26,50.0
1756895060696,1,3565.302,-15.304,-1.0001307018690366,SL,666.72875,2025-26,50.0
1756939543926,-1,3534.525,-15.616,-1.0091114701130857,SL,545.0526166666667,2025-26,50.0
1757061005276,1,3572.405,27.595,1.231644722160232,TP,3994.50715,2025-26,50.0
1757305371333,1,3615.265,34.735,2.275466754012447,TP,1066.1804166666666,2025-26,50.0
1757410576265,1,3665.335,-15.35,-1.0009781545484187,SL,31.1191,2025-26,50.0
1757416500520,-1,3634.695,-15.44,-1.0088206468474354,SL,1104.0284833333333,2025-26,50.0
1757544344102,-1,3634.555,-15.54,-1.00615085788281,SL,1403.52755,2025-26,50.0
1757880243570,-1,3634.615,-15.537,-1.009879753006175,SL,765.9645,2025-26,50.0
1757934108704,1,3665.345,34.655,2.258390355164549,TP,1395.3171166666666,2025-26,50.0
1758020713715,-1,3684.665,-16.53,-1.0779263123573524,SL,1619.1556333333333,2025-26,50.0
1758118512929,-1,3684.615,34.615,2.249918752031199,TP,35.91896666666667,2025-26,50.0
1758122863110,1,3665.227,-15.282,-1.0036120049911341,SL,626.79955,2025-26,50.0
1758161443228,-1,3634.048,-15.994,-1.0026328986960882,SL,70.05111666666667,2025-26,50.0
1758171384532,1,3665.392,-15.398,-1.000389812889813,SL,275.09833333333336,2025-26,50.0
1758188587862,-1,3633.308,-16.717,-1.0014977234603404,SL,685.6567166666666,2025-26,50.0
1758232281913,-1,3634.605,-15.84,-1.0289054887950633,SL,56.727016666666664,2025-26,50.0
1758277892972,1,3665.482,34.518,2.2295569047926627,TP,3798.8509,2025-26,50.0
1758508817480,1,3715.445,34.555,2.237293622531564,TP,1086.38655,2025-26,50.0
1758602008456,1,3765.345,-15.35,-1.0003258390355165,SL,1820.3768333333333,2025-26,50.0
1758718077859,-1,3734.715,-15.637,-1.0230291135099772,SL,446.37365,2025-26,50.0
1758750917855,-1,3734.715,-15.78,-1.0323846908734053,SL,342.73045,2025-26,50.0
1758790209240,-1,3734.675,-15.417,-1.0060032626427406,SL,338.61095,2025-26,50.0
1758842142660,-1,3734.755,-15.42,-1.011479173499508,SL,177.81816666666666,2025-26,50.0
1758878132160,1,3765.245,34.755,2.279763857002296,TP,3794.680283333333,2025-26,50.0
1759111226823,1,3815.305,34.695,2.266906239790918,TP,1176.0193833333333,2025-26,50.0
1759189554076,1,3865.615,-15.65,-1.0022414345180917,SL,220.60351666666668,2025-26,50.0
1759205347117,-1,3834.644,34.644,2.256056264652253,TP,63.74881666666667,2025-26,50.0
1759217649249,1,3815.312,34.688,2.265412748171369,TP,169.06408333333334,2025-26,50.0
1759230554370,-1,3834.548,-15.497,-1.002912244369661,SL,232.91796666666667,2025-26,50.0
1759262916387,1,3865.262,-15.317,-1.0036037216616434,SL,2308.6483333333335,2025-26,50.0
1759401980037,-1,3834.608,-15.967,-1.0373570686070686,SL,243.86303333333333,2025-26,50.0
1759462959429,1,3865.295,34.705,2.2690421706440014,TP,3797.2067166666666,2025-26,50.0
1759691046974,1,3916.201,-16.253,-1.0032096784149127,SL,68.66275,2025-26,50.0
1759701154417,1,3915.275,34.725,2.2733224222585924,TP,741.7554833333334,2025-26,50.0
1759752388813,1,3966.875,-16.92,-1.0026666666666666,SL,6.612966666666667,2025-26,50.0
1759763506937,1,3965.302,-15.307,-1.0003267546725918,SL,721.02965,2025-26,50.0
1759823074275,1,3965.295,34.705,2.2690421706440014,TP,855.42225,2025-26,50.0
1759880877558,1,4015.455,34.545,2.2351989647363313,TP,677.8049666666667,2025-26,50.0
1759936151874,-1,4034.415,-15.587,-1.0001283285210139,SL,1065.71405,2025-26,50.0
1760002986021,-1,4034.275,34.275,2.179650238473768,TP,171.8636,2025-26,50.0
1760013631836,-1,3984.368,34.368,2.1985670419651995,TP,35.97456666666667,2025-26,50.0
1760016019270,1,3965.602,-15.657,-1.0035251890783232,SL,36.19401666666667,2025-26,50.0
1760019230697,1,3965.365,-15.53,-1.010738691832086,SL,600.7714,2025-26,50.0
1760057356903,1,3965.375,34.625,2.252032520325203,TP,263.87538333333333,2025-26,50.0
1760082404179,-1,3984.455,-15.57,-1.0016082341588934,SL,199.02035,2025-26,50.0
1760095497097,1,4015.425,-15.427,-1.000129659643436,SL,21.257283333333334,2025-26,50.0
1760098010198,-1,3984.035,-16.14,-1.010961478233636,SL,131.40293333333332,2025-26,50.0
1760111017479,1,4015.421,34.579,2.242331885091758,TP,3080.8944833333335,2025-26,50.0
1760298922044,-1,4034.575,-15.507,-1.0053160453808752,SL,43.77043333333334,2025-26,50.0
1760317782867,1,4065.795,34.205,2.1655587211142766,TP,578.1772166666667,2025-26,50.0
1760357535187,1,4115.345,-15.397,-1.0033887259693712,SL,100.67935,2025-26,50.0
1760381729762,1,4115.535,34.465,2.21853878339234,TP,253.85336666666666,2025-26,50.0
1760406113657,-1,4133.679,33.679,2.0635377734207463,TP,41.05088333333333,2025-26,50.0
1760408992919,1,4115.785,-15.79,-1.0003167564143174,SL,12.81475,2025-26,50.0
1760411737780,1,4115.671,-15.936,-1.0169102163231447,SL,345.3579,2025-26,50.0
1760433308986,1,4115.331,34.669,2.261365860022177,TP,214.20146666666668,2025-26,50.0
1760456257906,-1,4134.345,-15.707,-1.0033216224848291,SL,154.01311666666666,2025-26,50.0
1760470594458,1,4165.375,34.625,2.252032520325203,TP,442.5778833333333,2025-26,50.0
1760501397311,1,4215.362,-15.494,-1.0085926311678166,SL,65.75368333333333,2025-26,50.0
1760505674915,-1,4184.298,-15.754,-1.003311680040759,SL,51.00431666666667,2025-26,50.0
1760516184287,-1,4183.635,-17.516,-1.0703330278032386,SL,104.96556666666666,2025-26,50.0
1760528176700,-1,4184.505,-15.55,-1.0035495321071313,SL,80.58483333333334,2025-26,50.0
1760534033157,-1,4184.655,-15.36,-1.0009775171065494,SL,46.59291666666667,2025-26,50.0
1760553577998,1,4215.552,34.448,2.2150205761316872,TP,837.612,2025-26,50.0
1760603958384,-1,4233.625,-16.52,-1.008854961832061,SL,40.46306666666667,2025-26,50.0
1760609692103,1,4265.352,34.648,2.2569046378322044,TP,338.7058333333333,2025-26,50.0
1760630583058,1,4315.345,34.655,2.258390355164549,TP,126.41023333333334,2025-26,50.0
1760638708130,1,4366.202,-16.447,-1.0151215899271695,SL,16.75515,2025-26,50.0
1760643125278,1,4365.485,-15.737,-1.0162738133677753,SL,5.022616666666667,2025-26,50.0
1760649467768,-1,4334.445,34.445,2.2144005143040824,TP,25.4901,2025-26,50.0
1760652001909,1,4315.665,34.335,2.191828917969997,TP,68.44415,2025-26,50.0
1760658987056,1,4365.305,-17.566,-1.1477295001633454,SL,96.12248333333334,2025-26,50.0
1760665876635,1,4365.355,-15.551,-1.0127645718007163,SL,42.40911666666667,2025-26,50.0
1760669057577,1,4365.445,-15.75,-1.0197474910974424,SL,34.685433333333336,2025-26,50.0
1760671214398,-1,4334.585,-16.12,-1.045734674018813,SL,5.511616666666667,2025-26,50.0
1760671808140,-1,4334.488,-15.653,-1.0090897369778236,SL,8.007916666666667,2025-26,50.0
1760688032516,-1,4284.675,-15.59,-1.0172920065252855,SL,6.039316666666667,2025-26,50.0
1760688853480,1,4315.455,-15.58,-1.0080879974118409,SL,6.473216666666667,2025-26,50.0
1760690685618,1,4315.495,-15.98,-1.031300419490158,SL,47.525733333333335,2025-26,50.0
1760693723905,-1,4283.355,33.355,2.0039050765995796,TP,27.903666666666666,2025-26,50.0
1760695516785,-1,4233.511,-16.84,-1.0212869185517617,SL,5.892333333333333,2025-26,50.0
1760696043868,-1,4234.245,-16.027,-1.0172643605204696,SL,24.883433333333333,2025-26,50.0
1760697657990,1,4265.652,-16.177,-1.0335420393559929,SL,5.0880833333333335,2025-26,50.0
1760700038289,-1,4232.275,-18.077,-1.0198589562764457,SL,10.667033333333332,2025-26,50.0
1760702405420,-1,4234.565,34.565,2.2393909944930352,TP,62.50836666666667,2025-26,50.0
1760708440613,1,4215.945,34.055,2.1357792411414236,TP,196.0445,2025-26,50.0
1760896997683,1,4266.002,-20.417,-1.2759030121234847,SL,30.285383333333332,2025-26,50.0
1760903479156,-1,4234.745,-15.31,-1.0036053752867913,SL,65.02101666666667,2025-26,50.0
1760907676302,-1,4234.155,-16.0,-1.0097822656989586,SL,10.887533333333334,2025-26,50.0
1760910262862,1,4265.471,-15.542,-1.0045892314653222,SL,110.91455,2025-26,50.0
1760918093377,1,4265.375,-15.406,-1.0020162601626017,SL,87.59905,2025-26,50.0
1760925703251,-1,4234.255,-15.75,-1.0003175611305177,SL,68.3787,2025-26,50.0
1760934949238,1,4265.445,-15.52,-1.0048559404337973,SL,90.98703333333333,2025-26,50.0
1760945864295,1,4265.545,34.455,2.21646831778707,TP,55.385533333333335,2025-26,50.0
1760955146496,1,4315.415,34.585,2.243593902043464,TP,64.12468333333334,2025-26,50.0
1760972869648,1,4365.332,-15.767,-1.0283720323506391,SL,69.45016666666666,2025-26,50.0
1760983351325,1,4365.552,-15.707,-1.0099665637860082,SL,202.92776666666666,2025-26,50.0
1760996317786,-1,4334.495,-15.8,-1.019026120606256,SL,4.439933333333333,2025-26,50.0
1761008875209,-1,4334.675,34.675,2.2626427406199023,TP,147.66913333333332,2025-26,50.0
1761019399001,-1,4284.831,34.831,2.2961961895972047,TP,11.289033333333334,2025-26,50.0
1761020310610,1,4265.425,-15.48,-1.0035656401944895,SL,117.94518333333333,2025-26,50.0
1761027968627,1,4265.295,-15.32,-1.001634521085322,SL,89.88378333333333,2025-26,50.0
1761034242374,-1,4234.784,34.784,2.2860147213459516,TP,50.9188,2025-26,50.0
1761039445974,1,4215.575,-15.83,-1.0163723916532905,SL,9.143583333333334,2025-26,50.0
1761040084325,-1,4183.795,33.795,2.08546744831842,TP,36.53633333333333,2025-26,50.0
1761042568139,-1,4134.335,34.335,2.191828917969997,TP,14.256866666666667,2025-26,50.0
1761043530388,-1,4083.375,-17.376,-1.045172932330827,SL,0.9508833333333333,2025-26,50.0
1761043810248,1,4115.861,34.139,2.1523863564718493,TP,21.7977,2025-26,50.0
1761045403507,-1,4134.485,34.485,2.222687721559781,TP,130.77845,2025-26,50.0
1761053673665,1,4115.725,-16.307,-1.0370111287758346,SL,381.342,2025-26,50.0
1761076830280,-1,4084.328,34.328,2.1904032669729454,TP,5.6702,2025-26,50.0
1761077404682,-1,4032.706,-17.749,-1.0263097027870938,SL,8.815666666666667,2025-26,50.0
1761078863866,1,4066.055,33.945,2.114294612270321,TP,30.5048,2025-26,50.0
1761081075620,1,4115.605,-15.85,-1.0157000961230376,SL,10.423433333333334,2025-26,50.0
1761082828350,-1,4084.348,-15.697,-1.0028750319447994,SL,2.8054666666666668,2025-26,50.0
1761083975956,-1,4084.448,-15.557,-1.0003215020576133,SL,6.211516666666666,2025-26,50.0
1761084656063,1,4115.485,34.515,2.228931223764934,TP,266.1646,2025-26,50.0
1761102407301,-1,4134.335,34.335,2.191828917969997,TP,65.13245,2025-26,50.0
1761106505426,-1,4084.088,-16.439,-1.0331196581196582,SL,6.15515,2025-26,50.0
1761108119682,-1,4084.275,-16.21,-1.0308426073131955,SL,26.837683333333334,2025-26,50.0
1761109820365,-1,4083.955,33.955,2.1162355874104084,TP,91.30001666666666,2025-26,50.0
1761116098808,-1,4034.255,-15.8,-1.003493172435694,SL,97.13823333333333,2025-26,50.0
1761123071049,-1,4034.515,-15.866,-1.0246044559250889,SL,9.14325,2025-26,50.0
1761123866534,1,4066.225,-17.54,-1.0810477657935285,SL,25.56661666666667,2025-26,50.0
1761125790174,1,4065.555,-15.617,-1.003985856637737,SL,46.6263,2025-26,50.0
1761129578184,-1,4034.615,-15.8,-1.0269743256418589,SL,112.61611666666667,2025-26,50.0
1761140973413,1,4065.835,34.165,2.157562361856647,TP,96.28896666666667,2025-26,50.0
1761156225559,1,4116.255,-16.757,-1.0308828052906798,SL,4.9481,2025-26,50.0
1761160333188,-1,4084.485,-15.58,-1.0041894940380278,SL,251.66715,2025-26,50.0
1761178901046,-1,4084.565,-15.45,-1.000971817298348,SL,84.34913333333333,2025-26,50.0
1761184832520,1,4115.455,-15.88,-1.027499191200259,SL,95.43158333333334,2025-26,50.0
1761192452210,1,4115.502,-15.507,-1.0003225390272223,SL,255.98783333333333,2025-26,50.0
1761222007915,-1,4134.615,34.615,2.249918752031199,TP,822.8917833333334,2025-26,50.0
1761281244576,1,4065.312,-15.494,-1.0118861024033439,SL,135.2041,2025-26,50.0
1761292181342,1,4065.305,34.695,2.266906239790918,TP,77.06126666666667,2025-26,50.0
1761297192972,1,4115.915,-15.96,-1.002827521206409,SL,29.4084,2025-26,50.0
1761300403257,1,4115.305,-15.47,-1.01078079059131,SL,364.49365,2025-26,50.0
1761501615427,-1,4073.775,-26.82,-1.0226882745471877,SL,10.05455,2025-26,50.0
1761504271827,-1,4082.985,32.985,1.9385836027034968,TP,608.6404333333334,2025-26,50.0
1761541823460,-1,4034.315,-15.71,-1.0015938795027095,SL,26.351583333333334,2025-26,50.0
1761557226871,-1,4034.378,34.378,2.2006145179874537,TP,49.3712,2025-26,50.0
1761561460625,-1,3984.599,-15.606,-1.0133108239724693,SL,138.79965,2025-26,50.0
1761583826946,-1,3984.515,-15.62,-1.0087181143041652,SL,161.08375,2025-26,50.0
1761596205928,-1,3984.319,-15.756,-1.0047828582360818,SL,27.189433333333334,2025-26,50.0
1761599109533,1,4015.752,-15.797,-1.002856780091417,SL,76.6485,2025-26,50.0
1761605574562,-1,3984.448,34.448,2.2150205761316872,TP,225.56456666666668,2025-26,50.0
1761621641745,-1,3934.575,34.575,2.2414910858995136,TP,98.16266666666667,2025-26,50.0
1761633429525,1,3915.435,34.565,2.2393909944930352,TP,232.8654,2025-26,50.0
1761652012908,1,3965.315,-15.47,-1.010120796604636,SL,165.32501666666667,2025-26,50.0
1761674852902,-1,3927.775,-22.31,-1.0038245219347581,SL,21.674383333333335,2025-26,50.0
1761677297558,-1,3934.405,-15.73,-1.0086566207117666,SL,29.161383333333333,2025-26,50.0
1761681409803,1,3965.505,-16.176,-1.0432763624637214,SL,158.9023,2025-26,50.0
1761693551597,1,3965.551,34.449,2.2152273165712817,TP,280.51115,2025-26,50.0
1761746468958,-1,3984.695,-15.477,-1.0112381574648808,SL,1.0233166666666667,2025-26,50.0
1761747252281,-1,3983.918,33.918,2.1090660365626164,TP,25.91055,2025-26,50.0
1761749730790,1,3965.302,-16.037,-1.0480329368709973,SL,35.74248333333333,2025-26,50.0
1761752448005,-1,3934.185,-15.846,-1.0019601644008853,SL,10.0182,2025-26,50.0
1761756446910,-1,3934.305,-15.7,-1.0003185727938835,SL,155.23318333333333,2025-26,50.0
1761771999505,1,3965.595,-15.72,-1.008015389547932,SL,4.999016666666667,2025-26,50.0
1761775665944,-1,3934.485,-15.57,-1.0035449564937158,SL,131.91676666666666,2025-26,50.0
1761784449888,1,3965.365,-15.76,-1.0257077774162056,SL,52.5319,2025-26,50.0
1761788783649,1,3965.352,34.648,2.2569046378322044,TP,204.19533333333334,2025-26,50.0
1761805288717,-1,3984.658,-15.444,-1.006648416112632,SL,222.8055,2025-26,50.0
1761819042552,1,4015.485,-15.56,-1.0048433968356474,SL,13.331816666666667,2025-26,50.0
1761832013572,1,4015.475,-15.51,-1.0022617124394184,SL,18.345266666666667,2025-26,50.0
1761879878797,1,4015.395,-15.46,-1.0042221500487172,SL,137.09228333333334,2025-26,50.0
1761890830082,1,4015.355,-15.36,-1.000325626831651,SL,362.4376,2025-26,50.0
1761912867222,-1,3984.475,-15.54,-1.0009661835748793,SL,92.21986666666666,2025-26,50.0
1762106401197,-1,3978.025,-21.986,-1.0005005688282138,SL,3.318416666666667,2025-26,50.0
1762124227079,1,4015.365,-15.78,-1.027009437032216,SL,67.46246666666667,2025-26,50.0
1762129862139,1,4016.075,-16.23,-1.009642301710731,SL,250.0114,2025-26,50.0
1762156969735,1,4015.382,-15.417,-1.0022753868157588,SL,193.37715,2025-26,50.0
1762183279922,1,4015.335,-15.38,-1.002934463645256,SL,71.14273333333334,2025-26,50.0
1762193632355,-1,3984.368,-15.777,-1.0092758444216992,SL,18.380566666666667,2025-26,50.0
1762241671700,-1,3984.675,34.675,2.2626427406199023,TP,117.38733333333333,2025-26,50.0
1762248889108,-1,3934.665,-15.34,-1.0003260515161396,SL,20.2552,2025-26,50.0
1762252786130,1,3965.345,-15.41,-1.004235907461714,SL,154.01611666666668,2025-26,50.0
1762263499562,-1,3934.675,-15.33,-1.000326264274062,SL,497.37485,2025-26,50.0
1762296562226,1,3965.395,34.605,2.247807729782397,TP,1646.1247166666667,2025-26,50.0
1762399690923,1,4015.465,-15.91,-1.0287746524409958,SL,352.0783333333333,2025-26,50.0
1762423376375,-1,3984.528,-15.537,-1.0042011375387798,SL,608.0104333333334,2025-26,50.0
1762508248207,-1,3984.635,-15.37,-1.0003254149040026,SL,92.78566666666667,2025-26,50.0
1762515102039,1,4015.325,-15.42,-1.0061990212071779,SL,35.00791666666667,2025-26,50.0
1762714988843,1,4015.375,34.625,2.252032520325203,TP,83.28886666666666,2025-26,50.0
1762735434697,1,4065.475,34.525,2.231017770597738,TP,438.0582333333333,2025-26,50.0
1762765983496,-1,4084.458,-15.687,-1.0093295586153648,SL,221.95773333333332,2025-26,50.0
1762781443932,1,4115.305,-15.331,-1.0016987912446913,SL,1257.8857833333334,2025-26,50.0
1762859763312,1,4115.315,-15.55,-1.0153444335618675,SL,795.8739666666667,2025-26,50.0
1762910740386,1,4115.322,34.678,2.263281555932646,TP,524.6952166666666,2025-26,50.0
1762942567331,1,4165.352,34.648,2.2569046378322044,TP,107.66941666666666,2025-26,50.0
1762978641312,-1,4184.008,-16.007,-1.0009379689844922,SL,110.55913333333334,2025-26,50.0
1762988776248,1,4215.325,-15.43,-1.0068515497553019,SL,636.0804833333333,2025-26,50.0
1763027067519,-1,4184.535,-15.75,-1.0184287099903007,SL,12.078883333333334,2025-26,50.0
1763040670604,-1,4184.555,34.555,2.237293622531564,TP,7.555316666666666,2025-26,50.0
1763044545843,1,4165.525,34.475,2.2206119162640903,TP,411.065,2025-26,50.0
1763079401261,-1,4184.605,34.605,2.247807729782397,TP,360.1197666666667,2025-26,50.0
1763103360752,-1,4134.685,34.685,2.26477309826967,TP,75.82686666666666,2025-26,50.0
1763108067178,-1,4084.894,34.894,2.3099430689792135,TP,21.028183333333335,2025-26,50.0
1763112793673,-1,4034.405,-16.457,-1.0552741263225394,SL,2.3515333333333333,2025-26,50.0
1763126503062,-1,4084.649,-15.396,-1.0029314051201876,SL,12.74005,2025-26,50.0
1763132619938,-1,4084.655,-16.356,-1.0658846529814272,SL,3064.8429666666666,2025-26,50.0
1763320461437,-1,4084.385,-15.63,-1.0009606147934678,SL,78.78666666666666,2025-26,50.0
1763327009015,-1,4084.535,34.535,2.2331070158422244,TP,1049.0048,2025-26,50.0
1763405049601,-1,4034.605,34.605,2.247807729782397,TP,474.0955666666667,2025-26,50.0
1763433690557,1,4015.245,34.755,2.279763857002296,TP,185.16123333333334,2025-26,50.0
1763450708687,-1,4034.715,-15.32,-1.0022898266274125,SL,58.20965,2025-26,50.0
1763455011536,1,4065.342,-15.543,-1.0131012905748924,SL,134.15888333333334,2025-26,50.0
1763465372094,1,4065.305,34.695,2.266906239790918,TP,1036.6483333333333,2025-26,50.0
1763528283954,1,4115.685,-15.8,-1.007331845712464,SL,355.37483333333336,2025-26,50.0
1763550171191,-1,4084.305,-15.907,-1.0135074864606564,SL,464.13618333333335,2025-26,50.0
1763585728932,-1,4084.565,34.565,2.2393909944930352,TP,23.429783333333333,2025-26,50.0
1763588985673,1,4067.185,-17.24,-1.0032004655222577,SL,314.9378,2025-26,50.0
1763611033284,1,4065.465,34.535,2.2331070158422244,TP,351.9730666666667,2025-26,50.0
1763633251247,-1,4084.555,34.555,2.237293622531564,TP,111.39491666666666,2025-26,50.0
1763643342678,1,4065.565,-15.67,-1.006745904272406,SL,564.1454833333333,2025-26,50.0
1763686826709,1,4065.545,-15.74,-1.0125442264393696,SL,14.949466666666666,2025-26,50.0
1763688502850,-1,4034.628,-15.434,-1.0040333073119958,SL,160.65816666666666,2025-26,50.0
1763702827743,-1,4034.598,-15.527,-1.0081158291131023,SL,115.88755,2025-26,50.0
1763711131427,1,4065.635,34.365,2.197953309881676,TP,254.19083333333333,2025-26,50.0
1763727192406,-1,4084.585,34.585,2.243593902043464,TP,3398.2112,2025-26,50.0
1763952230942,1,4065.405,34.595,2.2456994482310937,TP,607.2891833333333,2025-26,50.0
1763991947246,1,4115.355,34.645,2.2562683165092805,TP,478.4286833333333,2025-26,50.0
1764038207976,-1,4134.368,-16.447,-1.0521366427840328,SL,361.69725,2025-26,50.0
1764062893414,-1,4134.615,-15.46,-1.0048748781280468,SL,152.09258333333332,2025-26,50.0
1764079181922,-1,4134.315,-15.74,-1.003506534905961,SL,400.50436666666667,2025-26,50.0
1764106293259,1,4165.305,-15.71,-1.0264619405423063,SL,244.81756666666666,2025-26,50.0
1764126487578,1,4165.645,-15.77,-1.0079897730904441,SL,278.06783333333334,2025-26,50.0
1764145632384,1,4165.365,-15.6,-1.0152945004881224,SL,23.518816666666666,2025-26,50.0
1764154060920,1,4165.315,-15.46,-1.009467841984982,SL,574.4600333333333,2025-26,50.0
1764214081198,1,4165.435,-15.69,-1.0165208940719144,SL,50.88908333333333,2025-26,50.0
1764270119853,1,4165.315,34.685,2.26477309826967,TP,870.9215666666666,2025-26,50.0
1764334390059,1,4215.255,34.745,2.2776138970829236,TP,3363.576016666667,2025-26,50.0
1764538816364,-1,4234.445,-15.59,-1.002250080360013,SL,328.7846,2025-26,50.0
1764581752712,-1,4234.685,34.685,2.26477309826967,TP,1127.24105,2025-26,50.0
1764650182584,-1,4184.675,-15.35,-1.0016313213703099,SL,122.82688333333333,2025-26,50.0
1764662497173,1,4215.375,-15.49,-1.007479674796748,SL,136.46208333333334,2025-26,50.0
1764671609405,-1,4184.665,-15.4,-1.0042386697098142,SL,238.05405,2025-26,50.0
1764701459166,1,4215.335,-15.38,-1.002934463645256,SL,557.1007833333333,2025-26,50.0
1764749160283,1,4215.315,-15.57,-1.0166503428011753,SL,230.41496666666666,2025-26,50.0
1764765534092,1,4215.172,-15.567,-1.0260348009491167,SL,41.68321666666667,2025-26,50.0
1764790493718,1,4215.382,-15.497,-1.0074762709660643,SL,91.14095,2025-26,50.0
1764808686293,-1,4184.625,-15.38,-1.0003252032520324,SL,256.26116666666667,2025-26,50.0
1764846618456,1,4215.285,-15.4,-1.0075237160614983,SL,181.7646,2025-26,50.0
1764891160203,1,4215.335,34.665,2.2605151613955003,TP,657.7287,2025-26,50.0
1764932714157,-1,4234.569,34.569,2.240230704426155,TP,14.9012,2025-26,50.0
1764933962014,1,4215.345,-15.35,-1.0003258390355165,SL,255.44736666666665,2025-26,50.0
1765153983149,1,4215.395,-15.4,-1.0003247807729783,SL,332.96406666666667,2025-26,50.0
1765180308946,1,4215.345,-15.38,-1.0022808732486153,SL,59.754666666666665,2025-26,50.0
1765188338090,-1,4184.275,-15.76,-1.0022257551669316,SL,1079.4426833333334,2025-26,50.0
1765277947217,1,4215.325,-15.33,-1.000326264274062,SL,1004.9408833333333,2025-26,50.0
1765375720587,1,4215.445,-15.45,-1.0003237293622531,SL,19.63845,2025-26,50.0
1765377663193,-1,4183.455,-16.79,-1.0148080991236024,SL,11.232433333333333,2025-26,50.0
1765378695255,1,4215.375,34.625,2.252032520325203,TP,1183.2281333333333,2025-26,50.0
1765512809010,1,4315.335,34.665,2.2605151613955003,TP,341.06198333333333,2025-26,50.0
1765534673625,-1,4334.485,34.485,2.222687721559781,TP,11.38055,2025-26,50.0
1765535944085,1,4315.515,-15.66,-1.0093457943925233,SL,15.734966666666667,2025-26,50.0
1765537094199,-1,4284.435,-15.64,-1.0048185030517185,SL,133.20696666666666,2025-26,50.0
1765743650040,1,4315.345,-15.35,-1.0003258390355165,SL,896.65905,2025-26,50.0
1765807280932,1,4315.455,-15.786,-1.0214170171465544,SL,82.46311666666666,2025-26,50.0
1765830740183,1,4315.365,-15.41,-1.0029287341360233,SL,81.0032,2025-26,50.0
1765836678653,-1,4284.685,-15.34,-1.0016323865491348,SL,611.4006333333333,2025-26,50.0
1765875764453,1,4315.435,-15.48,-1.0029154518950438,SL,150.2414,2025-26,50.0
1765896528139,1,4315.345,34.655,2.258390355164549,TP,2661.58765,2025-26,50.0
1766056417648,1,4366.641,-16.733,-1.0055285139114236,SL,52.48976666666667,2025-26,50.0
1766059772464,-1,4334.678,-15.417,-1.006200234956272,SL,1370.5460833333334,2025-26,50.0
1766344970596,1,4365.405,34.595,2.2456994482310937,TP,268.8986,2025-26,50.0
1766368499440,1,4415.395,34.605,2.247807729782397,TP,968.2578166666667,2025-26,50.0
1766430432785,1,4465.405,-15.49,-1.0055176890619928,SL,865.8578833333333,2025-26,50.0
1766484173662,-1,4433.715,-16.39,-1.0064476512127725,SL,12.185033333333333,2025-26,50.0
1766489191908,1,4465.865,34.135,2.151591553734636,TP,429.4780333333333,2025-26,50.0
1766518223449,1,4515.515,-15.8,-1.0183693200128907,SL,145.52728333333334,2025-26,50.0
1766527158647,-1,4484.854,-15.151,-1.0003301201637396,SL,100.34118333333333,2025-26,50.0
1766544458684,-1,4484.748,-15.297,-1.0029504327301337,SL,137.31305,2025-26,50.0
1766574158110,1,4465.475,34.525,2.231017770597738,TP,1923.5840166666667,2025-26,50.0
1766692440138,1,4515.425,-15.59,-1.0106969205834684,SL,48.66693333333333,2025-26,50.0
1766711874920,1,4515.455,-15.805,-1.0226463927531544,SL,3964.4936166666666,2025-26,50.0
1766950034793,-1,4484.395,-15.757,-1.0097404677987825,SL,8.299033333333334,2025-26,50.0
1766952930204,1,4515.735,-15.8,-1.004130918334922,SL,11.023533333333333,2025-26,50.0
1766957582950,1,4515.122,-15.127,-1.0003306440946964,SL,231.35406666666665,2025-26,50.0
1766971804519,-1,4483.925,33.925,2.1104199066874028,TP,33.443133333333336,2025-26,50.0
1766974281316,1,4465.462,-15.654,-1.012417539774932,SL,267.96733333333333,2025-26,50.0
1766990434707,-1,4434.295,-15.807,-1.0064947468958931,SL,3.56485,2025-26,50.0
1766995206649,1,4465.872,-16.038,-1.0104586693548387,SL,27.8587,2025-26,50.0
1766997748104,-1,4433.331,33.331,1.9995800587917691,TP,22.317083333333333,2025-26,50.0
1767000601029,-1,4383.795,33.795,2.08546744831842,TP,30.510083333333334,2025-26,50.0
1767002818805,-1,4334.385,-15.8,-1.0118475824527697,SL,549.3667,2025-26,50.0
1767037811820,-1,4334.625,-15.437,-1.0040325203252032,SL,56.11441666666666,2025-26,50.0
1767045716972,1,4365.495,-15.5,-1.000322684737012,SL,328.15203333333335,2025-26,50.0
1767083524813,-1,4384.605,34.605,2.247807729782397,TP,376.88218333333333,2025-26,50.0
1767113833574,-1,4334.565,-15.48,-1.0029154518950438,SL,187.22296666666668,2025-26,50.0
1767126904396,1,4365.345,-15.726,-1.024828934506354,SL,81.43721666666667,2025-26,50.0
1767139020254,-1,4334.455,34.455,2.21646831778707,TP,54.771283333333336,2025-26,50.0
1767142483824,-1,4283.565,-17.06,-1.038028597505324,SL,16.9082,2025-26,50.0
1767144853688,1,4315.735,34.265,2.1776294884016525,TP,501.62291666666664,2025-26,50.0
1767175704078,-1,4334.265,-16.12,-1.0244677470606927,SL,1968.5383833333333,2025-26,50.0
1767305185351,1,4365.855,34.145,2.15357931251971,TP,607.9336,2025-26,50.0
1767342241614,-1,4384.245,34.245,2.17359568390987,TP,77.06816666666667,2025-26,50.0
1767348729779,-1,4334.555,-26.96,-1.745548721269019,SL,3347.856083333333,2025-26,50.0
1767550326430,1,4365.595,34.405,2.2061558191728117,TP,107.9619,2025-26,50.0
1767557067779,1,4415.385,-16.987,-1.1041273968150795,SL,8.567383333333334,2025-26,50.0
1767574874099,1,4415.645,-15.86,-1.013742409715564,SL,447.9452,2025-26,50.0
1767602782961,1,4415.405,34.595,2.2456994482310937,TP,77.10143333333333,2025-26,50.0
1767614690898,-1,4434.505,-17.047,-1.100161342368506,SL,355.28751666666665,2025-26,50.0
1767641732390,-1,4434.035,-16.07,-1.0065768869401817,SL,81.19361666666667,2025-26,50.0
1767651169026,1,4465.402,-15.557,-1.0100636281002466,SL,164.7973,2025-26,50.0
1767663263658,1,4465.422,-16.467,-1.0677603423680457,SL,192.7864,2025-26,50.0
1767684143737,1,4465.365,34.635,2.254149040026033,TP,664.0526166666667,2025-26,50.0
1767729163861,-1,4484.498,34.498,2.225390272222939,TP,290.86446666666666,2025-26,50.0
1767754204085,1,4465.465,-15.62,-1.010022631749111,SL,234.94685,2025-26,50.0
1767773322625,-1,4434.485,-15.56,-1.0029004189494037,SL,34.21941666666667,2025-26,50.0
1767780662522,-1,4434.435,-15.57,-1.0003212335367813,SL,21.83725,2025-26,50.0
1767785696220,1,4465.405,-15.74,-1.0217461863031483,SL,81.56666666666666,2025-26,50.0
1767812463259,1,4465.615,-15.65,-1.0022414345180917,SL,40.1618,2025-26,50.0
1767821826610,-1,4434.445,-15.857,-1.0194149791063967,SL,759.2339666666667,2025-26,50.0
1767873723410,1,4465.595,-15.6,-1.0003206155819173,SL,86.56,2025-26,50.0
1767885809761,1,4465.322,34.678,2.263281555932646,TP,1137.6007,2025-26,50.0
1767955146784,1,4515.435,-15.437,-1.0001295756397797,SL,32.94315,2025-26,50.0
1767963384111,-1,4483.395,-16.637,-1.0019271303824149,SL,37.217333333333336,2025-26,50.0
1768154400676,1,4522.302,27.698,1.2419513944937675,TP,69.21553333333334,2025-26,50.0
1768159293974,1,4565.372,34.628,2.2526671870934165,TP,33.957683333333335,2025-26,50.0
1768161627233,-1,4584.448,-15.737,-1.0118955761316872,SL,727.3695833333334,2025-26,50.0
1768207755254,1,4615.335,-15.4,-1.0042386697098142,SL,14.6911,2025-26,50.0
1768210056324,-1,4584.635,-15.51,-1.0094370322160755,SL,4.913383333333333,2025-26,50.0
1768212423845,1,4615.285,-15.36,-1.0049067713444553,SL,302.1340333333333,2025-26,50.0
1768241530710,-1,4584.248,-15.777,-1.0015871000507872,SL,47.59316666666667,2025-26,50.0
1768267422716,-1,4584.635,-15.577,-1.0137975919297104,SL,407.61746666666664,2025-26,50.0
1768293301903,1,4615.585,-16.14,-1.0356111645813282,SL,172.18475,2025-26,50.0
1768305612395,1,4615.552,-15.607,-1.003536522633745,SL,51.13595,2025-26,50.0
1768310364639,-1,4584.608,-15.427,-1.0022739085239085,SL,20.4289,2025-26,50.0
1768313021553,-1,4584.595,-15.767,-1.0234988640051932,SL,297.92766666666665,2025-26,50.0
1768334542400,1,4615.335,-15.4,-1.0042386697098142,SL,846.8627166666666,2025-26,50.0
1768385585992,1,4615.415,-15.92,-1.032760298410639,SL,611.5190333333334,2025-26,50.0
1768422725189,-1,4584.578,-15.477,-1.0035663338088445,SL,9.400983333333333,2025-26,50.0
1768429329637,-1,4584.745,-15.39,-1.008849557522124,SL,159.8237,2025-26,50.0
1768454665454,1,4615.395,-15.71,-1.0204611886976291,SL,186.43938333333332,2025-26,50.0
1768466851834,-1,4584.665,-15.52,-1.0120639060971635,SL,27.45745,2025-26,50.0
1768470915883,1,4615.422,-15.524,-1.0066139281545843,SL,591.32515,2025-26,50.0
1768524951742,1,4615.562,-15.647,-1.005462022876237,SL,46.98365,2025-26,50.0
1768545702640,1,4615.362,-15.377,-1.0009764353599793,SL,70.9337,2025-26,50.0
1768551451240,-1,4584.635,-15.967,-1.0391799544419134,SL,26.83055,2025-26,50.0
1768557802032,1,4615.302,-15.997,-1.0454188994902627,SL,19.764366666666668,2025-26,50.0
1768559168222,-1,4584.735,34.735,2.275466754012447,TP,7.482783333333333,2025-26,50.0
1768560351530,1,4565.402,34.598,2.2463316452408777,TP,3314.1701,2025-26,50.0
1768760174847,1,4665.8,34.2,2.1645569620253164,TP,1789.1041166666666,2025-26,50.0
1768870703544,1,4715.325,34.675,2.2626427406199023,TP,510.384,2025-26,50.0
1768901653655,-1,4734.505,-15.73,-1.015166182639561,SL,139.31965,2025-26,50.0
1768914678602,1,4765.395,-15.46,-1.0042221500487172,SL,131.72656666666666,2025-26,50.0
1768932004835,1,4767.452,32.548,1.8650011460004583,TP,130.90641666666667,2025-26,50.0
1768940415077,1,4815.502,34.498,2.225390272222939,TP,179.23671666666667,2025-26,50.0
1768952608436,1,4865.525,-17.16,-1.1053140096618357,SL,133.95746666666668,2025-26,50.0
1768961606867,-1,4834.465,-15.56,-1.0016092693916963,SL,15.957966666666668,2025-26,50.0
1768965505952,1,4865.342,-15.427,-1.0055403467605266,SL,346.6080333333333,2025-26,50.0
1768986499759,1,4865.425,-15.47,-1.0029173419773096,SL,2.5366333333333335,2025-26,50.0
1768987838616,1,4866.442,-16.617,-1.0106434740299233,SL,2.644616666666667,2025-26,50.0
1768989846320,1,4865.865,-15.88,-1.0009454774661204,SL,13.627216666666667,2025-26,50.0
1768990751008,-1,4833.695,-16.38,-1.0045998160073597,SL,34.72796666666667,2025-26,50.0
1768994384651,-1,4834.548,-15.457,-1.0003235827077401,SL,20.430266666666668,2025-26,50.0
1769005663040,-1,4834.555,34.555,2.237293622531564,TP,7.536966666666666,2025-26,50.0
1769010212451,1,4815.725,-15.73,-1.0003179650238474,SL,160.04805,2025-26,50.0
1769021909741,-1,4784.155,-15.89,-1.0028400126222783,SL,81.38675,2025-26,50.0
1769031123724,-1,4784.695,-15.33,-1.0016334531198954,SL,94.5565,2025-26,50.0
1769043111785,1,4815.465,34.535,2.2331070158422244,TP,574.6350166666666,2025-26,50.0
1769078104780,1,4865.295,34.705,2.2690421706440014,TP,132.59686666666667,2025-26,50.0
1769087556926,1,4915.235,34.765,2.2819166393173616,TP,291.68468333333334,2025-26,50.0
1769106631794,-1,4934.585,-15.43,-1.000973078170613,SL,17.011316666666666,2025-26,50.0
1769111967561,1,4965.365,-15.48,-1.0074845427920598,SL,2.5415666666666668,2025-26,50.0
1769129264684,1,4965.265,-15.47,-1.013429413691451,SL,23.886233333333333,2025-26,50.0
1769138436120,-1,4934.598,-15.407,-1.0003246331645241,SL,377.8357833333333,2025-26,50.0
1769166146446,1,4965.635,34.365,2.197953309881676,TP,3297.6149,2025-26,50.0
1769371295988,-1,5034.679,-15.486,-1.0107695320148815,SL,9.1278,2025-26,50.0
1769372311780,1,5065.525,34.475,2.2206119162640903,TP,328.53548333333333,2025-26,50.0
1769392679303,-1,5084.595,-15.47,-1.0042194092827004,SL,545.5239333333334,2025-26,50.0
1769426875630,-1,5084.685,-15.41,-1.0062030688867123,SL,74.81131666666667,2025-26,50.0
1769433020804,-1,5084.305,34.305,2.1857279388340234,TP,51.854533333333336,2025-26,50.0
1769437253444,-1,5034.725,-15.49,-1.0140752864157119,SL,50.482683333333334,2025-26,50.0
1769444080375,-1,5034.698,34.698,2.2675467259181805,TP,21.502816666666668,2025-26,50.0
1769445734282,1,5015.525,34.475,2.2206119162640903,TP,116.96988333333333,2025-26,50.0
1769456549182,-1,5034.448,-15.557,-1.0003215020576133,SL,26.019966666666665,2025-26,50.0
1769458398030,1,5065.665,-15.8,-1.008617938078519,SL,49.7021,2025-26,50.0
1769461696695,1,5065.755,34.245,2.17359568390987,TP,333.3879,2025-26,50.0
1769482803844,-1,5084.705,34.705,2.2690421706440014,TP,376.5507333333333,2025-26,50.0
1769505939975,1,5065.342,-15.757,-1.027049928301395,SL,34.86253333333333,2025-26,50.0
1769508214618,1,5065.525,34.475,2.2206119162640903,TP,75.07991666666666,2025-26,50.0
1769514994963,-1,5084.615,-15.427,-1.0027299317517062,SL,179.12028333333333,2025-26,50.0
1769526205844,1,5117.325,32.675,1.886002886002886,TP,18.100783333333332,2025-26,50.0
1769527519950,-1,5134.345,-15.76,-1.0067071223251358,SL,20.45585,2025-26,50.0
1769528925996,1,5167.315,32.685,1.8876696505919723,TP,258.6684333333333,2025-26,50.0
1769544653019,-1,5184.415,-15.62,-1.0022457491177414,SL,26.2616,2025-26,50.0
1769546680146,1,5215.365,34.635,2.254149040026033,TP,201.46978333333334,2025-26,50.0
1769560889609,1,5265.355,34.645,2.2562683165092805,TP,165.31633333333335,2025-26,50.0
1769571935531,-1,5284.455,34.455,2.21646831778707,TP,139.34625,2025-26,50.0
1769582906440,1,5265.445,-15.547,-1.0066040789899644,SL,137.98548333333332,2025-26,50.0
1769591806405,1,5265.395,-15.59,-1.0126664501461513,SL,51.391533333333335,2025-26,50.0
1769595308522,1,5265.635,-15.937,-1.0193156379916852,SL,2.4315166666666665,2025-26,50.0
1769595642080,1,5265.835,34.165,2.157562361856647,TP,99.25473333333333,2025-26,50.0
1769603975912,-1,5284.328,-15.717,-1.0028713629402757,SL,12.921566666666667,2025-26,50.0
1769606430911,1,5315.375,-15.53,-1.010081300813008,SL,9.642566666666667,2025-26,50.0
1769607087446,-1,5284.395,-16.01,-1.0259532201217558,SL,43.81301666666667,2025-26,50.0
1769610417211,-1,5284.435,-15.567,-1.0001284934147125,SL,9.413566666666666,2025-26,50.0
1769611711864,1,5315.735,34.265,2.1776294884016525,TP,38.92295,2025-26,50.0
1769614529011,1,5365.655,34.345,2.1938677738741617,TP,73.31226666666667,2025-26,50.0
1769619341109,1,5415.535,34.465,2.21853878339234,TP,66.2124,2025-26,50.0
1769623414238,-1,5433.598,-16.663,-1.0159126935739544,SL,4.6942,2025-26,50.0
1769623958969,1,5465.735,34.265,2.1776294884016525,TP,17.823583333333332,2025-26,50.0
1769625371816,1,5515.552,34.448,2.2150205761316872,TP,2.5467666666666666,2025-26,50.0
1769625572330,1,5566.595,-16.73,-1.008134980415788,SL,3.36315,2025-26,50.0
1769625856590,-1,5533.515,33.515,2.0330603579011224,TP,5.446166666666667,2025-26,50.0
1769626511854,-1,5483.298,-16.704,-1.000119746138187,SL,0.81575,2025-26,50.0
1769626581240,1,5516.845,-16.847,-1.0001187295933511,SL,4.257116666666667,2025-26,50.0
1769626875059,-1,5484.248,-15.947,-1.0123793803961403,SL,5.99515,2025-26,50.0
1769627832939,-1,5484.165,-15.89,-1.0034733185980422,SL,10.914733333333333,2025-26,50.0
1769628815019,1,5516.005,-17.17,-1.0727897532021244,SL,9.090566666666666,2025-26,50.0
1769629631650,1,5515.745,-16.197,-1.0287075261987932,SL,13.430883333333334,2025-26,50.0
1769630448793,-1,5484.275,-15.796,-1.0045151033386328,SL,0.5495,2025-26,50.0
1769630542806,-1,5484.129,34.129,2.1504001008128033,TP,7.525183333333334,2025-26,50.0
1769631067782,1,5466.135,33.865,2.0988534242330337,TP,8.684,2025-26,50.0
1769632204241,1,5515.545,34.455,2.21646831778707,TP,12.65255,2025-26,50.0
1769633150513,-1,5534.515,-15.51,-1.0016144656118824,SL,6.64775,2025-26,50.0
1769633760642,-1,5534.455,-15.77,-1.0144741074300418,SL,41.16661666666667,2025-26,50.0
1769636432102,-1,5534.398,-15.714,-1.0071785668504039,SL,80.62323333333333,2025-26,50.0
1769642074397,-1,5534.345,-15.92,-1.0169274992015331,SL,13.222033333333334,2025-26,50.0
1769646098077,-1,5534.095,-16.02,-1.0072304306821753,SL,9.494416666666666,2025-26,50.0
1769648404312,1,5565.405,-15.41,-1.000324569944823,SL,83.22986666666667,2025-26,50.0
1769655899577,-1,5534.445,34.445,2.2144005143040824,TP,38.826116666666664,2025-26,50.0
1769658880688,1,5515.475,-16.05,-1.037156704361874,SL,8.513583333333333,2025-26,50.0
1769659643986,1,5515.435,-15.44,-1.0003239390994494,SL,83.87823333333333,2025-26,50.0
1769666295741,-1,5484.415,-16.15,-1.0362528071863972,SL,13.710866666666666,2025-26,50.0
1769680158796,1,5515.902,-16.637,-1.0462206011822412,SL,4.401916666666667,2025-26,50.0
1769680705946,1,5515.982,-16.317,-1.0209610812163683,SL,1.3388333333333333,2025-26,50.0
1769680805047,-1,5484.148,34.148,2.1541761291950543,TP,3.43365,2025-26,50.0
1769681109858,1,5466.205,-16.62,-1.0256093798210428,SL,1.1993,2025-26,50.0
1769681241784,-1,5429.808,29.808,1.4762282091917591,TP,4.69655,2025-26,50.0
1769681560386,1,5416.042,-16.294,-1.0157087644932052,SL,1.7899166666666666,2025-26,50.0
1769681674838,-1,5380.725,30.725,1.5940337224383918,TP,0.9318833333333333,2025-26,50.0
1769681778873,-1,5333.898,33.898,2.105204322444417,TP,1.0928,2025-26,50.0
1769681904942,1,5317.005,32.995,1.940311673037342,TP,0.35575,2025-26,50.0
1769681942610,-1,5333.298,-16.993,-1.0174230631062149,SL,1.8888666666666667,2025-26,50.0
1769682092509,1,5368.695,-19.24,-1.0291521797271999,SL,0.54445,2025-26,50.0
1769682190981,-1,5332.915,32.915,1.9265437518290898,TP,1.5790166666666667,2025-26,50.0
1769682384719,-1,5283.145,33.145,1.9664787896766538,TP,0.4613833333333333,2025-26,50.0
1769682440857,-1,5230.398,30.398,1.5507601265177022,TP,0.3769,2025-26,50.0
1769682479610,-1,5128.348,28.348,1.3092554960280804,TP,0.0397,2025-26,50.0
1769682504594,1,5188.405,-38.405,-0.4344211300265822,TP,0.017633333333333334,2025-26,50.0
1769682529485,-1,5179.315,29.315,1.4172105390379501,TP,0.41108333333333336,2025-26,50.0
1769682568770,1,5168.502,31.498,1.702410550210788,TP,0.2943,2025-26,50.0
1769682602605,-1,5183.158,-17.127,-1.0169219807623797,SL,0.13376666666666667,2025-26,50.0
1769682631642,1,5217.585,32.415,1.8433323855558714,TP,0.2365,2025-26,50.0
1769682655538,-1,5229.098,-23.727,-1.1351545306669217,SL,0.2464,2025-26,50.0
1769682676121,-1,5234.285,34.285,2.181673560292714,TP,0.50935,2025-26,50.0
1769682736858,1,5170.202,-22.954,-1.1362241362241363,SL,0.36673333333333336,2025-26,50.0
1769682783701,-1,5131.848,-18.254,-1.005619215513442,SL,0.15883333333333333,2025-26,50.0
1769682804868,1,5167.195,-17.497,-1.017563245129398,SL,1.2405,2025-26,50.0
1769682890992,1,5167.302,-18.104,-1.046353022771934,SL,0.2798833333333333,2025-26,50.0
1769682916972,-1,5133.135,-19.957,-1.1833382745330567,SL,1.52005,2025-26,50.0
1769683020450,-1,5132.905,-17.36,-1.0155016086575022,SL,0.09773333333333334,2025-26,50.0
1769683033605,1,5166.935,33.065,1.9524653085326247,TP,1.1245333333333334,2025-26,50.0
1769683213027,-1,5182.575,32.575,1.8694404591104734,TP,2.19145,2025-26,50.0
1769683349202,-1,5133.865,-16.797,-1.0410288193368453,SL,2.9369666666666667,2025-26,50.0
1769683551110,1,5167.752,-18.387,-1.035770617395223,SL,1.7233833333333333,2025-26,50.0
1769683676185,1,5166.402,-16.417,-1.000914522619193,SL,0.13345,2025-26,50.0
1769684108398,-1,5183.975,-17.547,-1.0949765990639626,SL,6.543233333333333,2025-26,50.0
1769684878766,-1,5234.095,-16.01,-1.0066016975793775,SL,1.05175,2025-26,50.0
1769685227246,1,5266.132,-16.287,-1.0096082320852964,SL,3.0874,2025-26,50.0
1769685541879,1,5266.962,-16.997,-1.002063435915576,SL,1.6644833333333333,2025-26,50.0
1769685668845,1,5266.322,-16.757,-1.0266511456929297,SL,1.8389833333333334,2025-26,50.0
1769685867216,1,5266.012,33.988,2.122658006495129,TP,5.933466666666667,2025-26,50.0
1769686463936,-1,5284.245,34.245,2.17359568390987,TP,5.601933333333333,2025-26,50.0
1769686838514,1,5265.665,-15.967,-1.0192786466645387,SL,12.0551,2025-26,50.0
1769687644361,-1,5230.955,-19.64,-1.031241795746915,SL,0.59395,2025-26,50.0
1769688000581,1,5265.582,34.418,2.2088307020921576,TP,15.176483333333334,2025-26,50.0
1769688924712,1,5316.375,33.625,2.053435114503817,TP,10.650016666666666,2025-26,50.0
1769689630849,1,5366.102,-16.114,-1.0007452490373867,SL,3.8909166666666666,2025-26,50.0
1769690218963,1,5365.845,-15.95,-1.0066266961186494,SL,8.837166666666667,2025-26,50.0
1769690943480,1,5365.665,-16.017,-1.0224704755825087,SL,1.0047666666666666,2025-26,50.0
1769691127616,-1,5329.945,-20.2,-1.0072301171777611,SL,9.9186,2025-26,50.0
1769692984765,-1,5333.875,-16.36,-1.0145736434108528,SL,9.1412,2025-26,50.0
1769695208084,-1,5333.185,33.185,1.9735355337496283,TP,30.6458,2025-26,50.0
1769697443954,1,5315.635,-16.08,-1.028461784457947,SL,16.80285,2025-26,50.0
1769699039784,-1,5284.335,-16.06,-1.0252154484519629,SL,1.9802333333333333,2025-26,50.0
1769700112899,1,5315.535,34.465,2.21853878339234,TP,20.36175,2025-26,50.0
1769702810286,-1,5384.098,-16.117,-1.0135203119104514,SL,8.195683333333333,2025-26,50.0
1769704009869,1,5415.875,-16.71,-1.0525984251968503,SL,11.4163,2025-26,50.0
1769705078832,-1,5383.895,-16.207,-1.0063334368208632,SL,76.01795,2025-26,50.0
1769709790884,1,5416.452,-18.257,-1.1097131047896913,SL,14.144266666666667,2025-26,50.0
1769711234356,1,5416.035,33.965,2.1181789834736513,TP,42.22358333333333,2025-26,50.0
1769714711040,-1,5433.985,33.985,2.1220730565095223,TP,22.352433333333334,2025-26,50.0
1769716450281,1,5415.885,-15.9,-1.0009442870632672,SL,5.912816666666667,2025-26,50.0
1769716902327,-1,5384.385,-15.83,-1.0137688120397055,SL,0.8399666666666666,2025-26,50.0
1769717132025,-1,5384.198,34.198,2.1641564358941907,TP,5.9165833333333335,2025-26,50.0
1769718815978,1,5365.611,-15.796,-1.0118506181538658,SL,5.602816666666667,2025-26,50.0
1769719356830,1,5366.285,-16.29,-1.000307031010132,SL,2.09855,2025-26,50.0
1769719574756,-1,5334.055,34.055,2.1357792411414236,TP,13.1933,2025-26,50.0
1769720427150,-1,5284.145,-16.177,-1.020309050772627,SL,0.5672666666666667,2025-26,50.0
1769720904778,-1,5283.299,33.299,1.9938327046284654,TP,3.898633333333333,2025-26,50.0
1769721272790,1,5215.985,-16.387,-1.0251485767907413,SL,0.61435,2025-26,50.0
1769721318121,-1,5183.498,-16.747,-1.0148466852502727,SL,0.2860333333333333,2025-26,50.0
1769721425127,-1,5182.355,32.355,1.8336639274582034,TP,2.702383333333333,2025-26,50.0
1769721685864,-1,5133.498,-16.527,-1.001514967882681,SL,2.8011666666666666,2025-26,50.0
1769721876322,1,5170.685,-22.3,-1.0780759004109257,SL,4.787733333333334,2025-26,50.0
1769722187974,1,5167.052,-17.647,-1.0348932676518883,SL,1.89185,2025-26,50.0
1769722389163,1,5166.015,33.985,2.1220730565095223,TP,3.975983333333333,2025-26,50.0
1769722755668,1,5216.702,-17.827,-1.0673572027302118,SL,24.551083333333334,2025-26,50.0
1769724338503,-1,5183.729,-16.296,-1.0015364759387868,SL,3.5618333333333334,2025-26,50.0
1769724675306,-1,5184.315,-15.866,-1.0115396875996174,SL,13.773883333333334,2025-26,50.0
1769725863430,1,5215.991,-16.236,-1.0153211181289474,SL,1.7649166666666667,2025-26,50.0
1769726070589,-1,5180.535,-19.71,-1.0125866940662729,SL,23.867833333333333,2025-26,50.0
1769727778673,1,5216.151,-16.156,-1.0003095783542815,SL,23.264266666666668,2025-26,50.0
1769729412857,1,5215.845,-15.876,-1.0019564531397918,SL,23.413233333333334,2025-26,50.0
1769734728046,-1,5184.065,-15.97,-1.0021964229683087,SL,3.1660666666666666,2025-26,50.0
1769735244343,-1,5184.025,-16.02,-1.0028169014084507,SL,2.9273666666666665,2025-26,50.0
1769735739286,-1,5183.985,33.985,2.1220730565095223,TP,42.04875,2025-26,50.0
1769738423899,-1,5133.839,-16.316,-1.0095909906565188,SL,5.157816666666666,2025-26,50.0
1769738857021,1,5166.205,-16.33,-1.0077136686207961,SL,27.409333333333333,2025-26,50.0
1769740536565,-1,5129.249,-20.876,-1.0060238060816347,SL,3.6271833333333334,2025-26,50.0
1769741735125,1,5165.985,-16.12,-1.0084454175789803,SL,12.099333333333334,2025-26,50.0
1769742960687,-1,5134.189,-15.886,-1.004743532983366,SL,1.4368333333333334,2025-26,50.0
1769743322586,1,5165.875,-16.1,-1.0141732283464566,SL,8.367133333333333,2025-26,50.0
1769743908087,-1,5134.185,34.185,2.161555485298767,TP,2.1830666666666665,2025-26,50.0
1769744078185,-1,5083.695,-16.947,-1.039374425022999,SL,2.8735833333333334,2025-26,50.0
1769744526522,-1,5084.435,-15.587,-1.0014134275618374,SL,3.5282666666666667,2025-26,50.0
1769744889416,1,5116.365,-16.88,-1.0314695997555758,SL,17.247683333333335,2025-26,50.0
1769746028947,-1,5083.668,33.668,2.061474406073965,TP,5.89685,2025-26,50.0
1769746672185,1,5066.615,-16.71,-1.0057177249473368,SL,3.04985,2025-26,50.0
1769747120473,-1,5033.405,-17.197,-1.036275986742995,SL,1.3065666666666667,2025-26,50.0
1769747561176,1,5067.905,-18.29,-1.0215023736386484,SL,4.3483,2025-26,50.0
1769747994479,-1,5033.145,33.145,1.9664787896766538,TP,3.0522,2025-26,50.0
1769748258379,-1,4983.895,-17.52,-1.0878609127600125,SL,3.92355,2025-26,50.0
1769748715014,1,4967.002,32.998,1.9408304905305258,TP,5.30375,2025-26,50.0
1769749472419,-1,5033.098,-18.727,-1.107975387528103,SL,11.905966666666666,2025-26,50.0
1769750417987,1,5067.035,-17.29,-1.01496918109774,SL,2.9969166666666665,2025-26,50.0
1769750679261,1,5065.962,34.038,2.1324395439168025,TP,28.659583333333334,2025-26,50.0
1769752546757,-1,5083.715,-16.36,-1.0046054651519805,SL,1.17175,2025-26,50.0
1769752778219,1,5117.895,-18.16,-1.0148086057557977,SL,2.8357666666666668,2025-26,50.0
1769753263229,1,5115.635,-16.287,-1.041701311160857,SL,41.04931666666667,2025-26,50.0
1769756034605,1,5115.655,-15.84,-1.0118173107633344,SL,51.76676666666667,2025-26,50.0
1769759191982,-1,5083.808,-16.694,-1.0310029644268774,SL,18.3361,2025-26,50.0
1769760353042,-1,5083.155,33.155,1.9682398337785694,TP,17.359066666666667,2025-26,50.0
1769763370318,1,5015.915,34.085,2.1416902293433866,TP,5.56345,2025-26,50.0
1769763810238,1,5065.925,-16.607,-1.0428257456828884,SL,4.14815,2025-26,50.0
1769764895109,1,5066.135,33.865,2.0988534242330337,TP,12.00955,2025-26,50.0
1769765801280,-1,5084.038,34.038,2.1324395439168025,TP,17.9677,2025-26,50.0
1769766926548,-1,5032.578,-18.224,-1.0460337504304902,SL,0.31185,2025-26,50.0
1769767012852,-1,5033.785,33.785,2.0835646006783843,TP,4.432216666666666,2025-26,50.0
1769767366428,-1,4983.589,-20.093,-1.2243617086100786,SL,0.54165,2025-26,50.0
1769767421764,-1,4984.225,-18.376,-1.1648811410459587,SL,0.69485,2025-26,50.0
1769767482373,-1,4982.935,-17.12,-1.003222970993261,SL,0.7848666666666667,2025-26,50.0
1769767659281,1,5016.715,-17.96,-1.0744839964104098,SL,1.1518666666666666,2025-26,50.0
1769767749291,-1,4983.455,-17.847,-1.0786944696282865,SL,0.7595166666666666,2025-26,50.0
1769767868461,1,5017.352,32.648,1.8815122176118027,TP,5.491366666666667,2025-26,50.0
1769768723023,-1,5032.928,-17.324,-1.0147610121836925,SL,1.8363166666666666,2025-26,50.0
1769769362843,1,5065.812,-16.257,-1.028143182393119,SL,3.0300833333333332,2025-26,50.0
1769770187434,1,5066.055,-16.16,-1.0065400186857676,SL,4.31045,2025-26,50.0
1769770970137,-1,5034.315,34.315,2.18775900541919,TP,19.275366666666667,2025-26,50.0
1769772767951,1,5016.762,-18.087,-1.079047846319055,SL,0.9560666666666666,2025-26,50.0
1769773471541,1,5017.502,-17.604,-1.005827905382242,SL,0.5337666666666666,2025-26,50.0
1769773541546,1,5016.102,-16.447,-1.0214259098248666,SL,0.3836,2025-26,50.0
1769773710273,-1,4984.035,34.035,2.1318509238960224,TP,3.7976833333333335,2025-26,50.0
1769773977605,1,4966.545,-16.857,-1.0188576609247506,SL,14.05445,2025-26,50.0
1769775635587,1,4915.825,-16.28,-1.0287519747235387,SL,0.6614333333333333,2025-26,50.0
1769775721754,1,4917.102,-17.367,-1.0154952637118466,SL,9.1195,2025-26,50.0
1769776451437,1,4916.685,-17.16,-1.0284686844471083,SL,1.4690833333333333,2025-26,50.0
1769776949493,-1,4884.125,34.125,2.1496062992125986,TP,1.6373833333333334,2025-26,50.0
1769777102132,1,4866.695,-18.19,-1.0895477687930517,SL,5.207583333333333,2025-26,50.0
1769777569007,-1,4834.335,-15.867,-1.0128949888285987,SL,5.0444,2025-26,50.0
1769777899457,-1,4833.485,-16.55,-1.002119285498032,SL,1.62405,2025-26,50.0
1769778076212,1,4866.195,-16.22,-1.0015436863229392,SL,6.4777,2025-26,50.0
1769778503096,-1,4831.978,31.978,1.7743868605038287,TP,1.7261666666666666,2025-26,50.0
1769778639416,1,4816.661,-16.683,-1.001320448952644,SL,1.5527166666666667,2025-26,50.0
1769778788656,1,4816.715,-17.18,-1.0278193239605145,SL,1.33535,2025-26,50.0
1769778908031,1,4817.095,-18.147,-1.0615384615384615,SL,0.5347333333333333,2025-26,50.0
1769779053320,-1,4783.798,33.798,2.086038760646834,TP,2.9994,2025-26,50.0
1769779254657,-1,4732.975,-18.517,-1.0876358296622615,SL,2.5903833333333335,2025-26,50.0
1769779437695,-1,4733.698,-16.377,-1.0046006624953994,SL,2.9367666666666667,2025-26,50.0
1769779641316,-1,4733.348,-16.724,-1.0043238049483545,SL,0.43811666666666665,2025-26,50.0
1769779755392,1,4719.557,30.443,1.5566293398783044,TP,0.6079333333333333,2025-26,50.0
1769779804579,-1,4731.665,-18.437,-1.0055631306244888,SL,0.2942,2025-26,50.0
1769779930853,1,4766.102,-16.607,-1.0313625636566885,SL,2.1039333333333334,2025-26,50.0
1769780163230,-1,4733.548,33.548,2.039144176999757,TP,2.4953666666666665,2025-26,50.0
1769780351819,-1,4681.148,-23.354,-1.2388075535752174,SL,0.19413333333333332,2025-26,50.0
1769780412440,1,4719.405,30.595,1.576655501159495,TP,2.4880166666666668,2025-26,50.0
1769780575879,1,4769.722,-20.974,-1.0634824054355543,SL,0.24168333333333333,2025-26,50.0
1769780634315,1,4767.315,32.685,1.8876696505919723,TP,1.5636666666666668,2025-26,50.0
1769780825695,1,4816.785,33.215,1.978850163836759,TP,4.0517666666666665,2025-26,50.0
1769781118613,-1,4833.785,-17.077,-1.0531606537156954,SL,1.3368333333333333,2025-26,50.0
1769781291522,1,4866.575,33.425,2.0165912518853695,TP,5.761283333333333,2025-26,50.0
1769781762094,-1,4883.485,-16.56,-1.002724795640327,SL,1.2588833333333334,2025-26,50.0
1769782035232,-1,4883.355,-16.71,-1.0039050765995794,SL,2.1923166666666667,2025-26,50.0
1769782207971,1,4916.325,-17.76,-1.0879019908116385,SL,1.07095,2025-26,50.0
1769783084064,1,4866.085,33.915,2.108486167236556,TP,8.123066666666666,2025-26,50.0
1769783905448,1,4918.825,-19.82,-1.0528552456839309,SL,2.8436666666666666,2025-26,50.0
1769784204898,1,4915.855,-15.93,-1.0047303689687797,SL,17.887133333333335,2025-26,50.0
1769785328779,-1,4883.435,-16.667,-1.0061575611228495,SL,0.14333333333333334,2025-26,50.0
1769785505124,1,4916.295,-16.58,-1.0174900276158332,SL,1.0069333333333332,2025-26,50.0
1769785744209,-1,4883.415,-17.427,-1.0507687669580947,SL,0.3284,2025-26,50.0
1769785901300,-1,4883.455,-16.827,-1.0170444242973709,SL,2.4793833333333333,2025-26,50.0
1769786202599,-1,4883.825,-16.77,-1.0367851622874806,SL,2.304116666666667,2025-26,50.0
1769786969208,-1,4883.819,33.819,2.0900438786230766,TP,7.972533333333334,2025-26,50.0
1769787564132,1,4866.085,-16.1,-1.000932545850171,SL,0.94875,2025-26,50.0
1769787751115,1,4867.135,-17.75,-1.0358914502480303,SL,8.444533333333334,2025-26,50.0
1769788300707,1,4865.901,-16.006,-1.0066033582793534,SL,1.8579833333333333,2025-26,50.0
1769788517607,-1,4833.325,-17.73,-1.0632683658170914,SL,3.8116166666666667,2025-26,50.0
1769788865628,-1,4833.689,-16.316,-1.0003065415976948,SL,0.90755,2025-26,50.0
1769789286153,-1,4833.995,-16.45,-1.027803811308966,SL,8.711433333333334,2025-26,50.0
1769790056921,1,4866.175,-16.31,-1.0083462132921175,SL,17.944883333333333,2025-26,50.0
1769969307750,-1,4820.748,20.748,0.7092848352249419,TP,2.42025,2025-26,50.0
1769969594711,1,4774.302,-27.837,-1.145461278907086,SL,1.0339166666666666,2025-26,50.0
1769969781324,-1,4729.548,29.548,1.444748679835713,TP,2.3113333333333332,2025-26,50.0
1769969971448,1,4721.495,28.505,1.3261223540358222,TP,16.2157,2025-26,50.0
1769971553142,-1,4730.585,-21.67,-1.1161473087818696,SL,0.11896666666666667,2025-26,50.0
1769971643261,-1,4733.498,-16.804,-1.0183008120227852,SL,2.3281,2025-26,50.0
1769971840181,1,4768.545,-20.44,-1.1021838770558101,SL,0.8610666666666666,2025-26,50.0
1769972470553,1,4766.652,33.348,2.002642325246217,TP,7.4823,2025-26,50.0
1769973533474,1,4866.695,-19.697,-1.1798143156633722,SL,1.3177666666666668,2025-26,50.0
1769973676264,1,4867.152,-17.704,-1.0321828358208955,SL,4.13045,2025-26,50.0
1769973928238,-1,4830.755,-19.247,-1.0001039230969082,SL,0.2578,2025-26,50.0
1769974115130,-1,4832.955,-17.547,-1.029451452038721,SL,0.4577333333333333,2025-26,50.0
1769974223459,-1,4833.798,33.798,2.086038760646834,TP,14.27035,2025-26,50.0
1769975258286,-1,4783.705,-16.347,-1.0031911629334151,SL,0.77345,2025-26,50.0
1769976021306,-1,4734.205,-16.98,-1.0750237416904083,SL,1.0418166666666666,2025-26,50.0
1769976156705,1,4767.815,-18.867,-1.0590513612124615,SL,3.7611166666666667,2025-26,50.0
1769976397075,-1,4733.318,-17.034,-1.0211005874595371,SL,0.37596666666666667,2025-26,50.0
1769976504360,1,4716.512,-18.707,-1.1329336240310077,SL,0.7424666666666667,2025-26,50.0
1769976564871,-1,4670.995,20.995,0.7238407171177383,TP,0.7379,2025-26,50.0
1769976661022,-1,4583.165,-18.56,-1.1024651024651024,SL,0.015183333333333333,2025-26,50.0
1769976683122,1,4624.802,-26.254,-1.0585436658334004,SL,1.1597333333333333,2025-26,50.0
1769976806417,1,4617.552,32.448,1.8486782133090247,TP,1.63735,2025-26,50.0
1769976930971,1,4666.652,33.348,2.002642325246217,TP,1.5862,2025-26,50.0
1769977047489,-1,4682.598,-18.024,-1.035743018043903,SL,3.08455,2025-26,50.0
1769977288040,-1,4682.988,32.988,1.9391018104867153,TP,2.4246666666666665,2025-26,50.0
1769977471605,1,4666.775,33.225,1.9806259314456036,TP,4.0753,2025-26,50.0
1769977815273,-1,4683.805,-16.41,-1.013275702377277,SL,2.92885,2025-26,50.0
1769978114847,1,4717.785,-19.39,-1.0902445881360696,SL,6.073683333333333,2025-26,50.0
1769978675897,1,4716.752,-17.257,-1.0301456542502387,SL,26.372766666666667,2025-26,50.0
1769980325722,1,4716.992,33.008,1.9425612052730696,TP,19.936233333333334,2025-26,50.0
1769982151374,1,4766.842,-17.547,-1.0418596366227288,SL,3.25045,2025-26,50.0
1769982498667,-1,4733.385,33.385,2.0093289196509176,TP,10.36635,2025-26,50.0
1769983222751,1,4716.802,-17.094,-1.017378883466254,SL,13.424583333333333,2025-26,50.0
1769984129934,-1,4683.695,-17.71,-1.0861698865378717,SL,2.4702,2025-26,50.0
1769984366102,1,4717.142,-18.334,-1.069536810173842,SL,8.688433333333334,2025-26,50.0
1769985086104,-1,4683.708,33.708,2.0689909157868893,TP,7.56935,2025-26,50.0
1769985663973,-1,4633.088,-18.724,-1.1071428571428572,SL,0.6555,2025-26,50.0
1769985832781,1,4666.502,-17.077,-1.0348442613016604,SL,14.048216666666667,2025-26,50.0
1769986898230,-1,4632.478,-17.974,-1.0257961419929231,SL,6.873383333333333,2025-26,50.0
1769987567777,-1,4633.345,-16.857,-1.0121284899429601,SL,0.74495,2025-26,50.0
1769987706005,1,4666.502,33.498,2.0299357653617744,TP,4.998483333333334,2025-26,50.0
1769988107060,-1,4683.378,-16.624,-1.0001203224642041,SL,10.210116666666666,2025-26,50.0
1769989803965,-1,4683.425,33.425,2.0165912518853695,TP,40.27871666666667,2025-26,50.0
1769993058633,-1,4582.818,32.818,1.9100221161680828,TP,4.639216666666667,2025-26,50.0
1769993360783,-1,4533.105,-17.49,-1.0352175199763243,SL,0.48496666666666666,2025-26,50.0
1769993422589,1,4568.372,-20.814,-1.1329196603527107,SL,0.1418,2025-26,50.0
1769993495352,-1,4532.228,-18.724,-1.0535674094080576,SL,6.815616666666667,2025-26,50.0
1769993935015,1,4566.655,-16.697,-1.002521765235665,SL,0.36961666666666665,2025-26,50.0
1769994041412,1,4567.042,-17.047,-1.000293392794273,SL,2.14325,2025-26,50.0
1769994408662,-1,4532.398,-18.384,-1.044426769685263,SL,2.5995166666666667,2025-26,50.0
1769994792565,-1,4533.608,-17.267,-1.0533796974133725,SL,2.695866666666667,2025-26,50.0
1769995313001,-1,4483.848,33.848,2.0955918771669144,TP,5.337933333333333,2025-26,50.0
1769995649873,-1,4432.748,-17.704,-1.0261998608856944,SL,0.31355,2025-26,50.0
1769995688343,1,4466.845,-17.536,-1.0410210745028199,SL,8.983433333333334,2025-26,50.0
1769996274740,-1,4430.335,-20.37,-1.0358504958047292,SL,4.652433333333334,2025-26,50.0
1769996623958,-1,4433.325,-17.087,-1.0247076461769116,SL,0.7636666666666667,2025-26,50.0
1769996959986,-1,4433.005,-17.657,-1.0389526331273904,SL,0.8843,2025-26,50.0
1769997042560,1,4469.152,30.848,1.6106934001670843,TP,5.598166666666667,2025-26,50.0
1769997449470,1,4516.952,-17.167,-1.0126828692779613,SL,1.5779166666666666,2025-26,50.0
1769997601191,-1,4483.315,-18.38,-1.101588252921786,SL,0.011816666666666666,2025-26,50.0
1769997731273,1,4516.652,33.348,2.002642325246217,TP,7.06645,2025-26,50.0
1769998263960,-1,4533.648,-16.857,-1.030883072407045,SL,4.588416666666666,2025-26,50.0
1769998599350,-1,4533.548,-17.227,-1.0471067347434961,SL,4.539583333333334,2025-26,50.0
1769999140552,1,4566.725,-16.79,-1.0038863976083707,SL,3.7702166666666668,2025-26,50.0
1769999530519,-1,4533.348,-17.367,-1.0429377852510209,SL,4.908733333333333,2025-26,50.0
1769999874367,1,4566.952,33.048,1.9495044832468145,TP,8.63095,2025-26,50.0
1770000571393,1,4615.952,-16.097,-1.0090897693079237,SL,0.9021333333333333,2025-26,50.0
1770000786504,-1,4582.428,-18.174,-1.0342590484862282,SL,2.14225,2025-26,50.0
1770001247713,-1,4583.715,-16.477,-1.0117899907890697,SL,7.358333333333333,2025-26,50.0
1770001758542,1,4617.115,-17.34,-1.0131463628396145,SL,7.840983333333333,2025-26,50.0
1770003923970,-1,4633.955,-16.42,-1.023371766905578,SL,4.940883333333334,2025-26,50.0
1770004318360,-1,4634.085,-16.05,-1.0084825636192272,SL,1.8872833333333334,2025-26,50.0
1770004554550,-1,4633.975,-16.11,-1.0053042121684868,SL,15.931383333333333,2025-26,50.0
1770005766818,-1,4633.465,-16.69,-1.0093740550347747,SL,1.1749,2025-26,50.0
1770006360756,1,4665.962,34.038,2.1324395439168025,TP,4.944566666666667,2025-26,50.0
1770006911591,-1,4683.728,-16.297,-1.0015363815142577,SL,1.7095,2025-26,50.0
1770007504894,-1,4683.588,-17.037,-1.0380818912990495,SL,0.5808833333333333,2025-26,50.0
1770007738717,1,4715.825,-16.36,-1.0338072669826224,SL,2.2322,2025-26,50.0
1770009931831,-1,4683.135,-17.12,-1.015120071153276,SL,29.56886666666667,2025-26,50.0
1770012013046,1,4715.895,34.105,2.1456432840515887,TP,14.915533333333334,2025-26,50.0
1770014212566,1,4767.945,-17.97,-1.0013931457230427,SL,26.721216666666667,2025-26,50.0
1770016215719,1,4766.962,33.038,1.9477655936799905,TP,35.02171666666667,2025-26,50.0
1770018629349,-1,4783.725,33.725,2.0721966205837172,TP,10.412966666666666,2025-26,50.0
1770019336163,-1,4732.805,-18.88,-1.0979936027915091,SL,2.4364833333333333,2025-26,50.0
1770019641224,1,4767.225,32.775,1.902757619738752,TP,3.6903166666666665,2025-26,50.0
1770019961520,-1,4781.548,31.548,1.7097333622371558,TP,7.10915,2025-26,50.0
1770020425539,-1,4733.489,-16.696,-1.0112046514444915,SL,1.0892166666666667,2025-26,50.0
1770020744826,-1,4734.158,-16.597,-1.0476581239742457,SL,0.77325,2025-26,50.0
1770020913888,-1,4732.148,32.148,1.8008066323101053,TP,7.9882,2025-26,50.0
1770021502637,-1,4683.788,-16.327,-1.0070935109795214,SL,7.03545,2025-26,50.0
1770022413589,1,4716.102,-16.587,-1.0301204819277108,SL,5.451766666666667,2025-26,50.0
1770023144283,1,4715.831,-16.112,-1.0177499842081992,SL,14.095066666666666,2025-26,50.0
1770024185383,-1,4683.785,-16.6,-1.0237434474252236,SL,1.4718666666666667,2025-26,50.0
1770024481295,1,4716.015,33.985,2.1220730565095223,TP,6.1116166666666665,2025-26,50.0
1770025759325,-1,4733.925,33.925,2.1104199066874028,TP,12.10065,2025-26,50.0
1770026564666,1,4716.595,-16.75,-1.0093401626996084,SL,10.330866666666667,2025-26,50.0
1770027289191,1,4716.372,-16.407,-1.0021377962374787,SL,4.15855,2025-26,50.0
1770027978680,1,4715.955,-15.97,-1.000940144155437,SL,0.8419166666666666,2025-26,50.0
1770028088799,-1,4684.105,34.105,2.1456432840515887,TP,3.8897333333333335,2025-26,50.0
1770028393636,1,4666.302,33.698,2.067108330266225,TP,6.67595,2025-26,50.0
1770028964291,-1,4684.068,34.068,2.138337936228973,TP,7.529466666666667,2025-26,50.0
1770029599706,-1,4633.575,33.575,2.0441400304414,TP,8.731816666666667,2025-26,50.0
1770030162491,1,4617.045,32.955,1.9334115576415372,TP,3.3372333333333333,2025-26,50.0
1770030415423,1,4666.102,33.898,2.105204322444417,TP,7.5765666666666664,2025-26,50.0
1770030985403,-1,4682.165,-17.937,-1.0057190916736753,SL,4.62865,2025-26,50.0
1770031559526,-1,4683.998,33.998,2.1246094238220223,TP,7.4972666666666665,2025-26,50.0
1770032140728,1,4667.002,-17.224,-1.0130572873779555,SL,15.3536,2025-26,50.0
1770033215660,1,4665.835,34.165,2.157562361856647,TP,13.442216666666667,2025-26,50.0
1770034628747,-1,4684.158,34.158,2.1561671506122964,TP,45.28966666666667,2025-26,50.0
1770037849346,1,4666.315,-16.61,-1.018081520073552,SL,2.2119,2025-26,50.0
1770038076506,-1,4634.235,-15.79,-1.0015857913098636,SL,15.781383333333334,2025-26,50.0
1770039384399,1,4666.085,-16.38,-1.0183400683866957,SL,9.159083333333333,2025-26,50.0
1770039996639,1,4665.732,-15.757,-1.0015891177218408,SL,7.7057,2025-26,50.0
1770041996131,-1,4634.285,-15.88,-1.010499522748966,SL,4.642133333333334,2025-26,50.0
1770043196374,1,4665.525,34.475,2.2206119162640903,TP,5.186083333333333,2025-26,50.0
1770044122414,-1,4684.388,-15.757,-1.0092877273891878,SL,15.997533333333333,2025-26,50.0
1770045332422,-1,4684.139,34.139,2.1523863564718493,TP,43.712,2025-26,50.0
1770048258370,1,4666.302,-17.267,-1.0591951907741382,SL,46.84878333333333,2025-26,50.0
1770051272222,1,4666.175,33.825,2.091190108191654,TP,68.88455,2025-26,50.0
1770055701211,1,4716.952,33.048,1.9495044832468145,TP,15.296583333333333,2025-26,50.0
1770057018044,-1,4733.255,-16.93,-1.0110480740519558,SL,9.398516666666668,2025-26,50.0
1770057723101,-1,4733.095,-16.94,-1.0020703933747412,SL,7.053933333333333,2025-26,50.0
1770058290814,1,4765.735,34.265,2.1776294884016525,TP,25.858783333333335,2025-26,50.0
1770060262681,1,4815.995,-17.66,-1.1040950296967802,SL,24.878983333333334,2025-26,50.0
1770062214811,-1,4783.985,-16.18,-1.0103028410864814,SL,5.6406833333333335,2025-26,50.0
1770062649343,1,4816.075,-16.09,-1.0009331259720062,SL,1.5583666666666667,2025-26,50.0
1770063070187,1,4816.635,33.365,2.005710850616171,TP,11.742316666666667,2025-26,50.0
1770064706864,-1,4832.295,-17.71,-1.0002824060999718,SL,7.768716666666666,2025-26,50.0
1770065309679,-1,4834.025,34.025,2.1298904538341157,TP,21.874083333333335,2025-26,50.0
1770066999556,-1,4784.365,34.365,2.197953309881676,TP,30.507566666666666,2025-26,50.0
1770069143442,1,4765.835,34.165,2.157562361856647,TP,46.37995,2025-26,50.0
1770073240259,1,4815.585,34.415,2.208213025344883,TP,137.09066666666666,2025-26,50.0
1770081942861,1,4866.125,33.875,2.10077519379845,TP,60.2042,2025-26,50.0
1770085974272,1,4917.432,-17.784,-1.0201927489674163,SL,33.05985,2025-26,50.0
1770088126154,1,4915.615,-15.93,-1.0201729106628241,SL,75.20958333333333,2025-26,50.0
1770093043946,-1,4884.525,-15.74,-1.0171243941841681,SL,1.6816833333333334,2025-26,50.0
1770093576992,1,4915.555,-15.72,-1.0106075216972035,SL,80.5284,2025-26,50.0
1770099850950,-1,4884.495,-15.58,-1.0048371493066752,SL,1.9539833333333334,2025-26,50.0
1770100423263,1,4915.515,-15.63,-1.0074121817595876,SL,19.55913333333333,2025-26,50.0
1770101878366,1,4915.975,-16.15,-1.0109546165884193,SL,25.27165,2025-26,50.0
1770104071060,1,4915.565,34.435,2.2123353678123996,TP,71.82606666666666,2025-26,50.0
1770108683238,-1,4934.525,34.525,2.231017770597738,TP,25.74165,2025-26,50.0
1770110378824,1,4916.172,-16.607,-1.0268983428147416,SL,4.107116666666666,2025-26,50.0
1770111560178,1,4915.832,34.168,2.1581606872157657,TP,96.90876666666666,2025-26,50.0
1770120667043,-1,4934.348,-16.247,-1.0380143112701252,SL,5.08045,2025-26,50.0
1770121114008,1,4965.835,-16.47,-1.0401010419955794,SL,8.79555,2025-26,50.0
1770122461840,-1,4934.298,-15.807,-1.0066870462361484,SL,26.783433333333335,2025-26,50.0
1770124927807,-1,4934.335,34.335,2.191828917969997,TP,10.387,2025-26,50.0
1770126338685,1,4915.882,-15.887,-1.000314821810855,SL,4.5882,2025-26,50.0
1770127003184,1,4915.385,-15.49,-1.0068248293792654,SL,2.390216666666667,2025-26,50.0
1770127464316,-1,4884.215,-16.137,-1.0222996515679443,SL,7.319516666666667,2025-26,50.0
1770128049336,1,4915.775,34.225,2.1695721077654517,TP,80.43508333333334,2025-26,50.0
1770133803093,-1,4934.355,-15.71,-1.004154682007031,SL,13.983566666666666,2025-26,50.0
1770137453790,-1,4933.425,-18.367,-1.1081146304675717,SL,69.11386666666667,2025-26,50.0
1770141655532,1,4966.952,-20.274,-1.1959650778669184,SL,3.29085,2025-26,50.0
1770142034201,-1,4933.748,-16.487,-1.014459758798917,SL,35.51865,2025-26,50.0
1770145696324,1,4965.645,34.355,2.1959092361776924,TP,40.80631666666667,2025-26,50.0
1770148590293,1,5015.492,-16.114,-1.0401497547121095,SL,3.5859666666666667,2025-26,50.0
1770148892679,1,5015.895,34.105,2.1456432840515887,TP,12.851816666666666,2025-26,50.0
1770150103854,-1,5033.575,-17.07,-1.0392694063926942,SL,1.7432166666666666,2025-26,50.0
1770150512463,-1,5034.145,-15.917,-1.0039104383475244,SL,21.069316666666666,2025-26,50.0
1770152880664,1,5065.635,-15.75,-1.0073552926127278,SL,23.78611666666667,2025-26,50.0
1770158126725,1,5065.945,-17.587,-1.1029789902790843,SL,357.2066,2025-26,50.0
1770180204028,1,5065.505,-15.51,-1.000322476620445,SL,4.689666666666667,2025-26,50.0
1770185761265,-1,5034.675,-15.77,-1.0290375203915172,SL,40.79371666666667,2025-26,50.0
1770192014360,-1,5034.485,-15.677,-1.0104415082178537,SL,25.1762,2025-26,50.0
1770194644640,-1,5034.615,-15.47,-1.0055248618784531,SL,5.75575,2025-26,50.0
1770196150256,-1,5034.645,-16.13,-1.0504721589058938,SL,8.27075,2025-26,50.0
1770196688696,-1,5034.545,34.545,2.2351989647363313,TP,19.583183333333334,2025-26,50.0
1770198851923,1,5016.242,-16.257,-1.0009235315847802,SL,1.9188333333333334,2025-26,50.0
1770199112150,-1,4984.295,-15.757,-1.0033110474371219,SL,7.12605,2025-26,50.0
1770199947247,-1,4983.788,33.788,2.08413520848754,TP,18.634833333333333,2025-26,50.0
1770201085515,-1,4932.319,32.319,1.827894349867089,TP,4.65645,2025-26,50.0
1770201516935,1,4916.905,-16.95,-1.002661934338953,SL,24.0794,2025-26,50.0
1770203126433,1,4915.962,-16.267,-1.0191078812178924,SL,16.03945,2025-26,50.0
1770204427425,1,4915.942,-16.007,-1.0040772801405093,SL,14.570616666666666,2025-26,50.0
1770205603106,-1,4884.185,-17.33,-1.0957951312045526,SL,6.314616666666667,2025-26,50.0
1770206696305,1,4915.745,-15.89,-1.009209272785011,SL,2.1715166666666668,2025-26,50.0
1770207116666,1,4915.805,-15.98,-1.011072445428662,SL,10.326666666666666,2025-26,50.0
1770208115619,1,4915.775,-16.077,-1.0191442155309034,SL,17.315016666666665,2025-26,50.0
1770210043112,-1,4882.535,-17.467,-1.0001145147437733,SL,3.7499833333333332,2025-26,50.0
1770210477249,1,4915.712,-16.617,-1.0575992871690427,SL,12.763783333333333,2025-26,50.0
1770211511729,1,4915.782,34.218,2.168166265365606,TP,82.0907,2025-26,50.0
1770216494143,-1,4933.055,-17.19,-1.014458542342874,SL,4.257666666666666,2025-26,50.0
1770216907935,-1,4934.425,-16.407,-1.053418940609952,SL,44.902366666666666,2025-26,50.0
1770220771770,-1,4934.565,-15.45,-1.000971817298348,SL,6.896183333333333,2025-26,50.0
1770222976017,1,4965.885,34.115,2.147623544224111,TP,96.94563333333333,2025-26,50.0
1770232664411,1,5015.715,-15.77,-1.003499840916322,SL,43.83535,2025-26,50.0
1770235923765,-1,4981.255,31.255,1.6673779674579887,TP,4.290183333333333,2025-26,50.0
1770237032003,1,4965.962,-16.727,-1.047926325021927,SL,30.762433333333334,2025-26,50.0
1770239261270,-1,4933.835,33.835,2.093102381688834,TP,8.0731,2025-26,50.0
1770239856841,1,4916.545,-21.06,-1.272892112420671,SL,24.34435,2025-26,50.0
1770241342139,1,4915.861,-15.886,-1.0015761931782359,SL,1.8231166666666667,2025-26,50.0
1770241513244,-1,4883.845,33.845,2.095017022593624,TP,2.741816666666667,2025-26,50.0
1770241694702,1,4865.785,-15.977,-1.0121634463097877,SL,0.13028333333333333,2025-26,50.0
1770241737571,-1,4833.545,-17.677,-1.0742631419021573,SL,0.7098166666666667,2025-26,50.0
1770241878653,-1,4833.565,-17.067,-1.0384545177973836,SL,2.857083333333333,2025-26,50.0
1770242120238,-1,4833.088,-17.284,-1.021996215704825,SL,0.72235,2025-26,50.0
1770242244920,-1,4833.535,33.535,2.0367446097783177,TP,2.7292833333333335,2025-26,50.0
1770242533597,1,4816.682,33.318,1.997242536866083,TP,7.900883333333334,2025-26,50.0
1770243363363,-1,4834.065,-16.037,-1.0064010040790712,SL,1.2488833333333333,2025-26,50.0
1770243623971,1,4866.152,-16.157,-1.0003095591877167,SL,10.157766666666667,2025-26,50.0
1770244363301,1,4866.085,-17.01,-1.0575069940938764,SL,3.5547666666666666,2025-26,50.0
1770244877913,1,4867.535,-17.57,-1.001996007984032,SL,92.74595,2025-26,50.0
1770251282267,1,4865.785,-16.1,-1.0199556541019956,SL,2.5349,2025-26,50.0
1770251553169,-1,4829.465,-20.77,-1.0114438763087412,SL,3.4360333333333335,2025-26,50.0
1770252093770,1,4865.832,34.168,2.1581606872157657,TP,3.9130333333333334,2025-26,50.0
1770253317664,-1,4883.176,-16.899,-1.0044579172610557,SL,5.324883333333333,2025-26,50.0
1770253763566,1,4916.085,-16.82,-1.0456947466583775,SL,46.14918333333333,2025-26,50.0
1770256688733,1,4915.985,-16.04,-1.0034407256803253,SL,43.075183333333335,2025-26,50.0
1770259681136,1,4915.772,-15.973,-1.0127441034745117,SL,73.78831666666666,2025-26,50.0
1770264227775,-1,4884.215,34.215,2.1675641431738994,TP,84.46938333333334,2025-26,50.0
1770269731916,1,4866.905,-17.247,-1.0202307009760425,SL,93.39783333333334,2025-26,50.0
1770275488247,-1,4833.125,-18.24,-1.0808888888888888,SL,18.671466666666667,2025-26,50.0
1770276912692,1,4866.145,-16.15,-1.0003096934035305,SL,1.1347,2025-26,50.0
1770277072598,1,4865.965,-16.32,-1.0222361415596617,SL,6.240383333333333,2025-26,50.0
1770277549787,1,4865.635,-16.147,-1.0327470418931883,SL,9.570833333333333,2025-26,50.0
1770278408587,-1,4833.685,-17.347,-1.0632546736132393,SL,21.68648333333333,2025-26,50.0
1770280021242,1,4866.005,-17.49,-1.092783505154639,SL,2.8594,2025-26,50.0
1770280341938,1,4866.302,-16.347,-1.0027603974972397,SL,4.8699666666666666,2025-26,50.0
1770280969454,-1,4833.488,-16.744,-1.0140503875968991,SL,24.21665,2025-26,50.0
1770282527642,-1,4833.925,-16.236,-1.0100155520995335,SL,30.546866666666666,2025-26,50.0
1770284454439,1,4866.152,-16.424,-1.016840019811788,SL,6.915533333333333,2025-26,50.0
1770285082709,1,4866.262,-16.597,-1.0206001721805436,SL,4.31005,2025-26,50.0
1770285605196,1,4867.972,-19.014,-1.0579790785666592,SL,0.6066,2025-26,50.0
1770285716040,-1,4832.015,-19.457,-1.081845982763414,SL,6.778616666666666,2025-26,50.0
1770286323849,-1,4833.975,-16.24,-1.0134165366614665,SL,71.87581666666667,2025-26,50.0
1770291797049,1,4867.465,32.535,1.8628685943315202,TP,7.09485,2025-26,50.0
1770292632040,-1,4884.365,-16.0,-1.0233450591621363,SL,2.174366666666667,2025-26,50.0
1770292830879,-1,4884.435,34.435,2.2123353678123996,TP,124.66291666666666,2025-26,50.0
1770300474181,1,4865.855,-15.9,-1.0028382213812677,SL,6.852116666666666,2025-26,50.0
1770302025336,-1,4832.355,32.355,1.8336639274582034,TP,81.26565,2025-26,50.0
1770307204797,1,4815.525,-17.2,-1.107890499194847,SL,17.044866666666667,2025-26,50.0
1770309256977,-1,4784.515,-16.277,-1.0511462705844365,SL,85.79366666666667,2025-26,50.0
1770316710987,-1,4734.075,-16.49,-1.0354788069073784,SL,4.059233333333333,2025-26,50.0
1770317194945,-1,4734.145,34.145,2.15357931251971,TP,16.03545,2025-26,50.0
1770318888535,-1,4683.305,-16.697,-1.0001197963462114,SL,9.7459,2025-26,50.0
1770319592285,1,4716.165,33.835,2.093102381688834,TP,11.487033333333333,2025-26,50.0
1770320355932,-1,4732.005,-18.43,-1.0241733814948597,SL,0.9163666666666667,2025-26,50.0
1770321663781,-1,4733.485,33.485,2.0275507114744173,TP,1.4856,2025-26,50.0
1770321791084,1,4717.002,32.998,1.9408304905305258,TP,3.3577333333333335,2025-26,50.0
1770322182204,-1,4733.528,-16.517,-1.0027319086935405,SL,2.0249166666666665,2025-26,50.0
1770322635184,-1,4733.998,-16.187,-1.0115610548681415,SL,29.35295,2025-26,50.0
1770324843438,1,4765.625,34.375,2.2,TP,33.739716666666666,2025-26,50.0
1770338424858,1,4865.865,34.135,2.151591553734636,TP,19.816816666666668,2025-26,50.0
1770339838475,-1,4884.385,34.385,2.202049311559398,TP,23.220266666666667,2025-26,50.0
1770341494116,1,4865.925,-15.94,-1.0009419152276295,SL,2.5833166666666667,2025-26,50.0
1770342980872,-1,4832.895,-17.28,-1.0102309266296405,SL,5.893016666666667,2025-26,50.0
1770346857224,-1,4833.428,-16.747,-1.010559980690321,SL,10.020183333333334,2025-26,50.0
1770348051050,1,4865.585,-16.11,-1.0336862367661213,SL,42.41525,2025-26,50.0
1770351860267,1,4865.715,34.285,2.181673560292714,TP,162.83473333333333,2025-26,50.0
1770362400455,-1,4884.455,-15.747,-1.0129945320038598,SL,27.2493,2025-26,50.0
1770364885822,1,4915.525,-15.55,-1.001610305958132,SL,83.71681666666667,2025-26,50.0
1770370265300,1,4915.825,34.175,2.1595576619273302,TP,28.95305,2025-26,50.0
1770374720815,-1,4932.285,-17.88,-1.0093141405588484,SL,7.2973333333333334,2025-26,50.0
1770376567814,-1,4934.475,-16.26,-1.047342995169082,SL,40.72925,2025-26,50.0
1770381035953,1,4966.992,-17.024,-1.0018832391713748,SL,6.022766666666667,2025-26,50.0
1770383113107,1,4965.325,-15.35,-1.0016313213703099,SL,19.0703,2025-26,50.0
1770385092983,1,4965.475,-16.56,-1.070113085621971,SL,60.68343333333333,2025-26,50.0
1770396880094,1,4965.452,34.548,2.235827077400984,TP,2970.5946,2025-26,50.0
1770575192397,1,5015.915,-15.977,-1.0038956958843859,SL,126.40388333333334,2025-26,50.0
1770583002194,-1,4983.595,-16.657,-1.0153611703748857,SL,6.0681666666666665,2025-26,50.0
1770584320365,-1,4982.915,-17.45,-1.0213637693883524,SL,15.514133333333334,2025-26,50.0
1770587767544,1,5015.655,-17.65,-1.127435324177579,SL,266.32925,2025-26,50.0
1770604325062,1,5015.542,-15.627,-1.0054690516021103,SL,149.83303333333333,2025-26,50.0
1770614135838,1,5015.555,-16.46,-1.0581806493089039,SL,10.18335,2025-26,50.0
1770615023251,-1,4984.605,-15.84,-1.0289054887950633,SL,53.76486666666667,2025-26,50.0
1770620037307,1,5015.351,-16.236,-1.0576509673636896,SL,107.54256666666667,2025-26,50.0
1770628097915,1,5015.385,34.615,2.249918752031199,TP,84.86736666666667,2025-26,50.0
1770635017676,1,5065.405,-15.53,-1.0081142486205776,SL,107.6613,2025-26,50.0
1770645775754,1,5065.355,-15.521,-1.0108108108108107,SL,145.88805,2025-26,50.0
1770655777973,1,5065.415,-16.447,-1.066947778138177,SL,70.38503333333334,2025-26,50.0
1770660611907,-1,5019.751,19.751,0.6529472048662766,TP,2.0784,2025-26,50.0
1770660782962,1,5017.752,32.248,1.8165840468679586,TP,189.56578333333334,2025-26,50.0
1770674437833,-1,5034.385,-15.79,-1.011207172590458,SL,345.2339333333333,2025-26,50.0
1770709469354,-1,5034.604,-15.801,-1.0263055339049103,SL,47.31015,2025-26,50.0
1770714993554,1,5065.372,-17.434,-1.1341399947957325,SL,28.749483333333334,2025-26,50.0
1770720070390,1,5015.535,34.465,2.21853878339234,TP,461.10546666666664,2025-26,50.0
1770750649265,-1,5034.025,-15.98,-1.0003129890453835,SL,26.490833333333335,2025-26,50.0
1770758091189,-1,5034.325,-16.17,-1.0315789473684212,SL,27.315016666666665,2025-26,50.0
1770775202455,1,5065.645,-15.71,-1.004154682007031,SL,47.40756666666667,2025-26,50.0
1770785067745,1,5065.582,34.418,2.2088307020921576,TP,60.59895,2025-26,50.0
1770789818793,-1,5084.265,-15.75,-1.0009532888465205,SL,18.77145,2025-26,50.0
1770792568048,1,5115.715,-16.467,-1.0478523703468023,SL,20.4097,2025-26,50.0
1770795252256,-1,5084.488,34.488,2.223310985043837,TP,56.26323333333333,2025-26,50.0
1770799197561,1,5066.275,-16.64,-1.0224270353302611,SL,58.58845,2025-26,50.0
1770803885652,1,5065.582,-17.554,-1.1265562828905147,SL,26.43835,2025-26,50.0
1770809439806,1,5065.585,-15.687,-1.0065447545717037,SL,461.83295,2025-26,50.0
1770837397107,1,5065.372,-15.707,-1.021792870153526,SL,47.41943333333333,2025-26,50.0
1770843602121,1,5065.452,-15.717,-1.0171498835102253,SL,272.24041666666665,2025-26,50.0
1770862442022,1,5065.502,-15.707,-1.013224100116114,SL,338.52383333333336,2025-26,50.0
1770883999131,1,5065.705,-17.14,-1.0913721744667304,SL,103.03765,2025-26,50.0
1770891203035,1,5065.425,-15.787,-1.0234683954619124,SL,56.60235,2025-26,50.0
1770894654989,-1,5033.558,33.558,2.040992579978105,TP,2.3339333333333334,2025-26,50.0
1770894842323,-1,4983.598,33.598,2.0484087306426044,TP,0.5972166666666666,2025-26,50.0
1770894912610,1,4965.835,-16.01,-1.0110514682664982,SL,0.43528333333333336,2025-26,50.0
1770895052365,-1,4933.835,33.835,2.093102381688834,TP,8.583866666666667,2025-26,50.0
1770895698695,-1,4883.915,-16.12,-1.0021759403170656,SL,1.63915,2025-26,50.0
1770895833346,1,4916.412,33.588,2.046551303923958,TP,6.3143,2025-26,50.0
1770896496464,1,4966.061,-16.086,-1.001556565593674,SL,1.6410666666666667,2025-26,50.0
1770896854098,-1,4934.328,-15.837,-1.0105283307810107,SL,2.88,2025-26,50.0
1770897264056,-1,4934.175,-16.397,-1.0361453396524487,SL,1.6017333333333332,2025-26,50.0
1770898048194,1,4966.272,-16.307,-1.0021509341199606,SL,42.4509,2025-26,50.0
1770901233194,-1,4934.365,-15.85,-1.0137511992324912,SL,1.5397166666666666,2025-26,50.0
1770901387385,-1,4934.445,-16.28,-1.0466088074574091,SL,48.80018333333334,2025-26,50.0
1770904762816,-1,4933.665,-16.34,-1.0003060912151822,SL,36.77405,2025-26,50.0
1770909087108,-1,4934.175,34.175,2.1595576619273302,TP,169.56878333333333,2025-26,50.0
1770920111798,1,4916.402,33.598,2.0484087306426044,TP,106.17173333333334,2025-26,50.0
1770927004114,1,4965.735,-15.77,-1.0022243406418812,SL,285.9077,2025-26,50.0
1770947898037,1,4966.995,-17.21,-1.0126507796410709,SL,239.96438333333333,2025-26,50.0
1770963873826,-1,4934.475,-15.62,-1.0061191626409018,SL,29.599866666666667,2025-26,50.0
1770966913246,1,4965.605,34.395,2.2041012495994874,TP,119.7974,2025-26,50.0
1770975612986,-1,4984.245,-15.87,-1.0072992700729928,SL,5.795016666666666,2025-26,50.0
1770979010013,1,5016.345,-16.427,-1.0050168247170388,SL,9.961383333333334,2025-26,50.0
1770980038848,-1,4984.545,-15.53,-1.0048527984471045,SL,21.59415,2025-26,50.0
1770981966247,1,5015.655,34.345,2.1938677738741617,TP,3273.9603,2025-26,50.0
1771178409163,-1,5026.448,26.448,1.122961956521739,TP,225.03846666666666,2025-26,50.0
1771195751413,-1,4984.535,-15.73,-1.0171354671839639,SL,175.35226666666668,2025-26,50.0
1771214597757,1,5015.715,-15.77,-1.003499840916322,SL,87.4142,2025-26,50.0
1771235055334,-1,4984.465,-18.357,-1.1816543289346637,SL,495.7625,2025-26,50.0
1771268660235,-1,4983.755,33.755,2.077870113881194,TP,49.012,2025-26,50.0
1771271908399,-1,4932.255,-17.747,-1.0001127078050156,SL,10.063516666666667,2025-26,50.0
1771276215159,1,4965.535,-15.54,-1.0003218538783392,SL,88.33373333333333,2025-26,50.0
1771287241287,-1,4933.535,33.535,2.0367446097783177,TP,3.954266666666667,2025-26,50.0
1771288309849,-1,4882.948,-17.254,-1.0118461177574478,SL,47.59565,2025-26,50.0
1771294912347,1,4916.145,-18.3,-1.1334778569216475,SL,394.56118333333336,2025-26,50.0
1771318687355,-1,4884.505,34.505,2.226847370119393,TP,3.386,2025-26,50.0
1771319040375,1,4865.722,34.278,2.1802569647627528,TP,18.561816666666665,2025-26,50.0
1771321119652,-1,4884.405,34.405,2.2061558191728117,TP,22.18085,2025-26,50.0
1771322509829,1,4865.652,-15.807,-1.0099028878098646,SL,129.18651666666668,2025-26,50.0
1771338555676,-1,4883.845,-16.167,-1.0007428040854225,SL,396.11725,2025-26,50.0
1771366000700,1,4915.962,34.038,2.1324395439168025,TP,593.8814,2025-26,50.0
1771403797287,1,4965.775,-15.91,-1.0085578446909667,SL,15.61425,2025-26,50.0
1771407069031,1,4965.475,34.525,2.231017770597738,TP,30.812116666666668,2025-26,50.0
1771421545196,-1,4984.625,-15.4,-1.0016260162601627,SL,688.7050666666667,2025-26,50.0
1771465505794,1,5015.922,-16.144,-1.0139429719884436,SL,164.35643333333334,2025-26,50.0
1771477869530,-1,4984.328,-15.734,-1.0039561000510464,SL,278.7504166666667,2025-26,50.0
1771496973953,1,5015.425,-15.597,-1.0111507293354944,SL,47.5967,2025-26,50.0
1771505887069,-1,4984.565,-15.45,-1.000971817298348,SL,164.68835,2025-26,50.0
1771540920215,-1,4984.225,-15.78,-1.0003169572107766,SL,58.8477,2025-26,50.0
1771549261858,1,5016.205,33.795,2.08546744831842,TP,511.01355,2025-26,50.0
1771581780415,-1,5032.688,32.688,1.888170055452865,TP,3.3228666666666666,2025-26,50.0
1771582089317,1,5016.335,33.665,2.0609121518212428,TP,39.077466666666666,2025-26,50.0
1771587179489,1,5065.425,34.575,2.2414910858995136,TP,310.637,2025-26,50.0
1771783336421,1,5117.452,32.548,1.8650011460004583,TP,25.780966666666668,2025-26,50.0
1771786287537,1,5165.775,-16.08,-1.0193343898573692,SL,9.3064,2025-26,50.0
1771787533152,-1,5134.015,-16.01,-1.0015639662183298,SL,17.473116666666666,2025-26,50.0
1771792930302,1,5165.425,-15.44,-1.00097244732577,SL,299.4519833333333,2025-26,50.0
1771813514305,-1,5134.458,-15.617,-1.004825633766568,SL,125.35576666666667,2025-26,50.0
1771833262613,1,5165.405,-15.507,-1.0066212268743915,SL,29.141516666666668,2025-26,50.0
1771838647874,1,5165.812,34.188,2.1621553250695675,TP,29.96845,2025-26,50.0
1771840908007,-1,5184.125,-16.18,-1.019212598425197,SL,14.762933333333333,2025-26,50.0
1771844582359,-1,5184.575,-15.457,-1.0020745542949756,SL,7.250466666666667,2025-26,50.0
1771845572584,1,5215.402,-15.617,-1.0139592260745358,SL,54.7599,2025-26,50.0
1771852206765,1,5215.355,-15.47,-1.0074894171279714,SL,415.55288333333334,2025-26,50.0
1771877593239,-1,5184.315,34.315,2.18775900541919,TP,3.3167166666666668,2025-26,50.0
1771877881177,1,5166.012,-16.504,-1.030726954783912,SL,6.76685,2025-26,50.0
1771878475803,1,5165.895,-17.19,-1.0814721610569362,SL,651.3229333333334,2025-26,50.0
1771922385673,-1,5134.378,34.378,2.2006145179874537,TP,33.84775,2025-26,50.0
1771924875917,1,5115.372,34.628,2.2526671870934165,TP,83.78258333333333,2025-26,50.0
1771933804470,-1,5134.475,-15.567,-1.0027053140096618,SL,14.86365,2025-26,50.0
1771938008086,1,5165.305,-15.64,-1.0218882718065991,SL,69.89385,2025-26,50.0
1771946657991,1,5165.335,-15.57,-1.0153244212585588,SL,67.95955,2025-26,50.0
1771956224159,-1,5131.758,-18.444,-1.0110733472206994,SL,40.63715,2025-26,50.0
1771963569070,1,5165.232,34.768,2.282563025210084,TP,277.12941666666666,2025-26,50.0
1771981720100,-1,5184.535,-15.49,-1.0016165535079211,SL,535.8104666666667,2025-26,50.0
1772015052638,-1,5184.578,-15.467,-1.0029179094799636,SL,56.4626,2025-26,50.0
1772021371983,1,5215.375,-15.53,-1.010081300813008,SL,115.68625,2025-26,50.0
1772032601275,-1,5184.585,34.585,2.243593902043464,TP,41.656416666666665,2025-26,50.0
1772035979740,1,5165.802,34.198,2.1641564358941907,TP,482.9112,2025-26,50.0
1772071746637,-1,5183.905,33.905,2.1065548306927617,TP,441.5637,2025-26,50.0
1772098499523,1,5165.885,-15.927,-1.0026440037771482,SL,44.36043333333333,2025-26,50.0
1772101675159,-1,5134.375,-15.99,-1.02336,SL,4.496666666666667,2025-26,50.0
1772102286315,1,5165.845,34.155,2.155569580309246,TP,307.68695,2025-26,50.0
1772123326687,-1,5184.645,-15.37,-1.0009768804949528,SL,279.17261666666667,2025-26,50.0
1772157603614,-1,5184.485,-15.55,-1.002255881405092,SL,367.3772,2025-26,50.0
1772180126478,1,5215.402,34.598,2.2463316452408777,TP,175.80818333333335,2025-26,50.0
1772191342090,-1,5234.545,-15.5,-1.0029116790682626,SL,160.619,2025-26,50.0
1772207769769,1,5265.452,34.548,2.235827077400984,TP,3004.0873833333335,2025-26,50.0
1772388054308,-1,5332.558,-43.891,-2.516397202155716,SL,4.536183333333334,2025-26,50.0
1772388429515,-1,5330.0,-20.302,-1.0151,SL,0.2231,2025-26,50.0
1772389911546,1,5365.625,-15.63,-1.00032,SL,49.52291666666667,2025-26,50.0
1772392981338,1,5365.945,-16.427,-1.0302289118846033,SL,30.029616666666666,2025-26,50.0
1772395204147,-1,5333.335,-16.86,-1.0117011701170118,SL,104.10045,2025-26,50.0
1772404719611,1,5365.465,-15.65,-1.0119624959586162,SL,58.93245,2025-26,50.0
1772412517331,1,5365.745,34.255,2.1756113051762465,TP,79.30846666666666,2025-26,50.0
1772417860643,1,5416.155,-16.17,-1.000928505106778,SL,86.00733333333334,2025-26,50.0
1772427771433,-1,5384.425,-15.72,-1.0093097913322633,SL,41.82653333333333,2025-26,50.0
1772430866064,-1,5384.585,-15.457,-1.0027246188777166,SL,41.88335,2025-26,50.0
1772433955041,-1,5383.485,-16.52,-1.0003027550711474,SL,77.73675,2025-26,50.0
1772439179317,-1,5384.055,-15.956,-1.0006898714330512,SL,10.061,2025-26,50.0
1772440302155,1,5415.475,-15.54,-1.004200323101777,SL,3.5460166666666666,2025-26,50.0
1772442085710,-1,5382.985,32.985,1.9385836027034968,TP,21.047916666666666,2025-26,50.0
1772443551649,-1,5334.025,-16.527,-1.0345539906103287,SL,13.725566666666667,2025-26,50.0
1772444782962,-1,5334.115,34.115,2.147623544224111,TP,73.99675,2025-26,50.0
1772450377254,-1,5284.335,-15.78,-1.007341206511331,SL,4.215233333333333,2025-26,50.0
1772451345516,-1,5284.278,-15.857,-1.0085866938048593,SL,2.9511333333333334,2025-26,50.0
1772454696901,1,5315.635,-15.77,-1.0086344739366806,SL,20.183983333333334,2025-26,50.0
1772459680221,1,5315.765,34.235,2.171582619727244,TP,322.3220333333333,2025-26,50.0
1772482020348,1,5365.545,-15.727,-1.011707944676745,SL,40.55818333333333,2025-26,50.0
1772485221670,-1,5334.505,-15.73,-1.015166182639561,SL,4.272266666666667,2025-26,50.0
1772487099270,1,5365.435,-16.03,-1.038548752834467,SL,179.89276666666666,2025-26,50.0
1772498333212,-1,5334.185,34.185,2.161555485298767,TP,33.516416666666665,2025-26,50.0
1772500461170,-1,5283.234,-16.981,-1.0128235715137779,SL,2.4362833333333334,2025-26,50.0
1772501003090,1,5315.632,-15.647,-1.0009595701125895,SL,14.977016666666668,2025-26,50.0
1772502238571,1,5315.565,-15.62,-1.0035335689045937,SL,6.8768,2025-26,50.0
1772503333498,1,5315.475,-15.7,-1.0145395799676897,SL,97.02226666666667,2025-26,50.0
1772510704258,-1,5284.375,-15.807,-1.011648,SL,6.0235,2025-26,50.0
1772511843849,-1,5284.595,34.595,2.2456994482310937,TP,1.6114,2025-26,50.0
1772512062941,-1,5233.825,-16.2,-1.001545595054096,SL,3.0566666666666666,2025-26,50.0
1772512381415,1,5265.712,-15.867,-1.0098650712830957,SL,66.28683333333333,2025-26,50.0
1772516485945,1,5265.522,-15.787,-1.0170725421981703,SL,7.60915,2025-26,50.0
1772518021935,-1,5234.015,34.015,2.127932436659368,TP,1.73375,2025-26,50.0
1772518144764,-1,5183.525,-16.767,-1.0177238239757207,SL,1.8082666666666667,2025-26,50.0
1772518624884,-1,5183.565,-17.53,-1.0666261028293276,SL,1.2231333333333334,2025-26,50.0
1772519100577,-1,5180.855,30.855,1.6116479498563594,TP,4.255633333333333,2025-26,50.0
1772519497419,-1,5078.935,-22.097,-1.048991217659625,SL,0.072,2025-26,50.0
1772519546480,-1,5083.048,-17.157,-1.012092968381312,SL,1.5278666666666667,2025-26,50.0
1772519645540,-1,5083.625,-16.437,-1.0037862595419846,SL,0.23931666666666668,2025-26,50.0
1772519684927,1,5116.855,33.145,1.9664787896766538,TP,16.072133333333333,2025-26,50.0
1772521553142,1,5165.855,34.145,2.15357931251971,TP,20.85255,2025-26,50.0
1772524552916,1,5215.645,-17.21,-1.1000319590923617,SL,4.879416666666667,2025-26,50.0
1772524951644,-1,5184.065,34.065,2.1377470975839348,TP,6.771366666666666,2025-26,50.0
1772525496548,1,5165.972,-16.107,-1.0084522915101428,SL,31.925066666666666,2025-26,50.0
1772527596091,-1,5134.105,-17.49,-1.1003460207612457,SL,3.0346,2025-26,50.0
1772527898877,-1,5133.945,-16.157,-1.0063531610090315,SL,6.1574333333333335,2025-26,50.0
1772528499687,1,5165.782,-15.807,-1.0015840831326828,SL,15.59635,2025-26,50.0
1772529688834,-1,5134.375,34.375,2.2,TP,20.047033333333335,2025-26,50.0
1772530917023,-1,5083.795,33.795,2.08546744831842,TP,8.3333,2025-26,50.0
1772531426139,-1,5034.445,-15.82,-1.0170363227258117,SL,3.646516666666667,2025-26,50.0
1772532029533,1,5065.842,-16.094,-1.015907082439086,SL,0.39705,2025-26,50.0
1772532202139,1,5066.631,-17.253,-1.0374000360772053,SL,0.5859833333333333,2025-26,50.0
1772532262212,-1,5033.765,-16.787,-1.0340006159531876,SL,1.66545,2025-26,50.0
1772532430227,1,5066.522,-16.807,-1.0172497276358794,SL,0.9111166666666667,2025-26,50.0
1772532782949,-1,5033.925,33.925,2.1104199066874028,TP,4.15145,2025-26,50.0
1772533146528,1,5018.145,31.855,1.7555800496004408,TP,9.494733333333333,2025-26,50.0
1772534280237,1,5066.335,33.665,2.0609121518212428,TP,24.097,2025-26,50.0
1772535935049,1,5115.615,-15.65,-1.0022414345180917,SL,7.692166666666667,2025-26,50.0
1772539337905,-1,5084.448,-15.647,-1.0061085390946503,SL,12.708,2025-26,50.0
1772540953861,-1,5084.558,-15.907,-1.0301126797047016,SL,40.02565,2025-26,50.0
1772544557934,1,5115.625,-15.71,-1.00544,SL,65.78568333333334,2025-26,50.0
1772548809510,1,5115.895,-16.36,-1.0292544825416798,SL,71.36821666666667,2025-26,50.0
1772555531283,-1,5084.405,-20.097,-1.28868226995832,SL,87.81963333333333,2025-26,50.0
1772561301310,1,5116.352,33.648,2.0577299412915853,TP,113.2202,2025-26,50.0
1772570706231,1,5165.791,-15.876,-1.0053828129947437,SL,78.35706666666667,2025-26,50.0
1772576522832,1,5166.042,-17.354,-1.0817853135519262,SL,159.38095,2025-26,50.0
1772587382604,-1,5134.148,-16.237,-1.024287156194802,SL,11.61185,2025-26,50.0
1772589656488,1,5165.395,-15.437,-1.0027281584930172,SL,68.64076666666666,2025-26,50.0
1772594631053,1,5165.475,34.525,2.231017770597738,TP,113.44623333333334,2025-26,50.0
1772602231639,-1,5182.168,-18.467,-1.0356101390758188,SL,65.19358333333334,2025-26,50.0
1772608607069,-1,5184.595,34.595,2.2456994482310937,TP,151.71361666666667,2025-26,50.0
1772619267793,-1,5134.219,-16.083,-1.0191369368227616,SL,7.5255833333333335,2025-26,50.0
1772620509792,1,5165.485,-15.497,-1.0007749434937037,SL,5.96655,2025-26,50.0
1772621282585,-1,5134.655,-15.59,-1.0159661127403063,SL,5.396466666666667,2025-26,50.0
1772626993802,-1,5134.488,-20.064,-1.293450232078391,SL,337.621,2025-26,50.0
1772650724743,1,5166.175,-16.47,-1.0182380216383307,SL,359.58861666666667,2025-26,50.0
1772672978808,-1,5133.405,-16.64,-1.002711660138596,SL,28.217716666666668,2025-26,50.0
1772675891429,1,5165.455,-15.46,-1.0003235198964737,SL,68.55951666666667,2025-26,50.0
1772682331653,1,5165.515,-15.59,-1.0048340315823396,SL,79.17815,2025-26,50.0
1772689816906,1,5166.142,-16.157,-1.000929252880684,SL,139.59843333333333,2025-26,50.0
1772698624581,-1,5132.485,32.485,1.8546959748786753,TP,5.411983333333334,2025-26,50.0
1772698996718,-1,5080.735,-19.727,-1.023981313262393,SL,0.9879,2025-26,50.0
1772699226825,1,5115.605,-15.63,-1.0016020506247998,SL,72.09353333333334,2025-26,50.0
1772704889650,1,5115.355,-15.547,-1.0125040703353956,SL,3.2122,2025-26,50.0
1772705319087,-1,5082.275,-18.03,-1.0172073342736248,SL,50.593383333333335,2025-26,50.0
1772708798136,-1,5083.905,-16.167,-1.0044734389561976,SL,456.0672833333333,2025-26,50.0
1772737100633,-1,5084.275,-16.07,-1.021939586645469,SL,96.60428333333333,2025-26,50.0
1772743333318,1,5115.695,-15.857,-1.0103217585218223,SL,406.5090333333333,2025-26,50.0
1772772794963,-1,5084.405,-15.85,-1.0163513946777814,SL,98.13576666666667,2025-26,50.0
1772785819468,1,5117.105,-17.24,-1.007892429114294,SL,24.901266666666668,2025-26,50.0
1772787451675,-1,5083.835,-16.176,-1.0006804825239715,SL,4.65435,2025-26,50.0
1772787916180,-1,5084.525,-15.777,-1.0195153473344103,SL,7.7999833333333335,2025-26,50.0
1772789489674,1,5115.625,-15.65,-1.0016,SL,3.7085166666666667,2025-26,50.0
1772790175587,-1,5084.545,-15.51,-1.00355871886121,SL,2.5766333333333336,2025-26,50.0
1772790985751,1,5115.605,34.395,2.2041012495994874,TP,5.868966666666667,2025-26,50.0
1772792660413,1,5165.421,-15.436,-1.0009726995655275,SL,19.669583333333332,2025-26,50.0
1772794387783,-1,5134.505,-15.61,-1.0074217489512747,SL,11.0756,2025-26,50.0
1772796820624,-1,5133.955,-16.45,-1.0252415082580244,SL,59.55146666666667,2025-26,50.0
1772801159868,-1,5134.415,-15.63,-1.0028873917228105,SL,39.659166666666664,2025-26,50.0
1772804647442,1,5165.482,-16.327,-1.054579511690996,SL,111.41836666666667,2025-26,50.0
1772813113189,1,5165.425,-18.67,-1.2103727714748784,SL,2999.9368,2025-26,50.0
1772993116782,1,5167.225,-19.288,-1.1197677793904208,SL,0.10091666666666667,2025-26,50.0
1772993246454,-1,5129.148,-23.417,-1.123009783234222,SL,0.46218333333333333,2025-26,50.0
1772993436889,1,5171.115,-21.77,-1.0310206014681507,SL,3.5613333333333332,2025-26,50.0
1772993771468,-1,5129.198,-21.447,-1.0310066339775021,SL,5.870383333333334,2025-26,50.0
1772995185196,-1,5133.588,33.588,2.046551303923958,TP,31.134116666666667,2025-26,50.0
1772998516377,-1,5084.525,34.525,2.231017770597738,TP,7.707633333333333,2025-26,50.0
1772999056469,1,5065.535,-16.11,-1.0370131960090119,SL,25.050516666666667,2025-26,50.0
1773000822947,-1,5033.145,-16.94,-1.0050430139424502,SL,8.375233333333334,2025-26,50.0
1773002853571,-1,5034.095,-16.19,-1.0179188934297392,SL,11.448916666666667,2025-26,50.0
1773003615802,-1,5034.325,-15.88,-1.0130781499202552,SL,5.331466666666667,2025-26,50.0
1773004337117,1,5065.655,34.345,2.1938677738741617,TP,134.37683333333334,2025-26,50.0
1773012599435,-1,5083.835,-16.39,-1.0139189607175998,SL,96.5646,2025-26,50.0
1773020595621,1,5115.485,-15.5,-1.0009686793671295,SL,69.85261666666666,2025-26,50.0
1773033144913,1,5115.365,-15.39,-1.001627074520013,SL,33.397816666666664,2025-26,50.0
1773039079798,-1,5084.395,-15.89,-1.018263377122717,SL,78.99058333333333,2025-26,50.0
1773048274881,-1,5084.275,-16.08,-1.0225755166931638,SL,6.104983333333333,2025-26,50.0
1773049272644,-1,5084.335,-15.687,-1.0014044047239068,SL,60.023183333333336,2025-26,50.0
1773053101523,1,5115.665,-15.81,-1.009256303862113,SL,4.270033333333333,2025-26,50.0
1773054196536,-1,5084.545,-15.55,-1.006146878032999,SL,22.236266666666666,2025-26,50.0
1773067014555,1,5115.552,34.448,2.2150205761316872,TP,262.11061666666666,2025-26,50.0
1773086426724,-1,5134.425,-15.63,-1.0035313001605137,SL,64.91298333333333,2025-26,50.0
1773091558774,1,5165.565,34.435,2.2123353678123996,TP,695.3644333333333,2025-26,50.0
1773134340002,1,5215.315,-15.49,-1.011426705843944,SL,27.05365,2025-26,50.0
1773136601981,1,5215.352,-15.467,-1.007490880667014,SL,9.526066666666667,2025-26,50.0
1773140595598,1,5215.106,-17.201,-1.138686614590229,SL,194.01188333333334,2025-26,50.0
1773152317619,-1,5182.755,-17.36,-1.0066685995940852,SL,8.68,2025-26,50.0
1773154832591,-1,5184.585,-15.53,-1.0074602659747,SL,7.81925,2025-26,50.0
1773156813934,-1,5184.385,-15.65,-1.0022414345180917,SL,26.048,2025-26,50.0
1773174435472,1,5215.375,-16.15,-1.0504065040650405,SL,97.51816666666667,2025-26,50.0
1773183021188,1,5215.802,-15.877,-1.0047462346538414,SL,62.799366666666664,2025-26,50.0
1773200413785,-1,5184.555,34.555,2.237293622531564,TP,371.78555,2025-26,50.0
1773222781095,1,5165.415,-17.03,-1.1047680830360038,SL,543.39175,2025-26,50.0
1773259133491,-1,5134.565,-15.65,-1.0139293812763202,SL,26.18105,2025-26,50.0
1773262886110,1,5165.585,-15.73,-1.0093038177735,SL,105.68408333333333,2025-26,50.0
1773283200474,1,5165.405,-15.77,-1.023693605972087,SL,433.94345,2025-26,50.0
1773313346080,-1,5134.595,34.595,2.2456994482310937,TP,213.17851666666667,2025-26,50.0
1773327804843,-1,5083.095,-17.55,-1.0381543921916592,SL,227.64353333333332,2025-26,50.0
1773348992653,1,5115.625,-15.627,-1.000128,SL,288.23035,2025-26,50.0
1773370836120,-1,5084.345,-15.69,-1.0022357074417119,SL,297.07238333333333,2025-26,50.0
1773388898730,1,5115.605,-15.687,-1.0052547260493432,SL,94.14448333333333,2025-26,50.0
1773395107020,1,5115.345,-15.36,-1.0009775171065494,SL,13.063683333333334,2025-26,50.0
1773397038395,-1,5084.645,34.645,2.2562683165092805,TP,38.1489,2025-26,50.0
1773400197306,1,5065.335,-15.38,-1.002934463645256,SL,31.873416666666667,2025-26,50.0
1773402901673,-1,5034.415,-15.59,-1.0003208213025345,SL,38.42828333333333,2025-26,50.0
1773414735703,-1,5034.525,34.525,2.231017770597738,TP,3047.990566666667,2025-26,50.0
1773597646489,1,5016.702,-16.827,-1.0074841336366902,SL,79.44801666666666,2025-26,50.0
1773602424404,-1,4984.885,-15.14,-1.0016539861065168,SL,39.82463333333333,2025-26,50.0
1773604919710,1,5015.805,-15.807,-1.0001265422334704,SL,71.17408333333333,2025-26,50.0
1773609302407,-1,4984.505,-15.667,-1.0111003549532107,SL,3.4435166666666666,2025-26,50.0
1773610353728,-1,4984.315,-16.07,-1.0245457443417278,SL,7.948633333333333,2025-26,50.0
1773611793172,1,5015.435,-15.54,-1.0068027210884354,SL,51.99236666666667,2025-26,50.0
1773617885145,1,5015.375,-15.54,-1.0107317073170732,SL,230.03516666666667,2025-26,50.0
1773636237891,-1,4984.665,-15.35,-1.0009781545484187,SL,136.09943333333334,2025-26,50.0
1773645749803,1,5015.392,-15.667,-1.0178664241164241,SL,31.545716666666667,2025-26,50.0
1773649214054,1,5015.415,-15.43,-1.000973078170613,SL,145.94736666666665,2025-26,50.0
1773660543770,-1,4983.845,-16.38,-1.0139275766016713,SL,9.840766666666667,2025-26,50.0
1773662329252,-1,4984.625,-15.39,-1.0009756097560976,SL,72.06705,2025-26,50.0
1773669022173,-1,4984.585,-15.49,-1.0048653908530651,SL,18.191883333333333,2025-26,50.0
1773672027633,1,5015.375,-15.4,-1.0016260162601627,SL,223.54875,2025-26,50.0
1773690910800,1,5015.485,-15.57,-1.0054891830804005,SL,33.216633333333334,2025-26,50.0
1773696620677,1,5015.525,-15.64,-1.0074074074074073,SL,549.6239,2025-26,50.0
1773735615670,1,5015.515,-15.66,-1.0093457943925233,SL,187.82423333333332,2025-26,50.0
1773747398050,-1,4982.708,-17.594,-1.017464723571594,SL,41.4252,2025-26,50.0
1773781801577,1,5015.342,-15.644,-1.0196845261374006,SL,35.22815,2025-26,50.0
1773794169403,-1,4984.688,-15.734,-1.0275600835945664,SL,61.62931666666667,2025-26,50.0
1773801379004,1,5015.332,-15.547,-1.014022958518132,SL,70.17023333333333,2025-26,50.0
1773807719602,-1,4981.549,31.549,1.7098802232941304,TP,185.50908333333334,2025-26,50.0
1773819858674,-1,4934.405,34.405,2.2061558191728117,TP,34.21965,2025-26,50.0
1773822866049,-1,4884.735,34.735,2.275466754012447,TP,40.880716666666665,2025-26,50.0
1773825498329,-1,4834.455,-15.7,-1.00997105178514,SL,1.06045,2025-26,50.0
1773825957440,1,4865.715,-16.28,-1.0359529112313077,SL,334.31803333333335,2025-26,50.0
1773846967132,1,4865.365,-15.67,-1.0198503091441589,SL,7.070516666666666,2025-26,50.0
1773850318313,-1,4833.893,-16.222,-1.0071397529024648,SL,289.46756666666664,2025-26,50.0
1773867986053,-1,4834.645,-15.36,-1.000325626831651,SL,23.6539,2025-26,50.0
1773870049303,1,4865.625,-15.66,-1.00224,SL,18.638266666666667,2025-26,50.0
1773875681822,1,4865.365,-15.41,-1.0029287341360233,SL,45.466683333333336,2025-26,50.0
1773884342585,-1,4834.625,34.625,2.252032520325203,TP,56.51133333333333,2025-26,50.0
1773888171005,-1,4783.505,33.505,2.031221582297666,TP,10.563666666666666,2025-26,50.0
1773889067044,1,4765.375,-15.51,-1.008780487804878,SL,46.2077,2025-26,50.0
1773892703597,-1,4734.498,34.498,2.225390272222939,TP,35.69081666666667,2025-26,50.0
1773894953009,1,4715.625,-15.73,-1.00672,SL,4.56885,2025-26,50.0
1773895687914,1,4715.605,-15.62,-1.0009612303748798,SL,20.3485,2025-26,50.0
1773897573396,1,4715.495,-15.8,-1.0196837689577283,SL,31.755633333333332,2025-26,50.0
1773900462069,1,4715.625,-15.777,-1.009728,SL,3.4528333333333334,2025-26,50.0
1773901225235,-1,4683.825,-16.83,-1.0404945904173106,SL,13.26075,2025-26,50.0
1773902514413,-1,4684.065,-15.96,-1.001568873548792,SL,20.81695,2025-26,50.0
1773907395031,-1,4634.098,34.098,2.144258583825934,TP,36.98065,2025-26,50.0
1773909787276,-1,4584.445,34.445,2.2144005143040824,TP,2.7205166666666667,2025-26,50.0
1773910078597,-1,4534.345,-15.71,-1.0035132545512615,SL,1.2663666666666666,2025-26,50.0
1773910265029,1,4565.472,-15.494,-1.001421923474664,SL,10.118366666666667,2025-26,50.0
1773910908217,-1,4532.798,-17.307,-1.0061039414021626,SL,3.1343,2025-26,50.0
1773911284999,1,4565.725,-15.85,-1.0079491255961843,SL,0.33045,2025-26,50.0
1773911375253,-1,4534.455,-15.58,-1.0022515278224509,SL,7.0414,2025-26,50.0
1773911944032,1,4565.995,-17.31,-1.082213191622382,SL,21.6968,2025-26,50.0
1773913301620,1,4565.655,-15.68,-1.001596933886937,SL,4.7637,2025-26,50.0
1773913803949,1,4565.565,34.435,2.2123353678123996,TP,5.082183333333333,2025-26,50.0
1773914217916,1,4615.445,-15.45,-1.0003237293622531,SL,29.9248,2025-26,50.0
1773916181922,-1,4584.625,-15.477,-1.0066341463414634,SL,2.5578,2025-26,50.0
1773916578624,1,4615.535,-15.83,-1.0189893788220148,SL,23.405383333333333,2025-26,50.0
1773918292212,1,4615.395,-16.22,-1.0535888275414096,SL,21.866783333333334,2025-26,50.0
1773919927442,-1,4584.005,-16.662,-1.0417005314160674,SL,24.375866666666667,2025-26,50.0
1773921769866,1,4615.385,-15.42,-1.0022749431264217,SL,13.755333333333333,2025-26,50.0
1773922925540,1,4615.635,-15.83,-1.0124720179085385,SL,5.35605,2025-26,50.0
1773923757197,-1,4584.625,-15.47,-1.0061788617886178,SL,4.6162833333333335,2025-26,50.0
1773924721822,-1,4584.585,-15.47,-1.003567953292248,SL,28.399433333333334,2025-26,50.0
1773927084267,1,4615.602,-15.627,-1.0016023586719651,SL,5.465516666666667,2025-26,50.0
1773928242771,1,4615.565,-15.59,-1.001606167683906,SL,44.98298333333334,2025-26,50.0
1773932311435,1,4615.415,34.585,2.243593902043464,TP,8.288183333333333,2025-26,50.0
1773933990631,-1,4634.335,-16.07,-1.0258538142355569,SL,30.52565,2025-26,50.0
1773943642877,1,4665.995,-16.14,-1.0090653329165364,SL,27.371266666666667,2025-26,50.0
1773949258186,-1,4634.125,-15.97,-1.0059842519685038,SL,20.381666666666668,2025-26,50.0
1773951503068,1,4665.345,-15.47,-1.0081459758879114,SL,5.272633333333333,2025-26,50.0
1773954185851,1,4665.905,-16.06,-1.0097453630933668,SL,16.113566666666667,2025-26,50.0
1773955836267,1,4665.425,34.575,2.2414910858995136,TP,79.27896666666666,2025-26,50.0
1773961562266,1,4715.312,-15.497,-1.012082027168234,SL,162.1498,2025-26,50.0
1773973273488,-1,4684.605,-15.4,-1.0003247807729783,SL,85.20825,2025-26,50.0
1773979907308,1,4716.015,-16.3,-1.0177958164221044,SL,27.111466666666665,2025-26,50.0
1773982597482,-1,4684.645,-15.43,-1.0048844024747638,SL,15.884233333333333,2025-26,50.0
1773984130450,-1,4684.625,34.625,2.252032520325203,TP,58.452133333333336,2025-26,50.0
1773988740675,1,4665.542,-15.627,-1.0054690516021103,SL,12.4136,2025-26,50.0
1773990840954,1,4665.385,-15.68,-1.019174520636984,SL,137.49518333333333,2025-26,50.0
1773999830057,1,4665.542,-15.597,-1.0035387980954833,SL,6.391133333333333,2025-26,50.0
1774000303566,-1,4633.049,33.049,1.94967848504513,TP,20.2687,2025-26,50.0
1774001718660,-1,4584.628,34.628,2.2526671870934165,TP,39.85778333333333,2025-26,50.0
1774004273169,1,4565.542,-15.887,-1.0221979153262128,SL,28.04325,2025-26,50.0
1774006205934,1,4565.652,-15.707,-1.0035139279325327,SL,18.495366666666666,2025-26,50.0
1774008193689,1,4565.422,34.578,2.242121644404098,TP,16.155066666666666,2025-26,50.0
1774009715620,-1,4584.625,-15.77,-1.025691056910569,SL,40.029333333333334,2025-26,50.0
1774012275658,-1,4584.535,34.535,2.2331070158422244,TP,71.32926666666667,2025-26,50.0
1774017762178,-1,4534.098,34.098,2.144258583825934,TP,12.504616666666667,2025-26,50.0
1774018950153,1,4515.502,-15.737,-1.0151593342794478,SL,2.356133333333333,2025-26,50.0
1774021482387,1,4515.445,-15.63,-1.011977986403367,SL,12.296966666666666,2025-26,50.0
1774202404225,-1,4470.705,-29.95,-1.0223587642942482,SL,6.1108,2025-26,50.0
1774202802594,-1,4483.895,-17.157,-1.065321328779882,SL,0.4465,2025-26,50.0
1774202861327,1,4520.502,-20.767,-1.012925568237245,SL,0.37615,2025-26,50.0
1774203008311,1,4515.875,-16.08,-1.0129133858267716,SL,1.8253666666666666,2025-26,50.0
1774203515311,1,4515.635,-16.72,-1.0693955868244323,SL,38.71868333333333,2025-26,50.0
1774207551915,-1,4484.655,34.655,2.258390355164549,TP,37.6157,2025-26,50.0
1774210505945,-1,4434.535,34.535,2.2331070158422244,TP,19.666533333333334,2025-26,50.0
1774211720295,-1,4384.365,34.365,2.197953309881676,TP,1.3336166666666667,2025-26,50.0
1774211830219,-1,4333.698,-16.587,-1.0174825174825175,SL,0.2848833333333333,2025-26,50.0
1774211879105,-1,4334.068,-16.587,-1.0411122269645996,SL,0.317,2025-26,50.0
1774211918793,-1,4333.995,-16.75,-1.0465479537644486,SL,0.7905,2025-26,50.0
1774212262543,1,4366.075,-16.14,-1.0040435458786936,SL,1.06795,2025-26,50.0
1774212760835,-1,4333.135,-17.39,-1.0311295582567448,SL,5.123516666666666,2025-26,50.0
1774213125940,1,4366.001,-16.116,-1.0071870508093244,SL,1.2531666666666668,2025-26,50.0
1774213214207,-1,4333.825,-16.757,-1.035981452859351,SL,0.4408166666666667,2025-26,50.0
1774213405155,1,4366.435,33.565,2.04228780042592,TP,4.88775,2025-26,50.0
1774213914868,1,4415.565,34.435,2.2123353678123996,TP,21.910733333333333,2025-26,50.0
1774215368654,-1,4434.035,-16.09,-1.00782962730974,SL,2.0098,2025-26,50.0
1774216768406,-1,4384.125,-16.39,-1.0324409448818899,SL,1.8553,2025-26,50.0
1774216961374,1,4416.305,-16.857,-1.0338546458141675,SL,7.789816666666667,2025-26,50.0
1774217803761,1,4415.465,-15.47,-1.0003233107015843,SL,1.9761166666666667,2025-26,50.0
1774218740151,-1,4383.695,33.695,2.0665440049064703,TP,40.09113333333333,2025-26,50.0
1774221644479,1,4365.355,-15.55,-1.0126994464343861,SL,4.999866666666667,2025-26,50.0
1774222929981,-1,4334.625,-15.47,-1.0061788617886178,SL,5.50055,2025-26,50.0
1774224026747,1,4365.405,-15.707,-1.0196040246673157,SL,53.85386666666667,2025-26,50.0
1774227422662,1,4365.575,-15.66,-1.0054574638844302,SL,33.014116666666666,2025-26,50.0
1774229436714,-1,4334.595,34.595,2.2456994482310937,TP,31.977533333333334,2025-26,50.0
1774232252107,-1,4284.485,34.485,2.222687721559781,TP,11.76205,2025-26,50.0
1774233899634,-1,4182.188,-17.857,-1.0025263867055918,SL,0.9108666666666667,2025-26,50.0
1774233982827,-1,4183.395,-16.827,-1.0133694670280036,SL,3.32825,2025-26,50.0
1774234257774,1,4218.685,-19.09,-1.0216751404870217,SL,10.2616,2025-26,50.0
1774234892083,-1,4183.518,-16.607,-1.0075840310641913,SL,0.5125833333333333,2025-26,50.0
1774235085836,-1,4182.915,32.915,1.9265437518290898,TP,3.4196833333333334,2025-26,50.0
1774235409651,1,4166.302,-16.484,-1.0111642743221692,SL,1.3346166666666666,2025-26,50.0
1774235625368,-1,4133.385,-17.18,-1.0340054167920554,SL,3.3737,2025-26,50.0
1774235888667,-1,4133.598,33.598,2.0484087306426044,TP,4.16025,2025-26,50.0
1774236168657,1,4116.252,33.748,2.0765444253015013,TP,8.620283333333333,2025-26,50.0
1774236747003,-1,4133.798,-16.527,-1.0200592519442044,SL,0.7498166666666667,2025-26,50.0
1774236843647,1,4165.765,34.235,2.171582619727244,TP,7.4115,2025-26,50.0
1774237494410,1,4215.595,-15.76,-1.0105803142032703,SL,8.08125,2025-26,50.0
1774238410510,1,4215.702,34.298,2.184307731499172,TP,14.28515,2025-26,50.0
1774239415181,-1,4234.488,-15.767,-1.0164388860237237,SL,15.544016666666666,2025-26,50.0
1774240500725,1,4265.505,-15.63,-1.0080619155111255,SL,1.8806666666666667,2025-26,50.0
1774240777595,-1,4234.305,-15.92,-1.014335775724753,SL,2.0767,2025-26,50.0
1774241131425,1,4265.515,-16.24,-1.0467289719626167,SL,3.8771,2025-26,50.0
1774241425192,-1,4234.545,-15.82,-1.0236169524425751,SL,8.826716666666666,2025-26,50.0
1774242639799,1,4265.702,34.298,2.184307731499172,TP,12.426683333333333,2025-26,50.0
1774244016370,-1,4284.245,34.245,2.17359568390987,TP,5.95135,2025-26,50.0
1774246206852,1,4265.515,-15.567,-1.0033515952304222,SL,27.4156,2025-26,50.0
1774248616325,1,4265.525,34.475,2.2206119162640903,TP,15.047266666666667,2025-26,50.0
1774249532012,1,4316.655,33.345,2.0021014710297207,TP,0.5661166666666667,2025-26,50.0
1774249673311,1,4415.902,-16.037,-1.00848949817633,SL,0.18246666666666667,2025-26,50.0
1774249688745,-1,4383.425,-17.92,-1.0811463046757164,SL,0.5787666666666667,2025-26,50.0
1774249830653,1,4416.652,33.348,2.002642325246217,TP,0.7367166666666667,2025-26,50.0
1774249901964,-1,4433.265,-16.947,-1.0126680609501046,SL,2.88915,2025-26,50.0
1774250121665,-1,4432.405,32.405,1.841716396703609,TP,2.7247,2025-26,50.0
1774250366237,-1,4382.898,-17.184,-1.0047947608466845,SL,0.5819333333333333,2025-26,50.0
1774250429941,-1,4383.348,-17.857,-1.0723636800384337,SL,5.98095,2025-26,50.0
1774250886366,-1,4383.845,-16.52,-1.0225936242649334,SL,1.8507666666666667,2025-26,50.0
1774251256415,1,4416.522,-17.777,-1.0759593269579955,SL,3.8098,2025-26,50.0
1774251653434,-1,4383.525,-17.3,-1.0500758725341426,SL,1.6763,2025-26,50.0
1774251848323,1,4416.492,-16.897,-1.0245573611447976,SL,2.78385,2025-26,50.0
1774252087379,-1,4383.195,-16.83,-1.0014876524843797,SL,5.3363,2025-26,50.0
1774252566042,-1,4383.775,33.775,2.0816640986132513,TP,9.342933333333333,2025-26,50.0
1774253362517,1,4365.695,-15.72,-1.001592863969417,SL,5.195883333333334,2025-26,50.0
1774253729892,1,4366.302,33.698,2.067108330266225,TP,5.2469166666666665,2025-26,50.0
1774254606449,-1,4383.425,-17.09,-1.0310708898944192,SL,2.905266666666667,2025-26,50.0
1774255048033,1,4415.705,34.295,2.183699458771092,TP,9.687466666666667,2025-26,50.0
1774255806430,1,4465.282,-15.597,-1.0206124852767962,SL,11.86605,2025-26,50.0
1774256749766,-1,4434.065,-16.26,-1.0203953561342956,SL,3.58505,2025-26,50.0
1774257436209,-1,4434.235,-17.377,-1.1022518236600063,SL,24.446483333333333,2025-26,50.0
1774259046019,-1,4434.315,-15.78,-1.0060567421102964,SL,4.585116666666667,2025-26,50.0
1774259616536,1,4465.595,-15.66,-1.0041680025649247,SL,1.4085166666666666,2025-26,50.0
1774260030282,1,4465.735,34.265,2.1776294884016525,TP,22.966516666666667,2025-26,50.0
1774261743324,-1,4484.588,-16.187,-1.0502854918245523,SL,4.452683333333334,2025-26,50.0
1774262275408,-1,4484.565,34.565,2.2393909944930352,TP,38.88131666666666,2025-26,50.0
1774264728382,-1,4433.949,-16.086,-1.0021805494984737,SL,3.3183666666666665,2025-26,50.0
1774265673689,-1,4434.175,34.175,2.1595576619273302,TP,12.56405,2025-26,50.0
1774266745041,-1,4384.355,-15.72,-1.0047938638542666,SL,1.2836333333333334,2025-26,50.0
1774266915140,-1,4384.305,-15.75,-1.0035043007327173,SL,73.73713333333333,2025-26,50.0
1774272666605,1,4415.365,34.635,2.254149040026033,TP,66.33956666666667,2025-26,50.0
1774277376866,1,4465.305,-15.607,-1.019732113688337,SL,3.7267166666666665,2025-26,50.0
1774278345044,-1,4434.809,34.809,2.2914225528273318,TP,10.81715,2025-26,50.0
1774279766631,1,4415.435,-15.71,-1.0178166504697117,SL,27.636166666666668,2025-26,50.0
1774281658333,-1,4384.625,-15.477,-1.0066341463414634,SL,8.931666666666667,2025-26,50.0
1774288813887,1,4416.065,-16.167,-1.0063492063492063,SL,4.02715,2025-26,50.0
1774289086249,-1,4383.348,-17.777,-1.0675594523180398,SL,8.853016666666667,2025-26,50.0
1774290576262,1,4416.045,-16.58,-1.0333437207852914,SL,3.6622333333333335,2025-26,50.0
1774291104084,1,4415.905,-16.12,-1.013517761710154,SL,108.10535,2025-26,50.0
1774297662698,-1,4382.575,32.575,1.8694404591104734,TP,11.625133333333334,2025-26,50.0
1774298411608,-1,4333.515,-16.6,-1.0069760388231725,SL,1.4442,2025-26,50.0
1774298872448,1,4365.565,-15.6,-1.0022486347574686,SL,20.229416666666665,2025-26,50.0
1774300458700,-1,4334.375,-15.99,-1.02336,SL,5.84625,2025-26,50.0
1774301106926,1,4365.465,-15.67,-1.0132557387649532,SL,5.039333333333333,2025-26,50.0
1774302105311,-1,4334.305,-15.78,-1.0054157374960178,SL,41.5872,2025-26,50.0
1774305174601,1,4365.785,-15.83,-1.0028508077288565,SL,29.232583333333334,2025-26,50.0
1774311576777,-1,4334.195,-15.81,-1.000316355583676,SL,81.05796666666667,2025-26,50.0
1774316469308,1,4365.765,-15.88,-1.0072946400253726,SL,13.875883333333332,2025-26,50.0
1774318097962,1,4365.475,34.525,2.231017770597738,TP,48.215516666666666,2025-26,50.0
1774321549776,1,4415.815,-15.89,-1.0047423332279481,SL,37.08861666666667,2025-26,50.0
1774328476172,1,4415.882,-15.884,-1.000125928724342,SL,11.095816666666666,2025-26,50.0
1774329571802,1,4415.315,-15.5,-1.0120796604635978,SL,102.07775,2025-26,50.0
1774335697386,-1,4384.179,-15.863,-1.002654699450098,SL,0.22126666666666667,2025-26,50.0
1774335839010,1,4415.742,-16.423,-1.0432600686062763,SL,0.6065166666666667,2025-26,50.0
1774336072728,1,4415.855,-16.167,-1.019678334910123,SL,45.649233333333335,2025-26,50.0
1774339221899,1,4415.752,-16.394,-1.0407567293042153,SL,23.054333333333332,2025-26,50.0
1774341217713,-1,4383.525,-16.627,-1.009226100151745,SL,97.03746666666666,2025-26,50.0
1774347213029,-1,4384.548,-15.477,-1.0016179135387004,SL,5.89525,2025-26,50.0
1774348077641,1,4415.742,-15.774,-1.0020327785541863,SL,4.7973333333333334,2025-26,50.0
1774350945261,1,4416.585,-16.7,-1.0069339764847753,SL,109.41936666666666,2025-26,50.0
1774359133984,-1,4384.465,-15.6,-1.00418410041841,SL,47.723166666666664,2025-26,50.0
1774362694030,1,4415.545,-15.607,-1.003988420714056,SL,11.634,2025-26,50.0
1774364373158,-1,4383.695,-16.4,-1.0058264336093223,SL,4.459133333333333,2025-26,50.0
1774369228993,1,4415.425,34.575,2.2414910858995136,TP,3.841816666666667,2025-26,50.0
1774369835615,1,4466.115,-16.31,-1.0121005274588892,SL,1.4129833333333333,2025-26,50.0
1774370198187,1,4465.425,-15.44,-1.00097244732577,SL,6.594233333333333,2025-26,50.0
1774370986159,1,4465.415,34.585,2.243593902043464,TP,152.37733333333333,2025-26,50.0
1774380971583,1,4516.152,33.848,2.0955918771669144,TP,13.81265,2025-26,50.0
1774384771550,1,4565.802,34.198,2.1641564358941907,TP,73.39338333333333,2025-26,50.0
1774390154274,-1,4584.245,-15.83,-1.0047603935258649,SL,36.37206666666667,2025-26,50.0
1774392878622,-1,4584.465,34.465,2.21853878339234,TP,157.62685,2025-26,50.0
1774403003796,1,4565.715,-15.74,-1.0015908367801463,SL,18.500633333333333,2025-26,50.0
1774404845345,-1,4534.348,-15.727,-1.004791719907999,SL,5.088966666666667,2025-26,50.0
1774412417717,1,4565.555,-15.577,-1.0014143362262937,SL,83.7778,2025-26,50.0
1774417694423,-1,4534.338,-15.707,-1.0028731962712298,SL,6.862566666666667,2025-26,50.0
1774422283560,1,4565.785,-15.81,-1.001583782071587,SL,83.65761666666667,2025-26,50.0
1774427474005,-1,4534.555,-15.747,-1.0195532534800906,SL,4.8866,2025-26,50.0
1774429449268,1,4565.345,-16.08,-1.0478983382209188,SL,45.90056666666667,2025-26,50.0
1774432843821,-1,4533.795,-16.34,-1.0083307621104598,SL,2.0099666666666667,2025-26,50.0
1774434822812,1,4565.325,-15.33,-1.000326264274062,SL,35.75286666666667,2025-26,50.0
1774437447827,-1,4534.565,-15.76,-1.0210560414642047,SL,2.6321,2025-26,50.0
1774438424438,1,4565.441,-15.523,-1.0053105368823263,SL,42.3186,2025-26,50.0
1774447269330,1,4565.745,-16.22,-1.0301683073991743,SL,2.5419666666666667,2025-26,50.0
1774450549008,-1,4534.395,34.395,2.2041012495994874,TP,14.436883333333334,2025-26,50.0
1774451765924,1,4515.675,-16.13,-1.0290271132376396,SL,84.4154,2025-26,50.0
1774461624399,1,4520.852,-22.314,-1.0701131785919815,SL,64.73965,2025-26,50.0
1774469135060,1,4515.355,-15.43,-1.0048844024747638,SL,198.46571666666668,2025-26,50.0
1774488606556,-1,4484.105,34.105,2.1456432840515887,TP,27.436733333333333,2025-26,50.0
1774490497182,-1,4434.375,-15.73,-1.00672,SL,44.07423333333333,2025-26,50.0
1774498584468,-1,4434.235,-16.367,-1.038185854741516,SL,183.76955,2025-26,50.0
1774511236595,-1,4434.455,-15.607,-1.003988420714056,SL,95.80873333333334,2025-26,50.0
1774517811363,-1,4434.305,-15.7,-1.0003185727938835,SL,7.631733333333333,2025-26,50.0
1774520573137,1,4465.565,-15.62,-1.0035335689045937,SL,32.05425,2025-26,50.0
1774522642959,1,4466.025,-16.26,-1.0146645865834634,SL,20.892483333333335,2025-26,50.0
1774526249520,-1,4434.425,34.425,2.2102728731942216,TP,24.741883333333334,2025-26,50.0
1774528230627,-1,4384.365,-16.04,-1.0259034218100416,SL,35.72455,2025-26,50.0
1774531380815,-1,4384.285,-16.187,-1.0300349984091632,SL,169.91735,2025-26,50.0
1774541844045,-1,4382.335,-17.8,-1.0076422303990942,SL,1.9927666666666666,2025-26,50.0
1774542169445,1,4416.335,-16.39,-1.0033670033670035,SL,1.9676166666666666,2025-26,50.0
1774543166799,1,4415.985,-16.54,-1.034720050046919,SL,9.983066666666666,2025-26,50.0
1774543893350,-1,4384.085,-16.259,-1.0216148287778826,SL,74.5436,2025-26,50.0
1774550556953,1,4415.785,-21.537,-1.3643965790307253,SL,3.62495,2025-26,50.0
1774556591346,-1,4384.585,-15.42,-1.0003243593902043,SL,61.559416666666664,2025-26,50.0
1774560701429,1,4415.535,34.465,2.21853878339234,TP,238.7345,2025-26,50.0
1774575316790,1,4465.972,-16.217,-1.0153393438517406,SL,93.06143333333333,2025-26,50.0
1774585537233,-1,4434.475,-15.977,-1.0291143317230274,SL,337.69106666666664,2025-26,50.0
1774606597636,1,4465.592,34.408,2.206772703950744,TP,39.26185,2025-26,50.0
1774609498071,1,4516.555,33.445,2.020235578375113,TP,16.740516666666668,2025-26,50.0
1774611355552,-1,4534.595,34.595,2.2456994482310937,TP,102.54736666666666,2025-26,50.0
1774621980654,1,4515.405,-15.47,-1.0042194092827004,SL,131.34355,2025-26,50.0
1774807204509,-1,4482.518,-19.677,-1.1255577165084087,SL,2.5077,2025-26,50.0
1774807482760,1,4515.985,-16.307,-1.0201438848920863,SL,1.0940666666666667,2025-26,50.0
1774807748234,-1,4483.365,-17.29,-1.039374812143072,SL,5.41895,2025-26,50.0
1774810625155,-1,4484.685,34.685,2.26477309826967,TP,38.893683333333335,2025-26,50.0
1774814412411,-1,4434.188,-16.067,-1.0161269921578548,SL,20.277833333333334,2025-26,50.0
1774816016135,1,4465.875,-15.91,-1.0022047244094487,SL,2.4631666666666665,2025-26,50.0
1774817270862,-1,4434.055,-16.14,-1.0122295390404517,SL,16.407066666666665,2025-26,50.0
1774819294705,1,4465.372,-15.677,-1.0198412698412698,SL,7.38325,2025-26,50.0
1774820084991,1,4467.302,32.698,1.8898393249335337,TP,92.59426666666667,2025-26,50.0
1774826615955,1,4515.635,-15.65,-1.0009593859929644,SL,18.557116666666666,2025-26,50.0
1774833869284,1,4515.755,34.245,2.17359568390987,TP,84.79891666666667,2025-26,50.0
1774839451115,-1,4534.275,-15.79,-1.004133545310016,SL,284.8046,2025-26,50.0
1774856699220,1,4565.555,-15.78,-1.0144648023143683,SL,16.256233333333334,2025-26,50.0
1774858681232,1,4565.332,-15.397,-1.004239499086877,SL,77.95875,2025-26,50.0
1774864145591,-1,4534.295,-15.73,-1.0015918497293856,SL,110.94983333333333,2025-26,50.0
1774873815992,-1,4534.505,34.505,2.226847370119393,TP,149.28906666666666,2025-26,50.0
1774886169877,1,4515.355,-15.397,-1.0027352653858679,SL,187.90161666666665,2025-26,50.0
1774899452458,1,4515.385,-15.63,-1.0159246018849528,SL,39.23393333333333,2025-26,50.0
1774902015936,-1,4484.175,-15.88,-1.0034755134281201,SL,5.7160166666666665,2025-26,50.0
1774902847262,1,4515.555,34.445,2.2144005143040824,TP,26.417783333333333,2025-26,50.0
1774904838692,-1,4534.545,-15.71,-1.0164995147201552,SL,10.825566666666667,2025-26,50.0
1774905570617,1,4565.485,34.515,2.228931223764934,TP,21.659133333333333,2025-26,50.0
1774907035593,1,4615.755,-16.03,-1.0174547762615043,SL,3.22255,2025-26,50.0
1774909069436,-1,4584.105,34.105,2.1456432840515887,TP,175.63445,2025-26,50.0
1774920324784,1,4565.525,-15.63,-1.0067632850241546,SL,109.18581666666667,2025-26,50.0
1774929544581,1,4565.505,-15.51,-1.000322476620445,SL,102.97823333333334,2025-26,50.0
1774939169702,-1,4534.365,-15.8,-1.0105532459226094,SL,17.5169,2025-26,50.0
1774941421542,1,4565.552,34.448,2.2150205761316872,TP,156.47731666666667,2025-26,50.0
1774951235111,1,4615.405,-15.48,-1.0048685491723466,SL,54.88,2025-26,50.0
1774955123367,1,4615.415,34.585,2.243593902043464,TP,97.96491666666667,2025-26,50.0
1774961085221,-1,4634.505,-15.6,-1.0067763794772506,SL,5.963266666666667,2025-26,50.0
1774964833991,1,4665.715,34.285,2.181673560292714,TP,376.4073,2025-26,50.0
1774988701888,1,4715.522,-15.527,-1.0003221234377013,SL,12.823283333333332,2025-26,50.0
1774993234373,-1,4684.215,-15.87,-1.0053848590433956,SL,24.6287,2025-26,50.0
1774995771631,-1,4684.055,-15.987,-1.0026340545625587,SL,196.05058333333332,2025-26,50.0
1775008741845,-1,4684.525,-15.59,-1.0074313408723747,SL,22.497366666666668,2025-26,50.0
1775011530367,1,4715.765,34.235,2.171582619727244,TP,285.86761666666666,2025-26,50.0
1775031691572,-1,4734.415,-15.687,-1.0065447545717037,SL,23.42745,2025-26,50.0
1775033113228,-1,4734.215,-15.87,-1.0053848590433956,SL,53.723533333333336,2025-26,50.0
1775039186717,-1,4734.655,-15.4,-1.003584229390681,SL,12.006283333333334,2025-26,50.0
1775040819094,1,4765.535,-15.54,-1.0003218538783392,SL,222.22266666666667,2025-26,50.0
1775054492187,1,4766.195,-16.37,-1.0108058042605743,SL,207.06055,2025-26,50.0
1775072735896,-1,4784.498,34.498,2.225390272222939,TP,78.34801666666667,2025-26,50.0
1775077461927,-1,4734.065,-15.935,-1.0,SL,5.804383333333333,2025-26,50.0
1775078262988,-1,4734.355,34.355,2.1959092361776924,TP,7.911366666666667,2025-26,50.0
1775079043840,-1,4683.585,-16.51,-1.0057873895826988,SL,9.814933333333334,2025-26,50.0
1775081508061,-1,4683.828,-16.174,-1.000123670541677,SL,3.4929666666666668,2025-26,50.0
1775082653858,-1,4683.078,33.078,1.9547334830398297,TP,182.97073333333333,2025-26,50.0
1775094196623,-1,4634.588,34.588,2.244225279003374,TP,6.44285,2025-26,50.0
1775095324742,-1,4583.315,-16.9,-1.012885825591849,SL,45.673116666666665,2025-26,50.0
1775099504008,1,4615.675,34.325,2.189792663476874,TP,37.88418333333333,2025-26,50.0
1775102738761,-1,4634.555,34.555,2.237293622531564,TP,216.70358333333334,2025-26,50.0
1775117701972,1,4615.455,-15.71,-1.0164995147201552,SL,44.97926666666667,2025-26,50.0
1775120436229,-1,4584.585,-16.13,-1.0463833927992214,SL,1.7425,2025-26,50.0
1775120574676,-1,4584.585,-15.64,-1.0145961725591957,SL,2.6416166666666667,2025-26,50.0
1775121827382,-1,4584.535,-15.47,-1.0003233107015843,SL,5.626283333333333,2025-26,50.0
1775123228657,1,4615.545,34.455,2.21646831778707,TP,11.11605,2025-26,50.0
1775124094377,-1,4634.345,-16.137,-1.030788885340147,SL,5.179833333333334,2025-26,50.0
1775125338810,1,4665.297,-15.392,-1.0062103680460222,SL,106.52188333333334,2025-26,50.0
1775133400616,1,4665.645,-15.69,-1.00287631831256,SL,53.494366666666664,2025-26,50.0
1775141173689,1,4665.372,10.563,0.6871584699453552,TIME,132.7328,2025-26,50.0
1775412027546,-1,4631.235,-18.99,-1.0119904076738608,SL,0.69535,2025-26,50.0
1775412095533,1,4667.435,-18.39,-1.0547748781187267,SL,0.58325,2025-26,50.0
1775412237592,-1,4633.895,-16.25,-1.009003415088482,SL,42.101483333333334,2025-26,50.0
1775414821816,-1,4633.465,-17.017,-1.0291502872694285,SL,1.2936166666666666,2025-26,50.0
1775415308774,-1,4633.615,-16.487,-1.0062252059810803,SL,5.2851,2025-26,50.0
1775415876219,-1,4633.878,-16.614,-1.0305173055452177,SL,193.1034,2025-26,50.0
1775427595617,1,4665.665,-20.09,-1.2824768592403448,SL,16.048116666666665,2025-26,50.0
1775430197690,-1,4633.995,-16.09,-1.0053108403623867,SL,92.83476666666667,2025-26,50.0
1775437547052,1,4665.515,-15.697,-1.0117305833064776,SL,54.264783333333334,2025-26,50.0
1775443860438,1,4665.425,-15.61,-1.0119935170178282,SL,21.13785,2025-26,50.0
1775446990175,1,4665.575,34.425,2.2102728731942216,TP,77.2229,2025-26,50.0
1775457979245,-1,4684.358,34.358,2.196522183863956,TP,387.72465,2025-26,50.0
1775484676298,1,4665.752,-16.097,-1.0219019807008634,SL,28.088716666666667,2025-26,50.0
1775498545022,1,4665.885,-15.91,-1.001573811772112,SL,118.2677,2025-26,50.0
1775509204177,-1,4633.455,-16.697,-1.0091870655787247,SL,0.47808333333333336,2025-26,50.0
1775509835064,-1,4634.645,-15.807,-1.029436665581244,SL,7.20245,2025-26,50.0
1775511523676,-1,4633.695,-16.35,-1.0027598896044159,SL,69.40008333333333,2025-26,50.0
1775525292211,-1,4634.385,-15.64,-1.0016010246557796,SL,74.56898333333334,2025-26,50.0
1775535288873,1,4665.692,-15.737,-1.0028677032882998,SL,155.11911666666666,2025-26,50.0
1775546043668,-1,4633.66,-16.495,-1.009485924112607,SL,12.030666666666667,2025-26,50.0
1775549200790,1,4665.625,-15.707,-1.005248,SL,41.72613333333334,2025-26,50.0
1775556118521,-1,4634.585,-15.467,-1.0033733376581253,SL,23.973916666666668,2025-26,50.0
1775559544836,-1,4633.625,-16.69,-1.019236641221374,SL,16.844883333333332,2025-26,50.0
1775563384355,1,4665.735,34.265,2.1776294884016525,TP,197.33303333333333,2025-26,50.0
1775575861916,-1,4684.518,-15.617,-1.0087198036429401,SL,14.773466666666666,2025-26,50.0
1775576779383,1,4715.915,-16.31,-1.0248193528118128,SL,6.680933333333333,2025-26,50.0
1775579494818,1,4715.705,34.295,2.183699458771092,TP,94.52788333333334,2025-26,50.0
1775585562594,-1,4734.378,-17.95,-1.149020611957496,SL,19.776733333333333,2025-26,50.0
1775586762964,-1,4734.355,-15.68,-1.0022371364653244,SL,1.3369166666666668,2025-26,50.0
1775586951294,1,4765.565,34.435,2.2123353678123996,TP,18.767366666666668,2025-26,50.0
1775588182045,1,4815.852,34.148,2.1541761291950543,TP,65.93508333333334,2025-26,50.0
1775592614542,-1,4833.398,33.398,2.011685339115769,TP,70.0861,2025-26,50.0
1775599220767,1,4817.645,-17.74,-1.0053839614621707,SL,55.77616666666667,2025-26,50.0
1775611672673,1,4815.912,-16.107,-1.0122549019607843,SL,178.67928333333333,2025-26,50.0
1775626999207,-1,4784.315,-15.7,-1.0009563277016258,SL,130.143,2025-26,50.0
1775636482576,-1,4784.335,-15.75,-1.005426109160549,SL,25.061016666666667,2025-26,50.0
1775640671059,-1,4784.578,34.578,2.242121644404098,TP,81.06213333333334,2025-26,50.0
1775645815049,-1,4734.385,-15.74,-1.0080051232788985,SL,19.434616666666667,2025-26,50.0
1775652721114,1,4765.555,-16.457,-1.0579877852780457,SL,30.19475,2025-26,50.0
1775656513012,-1,4734.418,34.418,2.2088307020921576,TP,372.34358333333336,2025-26,50.0
1775680598022,1,4715.562,-15.784,-1.0142655185708778,SL,26.428466666666665,2025-26,50.0
1775682313340,1,4715.625,34.375,2.2,TP,635.1069166666666,2025-26,50.0
1775727376644,1,4765.365,-16.48,-1.0725675235925805,SL,60.68468333333333,2025-26,50.0
1775731876973,1,4765.525,34.475,2.2206119162640903,TP,72.0428,2025-26,50.0
1775738999535,-1,4784.635,-15.44,-1.004881223560039,SL,48.572633333333336,2025-26,50.0
1775743451247,-1,4784.565,34.565,2.2393909944930352,TP,489.85673333333335,2025-26,50.0
1775777823643,1,4765.455,-15.49,-1.0022646392753154,SL,181.55878333333334,2025-26,50.0
1775796450851,-1,4734.165,-15.89,-1.0034733185980422,SL,31.416783333333335,2025-26,50.0
1775807078018,1,4765.942,-18.687,-1.1721866767030487,SL,261.37586666666664,2025-26,50.0
1775823423215,1,4765.322,-15.677,-1.0231692990471217,SL,243.81345,2025-26,50.0
1776016819033,-1,4634.998,-65.002,-0.5652249526095199,TP,0.00505,2025-26,50.0
1776016846204,1,4666.102,-18.017,-1.118929325549621,SL,25.045366666666666,2025-26,50.0
1776023436698,1,4665.395,34.605,2.247807729782397,TP,70.38678333333333,2025-26,50.0
1776028228368,1,4715.585,34.415,2.208213025344883,TP,1249.7250166666668,2025-26,50.0
1776107062890,1,4765.772,34.228,2.17017499365965,TP,874.0873833333334,2025-26,50.0
1776162786939,1,4815.825,-15.87,-1.0028436018957345,SL,7.905483333333334,2025-26,50.0
1776167464336,1,4816.642,33.358,2.004446580939791,TP,374.2427833333333,2025-26,50.0
1776192973861,-1,4834.565,-18.11,-1.1733074182053773,SL,135.73266666666666,2025-26,50.0
1776201379123,1,4865.455,-15.9,-1.0287932707861533,SL,4.529616666666667,2025-26,50.0
1776205531779,-1,4834.375,34.375,2.2,TP,405.48566666666665,2025-26,50.0
1776239711620,1,4815.405,-15.507,-1.0066212268743915,SL,192.84696666666667,2025-26,50.0
1776281004365,1,4815.385,-16.26,-1.056873578160546,SL,869.2889166666666,2025-26,50.0
1776336048632,-1,4784.635,-15.39,-1.001627074520013,SL,23.743333333333332,2025-26,50.0
1776346196904,-1,4784.638,-15.367,-1.0003254784533264,SL,435.3287666666667,2025-26,50.0
1776373778975,-1,4784.115,-16.02,-1.0084985835694051,SL,210.41015,2025-26,50.0
1776392483136,-1,4784.635,-15.39,-1.001627074520013,SL,160.61648333333332,2025-26,50.0
1776408019455,-1,4784.655,-15.347,-1.0001303356142066,SL,64.685,2025-26,50.0
1776414322876,1,4815.355,34.645,2.2562683165092805,TP,41.24276666666667,2025-26,50.0
1776417042386,1,4865.675,-16.29,-1.0392344497607655,SL,19.330233333333332,2025-26,50.0
1776418582275,1,4865.405,-15.41,-1.000324569944823,SL,387.4196333333333,2025-26,50.0
1776444247579,-1,4834.378,34.378,2.2006145179874537,TP,2955.9502666666667,2025-26,50.0
1776630562537,1,4765.422,34.578,2.242121644404098,TP,58.46888333333333,2025-26,50.0
1776647587156,-1,4784.575,-15.76,-1.0217179902755267,SL,110.29285,2025-26,50.0
1776663124217,-1,4784.655,-15.35,-1.0003258390355165,SL,39.236216666666664,2025-26,50.0
1776673124784,1,4815.325,-15.457,-1.0086133768352366,SL,19.359066666666667,2025-26,50.0
1776676360030,1,4815.345,-15.71,-1.0237862495927013,SL,98.53081666666667,2025-26,50.0
1776693990364,1,4815.402,-15.417,-1.0009738994935722,SL,549.9938,2025-26,50.0
1776736352647,-1,4784.255,34.255,2.1756113051762465,TP,527.8452333333333,2025-26,50.0
1776768400302,-1,4733.125,-17.07,-1.0115555555555555,SL,27.122833333333332,2025-26,50.0
1776773362054,-1,4734.665,34.665,2.2605151613955003,TP,77.4456,2025-26,50.0
1776778960646,1,4715.425,-15.86,-1.0282009724473258,SL,33.8544,2025-26,50.0
1776785107913,1,4715.605,-15.75,-1.0092918936238384,SL,13.347316666666666,2025-26,50.0
1776786129475,-1,4684.658,-15.394,-1.0033893886064398,SL,29.699233333333332,2025-26,50.0
1776790231834,1,4715.425,34.575,2.2414910858995136,TP,285.04496666666665,2025-26,50.0
1776814351463,1,4765.355,-15.42,-1.004233148811462,SL,390.5739,2025-26,50.0
1776853950769,-1,4734.575,-16.74,-1.0852512155591572,SL,256.2033166666667,2025-26,50.0
1776874384757,-1,4734.605,34.605,2.247807729782397,TP,241.7974,2025-26,50.0
1776889107608,1,4715.405,34.595,2.2456994482310937,TP,11.846766666666667,2025-26,50.0
1776892597284,-1,4734.275,34.275,2.179650238473768,TP,90.86613333333334,2025-26,50.0
1776909111128,1,4715.362,-15.367,-1.0003254784533264,SL,190.31893333333332,2025-26,50.0
1776925382226,-1,4684.205,-15.8,-1.0003165558721114,SL,41.00188333333333,2025-26,50.0
1776930887909,1,4715.345,-15.75,-1.0263929618768328,SL,342.0844833333333,2025-26,50.0
1776951732939,-1,4684.505,-15.967,-1.030461439173927,SL,11.141283333333334,2025-26,50.0
1776952911620,1,4715.345,-15.49,-1.009449332029977,SL,57.62811666666666,2025-26,50.0
1776983107891,-1,4684.315,-15.75,-1.004144086707045,SL,522.40785,2025-26,50.0
1777015675906,1,4715.325,-15.56,-1.0153344208809136,SL,75.84946666666667,2025-26,50.0
1777024109460,1,4715.315,-18.067,-1.1796931113287628,SL,3371.5275666666666,2025-26,50.0
1777226973285,-1,4683.865,-16.817,-1.0422683607065386,SL,171.90946666666667,2025-26,50.0
1777243654661,1,4715.515,-15.53,-1.0009668063164678,SL,402.9749,2025-26,50.0
1777285972032,-1,4684.805,-15.34,-1.0095426127015465,SL,575.0458,2025-26,50.0
1777323759552,-1,4684.645,34.645,2.2562683165092805,TP,243.66838333333334,2025-26,50.0
1777340401247,-1,4630.955,30.955,1.625360987135731,TP,331.3403,2025-26,50.0
1777361768528,-1,4584.645,-15.43,-1.0048844024747638,SL,73.83133333333333,2025-26,50.0
1777367097163,-1,4584.345,-15.93,-1.017566272756308,SL,275.2084,2025-26,50.0
1777410245768,-1,4584.478,-15.767,-1.015784048447365,SL,63.14333333333333,2025-26,50.0
1777429153732,-1,4584.685,34.685,2.26477309826967,TP,392.68971666666664,2025-26,50.0
1777454735410,-1,4534.755,-15.56,-1.0206625122991144,SL,130.69513333333333,2025-26,50.0
1777464346427,1,4565.315,-15.37,-1.0035912504080966,SL,28.647383333333334,2025-26,50.0
1777471625987,-1,4534.185,-16.06,-1.015491621877964,SL,68.22941666666667,2025-26,50.0
1777492812034,1,4565.615,-15.63,-1.0009606147934678,SL,263.49221666666665,2025-26,50.0
1777513115653,1,4565.515,34.485,2.222687721559781,TP,130.64121666666668,2025-26,50.0
1777521853177,1,4615.355,-15.4,-1.0029306414848584,SL,1333.3515333333332,2025-26,50.0
1777606431071,-1,4584.535,-15.6,-1.008729388942774,SL,291.2389,2025-26,50.0
1777629225505,1,4615.395,34.605,2.247807729782397,TP,18.57346666666667,2025-26,50.0
1777632028240,-1,4634.515,-15.6,-1.0074265418146593,SL,97.196,2025-26,50.0
1777638953286,-1,4634.575,34.575,2.2414910858995136,TP,3391.04915,2025-26,50.0
1777845616054,1,4615.372,-15.437,-1.0042284673432214,SL,23.37475,2025-26,50.0
1777852679976,1,4615.385,-15.4,-1.0009749756256094,SL,88.14226666666667,2025-26,50.0
1777862683568,-1,4584.675,34.675,2.2626427406199023,TP,200.81773333333334,2025-26,50.0
1777875561789,-1,4534.715,-15.7,-1.0271508014393196,SL,12.6603,2025-26,50.0
1777877227726,1,4565.335,-15.55,-1.0140202151940008,SL,267.33573333333334,2025-26,50.0
1777893609694,-1,4534.595,-15.45,-1.002921129503408,SL,855.0926333333333,2025-26,50.0
1777947869557,-1,4534.565,-15.44,-1.0003239390994494,SL,27.628783333333335,2025-26,50.0
1777967344822,1,4565.285,-15.36,-1.0049067713444553,SL,617.5832166666667,2025-26,50.0
1778007328750,1,4565.425,34.575,2.2414910858995136,TP,87.03268333333334,2025-26,50.0
1778014517691,1,4615.462,34.538,2.2337343163885657,TP,138.89603333333332,2025-26,50.0
1778032862720,1,4665.355,34.645,2.2562683165092805,TP,169.7785,2025-26,50.0
1778049677179,1,4715.525,-15.53,-1.0003220611916264,SL,61.90571666666666,2025-26,50.0
1778054507826,-1,4684.635,-15.37,-1.0003254149040026,SL,107.61408333333334,2025-26,50.0
1778062539476,1,4715.375,-15.78,-1.0263414634146342,SL,52.19173333333333,2025-26,50.0
1778068870383,-1,4684.705,-15.36,-1.0042497548218372,SL,203.55173333333335,2025-26,50.0
1778102190029,1,4715.725,-15.99,-1.016852146263911,SL,74.00218333333333,2025-26,50.0
1778120871270,1,4715.285,34.715,2.271180896303566,TP,44.272283333333334,2025-26,50.0
1778127949800,-1,4733.925,-16.1,-1.0015552099533438,SL,252.83068333333333,2025-26,50.0
1778145187117,-1,4734.695,-15.33,-1.0016334531198954,SL,18.35925,2025-26,50.0
1778154546162,-1,4734.625,34.625,2.252032520325203,TP,97.62403333333333,2025-26,50.0
1778164423329,1,4715.305,-15.57,-1.017314603070892,SL,11.606066666666667,2025-26,50.0
1778169758927,1,4715.355,-15.92,-1.036795831976555,SL,35.155766666666665,2025-26,50.0
1778176802264,-1,4679.745,-20.39,-1.0066650209824735,SL,106.23686666666667,2025-26,50.0
1778187686182,1,4715.555,-15.697,-1.0091288974606236,SL,384.01783333333333,2025-26,50.0
1778213782072,1,4715.385,-34.13,-2.2183945401364964,SL,3703.67205,2025-26,50.0
1778436201073,-1,4684.065,-15.96,-1.001568873548792,SL,182.27425,2025-26,50.0
1778447421791,-1,4684.595,-15.41,-1.000324569944823,SL,12.295666666666667,2025-26,50.0
1778450124284,-1,4684.595,-15.46,-1.0035702693930542,SL,42.381283333333336,2025-26,50.0
1778453354025,-1,4684.635,34.635,2.254149040026033,TP,186.60933333333332,2025-26,50.0
1778465317436,1,4665.272,34.728,2.2739654269250917,TP,408.56545,2025-26,50.0
1778490386763,1,4715.395,34.605,2.247807729782397,TP,579.9821333333333,2025-26,50.0
1778529158161,1,4765.735,-15.83,-1.0060374960279632,SL,66.9876,2025-26,50.0
1778534854082,-1,4734.655,34.655,2.258390355164549,TP,295.1096333333333,2025-26,50.0
1778577317691,-1,4684.129,-15.916,-1.0028353600907316,SL,24.8427,2025-26,50.0
1778579888355,-1,4684.715,34.715,2.271180896303566,TP,84.65736666666666,2025-26,50.0
1778585887047,1,4665.335,34.665,2.2605151613955003,TP,213.41303333333335,2025-26,50.0
1778601540193,1,4715.285,-15.36,-1.0049067713444553,SL,369.05381666666665,2025-26,50.0
1778638693491,1,4715.335,-15.34,-1.0003260515161396,SL,38.482166666666664,2025-26,50.0
1778660833638,-1,4684.715,-15.39,-1.0068694798822375,SL,193.54623333333333,2025-26,50.0
1778680760902,-1,4684.705,-15.35,-1.0035959463877084,SL,282.43695,2025-26,50.0
1778706798628,-1,4684.545,-15.63,-1.0113231963765772,SL,82.23443333333333,2025-26,50.0
1778729789566,1,4715.865,-15.89,-1.0015757957768674,SL,14.150816666666667,2025-26,50.0
1778751006162,-1,4684.235,-15.79,-1.0015857913098636,SL,50.6613,2025-26,50.0
1778756050334,-1,4684.475,34.475,2.2206119162640903,TP,310.8358166666667,2025-26,50.0
1778787014005,1,4665.665,-15.69,-1.001595914458985,SL,4.5754166666666665,2025-26,50.0
1778790319548,-1,4634.648,34.648,2.2569046378322044,TP,276.8312,2025-26,50.0
1778807924858,-1,4584.515,34.515,2.228931223764934,TP,232.23091666666667,2025-26,50.0
1778824204838,-1,4534.708,-15.567,-1.0179832592205074,SL,15.142833333333334,2025-26,50.0
1778827892255,1,4565.365,-15.43,-1.0042303937520338,SL,64.16833333333334,2025-26,50.0
1778837833141,-1,4534.605,-15.64,-1.0159142578759337,SL,36.809866666666665,2025-26,50.0
1778842650397,1,4565.355,-15.65,-1.0192119830674047,SL,19.588833333333334,2025-26,50.0
1778846141297,-1,4534.635,-15.73,-1.02375528799219,SL,65.97565,2025-26,50.0
1778862018054,-1,4534.565,-15.65,-1.0139293812763202,SL,2984.9312833333333,2025-26,50.0
1779046224020,-1,4534.635,34.635,2.254149040026033,TP,63.60551666666667,2025-26,50.0
1779050425371,-1,4484.155,-16.07,-1.0142000631113917,SL,16.149766666666668,2025-26,50.0
1779051581504,1,4515.835,-15.84,-1.0003157562361857,SL,1.4809333333333334,2025-26,50.0
1779054377663,1,4515.902,34.098,2.144258583825934,TP,221.15746666666666,2025-26,50.0
1779069213416,-1,4534.565,-15.82,-1.0249433106575965,SL,92.88516666666666,2025-26,50.0
1779086035802,-1,4534.485,-15.65,-1.0087012568482114,SL,65.46248333333334,2025-26,50.0
1779090110323,1,4565.645,-16.06,-1.0265260466602748,SL,17.823216666666667,2025-26,50.0
1779093721371,1,4565.345,-15.41,-1.004235907461714,SL,111.57411666666667,2025-26,50.0
1779102147880,-1,4534.275,-15.91,-1.011764705882353,SL,74.18721666666667,2025-26,50.0
1779107335591,-1,4534.375,-16.76,-1.07264,SL,21.651483333333335,2025-26,50.0
1779116340209,-1,4534.625,-15.43,-1.0035772357723578,SL,2.4982,2025-26,50.0
1779116619165,1,4565.395,-15.67,-1.0178629425138033,SL,21.318133333333332,2025-26,50.0
1779120965314,1,4565.365,-15.79,-1.0276602668402213,SL,396.7252,2025-26,50.0
1779153814168,-1,4534.665,-15.36,-1.0016302575806977,SL,55.3013,2025-26,50.0
1779172728795,-1,4534.515,34.515,2.228931223764934,TP,167.6816,2025-26,50.0
1779183076687,-1,4484.705,-15.33,-1.002288329519451,SL,22.88685,2025-26,50.0
1779186116780,-1,4484.715,-15.35,-1.0042525351651945,SL,42.19273333333334,2025-26,50.0
1779205921128,-1,4484.425,-16.02,-1.0285714285714285,SL,277.79505,2025-26,50.0
1779225869190,-1,4484.615,-15.39,-1.000324991875203,SL,603.1788,2025-26,50.0
1779269955939,-1,4484.685,-15.42,-1.0068560235063664,SL,37.746316666666665,2025-26,50.0
1779273024760,1,4515.475,34.525,2.231017770597738,TP,45.64738333333333,2025-26,50.0
1779276307204,-1,4534.215,-15.867,-1.0051948051948052,SL,254.38411666666667,2025-26,50.0
1779305327449,-1,4534.615,-15.56,-1.0113747156321091,SL,46.51233333333333,2025-26,50.0
1779312195063,1,4565.395,-15.43,-1.0022734654108476,SL,54.93455,2025-26,50.0
1779316437210,-1,4534.505,34.505,2.226847370119393,TP,626.1965,2025-26,50.0
1779357185172,1,4515.605,-15.76,-1.0099327138737584,SL,23.48275,2025-26,50.0
1779362040357,1,4515.525,34.475,2.2206119162640903,TP,155.51745,2025-26,50.0
1779375135172,-1,4534.555,34.555,2.237293622531564,TP,1161.4388166666668,2025-26,50.0
1779448741744,1,4515.345,34.655,2.258390355164549,TP,3285.331366666667,2025-26,50.0
1779648508270,1,4565.282,-15.697,-1.0271561313964142,SL,1513.48935,2025-26,50.0
1779745010659,-1,4534.645,34.645,2.2562683165092805,TP,953.7659166666666,2025-26,50.0
1779804254951,-1,4484.835,-15.167,-1.0001318826244643,SL,55.76871666666667,2025-26,50.0
1779818406283,1,4539.465,-46.967,-1.1900924870138097,SL,3.91685,2025-26,50.0
1779824063536,1,4515.475,-15.56,-1.005492730210016,SL,162.84243333333333,2025-26,50.0
1779842935143,1,4515.365,-15.647,-1.0183534005857469,SL,43.85456666666666,2025-26,50.0
1779848505117,-1,4484.395,34.395,2.2041012495994874,TP,264.8256333333333,2025-26,50.0
1779867033941,-1,4434.595,-15.46,-1.0035702693930542,SL,48.613566666666664,2025-26,50.0
1779870162214,1,4465.865,-16.037,-1.010841474944847,SL,10.227766666666666,2025-26,50.0
1779872430885,-1,4434.695,-15.34,-1.0022868343678537,SL,71.86791666666667,2025-26,50.0
1779879361593,-1,4434.715,-15.307,-1.0014393195943736,SL,99.45103333333333,2025-26,50.0
1779904802812,1,4468.715,-18.727,-1.0006411969008817,SL,81.44601666666667,2025-26,50.0
1779916634054,-1,4434.458,34.458,2.217089177712006,TP,55.93755,2025-26,50.0
1779923940430,-1,4384.465,-15.55,-1.0009655616350177,SL,410.55286666666666,2025-26,50.0
1779950825014,-1,4384.525,-15.7,-1.0145395799676897,SL,110.35803333333334,2025-26,50.0
1779958281293,1,4415.835,34.165,2.157562361856647,TP,81.61038333333333,2025-26,50.0
1779976965693,1,4515.702,-15.787,-1.0054133231435487,SL,43.910716666666666,2025-26,50.0
1780002889503,1,4515.555,-15.73,-1.0112504018000643,SL,75.71308333333333,2025-26,50.0
1780016257152,1,4515.395,34.605,2.247807729782397,TP,549.2559833333333,2025-26,50.0
1780050234995,-1,4534.535,-15.5,-1.0022631749110895,SL,28.26568333333333,2025-26,50.0
1780052000813,1,4565.345,-15.76,-1.0270446399478657,SL,232.413,2025-26,50.0
1780250403851,-1,4519.755,19.755,0.6531658125309968,TP,584.6672666666667,2025-26,50.0
1780305114525,-1,4483.635,33.635,2.0553009471432935,TP,44.29015,2025-26,50.0
1780312099504,1,4465.295,34.705,2.2690421706440014,TP,773.2943333333334,2025-26,50.0
1780361241642,1,4515.462,-16.107,-1.0417151726814124,SL,552.6604,2025-26,50.0
1780407385207,-1,4484.618,34.618,2.25055259394097,TP,915.3665833333333,2025-26,50.0
1780466826678,1,4465.422,-15.437,-1.0009726364933211,SL,148.01433333333333,2025-26,50.0
1780476657989,1,4465.325,-15.367,-1.0027406199021207,SL,33.15136666666667,2025-26,50.0
1780479782696,-1,4434.655,-15.357,-1.0007820136852394,SL,12.284516666666667,2025-26,50.0
1780489449753,-1,4434.638,-15.367,-1.0003254784533264,SL,161.42898333333332,2025-26,50.0
1780504381083,-1,4434.645,-15.39,-1.0022793878215566,SL,144.16398333333333,2025-26,50.0
1780516952726,1,4465.825,-15.83,-1.0003159557661927,SL,13.13945,2025-26,50.0
1780521123388,1,4465.365,34.635,2.254149040026033,TP,635.3231666666667,2025-26,50.0
1780566299683,1,4515.375,-15.41,-1.0022764227642276,SL,9.2063,2025-26,50.0
1780568463715,-1,4484.745,34.745,2.2776138970829236,TP,665.6071166666667,2025-26,50.0
1780625700606,-1,4434.708,-15.337,-1.002942715145174,SL,21.3359,2025-26,50.0
1780629822291,1,4465.305,-15.46,-1.0101274093433519,SL,306.5808333333333,2025-26,50.0
1780649425905,-1,4434.635,34.635,2.254149040026033,TP,40.55608333333333,2025-26,50.0
1780652857749,-1,4384.495,34.495,2.2247662044501775,TP,46.544866666666664,2025-26,50.0
1780656709579,1,4365.512,-15.677,-1.0106369262506447,SL,25.294283333333333,2025-26,50.0
1780660707519,-1,4334.745,-15.327,-1.0047197640117995,SL,3382.1682166666665,2025-26,50.0
1780866321152,-1,4334.535,34.535,2.2331070158422244,TP,268.8591,2025-26,50.0
1780889077097,1,4315.275,-15.31,-1.002291325695581,SL,21.388733333333334,2025-26,50.0
1780895381422,-1,4284.808,-15.207,-1.0009873617693523,SL,38.22625,2025-26,50.0
1780902895879,1,4315.255,34.745,2.2776138970829236,TP,1108.7415,2025-26,50.0
1780972255740,-1,4334.495,-15.52,-1.0009674298613351,SL,437.8453666666667,2025-26,50.0
1780998871350,-1,4334.285,34.285,2.181673560292714,TP,48.57985,2025-26,50.0
1781004378678,-1,4284.475,34.475,2.2206119162640903,TP,71.9017,2025-26,50.0
1781011055245,1,4265.402,-15.437,-1.0022724321516687,SL,144.59695,2025-26,50.0
1781031104274,-1,4234.528,34.528,2.231644260599793,TP,112.38928333333334,2025-26,50.0
1781038702941,1,4215.395,-15.45,-1.0035725885027607,SL,3.7644333333333333,2025-26,50.0
1781039876180,1,4215.425,-15.43,-1.00032414910859,SL,6.626733333333333,2025-26,50.0
1781041429666,-1,4184.505,-15.51,-1.0009680542110357,SL,242.04226666666668,2025-26,50.0
1781057185248,1,4215.555,-15.56,-1.0003214400514304,SL,66.33035,2025-26,50.0
1781063544251,-1,4184.675,34.675,2.2626427406199023,TP,246.49215,2025-26,50.0
1781079271139,-1,4134.585,-15.69,-1.017839766461239,SL,15.523683333333333,2025-26,50.0
1781080234313,1,4166.135,-16.19,-1.0034087387666564,SL,21.747016666666667,2025-26,50.0
1781083041834,-1,4134.585,-15.52,-1.0068115471942913,SL,8.560833333333333,2025-26,50.0
1781084301970,1,4165.415,-15.67,-1.0165423289004216,SL,66.53578333333333,2025-26,50.0
1781088942232,-1,4134.675,34.675,2.2626427406199023,TP,234.99798333333334,2025-26,50.0
1781105010669,-1,4084.625,34.625,2.252032520325203,TP,172.4483,2025-26,50.0
1781116776132,1,4065.355,-15.39,-1.0022793878215566,SL,15.814266666666667,2025-26,50.0
1781118757370,-1,4034.435,-16.117,-1.035464182460649,SL,12.935483333333334,2025-26,50.0
1781122663679,1,4065.895,34.105,2.1456432840515887,TP,65.90718333333334,2025-26,50.0
1781127588135,1,4115.522,-15.664,-1.0091483056307178,SL,15.7938,2025-26,50.0
1781130513210,-1,4084.645,-15.48,-1.0081406707912732,SL,196.10903333333334,2025-26,50.0
1781143499699,-1,4084.215,-15.9,-1.0072853975293,SL,70.93471666666667,2025-26,50.0
1781153995122,-1,4084.698,-15.347,-1.0029407920533264,SL,432.0434333333333,2025-26,50.0
1781180746717,-1,4084.335,-15.88,-1.013724864347271,SL,64.13155,2025-26,50.0
1781184611417,1,4115.525,34.475,2.2206119162640903,TP,6.0525166666666665,2025-26,50.0
1781185322896,1,4165.665,-16.36,-1.044366421959783,SL,8.274883333333333,2025-26,50.0
1781186755732,-1,4134.515,-15.76,-1.0177591217307072,SL,9.398333333333333,2025-26,50.0
1781189096391,1,4165.415,34.585,2.243593902043464,TP,45.40108333333333,2025-26,50.0
1781211850863,-1,4184.628,-15.377,-1.0003252667187092,SL,66.45576666666666,2025-26,50.0
1781217250300,-1,4184.695,-15.37,-1.0042469781117283,SL,42.9125,2025-26,50.0
1781226601643,-1,4184.595,-15.48,-1.0048685491723466,SL,172.3034,2025-26,50.0
1781237905123,1,4215.435,-15.44,-1.0003239390994494,SL,192.29768333333334,2025-26,50.0
1781250879010,1,4215.295,-15.377,-1.0053612291598562,SL,35.511916666666664,2025-26,50.0
1781257393711,-1,4184.625,-15.62,-1.0159349593495934,SL,69.71751666666667,2025-26,50.0
1781262866136,1,4215.305,34.695,2.266906239790918,TP,3285.6333,2025-26,50.0
1781461632340,-1,4283.875,-16.34,-1.0133333333333334,SL,105.60476666666666,2025-26,50.0
1781472864626,1,4315.385,34.615,2.249918752031199,TP,699.84615,2025-26,50.0
1781515941958,1,4365.315,-15.317,-1.0001305909239309,SL,99.37445,2025-26,50.0
1781527935719,-1,4334.595,-15.41,-1.000324569944823,SL,1192.8428,2025-26,50.0
1781601748643,-1,4334.565,-15.54,-1.0068027210884354,SL,704.8550166666666,2025-26,50.0
1781693250983,-1,4330.785,-19.36,-1.0075461878740568,SL,5.0768,2025-26,50.0
1781697637052,1,4365.515,-15.67,-1.0099903319368353,SL,119.49068333333334,2025-26,50.0
1781704959997,-1,4334.065,34.065,2.1377470975839348,TP,5.88505,2025-26,50.0
1781706815189,-1,4284.695,-15.34,-1.0022868343678537,SL,3.5007166666666665,2025-26,50.0
1781707379303,1,4315.655,-15.7,-1.0028744809964867,SL,12.591866666666666,2025-26,50.0
1781708308207,-1,4284.545,34.545,2.2351989647363313,TP,19.028183333333335,2025-26,50.0
1781713117314,1,4265.455,34.545,2.2351989647363313,TP,239.95848333333333,2025-26,50.0
1781729630627,1,4315.375,-15.51,-1.008780487804878,SL,313.56925,2025-26,50.0
1781756055727,-1,4284.705,34.705,2.2690421706440014,TP,172.78013333333334,2025-26,50.0
1781770886373,1,4265.435,-15.59,-1.0100421120829284,SL,12.764716666666667,2025-26,50.0
1781775004821,1,4265.465,-15.51,-1.002909796314258,SL,30.466783333333332,2025-26,50.0
1781782178991,-1,4234.748,34.748,2.2782585890375033,TP,453.30395,2025-26,50.0
1781813223131,-1,4184.515,34.515,2.228931223764934,TP,231.74241666666666,2025-26,50.0
1781829681855,-1,4134.545,-15.65,-1.0126172759624716,SL,136.40581666666668,2025-26,50.0
1781842201425,1,4165.415,-15.57,-1.0100551410963348,SL,164.49651666666668,2025-26,50.0
1781859080910,1,4165.825,-15.87,-1.0028436018957345,SL,68.8938,2025-26,50.0
1782072907155,1,4165.392,34.608,2.2484407484407485,TP,43.919183333333336,2025-26,50.0
1782075607991,1,4215.585,-15.67,-1.0054539621430862,SL,31.71395,2025-26,50.0
1782080093270,-1,4184.735,-15.27,-1.0003275466754011,SL,23.783566666666665,2025-26,50.0
1782083317402,-1,4184.285,-15.88,-1.010499522748966,SL,189.45523333333333,2025-26,50.0
1782111966301,1,4215.515,-15.66,-1.0093457943925233,SL,101.51046666666667,2025-26,50.0
1782120616172,-1,4184.695,-15.32,-1.0009800718719373,SL,18.351583333333334,2025-26,50.0
1782128140012,-1,4184.615,34.615,2.249918752031199,TP,635.2885666666666,2025-26,50.0
1782170297667,-1,4134.465,34.465,2.21853878339234,TP,274.34298333333334,2025-26,50.0
1782192062587,1,4115.645,-15.86,-1.013742409715564,SL,793.3197333333334,2025-26,50.0
1782243533141,-1,4084.605,-15.42,-1.0016239038648913,SL,14.1192,2025-26,50.0
1782248522163,-1,4084.395,-15.62,-1.0009612303748798,SL,23.173733333333335,2025-26,50.0
1782251404075,-1,4084.595,34.595,2.2456994482310937,TP,555.9386833333333,2025-26,50.0
1782289398924,-1,4034.685,34.685,2.26477309826967,TP,32.9597,2025-26,50.0
1782291613498,-1,3983.425,-16.61,-1.0021116138763198,SL,38.93913333333333,2025-26,50.0
1782294151793,1,4015.902,-16.027,-1.0078606464595647,SL,83.82655,2025-26,50.0
1782300597124,1,4015.235,-15.27,-1.002297341647522,SL,29.119033333333334,2025-26,50.0
1782304010500,1,4015.315,-15.32,-1.000326477309827,SL,52.756566666666664,2025-26,50.0
1782307960757,-1,3984.705,-15.31,-1.0009807126511931,SL,152.56661666666668,2025-26,50.0
1782329887528,1,4015.815,-15.87,-1.0034777110338287,SL,47.2865,2025-26,50.0
1782333322868,-1,3984.625,-15.51,-1.008780487804878,SL,18.656183333333335,2025-26,50.0
1782335446576,-1,3984.405,-15.647,-1.0033344020519397,SL,10.148533333333333,2025-26,50.0
1782336839698,-1,3984.205,-16.1,-1.019309908198797,SL,141.99598333333333,2025-26,50.0
1782348076540,-1,3984.645,-15.63,-1.0179094757408012,SL,31.796416666666666,2025-26,50.0
1782351512651,-1,3984.435,-15.76,-1.0125281079344683,SL,163.97976666666668,2025-26,50.0
1782367854895,-1,3984.615,-15.56,-1.0113747156321091,SL,139.33231666666666,2025-26,50.0
1782377281259,1,4015.405,-15.68,-1.017851346965271,SL,72.66806666666666,2025-26,50.0
1782381818292,1,4015.415,-15.44,-1.0016217969510217,SL,753.3359333333333,2025-26,50.0
1782428056328,-1,3984.698,-15.467,-1.01078290419553,SL,20.18115,2025-26,50.0
1782435293463,1,4015.295,34.705,2.2690421706440014,TP,270.34978333333333,2025-26,50.0
1782464405656,1,4065.565,-15.647,-1.0052682300032123,SL,3.992366666666667,2025-26,50.0
1782467258016,1,4065.485,-15.56,-1.0048433968356474,SL,3518.51925,2025-26,50.0
1782679275719,1,4065.605,-15.78,-1.0112143543735983,SL,256.55563333333333,2025-26,50.0
1782701363316,1,4065.382,-15.457,-1.0048758288909114,SL,125.86368333333333,2025-26,50.0
1782712220690,-1,4034.335,-15.67,-1.000319182891797,SL,140.55521666666667,2025-26,50.0
1782725851874,-1,4034.738,34.738,2.2761106014939063,TP,659.5723833333333,2025-26,50.0
1782766615949,-1,3984.598,34.598,2.2463316452408777,TP,10.660466666666666,2025-26,50.0
1782767324589,1,3965.815,-15.84,-1.0015807777426493,SL,6.7591833333333335,2025-26,50.0
1782786654358,1,4015.415,34.585,2.243593902043464,TP,469.12235,2025-26,50.0
1782817326814,-1,4034.615,34.615,2.249918752031199,TP,579.3142,2025-26,50.0
1782889868008,1,4015.445,34.555,2.237293622531564,TP,138.98136666666667,2025-26,50.0
1782898737913,1,4065.475,34.525,2.231017770597738,TP,6.151316666666666,2025-26,50.0
1782899248741,-1,4084.625,-15.62,-1.0159349593495934,SL,13.1504,2025-26,50.0
1782900144098,-1,4084.635,-15.54,-1.0113895216400912,SL,9.0205,2025-26,50.0
1782902170081,1,4115.385,-15.44,-1.0035749106272343,SL,5.269216666666667,2025-26,50.0
1782904175691,-1,4084.365,34.365,2.197953309881676,TP,280.8491833333333,2025-26,50.0
1782939730663,1,4065.405,-15.44,-1.0022719896137617,SL,26.175133333333335,2025-26,50.0
1782948439169,1,4065.495,34.505,2.226847370119393,TP,543.1468,2025-26,50.0
1782981042499,1,4119.775,-22.853,-1.1556510745891277,SL,0.67365,2025-26,50.0
1783026473064,1,4165.665,34.335,2.191828917969997,TP,4220.21125,2025-26,50.0
1783280818821,-1,4184.495,-15.62,-1.0074169622702354,SL,110.80321666666667,2025-26,50.0
1783288875680,-1,4184.625,34.625,2.252032520325203,TP,237.12978333333334,2025-26,50.0
1783309527132,1,4165.405,-15.5,-1.006166828951639,SL,53.96106666666667,2025-26,50.0
1783327309539,-1,4134.295,-15.75,-1.002865329512894,SL,52.61951666666667,2025-26,50.0
1783332465214,-1,4134.165,-15.88,-1.002841806125671,SL,81.63825,2025-26,50.0
1783348531222,1,4165.395,-15.4,-1.0003247807729783,SL,364.6302333333333,2025-26,50.0
1783372677350,-1,4134.605,-15.89,-1.0321532965248457,SL,627.6947166666666,2025-26,50.0
1783411781566,1,4165.245,-15.72,-1.0311577566415218,SL,145.41255,2025-26,50.0
1783435756994,-1,4134.535,34.535,2.2331070158422244,TP,26.402666666666665,2025-26,50.0
1783438531533,1,4115.415,-21.51,-1.3953940966590983,SL,144.51243333333332,2025-26,50.0
1783456704483,1,4115.485,-15.61,-1.0080723280594124,SL,27.034333333333333,2025-26,50.0
1783462065602,1,4115.425,-15.64,-1.013938411669368,SL,369.71576666666664,2025-26,50.0
1783484301604,-1,4084.605,34.605,2.247807729782397,TP,84.81593333333333,2025-26,50.0
1783496674342,1,4065.885,-16.16,-1.0173119294932327,SL,171.87326666666667,2025-26,50.0
1783507487796,-1,4034.215,-16.77,-1.0624010136205257,SL,116.03421666666667,2025-26,50.0
1783515994226,1,4065.425,34.575,2.2414910858995136,TP,795.8447833333333,2025-26,50.0
1783570876174,1,4115.455,-15.46,-1.0003235198964737,SL,147.49411666666666,2025-26,50.0
1783584520214,1,4115.425,-15.48,-1.0035656401944895,SL,1228.4165333333333,2025-26,50.0
1783671237296,1,4115.555,-15.64,-1.005464480874317,SL,22.237633333333335,2025-26,50.0
1783679583248,-1,4083.335,-16.69,-1.0015001500150016,SL,9.520966666666666,2025-26,50.0
1783686647670,1,4115.435,-15.47,-1.002267573696145,SL,89.25311666666667,2025-26,50.0
1783699337882,1,4115.445,-21.22,-1.3739074134023956,SL,2997.86095,2025-26,50.0
1783879891553,-1,4084.555,34.555,2.237293622531564,TP,472.68103333333335,2025-26,50.0
1783915179604,1,4065.435,-16.12,-1.0443796566245547,SL,162.35616666666667,2025-26,50.0
1783926335361,1,4065.485,-15.49,-1.0003228931223764,SL,164.2198,2025-26,50.0
1783937192290,-1,4034.255,34.255,2.1756113051762465,TP,146.7094,2025-26,50.0
1783973253185,-1,3984.565,-15.57,-1.0087463556851313,SL,25.446166666666667,2025-26,50.0
1783980696713,1,4015.545,34.455,2.21646831778707,TP,618.4285333333333,2025-26,50.0
1784018252931,-1,4084.555,-15.62,-1.0113305276788604,SL,151.1285,2025-26,50.0
1784028340549,-1,4084.405,34.405,2.2061558191728117,TP,195.7258,2025-26,50.0
1784066504408,-1,4034.994,-15.011,-1.000333200053312,SL,628.4089166666666,2025-26,50.0
1784104757135,1,4065.525,-15.68,-1.0099838969404187,SL,153.73216666666667,2025-26,50.0
1784117986912,-1,4034.595,-15.56,-1.0100616682895165,SL,70.30588333333333,2025-26,50.0
1784123178492,1,4065.345,-15.41,-1.004235907461714,SL,108.09526666666666,2025-26,50.0
1784138400850,1,4066.515,-16.54,-1.0015137753557373,SL,176.3345,2025-26,50.0
1784150894715,-1,4034.535,34.535,2.2331070158422244,TP,677.1694833333333,2025-26,50.0
1784192558787,-1,3984.105,-16.16,-1.0166719094054735,SL,23.154466666666668,2025-26,50.0
1784194764108,-1,3984.555,-15.57,-1.008093234056329,SL,48.13945,2025-26,50.0
1784201152812,1,4015.715,-15.88,-1.010499522748966,SL,38.325066666666665,2025-26,50.0
1784204411716,-1,3984.485,-16.32,-1.0518852723171124,SL,658.9850666666666,2025-26,50.0
1784248449644,-1,3984.615,-15.71,-1.0211244718882029,SL,97.36233333333334,2025-26,50.0
1784276538076,-1,3984.705,-16.46,-1.0761686825760053,SL,77.0636,2025-26,50.0
1784281354887,-1,3983.925,-16.08,-1.0003110419906687,SL,18.475066666666667,2025-26,50.0
1784287806623,1,4015.355,-15.52,-1.0107456854444807,SL,3270.7730333333334,2025-26,50.0
1784491313349,-1,3983.635,-16.39,-1.0015276504735717,SL,17.877066666666668,2025-26,50.0
1784494920612,1,4016.235,-16.49,-1.0157068062827226,SL,22.829716666666666,2025-26,50.0
1784500947964,1,4015.415,-15.79,-1.024326954265326,SL,687.6118333333334,2025-26,50.0
1784545780863,1,4015.225,-15.26,-1.0022988505747126,SL,461.04355,2025-26,50.0
1784578768997,1,4015.525,34.475,2.2206119162640903,TP,188.2725,2025-26,50.0
1784598076871,1,4065.545,-15.56,-1.000964940495336,SL,469.1010166666667,2025-26,50.0
1784628747311,1,4065.375,34.625,2.252032520325203,TP,617.7759833333333,2025-26,50.0
1784667971265,1,4115.635,34.365,2.197953309881676,TP,771.8423833333334,2025-26,50.0
1784720992002,1,4165.255,-15.28,-1.0016388069485416,SL,36.067616666666666,2025-26,50.0
1784730595180,-1,4134.665,34.665,2.2605151613955003,TP,789.68205,2025-26,50.0
1784791049692,-1,4084.775,34.775,2.284072249589491,TP,109.05031666666666,2025-26,50.0
1784799170719,1,4065.435,-15.6,-1.010689990281827,SL,15.914266666666666,2025-26,50.0
1784846880191,-1,4034.245,-15.79,-1.002221516978737,SL,277.99133333333333,2025-26,50.0
1784887138275,1,4065.786,-15.931,-1.0091853541112379,SL,317.1609833333333,2025-26,50.0
1785088804075,1,4092.915,7.085,0.16509379005009903,TP,120.801,2025-26,50.0
1785096723425,1,4115.665,-15.68,-1.000957548675391,SL,13.5314,2025-26,50.0
1785116758378,-1,4084.685,-15.34,-1.0016323865491348,SL,75.21398333333333,2025-26,50.0
1785140371685,-1,4084.605,34.605,2.247807729782397,TP,781.6666833333334,2025-26,50.0
1785202595115,-1,4034.585,-15.48,-1.0042166720726564,SL,58.15881666666667,2025-26,50.0
1785216924339,-1,4033.905,33.905,2.1065548306927617,TP,1713.3019333333334,2025-26,50.0
1785326934124,1,4015.305,34.695,2.266906239790918,TP,64.6438,2025-26,50.0
1785333603241,1,4069.155,30.845,1.6102845210127903,TP,49.6418,2025-26,50.0
1785337310402,1,4115.415,-15.79,-1.024326954265326,SL,3.9558333333333335,2025-26,50.0
1785338738655,-1,4084.615,34.615,2.249918752031199,TP,32.711533333333335,2025-26,50.0
1785343203866,1,4065.445,-15.49,-1.0029135642602784,SL,478.29455,2025-26,50.0
1785375455271,-1,4034.595,-15.69,-1.0185004868549172,SL,98.96903333333333,2025-26,50.0
1785385615657,1,4065.295,34.705,2.2690421706440014,TP,321.70731666666666,2025-26,50.0
1785405629168,1,4116.075,-16.37,-1.0183514774494558,SL,6.93735,2025-26,50.0
1785409968344,-1,4084.675,-15.35,-1.0016313213703099,SL,21.938,2025-26,50.0
1785413046388,1,4115.275,-15.29,-1.0009819967266775,SL,85.28776666666667,2025-26,50.0
1785425188765,1,4115.315,-15.65,-1.0218739797584069,SL,83.44816666666667,2025-26,50.0
1785447529661,-1,4084.615,34.615,2.249918752031199,TP,649.2237333333334,2025-26,50.0
1785489105413,-1,4034.635,-15.66,-1.0191994793361536,SL,106.4656,2025-26,50.0
1785693601673,1,4084.075,-34.1,-1.0007336757153338,SL,196.13808333333333,2025-26,50.0
1785710941940,1,4065.935,-16.11,-1.0109821148415439,SL,401.4809333333333,2025-26,50.0
1785748840123,-1,4034.485,-15.57,-1.0035449564937158,SL,360.79091666666665,2025-26,50.0
1785787750102,1,4065.445,-15.46,-1.0009711880867596,SL,49.837916666666665,2025-26,50.0
1785796755950,1,4065.515,-15.61,-1.0061231066709635,SL,391.5088166666667,2025-26,50.0
1785828743304,1,4065.265,34.735,2.275466754012447,TP,331.4994,2025-26,50.0
1785852035122,-1,4084.695,-15.36,-1.00359359686377,SL,476.06483333333335,2025-26,50.0
1785883059199,1,4115.405,34.595,2.2456994482310937,TP,180.32856666666666,2025-26,50.0
1785894413689,1,4165.545,34.455,2.21646831778707,TP,388.21913333333333,2025-26,50.0
1785920267124,-1,4184.465,-15.54,-1.0003218538783392,SL,32.55795,2025-26,50.0
1785924308884,1,4215.395,34.605,2.247807729782397,TP,56.3501,2025-26,50.0
1785929218198,1,4265.255,-15.31,-1.0036053752867913,SL,20.710833333333333,2025-26,50.0
1785931035409,-1,4234.665,-15.37,-1.002282360612977,SL,101.34456666666667,2025-26,50.0
1785939818203,1,4265.385,-15.86,-1.0308742281442964,SL,67.9038,2025-26,50.0
1785958493246,1,4265.355,34.645,2.2562683165092805,TP,81.05695,2025-26,50.0
1785964321152,-1,4284.515,-15.51,-1.0016144656118824,SL,53.2421,2025-26,50.0
1785969019666,-1,4284.465,34.465,2.21853878339234,TP,179.72346666666667,2025-26,50.0
1785980535447,1,4265.445,-15.56,-1.0074457753318227,SL,58.62835,2025-26,50.0
1785986394531,1,4265.275,-15.39,-1.0075286415711948,SL,336.9932333333333,2025-26,50.0
1786007366206,-1,4234.585,-15.6,-1.0120012974375607,SL,20.798883333333333,2025-26,50.0
1786009125068,1,4265.425,-15.44,-1.00097244732577,SL,115.65745,2025-26,50.0
1786017293451,-1,4234.665,-15.34,-1.0003260515161396,SL,146.0892,2025-26,50.0
1786030835565,-1,4234.565,-15.45,-1.000971817298348,SL,13.2867,2025-26,50.0
1786034702575,-1,4234.685,-15.4,-1.0055501142670584,SL,185.29135,2025-26,50.0
1786048828343,-1,4234.505,-15.53,-1.0022587931590836,SL,41.33665,2025-26,50.0
1786060693694,1,4265.535,34.465,2.21853878339234,TP,255.25215,2025-26,50.0
1786077303591,1,4315.265,34.735,2.275466754012447,TP,235.11328333333333,2025-26,50.0
1786091972408,1,4365.885,-15.97,-1.005350960025181,SL,24.796083333333332,2025-26,50.0
1786095584783,1,4365.295,-15.38,-1.0055573716900947,SL,16.93665,2025-26,50.0
1786097049290,-1,4334.535,-15.51,-1.002909796314258,SL,18.9266,2025-26,50.0
1786105533633,-1,4334.545,-15.47,-1.000970559689421,SL,171.35548333333332,2025-26,50.0
1786298591843,-1,4332.495,-18.12,-1.035132819194516,SL,468.33618333333334,2025-26,50.0
1786345284851,-1,4334.735,-15.27,-1.0003275466754011,SL,209.83898333333335,2025-26,50.0
1786369168382,1,4365.215,34.785,2.286230693394676,TP,315.75888333333336,2025-26,50.0
1786393755386,1,4415.475,-15.58,-1.0067851373182553,SL,32.522,2025-26,50.0
1786396300830,1,4415.445,-15.64,-1.0126254451278731,SL,240.50656666666666,2025-26,50.0
1786411804414,-1,4382.975,-17.05,-1.0014684287812041,SL,410.99475,2025-26,50.0
1786442072646,-1,4384.405,-15.61,-1.000961846745752,SL,735.7849333333334,2025-26,50.0
1786489682654,1,4415.615,-15.77,-1.0099263528658342,SL,61.15095,2025-26,50.0
1786499570909,-1,4384.225,-15.83,-1.003486529318542,SL,55.7317,2025-26,50.0
1786511750455,1,4415.615,-15.631,-1.001024655779699,SL,194.2796,2025-26,50.0
1786523408501,-1,4384.844,-15.791,-1.0418975983109,SL,0.04538333333333333,2025-26,50.0
1786523543925,1,4415.465,-16.44,-1.0630455868089235,SL,263.94345,2025-26,50.0
1786545931460,1,4415.845,-15.91,-1.004102240454402,SL,220.72865,2025-26,50.0
1786564801806,1,4415.755,-15.83,-1.0047603935258649,SL,156.32271666666668,2025-26,50.0
1786585610153,-1,4384.285,-17.01,-1.0824053452115814,SL,403.1872833333333,2025-26,50.0
1786609893347,-1,4384.575,-15.43,-1.00032414910859,SL,27.024466666666665,2025-26,50.0
1786613357373,-1,4384.755,34.755,2.279763857002296,TP,344.6600666666667,2025-26,50.0
1786653586942,-1,4334.555,-15.48,-1.002266105535772,SL,496.7640166666667,2025-26,50.0
1786693839731,1,4365.395,34.605,2.247807729782397,TP,3667.205483333333,2025-26,50.0
1786915439220,1,4415.405,-15.45,-1.002921129503408,SL,11.47935,2025-26,50.0
1786955199533,-1,4384.215,-15.92,-1.0085524231865695,SL,84.83158333333333,2025-26,50.0
1786960640217,1,4415.355,-15.55,-1.0126994464343861,SL,276.4633,2025-26,50.0
1786979904801,1,4415.145,-15.33,-1.0122152525586001,SL,408.3292833333333,2025-26,50.0
1787045417204,-1,4379.975,-20.05,-1.0012484394506866,SL,5.23445,2025-26,50.0
1787049563985,-1,4384.465,34.465,2.21853878339234,TP,305.6247,2025-26,50.0
1787070083842,-1,4334.934,-15.081,-1.0009956192751892,SL,312.6718333333333,2025-26,50.0
1787120195844,1,4365.355,34.645,2.2562683165092805,TP,140.57893333333334,2025-26,50.0
1787131893997,1,4465.325,-15.91,-1.0381729200652527,SL,4.556333333333333,2025-26,50.0
1787134017888,1,4465.335,34.665,2.2605151613955003,TP,301.7132833333333,2025-26,50.0
1787176450521,-1,4484.715,-15.29,-1.0003271180896303,SL,19.01545,2025-26,50.0
1787188447612,-1,4484.635,2.6,0.16921575008135373,TIME,525.8719,2025-26,50.0
