t_ms,dir,entry,pnl_usd,pnl_R,tag,hold_min,year,S
1755688233213,-1,3342.229,-8.256,-1.062411530047613,SL,409.46485,2025-26,25.0
1755721566112,-1,3342.225,17.225,2.215434083601286,TP,2165.9746833333334,2025-26,25.0
1755855438132,1,3332.745,17.255,2.2278889606197545,TP,24.988733333333332,2025-26,25.0
1755857402451,1,3358.645,16.355,1.891844997108155,TP,37.739716666666666,2025-26,25.0
1755863982099,-1,3367.195,-7.84,-1.0044843049327354,SL,98.4877,2025-26,25.0
1756059084948,-1,3367.115,-7.887,-1.0002536461636018,SL,995.8148166666666,2025-26,25.0
1756136568972,-1,3367.235,-7.767,-1.0002575660012878,SL,273.50331666666665,2025-26,25.0
1756154630108,1,3382.762,-7.807,-1.0057974748776088,SL,26.0915,2025-26,25.0
1756178503563,-1,3367.198,-7.807,-1.0006408613176108,SL,17.319133333333333,2025-26,25.0
1756190248004,-1,3367.125,-7.976,-1.0128253968253969,SL,29.538066666666666,2025-26,25.0
1756207418592,1,3382.905,-7.977,-1.0091081593927893,SL,799.1095166666667,2025-26,25.0
1756267326283,1,3382.755,-7.76,-1.0006447453255964,SL,149.89925,2025-26,25.0
1756283314442,1,3382.742,17.258,2.2291397571686904,TP,1219.6305666666667,2025-26,25.0
1756366390987,1,3407.805,-7.82,-1.0019218449711724,SL,75.8509,2025-26,25.0
1756374170221,1,3407.795,17.205,2.207184092366902,TP,1438.6463333333334,2025-26,25.0
1756461909901,1,3433.165,16.835,2.061849357011635,TP,196.33973333333333,2025-26,25.0
1756475366679,-1,3442.148,-7.857,-1.000636780438105,SL,117.05726666666666,2025-26,25.0
1756663757580,-1,3441.825,-8.227,-1.006360856269113,SL,21.6968,2025-26,25.0
1756674273634,-1,3442.065,-7.95,-1.001890359168242,SL,43.30413333333333,2025-26,25.0
1756677553959,1,3457.995,17.005,2.1269543464665417,TP,44.061083333333336,2025-26,25.0
1756681041217,1,3482.852,-7.904,-1.0066225165562914,SL,11.571016666666667,2025-26,25.0
1756690558671,1,3482.885,-7.9,-1.0019023462270134,SL,4.4983,2025-26,25.0
1756692821692,1,3482.865,-7.88,-1.0019071837253655,SL,58.590316666666666,2025-26,25.0
1756706153515,-1,3467.168,-7.857,-1.0031920326864148,SL,190.4413,2025-26,25.0
1756757023756,1,3482.975,17.025,2.134796238244514,TP,100.07611666666666,2025-26,25.0
1756763376376,-1,3491.478,-8.587,-1.007627317531096,SL,17.930716666666665,2025-26,25.0
1756765324829,-1,3492.015,17.015,2.1308703819661865,TP,331.61595,2025-26,25.0
1756793445036,1,3482.925,-8.027,-1.012870662460568,SL,149.20203333333333,2025-26,25.0
1756803140976,1,3482.835,17.165,2.190810465858328,TP,91.99473333333333,2025-26,25.0
1756809724018,1,3507.835,17.165,2.190810465858328,TP,92.37971666666667,2025-26,25.0
1756825584276,1,3532.895,17.105,2.1665611146295123,TP,1069.75875,2025-26,25.0
1756890897288,1,3557.985,-8.017,-1.0040075140889166,SL,27.8412,2025-26,25.0
1756893609359,1,3558.315,16.685,2.006614552014432,TP,226.73746666666668,2025-26,25.0
1756910199702,-1,3566.985,16.985,2.119151590767311,TP,414.74585,2025-26,25.0
1756937323439,-1,3542.175,17.175,2.194888178913738,TP,62.7198,2025-26,25.0
1756941149739,-1,3517.045,-8.2,-1.0307982401005658,SL,9.270366666666666,2025-26,25.0
1756944498464,1,3532.875,-7.927,-1.0066031746031745,SL,112.81031666666667,2025-26,25.0
1756952027276,1,3532.845,17.155,2.186743148502231,TP,361.22993333333335,2025-26,25.0
1756974997461,-1,3542.005,-8.047,-1.0065040650406505,SL,40.624116666666666,2025-26,25.0
1756978665492,1,3557.845,-7.86,-1.0019120458891013,SL,4.7435,2025-26,25.0
1756980000560,-1,3540.285,-9.73,-1.0015440041173442,SL,102.0754,2025-26,25.0
1757009403786,-1,3541.845,-8.21,-1.0067443286327407,SL,86.87278333333333,2025-26,25.0
1757028765980,1,3557.982,-8.037,-1.0068905036331746,SL,167.61008333333334,2025-26,25.0
1757061001396,1,3562.582,12.418,0.986965506278811,TP,1.7684666666666666,2025-26,25.0
1757061188764,1,3584.375,-9.38,-1.0005333333333333,SL,1.1642833333333333,2025-26,25.0
1757061495121,1,3583.085,-8.11,-1.0030921459492887,SL,8.8948,2025-26,25.0
1757062802135,1,3583.235,-8.31,-1.0091074681238617,SL,5.1309,2025-26,25.0
1757063830706,1,3582.965,-8.05,-1.0106716886377902,SL,3.5787,2025-26,25.0
1757069157693,1,3582.915,17.085,2.158559696778269,TP,3858.633533333333,2025-26,25.0
1757301466400,1,3607.935,17.065,2.15059861373661,TP,338.63421666666665,2025-26,25.0
1757324704360,1,3632.865,17.135,2.178639542275906,TP,743.9633,2025-26,25.0
1757381965106,1,3657.935,-8.046,-1.0139886578449906,SL,25.599116666666667,2025-26,25.0
1757383539837,-1,3641.968,-8.057,-1.003112549800797,SL,38.22898333333333,2025-26,25.0
1757390180443,-1,3642.205,-7.91,-1.0147530468248878,SL,46.5015,2025-26,25.0
1757409914465,1,3657.822,-7.837,-1.0019176681155715,SL,42.1491,2025-26,25.0
1757412542607,-1,3641.845,-8.26,-1.0128755364806867,SL,0.7380166666666667,2025-26,25.0
1757414041182,-1,3642.138,17.138,2.1798524548460954,TP,445.9987,2025-26,25.0
1757443824142,1,3632.845,-7.86,-1.0019120458891013,SL,109.79425,2025-26,25.0
1757454776221,1,3632.865,17.135,2.178639542275906,TP,468.2483833333333,2025-26,25.0
1757493015022,1,3658.745,-8.78,-1.004002287021155,SL,3.7396166666666666,2025-26,25.0
1757494226050,-1,3642.165,-7.86,-1.0031908104658582,SL,41.585366666666665,2025-26,25.0
1757503445011,-1,3642.028,-7.987,-1.001881585549423,SL,179.785,2025-26,25.0
1757556578265,1,3632.852,-7.854,-1.0002547121752419,SL,69.48398333333333,2025-26,25.0
1757567708411,-1,3617.135,-8.13,-1.0336935791481245,SL,81.79843333333334,2025-26,25.0
1757576463120,-1,3617.215,-7.787,-1.000256904303147,SL,43.0451,2025-26,25.0
1757579403968,-1,3615.558,-10.224,-1.0828214361364117,SL,0.08335,2025-26,25.0
1757579433272,1,3633.985,-9.02,-1.0038953811908737,SL,47.304233333333336,2025-26,25.0
1757584372023,1,3632.825,17.175,2.194888178913738,TP,756.5555666666667,2025-26,25.0
1757652544482,-1,3642.135,-7.88,-1.0019071837253655,SL,88.90696666666666,2025-26,25.0
1757665390259,-1,3642.205,-7.85,-1.0070558050032072,SL,48.55016666666667,2025-26,25.0
1757675540185,-1,3642.185,-7.817,-1.000255918106206,SL,103.6371,2025-26,25.0
1757693402067,-1,3642.245,-7.907,-1.0196002578981302,SL,3879.98955,2025-26,25.0
1757929063271,1,3657.765,17.235,2.219575016097875,TP,136.50815,2025-26,25.0
1757943139676,1,3682.775,-7.9,-1.0160771704180065,SL,554.1824833333334,2025-26,25.0
1757979092270,1,3682.845,17.155,2.186743148502231,TP,645.5910166666666,2025-26,25.0
1758018564729,-1,3691.858,16.858,2.0704986489805943,TP,728.98265,2025-26,25.0
1758062941386,1,3682.855,-7.87,-1.0019096117122852,SL,202.6982,2025-26,25.0
1758079782913,-1,3667.128,-7.937,-1.0082571138211383,SL,312.47926666666666,2025-26,25.0
1758101852001,1,3682.785,-8.287,-1.0644829800899165,SL,263.59775,2025-26,25.0
1758117672071,-1,3662.554,-13.148,-1.0564036638277359,SL,0.35525,2025-26,25.0
1758117723272,1,3684.265,15.735,1.698327037236913,TP,6.395316666666667,2025-26,25.0
1758118190392,1,3708.085,-8.32,-1.0290661719233147,SL,1.3652166666666667,2025-26,25.0
1758118386695,-1,3692.108,17.108,2.1677648251393817,TP,19.78125,2025-26,25.0
1758119840859,-1,3666.725,-8.87,-1.0719033232628399,SL,3.28745,2025-26,25.0
1758120105563,-1,3666.865,16.865,2.073140749846343,TP,9.375066666666667,2025-26,25.0
1758121388131,1,3658.555,-9.11,-1.064874342489772,SL,10.103833333333334,2025-26,25.0
1758122253251,1,3657.985,-8.04,-1.0068879148403256,SL,636.9638666666667,2025-26,25.0
1758161119243,-1,3641.898,-8.144,-1.0051839052085905,SL,75.45086666666667,2025-26,25.0
1758166966292,1,3657.855,-7.861,-1.000763844684914,SL,348.73566666666665,2025-26,25.0
1758188362532,-1,3641.774,-8.251,-1.0030391441769997,SL,689.4122166666667,2025-26,25.0
1758232177482,-1,3642.195,-8.25,-1.057014734144779,SL,58.467533333333336,2025-26,25.0
1758240331224,1,3657.915,-7.97,-1.0069488313329122,SL,132.2265,2025-26,25.0
1758253927546,1,3657.835,-7.95,-1.0146777281429482,SL,26.020533333333333,2025-26,25.0
1758258299268,1,3657.855,-7.967,-1.014258434118396,SL,146.07353333333333,2025-26,25.0
1758274543481,1,3657.835,17.165,2.190810465858328,TP,106.75058333333334,2025-26,25.0
1758284715926,-1,3667.315,-7.95,-1.0344827586206897,SL,80.37063333333333,2025-26,25.0
1758508449998,1,3707.845,17.155,2.186743148502231,TP,169.29073333333332,2025-26,25.0
1758529210775,-1,3717.048,-8.087,-1.016976861167002,SL,41.88008333333333,2025-26,25.0
1758533668561,-1,3717.125,-8.0,-1.0158730158730158,SL,79.33116666666666,2025-26,25.0
1758540647326,1,3732.885,17.115,2.170577045022194,TP,555.8891166666667,2025-26,25.0
1758575761902,1,3757.895,-7.937,-1.0053198226725777,SL,10.943483333333333,2025-26,25.0
1758577274438,1,3757.952,-8.074,-1.0153420523138832,SL,24.184483333333333,2025-26,25.0
1758579192702,-1,3742.058,-7.947,-1.0006295643414758,SL,194.79868333333334,2025-26,25.0
1758591903547,1,3757.805,-7.83,-1.0032030749519538,SL,81.41463333333333,2025-26,25.0
1758601089193,1,3757.815,17.185,2.198976327575176,TP,42.2882,2025-26,25.0
1758604272493,1,3782.815,-8.5,-1.0876519513755598,SL,279.50831666666664,2025-26,25.0
1758621402616,1,3782.952,-8.037,-1.0106891348088531,SL,9.0031,2025-26,25.0
1758630982636,-1,3766.928,-8.094,-1.002725470763132,SL,5.033033333333333,2025-26,25.0
1758633755152,1,3782.825,-7.91,-1.0108626198083066,SL,88.53448333333333,2025-26,25.0
1758639318363,-1,3766.965,-8.04,-1.000622277535781,SL,640.7905833333333,2025-26,25.0
1758689366686,-1,3767.235,17.235,2.219575016097875,TP,364.70341666666667,2025-26,25.0
1758714711050,-1,3742.215,17.215,2.2113037893384715,TP,185.27573333333333,2025-26,25.0
1758729761467,1,3732.835,17.165,2.190810465858328,TP,252.54645,2025-26,25.0
1758748237556,-1,3742.075,-8.42,-1.0624605678233439,SL,387.4021,2025-26,25.0
1758773589830,1,3757.975,-7.98,-1.0006269592476489,SL,170.5817,2025-26,25.0
1758784329474,-1,3742.149,-7.866,-1.0019105846388996,SL,14.160766666666667,2025-26,25.0
1758789373553,-1,3742.135,17.135,2.178639542275906,TP,68.12278333333333,2025-26,25.0
1758794358566,1,3732.805,-7.81,-1.0006406149903908,SL,9.422783333333333,2025-26,25.0
1758795610377,1,3732.965,-8.047,-1.0102950408035154,SL,20.012916666666666,2025-26,25.0
1758797856224,1,3733.075,16.925,2.0959752321981426,TP,211.55703333333332,2025-26,25.0
1758811263677,1,3757.755,-7.76,-1.0006447453255964,SL,51.2504,2025-26,25.0
1758827807893,-1,3742.165,-8.22,-1.0491384811742182,SL,103.21706666666667,2025-26,25.0
1758835047324,-1,3742.158,-8.017,-1.0223157357816883,SL,296.07376666666664,2025-26,25.0
1758855500994,-1,3742.248,-7.757,-1.0006449948400413,SL,67.10386666666666,2025-26,25.0
1758877590751,1,3757.902,17.098,2.1637560111364214,TP,69.32835,2025-26,25.0
1758882367057,1,3782.885,-7.9,-1.0019023462270134,SL,17.784533333333332,2025-26,25.0
1758894004372,1,3782.865,-7.89,-1.003178639542276,SL,30.47915,2025-26,25.0
1758901666031,-1,3767.185,-7.86,-1.0057581573896353,SL,3150.3452,2025-26,25.0
1759092118280,1,3782.755,-7.94,-1.0238555770470663,SL,31.8352,2025-26,25.0
1759097368232,1,3782.852,17.148,2.183902190524707,TP,140.74575,2025-26,25.0
1759106951903,1,3807.965,17.035,2.138731952291274,TP,406.0726666666667,2025-26,25.0
1759134465395,-1,3817.165,-7.99,-1.0197830248883217,SL,66.64001666666667,2025-26,25.0
1759141205562,-1,3817.125,-8.01,-1.0171428571428571,SL,5.14745,2025-26,25.0
1759143874702,1,3832.755,-7.8,-1.0058027079303675,SL,3.9837666666666665,2025-26,25.0
1759146455748,1,3832.805,-7.95,-1.0185778347213326,SL,100.06541666666666,2025-26,25.0
1759164836908,1,3832.785,17.215,2.2113037893384715,TP,282.51796666666667,2025-26,25.0
1759188365478,1,3857.762,-7.797,-1.004509147127029,SL,240.41348333333335,2025-26,25.0
1759204531829,-1,3842.195,17.195,2.2030749519538757,TP,27.0898,2025-26,25.0
1759206408421,1,3833.122,-8.207,-1.0104654026101945,SL,2.9435166666666666,2025-26,25.0
1759206706905,-1,3816.965,16.965,2.1113876789047916,TP,41.085683333333336,2025-26,25.0
1759213287985,1,3807.891,17.109,2.168166265365606,TP,203.52731666666668,2025-26,25.0
1759226770188,1,3832.845,17.155,2.186743148502231,TP,17.04843333333333,2025-26,25.0
1759230437113,-1,3842.245,-7.8,-1.0058027079303675,SL,234.87225,2025-26,25.0
1759247535954,1,3857.765,17.235,2.219575016097875,TP,377.0412,2025-26,25.0
1759270497904,-1,3867.075,-7.97,-1.0056782334384857,SL,333.37745,2025-26,25.0
1759291401317,1,3882.835,-7.87,-1.0044671346522016,SL,277.53613333333334,2025-26,25.0
1759308943582,-1,3867.128,-7.977,-1.0133384146341464,SL,35.77206666666667,2025-26,25.0
1759315655116,-1,3867.025,-8.15,-1.0219435736677116,SL,12.764233333333333,2025-26,25.0
1759317126708,-1,3867.065,-7.95,-1.001890359168242,SL,965.00915,2025-26,25.0
1759386095518,1,3882.902,-7.917,-1.0018982536066818,SL,209.10908333333333,2025-26,25.0
1759400217165,-1,3867.158,17.158,2.1879622545269064,TP,20.306266666666666,2025-26,25.0
1759401608411,-1,3842.175,17.175,2.194888178913738,TP,57.44335,2025-26,25.0
1759405381066,1,3832.842,17.158,2.1879622545269064,TP,187.18008333333333,2025-26,25.0
1759441519918,1,3857.855,-7.87,-1.0019096117122852,SL,52.6493,2025-26,25.0
1759447266021,-1,3842.155,-7.85,-1.0006373486297004,SL,112.74351666666666,2025-26,25.0
1759455115040,1,3857.752,17.248,2.224974200206398,TP,449.41743333333335,2025-26,25.0
1759483347882,1,3882.845,-7.92,-1.0095602294455066,SL,9.515533333333334,2025-26,25.0
1759484075854,1,3882.792,-8.217,-1.0545431211498972,SL,34.32046666666667,2025-26,25.0
1759486479208,-1,3867.035,-7.99,-1.0031387319522913,SL,1.8248333333333333,2025-26,25.0
1759490513081,1,3882.802,17.198,2.204306588054345,TP,3337.9791833333334,2025-26,25.0
1759690961444,1,3908.082,-8.134,-1.0064340509774807,SL,70.08825,2025-26,25.0
1759698759293,1,3907.855,17.145,2.1826861871419476,TP,118.93818333333333,2025-26,25.0
1759709167847,1,3932.825,-7.887,-1.007923322683706,SL,120.0466,2025-26,25.0
1759718860637,1,3932.855,17.145,2.1826861871419476,TP,446.65181666666666,2025-26,25.0
1759747367110,1,3957.765,-7.99,-1.028976175144881,SL,27.48325,2025-26,25.0
1759749328702,1,3957.925,-8.0,-1.0094637223974763,SL,6.608083333333333,2025-26,25.0
1759751059974,1,3957.775,-7.82,-1.0057877813504823,SL,28.760283333333334,2025-26,25.0
1759755969618,1,3957.875,17.125,2.1746031746031744,TP,320.01661666666666,2025-26,25.0
1759776014101,-1,3967.098,-7.917,-1.0018982536066818,SL,100.9509,2025-26,25.0
1759783390855,-1,3967.045,-7.97,-1.0018856065367694,SL,188.7864,2025-26,25.0
1759799491765,-1,3967.155,17.155,2.186743148502231,TP,128.80805,2025-26,25.0
1759809963757,-1,3942.045,-8.307,-1.0442489000628536,SL,13.221366666666666,2025-26,25.0
1759814003815,1,3957.835,17.165,2.190810465858328,TP,216.33228333333332,2025-26,25.0
1759827774062,1,3982.885,-7.89,-1.0006341154090044,SL,30.77695,2025-26,25.0
1759833246916,1,3982.835,-7.84,-1.0006381620931717,SL,66.01966666666667,2025-26,25.0
1759837614851,-1,3967.108,-8.227,-1.0424480486568677,SL,20.134816666666666,2025-26,25.0
1759839208070,-1,3967.155,-7.86,-1.0019120458891013,SL,22.120866666666668,2025-26,25.0
1759842593587,1,3982.802,-7.827,-1.0032043065880543,SL,53.44701666666667,2025-26,25.0
1759846486992,1,3982.775,17.225,2.215434083601286,TP,465.2103,2025-26,25.0
1759877395605,1,4007.835,17.165,2.190810465858328,TP,123.41476666666667,2025-26,25.0
1759886632567,1,4032.935,-7.947,-1.0015122873345936,SL,53.015766666666664,2025-26,25.0
1759891769270,1,4032.865,17.135,2.178639542275906,TP,496.27643333333333,2025-26,25.0
1759922010016,-1,4042.085,-7.95,-1.0044219835754895,SL,57.842166666666664,2025-26,25.0
1759926786003,1,4057.935,-7.967,-1.0040327662255828,SL,55.6583,2025-26,25.0
1759932805080,-1,4042.235,-7.78,-1.0019317450096588,SL,23.838366666666666,2025-26,25.0
1759936009780,-1,4041.958,16.958,2.108679432976871,TP,182.5779,2025-26,25.0
1759950069590,-1,4017.065,-8.16,-1.0283553875236295,SL,81.44055,2025-26,25.0
1759957292779,-1,4016.998,-8.097,-1.011872031992002,SL,17.15655,2025-26,25.0
1759958868546,1,4033.005,-8.04,-1.004372267332917,SL,21.994616666666666,2025-26,25.0
1759960712653,-1,4017.048,-8.004,-1.006539235412475,SL,72.96995,2025-26,25.0
1759968751163,1,4032.895,-7.91,-1.0018999366687777,SL,156.1482,2025-26,25.0
1759979277628,1,4032.805,-7.807,-1.0002562459961564,SL,7.59075,2025-26,25.0
1759981596696,1,4032.795,17.205,2.207184092366902,TP,308.41035,2025-26,25.0
1760001057795,1,4057.902,-7.907,-1.0006327512022273,SL,5.72635,2025-26,25.0
1760001899195,1,4057.865,-8.56,-1.0883661792752701,SL,9.573483333333334,2025-26,25.0
1760003999811,-1,4016.725,-8.51,-1.0283987915407855,SL,2.38015,2025-26,25.0
1760005284892,-1,4016.998,-8.104,-1.012746813296676,SL,31.259483333333332,2025-26,25.0
1760009389049,-1,4017.005,17.005,2.1269543464665417,TP,65.14646666666667,2025-26,25.0
1760013352454,-1,3991.689,16.689,2.0080616051016724,TP,17.613966666666666,2025-26,25.0
1760014546495,-1,3966.708,-8.367,-1.0090448625180897,SL,5.260466666666667,2025-26,25.0
1760015882748,1,3958.022,-8.077,-1.006856145599601,SL,38.46938333333333,2025-26,25.0
1760018809735,1,3958.495,16.505,1.942907592701589,TP,74.37253333333334,2025-26,25.0
1760033455586,-1,3966.525,-8.53,-1.0064896755162243,SL,9.617166666666666,2025-26,25.0
1760037913092,1,3982.865,-7.89,-1.003178639542276,SL,131.68916666666667,2025-26,25.0
1760048106298,1,3983.052,-8.067,-1.0018628912071534,SL,47.576283333333336,2025-26,25.0
1760052398031,-1,3966.859,16.859,2.0708758137820906,TP,48.17026666666667,2025-26,25.0
1760055688910,1,3957.902,17.098,2.1637560111364214,TP,56.63093333333333,2025-26,25.0
1760060195196,-1,3966.985,-8.05,-1.0043668122270741,SL,8.343533333333333,2025-26,25.0
1760064674431,-1,3967.098,-7.934,-1.0040496076942547,SL,66.2795,2025-26,25.0
1760069360546,1,3982.862,17.138,2.1798524548460954,TP,63.81466666666667,2025-26,25.0
1760073553151,-1,3992.145,-7.91,-1.0070019096117122,SL,22.514533333333333,2025-26,25.0
1760076652899,-1,3992.125,-7.927,-1.0066031746031745,SL,19.948183333333333,2025-26,25.0
1760081622813,-1,3992.185,17.185,2.198976327575176,TP,146.87441666666666,2025-26,25.0
1760091006463,1,3982.895,17.105,2.1665611146295123,TP,55.68711666666667,2025-26,25.0
1760097764134,-1,3992.115,-8.06,-1.0221940393151554,SL,135.504,2025-26,25.0
1760106224140,1,4007.875,-7.957,-1.0104126984126984,SL,7.7469833333333336,2025-26,25.0
1760109643990,1,4007.805,17.195,2.2030749519538757,TP,3040.905816666667,2025-26,25.0
1760292179137,-1,4016.148,-8.854,-1.000225937641211,SL,9.49395,2025-26,25.0
1760293382239,1,4033.232,16.768,2.0369290573372205,TP,41.48181666666667,2025-26,25.0
1760296106363,1,4058.132,-8.337,-1.0252090506640432,SL,5.621433333333333,2025-26,25.0
1760296455725,-1,4040.365,-10.32,-1.0710949662688116,SL,0.8603666666666666,2025-26,25.0
1760297676765,-1,4041.748,16.748,2.0295685894328646,TP,47.68815,2025-26,25.0
1760300593777,1,4033.345,16.655,1.9958058717795086,TP,16.334966666666666,2025-26,25.0
1760301898218,1,4058.095,-8.877,-1.096602841260037,SL,2.1719166666666667,2025-26,25.0
1760302801314,-1,4041.925,-8.127,-1.0064396284829722,SL,9.768416666666667,2025-26,25.0
1760303740634,-1,4041.955,-8.09,-1.0055935363579864,SL,23.125233333333334,2025-26,25.0
1760309662668,-1,4041.885,-8.12,-1.0006161429451632,SL,9.18265,2025-26,25.0
1760315570426,1,4058.225,16.775,2.0395136778115504,TP,60.16975,2025-26,25.0
1760320583386,-1,4066.998,-8.037,-1.0043739065233692,SL,88.15981666666667,2025-26,25.0
1760338255731,1,4082.792,-7.794,-1.0002566735112937,SL,59.47441666666667,2025-26,25.0
1760343940171,1,4082.835,17.165,2.190810465858328,TP,142.22215,2025-26,25.0
1760353730517,-1,4092.198,-7.827,-1.0032043065880543,SL,7.581283333333333,2025-26,25.0
1760356911610,1,4107.815,-7.867,-1.0066538707613564,SL,111.0723,2025-26,25.0
1760365615773,1,4107.745,-7.76,-1.0019367333763718,SL,29.24495,2025-26,25.0
1760368049227,-1,4092.035,-8.017,-1.0065285624607658,SL,4.748116666666666,2025-26,25.0
1760370801611,1,4107.835,17.165,2.190810465858328,TP,221.33318333333332,2025-26,25.0
1760389848976,1,4132.925,17.075,2.1545741324921135,TP,118.53313333333334,2025-26,25.0
1760405797539,-1,4166.875,16.875,2.076923076923077,TP,1.87365,2025-26,25.0
1760405986094,-1,4141.835,-8.23,-1.0079608083282303,SL,0.44508333333333333,2025-26,25.0
1760406084883,-1,4141.645,16.645,1.9922202274087373,TP,3.4421,2025-26,25.0
1760406536989,-1,4116.675,-9.16,-1.1003003003003002,SL,1.5689833333333334,2025-26,25.0
1760406851965,1,4133.071,-8.316,-1.0303555941023417,SL,1.8206666666666667,2025-26,25.0
1760406993711,-1,4116.519,-8.562,-1.0095507605235232,SL,5.568416666666667,2025-26,25.0
1760407416332,1,4133.181,-8.183,-1.0002444688913337,SL,1.1482,2025-26,25.0
1760407562688,-1,4116.695,-8.38,-1.009030704394943,SL,2.3846666666666665,2025-26,25.0
1760408046254,-1,4116.798,16.798,2.0480370641306997,TP,8.840933333333334,2025-26,25.0
1760408629994,-1,4091.495,-9.057,-1.0649029982363316,SL,0.6278,2025-26,25.0
1760408755123,1,4108.111,-8.116,-1.000616446800641,SL,16.778016666666666,2025-26,25.0
1760409957905,-1,4091.658,-8.383,-1.0049148885159433,SL,4.060483333333333,2025-26,25.0
1760410402375,1,4108.141,16.859,2.0708758137820906,TP,33.39358333333333,2025-26,25.0
1760412747437,-1,4116.895,-8.33,-1.0277606415792722,SL,3.26055,2025-26,25.0
1760414913503,1,4132.905,-8.25,-1.0436432637571158,SL,107.84951666666667,2025-26,25.0
1760422841843,1,4132.885,-8.02,-1.01712111604312,SL,122.20798333333333,2025-26,25.0
1760430326661,-1,4117.125,17.125,2.1746031746031744,TP,35.54833333333333,2025-26,25.0
1760432715376,1,4107.825,-7.99,-1.0210862619808307,SL,1.0522666666666667,2025-26,25.0
1760433157789,1,4108.215,16.785,2.0432136335970785,TP,29.081483333333335,2025-26,25.0
1760435500266,-1,4117.048,-8.007,-1.0069164989939638,SL,7.373083333333334,2025-26,25.0
1760436618801,1,4132.915,17.085,2.158559696778269,TP,159.03788333333333,2025-26,25.0
1760446749099,-1,4142.165,-7.86,-1.0031908104658582,SL,8.472116666666667,2025-26,25.0
1760447829157,-1,4141.898,-8.187,-1.0104912367316712,SL,7.604816666666666,2025-26,25.0
1760456185521,-1,4142.205,-7.847,-1.0066709429121232,SL,155.21953333333335,2025-26,25.0
1760465690853,1,4158.125,-8.4,-1.0338461538461539,SL,17.18785,2025-26,25.0
1760476356790,1,4182.952,-8.154,-1.0254024144869216,SL,7.227316666666667,2025-26,25.0
1760477091705,1,4183.052,-8.104,-1.0064580228514655,SL,65.88643333333333,2025-26,25.0
1760481206487,-1,4166.935,-8.09,-1.0030998140111593,SL,4.643833333333333,2025-26,25.0
1760483407714,1,4182.852,-7.854,-1.0002547121752419,SL,75.3584,2025-26,25.0
1760490429919,1,4182.992,17.008,2.1281281281281283,TP,111.98686666666667,2025-26,25.0
1760499520889,1,4208.125,-8.257,-1.0162461538461538,SL,97.02738333333333,2025-26,25.0
1760505566229,-1,4191.995,16.995,2.1230480949406623,TP,1.8686333333333334,2025-26,25.0
1760505733566,1,4183.625,16.375,1.8985507246376812,TP,50.58891666666667,2025-26,25.0
1760510609483,-1,4192.135,-7.88,-1.0019071837253655,SL,9.873533333333333,2025-26,25.0
1760516100805,-1,4191.685,-9.466,-1.1384245339747445,SL,106.35693333333333,2025-26,25.0
1760523054747,1,4207.922,-7.937,-1.0018934612471597,SL,25.01795,2025-26,25.0
1760525779444,-1,4191.945,-8.117,-1.0076970825574179,SL,3.5366333333333335,2025-26,25.0
1760528052267,-1,4192.148,-7.907,-1.0070045848191544,SL,82.65871666666666,2025-26,25.0
1760533880938,-1,4191.865,-8.15,-1.0018438844499078,SL,49.1299,2025-26,25.0
1760541489134,1,4207.852,-8.277,-1.05412633723892,SL,177.64985,2025-26,25.0
1760552309288,1,4208.115,16.885,2.0807147258163896,TP,132.14821666666666,2025-26,25.0
1760561311714,-1,4217.095,-7.905,-1.0,SL,38.970483333333334,2025-26,25.0
1760564537689,1,4232.952,-8.677,-1.091172032193159,SL,6.402466666666666,2025-26,25.0
1760565720732,1,4233.072,-8.284,-1.0262636273538157,SL,192.66268333333332,2025-26,25.0
1760578244864,-1,4217.192,-7.973,-1.0211321721311475,SL,44.96451666666667,2025-26,25.0
1760582794393,-1,4217.195,-7.82,-1.0019218449711724,SL,13.868516666666666,2025-26,25.0
1760584650779,1,4232.992,-8.077,-1.0106356356356356,SL,129.27425,2025-26,25.0
1760594005692,1,4232.822,17.178,2.196113525952442,TP,163.8171,2025-26,25.0
1760603945199,-1,4242.095,-8.05,-1.0183428209993675,SL,40.68281666666667,2025-26,25.0
1760607761779,1,4257.845,-8.4,-1.0707456978967496,SL,12.955933333333334,2025-26,25.0
1760609009773,1,4257.822,17.178,2.196113525952442,TP,110.00808333333333,2025-26,25.0
1760617020527,1,4283.102,-8.137,-1.0043199210071587,SL,18.280683333333332,2025-26,25.0
1760618359341,-1,4267.125,-8.27,-1.05015873015873,SL,6.759516666666666,2025-26,25.0
1760619411364,1,4283.045,-8.17,-1.0155376009944064,SL,79.52851666666666,2025-26,25.0
1760624283187,1,4283.235,16.765,2.0358227079538556,TP,95.5211,2025-26,25.0
1760630077024,1,4307.805,17.195,2.2030749519538757,TP,54.21718333333333,2025-26,25.0
1760637626876,1,4333.592,16.408,1.909683426443203,TP,9.013266666666667,2025-26,25.0
1760638208983,1,4358.152,-8.377,-1.0276005888125614,SL,4.642883333333334,2025-26,25.0
1760638596442,1,4358.052,16.948,2.1048186785891705,TP,2.6460166666666667,2025-26,25.0
1760638811094,-1,4366.448,16.448,1.923292797006548,TP,15.0604,2025-26,25.0
1760639910077,1,4358.602,-8.604,-1.0002325040688211,SL,14.292083333333334,2025-26,25.0
1760641281076,-1,4341.285,-8.77,-1.006310958118187,SL,3.3046,2025-26,25.0
1760641623468,1,4358.252,-8.804,-1.0668928744546777,SL,5.46025,2025-26,25.0
1760642214139,1,4358.052,-8.304,-1.0312965722801788,SL,20.208266666666667,2025-26,25.0
1760644452866,-1,4366.368,16.368,1.8962001853568118,TP,69.22463333333333,2025-26,25.0
1760649038927,1,4357.895,-8.23,-1.0424319189360354,SL,2.8211333333333335,2025-26,25.0
1760649386303,-1,4341.848,16.848,2.0667320902845927,TP,1.7087333333333334,2025-26,25.0
1760649502195,1,4333.205,-8.57,-1.04448507007922,SL,14.290016666666666,2025-26,25.0
1760650696273,-1,4316.978,16.978,2.1164298180004986,TP,5.015016666666667,2025-26,25.0
1760651272544,1,4308.305,-8.34,-1.00421432871764,SL,0.6166333333333334,2025-26,25.0
1760651507696,-1,4291.788,-8.214,-1.0002435460301997,SL,0.6980333333333333,2025-26,25.0
1760651810358,-1,4291.735,-8.28,-1.0018148820326678,SL,1.3192666666666666,2025-26,25.0
1760651920056,1,4308.635,16.365,1.8951939779965257,TP,2.729,2025-26,25.0
1760652601384,1,4333.565,-8.917,-1.0410974897840046,SL,6.31055,2025-26,25.0
1760653794804,1,4332.915,17.085,2.158559696778269,TP,38.56256666666667,2025-26,25.0
1760656324570,1,4358.025,16.975,2.115264797507788,TP,50.63591666666667,2025-26,25.0
1760660184305,-1,4366.955,-8.08,-1.0043505282784337,SL,42.32938333333333,2025-26,25.0
1760662939830,-1,4367.045,17.045,2.1426775612822127,TP,30.258333333333333,2025-26,25.0
1760664788236,-1,4341.985,-8.017,-1.0002495321272613,SL,0.36573333333333335,2025-26,25.0
1760664929073,1,4357.865,-8.061,-1.0249205340114431,SL,58.201816666666666,2025-26,25.0
1760668578774,1,4357.915,-8.22,-1.038534428300695,SL,42.665483333333334,2025-26,25.0
1760671196724,-1,4342.035,17.035,2.138731952291274,TP,0.5043166666666666,2025-26,25.0
1760671228972,-1,4313.609,-11.552,-1.0141339654112895,SL,0.06805,2025-26,25.0
1760671249161,1,4333.565,-8.71,-1.0169293636894337,SL,1.9022166666666667,2025-26,25.0
1760671385635,1,4333.435,16.565,1.963841138114997,TP,2.7407,2025-26,25.0
1760671639449,-1,4340.645,-9.496,-1.0150721539283805,SL,10.819433333333333,2025-26,25.0
1760674288647,1,4332.952,-8.057,-1.0132042253521127,SL,146.54551666666666,2025-26,25.0
1760683444674,1,4332.875,-7.91,-1.0044444444444445,SL,28.99513333333333,2025-26,25.0
1760685200170,-1,4316.355,-8.907,-1.0303065355696934,SL,2.0989666666666666,2025-26,25.0
1760685612265,1,4332.895,-8.92,-1.12982900569981,SL,5.55875,2025-26,25.0
1760686253911,-1,4317.198,17.198,2.204306588054345,TP,25.16405,2025-26,25.0
1760688695753,1,4307.975,-8.1,-1.0156739811912225,SL,9.102,2025-26,25.0
1760689501080,-1,4291.895,-8.49,-1.0475015422578655,SL,1.5114666666666667,2025-26,25.0
1760689823494,-1,4292.045,-8.317,-1.0455059710873664,SL,1.48135,2025-26,25.0
1760690056971,1,4307.991,-8.476,-1.0606932799399325,SL,58.00318333333333,2025-26,25.0
1760693640068,-1,4292.145,17.145,2.1826861871419476,TP,1.5735166666666667,2025-26,25.0
1760693785723,-1,4266.455,-8.566,-1.0024575775307196,SL,0.2956666666666667,2025-26,25.0
1760693988496,1,4283.041,-8.056,-1.0018654396219375,SL,19.522516666666668,2025-26,25.0
1760695271162,-1,4266.885,16.885,2.0807147258163896,TP,2.11605,2025-26,25.0
1760695408473,-1,4241.035,-8.97,-1.0005577244841048,SL,0.33675,2025-26,25.0
1760695481415,-1,4241.739,16.739,2.0262680062946377,TP,1.2272333333333334,2025-26,25.0
1760695557995,1,4233.181,16.819,2.0558611416697223,TP,5.23115,2025-26,25.0
1760695983146,-1,4241.669,16.669,2.0008402352658745,TP,1.5792166666666667,2025-26,25.0
1760696084048,-1,4216.645,-8.56,-1.0245362058647516,SL,0.29691666666666666,2025-26,25.0
1760696340166,1,4233.302,-8.684,-1.046013008913515,SL,2.780283333333333,2025-26,25.0
1760696572653,-1,4216.929,-8.972,-1.1116342460661628,SL,0.46565,2025-26,25.0
1760696744720,1,4233.085,16.915,2.0921459492888066,TP,13.231566666666666,2025-26,25.0
1760698048796,1,4258.055,-8.207,-1.0188702669149596,SL,10.250516666666666,2025-26,25.0
1760698908699,1,4258.005,-8.08,-1.009369144284822,SL,3.73025,2025-26,25.0
1760699649109,-1,4242.095,-8.257,-1.0445287792536369,SL,17.153366666666667,2025-26,25.0
1760700911523,1,4258.002,-8.024,-1.002749312671832,SL,11.634933333333333,2025-26,25.0
1760701851916,-1,4242.175,17.175,2.194888178913738,TP,34.5982,2025-26,25.0
1760704165948,-1,4217.055,17.055,2.146633102580239,TP,33.16623333333333,2025-26,25.0
1760706588939,-1,4191.885,-8.15,-1.004313000616143,SL,1.08955,2025-26,25.0
1760707356180,1,4208.005,-8.07,-1.0081199250468458,SL,6.399466666666667,2025-26,25.0
1760708124524,1,4207.985,17.015,2.1308703819661865,TP,7.1188666666666665,2025-26,25.0
1760708726675,-1,4217.188,-8.237,-1.0544034818228367,SL,1.3277833333333333,2025-26,25.0
1760710007140,1,4233.065,-8.1,-1.004339739615623,SL,67.21136666666666,2025-26,25.0
1760714345150,-1,4217.065,-8.287,-1.0443604284814114,SL,12.385833333333334,2025-26,25.0
1760716876319,1,4233.152,-8.207,-1.0067468105986261,SL,3.46255,2025-26,25.0
1760717255366,1,4233.152,16.848,2.0667320902845927,TP,49.13195,2025-26,25.0
1760896838868,-1,4241.715,-8.537,-1.0304164152082076,SL,0.6616166666666666,2025-26,25.0
1760896977564,1,4258.652,-13.067,-1.5102866389274157,SL,30.6207,2025-26,25.0
1760899383196,1,4258.132,-8.154,-1.0027053615346777,SL,23.21705,2025-26,25.0
1760901376046,-1,4241.078,16.078,1.8020623178659494,TP,61.887616666666666,2025-26,25.0
1760905200142,1,4232.775,-7.9,-1.0160771704180065,SL,5.957233333333333,2025-26,25.0
1760906212989,1,4234.545,15.455,1.6191723415400734,TP,19.632066666666667,2025-26,25.0
1760907641603,-1,4242.179,-7.976,-1.0198184375399566,SL,11.46585,2025-26,25.0
1760908566793,1,4257.885,-8.04,-1.0196575776791377,SL,6.066466666666667,2025-26,25.0
1760909208654,1,4258.031,-8.102,-1.0088407421242684,SL,128.48468333333332,2025-26,25.0
1760917663911,1,4258.015,-8.046,-1.0038677479725515,SL,94.75681666666667,2025-26,25.0
1760923800745,1,4257.925,-8.037,-1.0141324921135646,SL,8.816016666666666,2025-26,25.0
1760925345593,-1,4241.995,16.995,2.1230480949406623,TP,34.554766666666666,2025-26,25.0
1760927643204,1,4233.235,16.765,2.0358227079538556,TP,37.442366666666665,2025-26,25.0
1760930207966,1,4257.931,-8.006,-1.009456562854621,SL,170.00823333333332,2025-26,25.0
1760940987799,1,4257.885,17.115,2.170577045022194,TP,102.68928333333334,2025-26,25.0
1760948037744,1,4282.815,17.185,2.198976327575176,TP,19.161383333333333,2025-26,25.0
1760951010594,-1,4317.055,-8.01,-1.0081812460667086,SL,7.313166666666667,2025-26,25.0
1760951751782,-1,4317.119,17.119,2.17218627077782,TP,43.77173333333333,2025-26,25.0
1760954901003,1,4307.885,17.115,2.170577045022194,TP,11.8975,2025-26,25.0
1760956528568,-1,4316.715,-8.34,-1.0066385033192518,SL,1.8295833333333333,2025-26,25.0
1760957224303,1,4333.275,16.725,2.0211480362537766,TP,29.494566666666667,2025-26,25.0
1760959539473,-1,4342.245,-7.8,-1.0058027079303675,SL,11.91385,2025-26,25.0
1760966267774,-1,4342.085,-7.93,-1.001895135818067,SL,5.222766666666667,2025-26,25.0
1760966956060,-1,4342.085,-7.93,-1.001895135818067,SL,56.207683333333335,2025-26,25.0
1760970589623,1,4357.892,17.108,2.1677648251393817,TP,85.93173333333333,2025-26,25.0
1760976137138,-1,4367.198,17.198,2.204306588054345,TP,15.002233333333333,2025-26,25.0
1760977368904,1,4357.925,-7.94,-1.0018927444794952,SL,9.196983333333334,2025-26,25.0
1760978486231,1,4357.761,17.239,2.2212343770132716,TP,103.04793333333333,2025-26,25.0
1760985169602,-1,4366.948,16.948,2.1048186785891705,TP,173.63298333333333,2025-26,25.0
1760995845274,-1,4342.095,-8.2,-1.0373181530676787,SL,12.315133333333334,2025-26,25.0
1760996948171,-1,4341.888,-8.124,-1.0014792899408285,SL,3.687316666666667,2025-26,25.0
1760998187009,-1,4342.155,-7.96,-1.0146590184831104,SL,8.477333333333334,2025-26,25.0
1760999713571,-1,4342.075,-7.94,-1.0018927444794952,SL,54.65526666666667,2025-26,25.0
1761006186887,-1,4342.185,17.185,2.198976327575176,TP,69.68226666666666,2025-26,25.0
1761010713624,-1,4316.965,-8.197,-1.0201617921593031,SL,1.3192666666666666,2025-26,25.0
1761012177173,-1,4317.258,-7.767,-1.0032291397571687,SL,3.5322,2025-26,25.0
1761014495178,1,4332.985,-8.22,-1.029430181590482,SL,46.43706666666667,2025-26,25.0
1761017597220,-1,4316.905,16.905,2.0883261272390365,TP,2.3022833333333335,2025-26,25.0
1761019358444,-1,4291.895,16.895,2.0845157310302285,TP,1.5465,2025-26,25.0
1761019970356,-1,4266.685,16.685,2.006614552014432,TP,1.76645,2025-26,25.0
1761020139281,1,4257.902,17.098,2.1637560111364214,TP,45.002066666666664,2025-26,25.0
1761023125155,-1,4267.015,-8.2,-1.0269254852849092,SL,27.278783333333333,2025-26,25.0
1761025108650,-1,4267.145,17.145,2.1826861871419476,TP,37.993916666666664,2025-26,25.0
1761027690643,1,4257.925,-7.95,-1.003154574132492,SL,94.51685,2025-26,25.0
1761033752715,1,4257.991,-8.073,-1.0102615442372669,SL,6.356233333333333,2025-26,25.0
1761034241963,-1,4242.035,17.035,2.138731952291274,TP,0.14703333333333332,2025-26,25.0
1761034266135,1,4233.001,-8.026,-1.003124609423822,SL,0.5199166666666667,2025-26,25.0
1761034458559,-1,4216.365,-8.65,-1.0017371163867979,SL,0.6205833333333334,2025-26,25.0
1761034795008,1,4232.945,-7.956,-1.0013845185651353,SL,1.5626,2025-26,25.0
1761035633438,-1,4217.005,-8.23,-1.0293933708567855,SL,7.031366666666667,2025-26,25.0
1761036207330,-1,4216.958,16.958,2.108679432976871,TP,18.169533333333334,2025-26,25.0
1761037579256,1,4207.865,-8.03,-1.020979020979021,SL,2.7324333333333333,2025-26,25.0
1761037928013,-1,4192.095,-7.946,-1.0051865907653383,SL,3.83165,2025-26,25.0
1761038493419,1,4207.952,-8.204,-1.0316901408450705,SL,4.7097,2025-26,25.0
1761039047937,-1,4191.975,-8.22,-1.0242990654205608,SL,0.6881,2025-26,25.0
1761039371808,1,4207.815,17.185,2.198976327575176,TP,3.06445,2025-26,25.0
1761039641493,-1,4217.175,17.175,2.194888178913738,TP,5.913983333333333,2025-26,25.0
1761040064238,-1,4191.909,16.909,2.089852923000865,TP,0.5930833333333333,2025-26,25.0
1761040111138,1,4183.055,-8.116,-1.0075729360645562,SL,0.5591666666666667,2025-26,25.0
1761040190428,1,4183.081,-8.222,-1.0174483356020294,SL,0.78985,2025-26,25.0
1761040953773,-1,4166.315,-9.11,-1.0489349453080024,SL,2.2904833333333334,2025-26,25.0
1761041178267,1,4183.995,-9.157,-1.0180100055586436,SL,1.8117166666666666,2025-26,25.0
1761041470720,1,4183.145,-8.196,-1.0062615101289134,SL,0.6344166666666666,2025-26,25.0
1761041574664,1,4183.025,-8.43,-1.050467289719626,SL,0.52405,2025-26,25.0
1761041930214,-1,4166.915,16.915,2.0921459492888066,TP,5.771516666666667,2025-26,25.0
1761042387396,1,4157.981,-7.996,-1.0018794637263502,SL,1.6963666666666666,2025-26,25.0
1761042514085,-1,4141.795,16.795,2.0469226081657528,TP,2.1853,2025-26,25.0
1761042656608,1,4133.472,-8.547,-1.0088526912181304,SL,0.3410666666666667,2025-26,25.0
1761042742570,1,4133.102,-8.107,-1.0006171315724512,SL,0.69215,2025-26,25.0
1761042829383,1,4133.605,-8.97,-1.042417199302731,SL,3.61585,2025-26,25.0
1761043137511,-1,4116.635,16.635,1.9886431560071727,TP,4.767333333333333,2025-26,25.0
1761043519863,-1,4091.479,-9.272,-1.088135195399601,SL,1.1263,2025-26,25.0
1761043612488,1,4109.605,15.395,1.6028110359187924,TP,10.248966666666666,2025-26,25.0
1761044351976,1,4133.265,-8.646,-1.046098003629764,SL,3.7646166666666665,2025-26,25.0
1761044850180,1,4132.935,17.065,2.15059861373661,TP,4.4655,2025-26,25.0
1761045245817,-1,4142.295,17.295,2.244646333549643,TP,7.303833333333333,2025-26,25.0
1761045877192,1,4133.065,-8.117,-1.0064476131432114,SL,5.1802,2025-26,25.0
1761046269672,1,4132.905,-8.04,-1.01707779886148,SL,1.2332,2025-26,25.0
1761046927650,1,4133.065,-8.217,-1.0188468691878487,SL,30.1048,2025-26,25.0
1761049344860,-1,4116.855,-8.29,-1.0178023327194599,SL,31.161366666666666,2025-26,25.0
1761051410078,-1,4117.135,17.135,2.178639542275906,TP,30.66893333333333,2025-26,25.0
1761053518050,1,4107.985,17.015,2.1308703819661865,TP,65.79938333333334,2025-26,25.0
1761057746398,-1,4117.235,-7.79,-1.003219575016098,SL,98.99566666666666,2025-26,25.0
1761069719380,1,4133.121,-9.196,-1.132372860485162,SL,2.229,2025-26,25.0
1761069916002,-1,4116.815,-8.19,-1.0006108735491752,SL,16.722066666666667,2025-26,25.0
1761074094981,-1,4116.825,-9.07,-1.109480122324159,SL,13.68065,2025-26,25.0
1761076075230,-1,4117.055,17.055,2.146633102580239,TP,7.992,2025-26,25.0
1761076720488,-1,4091.279,16.279,1.8666437335167985,TP,3.6391,2025-26,25.0
1761077176967,-1,4041.058,-9.347,-1.0452918810109595,SL,0.17008333333333334,2025-26,25.0
1761077260036,-1,4041.498,-8.623,-1.014231945424606,SL,0.4763,2025-26,25.0
1761077346102,-1,4041.029,16.029,1.7867573291717758,TP,1.7376333333333334,2025-26,25.0
1761077690573,1,4034.335,15.665,1.678093197643278,TP,4.32945,2025-26,25.0
1761078052731,1,4058.402,-8.983,-1.069150202332778,SL,0.35938333333333333,2025-26,25.0
1761078214337,-1,4041.548,-8.504,-1.0061523899668718,SL,0.7571166666666667,2025-26,25.0
1761078659853,-1,4041.915,-8.18,-1.0117501546072976,SL,1.3261666666666667,2025-26,25.0
1761078853979,1,4058.352,16.648,1.9932950191570882,TP,1.3076833333333333,2025-26,25.0
1761079028637,1,4083.252,-8.967,-1.08664566165778,SL,0.8286166666666667,2025-26,25.0
1761079543126,1,4083.152,-8.263,-1.0136162904808637,SL,9.503816666666667,2025-26,25.0
1761080273371,-1,4066.925,-8.32,-1.0303405572755417,SL,0.31548333333333334,2025-26,25.0
1761080459132,-1,4066.739,-8.406,-1.0175523544365088,SL,0.7137666666666667,2025-26,25.0
1761080570149,1,4083.145,16.855,2.0693677102516883,TP,2.06675,2025-26,25.0
1761080772587,1,4108.215,-8.46,-1.0298234936092514,SL,15.473983333333333,2025-26,25.0
1761081802959,1,4108.185,-8.23,-1.0054978619425778,SL,2.9794833333333335,2025-26,25.0
1761082295127,1,4108.035,-8.2,-1.0205351586807716,SL,1.7133833333333333,2025-26,25.0
1761082567045,1,4107.852,-8.204,-1.0448293428425879,SL,2.27265,2025-26,25.0
1761082800394,-1,4090.918,-9.127,-1.0049548557586434,SL,3.2714,2025-26,25.0
1761083472783,-1,4092.048,-7.957,-1.000628772635815,SL,14.597733333333334,2025-26,25.0
1761084516333,1,4108.005,16.995,2.1230480949406623,TP,84.38621666666667,2025-26,25.0
1761089832723,1,4133.035,-8.616,-1.0723086496577474,SL,27.90105,2025-26,25.0
1761091885915,-1,4116.495,-8.72,-1.0252792475014698,SL,3.4326333333333334,2025-26,25.0
1761093291353,1,4133.081,-8.326,-1.0303180299467887,SL,12.892916666666666,2025-26,25.0
1761095042554,1,4133.152,16.848,2.0667320902845927,TP,93.05641666666666,2025-26,25.0
1761100991666,1,4157.752,-8.104,-1.045407636738906,SL,18.596316666666667,2025-26,25.0
1761102293717,-1,4142.158,17.158,2.1879622545269064,TP,57.7413,2025-26,25.0
1761105844545,-1,4117.099,17.099,2.1641564358941907,TP,7.84505,2025-26,25.0
1761106339741,-1,4091.848,16.848,2.0667320902845927,TP,2.96015,2025-26,25.0
1761106631328,-1,4067.248,-7.813,-1.0078689370485037,SL,1.25805,2025-26,25.0
1761106807159,1,4083.501,16.499,1.9408304905305258,TP,1.1271166666666668,2025-26,25.0
1761106986157,1,4108.195,-8.42,-1.0274557657107992,SL,3.9574333333333334,2025-26,25.0
1761108082970,-1,4091.905,16.905,2.0883261272390365,TP,17.70156666666667,2025-26,25.0
1761109262908,1,4083.075,16.925,2.0959752321981426,TP,7.80175,2025-26,25.0
1761109800707,-1,4090.195,15.195,1.5497195308516063,TP,2.935766666666667,2025-26,25.0
1761110021410,1,4083.382,-8.397,-1.0017895490336435,SL,1.2977833333333333,2025-26,25.0
1761110259069,-1,4066.975,-8.477,-1.0563239875389407,SL,0.7257,2025-26,25.0
1761110595534,-1,4066.648,-8.427,-1.0089798850574712,SL,3.2507333333333333,2025-26,25.0
1761111111405,1,4083.022,-9.177,-1.143979057591623,SL,1.1631833333333332,2025-26,25.0
1761111670215,-1,4066.689,-8.936,-1.0752015401275419,SL,21.996283333333334,2025-26,25.0
1761113118614,-1,4066.908,-8.127,-1.004325259515571,SL,8.8653,2025-26,25.0
1761114270028,1,4083.155,-8.4,-1.0300429184549356,SL,12.94895,2025-26,25.0
1761115054893,-1,4066.485,16.485,1.935995302407516,TP,4.057883333333334,2025-26,25.0
1761115553773,1,4058.091,-8.526,-1.053763440860215,SL,6.34655,2025-26,25.0
1761116051130,-1,4042.065,17.065,2.15059861373661,TP,2.7975833333333333,2025-26,25.0
1761116256080,1,4033.852,-8.994,-1.0160415725259828,SL,1.3271833333333334,2025-26,25.0
1761116363819,1,4033.702,-8.827,-1.0143645139048494,SL,2.4789,2025-26,25.0
1761116569085,-1,4016.905,-8.304,-1.0258184064237184,SL,1.8679833333333333,2025-26,25.0
1761116728488,1,4034.702,-9.937,-1.0242218099360956,SL,4.617366666666666,2025-26,25.0
1761117298179,1,4033.432,-8.704,-1.032258064516129,SL,12.779066666666667,2025-26,25.0
1761118781616,-1,4016.588,-8.559,-1.0174750356633382,SL,5.3601833333333335,2025-26,25.0
1761119342462,1,4033.122,-8.284,-1.0199458261511942,SL,2.1,2025-26,25.0
1761119762969,-1,4016.858,-8.164,-1.002702038811103,SL,2.05735,2025-26,25.0
1761120096967,1,4034.08,15.92,1.7533039647577093,TP,30.895816666666665,2025-26,25.0
1761122971229,-1,4041.999,16.999,2.1246094238220223,TP,6.43275,2025-26,25.0
1761123540668,1,4034.365,15.635,1.6695141484249867,TP,1.3655833333333334,2025-26,25.0
1761123797546,1,4058.045,-9.36,-1.163455562461156,SL,26.716416666666667,2025-26,25.0
1761125442000,1,4058.172,-8.204,-1.003915810083211,SL,2.55925,2025-26,25.0
1761126004472,1,4083.165,-8.47,-1.037354562155542,SL,1.6812166666666666,2025-26,25.0
1761126453347,-1,4066.955,-8.307,-1.0325668116842759,SL,4.3335,2025-26,25.0
1761127590690,-1,4067.328,17.328,2.258602711157456,TP,16.652733333333334,2025-26,25.0
1761128880497,1,4058.155,-8.36,-1.0251379521765789,SL,3.2814,2025-26,25.0
1761129141026,-1,4041.955,16.955,2.107520198881293,TP,11.36005,2025-26,25.0
1761130094900,-1,4016.965,-8.097,-1.007716241443684,SL,1.5488166666666667,2025-26,25.0
1761130234440,-1,4017.085,-8.057,-1.0179406190777005,SL,1.48,2025-26,25.0
1761130452104,-1,4017.025,-8.017,-1.0052664576802508,SL,7.529483333333333,2025-26,25.0
1761131281728,1,4033.005,-8.08,-1.009369144284822,SL,23.54618333333333,2025-26,25.0
1761132916698,1,4033.575,-8.58,-1.0005830903790087,SL,36.5537,2025-26,25.0
1761135351385,1,4033.015,16.985,2.119151590767311,TP,16.42935,2025-26,25.0
1761137712858,1,4058.055,-8.1,-1.005586592178771,SL,7.891533333333333,2025-26,25.0
1761138618264,1,4057.975,-8.126,-1.0189341692789968,SL,10.840383333333333,2025-26,25.0
1761140204651,1,4058.035,16.965,2.1113876789047916,TP,28.737566666666666,2025-26,25.0
1761145321810,1,4082.825,17.175,2.194888178913738,TP,23.815683333333332,2025-26,25.0
1761147068610,1,4107.805,-7.81,-1.0006406149903908,SL,16.37285,2025-26,25.0
1761148639497,1,4107.891,-7.926,-1.004435432771512,SL,3.9717666666666664,2025-26,25.0
1761150280703,-1,4092.015,-8.07,-1.010644959298685,SL,10.444566666666667,2025-26,25.0
1761156128423,1,4108.352,-8.854,-1.0601053639846743,SL,6.567033333333334,2025-26,25.0
1761156970006,1,4108.335,-8.73,-1.047390521895621,SL,4.542133333333333,2025-26,25.0
1761157943530,-1,4091.735,-8.317,-1.006291591046582,SL,0.9431166666666667,2025-26,25.0
1761160220581,-1,4091.835,16.835,2.061849357011635,TP,70.94736666666667,2025-26,25.0
1761164737822,-1,4067.095,-8.34,-1.0550284629981024,SL,2.058666666666667,2025-26,25.0
1761165154912,1,4083.671,-8.826,-1.0178756775458424,SL,5.1115,2025-26,25.0
1761165903880,1,4083.002,-8.297,-1.0368657835541115,SL,15.696216666666666,2025-26,25.0
1761168116503,1,4082.955,-8.107,-1.0191074795725958,SL,37.54765,2025-26,25.0
1761171951259,1,4083.105,16.895,2.0845157310302285,TP,59.890633333333334,2025-26,25.0
1761175928770,-1,4092.105,-7.91,-1.0018999366687777,SL,133.88706666666667,2025-26,25.0
1761184575374,1,4107.915,17.085,2.158559696778269,TP,9.19895,2025-26,25.0
1761185586241,1,4133.162,-8.587,-1.0520705709384954,SL,6.5595,2025-26,25.0
1761187094153,-1,4117.048,17.048,2.143863179074447,TP,58.41251666666667,2025-26,25.0
1761190970482,1,4107.982,-7.984,-1.000250563768479,SL,7.5149333333333335,2025-26,25.0
1761192230091,1,4107.965,17.035,2.138731952291274,TP,89.13218333333333,2025-26,25.0
1761198094472,-1,4116.955,-8.16,-1.014294592914854,SL,16.100766666666665,2025-26,25.0
1761199932168,-1,4117.225,-7.79,-1.0019292604501608,SL,147.78823333333332,2025-26,25.0
1761210377766,1,4132.782,17.218,2.2125417630429194,TP,39.04898333333333,2025-26,25.0
1761212821640,-1,4141.765,-8.3,-1.00789313904068,SL,6.7335,2025-26,25.0
1761213488288,-1,4142.015,-8.23,-1.0306825297432687,SL,5.387583333333334,2025-26,25.0
1761214491117,-1,4141.988,-8.357,-1.043060409385921,SL,33.22186666666666,2025-26,25.0
1761216945167,-1,4141.865,-8.3,-1.020282728948986,SL,4.303866666666667,2025-26,25.0
1761218060594,-1,4142.125,17.125,2.1746031746031744,TP,262.89755,2025-26,25.0
1761242508022,1,4133.095,-8.497,-1.0496602841260037,SL,1.5248166666666667,2025-26,25.0
1761245016523,-1,4117.135,-8.15,-1.0362364907819452,SL,80.253,2025-26,25.0
1761251383780,1,4132.905,-8.01,-1.0132827324478177,SL,67.62563333333334,2025-26,25.0
1761256306493,-1,4117.005,17.005,2.1269543464665417,TP,251.24881666666667,2025-26,25.0
1761278664832,-1,4066.995,16.995,2.1230480949406623,TP,11.5045,2025-26,25.0
1761279549633,1,4058.342,-8.427,-1.0101894030208582,SL,5.567066666666666,2025-26,25.0
1761280464567,1,4057.945,-8.127,-1.0229074889867842,SL,148.20425,2025-26,25.0
1761289706759,1,4057.792,17.208,2.208418891170431,TP,81.61103333333334,2025-26,25.0
1761296029676,1,4083.055,16.945,2.1036623215394163,TP,12.922366666666667,2025-26,25.0
1761296839113,1,4108.132,-8.177,-1.0055336940482047,SL,35.30605,2025-26,25.0
1761299245137,1,4108.485,-8.707,-1.0261638185032411,SL,4.4756,2025-26,25.0
1761299662758,1,4107.985,17.015,2.1308703819661865,TP,18.30645,2025-26,25.0
1761303179685,-1,4117.205,-7.81,-1.00192431045542,SL,28.412066666666668,2025-26,25.0
1761307597248,1,4132.875,-8.02,-1.0184126984126984,SL,34.066716666666665,2025-26,25.0
1761310268325,1,4133.035,-8.08,-1.0056004978220285,SL,24.794633333333334,2025-26,25.0
1761312697685,-1,4117.185,17.185,2.198976327575176,TP,159.58995,2025-26,25.0
1761324006105,1,4107.935,-43.884,-5.530434782608696,SL,2960.08825,2025-26,25.0
1761501631365,1,4083.625,-9.27,-1.0747826086956522,SL,0.5701166666666667,2025-26,25.0
1761501685025,-1,4066.705,-9.997,-1.205183845690175,SL,1.75025,2025-26,25.0
1761502039250,1,4083.702,16.298,1.872902780969892,TP,3.14105,2025-26,25.0
1761502457154,1,4108.075,-8.177,-1.0126315789473683,SL,12.144333333333334,2025-26,25.0
1761503359144,-1,4091.948,-8.067,-1.0018628912071534,SL,3.7773,2025-26,25.0
1761504222835,-1,4091.925,16.925,2.0959752321981426,TP,4.210716666666666,2025-26,25.0
1761504988037,1,4083.792,-8.797,-1.0005686988171065,SL,30.780883333333332,2025-26,25.0
1761507496215,-1,4067.138,-7.947,-1.0108114983464767,SL,0.6605,2025-26,25.0
1761512344720,1,4082.882,-8.157,-1.0348896219233696,SL,1.8815,2025-26,25.0
1761519772951,-1,4067.075,-8.18,-1.0321766561514196,SL,5.5560833333333335,2025-26,25.0
1761523231461,-1,4067.0,-8.055,-1.006875,SL,72.96245,2025-26,25.0
1761528449128,1,4082.865,-8.086,-1.028099173553719,SL,88.34781666666667,2025-26,25.0
1761535342662,-1,4067.095,17.095,2.1625553447185326,TP,90.79318333333333,2025-26,25.0
1761540928789,1,4033.645,-8.94,-1.0341237709658762,SL,1.12935,2025-26,25.0
1761541019464,1,4033.085,-8.325,-1.0296846011131726,SL,134.32433333333333,2025-26,25.0
1761549319539,1,4032.865,-7.87,-1.0006357279084552,SL,20.447633333333332,2025-26,25.0
1761550695626,-1,4017.208,-8.097,-1.0391427104722792,SL,7.8199,2025-26,25.0
1761552141313,1,4033.175,16.825,2.058103975535168,TP,57.7601,2025-26,25.0
1761555951881,-1,4042.035,17.035,2.138731952291274,TP,26.008733333333332,2025-26,25.0
1761557596550,1,4032.885,-8.057,-1.0218135700697526,SL,8.655766666666667,2025-26,25.0
1761558462882,-1,4016.945,-9.28,-1.1520794537554313,SL,2.474683333333333,2025-26,25.0
1761558916933,-1,4017.155,17.155,2.186743148502231,TP,21.2035,2025-26,25.0
1761561115864,-1,3991.999,16.999,2.1246094238220223,TP,35.342333333333336,2025-26,25.0
1761563937945,1,3983.135,16.865,2.073140749846343,TP,100.14135,2025-26,25.0
1761571046418,-1,3992.035,-7.98,-1.0018832391713748,SL,8.154,2025-26,25.0
1761572844964,1,4007.915,-8.27,-1.0448515476942515,SL,72.27205,2025-26,25.0
1761578971253,-1,3992.105,-8.1,-1.025965801139962,SL,57.0762,2025-26,25.0
1761583076886,-1,3992.125,-8.01,-1.0171428571428571,SL,173.58475,2025-26,25.0
1761595587999,-1,3991.945,16.945,2.1036623215394163,TP,14.516833333333333,2025-26,25.0
1761596537348,1,3983.115,16.885,2.0807147258163896,TP,21.85258333333333,2025-26,25.0
1761598295799,1,4007.972,-8.017,-1.005644756648269,SL,90.21073333333334,2025-26,25.0
1761604546268,-1,3992.068,17.068,2.151790216843167,TP,108.65548333333334,2025-26,25.0
1761611189188,-1,3966.698,-9.774,-1.1773066730908215,SL,14.899216666666666,2025-26,25.0
1761615054970,-1,3967.018,17.018,2.132047105988474,TP,67.55776666666667,2025-26,25.0
1761619568418,-1,3942.065,17.065,2.15059861373661,TP,46.02916666666667,2025-26,25.0
1761622481133,1,3932.915,-8.027,-1.0141503474415667,SL,30.596716666666666,2025-26,25.0
1761625168013,-1,3917.058,17.058,2.147821707378494,TP,39.391533333333335,2025-26,25.0
1761627932714,-1,3892.098,-7.997,-1.0120222728423185,SL,8.628716666666667,2025-26,25.0
1761628783542,1,3907.935,-8.2,-1.033396345305608,SL,2.09895,2025-26,25.0
1761630251679,1,3907.945,-8.557,-1.0770295783511643,SL,11.41165,2025-26,25.0
1761631497895,1,3907.885,-7.95,-1.0082435003170578,SL,10.806983333333333,2025-26,25.0
1761634995708,-1,3916.995,-8.08,-1.009369144284822,SL,29.963633333333334,2025-26,25.0
1761640871345,-1,3917.075,-8.15,-1.028391167192429,SL,22.357266666666668,2025-26,25.0
1761643148005,1,3932.795,-7.85,-1.0070558050032072,SL,14.2203,2025-26,25.0
1761644489679,-1,3916.745,-9.03,-1.0938824954572985,SL,1.7204666666666666,2025-26,25.0
1761645009692,1,3933.092,16.908,2.0894710825506673,TP,39.86261666666667,2025-26,25.0
1761648052136,-1,3941.965,-8.09,-1.0068450528935906,SL,8.389433333333333,2025-26,25.0
1761649864773,1,3957.855,-8.01,-1.01973265436028,SL,201.12726666666666,2025-26,25.0
1761663329893,1,3957.795,-7.84,-1.0057729313662604,SL,92.17568333333334,2025-26,25.0
1761674461409,1,3958.545,-8.59,-1.005266237565828,SL,5.848733333333334,2025-26,25.0
1761674852644,-1,3941.598,16.598,1.9754820280885503,TP,0.18368333333333334,2025-26,25.0
1761674876760,1,3935.115,-12.05,-1.1913000494315373,SL,0.42788333333333334,2025-26,25.0
1761674920222,1,3934.255,15.745,1.7012425715829282,TP,71.13073333333334,2025-26,25.0
1761680637485,1,3959.255,15.745,1.7012425715829282,TP,55.998133333333335,2025-26,25.0
1761687605869,-1,3966.865,-8.42,-1.0350338045482483,SL,6.122633333333333,2025-26,25.0
1761689450810,-1,3967.165,17.165,2.190810465858328,TP,24.885516666666668,2025-26,25.0
1761691750504,1,3957.945,17.055,2.146633102580239,TP,224.37905,2025-26,25.0
1761706975299,1,3982.995,17.005,2.1269543464665417,TP,56.782783333333334,2025-26,25.0
1761717980916,-1,4017.158,-7.877,-1.0044631471563377,SL,7.700283333333333,2025-26,25.0
1761723211379,-1,4017.065,-8.12,-1.023314429741651,SL,38.9804,2025-26,25.0
1761728532356,-1,4017.135,17.135,2.178639542275906,TP,164.55771666666666,2025-26,25.0
1761738659494,-1,3992.145,-7.877,-1.002800763844685,SL,20.3241,2025-26,25.0
1761742758088,-1,3992.055,-8.117,-1.021648835745752,SL,62.87115,2025-26,25.0
1761746539815,1,4008.282,-8.977,-1.0839169282781937,SL,0.3070333333333333,2025-26,25.0
1761746599392,-1,3991.855,-8.4,-1.0313075506445673,SL,0.3107,2025-26,25.0
1761746717647,-1,3992.008,17.008,2.1281281281281283,TP,30.25305,2025-26,25.0
1761749110556,1,3957.949,-8.024,-1.0094351490753555,SL,3.9724666666666666,2025-26,25.0
1761749506832,1,3957.822,17.178,2.196113525952442,TP,8.8234,2025-26,25.0
1761750100337,-1,3966.849,-8.216,-1.0079744816586922,SL,20.595883333333333,2025-26,25.0
1761751993037,-1,3942.379,-7.652,-1.0040677076499147,SL,17.601,2025-26,25.0
1761756143680,-1,3942.065,17.065,2.15059861373661,TP,77.88173333333333,2025-26,25.0
1761761119225,-1,3916.348,-8.754,-1.0117891816920943,SL,0.19445,2025-26,25.0
1761761293752,1,3933.045,-8.27,-1.0279676817899317,SL,13.7523,2025-26,25.0
1761767137271,-1,3941.955,-8.286,-1.0299564947172157,SL,3.954283333333333,2025-26,25.0
1761768088378,1,3958.595,-8.63,-1.0040721349621873,SL,36.39585,2025-26,25.0
1761770682372,-1,3941.705,-8.347,-1.0062688366485835,SL,1.7066666666666668,2025-26,25.0
1761771090364,-1,3941.985,-8.05,-1.0043668122270741,SL,3.937316666666667,2025-26,25.0
1761771630191,1,3957.955,-8.08,-1.015713387806411,SL,11.15425,2025-26,25.0
1761773704878,1,3957.962,-8.367,-1.0508666164280331,SL,4.754166666666666,2025-26,25.0
1761774284176,1,3957.972,-8.167,-1.0244606121424988,SL,6.154616666666667,2025-26,25.0
1761775281191,-1,3941.945,16.945,2.1036623215394163,TP,54.688233333333336,2025-26,25.0
1761778875483,-1,3916.785,-8.267,-1.0063298843578818,SL,5.588333333333333,2025-26,25.0
1761780372533,1,3932.935,17.065,2.15059861373661,TP,54.99715,2025-26,25.0
1761784678278,1,3982.885,-7.91,-1.003170577045022,SL,1.2621833333333334,2025-26,25.0
1761786726082,-1,3967.035,17.035,2.138731952291274,TP,17.81545,2025-26,25.0
1761788123343,1,3957.855,17.145,2.1826861871419476,TP,83.44865,2025-26,25.0
1761794708152,-1,3967.058,-8.127,-1.0232938806346008,SL,76.2867,2025-26,25.0
1761800472258,1,3982.995,17.005,2.1269543464665417,TP,9.385183333333334,2025-26,25.0
1761801342223,1,4008.075,-8.09,-1.001857585139319,SL,9.049733333333334,2025-26,25.0
1761805234692,-1,3991.275,16.275,1.8653295128939829,TP,15.039,2025-26,25.0
1761806519543,1,3982.955,-8.23,-1.0345694531741043,SL,33.850183333333334,2025-26,25.0
1761808853252,-1,3966.908,-8.187,-1.0117399901136925,SL,14.765616666666666,2025-26,25.0
1761812091069,1,3983.005,-8.13,-1.0156152404747034,SL,13.594966666666666,2025-26,25.0
1761813012184,-1,3966.835,-8.21,-1.005511328842621,SL,0.9500666666666666,2025-26,25.0
1761814199603,-1,3967.025,-8.24,-1.033228840125392,SL,14.586016666666668,2025-26,25.0
1761816612902,-1,3967.039,-8.366,-1.050873005903781,SL,1.3440166666666666,2025-26,25.0
1761816847711,-1,3966.995,-8.24,-1.0293566520924422,SL,4.37045,2025-26,25.0
1761817207417,-1,3967.035,-7.97,-1.0006277463904583,SL,4.488783333333333,2025-26,25.0
1761817894908,1,3982.935,17.065,2.15059861373661,TP,12.871766666666666,2025-26,25.0
1761818927253,1,4008.195,-8.27,-1.0091519219035998,SL,15.253466666666666,2025-26,25.0
1761820435650,-1,3991.995,-8.32,-1.0393504059962524,SL,13.85275,2025-26,25.0
1761821746755,-1,3992.225,-7.83,-1.007073954983923,SL,4.59355,2025-26,25.0
1761822136244,-1,3991.695,-8.51,-1.024683925346177,SL,8.261416666666667,2025-26,25.0
1761824790578,1,4007.805,-8.097,-1.0374119154388213,SL,15.642633333333333,2025-26,25.0
1761826526654,-1,3992.165,-7.84,-1.0006381620931717,SL,17.65695,2025-26,25.0
1761831651770,1,4007.935,-7.97,-1.0044108380592311,SL,24.3753,2025-26,25.0
1761841941656,-1,4017.035,-7.97,-1.0006277463904583,SL,16.483733333333333,2025-26,25.0
1761847631669,-1,4016.248,-8.887,-1.0154250457038392,SL,26.108916666666666,2025-26,25.0
1761850241593,1,4036.265,-11.291,-1.0023080337328008,SL,22.316933333333335,2025-26,25.0
1761852784797,1,4033.445,-8.47,-1.0029603315571345,SL,83.40476666666666,2025-26,25.0
1761858492667,1,4032.925,-7.93,-1.0006309148264985,SL,35.65403333333333,2025-26,25.0
1761861241893,-1,4017.199,17.199,2.204717343930265,TP,79.3351,2025-26,25.0
1761869218088,-1,3992.025,-8.06,-1.0106583072100312,SL,21.578416666666666,2025-26,25.0
1761871945412,1,4009.715,-9.78,-1.006690684508492,SL,12.652616666666667,2025-26,25.0
1761875102172,1,4007.925,17.075,2.1545741324921135,TP,107.18306666666666,2025-26,25.0
1761882209117,-1,4017.148,-7.894,-1.0053489556800814,SL,20.2079,2025-26,25.0
1761886263796,-1,4017.065,17.065,2.15059861373661,TP,30.69621666666667,2025-26,25.0
1761890181908,1,4007.885,17.115,2.170577045022194,TP,162.38853333333333,2025-26,25.0
1761900214706,1,4032.945,-7.987,-1.0052863436123347,SL,11.455766666666667,2025-26,25.0
1761901914580,1,4032.852,-7.907,-1.0070045848191544,SL,18.285966666666667,2025-26,25.0
1761903539184,-1,4017.055,-8.21,-1.0333543108873506,SL,24.0848,2025-26,25.0
1761906543621,-1,4017.168,17.168,2.192032686414709,TP,100.61843333333333,2025-26,25.0
1761913136898,1,3982.895,17.105,2.1665611146295123,TP,87.76698333333333,2025-26,25.0
1761920263366,1,4007.825,-7.94,-1.0146964856230032,SL,36.713683333333336,2025-26,25.0
1761923973194,-1,3992.135,-7.89,-1.003178639542276,SL,9.042516666666666,2025-26,25.0
1762106401197,-1,3978.025,-21.986,-1.0005005688282138,SL,3.318416666666667,2025-26,25.0
1762110894399,-1,3966.805,-8.32,-1.0152532031726662,SL,25.905383333333333,2025-26,25.0
1762113650644,-1,3967.015,-8.03,-1.0056355666875392,SL,4.887,2025-26,25.0
1762114039472,1,3982.905,17.095,2.1625553447185326,TP,23.687633333333334,2025-26,25.0
1762116178097,-1,3992.075,-7.95,-1.003154574132492,SL,13.541033333333333,2025-26,25.0
1762117505007,-1,3992.105,-7.97,-1.0094996833438885,SL,14.8986,2025-26,25.0
1762120881714,1,4007.845,-8.26,-1.052899936265137,SL,123.21855,2025-26,25.0
1762128594625,1,4007.855,17.145,2.1826861871419476,TP,160.80931666666666,2025-26,25.0
1762140113445,-1,4017.105,-7.95,-1.006966434452185,SL,46.61526666666666,2025-26,25.0
1762143360623,-1,4017.095,17.095,2.1625553447185326,TP,25.232916666666668,2025-26,25.0
1762152483183,1,4007.932,17.068,2.151790216843167,TP,186.16888333333333,2025-26,25.0
1762165502915,-1,4017.218,17.218,2.2125417630429194,TP,52.016733333333335,2025-26,25.0
1762170511727,1,4008.002,-8.107,-1.0131217195701074,SL,94.01535,2025-26,25.0
1762176840845,1,4007.935,-8.0,-1.0081915563957151,SL,29.353566666666666,2025-26,25.0
1762181695683,1,4007.855,-7.9,-1.0057288351368554,SL,97.54671666666667,2025-26,25.0
1762193603025,-1,3992.025,-8.12,-1.018181818181818,SL,18.8694,2025-26,25.0
1762218425808,-1,3967.105,-7.97,-1.0094996833438885,SL,3.4383166666666667,2025-26,25.0
1762220838213,1,3983.235,16.765,2.0358227079538556,TP,100.04691666666666,2025-26,25.0
1762229333355,-1,3992.205,-7.9,-1.013470173187941,SL,161.86283333333333,2025-26,25.0
1762241101111,-1,3992.005,17.005,2.1269543464665417,TP,86.09796666666666,2025-26,25.0
1762247141664,-1,3967.125,-7.93,-1.006984126984127,SL,6.907983333333333,2025-26,25.0
1762248318409,-1,3967.135,17.135,2.178639542275906,TP,6.60885,2025-26,25.0
1762248790414,-1,3942.125,-7.88,-1.0006349206349205,SL,21.9001,2025-26,25.0
1762250340198,1,3957.895,-7.99,-1.012032932235592,SL,4.553683333333334,2025-26,25.0
1762251647296,-1,3942.165,-8.12,-1.036375239310785,SL,2.9480333333333335,2025-26,25.0
1762252420230,1,3957.825,17.175,2.194888178913738,TP,48.8172,2025-26,25.0
1762256430233,-1,3967.135,17.135,2.178639542275906,TP,93.98781666666666,2025-26,25.0
1762263226138,-1,3941.785,-8.22,-1.0006086427267193,SL,501.93191666666667,2025-26,25.0
1762295725304,1,3957.835,17.165,2.190810465858328,TP,108.25253333333333,2025-26,25.0
1762303557137,-1,3967.205,-7.92,-1.0160359204618346,SL,132.26603333333333,2025-26,25.0
1762311960988,1,3983.145,-8.16,-1.0018416206261511,SL,67.34916666666666,2025-26,25.0
1762316681851,-1,3967.198,-7.977,-1.0224301461163805,SL,239.65825,2025-26,25.0
1762334703256,1,3982.875,-8.22,-1.0438095238095237,SL,22.07995,2025-26,25.0
1762336802661,-1,3966.858,-8.277,-1.0165806927044951,SL,5.431283333333333,2025-26,25.0
1762338120306,-1,3967.135,-8.04,-1.0222504767959313,SL,3.5101833333333334,2025-26,25.0
1762338691358,1,3983.015,-8.13,-1.0143480973175296,SL,47.2201,2025-26,25.0
1762366288518,-1,3967.148,-7.917,-1.0082781456953642,SL,28.388183333333334,2025-26,25.0
1762373266523,-1,3967.115,-7.91,-1.003170577045022,SL,14.3386,2025-26,25.0
1762378351356,1,3982.785,17.215,2.2113037893384715,TP,282.97255,2025-26,25.0
1762395636140,1,4007.975,-8.42,-1.0557993730407524,SL,419.65805,2025-26,25.0
1762421341220,-1,3992.105,-7.92,-1.0031665611146294,SL,5.624866666666667,2025-26,25.0
1762423200388,-1,3991.905,16.905,2.0883261272390365,TP,137.0251,2025-26,25.0
1762431837666,-1,3967.105,-7.91,-1.0018999366687777,SL,12.796066666666666,2025-26,25.0
1762433050742,1,3982.935,-8.14,-1.0258349086326402,SL,316.63368333333335,2025-26,25.0
1762452652185,1,3982.915,17.085,2.158559696778269,TP,126.34958333333333,2025-26,25.0
1762464696486,-1,3991.955,-8.06,-1.0018645121193288,SL,232.22836666666666,2025-26,25.0
1762480333359,1,4007.815,-7.83,-1.0019193857965452,SL,264.4233,2025-26,25.0
1762499062378,1,4007.895,-7.99,-1.012032932235592,SL,23.1517,2025-26,25.0
1762501799885,-1,3992.215,-7.79,-1.0006422607578678,SL,18.0708,2025-26,25.0
1762504359825,-1,3992.145,-7.957,-1.0129853596435392,SL,22.517416666666666,2025-26,25.0
1762507911317,-1,3992.038,-7.967,-1.0006279829188647,SL,98.4005,2025-26,25.0
1762514751078,1,4007.805,17.195,2.2030749519538757,TP,12.37915,2025-26,25.0
1762515978602,-1,4017.175,17.175,2.194888178913738,TP,20.422983333333335,2025-26,25.0
1762517911385,-1,3992.165,-7.95,-1.0146777281429482,SL,26.74265,2025-26,25.0
1762520421728,1,4007.785,-7.97,-1.0237636480411048,SL,21.316683333333334,2025-26,25.0
1762523738592,1,4007.845,-7.99,-1.018483110261313,SL,82.8211,2025-26,25.0
1762711331084,1,4008.415,16.585,1.9708853238265003,TP,128.7276,2025-26,25.0
1762719532722,1,4032.825,17.175,2.194888178913738,TP,7.55755,2025-26,25.0
1762721696806,-1,4042.048,-8.067,-1.0144617706237424,SL,90.80138333333333,2025-26,25.0
1762734624767,1,4057.945,17.055,2.146633102580239,TP,63.80458333333333,2025-26,25.0
1762744034838,1,4082.825,-7.84,-1.0019169329073483,SL,12.11105,2025-26,25.0
1762749302683,1,4083.015,16.985,2.119151590767311,TP,206.92513333333332,2025-26,25.0
1762764747407,-1,4092.105,17.105,2.1665611146295123,TP,42.776833333333336,2025-26,25.0
1762767481800,1,4082.805,17.195,2.2030749519538757,TP,197.44368333333333,2025-26,25.0
1762804316647,1,4132.825,-8.03,-1.0261980830670927,SL,285.22595,2025-26,25.0
1762822056916,1,4132.812,-7.927,-1.014720942140297,SL,124.15743333333333,2025-26,25.0
1762854234328,1,4132.885,-8.18,-1.037412809131262,SL,5.3086,2025-26,25.0
1762856328858,-1,4117.185,17.185,2.198976327575176,TP,9.803683333333334,2025-26,25.0
1762857587380,1,4107.815,17.185,2.198976327575176,TP,249.56188333333333,2025-26,25.0
1762884766166,1,4132.845,-7.85,-1.0006373486297004,SL,208.4419,2025-26,25.0
1762898765693,-1,4117.205,17.205,2.207184092366902,TP,147.10086666666666,2025-26,25.0
1762907988486,1,4107.815,17.185,2.198976327575176,TP,95.37055,2025-26,25.0
1762915043459,-1,4117.175,-8.09,-1.0338658146964856,SL,44.28515,2025-26,25.0
1762918658981,1,4133.252,-8.287,-1.004241396025206,SL,48.94808333333334,2025-26,25.0
1762931787611,1,4132.765,-8.03,-1.0341274951706374,SL,53.55115,2025-26,25.0
1762936500569,1,4132.785,-7.83,-1.0057803468208093,SL,19.022183333333334,2025-26,25.0
1762938247021,1,4132.822,-7.947,-1.0159805676297622,SL,30.51985,2025-26,25.0
1762942305095,1,4158.032,16.968,2.112549800796813,TP,21.92728333333333,2025-26,25.0
1762944536351,1,4182.831,-7.832,-1.0001276976120546,SL,5.24005,2025-26,25.0
1762945097292,1,4182.882,17.118,2.1717838112154277,TP,65.5034,2025-26,25.0
1762949930780,-1,4192.189,-7.816,-1.0006401229035975,SL,13.558033333333332,2025-26,25.0
1762952647636,-1,4192.129,-8.046,-1.0222335154364122,SL,7.049716666666667,2025-26,25.0
1762953986752,1,4207.991,-8.012,-1.0026279564510074,SL,45.53746666666667,2025-26,25.0
1762957556599,-1,4191.825,-8.21,-1.0042813455657493,SL,7.93925,2025-26,25.0
1762960018254,-1,4192.095,-7.95,-1.0056925996204933,SL,8.7744,2025-26,25.0
1762970999715,1,4208.202,-8.404,-1.024628139478176,SL,3.4667333333333334,2025-26,25.0
1762972635172,-1,4192.195,-7.81,-1.0006406149903908,SL,56.89491666666667,2025-26,25.0
1762977274847,1,4207.865,-8.02,-1.0197075651621106,SL,8.11195,2025-26,25.0
1762978367190,-1,4192.175,-7.84,-1.0019169329073483,SL,115.12783333333333,2025-26,25.0
1762987508558,1,4207.925,17.075,2.1545741324921135,TP,258.18648333333334,2025-26,25.0
1763003745472,1,4232.905,-8.14,-1.0297280202403543,SL,74.44406666666667,2025-26,25.0
1763017681836,1,4233.135,-8.237,-1.0125384142593732,SL,85.50688333333333,2025-26,25.0
1763024190016,1,4232.825,-7.85,-1.0031948881789137,SL,6.802116666666667,2025-26,25.0
1763024914557,-1,4216.965,16.965,2.1113876789047916,TP,33.897083333333335,2025-26,25.0
1763028084758,-1,4191.845,-8.237,-1.0100551808706315,SL,4.673616666666667,2025-26,25.0
1763029720493,-1,4192.115,-7.906,-1.0026632847178187,SL,12.3608,2025-26,25.0
1763030763662,-1,4192.115,-8.01,-1.015852885225111,SL,4.909833333333333,2025-26,25.0
1763031662223,1,4207.815,-8.22,-1.051823416506718,SL,38.32055,2025-26,25.0
1763035200283,1,4207.905,-8.12,-1.0271979759645793,SL,5.6121,2025-26,25.0
1763040455476,-1,4192.065,17.065,2.15059861373661,TP,4.228533333333333,2025-26,25.0
1763041415134,1,4157.935,-7.98,-1.005671077504726,SL,3.1733333333333333,2025-26,25.0
1763043534727,1,4158.145,16.855,2.0693677102516883,TP,109.75375,2025-26,25.0
1763058549255,1,4182.995,-8.01,-1.00187617260788,SL,120.1742,2025-26,25.0
1763066306994,1,4182.882,17.118,2.1717838112154277,TP,48.37915,2025-26,25.0
1763070637225,1,4208.045,-8.07,-1.0031075201988813,SL,82.6716,2025-26,25.0
1763079109771,-1,4192.115,17.115,2.170577045022194,TP,76.44203333333333,2025-26,25.0
1763084113413,1,4183.275,-8.287,-1.0014501510574019,SL,12.807383333333334,2025-26,25.0
1763086857009,-1,4167.075,-8.04,-1.0145110410094638,SL,24.19895,2025-26,25.0
1763090348309,1,4182.845,-7.86,-1.0019120458891013,SL,32.831833333333336,2025-26,25.0
1763094661997,-1,4166.835,16.835,2.061849357011635,TP,105.77416666666667,2025-26,25.0
1763102443439,1,4157.825,-8.06,-1.030031948881789,SL,6.000016666666666,2025-26,25.0
1763103286420,-1,4142.185,17.185,2.198976327575176,TP,18.046733333333332,2025-26,25.0
1763104759439,-1,4116.905,16.905,2.0883261272390365,TP,52.51541666666667,2025-26,25.0
1763107938745,-1,4091.835,16.835,2.061849357011635,TP,10.735416666666667,2025-26,25.0
1763109474541,1,4057.872,-7.877,-1.000635162601626,SL,6.48455,2025-26,25.0
1763110012178,1,4057.885,-8.04,-1.0196575776791377,SL,1.92395,2025-26,25.0
1763110233526,-1,4042.115,-8.17,-1.036144578313253,SL,2.5566,2025-26,25.0
1763110922958,-1,4041.995,-8.08,-1.009369144284822,SL,2.9081333333333332,2025-26,25.0
1763112099265,1,4057.805,-7.84,-1.0044843049327354,SL,8.380933333333333,2025-26,25.0
1763112739352,-1,4041.975,-8.887,-1.1074143302180686,SL,3.256883333333333,2025-26,25.0
1763114359452,1,4082.865,-7.93,-1.0082644628099173,SL,1.9494,2025-26,25.0
1763116812937,1,4082.911,-7.976,-1.0082164075338136,SL,1.0561833333333333,2025-26,25.0
1763117242165,1,4083.005,16.995,2.1230480949406623,TP,35.01468333333333,2025-26,25.0
1763120439449,1,4107.895,-7.94,-1.005699810006333,SL,27.077283333333334,2025-26,25.0
1763123741179,1,4107.975,-8.36,-1.0482758620689656,SL,10.5692,2025-26,25.0
1763125315379,-1,4092.025,-8.02,-1.0056426332288402,SL,32.53476666666667,2025-26,25.0
1763129134715,-1,4092.205,17.205,2.207184092366902,TP,3117.8135166666666,2025-26,25.0
1763316214131,1,4087.661,-13.226,-1.0446252270752705,SL,0.5586666666666666,2025-26,25.0
1763319672227,-1,4091.299,-8.716,-1.0017239397770372,SL,91.94016666666667,2025-26,25.0
1763326392711,-1,4092.105,17.105,2.1665611146295123,TP,67.58023333333334,2025-26,25.0
1763330744861,1,4083.142,-8.237,-1.0116678948661262,SL,119.8453,2025-26,25.0
1763338775311,-1,4066.445,-8.6,-1.0052600818234951,SL,117.2616,2025-26,25.0
1763347238307,1,4082.875,-7.91,-1.0044444444444445,SL,67.04895,2025-26,25.0
1763353109210,1,4082.785,-7.96,-1.0224791265253692,SL,92.38771666666666,2025-26,25.0
1763359214432,-1,4067.155,-7.86,-1.0019120458891013,SL,35.09883333333333,2025-26,25.0
1763361761816,1,4082.845,-7.92,-1.0095602294455066,SL,35.3637,2025-26,25.0
1763364695646,1,4082.815,-7.82,-1.000639795265515,SL,21.156033333333333,2025-26,25.0
1763368684065,-1,4067.175,-7.83,-1.0006389776357827,SL,56.930083333333336,2025-26,25.0
1763374101797,-1,4067.205,-7.817,-1.0028223220012829,SL,20.59255,2025-26,25.0
1763376651837,-1,4067.115,-7.89,-1.0006341154090044,SL,73.81448333333333,2025-26,25.0
1763386679985,-1,4067.195,17.195,2.2030749519538757,TP,54.48863333333333,2025-26,25.0
1763390597320,-1,4017.115,-7.9,-1.0019023462270134,SL,6.677016666666667,2025-26,25.0
1763391310234,-1,4017.165,-7.86,-1.0031908104658582,SL,23.0097,2025-26,25.0
1763394418517,1,4032.825,17.175,2.194888178913738,TP,133.212,2025-26,25.0
1763404839845,-1,4042.135,17.135,2.178639542275906,TP,132.72995,2025-26,25.0
1763414007682,1,4032.865,-7.947,-1.010425937698665,SL,34.93301666666667,2025-26,25.0
1763416443137,-1,4017.125,-7.877,-1.0002539682539682,SL,46.864866666666664,2025-26,25.0
1763419613207,-1,4017.115,-7.97,-1.0107799619530755,SL,117.55898333333333,2025-26,25.0
1763427487894,-1,4017.085,17.085,2.158559696778269,TP,100.12401666666666,2025-26,25.0
1763433621255,1,4007.835,17.165,2.190810465858328,TP,33.627116666666666,2025-26,25.0
1763436793544,1,4033.175,16.825,2.058103975535168,TP,133.44478333333333,2025-26,25.0
1763445496915,-1,4042.235,-7.78,-1.0019317450096588,SL,32.172383333333336,2025-26,25.0
1763448424873,-1,4042.165,-7.87,-1.0044671346522016,SL,96.27321666666667,2025-26,25.0
1763454914447,1,4057.845,17.155,2.186743148502231,TP,30.37451666666667,2025-26,25.0
1763459547720,-1,4067.165,17.165,2.190810465858328,TP,58.556666666666665,2025-26,25.0
1763463783939,-1,4042.125,-7.94,-1.0082539682539682,SL,8.21005,2025-26,25.0
1763464608396,1,4057.905,17.095,2.1625553447185326,TP,86.43596666666667,2025-26,25.0
1763471723846,-1,4067.105,-8.01,-1.0145661811272957,SL,45.92751666666667,2025-26,25.0
1763478026747,1,4082.765,-7.87,-1.013522215067611,SL,13.321066666666667,2025-26,25.0
1763480810854,-1,4067.195,-7.89,-1.010890454836643,SL,178.37966666666668,2025-26,25.0
1763496073055,-1,4066.995,-8.01,-1.0006246096189881,SL,100.23475,2025-26,25.0
1763506697120,-1,4067.195,-7.88,-1.0096092248558617,SL,29.197866666666666,2025-26,25.0
1763511392983,1,4083.215,16.785,2.0432136335970785,TP,269.63351666666665,2025-26,25.0
1763528009741,1,4108.005,16.995,2.1230480949406623,TP,305.5849,2025-26,25.0
1763547347874,1,4132.955,-7.97,-1.0018856065367694,SL,8.90935,2025-26,25.0
1763548162572,-1,4117.225,17.225,2.215434083601286,TP,24.065366666666666,2025-26,25.0
1763553814220,-1,4066.045,-9.14,-1.0206588498045785,SL,37.9603,2025-26,25.0
1763557485092,1,4083.215,-8.24,-1.0030432136335972,SL,68.74235,2025-26,25.0
1763568949616,-1,4066.905,-8.14,-1.0055589870290302,SL,7.952466666666667,2025-26,25.0
1763570070284,1,4082.855,17.145,2.1826861871419476,TP,132.81241666666668,2025-26,25.0
1763578340855,1,4107.935,-8.15,-1.027095148078135,SL,80.00376666666666,2025-26,25.0
1763583708615,-1,4092.155,17.155,2.186743148502231,TP,39.48493333333333,2025-26,25.0
1763586357430,-1,4066.965,16.965,2.1113876789047916,TP,12.954816666666666,2025-26,25.0
1763587145087,-1,4039.998,-10.044,-1.0041991601679665,SL,0.16568333333333332,2025-26,25.0
1763587856620,1,4057.975,17.025,2.134796238244514,TP,32.52641666666667,2025-26,25.0
1763590066230,1,4082.805,-8.02,-1.0275464445868032,SL,7.950233333333333,2025-26,25.0
1763592253932,-1,4066.815,-8.31,-1.015271838729383,SL,25.586616666666668,2025-26,25.0
1763598742763,-1,4067.175,-7.91,-1.0108626198083066,SL,36.458216666666665,2025-26,25.0
1763601659159,-1,4067.105,-8.23,-1.0424319189360354,SL,46.56961666666667,2025-26,25.0
1763605061657,-1,4067.165,17.165,2.190810465858328,TP,47.07448333333333,2025-26,25.0
1763608807238,-1,4041.285,-8.737,-1.0025243832472748,SL,11.957133333333333,2025-26,25.0
1763609768126,1,4057.845,17.155,2.186743148502231,TP,222.608,2025-26,25.0
1763625601156,1,4082.855,-8.127,-1.0346276257161044,SL,30.12635,2025-26,25.0
1763627424166,-1,4066.355,-8.84,-1.0225563909774436,SL,0.21936666666666665,2025-26,25.0
1763627454231,1,4083.642,-8.694,-1.0060171256653552,SL,3.147266666666667,2025-26,25.0
1763627803109,1,4083.055,-8.14,-1.010552451893234,SL,18.680966666666666,2025-26,25.0
1763629138613,1,4082.885,-7.97,-1.0107799619530755,SL,5.314966666666667,2025-26,25.0
1763629907124,1,4082.912,-7.947,-1.0044236602628918,SL,19.953133333333334,2025-26,25.0
1763631240148,1,4082.945,17.055,2.146633102580239,TP,15.192,2025-26,25.0
1763632742542,-1,4092.108,17.108,2.1677648251393817,TP,60.83903333333333,2025-26,25.0
1763636948159,1,4082.895,-8.22,-1.0411652944901837,SL,4.978033333333333,2025-26,25.0
1763637752005,-1,4066.995,16.995,2.1230480949406623,TP,36.38228333333333,2025-26,25.0
1763641168025,1,4057.845,-7.89,-1.005736137667304,SL,16.026,2025-26,25.0
1763642401247,1,4057.885,-8.02,-1.01712111604312,SL,4.139083333333334,2025-26,25.0
1763648586647,1,4082.855,-7.93,-1.0095480585614258,SL,50.048183333333334,2025-26,25.0
1763662224820,1,4083.125,-8.28,-1.019076923076923,SL,42.65101666666666,2025-26,25.0
1763668975314,-1,4067.215,-7.86,-1.0096339113680155,SL,69.24998333333333,2025-26,25.0
1763673555144,-1,4067.095,-8.02,-1.0145477545857053,SL,11.4008,2025-26,25.0
1763675219086,-1,4067.125,17.125,2.1746031746031744,TP,36.08975,2025-26,25.0
1763678636740,1,4058.005,-8.03,-1.0031230480949407,SL,56.40538333333333,2025-26,25.0
1763683650897,1,4057.885,-8.06,-1.0221940393151554,SL,31.871983333333333,2025-26,25.0
1763686427504,-1,4042.005,-8.04,-1.0056285178236397,SL,2.608416666666667,2025-26,25.0
1763686595493,1,4058.402,-8.697,-1.035110687931445,SL,1.1028,2025-26,25.0
1763686728684,1,4058.025,-8.22,-1.0242990654205608,SL,16.583216666666665,2025-26,25.0
1763687964294,-1,4042.045,17.045,2.1426775612822127,TP,104.57695,2025-26,25.0
1763694297130,1,4033.005,16.995,2.1230480949406623,TP,64.08936666666666,2025-26,25.0
1763698449370,1,4058.175,-8.177,-1.0002446483180427,SL,29.795466666666666,2025-26,25.0
1763701627875,-1,4042.115,-8.01,-1.015852885225111,SL,135.88535,2025-26,25.0
1763710222554,1,4058.015,16.985,2.119151590767311,TP,75.27153333333334,2025-26,25.0
1763715626836,1,4083.302,-8.357,-1.0066249096603228,SL,8.445616666666666,2025-26,25.0
1763716994519,-1,4067.035,-8.027,-1.0077840552416824,SL,31.244466666666668,2025-26,25.0
1763719701928,-1,4067.035,-7.98,-1.0018832391713748,SL,4.55635,2025-26,25.0
1763721069076,-1,4067.165,-7.89,-1.0070197830248884,SL,60.82005,2025-26,25.0
1763725794135,1,4082.895,17.105,2.1665611146295123,TP,9.812366666666666,2025-26,25.0
1763726557015,-1,4092.088,17.088,2.159757330637007,TP,200.7581,2025-26,25.0
1763922732286,-1,4066.915,-8.11,-1.0030921459492887,SL,17.341666666666665,2025-26,25.0
1763924805042,-1,4067.068,17.068,2.151790216843167,TP,104.66726666666666,2025-26,25.0
1763934801512,-1,4041.785,-8.22,-1.0006086427267193,SL,11.788216666666667,2025-26,25.0
1763937543064,1,4057.875,-7.93,-1.006984126984127,SL,10.39015,2025-26,25.0
1763939332869,1,4057.845,-7.96,-1.0146590184831104,SL,14.6482,2025-26,25.0
1763942291226,-1,4041.935,-8.11,-1.0055796652200868,SL,44.96191666666667,2025-26,25.0
1763948590351,1,4058.125,16.875,2.076923076923077,TP,199.99305,2025-26,25.0
1763962262606,-1,4066.855,-8.18,-1.0042971147943525,SL,123.75663333333334,2025-26,25.0
1763970617352,1,4082.955,-7.96,-1.0006285355122564,SL,53.395716666666665,2025-26,25.0
1763975575222,1,4083.435,-8.83,-1.046828689982217,SL,10.83435,2025-26,25.0
1763977933504,1,4082.885,17.115,2.170577045022194,TP,178.91315,2025-26,25.0
1763989252087,-1,4092.015,-8.29,-1.0381966186599876,SL,29.90673333333333,2025-26,25.0
1763991487628,1,4108.325,16.675,2.003003003003003,TP,15.3002,2025-26,25.0
1763993555774,-1,4117.125,-8.21,-1.0425396825396824,SL,67.53183333333334,2025-26,25.0
1763998644937,1,4132.985,-8.22,-1.029430181590482,SL,156.3078,2025-26,25.0
1764014698614,1,4132.982,-8.087,-1.0131545978451515,SL,12.86145,2025-26,25.0
1764016533151,1,4133.125,16.875,2.076923076923077,TP,68.6636,2025-26,25.0
1764022993527,-1,4142.065,-8.046,-1.0139886578449906,SL,150.92358333333334,2025-26,25.0
1764033846884,-1,4142.085,17.085,2.158559696778269,TP,133.97378333333333,2025-26,25.0
1764042740662,-1,4116.885,-8.15,-1.004313000616143,SL,16.76355,2025-26,25.0
1764047009881,1,4132.825,-7.977,-1.0194249201277956,SL,160.5826,2025-26,25.0
1764056699707,-1,4117.085,-8.89,-1.1231838281743525,SL,0.22561666666666666,2025-26,25.0
1764056735704,-1,4116.765,-8.35,-1.0139647844565878,SL,2.528783333333333,2025-26,25.0
1764057626949,1,4132.882,17.118,2.1717838112154277,TP,38.04938333333333,2025-26,25.0
1764061525975,-1,4142.055,17.055,2.146633102580239,TP,29.6075,2025-26,25.0
1764063413062,1,4132.965,-8.067,-1.0128060263653484,SL,2.1405166666666666,2025-26,25.0
1764063931658,-1,4116.865,-8.89,-1.0928088506453595,SL,12.841933333333333,2025-26,25.0
1764065836498,1,4132.955,-8.29,-1.0421118793211817,SL,5.939683333333333,2025-26,25.0
1764069311440,1,4133.162,16.838,2.0629747610879687,TP,47.081833333333336,2025-26,25.0
1764072189669,-1,4142.235,-8.05,-1.0367031551835157,SL,6.66585,2025-26,25.0
1764074041253,1,4157.842,-7.857,-1.001912777352716,SL,8.885683333333333,2025-26,25.0
1764076266264,-1,4142.115,-7.94,-1.0069752694990488,SL,449.09866666666665,2025-26,25.0
1764105698306,1,4157.945,-8.35,-1.0509754562618,SL,254.73345,2025-26,25.0
1764125274904,1,4157.875,-8.0,-1.0158730158730158,SL,298.27906666666667,2025-26,25.0
1764144199680,1,4157.935,-8.17,-1.0296156269691241,SL,47.397216666666665,2025-26,25.0
1764148092719,-1,4141.785,-8.23,-1.0018259281801583,SL,24.3317,2025-26,25.0
1764151193338,-1,4142.115,-7.94,-1.0069752694990488,SL,13.250333333333334,2025-26,25.0
1764152596636,1,4157.855,-8.0,-1.0184595798854232,SL,598.8647666666667,2025-26,25.0
1764207394182,1,4157.785,-8.04,-1.0327552986512525,SL,162.33935,2025-26,25.0
1764218676166,1,4157.745,-7.75,-1.000645577792124,SL,203.38363333333334,2025-26,25.0
1764232563576,1,4157.865,17.135,2.178639542275906,TP,658.51005,2025-26,25.0
1764272093725,1,4184.045,-9.066,-1.0023217247097844,SL,275.01081666666664,2025-26,25.0
1764299031546,-1,4166.164,-9.811,-1.1103440470801267,SL,7.897383333333333,2025-26,25.0
1764308006161,-1,4166.169,-8.876,-1.005095685652814,SL,44.06113333333333,2025-26,25.0
1764320281611,1,4183.145,16.855,2.0693677102516883,TP,34.892266666666664,2025-26,25.0
1764322836767,1,4207.785,-8.17,-1.0494540783558124,SL,2.60835,2025-26,25.0
1764324131098,-1,4192.095,-7.96,-1.0069576217583807,SL,44.00105,2025-26,25.0
1764328921419,1,4208.252,16.748,2.0295685894328646,TP,130.54961666666668,2025-26,25.0
1764339392205,-1,4216.935,-9.19,-1.1394916305021698,SL,3103.5149833333335,2025-26,25.0
1764526101254,-1,4215.748,-9.417,-1.0178339818417639,SL,18.216333333333335,2025-26,25.0
1764530910130,1,4232.945,-8.11,-1.0207677784770295,SL,36.3788,2025-26,25.0
1764534433076,1,4233.115,16.885,2.0807147258163896,TP,29.525733333333335,2025-26,25.0
1764537732490,-1,4241.945,16.945,2.1036623215394163,TP,175.12796666666668,2025-26,25.0
1764548780872,-1,4216.545,-8.59,-1.015966883500887,SL,4.516183333333333,2025-26,25.0
1764550858908,1,4232.965,17.035,2.138731952291274,TP,128.15731666666667,2025-26,25.0
1764560563358,-1,4242.085,-7.927,-1.0015161086544535,SL,27.98985,2025-26,25.0
1764565475368,1,4257.925,-7.927,-1.0002523659305993,SL,75.80235,2025-26,25.0
1764571416057,1,4257.895,-7.97,-1.0094996833438885,SL,26.6692,2025-26,25.0
1764577289073,1,4257.815,-7.83,-1.0019193857965452,SL,37.89651666666666,2025-26,25.0
1764579671724,-1,4242.138,17.138,2.1798524548460954,TP,41.02571666666667,2025-26,25.0
1764582487940,1,4232.855,-7.926,-1.009038828771483,SL,27.868166666666667,2025-26,25.0
1764585365051,1,4232.845,-7.85,-1.0006373486297004,SL,9.500266666666667,2025-26,25.0
1764586688980,1,4232.855,-7.93,-1.0095480585614258,SL,61.9799,2025-26,25.0
1764591078048,1,4232.795,-8.25,-1.0583707504810775,SL,399.1368,2025-26,25.0
1764619409906,-1,4216.955,-8.07,-1.0031075201988813,SL,106.57066666666667,2025-26,25.0
1764629309913,-1,4216.815,-8.19,-1.0006108735491752,SL,123.18416666666667,2025-26,25.0
1764638478447,-1,4217.115,17.115,2.170577045022194,TP,181.81213333333332,2025-26,25.0
1764649656445,-1,4191.975,-8.05,-1.0031152647975077,SL,131.59586666666667,2025-26,25.0
1764659052121,1,4207.805,17.195,2.2030749519538757,TP,134.97775,2025-26,25.0
1764668521714,-1,4217.175,-7.84,-1.0019169329073483,SL,7.050466666666667,2025-26,25.0
1764669631059,-1,4216.875,16.875,2.076923076923077,TP,17.563983333333333,2025-26,25.0
1764670814897,-1,4191.989,16.989,2.1207090250905005,TP,34.53061666666667,2025-26,25.0
1764673087157,-1,4166.935,-8.15,-1.0105393676379417,SL,10.011466666666667,2025-26,25.0
1764675216749,1,4182.795,17.205,2.207184092366902,TP,204.64853333333335,2025-26,25.0
1764689834155,1,4207.775,17.225,2.215434083601286,TP,354.50058333333334,2025-26,25.0
1764716823297,-1,4217.125,-8.157,-1.0358095238095237,SL,31.061983333333334,2025-26,25.0
1764721862284,-1,4216.745,16.745,2.0284675953967293,TP,217.62043333333332,2025-26,25.0
1764745094196,1,4208.025,16.975,2.115264797507788,TP,104.5196,2025-26,25.0
1764751980387,1,4232.945,-7.97,-1.0031466331025802,SL,14.61065,2025-26,25.0
1764754306231,1,4232.855,-7.887,-1.0040738383195418,SL,13.47455,2025-26,25.0
1764755489342,-1,4216.925,-8.32,-1.0303405572755417,SL,41.61508333333333,2025-26,25.0
1764759071309,-1,4217.118,-7.987,-1.0133214920071048,SL,47.48088333333333,2025-26,25.0
1764762546376,-1,4217.155,17.155,2.186743148502231,TP,7.3670333333333335,2025-26,25.0
1764763695303,1,4207.905,-8.3,-1.0499683744465529,SL,72.3297,2025-26,25.0
1764772663030,1,4207.742,-7.857,-1.014854042882976,SL,388.3190833333333,2025-26,25.0
1764797432704,1,4207.815,-7.821,-1.000767754318618,SL,31.6948,2025-26,25.0
1764833431445,-1,4192.228,-7.797,-1.0032166752444673,SL,89.82265,2025-26,25.0
1764840135660,1,4207.795,-7.89,-1.0121872995509942,SL,19.32955,2025-26,25.0
1764842172891,1,4208.015,-8.04,-1.0031191515907674,SL,2.9370833333333333,2025-26,25.0
1764842678718,-1,4192.105,-7.91,-1.0018999366687777,SL,5.157966666666667,2025-26,25.0
1764844249950,1,4207.805,-7.92,-1.014734144778988,SL,221.2397,2025-26,25.0
1764858841609,1,4207.815,-7.82,-1.000639795265515,SL,327.0002333333333,2025-26,25.0
1764885004566,1,4207.945,17.055,2.146633102580239,TP,198.90773333333334,2025-26,25.0
1764907668288,-1,4217.185,-7.83,-1.0019193857965452,SL,34.8756,2025-26,25.0
1764921629154,1,4232.925,-7.99,-1.0082018927444796,SL,1.8834166666666667,2025-26,25.0
1764923325942,1,4232.735,17.265,2.2320620555914674,TP,121.63305,2025-26,25.0
1764931140293,1,4258.051,-8.066,-1.0018631225934667,SL,7.955916666666667,2025-26,25.0
1764931929235,-1,4242.175,17.175,2.194888178913738,TP,17.889316666666666,2025-26,25.0
1764933107081,-1,4217.255,17.255,2.2278889606197545,TP,8.352466666666666,2025-26,25.0
1764933736783,1,4207.825,-7.83,-1.0006389776357827,SL,259.20121666666665,2025-26,25.0
1764951619252,-1,4192.045,-11.96,-1.5034569453174105,SL,2979.6990833333334,2025-26,25.0
1765134670047,1,4208.015,-8.19,-1.0218340611353711,SL,98.35091666666666,2025-26,25.0
1765143398728,1,4207.995,-8.0,-1.0006253908692933,SL,509.37108333333333,2025-26,25.0
1765175277985,1,4207.755,-7.79,-1.0045132172791746,SL,143.60401666666667,2025-26,25.0
1765184821490,1,4207.895,-7.93,-1.0044331855604813,SL,35.84518333333333,2025-26,25.0
1765187805830,1,4207.925,-8.05,-1.0157728706624605,SL,1.0982666666666667,2025-26,25.0
1765188046780,-1,4192.095,17.095,2.1625553447185326,TP,908.7824833333333,2025-26,25.0
1765244042770,1,4182.805,17.195,2.2030749519538757,TP,151.05835,2025-26,25.0
1765253805528,1,4207.825,-7.85,-1.0031948881789137,SL,182.09608333333333,2025-26,25.0
1765266662367,1,4207.902,-7.907,-1.0006327512022273,SL,35.047916666666666,2025-26,25.0
1765271487937,-1,4192.065,-7.987,-1.0065532451165722,SL,22.00425,2025-26,25.0
1765273860665,1,4208.055,-8.19,-1.0167597765363128,SL,9.018333333333333,2025-26,25.0
1765275001660,-1,4192.125,-8.03,-1.0196825396825397,SL,10.741316666666666,2025-26,25.0
1765275966479,1,4207.875,-7.9,-1.0031746031746032,SL,21.337,2025-26,25.0
1765277827674,1,4207.795,-7.8,-1.0006414368184733,SL,1006.9332666666667,2025-26,25.0
1765343070465,-1,4192.135,-7.87,-1.0006357279084552,SL,118.80315,2025-26,25.0
1765359486128,-1,4192.185,-7.82,-1.000639795265515,SL,9.314266666666667,2025-26,25.0
1765360792553,-1,4191.925,-8.11,-1.0043343653250774,SL,2.455016666666667,2025-26,25.0
1765361792760,-1,4192.155,-7.89,-1.005736137667304,SL,70.36926666666666,2025-26,25.0
1765373989227,-1,4192.235,-7.81,-1.0057952350289763,SL,20.331316666666666,2025-26,25.0
1765375214074,1,4208.355,-8.51,-1.018551765409934,SL,2.756683333333333,2025-26,25.0
1765375500550,1,4207.985,-7.99,-1.0006261740763933,SL,23.305733333333333,2025-26,25.0
1765377065781,-1,4192.005,-8.2,-1.0256410256410255,SL,0.29081666666666667,2025-26,25.0
1765377211165,1,4207.945,-7.98,-1.0044052863436124,SL,2.83345,2025-26,25.0
1765377652455,-1,4191.585,-8.66,-1.0291146761734997,SL,11.4114,2025-26,25.0
1765378510172,1,4208.145,16.855,2.0693677102516883,TP,12.286316666666666,2025-26,25.0
1765379574151,1,4232.855,-8.11,-1.0324633991088479,SL,53.60301666666667,2025-26,25.0
1765392673503,1,4232.805,-7.807,-1.0002562459961564,SL,163.95101666666667,2025-26,25.0
1765404544573,-1,4217.165,-8.01,-1.0223356732610083,SL,418.66446666666667,2025-26,25.0
1765430545915,-1,4217.205,-7.84,-1.0057729313662604,SL,225.73821666666666,2025-26,25.0
1765445458385,1,4232.825,17.175,2.194888178913738,TP,70.5093,2025-26,25.0
1765458281889,1,4282.785,-7.91,-1.0160565189466924,SL,51.2552,2025-26,25.0
1765461509207,-1,4267.145,-7.86,-1.0006365372374284,SL,25.448516666666666,2025-26,25.0
1765465685022,-1,4267.175,-7.927,-1.013035143769968,SL,44.04108333333333,2025-26,25.0
1765471585915,1,4282.855,-7.94,-1.0108211330362826,SL,113.05535,2025-26,25.0
1765483230094,-1,4266.695,-8.34,-1.00421432871764,SL,12.596883333333333,2025-26,25.0
1765484494427,-1,4267.075,-7.927,-1.0002523659305993,SL,47.94775,2025-26,25.0
1765494983138,-1,4267.115,-7.91,-1.003170577045022,SL,72.49573333333333,2025-26,25.0
1765503423247,1,4282.802,17.198,2.204306588054345,TP,121.6868,2025-26,25.0
1765511584478,1,4307.905,17.095,2.1625553447185326,TP,107.57491666666667,2025-26,25.0
1765519369178,1,4333.035,-8.06,-1.0031113876789048,SL,106.48993333333334,2025-26,25.0
1765526656531,1,4332.825,17.175,2.194888178913738,TP,110.26996666666666,2025-26,25.0
1765533613458,-1,4342.105,-8.37,-1.0601646611779607,SL,10.7829,2025-26,25.0
1765534501929,-1,4341.785,16.785,2.0432136335970785,TP,5.065166666666666,2025-26,25.0
1765534910455,-1,4317.125,17.125,2.1746031746031744,TP,7.4333833333333335,2025-26,25.0
1765535473065,1,4308.002,-8.147,-1.0181204698825295,SL,23.5853,2025-26,25.0
1765537063644,-1,4292.085,17.085,2.158559696778269,TP,10.6934,2025-26,25.0
1765537879500,1,4283.135,-8.22,-1.0104486785494775,SL,10.241316666666666,2025-26,25.0
1765538696211,1,4282.925,-7.93,-1.0006309148264985,SL,11.675733333333334,2025-26,25.0
1765539529047,-1,4266.775,-8.26,-1.004255319148936,SL,6.30325,2025-26,25.0
1765540834570,1,4283.185,-8.43,-1.0299328039095907,SL,6.261716666666667,2025-26,25.0
1765541981869,1,4282.865,17.135,2.178639542275906,TP,52.329483333333336,2025-26,25.0
1765547040819,-1,4292.105,-7.986,-1.0115262824572515,SL,37.03333333333333,2025-26,25.0
1765553198171,-1,4291.685,-8.51,-1.0234515935057125,SL,17.40825,2025-26,25.0
1765735794495,1,4308.702,-8.727,-1.00287290278097,SL,59.96553333333333,2025-26,25.0
1765758655612,1,4332.905,-7.99,-1.010752688172043,SL,530.0216333333333,2025-26,25.0
1765791451968,1,4332.815,-7.86,-1.0057581573896353,SL,10.459333333333333,2025-26,25.0
1765792443304,-1,4317.175,-7.84,-1.0019169329073483,SL,5.9785,2025-26,25.0
1765792862263,-1,4316.928,-8.297,-1.0278741328047571,SL,7.115666666666667,2025-26,25.0
1765793998533,-1,4315.715,-9.47,-1.0199246095853527,SL,2.6433333333333335,2025-26,25.0
1765794336990,-1,4316.675,-8.37,-1.0054054054054054,SL,9.8577,2025-26,25.0
1765796365039,-1,4316.875,16.875,2.076923076923077,TP,22.262166666666666,2025-26,25.0
1765798481421,-1,4292.015,-7.987,-1.0002504696305572,SL,18.307666666666666,2025-26,25.0
1765805649802,1,4308.015,-8.346,-1.0412975670617592,SL,109.64861666666667,2025-26,25.0
1765812664812,1,4307.895,-8.077,-1.0230525649145028,SL,275.5031833333333,2025-26,25.0
1765829863028,1,4307.895,-7.94,-1.005699810006333,SL,95.62245,2025-26,25.0
1765835781205,-1,4291.875,16.875,2.076923076923077,TP,153.90278333333333,2025-26,25.0
1765845962461,1,4282.875,-7.91,-1.0044444444444445,SL,284.4806,2025-26,25.0
1765868819882,1,4282.932,17.068,2.151790216843167,TP,75.84871666666666,2025-26,25.0
1765873852943,1,4307.925,-7.99,-1.0082018927444796,SL,16.106516666666668,2025-26,25.0
1765875322188,1,4307.772,17.228,2.216675244467319,TP,23.1416,2025-26,25.0
1765879588695,1,4333.055,-8.06,-1.000620732464308,SL,7.4181,2025-26,25.0
1765880287363,-1,4316.525,-8.52,-1.0053097345132744,SL,13.224383333333334,2025-26,25.0
1765882951201,-1,4317.015,17.015,2.1308703819661865,TP,32.16648333333333,2025-26,25.0
1765885242878,-1,4292.185,-7.86,-1.0057581573896353,SL,7.727816666666667,2025-26,25.0
1765886785374,1,4307.785,-7.83,-1.0057803468208093,SL,65.98143333333333,2025-26,25.0
1765892001135,1,4307.765,-8.667,-1.1161622665808113,SL,52.36148333333333,2025-26,25.0
1765895443138,1,4307.825,17.175,2.194888178913738,TP,367.71053333333333,2025-26,25.0
1765920752746,-1,4317.075,-7.95,-1.003154574132492,SL,75.68211666666667,2025-26,25.0
1765930190257,1,4332.851,-8.006,-1.0197427079352948,SL,105.24568333333333,2025-26,25.0
1765939460634,-1,4317.205,-8.09,-1.0378447722899296,SL,325.4703333333333,2025-26,25.0
1765960244062,1,4333.371,-9.006,-1.0758571257914227,SL,44.32188333333333,2025-26,25.0
1765963892350,1,4333.075,-8.81,-1.0910216718266255,SL,81.59911666666666,2025-26,25.0
1765968984994,1,4332.865,-7.927,-1.0078830260648441,SL,16.548666666666666,2025-26,25.0
1765971861191,1,4332.985,-8.03,-1.0056355666875392,SL,521.0167333333334,2025-26,25.0
1766005315035,1,4332.885,-7.95,-1.0082435003170578,SL,363.3455666666667,2025-26,25.0
1766042936644,-1,4317.105,-11.967,-1.515769474350855,SL,61.0765,2025-26,25.0
1766047028353,1,4333.265,-8.33,-1.0078644888082275,SL,61.52575,2025-26,25.0
1766050999665,-1,4317.125,-7.93,-1.006984126984127,SL,12.5063,2025-26,25.0
1766052076279,1,4332.905,-8.02,-1.0145477545857053,SL,20.402733333333334,2025-26,25.0
1766056295435,1,4357.905,-7.997,-1.0116382036685643,SL,54.52665,2025-26,25.0
1766059687926,-1,4341.675,16.675,2.003003003003003,TP,3.0026,2025-26,25.0
1766060344178,1,4332.875,-8.03,-1.0196825396825397,SL,6.410833333333334,2025-26,25.0
1766061145305,1,4332.835,-7.89,-1.0070197830248884,SL,20.4496,2025-26,25.0
1766070249597,1,4332.852,-8.117,-1.0337493632195618,SL,296.17165,2025-26,25.0
1766089445003,-1,4317.105,-7.9,-1.0006333122229258,SL,37.15063333333333,2025-26,25.0
1766094075073,-1,4317.085,-8.02,-1.0132659507264687,SL,171.09575,2025-26,25.0
1766119510929,1,4332.845,-8.02,-1.0223072020395156,SL,45.83911666666667,2025-26,25.0
1766131880999,1,4332.835,-8.03,-1.024888321633695,SL,95.41121666666666,2025-26,25.0
1766138172118,1,4332.795,17.205,2.207184092366902,TP,63.8894,2025-26,25.0
1766142910202,-1,4342.205,-7.81,-1.00192431045542,SL,16.55245,2025-26,25.0
1766157222381,-1,4342.185,-7.817,-1.000255918106206,SL,3077.58165,2025-26,25.0
1766343604657,1,4358.015,16.985,2.119151590767311,TP,99.01905,2025-26,25.0
1766363540508,1,4407.985,-8.037,-1.0065122103944897,SL,10.2007,2025-26,25.0
1766367817363,1,4407.932,17.068,2.151790216843167,TP,387.5046,2025-26,25.0
1766391850160,-1,4417.145,-7.99,-1.0171865054105664,SL,17.86615,2025-26,25.0
1766396046102,-1,4416.898,-8.327,-1.027770920760306,SL,9.93595,2025-26,25.0
1766398067609,-1,4417.085,-7.93,-1.001895135818067,SL,27.103283333333334,2025-26,25.0
1766400926444,1,4433.355,16.645,1.9922202274087373,TP,427.80775,2025-26,25.0
1766427341029,1,4457.935,17.065,2.15059861373661,TP,105.32935,2025-26,25.0
1766434203282,1,4482.992,-8.017,-1.0031281281281281,SL,11.257466666666666,2025-26,25.0
1766435530231,1,4482.891,-8.076,-1.0234444303637056,SL,265.783,2025-26,25.0
1766455584257,1,4482.925,-8.12,-1.0246056782334385,SL,405.95256666666666,2025-26,25.0
1766480719510,-1,4467.025,17.025,2.134796238244514,TP,31.270733333333332,2025-26,25.0
1766482723766,1,4457.855,-8.01,-1.01973265436028,SL,4.2229833333333335,2025-26,25.0
1766483141333,1,4457.845,-7.87,-1.0031867431485022,SL,10.876216666666666,2025-26,25.0
1766483950743,-1,4441.605,-8.547,-1.018106015485408,SL,1.6987666666666668,2025-26,25.0
1766484135661,-1,4442.215,-7.89,-1.0134874759152215,SL,12.818383333333333,2025-26,25.0
1766485681390,-1,4442.185,-8.0,-1.0236724248240563,SL,8.9891,2025-26,25.0
1766486928768,1,4457.792,17.208,2.208418891170431,TP,65.5051,2025-26,25.0
1766498274204,1,4482.782,17.218,2.2125417630429194,TP,278.1064333333333,2025-26,25.0
1766515147374,1,4507.995,-8.15,-1.0193871169480926,SL,19.031966666666666,2025-26,25.0
1766516537032,1,4508.005,16.995,2.1230480949406623,TP,82.7487,2025-26,25.0
1766523623207,-1,4517.085,17.085,2.158559696778269,TP,56.8816,2025-26,25.0
1766527168341,1,4483.255,-8.29,-1.0042398546335554,SL,0.8664333333333334,2025-26,25.0
1766527317567,1,4483.175,16.825,2.058103975535168,TP,99.45191666666666,2025-26,25.0
1766534739047,-1,4492.065,-7.98,-1.005671077504726,SL,299.307,2025-26,25.0
1766565142685,1,4482.975,-7.99,-1.0018808777429467,SL,65.15576666666666,2025-26,25.0
1766569824498,-1,4466.235,-9.32,-1.0633200228180262,SL,18.723016666666666,2025-26,25.0
1766571529154,-1,4467.115,17.115,2.170577045022194,TP,28.242566666666665,2025-26,25.0
1766573532129,1,4457.925,17.075,2.1545741324921135,TP,44.36925,2025-26,25.0
1766578016749,1,4483.005,16.995,2.1230480949406623,TP,1859.2733666666666,2025-26,25.0
1766691003095,1,4508.145,16.855,2.0693677102516883,TP,34.830416666666665,2025-26,25.0
1766693410976,-1,4516.895,16.895,2.0845157310302285,TP,32.96605,2025-26,25.0
1766697181664,1,4507.975,-8.096,-1.0151724137931035,SL,16.976783333333334,2025-26,25.0
1766698364033,-1,4491.535,-8.5,-1.004134672179563,SL,1.3034666666666668,2025-26,25.0
1766699695329,1,4508.075,-8.11,-1.0043343653250774,SL,36.0643,2025-26,25.0
1766704241826,1,4507.755,17.245,2.223726627981947,TP,570.0489833333334,2025-26,25.0
1766739001380,-1,4516.925,-8.14,-1.0080495356037151,SL,8.515183333333333,2025-26,25.0
1766741652503,1,4532.955,-7.967,-1.0015084852294154,SL,5.390666666666666,2025-26,25.0
1766742459561,-1,4516.835,-8.29,-1.0153092467850582,SL,10.35985,2025-26,25.0
1766744845249,1,4532.965,-8.107,-1.0178279974890145,SL,107.59801666666667,2025-26,25.0
1766752176354,-1,4516.935,-8.26,-1.0241785492870428,SL,19.587416666666666,2025-26,25.0
1766757187534,1,4533.265,-8.28,-1.0018148820326678,SL,9.69605,2025-26,25.0
1766758441857,1,4533.185,-8.22,-1.0042761148442272,SL,19.060533333333332,2025-26,25.0
1766761601075,1,4532.925,-8.61,-1.086435331230284,SL,16.09395,2025-26,25.0
1766764683537,1,4532.905,-8.02,-1.0145477545857053,SL,3015.1477833333333,2025-26,25.0
1766945617310,1,4533.702,-9.417,-1.0821650195357388,SL,46.59551666666667,2025-26,25.0
1766948521952,-1,4516.788,-8.233,-1.002557233317097,SL,4.4519166666666665,2025-26,25.0
1766949473663,-1,4516.405,16.405,1.9086678301337987,TP,4.514566666666667,2025-26,25.0
1766949992897,-1,4491.798,16.798,2.0480370641306997,TP,3.7258,2025-26,25.0
1766950261911,1,4484.075,15.925,1.7548209366391185,TP,4.7055,2025-26,25.0
1766950749917,-1,4492.015,-8.25,-1.0331872260488415,SL,1.2039333333333333,2025-26,25.0
1766951071787,-1,4491.749,-8.403,-1.0184220094533996,SL,3.433133333333333,2025-26,25.0
1766952220512,1,4508.465,-8.53,-1.0076786769049026,SL,22.851733333333332,2025-26,25.0
1766954140968,1,4508.325,-8.377,-1.0062462462462463,SL,2.0719,2025-26,25.0
1766954581292,-1,4491.545,-8.457,-1.0002365464222354,SL,1.1821833333333334,2025-26,25.0
1766955834371,1,4508.181,-8.186,-1.000611172228334,SL,260.49705,2025-26,25.0
1766971705834,-1,4491.948,16.948,2.1048186785891705,TP,24.620233333333335,2025-26,25.0
1766973606523,-1,4466.295,16.295,1.8719126938541069,TP,3.4097333333333335,2025-26,25.0
1766973882867,1,4458.071,-9.586,-1.187709081898154,SL,0.34975,2025-26,25.0
1766973914893,1,4458.652,-8.677,-1.0028895053166897,SL,0.82555,2025-26,25.0
1766974091499,1,4458.151,16.849,2.067108330266225,TP,5.385416666666667,2025-26,25.0
1766977318729,-1,4466.948,-8.117,-1.008072528564332,SL,5.63075,2025-26,25.0
1766978033300,1,4483.145,-8.28,-1.0165745856353592,SL,16.974633333333333,2025-26,25.0
1766980105616,-1,4466.225,-8.827,-1.005925925925926,SL,56.15168333333333,2025-26,25.0
1766985682407,-1,4467.055,17.055,2.146633102580239,TP,77.95173333333334,2025-26,25.0
1766991390675,-1,4441.635,-8.367,-1.0002390914524806,SL,3.79595,2025-26,25.0
1766993410193,1,4458.052,-8.218,-1.020615996025832,SL,57.79963333333333,2025-26,25.0
1766997670555,-1,4441.495,16.495,1.9394473838918282,TP,4.678983333333333,2025-26,25.0
1766998141120,-1,4417.085,17.085,2.158559696778269,TP,15.766816666666667,2025-26,25.0
1766999203244,-1,4391.995,-8.05,-1.0056214865708932,SL,8.18785,2025-26,25.0
1766999958952,-1,4392.065,17.065,2.15059861373661,TP,10.9437,2025-26,25.0
1767000654513,-1,4366.968,-8.504,-1.0587649402390438,SL,1.8901666666666668,2025-26,25.0
1767000907366,1,4383.302,-8.451,-1.017947482534329,SL,3.4986,2025-26,25.0
1767001237834,-1,4366.985,-8.59,-1.071740486587648,SL,4.38675,2025-26,25.0
1767001594844,1,4383.055,-9.02,-1.1198013656114214,SL,2.8328166666666665,2025-26,25.0
1767002108240,-1,4366.995,-8.007,-1.0002498438475953,SL,0.8847,2025-26,25.0
1767002545311,-1,4342.132,17.132,2.177427554651754,TP,18.379333333333335,2025-26,25.0
1767003707138,-1,4316.855,-8.197,-1.0063842848373235,SL,4.266466666666667,2025-26,25.0
1767004336408,-1,4317.055,-8.14,-1.024543738200126,SL,1.6075333333333333,2025-26,25.0
1767004522537,1,4333.175,-8.39,-1.0262996941896025,SL,3.9406166666666667,2025-26,25.0
1767004982908,1,4333.075,-8.22,-1.0179566563467493,SL,7.776066666666667,2025-26,25.0
1767006107254,1,4332.855,-7.91,-1.0070019096117122,SL,15.188083333333333,2025-26,25.0
1767007351718,1,4333.345,-8.36,-1.0017974835230676,SL,62.27791666666667,2025-26,25.0
1767011916084,-1,4316.695,-8.707,-1.0484045755568934,SL,7.5114,2025-26,25.0
1767013433572,1,4332.965,-8.05,-1.0106716886377902,SL,23.869266666666668,2025-26,25.0
1767015358572,1,4332.995,-8.04,-1.0056285178236397,SL,282.7561166666667,2025-26,25.0
1767032584527,1,4333.102,16.898,2.085657862256233,TP,64.62326666666667,2025-26,25.0
1767037212416,-1,4342.065,-7.997,-1.0078134845620668,SL,66.10448333333333,2025-26,25.0
1767041699730,1,4357.825,-7.901,-1.0097124600638978,SL,41.48595,2025-26,25.0
1767044719259,1,4357.985,17.015,2.1308703819661865,TP,159.7753,2025-26,25.0
1767057814429,-1,4367.025,-8.0,-1.0031347962382444,SL,78.66648333333333,2025-26,25.0
1767063002681,1,4382.902,-8.037,-1.0170842824601367,SL,3.2478166666666666,2025-26,25.0
1767063721233,-1,4367.005,-8.16,-1.020637898686679,SL,75.20378333333333,2025-26,25.0
1767069381208,-1,4367.195,-8.01,-1.0262652146060218,SL,36.69356666666667,2025-26,25.0
1767072450222,1,4382.862,17.138,2.1798524548460954,TP,132.83908333333332,2025-26,25.0
1767082798833,-1,4392.075,17.075,2.1545741324921135,TP,78.76121666666667,2025-26,25.0
1767087679820,-1,4366.399,-9.376,-1.0901058016509708,SL,38.43298333333333,2025-26,25.0
1767090307392,-1,4367.005,-8.06,-1.008130081300813,SL,15.9144,2025-26,25.0
1767098483469,-1,4366.965,-8.23,-1.0242688238954574,SL,22.784916666666668,2025-26,25.0
1767100858809,-1,4367.085,17.085,2.158559696778269,TP,87.98225,2025-26,25.0
1767106334819,-1,4341.808,-8.217,-1.0030517578125,SL,7.97585,2025-26,25.0
1767106990512,-1,4342.005,-8.016,-1.0026266416510319,SL,11.150466666666667,2025-26,25.0
1767110044436,-1,4342.125,-8.15,-1.034920634920635,SL,16.829533333333334,2025-26,25.0
1767113543093,-1,4342.065,-7.98,-1.005671077504726,SL,192.06431666666666,2025-26,25.0
1767126301272,1,4358.075,-8.456,-1.0471826625386997,SL,91.48928333333333,2025-26,25.0
1767132699782,1,4358.095,-8.1,-1.0006176652254477,SL,9.0326,2025-26,25.0
1767133458221,-1,4341.895,-8.2,-1.0117211597779148,SL,6.745833333333334,2025-26,25.0
1767136703433,-1,4341.835,16.835,2.061849357011635,TP,82.13125,2025-26,25.0
1767142101752,-1,4316.965,16.965,2.1113876789047916,TP,3.4129833333333335,2025-26,25.0
1767142383039,-1,4289.045,14.045,1.2820629849383842,TP,8.65435,2025-26,25.0
1767142934727,1,4283.865,16.135,1.820078962210942,TP,9.398233333333334,2025-26,25.0
1767143825871,-1,4291.998,-8.007,-1.0006248437890528,SL,1.11075,2025-26,25.0
1767144540275,1,4308.045,16.955,2.107520198881293,TP,25.994183333333332,2025-26,25.0
1767147279082,1,4332.965,-7.99,-1.0031387319522913,SL,52.47003333333333,2025-26,25.0
1767152661433,-1,4317.118,-8.177,-1.037427048972342,SL,41.90481666666667,2025-26,25.0
1767156123520,1,4332.945,-7.98,-1.0044052863436124,SL,30.146816666666666,2025-26,25.0
1767159011555,-1,4317.065,-8.26,-1.040957781978576,SL,174.0549,2025-26,25.0
1767170417707,1,4333.125,16.875,2.076923076923077,TP,75.55593333333333,2025-26,25.0
1767175273813,-1,4341.948,16.948,2.1048186785891705,TP,72.78753333333333,2025-26,25.0
1767181619200,-1,4316.878,-8.274,-1.018714602314701,SL,8.438233333333333,2025-26,25.0
1767188816989,-1,4316.935,-8.106,-1.0050836949783013,SL,116.15321666666667,2025-26,25.0
1767290404888,1,4333.835,-9.47,-1.071873231465761,SL,4.005366666666666,2025-26,25.0
1767290976012,1,4333.602,16.398,1.9063008602650546,TP,47.449416666666664,2025-26,25.0
1767295526029,-1,4341.745,-8.307,-1.0062992125984251,SL,7.443133333333333,2025-26,25.0
1767304210257,1,4358.065,16.935,2.0998140111593306,TP,58.297666666666665,2025-26,25.0
1767322613562,1,4382.952,17.048,2.143863179074447,TP,317.46341666666666,2025-26,25.0
1767342020876,-1,4391.868,16.868,2.074274471224791,TP,9.209033333333334,2025-26,25.0
1767343022817,-1,4367.115,-7.94,-1.0069752694990488,SL,8.394166666666667,2025-26,25.0
1767344046338,-1,4367.025,17.025,2.134796238244514,TP,46.98943333333333,2025-26,25.0
1767347106089,1,4357.962,-8.127,-1.020723436322532,SL,14.923766666666667,2025-26,25.0
1767348299244,-1,4342.125,-7.88,-1.0006349206349205,SL,4.34835,2025-26,25.0
1767348658763,-1,4341.695,16.695,2.0102347983142685,TP,53.074983333333336,2025-26,25.0
1767352688145,-1,4317.025,-8.28,-1.038244514106583,SL,19.438883333333333,2025-26,25.0
1767355501248,1,4332.925,-7.96,-1.004416403785489,SL,20.674616666666665,2025-26,25.0
1767359298097,-1,4317.015,-8.087,-1.012773951158422,SL,89.91861666666667,2025-26,25.0
1767366024756,-1,4316.975,-8.08,-1.006853582554517,SL,20.560983333333333,2025-26,25.0
1767372698972,1,4332.805,17.195,2.2030749519538757,TP,2948.3695333333335,2025-26,25.0
1767549901180,1,4357.875,-7.97,-1.012063492063492,SL,2.4299833333333334,2025-26,25.0
1767550158227,1,4358.602,16.398,1.9063008602650546,TP,43.56766666666667,2025-26,25.0
1767554317942,1,4382.835,17.165,2.190810465858328,TP,41.4367,2025-26,25.0
1767556945409,1,4408.205,-9.807,-1.1952468007312613,SL,10.606883333333334,2025-26,25.0
1767559903800,-1,4391.855,-8.15,-1.0006138735420504,SL,2.6078333333333332,2025-26,25.0
1767560876666,-1,4392.145,-8.28,-1.0541056651814131,SL,18.226416666666665,2025-26,25.0
1767563544737,1,4408.042,-8.287,-1.0304650584431734,SL,67.50885,2025-26,25.0
1767570087881,1,4407.945,17.055,2.146633102580239,TP,104.21428333333333,2025-26,25.0
1767576908600,-1,4416.825,-8.51,-1.0409785932721713,SL,4.651666666666666,2025-26,25.0
1767578854777,-1,4416.965,-8.04,-1.000622277535781,SL,34.802566666666664,2025-26,25.0
1767584930715,1,4433.335,-8.98,-1.077384523095381,SL,156.99041666666668,2025-26,25.0
1767596799429,-1,4416.905,16.905,2.0883261272390365,TP,82.56011666666667,2025-26,25.0
1767602030205,1,4408.042,16.958,2.108679432976871,TP,36.318666666666665,2025-26,25.0
1767606364202,1,4432.915,17.085,2.158559696778269,TP,17.414083333333334,2025-26,25.0
1767608942262,-1,4441.908,-8.207,-1.0142115669797331,SL,18.122216666666667,2025-26,25.0
1767611216259,-1,4442.135,-7.98,-1.0146217418944692,SL,42.57508333333333,2025-26,25.0
1767614390634,-1,4441.345,-10.207,-1.179318313113807,SL,360.2919166666667,2025-26,25.0
1767636589740,1,4458.215,-8.517,-1.0367620206938528,SL,5.194733333333334,2025-26,25.0
1767637940010,-1,4442.115,-7.99,-1.0133164235890932,SL,144.39995,2025-26,25.0
1767647376661,1,4457.995,-8.07,-1.0093808630393997,SL,31.39995,2025-26,25.0
1767649744018,1,4457.915,-8.07,-1.0195830701200252,SL,188.54743333333334,2025-26,25.0
1767661842158,1,4457.965,17.035,2.138731952291274,TP,136.62091666666666,2025-26,25.0
1767670325517,-1,4466.998,16.998,2.124218945263684,TP,75.08875,2025-26,25.0
1767681151042,1,4458.002,16.998,2.124218945263684,TP,180.54063333333335,2025-26,25.0
1767692254655,1,4483.165,-8.22,-1.0067360685854256,SL,42.33716666666667,2025-26,25.0
1767695666235,-1,4466.925,-8.077,-1.0002476780185758,SL,7.309583333333333,2025-26,25.0
1767697263245,1,4483.365,-8.51,-1.0173341303048415,SL,4.184066666666666,2025-26,25.0
1767698641280,1,4482.865,17.135,2.178639542275906,TP,422.4269,2025-26,25.0
1767725476758,-1,4492.155,17.155,2.186743148502231,TP,75.8502,2025-26,25.0
1767731662012,-1,4466.905,-8.16,-1.0080296479308215,SL,37.35511666666667,2025-26,25.0
1767741525039,-1,4467.239,17.239,2.2212343770132716,TP,84.84483333333333,2025-26,25.0
1767747947779,1,4457.945,-7.97,-1.0031466331025802,SL,27.549183333333332,2025-26,25.0
1767750366760,-1,4441.998,-8.017,-1.0018745313671582,SL,5.637166666666666,2025-26,25.0
1767751221206,-1,4442.055,-7.967,-1.0027690371302707,SL,9.071116666666667,2025-26,25.0
1767753396720,1,4457.972,-8.127,-1.0194430506773708,SL,248.40293333333332,2025-26,25.0
1767770333584,-1,4441.898,-8.154,-1.006418168353493,SL,10.039216666666666,2025-26,25.0
1767773170750,-1,4442.025,-8.02,-1.0056426332288402,SL,36.75066666666667,2025-26,25.0
1767778200403,-1,4441.815,-8.37,-1.0226023213194868,SL,0.8936833333333334,2025-26,25.0
1767778615260,-1,4442.135,-7.87,-1.0006357279084552,SL,16.0306,2025-26,25.0
1767780000174,-1,4439.925,14.925,1.4813895781637718,TP,16.493733333333335,2025-26,25.0
1767781332781,1,4432.835,17.165,2.190810465858328,TP,13.159533333333334,2025-26,25.0
1767782669808,-1,4442.045,-8.07,-1.014456316781898,SL,26.48505,2025-26,25.0
1767784931987,1,4458.042,-8.377,-1.04165630440189,SL,94.30388333333333,2025-26,25.0
1767793075715,1,4457.875,-8.02,-1.0184126984126984,SL,13.332916666666666,2025-26,25.0
1767797692995,1,4457.835,-7.92,-1.0108487555839183,SL,65.29066666666667,2025-26,25.0
1767808800727,1,4460.702,-10.737,-1.0032704167445337,SL,101.204,2025-26,25.0
1767816364129,1,4457.915,-8.316,-1.0506632975363235,SL,34.7937,2025-26,25.0
1767819303239,-1,4442.125,-7.89,-1.0019047619047619,SL,6.710466666666667,2025-26,25.0
1767833009560,-1,4417.098,-7.987,-1.010756770437864,SL,12.636616666666667,2025-26,25.0
1767834354710,-1,4416.975,-8.07,-1.005607476635514,SL,10.061666666666667,2025-26,25.0
1767835959898,1,4433.015,-8.16,-1.0180910792264504,SL,120.4792,2025-26,25.0
1767844694701,1,4432.852,-7.877,-1.0031839021905247,SL,81.18513333333334,2025-26,25.0
1767850680268,1,4433.165,-8.19,-1.0030618493570116,SL,47.22813333333333,2025-26,25.0
1767855705790,-1,4417.165,-7.88,-1.005743458838545,SL,30.97545,2025-26,25.0
1767859845988,-1,4417.125,-7.91,-1.0044444444444445,SL,6.922716666666667,2025-26,25.0
1767860570541,1,4432.855,-8.177,-1.0409929980903883,SL,32.10106666666667,2025-26,25.0
1767864777523,1,4432.875,-7.88,-1.0006349206349205,SL,10.1037,2025-26,25.0
1767870120668,1,4457.935,-8.12,-1.023314429741651,SL,8.991583333333333,2025-26,25.0
1767871929985,1,4457.945,-7.95,-1.000629326620516,SL,116.45041666666667,2025-26,25.0
1767884628192,1,4457.905,17.095,2.1625553447185326,TP,27.9154,2025-26,25.0
1767895233356,1,4483.265,-8.41,-1.0175438596491229,SL,20.9745,2025-26,25.0
1767900333277,-1,4467.055,-7.96,-1.001887979861548,SL,98.4841,2025-26,25.0
1767909193155,-1,4467.135,-7.93,-1.0082644628099173,SL,216.95043333333334,2025-26,25.0
1767927732250,-1,4467.095,-7.93,-1.0031625553447185,SL,4.1780333333333335,2025-26,25.0
1767929861191,-1,4467.155,-8.3,-1.0579987253027405,SL,34.63173333333334,2025-26,25.0
1767937622509,-1,4467.118,-7.984,-1.0129408779497588,SL,13.8609,2025-26,25.0
1767943635782,-1,4467.175,-7.827,-1.0002555910543132,SL,58.694316666666666,2025-26,25.0
1767947550687,1,4483.042,16.958,2.108679432976871,TP,108.58526666666667,2025-26,25.0
1767954203294,1,4507.855,-7.857,-1.0002546148949714,SL,48.66798333333333,2025-26,25.0
1767959461232,1,4507.852,-7.854,-1.0002547121752419,SL,55.57331666666666,2025-26,25.0
1767963217236,-1,4491.418,-8.614,-1.0037287345607084,SL,39.998583333333336,2025-26,25.0
1767971711087,1,4507.925,17.075,2.1545741324921135,TP,3050.9365333333335,2025-26,25.0
1768155544685,1,4533.305,16.695,2.0102347983142685,TP,50.148716666666665,2025-26,25.0
1768159030478,1,4558.025,16.975,2.115264797507788,TP,15.301483333333334,2025-26,25.0
1768160276816,1,4583.205,16.795,2.0469226081657528,TP,17.576983333333335,2025-26,25.0
1768161411959,-1,4591.868,16.868,2.074274471224791,TP,20.908433333333335,2025-26,25.0
1768163068405,1,4582.995,-7.997,-1.0002501563477173,SL,10.936633333333333,2025-26,25.0
1768164048202,1,4583.192,-8.327,-1.0164794921875,SL,1.6672833333333332,2025-26,25.0
1768165400226,-1,4567.119,-7.976,-1.0120543078289557,SL,36.88576666666667,2025-26,25.0
1768172528501,-1,4567.055,-7.967,-1.0027690371302707,SL,88.6359,2025-26,25.0
1768178672083,1,4582.805,-7.82,-1.0019218449711724,SL,22.16336666666667,2025-26,25.0
1768183761311,1,4582.765,17.235,2.219575016097875,TP,358.5972,2025-26,25.0
1768209339237,-1,4592.078,-7.954,-1.004039383993941,SL,6.2292,2025-26,25.0
1768210578819,-1,4592.185,-8.13,-1.0403071017274472,SL,1.9023166666666667,2025-26,25.0
1768210758182,1,4607.775,-7.86,-1.0109324758842444,SL,6.026783333333333,2025-26,25.0
1768211591867,1,4607.815,17.185,2.198976327575176,TP,42.198483333333336,2025-26,25.0
1768217813807,-1,4616.475,16.475,1.932551319648094,TP,219.63936666666666,2025-26,25.0
1768232811498,-1,4592.095,-10.207,-1.2912080961416825,SL,133.15425,2025-26,25.0
1768241304414,-1,4591.528,-8.497,-1.0029508970727101,SL,51.36476666666667,2025-26,25.0
1768264278659,-1,4592.025,17.025,2.134796238244514,TP,70.46263333333333,2025-26,25.0
1768269063288,1,4582.855,17.145,2.1826861871419476,TP,380.33691666666664,2025-26,25.0
1768293010371,1,4608.835,16.165,1.8296547821165818,TP,74.43318333333333,2025-26,25.0
1768297651730,1,4632.922,-8.197,-1.0347134561979299,SL,6.692666666666667,2025-26,25.0
1768298341248,1,4633.105,-8.14,-1.0043183220234424,SL,1.7266333333333332,2025-26,25.0
1768298588080,-1,4617.105,17.105,2.1665611146295123,TP,84.08686666666667,2025-26,25.0
1768304399929,1,4607.965,-8.02,-1.0069052102950409,SL,71.34371666666667,2025-26,25.0
1768309090274,-1,4592.135,-7.9,-1.0044500953591862,SL,41.66831666666667,2025-26,25.0
1768312840479,-1,4591.985,16.985,2.119151590767311,TP,93.52023333333334,2025-26,25.0
1768318823806,1,4583.135,16.865,2.073140749846343,TP,201.26791666666668,2025-26,25.0
1768331319139,1,4607.855,17.145,2.1826861871419476,TP,210.85058333333333,2025-26,25.0
1768348898480,1,4632.676,-7.701,-1.0032569046378321,SL,55.183733333333336,2025-26,25.0
1768353170291,1,4632.6,-7.615,-1.0019736842105262,SL,113.22716666666666,2025-26,25.0
1768362283170,1,4632.865,-8.48,-1.0781945327399873,SL,285.5584,2025-26,25.0
1768379464013,1,4632.925,-7.98,-1.0069400630914827,SL,4.3595,2025-26,25.0
1768383597191,-1,4617.145,17.145,2.1826861871419476,TP,29.2871,2025-26,25.0
1768385428558,1,4607.952,17.048,2.143863179074447,TP,11.7526,2025-26,25.0
1768386566076,-1,4616.835,-8.167,-1.000244947948561,SL,55.95076666666667,2025-26,25.0
1768397529328,1,4632.785,-7.99,-1.0263326910725754,SL,162.76231666666666,2025-26,25.0
1768413660548,1,4634.055,-9.1,-1.0049696300386526,SL,1.0470333333333333,2025-26,25.0
1768414017540,-1,4615.305,15.305,1.5786487880350697,TP,137.66158333333334,2025-26,25.0
1768422682656,-1,4591.955,-8.1,-1.006836544437539,SL,10.109866666666667,2025-26,25.0
1768424766998,1,4607.855,-8.28,-1.0541056651814131,SL,42.88708333333334,2025-26,25.0
1768428794839,-1,4592.135,-8.0,-1.0171646535282899,SL,168.737,2025-26,25.0
1768439581336,1,4608.085,-8.17,-1.010513296227582,SL,103.41248333333333,2025-26,25.0
1768451821264,1,4607.885,-8.2,-1.0399492707672797,SL,233.84255,2025-26,25.0
1768466129279,-1,4592.245,-7.94,-1.0238555770470663,SL,39.500033333333334,2025-26,25.0
1768469429407,1,4607.842,-7.857,-1.001912777352716,SL,15.2617,2025-26,25.0
1768509026808,1,4607.855,-7.93,-1.0095480585614258,SL,22.726433333333333,2025-26,25.0
1768513025934,-1,4592.135,-8.12,-1.0324221233312143,SL,40.40391666666667,2025-26,25.0
1768524301662,1,4607.865,-7.95,-1.010807374443738,SL,57.81831666666667,2025-26,25.0
1768529411440,1,4607.855,-7.93,-1.0095480585614258,SL,137.45331666666667,2025-26,25.0
1768540326880,1,4607.852,-8.104,-1.032093734080489,SL,47.568,2025-26,25.0
1768544220852,1,4607.885,-7.9,-1.0019023462270134,SL,95.63016666666667,2025-26,25.0
1768551404161,-1,4592.135,-8.467,-1.076541640178004,SL,27.6152,2025-26,25.0
1768554716405,1,4607.915,-8.086,-1.0216045483259633,SL,17.061816666666665,2025-26,25.0
1768556100657,1,4607.925,-8.62,-1.0876971608832808,SL,48.12061666666666,2025-26,25.0
1768559072141,-1,4591.985,16.985,2.119151590767311,TP,4.1767,2025-26,25.0
1768559389820,-1,4566.955,16.955,2.107520198881293,TP,3.7894833333333335,2025-26,25.0
1768560301882,1,4558.352,16.648,1.9932950191570882,TP,13.253483333333334,2025-26,25.0
1768561610577,1,4582.835,17.165,2.190810465858328,TP,3293.1859833333333,2025-26,25.0
1768759231448,1,4633.552,16.448,1.923292797006548,TP,5.062833333333334,2025-26,25.0
1768759683157,1,4658.752,16.248,1.8564899451553931,TP,15.5428,2025-26,25.0
1768760936965,1,4684.102,-9.477,-1.0411997363216876,SL,0.11065,2025-26,25.0
1768761639086,-1,4666.848,-8.367,-1.0263738959764475,SL,3.8578,2025-26,25.0
1768762050280,-1,4666.915,-10.38,-1.2838589981447124,SL,8.709466666666666,2025-26,25.0
1768763112809,-1,4666.835,-8.37,-1.0251071647274954,SL,17.254683333333332,2025-26,25.0
1768766722184,-1,4667.145,-7.957,-1.0129853596435392,SL,1.4912833333333333,2025-26,25.0
1768767078852,-1,4667.145,-7.87,-1.0019096117122852,SL,321.69943333333333,2025-26,25.0
1768789007074,-1,4667.125,-8.277,-1.051047619047619,SL,518.1819666666667,2025-26,25.0
1768832820788,-1,4667.048,-8.377,-1.0534456740442657,SL,213.39333333333335,2025-26,25.0
1768845818924,-1,4666.565,-8.487,-1.0061647895672792,SL,152.07785,2025-26,25.0
1768856229191,-1,4667.145,-7.88,-1.003182686187142,SL,38.66695,2025-26,25.0
1768863971139,1,4682.815,17.185,2.198976327575176,TP,59.16591666666667,2025-26,25.0
1768870000327,1,4707.985,17.015,2.1308703819661865,TP,145.02293333333333,2025-26,25.0
1768880172827,-1,4716.848,-8.477,-1.0398675171736997,SL,11.264083333333334,2025-26,25.0
1768883354517,1,4733.085,-8.12,-1.0043290043290043,SL,62.38268333333333,2025-26,25.0
1768891511431,1,4732.802,-8.057,-1.0326839271981543,SL,45.519016666666666,2025-26,25.0
1768897329954,-1,4716.845,-8.29,-1.0165542611894542,SL,12.15895,2025-26,25.0
1768899118071,1,4732.795,17.205,2.207184092366902,TP,36.80855,2025-26,25.0
1768901432018,-1,4741.578,16.578,1.9684160531940156,TP,55.04546666666667,2025-26,25.0
1768905065056,1,4732.902,-7.907,-1.0006327512022273,SL,5.3692,2025-26,25.0
1768905724506,1,4732.902,17.098,2.1637560111364214,TP,71.47213333333333,2025-26,25.0
1768910227337,1,4758.005,-8.097,-1.0114928169893815,SL,3.6066666666666665,2025-26,25.0
1768913090186,1,4757.805,-7.87,-1.00832799487508,SL,158.20016666666666,2025-26,25.0
1768924598633,1,4757.865,17.135,2.178639542275906,TP,169.42456666666666,2025-26,25.0
1768937589433,1,4782.842,17.158,2.1879622545269064,TP,37.82978333333333,2025-26,25.0
1768940044900,1,4807.985,17.015,2.1308703819661865,TP,14.883633333333334,2025-26,25.0
1768941034892,1,4833.305,-8.38,-1.009030704394943,SL,2.4913666666666665,2025-26,25.0
1768941269056,-1,4817.055,-7.977,-1.0040276903713028,SL,3.33555,2025-26,25.0
1768941603212,-1,4817.055,-7.97,-1.0031466331025802,SL,7.29925,2025-26,25.0
1768942309122,1,4832.885,-7.92,-1.004438807863031,SL,21.034316666666665,2025-26,25.0
1768944274934,-1,4817.035,-8.0,-1.0043942247332078,SL,4.952683333333334,2025-26,25.0
1768944827117,1,4832.855,17.145,2.1826861871419476,TP,105.70271666666666,2025-26,25.0
1768952135356,1,4857.835,17.165,2.190810465858328,TP,58.90615,2025-26,25.0
1768957476810,-1,4867.175,-8.18,-1.0453674121405752,SL,11.644316666666667,2025-26,25.0
1768958723923,1,4882.942,-8.157,-1.027071266683455,SL,12.39115,2025-26,25.0
1768959607262,-1,4867.015,17.015,2.1308703819661865,TP,17.310366666666667,2025-26,25.0
1768961003638,-1,4841.595,-8.43,-1.0029744199881023,SL,26.011783333333334,2025-26,25.0
1768963017940,-1,4841.975,-8.05,-1.0031152647975077,SL,5.940633333333333,2025-26,25.0
1768964595728,1,4857.905,17.095,2.1625553447185326,TP,84.50928333333333,2025-26,25.0
1768970253562,-1,4867.205,-7.99,-1.0250160359204619,SL,240.01258333333334,2025-26,25.0
1768986284967,-1,4865.845,15.845,1.7307482250136537,TP,0.29365,2025-26,25.0
1768986336908,1,4858.215,-8.26,-1.0054777845404748,SL,5.250816666666666,2025-26,25.0
1768986726245,-1,4841.925,-9.03,-1.118266253869969,SL,1.6782833333333333,2025-26,25.0
1768986909601,-1,4841.995,-8.017,-1.0014990630855716,SL,0.52885,2025-26,25.0
1768987263009,1,4857.945,-8.11,-1.0207677784770295,SL,1.5396,2025-26,25.0
1768987591876,1,4858.185,-8.36,-1.0213805742211362,SL,6.75695,2025-26,25.0
1768989310916,1,4857.855,-7.96,-1.0133672819859962,SL,4.91225,2025-26,25.0
1768989678930,1,4858.095,-8.11,-1.0018529956763433,SL,16.41705,2025-26,25.0
1768990722203,-1,4841.485,16.485,1.935995302407516,TP,2.7734833333333335,2025-26,25.0
1768990985860,-1,4816.235,-8.955,-1.0216771249286936,SL,3.4275333333333333,2025-26,25.0
1768991403685,1,4833.995,16.005,1.7793218454697053,TP,23.8815,2025-26,25.0
1768994335425,-1,4842.035,-7.97,-1.0006277463904583,SL,21.2507,2025-26,25.0
1768996533328,1,4832.845,-7.95,-1.0133843212237095,SL,7.238966666666666,2025-26,25.0
1768997581740,-1,4817.165,-7.91,-1.009572431397575,SL,7.5694,2025-26,25.0
1768998415418,-1,4817.185,-7.837,-1.002815099168266,SL,30.8343,2025-26,25.0
1769001935519,1,4832.965,17.035,2.138731952291274,TP,34.09206666666667,2025-26,25.0
1769005661111,-1,4841.835,16.835,2.061849357011635,TP,0.21843333333333334,2025-26,25.0
1769005677111,-1,4816.388,-8.917,-1.0354156990246168,SL,0.35341666666666666,2025-26,25.0
1769005705837,-1,4816.915,16.915,2.0921459492888066,TP,6.823683333333333,2025-26,25.0
1769006308906,1,4783.115,-8.53,-1.0511398644485521,SL,1.1417166666666667,2025-26,25.0
1769006649878,-1,4766.805,-8.387,-1.0234289200732154,SL,4.3514333333333335,2025-26,25.0
1769007052907,-1,4766.845,-8.36,-1.0251379521765789,SL,4.9943333333333335,2025-26,25.0
1769007485762,1,4782.965,-8.2,-1.029504080351538,SL,6.645333333333333,2025-26,25.0
1769008005336,1,4783.005,16.995,2.1230480949406623,TP,14.65205,2025-26,25.0
1769008946423,-1,4791.925,-8.12,-1.0055727554179568,SL,6.30515,2025-26,25.0
1769009447903,1,4807.865,17.135,2.178639542275906,TP,20.668016666666666,2025-26,25.0
1769011248454,-1,4817.145,-8.34,-1.0617441120305537,SL,14.472633333333333,2025-26,25.0
1769012405575,1,4832.935,-8.06,-1.015752993068683,SL,102.5438,2025-26,25.0
1769018674954,-1,4816.398,16.398,1.9063008602650546,TP,19.521616666666667,2025-26,25.0
1769020572958,-1,4791.845,16.845,2.065603923973023,TP,87.64985,2025-26,25.0
1769025958038,1,4782.905,17.095,2.1625553447185326,TP,14.022066666666667,2025-26,25.0
1769026994856,1,4807.885,-7.887,-1.0002536461636018,SL,4.47185,2025-26,25.0
1769027303357,-1,4791.928,-8.367,-1.0365460852329038,SL,0.8751166666666667,2025-26,25.0
1769029317991,-1,4791.955,-8.07,-1.0031075201988813,SL,124.65205,2025-26,25.0
1769042763808,1,4808.015,16.985,2.119151590767311,TP,35.256116666666664,2025-26,25.0
1769047575301,1,4833.265,-8.37,-1.012704174228675,SL,64.63395,2025-26,25.0
1769054531343,1,4832.925,-8.0,-1.0094637223974763,SL,30.177966666666666,2025-26,25.0
1769056350689,-1,4816.235,-8.8,-1.0039931545921277,SL,1.10485,2025-26,25.0
1769056935934,-1,4817.235,-7.89,-1.0160978750804894,SL,18.50796666666667,2025-26,25.0
1769064507820,1,4833.115,-8.15,-1.004313000616143,SL,13.10465,2025-26,25.0
1769066848381,1,4832.755,-8.08,-1.0419084461637653,SL,28.1574,2025-26,25.0
1769068827225,-1,4817.105,-8.177,-1.035718809373021,SL,11.833183333333332,2025-26,25.0
1769070010149,1,4832.975,-7.99,-1.0018808777429467,SL,9.962633333333333,2025-26,25.0
1769071336144,-1,4817.145,-8.18,-1.0413749204328453,SL,17.968083333333333,2025-26,25.0
1769074241159,1,4832.775,17.225,2.215434083601286,TP,55.81211666666667,2025-26,25.0
1769077865909,1,4858.025,16.975,2.115264797507788,TP,39.60008333333333,2025-26,25.0
1769081914037,1,4883.645,-8.87,-1.0260266049739735,SL,18.066416666666665,2025-26,25.0
1769083425780,1,4882.755,-7.81,-1.0070921985815602,SL,4.86395,2025-26,25.0
1769083873221,1,4882.975,17.025,2.134796238244514,TP,36.456183333333335,2025-26,25.0
1769086906435,1,4907.945,17.055,2.146633102580239,TP,133.1121,2025-26,25.0
1769097471002,-1,4917.265,-7.77,-1.004524886877828,SL,31.439216666666667,2025-26,25.0
1769099628276,1,4932.942,17.058,2.147821707378494,TP,90.49551666666666,2025-26,25.0
1769105762952,-1,4942.165,-7.85,-1.001914486279515,SL,31.492016666666668,2025-26,25.0
1769108015092,1,4958.055,-8.09,-1.0043451272501551,SL,21.55785,2025-26,25.0
1769111513253,1,4957.985,-8.1,-1.0144020037570445,SL,10.113366666666666,2025-26,25.0
1769112169166,-1,4941.965,-8.4,-1.04542626011201,SL,11.355466666666667,2025-26,25.0
1769114853787,1,4957.712,-7.807,-1.0123184647302905,SL,21.154583333333335,2025-26,25.0
1769118262874,1,4957.845,-7.93,-1.0108349267049075,SL,33.23055,2025-26,25.0
1769120352494,-1,4942.165,-7.91,-1.009572431397575,SL,14.650683333333333,2025-26,25.0
1769125223066,1,4957.785,-7.99,-1.0263326910725754,SL,91.24653333333333,2025-26,25.0
1769131484282,1,4957.775,-7.85,-1.0096463022508038,SL,17.46425,2025-26,25.0
1769137219456,-1,4942.245,17.245,2.223726627981947,TP,23.121533333333332,2025-26,25.0
1769138729873,-1,4916.945,-8.14,-1.010552451893234,SL,18.18675,2025-26,25.0
1769140080075,-1,4917.125,-7.92,-1.0057142857142858,SL,89.32711666666667,2025-26,25.0
1769146052055,1,4932.955,-7.98,-1.0031426775612822,SL,7.858466666666667,2025-26,25.0
1769148308020,-1,4917.115,-8.0,-1.014584654407102,SL,28.847916666666666,2025-26,25.0
1769151952725,1,4932.882,-8.567,-1.0869068764273027,SL,77.53233333333333,2025-26,25.0
1769156840314,1,4933.315,16.685,2.006614552014432,TP,78.83945,2025-26,25.0
1769162412079,-1,4941.915,-8.11,-1.0030921459492887,SL,3.0993666666666666,2025-26,25.0
1769163691964,-1,4942.165,-7.84,-1.0006381620931717,SL,9.271866666666666,2025-26,25.0
1769164895249,1,4957.995,17.005,2.1269543464665417,TP,28.68285,2025-26,25.0
1769167524653,1,4982.875,-7.95,-1.0095238095238095,SL,89.12236666666666,2025-26,25.0
1769172926522,-1,4967.165,-7.92,-1.0108487555839183,SL,7.97755,2025-26,25.0
1769173967798,1,4982.815,-7.96,-1.018554062699936,SL,17.744316666666666,2025-26,25.0
1769175702139,-1,4966.205,-8.81,-1.0017055144968732,SL,21.744616666666666,2025-26,25.0
1769179626792,1,4982.865,-8.06,-1.024793388429752,SL,20.432066666666667,2025-26,25.0
1769181306313,1,4982.845,17.155,2.186743148502231,TP,3044.95045,2025-26,25.0
1769364277668,-1,5015.898,-9.204,-1.011206328279499,SL,4.594833333333334,2025-26,25.0
1769364684108,-1,5016.645,-8.57,-1.0257330939557152,SL,4.732866666666666,2025-26,25.0
1769365626951,-1,5016.455,-8.94,-1.0462258630778234,SL,4.8604,2025-26,25.0
1769366806988,1,5033.235,16.765,2.0358227079538556,TP,53.821216666666665,2025-26,25.0
1769371084726,-1,5042.185,-7.98,-1.021113243761996,SL,12.648833333333334,2025-26,25.0
1769371985469,1,5057.775,17.225,2.215434083601286,TP,15.709866666666667,2025-26,25.0
1769373284194,1,5082.845,-7.89,-1.005736137667304,SL,3.9955166666666666,2025-26,25.0
1769373801073,1,5082.872,-8.027,-1.0196900406504066,SL,3.6395833333333334,2025-26,25.0
1769374565157,1,5082.925,-8.0,-1.0094637223974763,SL,1.7846333333333333,2025-26,25.0
1769375410158,-1,5067.185,-8.026,-1.0269993602047345,SL,1.0007166666666667,2025-26,25.0
1769376095107,1,5082.905,-8.29,-1.0487033523086653,SL,39.46178333333334,2025-26,25.0
1769378708353,1,5082.955,-7.99,-1.0043997485857952,SL,15.339433333333334,2025-26,25.0
1769379758838,1,5082.925,-7.94,-1.0018927444794952,SL,25.483966666666667,2025-26,25.0
1769383949908,-1,5066.835,-8.297,-1.0161665646050215,SL,79.92668333333333,2025-26,25.0
1769390065961,-1,5067.185,-7.83,-1.0019193857965452,SL,10.6986,2025-26,25.0
1769391421277,1,5082.785,17.215,2.2113037893384715,TP,10.043866666666666,2025-26,25.0
1769392072677,1,5107.835,-7.9,-1.0082961072112318,SL,6.1368833333333335,2025-26,25.0
1769392554721,-1,5092.109,17.109,2.168166265365606,TP,5.435033333333333,2025-26,25.0
1769393044397,1,5082.821,-7.826,-1.0006393044367727,SL,356.12676666666664,2025-26,25.0
1769414572813,-1,5067.025,-8.32,-1.0432601880877743,SL,2.6238,2025-26,25.0
1769415347238,1,5082.745,-7.96,-1.02775984506133,SL,3.34285,2025-26,25.0
1769415913689,-1,5067.085,-7.92,-1.0006317119393557,SL,3.3038333333333334,2025-26,25.0
1769416232175,-1,5067.005,-8.07,-1.0093808630393997,SL,21.9981,2025-26,25.0
1769417855135,-1,5067.228,-7.797,-1.0032166752444673,SL,23.689666666666668,2025-26,25.0
1769419677091,1,5082.915,-8.4,-1.0612760581174985,SL,3.5558,2025-26,25.0
1769419931103,1,5082.805,-7.91,-1.0134529147982063,SL,63.01955,2025-26,25.0
1769423761139,1,5083.102,-8.787,-1.0845470254258207,SL,5.752433333333333,2025-26,25.0
1769424402490,1,5082.935,17.065,2.15059861373661,TP,17.545016666666665,2025-26,25.0
1769426463194,-1,5092.215,17.215,2.2113037893384715,TP,7.882916666666667,2025-26,25.0
1769427536498,-1,5067.035,-8.19,-1.0282485875706215,SL,1.67545,2025-26,25.0
1769427720835,1,5083.125,-8.36,-1.0289230769230768,SL,2.7618,2025-26,25.0
1769428045579,1,5082.805,17.195,2.2030749519538757,TP,55.60236666666667,2025-26,25.0
1769432764174,-1,5092.265,17.265,2.2320620555914674,TP,26.245966666666668,2025-26,25.0
1769434801696,-1,5067.215,-7.81,-1.0032113037893384,SL,6.787883333333333,2025-26,25.0
1769435432975,1,5082.765,-8.71,-1.1216999356084998,SL,5.702183333333333,2025-26,25.0
1769436001464,-1,5067.115,17.115,2.170577045022194,TP,2.1768666666666667,2025-26,25.0
1769436203586,-1,5041.904,-8.391,-1.0364377470355732,SL,1.9489166666666666,2025-26,25.0
1769436457279,1,5057.835,-8.126,-1.037141033822591,SL,8.814583333333333,2025-26,25.0
1769437085753,-1,5040.625,15.625,1.6666666666666667,TP,3.9834833333333335,2025-26,25.0
1769437539286,1,5033.015,-8.02,-1.0006238303181534,SL,4.087816666666667,2025-26,25.0
1769437821641,1,5033.135,-8.24,-1.0129071911493546,SL,16.8313,2025-26,25.0
1769438889757,-1,5017.035,-7.99,-1.0031387319522913,SL,4.57535,2025-26,25.0
1769439232605,-1,5016.905,-8.13,-1.0043236565781346,SL,1.3754833333333334,2025-26,25.0
1769439648225,1,5033.025,16.975,2.115264797507788,TP,10.575566666666667,2025-26,25.0
1769440595157,-1,5042.025,-8.016,-1.005141065830721,SL,2.2984333333333336,2025-26,25.0
1769440810451,-1,5042.189,-7.816,-1.0006401229035975,SL,2.57045,2025-26,25.0
1769441400150,1,5058.095,-9.236,-1.1409512044471897,SL,7.3065,2025-26,25.0
1769442669791,1,5057.815,-7.97,-1.0198336532309662,SL,16.982866666666666,2025-26,25.0
1769443831910,-1,5041.889,16.889,2.0822340032055235,TP,6.7271833333333335,2025-26,25.0
1769444315421,1,5032.925,-9.12,-1.150788643533123,SL,2.2286166666666665,2025-26,25.0
1769444461905,-1,5016.598,-8.417,-1.001785289216853,SL,0.84465,2025-26,25.0
1769445037368,-1,5017.015,17.015,2.1308703819661865,TP,5.552933333333334,2025-26,25.0
1769445378686,-1,4991.295,-8.85,-1.0166570936243537,SL,0.42386666666666667,2025-26,25.0
1769445625920,1,5008.075,16.925,2.0959752321981426,TP,80.57513333333333,2025-26,25.0
1769450653277,1,5033.305,16.695,2.0102347983142685,TP,34.98663333333333,2025-26,25.0
1769454002983,-1,5042.155,-7.96,-1.0146590184831104,SL,5.221383333333334,2025-26,25.0
1769456140464,-1,5042.048,17.048,2.143863179074447,TP,13.333783333333333,2025-26,25.0
1769457083600,-1,5017.215,-7.8,-1.001926782273603,SL,3.7016666666666667,2025-26,25.0
1769457437051,1,5032.835,-8.399,-1.0719846841097638,SL,2.761083333333333,2025-26,25.0
1769457630843,1,5033.025,-8.21,-1.0230529595015576,SL,0.85935,2025-26,25.0
1769457879028,1,5033.085,16.915,2.0921459492888066,TP,3.94635,2025-26,25.0
1769458279830,1,5057.925,17.075,2.1545741324921135,TP,3.9462,2025-26,25.0
1769458568169,-1,5066.835,16.835,2.061849357011635,TP,46.8673,2025-26,25.0
1769461488701,1,5057.805,17.195,2.2030749519538757,TP,33.1891,2025-26,25.0
1769464476120,-1,5067.185,-7.92,-1.0134357005758157,SL,45.9671,2025-26,25.0
1769470702582,-1,5067.155,-7.87,-1.0031867431485022,SL,66.18671666666667,2025-26,25.0
1769475020681,1,5082.935,17.065,2.15059861373661,TP,111.32146666666667,2025-26,25.0
1769481882884,-1,5092.195,17.195,2.2030749519538757,TP,47.168683333333334,2025-26,25.0
1769485324843,1,5082.795,-7.95,-1.0198845413726747,SL,186.86956666666666,2025-26,25.0
1769496712466,-1,5067.215,-7.88,-1.0122029543994862,SL,3.9784166666666665,2025-26,25.0
1769497622085,1,5082.885,-7.93,-1.00570703868104,SL,13.341833333333334,2025-26,25.0
1769499053994,1,5082.802,-7.887,-1.0108946423993848,SL,63.630916666666664,2025-26,25.0
1769504715200,-1,5067.145,17.145,2.1826861871419476,TP,11.361466666666667,2025-26,25.0
1769505623075,1,5058.202,16.798,2.0480370641306997,TP,16.50675,2025-26,25.0
1769506772420,-1,5067.109,-7.966,-1.0095044987960968,SL,1.4951833333333333,2025-26,25.0
1769507319646,-1,5067.175,17.175,2.194888178913738,TP,11.870533333333332,2025-26,25.0
1769508089791,1,5058.135,16.865,2.073140749846343,TP,23.381183333333333,2025-26,25.0
1769510235378,1,5083.025,16.975,2.115264797507788,TP,41.40058333333333,2025-26,25.0
1769513520835,-1,5091.688,-8.354,-1.0050529355149183,SL,203.68908333333334,2025-26,25.0
1769526202274,1,5107.955,17.045,2.1426775612822127,TP,6.3597,2025-26,25.0
1769526647910,1,5133.295,16.705,2.013863773357444,TP,10.733016666666666,2025-26,25.0
1769527297308,-1,5141.555,-8.697,-1.0298401420959147,SL,1.3014166666666667,2025-26,25.0
1769528801024,1,5158.195,-9.72,-1.1860890787065284,SL,1.00695,2025-26,25.0
1769528904888,1,5158.125,16.875,2.076923076923077,TP,5.4928,2025-26,25.0
1769529546142,1,5183.082,-8.317,-1.0290769611482307,SL,1.2478333333333333,2025-26,25.0
1769529789812,1,5183.015,-9.34,-1.1653150343106675,SL,4.761433333333334,2025-26,25.0
1769530280479,1,5183.401,-8.666,-1.031543863825735,SL,1.64725,2025-26,25.0
1769532019258,1,5183.055,-8.24,-1.0229671011793917,SL,12.45795,2025-26,25.0
1769533120519,1,5183.245,-8.747,-1.0608853850818678,SL,62.0929,2025-26,25.0
1769536963190,1,5183.902,-8.987,-1.0095484160862727,SL,4.440383333333333,2025-26,25.0
1769537810253,-1,5166.805,-8.26,-1.0079316656497865,SL,37.80753333333333,2025-26,25.0
1769540468207,-1,5166.938,-8.157,-1.0117836765070702,SL,50.80158333333333,2025-26,25.0
1769544209556,1,5182.825,17.175,2.194888178913738,TP,3.9424333333333332,2025-26,25.0
1769544634497,-1,5192.155,-7.88,-1.004461440407903,SL,26.5703,2025-26,25.0
1769546430363,1,5207.965,17.035,2.138731952291274,TP,52.200266666666664,2025-26,25.0
1769550881335,1,5232.995,-8.02,-1.0031269543464665,SL,46.55285,2025-26,25.0
1769553827468,1,5232.805,17.195,2.2030749519538757,TP,82.34775,2025-26,25.0
1769559066494,1,5257.785,17.215,2.2113037893384715,TP,119.38633333333334,2025-26,25.0
1769566855200,1,5282.965,-8.38,-1.0521029504080353,SL,2.2284,2025-26,25.0
1769567152115,1,5282.855,-8.01,-1.01973265436028,SL,10.404416666666666,2025-26,25.0
1769568561684,1,5282.785,17.215,2.2113037893384715,TP,37.44841666666667,2025-26,25.0
1769571161452,1,5307.875,-7.88,-1.0006349206349205,SL,5.595483333333333,2025-26,25.0
1769571834516,-1,5291.785,16.785,2.0432136335970785,TP,34.12493333333333,2025-26,25.0
1769575452192,-1,5266.935,-8.077,-1.0014879107253565,SL,5.059683333333333,2025-26,25.0
1769576993647,1,5282.855,-7.87,-1.0019096117122852,SL,20.3007,2025-26,25.0
1769580021078,-1,5267.165,17.165,2.190810465858328,TP,4.587133333333333,2025-26,25.0
1769580368951,-1,5240.305,-9.71,-1.001547189272821,SL,0.7044,2025-26,25.0
1769580637646,1,5257.935,-7.936,-1.0001260239445495,SL,10.7249,2025-26,25.0
1769581517950,1,5258.305,16.695,2.0102347983142685,TP,89.108,2025-26,25.0
1769587327523,1,5282.755,-7.806,-1.0065764023210833,SL,9.851333333333333,2025-26,25.0
1769588570846,1,5282.865,-7.87,-1.0006357279084552,SL,12.110433333333333,2025-26,25.0
1769589465738,-1,5267.145,17.145,2.1826861871419476,TP,28.708516666666668,2025-26,25.0
1769591256342,1,5257.845,17.155,2.186743148502231,TP,28.870183333333333,2025-26,25.0
1769593200649,1,5282.885,-7.9,-1.0019023462270134,SL,1.0335666666666667,2025-26,25.0
1769593366700,1,5283.265,-8.4,-1.0163339382940109,SL,2.9105833333333333,2025-26,25.0
1769594313997,1,5284.185,-9.22,-1.0038105606967882,SL,9.033966666666666,2025-26,25.0
1769594871571,-1,5266.098,16.098,1.8083576724331611,TP,0.31893333333333335,2025-26,25.0
1769594897599,1,5257.875,-8.03,-1.0196825396825397,SL,0.09281666666666667,2025-26,25.0
1769594906004,-1,5241.645,-8.646,-1.0348294434470378,SL,0.3117666666666667,2025-26,25.0
1769594983669,-1,5241.785,-8.29,-1.0091296409007913,SL,0.4255333333333333,2025-26,25.0
1769595017574,1,5258.802,-8.853,-1.0057941376959783,SL,0.5824,2025-26,25.0
1769595148714,1,5258.155,-8.457,-1.0370324954015941,SL,5.094983333333333,2025-26,25.0
1769595532745,1,5259.431,15.569,1.6508323613614675,TP,11.7756,2025-26,25.0
1769596401154,-1,5266.919,-8.383,-1.037371612424205,SL,0.8781,2025-26,25.0
1769596870247,1,5282.915,-7.93,-1.001895135818067,SL,5.081183333333334,2025-26,25.0
1769597470439,-1,5267.035,-8.07,-1.0131826741996233,SL,3.6076,2025-26,25.0
1769598062876,1,5282.865,-7.88,-1.0019071837253655,SL,2.5642833333333335,2025-26,25.0
1769598351827,1,5283.115,16.885,2.0807147258163896,TP,54.092283333333334,2025-26,25.0
1769602627870,-1,5291.948,-8.107,-1.0068306010928962,SL,5.496183333333334,2025-26,25.0
1769603702190,-1,5292.175,-7.87,-1.0057507987220446,SL,17.4836,2025-26,25.0
1769606296158,1,5307.885,17.115,2.170577045022194,TP,6.039016666666667,2025-26,25.0
1769606772540,-1,5317.155,17.155,2.186743148502231,TP,3.95045,2025-26,25.0
1769608243816,1,5282.945,-8.03,-1.0106985525487728,SL,1.6046,2025-26,25.0
1769608629110,1,5283.095,-8.14,-1.0055589870290302,SL,1.4421333333333333,2025-26,25.0
1769609114068,1,5283.295,-9.07,-1.0934297769740808,SL,1.8507,2025-26,25.0
1769609378667,1,5283.045,16.955,2.107520198881293,TP,5.691766666666667,2025-26,25.0
1769610131771,-1,5292.078,-7.924,-1.0002524614996213,SL,14.1709,2025-26,25.0
1769611358401,1,5308.055,16.945,2.1036623215394163,TP,15.26985,2025-26,25.0
1769612439254,1,5333.095,-8.14,-1.0055589870290302,SL,2.3842166666666667,2025-26,25.0
1769613455806,1,5333.295,16.705,2.013863773357444,TP,9.85725,2025-26,25.0
1769614223009,1,5357.915,17.085,2.158559696778269,TP,8.25835,2025-26,25.0
1769614915844,1,5382.805,-7.93,-1.0160153747597693,SL,10.873366666666668,2025-26,25.0
1769615688296,-1,5367.135,-8.2,-1.042593769866497,SL,0.211,2025-26,25.0
1769615972546,1,5383.125,16.875,2.076923076923077,TP,49.25335,2025-26,25.0
1769619072864,-1,5391.545,-9.0,-1.0644589000591367,SL,0.86995,2025-26,25.0
1769619187813,1,5407.935,17.065,2.15059861373661,TP,67.91213333333333,2025-26,25.0
1769623322797,-1,5441.448,-8.813,-1.0305191768007484,SL,6.218216666666667,2025-26,25.0
1769623922182,1,5458.102,16.898,2.085657862256233,TP,3.0024,2025-26,25.0
1769624162740,1,5483.102,-8.217,-1.0141940261663787,SL,5.4245,2025-26,25.0
1769624514533,1,5484.305,15.695,1.6867275658248253,TP,8.564183333333334,2025-26,25.0
1769625109232,-1,5491.885,-8.117,-1.0002464571780654,SL,3.131266666666667,2025-26,25.0
1769625325601,1,5508.645,16.355,1.891844997108155,TP,1.6595666666666666,2025-26,25.0
1769625439222,1,5534.572,15.428,1.6117843710823234,TP,1.4233333333333333,2025-26,25.0
1769625533905,-1,5565.815,-9.287,-1.0111050626020686,SL,0.1233,2025-26,25.0
1769625544188,-1,5566.845,-9.05,-1.1097486204782343,SL,0.04245,2025-26,25.0
1769625547697,1,5583.785,-9.19,-1.0461013090495161,SL,0.17835,2025-26,25.0
1769625561030,-1,5566.105,-9.097,-1.0227093872962338,SL,0.3216,2025-26,25.0
1769625588781,1,5584.465,-10.06,-1.062863180137348,SL,0.27013333333333334,2025-26,25.0
1769625613911,-1,5566.835,-9.09,-1.1132884262094305,SL,0.11221666666666667,2025-26,25.0
1769625629196,1,5584.302,-9.417,-1.0123629327026447,SL,0.2254,2025-26,25.0
1769625648185,-1,5565.075,-9.95,-1.0025188916876575,SL,0.09676666666666667,2025-26,25.0
1769625670191,-1,5566.635,-9.05,-1.0818888224745966,SL,0.24735,2025-26,25.0
1769625693462,-1,5566.599,-9.513,-1.1323651946196882,SL,0.3154166666666667,2025-26,25.0
1769625731974,-1,5565.765,15.765,1.7070925825663237,TP,1.8019333333333334,2025-26,25.0
1769625843377,-1,5541.629,16.629,1.9865010154103453,TP,1.9601333333333333,2025-26,25.0
1769625993387,-1,5515.809,-9.316,-1.0136002611250137,SL,1.7332666666666667,2025-26,25.0
1769626134628,-1,5515.295,15.295,1.5759917568263782,TP,0.8122,2025-26,25.0
1769626269782,1,5509.502,-10.007,-1.0531467059566406,SL,0.13575,2025-26,25.0
1769626470796,-1,5491.635,-8.367,-1.0002390914524806,SL,1.50005,2025-26,25.0
1769626568766,1,5508.681,16.319,1.8798525515493607,TP,0.6120333333333333,2025-26,25.0
1769626696979,-1,5516.765,-9.647,-1.1714632665452338,SL,0.14653333333333332,2025-26,25.0
1769626752627,-1,5516.435,16.435,1.918855808523059,TP,1.4856833333333332,2025-26,25.0
1769626882294,-1,5464.555,-10.57,-1.0119674485399712,SL,0.9611,2025-26,25.0
1769626947954,1,5484.302,15.698,1.6875940657923028,TP,5.337083333333333,2025-26,25.0
1769627657460,-1,5490.855,-9.42,-1.0300710770913066,SL,1.1324166666666666,2025-26,25.0
1769627786417,-1,5491.415,16.415,1.9120559114735003,TP,4.4016166666666665,2025-26,25.0
1769628325451,1,5483.171,16.829,2.0596010280259454,TP,3.0391,2025-26,25.0
1769628746724,1,5508.075,16.925,2.0959752321981426,TP,2.7901666666666665,2025-26,25.0
1769629072260,-1,5516.765,16.765,2.0358227079538556,TP,4.803216666666667,2025-26,25.0
1769629433428,1,5507.982,17.018,2.132047105988474,TP,16.2539,2025-26,25.0
1769630417547,-1,5516.665,16.665,1.9994001199760048,TP,0.38575,2025-26,25.0
1769630526638,-1,5491.015,16.015,1.7824151363383416,TP,2.171483333333333,2025-26,25.0
1769630684713,1,5483.632,-9.274,-1.074374420759963,SL,0.17841666666666667,2025-26,25.0
1769630979443,-1,5466.505,16.505,1.942907592701589,TP,0.2479,2025-26,25.0
1769631020123,1,5458.605,16.395,1.905287623474724,TP,2.6041833333333333,2025-26,25.0
1769631662023,-1,5491.625,-8.877,-1.0599402985074626,SL,2.71605,2025-26,25.0
1769631850736,1,5508.245,16.755,2.0321406913280775,TP,16.026616666666666,2025-26,25.0
1769632829694,1,5533.102,16.898,2.085657862256233,TP,2.2283333333333335,2025-26,25.0
1769633021541,-1,5541.875,-8.15,-1.003076923076923,SL,8.797283333333333,2025-26,25.0
1769633694491,-1,5541.798,16.798,2.0480370641306997,TP,7.12,2025-26,25.0
1769634516577,-1,5516.575,-8.61,-1.0219584569732938,SL,2.4388833333333335,2025-26,25.0
1769634733139,1,5533.225,-8.32,-1.011550151975684,SL,1.5499,2025-26,25.0
1769634856555,-1,5516.925,-8.18,-1.0130030959752323,SL,12.592716666666666,2025-26,25.0
1769635849033,1,5532.985,-8.24,-1.031934877896055,SL,10.8523,2025-26,25.0
1769636782236,1,5532.965,-8.496,-1.0666666666666667,SL,17.549916666666668,2025-26,25.0
1769638402518,1,5532.915,-8.06,-1.018319646241314,SL,6.111483333333333,2025-26,25.0
1769639068755,1,5532.865,-8.09,-1.0286077558804831,SL,4.55115,2025-26,25.0
1769639692461,1,5533.075,-8.13,-1.006811145510836,SL,2.4515,2025-26,25.0
1769640330031,1,5532.845,17.155,2.186743148502231,TP,15.6586,2025-26,25.0
1769641327538,-1,5542.135,-8.23,-1.0464081373172283,SL,5.526533333333333,2025-26,25.0
1769641885352,-1,5542.045,-8.22,-1.0333123821495915,SL,16.372783333333334,2025-26,25.0
1769643228350,1,5557.785,-7.9,-1.014771997430957,SL,27.397,2025-26,25.0
1769646061531,-1,5541.805,16.805,2.050640634533252,TP,2.1582333333333334,2025-26,25.0
1769646263553,-1,5516.805,-8.26,-1.0079316656497865,SL,0.22551666666666667,2025-26,25.0
1769646393460,1,5533.245,16.755,2.0321406913280775,TP,4.77805,2025-26,25.0
1769647739745,1,5558.315,16.685,2.006614552014432,TP,13.27915,2025-26,25.0
1769648672454,1,5583.215,-8.3,-1.01034692635423,SL,12.92505,2025-26,25.0
1769649536495,1,5583.162,-8.267,-1.0128644939965694,SL,27.654083333333332,2025-26,25.0
1769651205928,-1,5566.965,-8.117,-1.0102053515868077,SL,5.7043333333333335,2025-26,25.0
1769651683335,-1,5566.985,-8.03,-1.0018714909544604,SL,8.308,2025-26,25.0
1769652314104,-1,5566.955,16.955,2.107520198881293,TP,22.589483333333334,2025-26,25.0
1769653725853,-1,5541.878,-8.197,-1.0092341787737011,SL,2.3271333333333333,2025-26,25.0
1769654166468,1,5557.875,-7.9,-1.0031746031746032,SL,1.86895,2025-26,25.0
1769655768971,-1,5542.205,17.205,2.207184092366902,TP,3.740283333333333,2025-26,25.0
1769656043994,1,5533.025,-8.58,-1.0691588785046728,SL,12.154066666666667,2025-26,25.0
1769656812176,1,5532.962,-8.227,-1.0332830946998242,SL,7.617016666666666,2025-26,25.0
1769657534492,-1,5517.065,-8.037,-1.0128544423440453,SL,0.7981833333333334,2025-26,25.0
1769657991542,-1,5516.975,16.975,2.115264797507788,TP,3.9600333333333335,2025-26,25.0
1769658338957,1,5483.105,16.895,2.0845157310302285,TP,2.7013666666666665,2025-26,25.0
1769658608824,1,5508.765,-9.34,-1.0656018254420994,SL,13.04465,2025-26,25.0
1769659569078,1,5508.125,16.875,2.076923076923077,TP,33.97881666666667,2025-26,25.0
1769662022281,-1,5516.875,-8.28,-1.019076923076923,SL,28.261066666666668,2025-26,25.0
1769663781316,-1,5516.735,16.735,2.0248033877797944,TP,14.96145,2025-26,25.0
1769664834336,1,5508.075,-8.1,-1.0030959752321982,SL,1.5131333333333334,2025-26,25.0
1769665124889,1,5507.985,-8.4,-1.0519724483406387,SL,18.010983333333332,2025-26,25.0
1769666763869,1,5483.055,16.945,2.1036623215394163,TP,5.909583333333333,2025-26,25.0
1769670792467,1,5532.945,-8.03,-1.0106985525487728,SL,58.11323333333333,2025-26,25.0
1769674323311,-1,5516.885,-8.317,-1.0248921749845965,SL,12.694033333333334,2025-26,25.0
1769675339624,-1,5516.785,-8.25,-1.0042604990870359,SL,13.141233333333334,2025-26,25.0
1769676484012,-1,5516.175,-8.83,-1.0005665722379604,SL,19.786783333333332,2025-26,25.0
1769677700777,1,5533.395,-8.42,-1.0029779630732578,SL,7.565633333333333,2025-26,25.0
1769678547083,-1,5516.725,-8.76,-1.0586102719033232,SL,1.9125,2025-26,25.0
1769678794816,1,5532.885,-8.38,-1.0627774254914395,SL,7.727733333333333,2025-26,25.0
1769679304667,-1,5516.839,-8.376,-1.026344810684965,SL,3.4344333333333332,2025-26,25.0
1769679570060,1,5532.865,-8.37,-1.0642085187539734,SL,1.4205666666666668,2025-26,25.0
1769679727136,-1,5516.848,16.848,2.0667320902845927,TP,4.419483333333333,2025-26,25.0
1769680069693,-1,5492.105,-8.16,-1.033565547815073,SL,0.6813833333333333,2025-26,25.0
1769680140118,1,5508.451,-9.186,-1.0869719559815407,SL,4.713216666666667,2025-26,25.0
1769680490874,1,5508.005,-8.057,-1.0064959400374767,SL,0.8687666666666667,2025-26,25.0
1769680684877,1,5508.145,-8.48,-1.0411295273173726,SL,1.6899833333333334,2025-26,25.0
1769680803021,-1,5491.698,16.698,2.0113225728740063,TP,1.6444166666666666,2025-26,25.0
1769680909168,-1,5459.808,9.808,0.6456029489204844,TP,1.6983,2025-26,25.0
1769681043105,-1,5442.298,-7.817,-1.014931186704752,SL,0.26421666666666666,2025-26,25.0
1769681097933,1,5458.302,-8.717,-1.0499879547097084,SL,1.39805,2025-26,25.0
1769681219138,-1,5440.898,15.898,1.7466490881125027,TP,1.6376333333333333,2025-26,25.0
1769681472040,-1,5415.635,15.635,1.6695141484249867,TP,0.85895,2025-26,25.0
1769681535607,1,5409.712,15.288,1.5741350906095553,TP,0.5593833333333333,2025-26,25.0
1769681589608,-1,5416.349,16.349,1.8898393249335337,TP,1.3113166666666667,2025-26,25.0
1769681683808,-1,5366.325,-8.98,-1.0351585014409221,SL,0.1325,2025-26,25.0
1769681695663,1,5384.425,-10.28,-1.0907161803713528,SL,0.1368,2025-26,25.0
1769681714700,-1,5365.805,15.805,1.718868950516585,TP,0.2675166666666667,2025-26,25.0
1769681739259,1,5359.992,-10.147,-1.0155124099279424,SL,0.38615,2025-26,25.0
1769681778165,-1,5340.895,15.895,1.7457440966501923,TP,0.15521666666666667,2025-26,25.0
1769681795327,-1,5314.868,-10.924,-1.0781681800236873,SL,0.23361666666666667,2025-26,25.0
1769681812545,1,5334.302,-10.077,-1.0833154160395613,SL,0.10008333333333333,2025-26,25.0
1769681822764,-1,5315.495,15.495,1.6301946344029459,TP,0.36128333333333335,2025-26,25.0
1769681892208,1,5308.735,16.265,1.8620492272467086,TP,0.25003333333333333,2025-26,25.0
1769681910405,1,5333.875,16.125,1.8169014084507042,TP,0.2647,2025-26,25.0
1769681929476,-1,5341.065,16.065,1.7979854504756576,TP,0.5495833333333333,2025-26,25.0
1769682000147,1,5334.465,-9.63,-1.01743264659271,SL,0.1927,2025-26,25.0
1769682027816,1,5336.795,-11.87,-1.0063586265366682,SL,0.24961666666666665,2025-26,25.0
1769682064694,-1,5341.315,-8.737,-1.0059873344847439,SL,0.0878,2025-26,25.0
1769682075345,1,5358.445,-9.08,-1.0751924215512136,SL,0.0313,2025-26,25.0
1769682139707,1,5360.162,-10.797,-1.0624876992717969,SL,0.20833333333333334,2025-26,25.0
1769682187227,-1,5340.915,15.915,1.75178866263071,TP,1.0661333333333334,2025-26,25.0
1769682307460,1,5309.322,-9.477,-1.0166273331903024,SL,0.1733,2025-26,25.0
1769682377679,-1,5291.525,16.525,1.9498525073746313,TP,0.17291666666666666,2025-26,25.0
1769682419982,1,5260.292,-10.314,-1.0021375825884182,SL,0.08451666666666667,2025-26,25.0
1769682437779,-1,5240.828,15.828,1.7256868730920192,TP,0.12423333333333333,2025-26,25.0
1769682463878,-1,5190.395,15.395,1.6028110359187924,TP,0.09701666666666667,2025-26,25.0
1769682479408,-1,5140.098,15.098,1.5247424762674207,TP,0.0202,2025-26,25.0
1769682504594,1,5188.405,-63.405,-0.7172105650132911,TP,0.017633333333333334,2025-26,25.0
1769682514821,1,5214.982,-15.244,-1.0174876518488853,SL,0.13956666666666667,2025-26,25.0
1769682525594,-1,5188.498,13.498,1.1735350373848026,TP,0.19691666666666666,2025-26,25.0
1769682547837,-1,5164.085,14.085,1.2904260192395787,TP,0.10521666666666667,2025-26,25.0
1769682558542,1,5162.685,-12.7,-1.0011824990145841,SL,0.055233333333333336,2025-26,25.0
1769682580562,1,5188.502,11.498,0.8515775440675456,TP,0.09776666666666667,2025-26,25.0
1769682595284,-1,5189.205,-11.08,-1.0264011116257528,SL,0.2557833333333333,2025-26,25.0
1769682627388,1,5210.155,14.845,1.4618414574101428,TP,0.12851666666666667,2025-26,25.0
1769682647301,1,5260.602,-11.317,-1.0674401056404452,SL,0.07471666666666667,2025-26,25.0
1769682653560,-1,5238.405,-14.42,-1.2436394997843898,SL,0.27936666666666665,2025-26,25.0
1769682675155,-1,5239.665,14.665,1.4189646831156264,TP,0.1019,2025-26,25.0
1769682711378,-1,5191.415,16.415,1.9120559114735003,TP,0.2554666666666667,2025-26,25.0
1769682731437,-1,5140.008,-10.247,-1.0255204163330665,SL,0.06831666666666666,2025-26,25.0
1769682736397,1,5159.202,15.798,1.716800695500978,TP,0.15306666666666666,2025-26,25.0
1769682753340,-1,5160.848,10.848,0.7665347654041832,TP,0.3514333333333333,2025-26,25.0
1769682797842,1,5161.902,13.098,1.100487313056629,TP,0.42716666666666664,2025-26,25.0
1769682848864,-1,5166.145,-8.89,-1.0039525691699605,SL,0.0449,2025-26,25.0
1769682854742,1,5184.752,-11.147,-1.143047579983593,SL,0.0608,2025-26,25.0
1769682869063,-1,5164.095,14.095,1.2925263640531865,TP,0.7281833333333333,2025-26,25.0
1769682966154,-1,5115.755,-9.347,-1.011032990805841,SL,0.6025833333333334,2025-26,25.0
1769683003678,1,5134.365,15.635,1.6695141484249867,TP,0.44135,2025-26,25.0
1769683044659,-1,5166.605,-8.497,-1.0121500893388922,SL,0.44103333333333333,2025-26,25.0
1769683091644,1,5184.552,15.448,1.617252931323283,TP,0.15721666666666667,2025-26,25.0
1769683136152,-1,5216.295,-9.086,-1.0437679494543366,SL,0.18808333333333332,2025-26,25.0
1769683148939,1,5236.502,-11.537,-1.0030429490523387,SL,0.0491,2025-26,25.0
1769683158438,-1,5216.135,16.135,1.820078962210942,TP,0.16201666666666667,2025-26,25.0
1769683179463,1,5208.812,-9.787,-1.1106445755787562,SL,0.1575,2025-26,25.0
1769683206940,-1,5189.675,14.675,1.4213075060532687,TP,0.16995,2025-26,25.0
1769683227623,-1,5164.495,-12.207,-1.1620180866254164,SL,0.20863333333333334,2025-26,25.0
1769683241257,1,5186.002,-11.804,-1.0728958371205235,SL,0.07946666666666667,2025-26,25.0
1769683266879,-1,5165.945,-11.057,-1.2210933186085036,SL,0.1087,2025-26,25.0
1769683275580,-1,5165.775,-9.406,-1.0196205962059621,SL,0.85655,2025-26,25.0
1769683335480,-1,5165.495,15.495,1.6301946344029459,TP,0.15056666666666665,2025-26,25.0
1769683347858,-1,5136.295,11.295,0.8241517694272164,TP,0.0891,2025-26,25.0
1769683357019,-1,5116.055,-12.197,-1.3635550586920067,SL,0.0094,2025-26,25.0
1769683360869,1,5133.692,-10.337,-1.1892544868844914,SL,0.1654,2025-26,25.0
1769683387949,1,5135.562,-11.253,-1.0654232153001326,SL,1.2892833333333333,2025-26,25.0
1769683467950,-1,5115.419,-10.033,-1.047176703893122,SL,0.11738333333333334,2025-26,25.0
1769683502018,-1,5115.985,-9.016,-1.0001109262340544,SL,0.04306666666666667,2025-26,25.0
1769683507445,1,5134.932,15.068,1.5171163914619412,TP,0.37826666666666664,2025-26,25.0
1769683541846,1,5158.912,16.088,1.8052064631956912,TP,1.3661833333333333,2025-26,25.0
1769683635568,-1,5165.295,15.295,1.5759917568263782,TP,0.34536666666666666,2025-26,25.0
1769683668179,1,5159.585,-9.6,-1.001564945226917,SL,0.2668833333333333,2025-26,25.0
1769683729011,1,5184.322,-11.197,-1.201137095043982,SL,0.0538,2025-26,25.0
1769683822214,1,5184.402,15.598,1.6590087215486067,TP,2.8002166666666666,2025-26,25.0
1769684018078,1,5210.402,-10.847,-1.042780234570275,SL,0.49395,2025-26,25.0
1769684102787,-1,5191.585,16.585,1.9708853238265003,TP,2.5991333333333335,2025-26,25.0
1769684274267,-1,5166.965,-8.489,-1.056502800248911,SL,0.034666666666666665,2025-26,25.0
1769684291912,1,5184.842,-10.817,-1.099065230644178,SL,1.8377666666666668,2025-26,25.0
1769684440614,1,5184.702,15.298,1.5767882910740054,TP,1.0138666666666667,2025-26,25.0
1769684661054,1,5234.052,-9.087,-1.003866548828988,SL,0.1399,2025-26,25.0
1769684687731,1,5233.352,16.648,1.9932950191570882,TP,0.92845,2025-26,25.0
1769684755628,1,5259.052,-9.217,-1.0182280159080865,SL,0.1178,2025-26,25.0
1769684785531,1,5259.255,-9.69,-1.047001620745543,SL,0.10615,2025-26,25.0
1769684829376,-1,5240.345,-10.177,-1.0540652511651993,SL,0.3875,2025-26,25.0
1769684892291,1,5233.902,16.098,1.8083576724331611,TP,0.9359166666666666,2025-26,25.0
1769685002644,-1,5240.218,-9.934,-1.0155387446329993,SL,1.6003666666666667,2025-26,25.0
1769685161188,1,5258.152,-8.277,-1.015333660451423,SL,0.33398333333333335,2025-26,25.0
1769685198761,1,5258.572,16.428,1.916472235184321,TP,1.14505,2025-26,25.0
1769685316810,-1,5265.685,15.685,1.6838432635534084,TP,1.6284333333333334,2025-26,25.0
1769685505428,1,5258.962,-8.997,-1.0039053782637803,SL,2.272,2025-26,25.0
1769685654451,1,5258.432,-8.867,-1.051589184060721,SL,2.078883333333333,2025-26,25.0
1769685782085,-1,5240.955,-9.48,-1.0480928689883913,SL,0.25093333333333334,2025-26,25.0
1769685828232,1,5258.402,16.598,1.9754820280885503,TP,1.6645333333333334,2025-26,25.0
1769685995160,1,5283.402,16.598,1.9754820280885503,TP,3.801066666666667,2025-26,25.0
1769686447247,-1,5290.685,15.685,1.6838432635534084,TP,1.312,2025-26,25.0
1769686551482,-1,5262.118,12.118,0.9406924390622574,TP,4.142833333333333,2025-26,25.0
1769686827934,1,5259.125,15.875,1.7397260273972603,TP,1.1229666666666667,2025-26,25.0
1769687107492,-1,5266.155,-8.85,-1.0005652911249294,SL,0.9973833333333333,2025-26,25.0
1769687201892,-1,5266.949,-8.496,-1.0552726369395107,SL,2.6894833333333334,2025-26,25.0
1769687437379,-1,5266.408,16.408,1.909683426443203,TP,2.1078666666666668,2025-26,25.0
1769687735340,1,5259.125,-9.46,-1.0367123287671234,SL,0.4509,2025-26,25.0
1769687969156,1,5258.205,16.795,2.0469226081657528,TP,0.9609166666666666,2025-26,25.0
1769688062047,1,5285.965,-11.08,-1.0104879160966713,SL,1.4195833333333334,2025-26,25.0
1769688205750,1,5285.222,14.778,1.4457053414204657,TP,11.757,2025-26,25.0
1769688919517,1,5309.302,15.698,1.6875940657923028,TP,0.8014833333333333,2025-26,25.0
1769689111883,1,5334.295,-9.5,-1.0220548682087143,SL,1.6659666666666666,2025-26,25.0
1769689567150,1,5358.685,-8.697,-1.0013816925734025,SL,4.952566666666667,2025-26,25.0
1769689957176,1,5358.702,-8.767,-1.0074695472305217,SL,0.8599333333333333,2025-26,25.0
1769690026111,-1,5336.995,-13.25,-1.0188389081122644,SL,1.4469666666666667,2025-26,25.0
1769690182246,1,5360.335,14.665,1.4189646831156264,TP,8.221316666666667,2025-26,25.0
1769690703542,-1,5366.698,16.698,2.0113225728740063,TP,0.9628666666666666,2025-26,25.0
1769690885781,1,5358.985,-9.337,-1.039176405119644,SL,1.9664166666666667,2025-26,25.0
1769691042166,-1,5341.628,16.628,1.9861442904921165,TP,5.336133333333334,2025-26,25.0
1769691553934,1,5333.395,16.605,1.9779630732578917,TP,8.171966666666666,2025-26,25.0
1769692245450,-1,5341.085,-10.09,-1.1318003365114975,SL,1.0780666666666667,2025-26,25.0
1769692924428,-1,5340.028,15.028,1.5070196550340955,TP,2.5595,2025-26,25.0
1769693110159,1,5333.635,-8.74,-1.0121598147075854,SL,1.9744833333333334,2025-26,25.0
1769693259045,-1,5315.255,-9.84,-1.0097485890200102,SL,1.4365666666666668,2025-26,25.0
1769693348281,1,5334.805,-9.807,-1.000203977562468,SL,0.03626666666666667,2025-26,25.0
1769693453282,1,5334.285,15.715,1.6925148088314486,TP,1.4034,2025-26,25.0
1769693750359,-1,5342.058,-8.417,-1.0598086124401913,SL,1.2061,2025-26,25.0
1769693836182,1,5358.555,-9.26,-1.0824079485680889,SL,2.09785,2025-26,25.0
1769694025908,1,5358.625,-8.72,-1.011014492753623,SL,0.36365,2025-26,25.0
1769694176058,-1,5341.335,-9.55,-1.1021350259665321,SL,4.182083333333333,2025-26,25.0
1769694574690,1,5358.945,-9.06,-1.0128563443264393,SL,4.819866666666667,2025-26,25.0
1769695051055,-1,5341.448,16.448,1.923292797006548,TP,3.528,2025-26,25.0
1769695356753,1,5333.165,-8.21,-1.005511328842621,SL,3.0171666666666668,2025-26,25.0
1769695873096,-1,5316.525,-9.737,-1.1489085545722715,SL,1.3822333333333334,2025-26,25.0
1769696027714,-1,5314.325,-11.66,-1.092271662763466,SL,3.9086333333333334,2025-26,25.0
1769696309451,1,5333.285,-8.357,-1.008690404345202,SL,0.161,2025-26,25.0
1769696374678,-1,5316.635,-8.42,-1.0065750149432158,SL,8.095183333333333,2025-26,25.0
1769697047037,-1,5290.808,-10.114,-1.1003046127067015,SL,1.6036833333333333,2025-26,25.0
1769697285449,-1,5291.595,-8.567,-1.019274241522903,SL,1.5065833333333334,2025-26,25.0
1769697432393,1,5308.362,16.638,1.9897153790959101,TP,5.5941,2025-26,25.0
1769697867493,-1,5314.915,-10.72,-1.0629647992067426,SL,1.6075333333333333,2025-26,25.0
1769697992466,-1,5316.715,-8.51,-1.0271575135787567,SL,0.9944833333333334,2025-26,25.0
1769698523584,1,5308.265,-8.4,-1.0163339382940109,SL,4.831883333333334,2025-26,25.0
1769698904287,-1,5291.825,-9.5,-1.162079510703364,SL,0.4253166666666667,2025-26,25.0
1769698962711,-1,5291.405,-8.99,-1.045956951716114,SL,3.2647833333333334,2025-26,25.0
1769699283897,-1,5291.525,-8.62,-1.017109144542773,SL,0.97775,2025-26,25.0
1769699456571,1,5307.975,-8.08,-1.013166144200627,SL,1.57495,2025-26,25.0
1769699703380,-1,5291.935,-8.22,-1.0192188468691878,SL,1.9394833333333332,2025-26,25.0
1769699932978,1,5308.035,16.965,2.1113876789047916,TP,5.930883333333333,2025-26,25.0
1769700421480,-1,5316.445,-8.96,-1.0473407364114553,SL,1.1231166666666668,2025-26,25.0
1769700577275,-1,5316.685,-8.36,-1.005411906193626,SL,5.4420166666666665,2025-26,25.0
1769701070226,1,5333.095,16.905,2.0883261272390365,TP,4.4063,2025-26,25.0
1769701826889,1,5383.795,16.205,1.8425241614553725,TP,5.849683333333333,2025-26,25.0
1769702370307,-1,5391.085,-8.93,-1.0016825574873809,SL,0.7721833333333333,2025-26,25.0
1769702793596,-1,5389.308,-10.907,-1.0201084923307147,SL,8.47385,2025-26,25.0
1769703921432,1,5408.085,16.915,2.0921459492888066,TP,2.4368666666666665,2025-26,25.0
1769704106886,-1,5416.695,16.695,2.0102347983142685,TP,9.8002,2025-26,25.0
1769704944408,-1,5391.355,16.355,1.891844997108155,TP,16.248516666666667,2025-26,25.0
1769709601834,1,5389.945,10.055,0.6728002676480428,TP,0.8015833333333333,2025-26,25.0
1769709727711,1,5409.515,15.485,1.627430373095113,TP,1.83545,2025-26,25.0
1769709849755,-1,5415.565,-9.537,-1.0108108108108107,SL,1.0400166666666666,2025-26,25.0
1769709971823,1,5433.852,-9.187,-1.0378445549028468,SL,4.293033333333334,2025-26,25.0
1769710395355,1,5434.075,-9.19,-1.01267217630854,SL,0.7160166666666666,2025-26,25.0
1769710593847,-1,5416.305,16.305,1.875215641173088,TP,0.76155,2025-26,25.0
1769710660407,-1,5387.405,-12.6,-1.0003969829297341,SL,0.145,2025-26,25.0
1769710829690,1,5408.732,-9.147,-1.0475263398992212,SL,1.7055833333333332,2025-26,25.0
1769711113818,1,5408.585,16.415,1.9120559114735003,TP,8.103083333333334,2025-26,25.0
1769712108957,1,5432.982,17.018,2.132047105988474,TP,27.6469,2025-26,25.0
1769713984527,-1,5441.995,-8.25,-1.0306058713304185,SL,5.65555,2025-26,25.0
1769714503536,-1,5442.015,17.015,2.1308703819661865,TP,6.8585666666666665,2025-26,25.0
1769715045030,-1,5417.484,-7.851,-1.0445715806279936,SL,1.1129333333333333,2025-26,25.0
1769715212674,-1,5416.955,-8.17,-1.0155376009944064,SL,0.8021666666666667,2025-26,25.0
1769715312149,1,5432.945,-8.81,-1.1088735053492762,SL,2.39275,2025-26,25.0
1769715666071,-1,5416.175,16.175,1.8328611898016998,TP,6.43525,2025-26,25.0
1769716261091,1,5408.195,-8.21,-1.00183038438072,SL,9.065983333333334,2025-26,25.0
1769716810136,-1,5392.145,-7.99,-1.0171865054105664,SL,0.12101666666666666,2025-26,25.0
1769716886581,-1,5391.555,-8.66,-1.0254588513913558,SL,1.1024,2025-26,25.0
1769716967241,-1,5391.455,16.455,1.9256875365710941,TP,3.988183333333333,2025-26,25.0
1769717253603,1,5383.265,-8.446,-1.0218995765275256,SL,0.31755,2025-26,25.0
1769717314160,1,5383.215,-8.777,-1.0684114424832623,SL,1.1392,2025-26,25.0
1769717397566,-1,5366.399,-8.846,-1.0284850598767585,SL,0.5389333333333334,2025-26,25.0
1769717445305,-1,5365.848,15.848,1.7316433566433567,TP,0.69525,2025-26,25.0
1769717511185,1,5333.595,-10.886,-1.2665503199534613,SL,2.2564,2025-26,25.0
1769717662361,-1,5314.189,-11.596,-1.0726112293034873,SL,1.7362333333333333,2025-26,25.0
1769717776935,1,5333.815,-9.006,-1.0216676120249575,SL,2.0712333333333333,2025-26,25.0
1769717984589,1,5333.705,16.295,1.8719126938541069,TP,5.691866666666667,2025-26,25.0
1769718408818,1,5358.665,-8.7,-1.0040392383150605,SL,3.3745666666666665,2025-26,25.0
1769718746139,1,5358.605,-8.79,-1.021499128413713,SL,6.7668,2025-26,25.0
1769719207810,1,5359.052,-9.057,-1.0005523641184269,SL,4.582216666666667,2025-26,25.0
1769719509224,-1,5341.755,16.755,2.0321406913280775,TP,3.4844833333333334,2025-26,25.0
1769719762673,1,5333.202,-8.503,-1.0366983662521336,SL,7.4684,2025-26,25.0
1769720241922,-1,5316.818,16.818,2.0554876558298703,TP,2.0738666666666665,2025-26,25.0
1769720411037,-1,5291.515,-8.807,-1.0379493223335297,SL,0.8358166666666667,2025-26,25.0
1769720473767,-1,5291.448,-8.597,-1.0052619270346117,SL,0.40268333333333334,2025-26,25.0
1769720515710,1,5308.695,-8.87,-1.0201265094882117,SL,1.3463166666666666,2025-26,25.0
1769720625305,1,5308.405,-8.957,-1.0656751933372992,SL,0.9771333333333333,2025-26,25.0
1769720703540,-1,5291.348,-8.767,-1.013291724456773,SL,0.08263333333333334,2025-26,25.0
1769720759906,-1,5291.498,-8.627,-1.0147024229593038,SL,0.13421666666666668,2025-26,25.0
1769720875722,-1,5291.248,16.248,1.8564899451553931,TP,1.3507833333333332,2025-26,25.0
1769721020924,-1,5264.725,-11.65,-1.1338199513381995,SL,0.7344166666666667,2025-26,25.0
1769721070256,-1,5266.168,16.168,1.8306159420289856,TP,1.1406666666666667,2025-26,25.0
1769721183327,1,5233.401,-8.422,-1.002499702416379,SL,0.4280333333333333,2025-26,25.0
1769721217030,1,5233.625,-8.677,-1.0060289855072464,SL,0.09468333333333333,2025-26,25.0
1769721240943,-1,5215.868,15.868,1.7376259307928166,TP,0.2511333333333333,2025-26,25.0
1769721263509,1,5211.805,-14.216,-1.2042354934349853,SL,0.004233333333333334,2025-26,25.0
1769721266752,1,5208.465,-8.867,-1.0474896633195512,SL,0.7149833333333333,2025-26,25.0
1769721317259,-1,5190.695,-9.55,-1.0263299301450832,SL,0.3004,2025-26,25.0
1769721383408,1,5209.792,-10.094,-1.0308415032679739,SL,0.18943333333333334,2025-26,25.0
1769721419809,-1,5190.898,15.898,1.7466490881125027,TP,1.9933,2025-26,25.0
1769721596263,-1,5141.548,-10.777,-1.2750828206341693,SL,0.07873333333333334,2025-26,25.0
1769721635690,1,5159.145,-9.447,-1.0330235101148169,SL,0.15293333333333334,2025-26,25.0
1769721653764,1,5159.265,-9.27,-1.0005396654074474,SL,0.15615,2025-26,25.0
1769721675273,-1,5140.498,15.498,1.6310250473584509,TP,2.00675,2025-26,25.0
1769721826025,1,5134.085,15.915,1.75178866263071,TP,0.48543333333333333,2025-26,25.0
1769721893776,-1,5165.798,-9.214,-1.0013040643338404,SL,0.4693333333333333,2025-26,25.0
1769721933749,1,5183.802,-9.003,-1.0228357191547375,SL,0.32785,2025-26,25.0
1769721978923,1,5184.202,-10.581,-1.149858726363834,SL,2.6712166666666666,2025-26,25.0
1769722173164,1,5160.081,14.919,1.479912707072711,TP,0.5749333333333333,2025-26,25.0
1769722264856,-1,5166.699,16.699,2.011685339115769,TP,0.6231333333333333,2025-26,25.0
1769722322546,-1,5141.215,-8.837,-1.0059191804211725,SL,0.17135,2025-26,25.0
1769722376237,1,5158.145,16.855,2.0693677102516883,TP,3.2613833333333333,2025-26,25.0
1769722687249,1,5209.952,15.048,1.5120578778135048,TP,4.0491166666666665,2025-26,25.0
1769723070939,-1,5216.025,-9.976,-1.1115320334261838,SL,0.6916833333333333,2025-26,25.0
1769723123839,1,5233.811,-10.086,-1.1447054817841336,SL,0.6136333333333334,2025-26,25.0
1769723289568,1,5233.952,-8.963,-1.0012287756925826,SL,5.4101,2025-26,25.0
1769723689166,-1,5214.865,-10.15,-1.0014800197335965,SL,0.6919333333333333,2025-26,25.0
1769723819943,-1,5215.959,-9.116,-1.0082955425284814,SL,2.694716666666667,2025-26,25.0
1769724044729,-1,5215.998,-9.087,-1.009442346145301,SL,0.379,2025-26,25.0
1769724252511,1,5208.432,-8.757,-1.0385436432637571,SL,1.0631333333333333,2025-26,25.0
1769724325677,-1,5191.545,-8.48,-1.0029568302779421,SL,3.7756,2025-26,25.0
1769724609696,1,5208.852,-9.477,-1.0706055128784455,SL,0.33165,2025-26,25.0
1769724663812,-1,5191.835,16.835,2.061849357011635,TP,3.0980333333333334,2025-26,25.0
1769724898092,1,5184.061,-9.896,-1.0921531839752787,SL,7.430366666666667,2025-26,25.0
1769725383183,1,5183.652,16.348,1.8895053166897826,TP,1.9843833333333334,2025-26,25.0
1769725715075,-1,5191.345,-8.69,-1.0040439052570769,SL,0.48411666666666664,2025-26,25.0
1769725841344,1,5208.545,-8.79,-1.0286717378583967,SL,2.133016666666667,2025-26,25.0
1769726042126,-1,5191.245,16.245,1.8555111364934322,TP,1.1112833333333334,2025-26,25.0
1769726132083,1,5183.445,-8.67,-1.0266429840142095,SL,3.5872,2025-26,25.0
1769726367364,-1,5166.955,-8.737,-1.0860161591050341,SL,2.91355,2025-26,25.0
1769726559167,-1,5166.105,-9.05,-1.0174255199550308,SL,4.950733333333333,2025-26,25.0
1769726867401,-1,5165.735,-9.387,-1.0131678359417162,SL,5.998116666666666,2025-26,25.0
1769727301732,1,5183.325,16.675,2.003003003003003,TP,5.54315,2025-26,25.0
1769728410738,-1,5216.775,-8.236,-1.001337386018237,SL,2.90105,2025-26,25.0
1769728879853,-1,5216.495,16.495,1.9394473838918282,TP,6.334016666666667,2025-26,25.0
1769729298284,1,5208.365,16.635,1.9886431560071727,TP,10.217833333333333,2025-26,25.0
1769730053324,-1,5216.755,-8.647,-1.0487568223165555,SL,34.05675,2025-26,25.0
1769732169834,1,5233.925,-8.96,-1.003921568627451,SL,15.2978,2025-26,25.0
1769733137663,-1,5216.295,-8.72,-1.0017231476163124,SL,4.125016666666666,2025-26,25.0
1769733456400,1,5233.395,-8.86,-1.0553901131625967,SL,5.839733333333333,2025-26,25.0
1769734210437,-1,5216.635,16.635,1.9886431560071727,TP,6.84845,2025-26,25.0
1769734701791,-1,5190.495,-9.54,-1.0036822724881642,SL,3.60365,2025-26,25.0
1769735151197,-1,5190.935,-9.11,-1.0049641478212907,SL,4.4798,2025-26,25.0
1769735544851,-1,5189.768,14.768,1.4433150899139953,TP,4.280466666666666,2025-26,25.0
1769735879596,-1,5165.985,-9.717,-1.0778702163061564,SL,1.3064,2025-26,25.0
1769736062520,1,5183.552,-8.617,-1.007600561272217,SL,7.1950666666666665,2025-26,25.0
1769736534278,1,5184.195,-10.04,-1.0918977705274606,SL,0.18918333333333334,2025-26,25.0
1769736557796,-1,5166.545,-8.5,-1.0053222945002958,SL,7.3366,2025-26,25.0
1769737227391,-1,5166.275,16.275,1.8653295128939829,TP,17.247,2025-26,25.0
1769738401188,1,5158.565,-9.26,-1.081144191476941,SL,0.09311666666666667,2025-26,25.0
1769738412342,-1,5140.948,-9.207,-1.0171232876712328,SL,5.350433333333333,2025-26,25.0
1769738783790,1,5158.715,16.285,1.8686173264486519,TP,4.4199,2025-26,25.0
1769739173092,1,5184.895,-9.897,-1.0002021222839819,SL,1.7573166666666666,2025-26,25.0
1769739365976,-1,5166.405,-8.65,-1.0063990692262943,SL,1.95915,2025-26,25.0
1769739720719,1,5183.465,-8.64,-1.0206733608978145,SL,3.117766666666667,2025-26,25.0
1769740275170,-1,5166.098,16.098,1.8083576724331611,TP,3.800483333333333,2025-26,25.0
1769740558257,1,5134.085,-14.32,-1.5762245459548707,SL,0.16765,2025-26,25.0
1769740594316,1,5133.685,-8.85,-1.0189982728842832,SL,0.32625,2025-26,25.0
1769740646408,1,5133.781,16.219,1.8470561439471587,TP,2.5813,2025-26,25.0
1769740985451,-1,5141.815,-10.62,-1.2974954184483811,SL,1.9578166666666668,2025-26,25.0
1769741182034,1,5158.645,-8.91,-1.0306535569693465,SL,1.9985333333333333,2025-26,25.0
1769741496505,1,5158.525,16.475,1.932551319648094,TP,6.36705,2025-26,25.0
1769742070187,-1,5166.645,-8.89,-1.064033512866547,SL,1.30055,2025-26,25.0
1769742191251,-1,5165.968,-9.267,-1.0260186005314438,SL,2.12685,2025-26,25.0
1769742683185,1,5158.245,-8.33,-1.0103092783505154,SL,1.7507666666666666,2025-26,25.0
1769742831956,-1,5141.715,-8.36,-1.0090525045262522,SL,3.58235,2025-26,25.0
1769743169641,1,5158.041,-8.196,-1.0192762094266883,SL,1.3936833333333334,2025-26,25.0
1769743287791,1,5157.922,-8.147,-1.0284019187073972,SL,8.94705,2025-26,25.0
1769743856217,-1,5139.965,14.965,1.4912805181863478,TP,1.4741166666666667,2025-26,25.0
1769743997814,-1,5116.013,16.013,1.7817959274507622,TP,0.6876166666666667,2025-26,25.0
1769744045708,1,5085.242,14.758,1.440929505955868,TP,0.11056666666666666,2025-26,25.0
1769744064623,-1,5088.475,13.475,1.1691973969631237,TP,0.7531166666666667,2025-26,25.0
1769744169764,-1,5065.785,-9.25,-1.003798155181769,SL,0.39231666666666665,2025-26,25.0
1769744227343,1,5083.702,16.298,1.872902780969892,TP,3.3844833333333333,2025-26,25.0
1769744511393,-1,5090.195,-9.827,-1.0022437531871493,SL,3.7804166666666665,2025-26,25.0
1769744846727,1,5109.852,15.148,1.537555826228177,TP,2.3937833333333334,2025-26,25.0
1769745043053,-1,5116.455,-9.837,-1.1511995318899941,SL,1.1574833333333334,2025-26,25.0
1769745158188,-1,5117.035,-8.19,-1.0282485875706215,SL,0.84225,2025-26,25.0
1769745242647,-1,5116.325,-8.76,-1.0097982708933717,SL,6.198566666666666,2025-26,25.0
1769745741075,-1,5116.165,-8.837,-1.0002263723825693,SL,0.6378333333333334,2025-26,25.0
1769745799441,1,5134.002,-9.027,-1.002777160630971,SL,0.4348666666666667,2025-26,25.0
1769745873439,-1,5115.408,15.408,1.6063386155129273,TP,1.2051333333333334,2025-26,25.0
1769746017047,-1,5091.685,16.685,2.006614552014432,TP,1.4094333333333333,2025-26,25.0
1769746157034,-1,5065.365,15.365,1.594706798131811,TP,3.7620666666666667,2025-26,25.0
1769746435980,1,5033.605,-9.207,-1.0699593259732714,SL,0.0828,2025-26,25.0
1769746465748,-1,5016.088,-9.464,-1.0619389587073609,SL,0.40523333333333333,2025-26,25.0
1769746496592,1,5033.692,-9.947,-1.1443856419696272,SL,0.06831666666666666,2025-26,25.0
1769746509885,1,5034.075,15.925,1.7548209366391185,TP,0.87775,2025-26,25.0
1769746583855,-1,5041.485,-8.727,-1.0248972401644156,SL,0.5580666666666667,2025-26,25.0
1769746647292,1,5059.402,-9.497,-1.0101042331418848,SL,3.464733333333333,2025-26,25.0
1769747022549,-1,5041.355,-9.247,-1.0696356275303645,SL,2.938633333333333,2025-26,25.0
1769747350893,1,5035.075,-10.09,-1.0014888337468983,SL,0.8572666666666666,2025-26,25.0
1769747500838,1,5058.702,-9.087,-1.0442427028269363,SL,5.353933333333333,2025-26,25.0
1769747825750,-1,5040.938,-9.217,-1.0171043919664533,SL,0.38598333333333334,2025-26,25.0
1769747894120,-1,5041.315,16.315,1.8785261945883707,TP,3.378,2025-26,25.0
1769748126273,-1,5015.785,15.785,1.7129679869777537,TP,0.8556333333333334,2025-26,25.0
1769748186847,1,5008.992,-9.537,-1.0606094306049823,SL,0.23593333333333333,2025-26,25.0
1769748251875,-1,4987.998,12.998,1.082986168971838,TP,1.1913166666666666,2025-26,25.0
1769748335697,1,4959.752,15.248,1.5635767022149303,TP,1.4512166666666666,2025-26,25.0
1769748548353,-1,4965.555,-11.52,-1.219692959237692,SL,0.3981,2025-26,25.0
1769748596352,1,4984.905,-13.507,-1.3636547198384654,SL,0.2282,2025-26,25.0
1769748701112,1,4959.362,15.638,1.6703695791497544,TP,0.8801666666666667,2025-26,25.0
1769748758666,1,4984.925,-10.85,-1.093198992443325,SL,0.68745,2025-26,25.0
1769748804362,1,4984.992,-10.457,-1.0465372297838271,SL,0.2051,2025-26,25.0
1769748898012,-1,4990.425,-10.647,-1.111958224543081,SL,0.7890666666666667,2025-26,25.0
1769749036502,1,5009.065,15.935,1.7578599007170437,TP,0.6861833333333334,2025-26,25.0
1769749103656,-1,5015.125,-10.82,-1.0956962025316457,SL,1.0258666666666667,2025-26,25.0
1769749179680,-1,5015.555,-10.437,-1.1050291159343568,SL,0.49821666666666664,2025-26,25.0
1769749231147,1,5034.325,-9.85,-1.0563002680965148,SL,1.0711,2025-26,25.0
1769749320686,1,5034.225,15.775,1.7100271002710028,TP,1.3657,2025-26,25.0
1769749449507,-1,5040.898,15.898,1.7466490881125027,TP,1.3367333333333333,2025-26,25.0
1769749559311,-1,5015.875,-9.177,-1.0056986301369863,SL,0.25203333333333333,2025-26,25.0
1769749601995,-1,5015.545,-9.58,-1.0132205182443152,SL,0.26763333333333333,2025-26,25.0
1769749657356,-1,5015.278,-10.507,-1.0807447027360626,SL,2.5328,2025-26,25.0
1769749876342,1,5033.735,-8.737,-1.0002289639381798,SL,0.2107,2025-26,25.0
1769749919732,1,5033.742,-8.764,-1.0025165865934569,SL,1.3387666666666667,2025-26,25.0
1769750019103,1,5033.925,16.075,1.8011204481792717,TP,5.924166666666666,2025-26,25.0
1769750641471,1,5058.572,16.428,1.916472235184321,TP,2.9196166666666667,2025-26,25.0
1769750848431,-1,5066.795,-8.35,-1.0176721511273614,SL,4.1665833333333335,2025-26,25.0
1769751502837,1,5083.445,-8.63,-1.0219064535227946,SL,0.17715,2025-26,25.0
1769751576399,-1,5066.425,-9.02,-1.0518950437317784,SL,0.13186666666666666,2025-26,25.0
1769751588255,1,5084.365,-9.74,-1.040042712226375,SL,0.7554,2025-26,25.0
1769751697532,1,5084.675,-9.81,-1.013953488372093,SL,0.73565,2025-26,25.0
1769751772262,1,5083.345,-8.75,-1.048532055122828,SL,1.6559333333333333,2025-26,25.0
1769752472701,-1,5091.395,-8.68,-1.0087158628704243,SL,2.4060166666666665,2025-26,25.0
1769752737764,1,5108.615,-8.88,-1.0307603017991875,SL,3.5100166666666666,2025-26,25.0
1769753013234,-1,5091.375,-10.43,-1.2092753623188406,SL,1.6606333333333334,2025-26,25.0
1769753668663,-1,5116.975,-8.05,-1.0031152647975077,SL,0.8276666666666667,2025-26,25.0
1769753869129,-1,5116.798,-8.504,-1.0368202877346988,SL,3.121966666666667,2025-26,25.0
1769754419684,-1,5116.765,-8.47,-1.0285367334547661,SL,2.7493333333333334,2025-26,25.0
1769755299503,1,5134.162,-9.287,-1.013643309321109,SL,2.7207166666666667,2025-26,25.0
1769755511843,-1,5116.355,16.355,1.891844997108155,TP,3.670533333333333,2025-26,25.0
1769755839436,1,5108.555,-8.657,-1.0119228521332555,SL,1.2955,2025-26,25.0
1769755994982,1,5108.305,16.695,2.0102347983142685,TP,2.4510666666666667,2025-26,25.0
1769757008738,1,5133.255,-10.22,-1.2380375529981829,SL,8.109266666666667,2025-26,25.0
1769757552915,-1,5117.028,-8.087,-1.0144254892122428,SL,1.62655,2025-26,25.0
1769757754262,1,5133.795,-8.937,-1.0161455372370665,SL,1.9193666666666667,2025-26,25.0
1769758027496,-1,5116.275,-9.25,-1.0601719197707737,SL,3.1315833333333334,2025-26,25.0
1769758288767,1,5133.895,-9.62,-1.0815064643057897,SL,2.3063833333333332,2025-26,25.0
1769758504981,-1,5116.388,16.388,1.9029261495587553,TP,10.663583333333333,2025-26,25.0
1769759180913,-1,5091.285,16.285,1.8686173264486519,TP,1.2478666666666667,2025-26,25.0
1769759281933,-1,5064.695,-10.63,-1.0315380883066472,SL,0.0803,2025-26,25.0
1769759334562,-1,5064.615,-10.58,-1.018777082330284,SL,1.1606666666666667,2025-26,25.0
1769759515803,1,5083.515,-8.697,-1.0213740458015268,SL,0.7086166666666667,2025-26,25.0
1769759570246,1,5084.075,-9.357,-1.0310743801652893,SL,6.041166666666666,2025-26,25.0
1769759950481,-1,5066.508,-8.717,-1.0264955252001884,SL,0.9676,2025-26,25.0
1769760027787,1,5083.561,-8.656,-1.011096834481953,SL,0.09858333333333333,2025-26,25.0
1769760041139,-1,5065.308,-9.717,-1.0025794469665703,SL,0.9083166666666667,2025-26,25.0
1769760107260,-1,5066.285,-9.65,-1.1072862880091796,SL,0.39575,2025-26,25.0
1769760159784,1,5083.902,-9.477,-1.0645922264659626,SL,5.094133333333334,2025-26,25.0
1769760482551,1,5083.702,-8.804,-1.011721443346357,SL,0.11253333333333333,2025-26,25.0
1769760565552,1,5083.891,-9.086,-1.0219322910808684,SL,0.10718333333333334,2025-26,25.0
1769760594801,1,5084.802,-9.804,-1.0002040399918384,SL,4.998983333333333,2025-26,25.0
1769760938857,-1,5066.225,-9.277,-1.0572079772079772,SL,3.7883333333333336,2025-26,25.0
1769761203536,-1,5066.255,16.255,1.8587764436821042,TP,3.1841666666666666,2025-26,25.0
1769761531041,-1,5014.045,-11.48,-1.0479233226837061,SL,0.51045,2025-26,25.0
1769761621649,1,5035.941,-11.156,-1.019650854583676,SL,2.7322,2025-26,25.0
1769761805726,1,5035.502,-10.717,-1.020472290992192,SL,0.03528333333333333,2025-26,25.0
1769761856174,-1,5016.498,-9.297,-1.0935074100211715,SL,0.5916666666666667,2025-26,25.0
1769761986717,1,5034.732,-10.597,-1.0888820386354294,SL,1.28995,2025-26,25.0
1769762840815,-1,5016.645,16.645,1.9922202274087373,TP,2.5501833333333335,2025-26,25.0
1769763034829,-1,4991.298,-9.357,-1.0752700528614112,SL,0.22465,2025-26,25.0
1769763076376,1,5008.535,-8.62,-1.0099589923843,SL,1.0633166666666667,2025-26,25.0
1769763171694,1,5008.702,-8.924,-1.0255113766950126,SL,0.4784833333333333,2025-26,25.0
1769763258664,1,5008.585,-8.677,-1.0107163657542224,SL,0.44215,2025-26,25.0
1769763667015,1,5033.562,16.438,1.919878533053025,TP,0.6185,2025-26,25.0
1769763781665,1,5058.655,-9.337,-1.0787983824378973,SL,4.624366666666667,2025-26,25.0
1769764184065,1,5058.365,-8.367,-1.0002390914524806,SL,2.0016333333333334,2025-26,25.0
1769764376433,-1,5041.015,-8.997,-1.0013355592654425,SL,0.1964,2025-26,25.0
1769764534265,1,5059.342,-9.377,-1.0037465210875616,SL,0.7465833333333334,2025-26,25.0
1769764612749,1,5058.975,-9.45,-1.052924791086351,SL,1.5050833333333333,2025-26,25.0
1769764721266,-1,5041.605,-8.607,-1.0252531268612268,SL,0.31925,2025-26,25.0
1769764755343,1,5058.602,-9.167,-1.0656823994419902,SL,0.78715,2025-26,25.0
1769764868593,1,5058.655,16.345,1.8885037550548815,TP,1.23875,2025-26,25.0
1769764997569,1,5084.725,-9.77,-1.0046272493573265,SL,1.0192166666666667,2025-26,25.0
1769765086648,-1,5066.545,-8.66,-1.0242460082791247,SL,2.6752833333333332,2025-26,25.0
1769765354125,-1,5066.238,-9.477,-1.0816023738872405,SL,1.4491333333333334,2025-26,25.0
1769765479164,-1,5066.498,-10.057,-1.1828981416137379,SL,0.34528333333333333,2025-26,25.0
1769765643166,1,5108.665,-9.087,-1.0487016733987304,SL,1.0617333333333334,2025-26,25.0
1769765771723,-1,5088.908,13.908,1.2538766678687343,TP,6.691,2025-26,25.0
1769766220651,1,5083.802,-9.137,-1.0380595319245627,SL,4.6107,2025-26,25.0
1769766529513,1,5084.941,-10.993,-1.105824363746102,SL,3.3962166666666667,2025-26,25.0
1769766795859,-1,5066.268,-9.797,-1.1219651855245076,SL,0.09293333333333334,2025-26,25.0
1769766840366,-1,5066.065,16.065,1.7979854504756576,TP,0.6496,2025-26,25.0
1769766923475,-1,5040.248,-10.554,-1.082239540607055,SL,0.36306666666666665,2025-26,25.0
1769767000012,-1,5041.485,16.485,1.935995302407516,TP,0.82375,2025-26,25.0
1769767093207,-1,5015.078,-9.937,-1.001511791977424,SL,0.32155,2025-26,25.0
1769767147538,1,5033.785,-9.64,-1.0973249857712009,SL,0.9376,2025-26,25.0
1769767212862,1,5033.965,-9.06,-1.0105967651979921,SL,0.34098333333333336,2025-26,25.0
1769767241984,-1,5015.925,15.925,1.7548209366391185,TP,0.61335,2025-26,25.0
1769767286356,-1,4991.411,-10.241,-1.1923390383048085,SL,0.17913333333333334,2025-26,25.0
1769767324851,1,5010.902,-11.497,-1.0545771418088423,SL,0.0926,2025-26,25.0
1769767341127,-1,4990.295,-13.387,-1.3793920659453889,SL,0.9633333333333334,2025-26,25.0
1769767407666,-1,4990.168,-12.433,-1.2645443449959317,SL,0.9298166666666666,2025-26,25.0
1769767475360,-1,4991.235,-8.82,-1.0062749572162009,SL,0.90175,2025-26,25.0
1769767567596,-1,4991.375,-11.09,-1.2857971014492753,SL,0.01775,2025-26,25.0
1769767625042,1,5008.852,-10.097,-1.1406461816538636,SL,1.7225166666666667,2025-26,25.0
1769767741449,-1,4990.859,-10.443,-1.1424351821463734,SL,0.8902166666666667,2025-26,25.0
1769767814181,1,5008.402,16.598,1.9754820280885503,TP,1.1767666666666667,2025-26,25.0
1769768297799,1,5058.712,-9.017,-1.0350091827364554,SL,0.8008166666666666,2025-26,25.0
1769768501473,-1,5041.645,-8.8,-1.0532615200478754,SL,0.6465333333333333,2025-26,25.0
1769768572716,-1,5041.335,-8.86,-1.0225043277553376,SL,0.07185,2025-26,25.0
1769768600548,1,5059.002,-9.277,-1.0305487669406799,SL,0.9332333333333334,2025-26,25.0
1769768676423,-1,5041.585,-8.667,-1.0299465240641712,SL,2.612983333333333,2025-26,25.0
1769768877000,-1,5040.648,-9.417,-1.0069503849443968,SL,1.27195,2025-26,25.0
1769769011531,-1,5040.415,-10.726,-1.119040166927491,SL,0.26395,2025-26,25.0
1769769143910,-1,5041.585,-9.687,-1.1511586452762923,SL,0.2936166666666667,2025-26,25.0
1769769219759,-1,5041.338,-8.864,-1.0233202493650426,SL,1.03985,2025-26,25.0
1769769328459,1,5058.661,-9.106,-1.0513797482969633,SL,3.60315,2025-26,25.0
1769770048912,1,5058.205,-8.31,-1.012797074954296,SL,6.61915,2025-26,25.0
1769770477950,-1,5041.555,-8.46,-1.0017761989342806,SL,1.0346,2025-26,25.0
1769770922032,-1,5041.775,16.775,2.0395136778115504,TP,2.9404166666666667,2025-26,25.0
1769771178243,1,5033.442,-8.477,-1.0041459369817578,SL,4.320516666666666,2025-26,25.0
1769771529401,-1,5016.095,-9.03,-1.0140370578326783,SL,0.3851,2025-26,25.0
1769771655413,1,5033.165,-8.187,-1.0026944274341703,SL,2.00435,2025-26,25.0
1769771866967,-1,5016.295,16.295,1.8719126938541069,TP,4.3282,2025-26,25.0
1769772228552,1,5008.325,-8.34,-1.0018018018018018,SL,0.33143333333333336,2025-26,25.0
1769772287742,-1,4990.248,-9.817,-1.0066652994257588,SL,1.1235166666666667,2025-26,25.0
1769772401510,1,5008.332,-8.517,-1.022203552568411,SL,0.9012333333333333,2025-26,25.0
1769772491267,1,5008.805,-9.48,-1.0766609880749574,SL,0.46865,2025-26,25.0
1769772721272,1,5008.662,-9.987,-1.152966982221196,SL,1.73405,2025-26,25.0
1769772944803,-1,4966.805,-9.107,-1.111287370347773,SL,0.8808666666666667,2025-26,25.0
1769773018606,-1,4966.855,-8.27,-1.0153468385512585,SL,0.5584666666666667,2025-26,25.0
1769773147103,1,4983.545,-8.64,-1.0111176126389703,SL,0.65115,2025-26,25.0
1769773219261,1,4983.992,16.008,1.7802491103202847,TP,2.0049333333333332,2025-26,25.0
1769773365229,1,5008.865,-9.0,-1.015228426395939,SL,0.28763333333333335,2025-26,25.0
1769773415343,1,5010.061,-10.163,-1.010138157240831,SL,1.4704,2025-26,25.0
1769773521263,1,5008.702,-9.047,-1.0396460583773846,SL,0.72165,2025-26,25.0
1769773620402,1,5008.355,-8.43,-1.0089766606822261,SL,0.4552333333333333,2025-26,25.0
1769773682808,-1,4990.848,15.848,1.7316433566433567,TP,1.4518,2025-26,25.0
1769773791770,1,4983.502,-9.247,-1.08762644083745,SL,0.17688333333333334,2025-26,25.0
1769773833513,-1,4966.685,16.685,2.006614552014432,TP,1.7436833333333333,2025-26,25.0
1769773967354,1,4961.815,13.185,1.1159542953872197,TP,0.4234833333333333,2025-26,25.0
1769774066200,1,4984.155,-9.38,-1.0245767340251228,SL,1.8835166666666667,2025-26,25.0
1769774291315,1,4983.502,-8.847,-1.0405786873676781,SL,2.9811,2025-26,25.0
1769774535382,1,4983.502,-9.417,-1.107621736062103,SL,0.459,2025-26,25.0
1769774605185,1,4983.752,-8.797,-1.0051416819012797,SL,0.6553,2025-26,25.0
1769774731290,-1,4966.675,16.675,2.003003003003003,TP,1.4939,2025-26,25.0
1769775144907,-1,4915.895,-10.037,-1.1023613399231191,SL,2.1121166666666666,2025-26,25.0
1769775279355,-1,4915.245,-9.957,-1.0207073295745772,SL,0.9494166666666667,2025-26,25.0
1769775368918,1,4933.725,-8.75,-1.002865329512894,SL,0.9058833333333334,2025-26,25.0
1769775450798,-1,4915.545,-9.96,-1.0534108937070332,SL,4.76585,2025-26,25.0
1769775810366,1,4933.912,-9.014,-1.0114452423698383,SL,0.13298333333333334,2025-26,25.0
1769775841985,1,4933.852,-9.017,-1.0186398553999096,SL,0.18556666666666666,2025-26,25.0
1769775915286,1,4933.802,-8.864,-1.0070438536696205,SL,1.7789166666666667,2025-26,25.0
1769776051320,1,4933.535,-9.77,-1.1446983011130638,SL,0.21945,2025-26,25.0
1769776091842,-1,4916.098,-9.187,-1.032015277465738,SL,1.0943666666666667,2025-26,25.0
1769776214264,-1,4915.398,15.398,1.603624244948969,TP,2.2081,2025-26,25.0
1769776447794,1,4908.872,-9.347,-1.0535392245266006,SL,1.5298,2025-26,25.0
1769776581270,1,4908.785,-8.966,-1.0206033010813886,SL,1.2644166666666667,2025-26,25.0
1769776684805,1,4908.975,-9.56,-1.0651810584958217,SL,0.4249,2025-26,25.0
1769776758850,-1,4891.028,-9.217,-1.0273071778867588,SL,1.5989166666666668,2025-26,25.0
1769776924036,-1,4891.448,16.448,1.923292797006548,TP,0.7936,2025-26,25.0
1769777057530,-1,4841.989,-9.323,-1.1637748096367495,SL,0.09465,2025-26,25.0
1769777073829,1,4859.475,15.525,1.6385224274406331,TP,3.192633333333333,2025-26,25.0
1769777308096,-1,4865.595,15.595,1.658160552897395,TP,2.638716666666667,2025-26,25.0
1769777528167,-1,4841.085,16.085,1.8042624789680315,TP,1.5053,2025-26,25.0
1769777630889,1,4833.605,-8.657,-1.0060429982568275,SL,0.11003333333333333,2025-26,25.0
1769777642882,-1,4816.395,-9.8,-1.1388727484020917,SL,0.6199666666666667,2025-26,25.0
1769777782714,1,4834.702,-9.897,-1.0200989486703773,SL,2.659683333333333,2025-26,25.0
1769778026917,1,4859.285,15.715,1.6925148088314486,TP,2.634533333333333,2025-26,25.0
1769778189903,-1,4866.235,-8.79,-1.0028522532800912,SL,1.5312333333333332,2025-26,25.0
1769778299422,1,4885.432,-10.454,-1.0021088957055215,SL,0.6419166666666667,2025-26,25.0
1769778400518,-1,4865.935,15.935,1.7578599007170437,TP,1.0802166666666666,2025-26,25.0
1769778494167,-1,4840.405,15.405,1.6055237102657633,TP,0.9028666666666667,2025-26,25.0
1769778577842,-1,4816.078,16.078,1.8020623178659494,TP,0.4804,2025-26,25.0
1769778620271,1,4808.762,16.238,1.8532298561972151,TP,0.6742,2025-26,25.0
1769778669131,-1,4815.788,15.788,1.7138514980460269,TP,1.1082166666666666,2025-26,25.0
1769778751159,-1,4790.645,-9.647,-1.0312132549438804,SL,0.4995,2025-26,25.0
1769778783260,1,4809.072,-9.537,-1.0512566137566137,SL,1.4252833333333332,2025-26,25.0
1769778874495,1,4809.422,-9.727,-1.0323710464869456,SL,0.06558333333333333,2025-26,25.0
1769778971393,-1,4790.578,15.578,1.6533644661430693,TP,2.18385,2025-26,25.0
1769779107193,-1,4763.158,-12.014,-1.014524573551765,SL,1.6806166666666666,2025-26,25.0
1769779235593,-1,4740.995,-9.09,-1.0094392004441977,SL,0.18431666666666666,2025-26,25.0
1769779252376,-1,4740.675,15.675,1.6809651474530831,TP,0.6590833333333334,2025-26,25.0
1769779325866,-1,4714.915,-10.11,-1.0024789291026277,SL,1.2335,2025-26,25.0
1769779401344,1,4734.605,15.395,1.6028110359187924,TP,0.17006666666666667,2025-26,25.0
1769779421865,-1,4739.898,14.898,1.4747574737675708,TP,0.6953666666666667,2025-26,25.0
1769779481751,-1,4716.025,-9.24,-1.0295264623955431,SL,0.3495333333333333,2025-26,25.0
1769779523821,-1,4716.855,-8.43,-1.0349907918968693,SL,0.11695,2025-26,25.0
1769779542662,1,4733.985,16.015,1.7824151363383416,TP,1.25805,2025-26,25.0
1769779634644,-1,4741.048,-9.024,-1.0080428954423593,SL,0.5493166666666667,2025-26,25.0
1769779717299,-1,4714.975,14.975,1.4937655860349128,TP,0.41573333333333334,2025-26,25.0
1769779746556,1,4710.444,14.556,1.3937188816545385,TP,0.3996166666666667,2025-26,25.0
1769779782311,1,4733.815,16.185,1.8360748723766307,TP,0.15928333333333333,2025-26,25.0
1769779794710,-1,4739.605,-10.497,-1.0098124098124097,SL,0.45868333333333333,2025-26,25.0
1769779882266,1,4734.535,15.465,1.6219192448872575,TP,0.57615,2025-26,25.0
1769779929836,1,4760.575,-11.08,-1.0477541371158392,SL,2.1208833333333335,2025-26,25.0
1769780109682,1,4760.162,-10.327,-1.0162369612281048,SL,0.40445,2025-26,25.0
1769780160476,-1,4739.595,14.595,1.402691013935608,TP,0.8098833333333333,2025-26,25.0
1769780226160,-1,4714.648,-10.407,-1.0053129829984544,SL,0.051133333333333336,2025-26,25.0
1769780236313,-1,4714.555,-10.95,-1.048348492101484,SL,0.11333333333333333,2025-26,25.0
1769780269073,-1,4714.298,14.298,1.3360119603812373,TP,0.7313166666666666,2025-26,25.0
1769780336175,1,4709.265,-9.497,-1.0250404749055586,SL,0.16888333333333333,2025-26,25.0
1769780351819,-1,4681.148,-23.354,-1.2388075535752174,SL,0.19413333333333332,2025-26,25.0
1769780393352,-1,4689.505,-11.147,-1.0621248213434968,SL,0.10346666666666667,2025-26,25.0
1769780404960,1,4711.465,13.535,1.1805494984736153,TP,1.3437166666666667,2025-26,25.0
1769780522395,1,4734.402,-9.817,-1.0441395447777069,SL,0.02865,2025-26,25.0
1769780540049,1,4735.932,14.068,1.2868642517380169,TP,0.3612,2025-26,25.0
1769780571979,1,4761.165,-12.417,-1.1121361397223466,SL,0.3066833333333333,2025-26,25.0
1769780606605,1,4760.585,-10.66,-1.007085498346717,SL,0.07538333333333333,2025-26,25.0
1769780622998,1,4760.355,-10.49,-1.0130371801062288,SL,0.0431,2025-26,25.0
1769780657859,-1,4764.995,-10.29,-1.0284857571214392,SL,0.07758333333333334,2025-26,25.0
1769780682237,1,4784.502,-13.147,-1.3836034519048621,SL,0.4081,2025-26,25.0
1769780710374,1,4784.812,15.188,1.5479005299633102,TP,0.29601666666666665,2025-26,25.0
1769780775534,-1,4789.198,-11.104,-1.0279577855952602,SL,0.12533333333333332,2025-26,25.0
1769780800972,1,4809.052,15.948,1.761820592134335,TP,1.8609166666666668,2025-26,25.0
1769780945595,-1,4816.075,-8.927,-1.0002240896358543,SL,0.51115,2025-26,25.0
1769781031069,1,4834.202,15.798,1.716800695500978,TP,0.6288666666666667,2025-26,25.0
1769781073832,-1,4841.045,-9.637,-1.0761585706309325,SL,0.0891,2025-26,25.0
1769781109336,-1,4840.825,15.825,1.7247956403269755,TP,0.6429333333333334,2025-26,25.0
1769781165172,1,4835.015,-10.38,-1.036445332001997,SL,0.0754,2025-26,25.0
1769781196848,1,4835.222,14.778,1.4457053414204657,TP,0.05148333333333333,2025-26,25.0
1769781231032,1,4859.365,-9.97,-1.0646022423918846,SL,0.27836666666666665,2025-26,25.0
1769781270310,1,4859.772,15.228,1.5583299222267704,TP,1.34155,2025-26,25.0
1769781374088,1,4885.362,-10.364,-1.0001930129318664,SL,1.7662,2025-26,25.0
1769781492967,-1,4866.458,-8.807,-1.0310231795832359,SL,0.5518166666666666,2025-26,25.0
1769781536336,1,4884.102,-9.244,-1.015600966820479,SL,0.19673333333333334,2025-26,25.0
1769781586368,1,4883.855,-9.12,-1.0299265951439864,SL,0.37185,2025-26,25.0
1769781613177,1,4885.495,14.505,1.3820867079561696,TP,0.40036666666666665,2025-26,25.0
1769781721757,-1,4890.315,-10.54,-1.0882808466701084,SL,0.4570666666666667,2025-26,25.0
1769781778420,1,4884.502,-9.977,-1.0499894758998105,SL,0.4283166666666667,2025-26,25.0
1769781855719,1,4909.395,-12.297,-1.3088877062267164,SL,0.05636666666666667,2025-26,25.0
1769781926842,-1,4890.765,-10.21,-1.1055766107200866,SL,0.35805,2025-26,25.0
1769782024639,-1,4889.535,-10.53,-1.0062111801242235,SL,2.3688666666666665,2025-26,25.0
1769782189302,1,4909.245,-10.68,-1.1552190373174689,SL,1.3821,2025-26,25.0
1769782486059,1,4883.812,-8.844,-1.0036314117113028,SL,4.3082,2025-26,25.0
1769782759212,1,4886.245,-11.35,-1.0093374833259225,SL,2.919983333333333,2025-26,25.0
1769782955113,-1,4866.045,16.045,1.7917364600781687,TP,0.7686,2025-26,25.0
1769783023481,1,4860.762,14.238,1.3229882921390077,TP,1.3713833333333334,2025-26,25.0
1769783144978,-1,4866.285,-8.81,-1.0109007458405048,SL,0.71085,2025-26,25.0
1769783218770,-1,4865.898,-10.777,-1.1840254889035378,SL,0.054033333333333336,2025-26,25.0
1769783248562,1,4884.365,15.635,1.6695141484249867,TP,5.381433333333334,2025-26,25.0
1769783772677,1,4908.625,-8.87,-1.0284057971014493,SL,0.42428333333333335,2025-26,25.0
1769783884977,1,4908.415,16.585,1.9708853238265003,TP,0.5797,2025-26,25.0
1769783933179,-1,4916.058,16.058,1.7957951241333034,TP,2.5543833333333335,2025-26,25.0
1769784122488,1,4908.335,16.665,1.9994001199760048,TP,2.1633666666666667,2025-26,25.0
1769784335591,1,4933.825,-8.9,-1.0084985835694051,SL,0.38771666666666665,2025-26,25.0
1769784420575,-1,4916.265,-9.067,-1.0380080137378362,SL,0.7538833333333333,2025-26,25.0
1769784574105,-1,4916.165,-8.897,-1.0070175438596491,SL,0.60295,2025-26,25.0
1769784659551,-1,4916.255,-9.85,-1.126357918810749,SL,0.3337833333333333,2025-26,25.0
1769784765448,1,4933.972,-9.217,-1.0273071778867588,SL,7.598683333333334,2025-26,25.0
1769785226533,-1,4915.998,15.998,1.7771606309708954,TP,0.9400333333333334,2025-26,25.0
1769785326393,-1,4889.385,-10.717,-1.009609043805935,SL,0.1831,2025-26,25.0
1769785347543,-1,4890.755,-9.3,-1.005949161709032,SL,0.39436666666666664,2025-26,25.0
1769785487992,1,4909.455,-9.74,-1.0301427815970385,SL,1.2924666666666667,2025-26,25.0
1769785661803,-1,4891.325,-9.517,-1.0970605187319884,SL,1.7018333333333333,2025-26,25.0
1769785811187,-1,4890.905,-9.377,-1.0310060472787246,SL,3.9812666666666665,2025-26,25.0
1769786058390,-1,4890.735,-10.207,-1.1016729627630868,SL,0.41263333333333335,2025-26,25.0
1769786116709,-1,4891.355,-9.24,-1.0688259109311742,SL,3.7356166666666666,2025-26,25.0
1769786359747,-1,4891.175,-9.16,-1.0379603399433428,SL,0.11083333333333334,2025-26,25.0
1769786478098,1,4908.962,-9.624,-1.0738674403035038,SL,0.8642833333333333,2025-26,25.0
1769786756320,1,4910.125,-10.86,-1.0725925925925925,SL,1.4481166666666667,2025-26,25.0
1769786940215,-1,4890.035,15.035,1.508780732563974,TP,3.7653333333333334,2025-26,25.0
1769787254414,1,4883.765,-8.957,-1.021905305191101,SL,1.1188166666666666,2025-26,25.0
1769787381311,-1,4865.635,15.635,1.6695141484249867,TP,1.10415,2025-26,25.0
1769787561041,1,4859.095,-9.11,-1.0016492578339746,SL,1.0002666666666666,2025-26,25.0
1769787675800,1,4858.682,16.318,1.8795208477309375,TP,5.834983333333334,2025-26,25.0
1769788078265,-1,4866.435,16.435,1.918855808523059,TP,3.0625,2025-26,25.0
1769788287230,1,4858.832,-8.937,-1.0118885869565217,SL,2.0826,2025-26,25.0
1769788478806,-1,4841.195,16.195,1.8392958546280522,TP,0.7626333333333334,2025-26,25.0
1769788557998,1,4834.085,-9.19,-1.011557512383049,SL,0.40763333333333335,2025-26,25.0
1769788593703,-1,4816.048,-9.137,-1.0206657730116175,SL,0.17388333333333333,2025-26,25.0
1769788616264,1,4835.325,14.675,1.4213075060532687,TP,2.7759833333333335,2025-26,25.0
1769788808404,-1,4841.485,-8.52,-1.0005871990604815,SL,1.8612833333333334,2025-26,25.0
1769788967777,1,4858.862,-9.487,-1.0705258406680207,SL,2.702383333333333,2025-26,25.0
1769789252033,-1,4841.085,-9.36,-1.049915872125631,SL,9.2801,2025-26,25.0
1769789856159,1,4858.695,-9.367,-1.0772857964347327,SL,1.2208833333333333,2025-26,25.0
1769789979738,1,4858.705,16.295,1.8719126938541069,TP,2.3248333333333333,2025-26,25.0
1769790209319,1,4883.775,-9.97,-1.1361823361823362,SL,3.0294333333333334,2025-26,25.0
1769790465271,-1,4866.055,-9.02,-1.0083845723868083,SL,1.0093666666666667,2025-26,25.0
1769791058283,-1,4866.635,-8.427,-1.0074118350268977,SL,13.517116666666666,2025-26,25.0
1769791901418,1,4884.152,-66.554,-7.272071678321678,SL,2954.75395,2025-26,25.0
1769969452965,-1,4788.645,13.645,1.2016732716864817,TP,0.62905,2025-26,25.0
1769969583797,1,4763.395,-16.93,-1.2639044419559538,SL,1.2158166666666668,2025-26,25.0
1769969776485,-1,4733.698,8.698,0.5335541651331125,TP,1.8575833333333334,2025-26,25.0
1769969971448,1,4721.495,3.505,0.16306117701791115,TP,1.5531833333333334,2025-26,25.0
1769970149421,1,4736.252,-11.831,-1.0514575186633488,SL,0.4594,2025-26,25.0
1769970735615,1,4735.695,14.305,1.337540906965872,TP,3.4795833333333333,2025-26,25.0
1769971134654,1,4785.785,-11.48,-1.0644413537320352,SL,0.10513333333333333,2025-26,25.0
1769971190404,1,4785.152,-10.357,-1.0201930654058313,SL,0.16415,2025-26,25.0
1769971537497,-1,4764.895,14.895,1.4740227610094012,TP,0.21685,2025-26,25.0
1769971632727,-1,4735.768,10.768,0.7566048341765037,TP,0.5006333333333334,2025-26,25.0
1769971666969,1,4735.202,-11.317,-1.1092922956283082,SL,0.8848,2025-26,25.0
1769971814343,1,4759.302,-11.197,-1.2037196301870565,SL,1.2917,2025-26,25.0
1769971916662,-1,4740.545,-14.15,-1.496562665256478,SL,0.06616666666666667,2025-26,25.0
1769972007483,1,4759.312,-9.397,-1.0091280068728523,SL,0.06341666666666666,2025-26,25.0
1769972028312,-1,4740.675,-10.377,-1.1128150134048258,SL,0.38716666666666666,2025-26,25.0
1769972061162,1,4760.112,-10.607,-1.0489517405063291,SL,0.27398333333333336,2025-26,25.0
1769972123783,1,4758.952,-9.117,-1.01843163538874,SL,1.34055,2025-26,25.0
1769972213869,1,4759.152,-11.034,-1.2056381118881119,SL,0.3688,2025-26,25.0
1769972360313,-1,4741.168,-8.984,-1.0172101449275361,SL,0.9921833333333333,2025-26,25.0
1769972442242,1,4758.452,16.548,1.9578797917652626,TP,3.5258833333333333,2025-26,25.0
1769972694895,1,4783.952,16.048,1.7926720285969615,TP,3.7432666666666665,2025-26,25.0
1769973111983,1,4834.255,-11.087,-1.197947055645597,SL,0.22586666666666666,2025-26,25.0
1769973198666,1,4834.302,15.698,1.6875940657923028,TP,2.4375,2025-26,25.0
1769973530791,1,4859.195,-12.197,-1.3264817835780316,SL,1.3624833333333333,2025-26,25.0
1769973630505,1,4859.122,15.878,1.7406270554702916,TP,1.0882833333333333,2025-26,25.0
1769973760128,1,4884.262,-9.917,-1.0707190671561218,SL,0.36378333333333335,2025-26,25.0
1769973801100,-1,4865.985,-9.657,-1.0712146422628952,SL,0.8336666666666667,2025-26,25.0
1769973860480,-1,4866.458,16.458,1.926715055022243,TP,1.0804166666666666,2025-26,25.0
1769974099040,-1,4839.918,-10.584,-1.0497917079944457,SL,0.7259,2025-26,25.0
1769974210341,-1,4841.138,16.138,1.8210336267208305,TP,2.621183333333333,2025-26,25.0
1769974390918,1,4835.305,-10.527,-1.021542940320233,SL,0.0085,2025-26,25.0
1769974398897,1,4833.862,-9.497,-1.071654254118709,SL,0.028683333333333335,2025-26,25.0
1769974436567,-1,4815.748,-9.667,-1.0448551664504973,SL,0.15791666666666668,2025-26,25.0
1769974563256,1,4834.112,-9.267,-1.0170105355575065,SL,1.1444166666666666,2025-26,25.0
1769974753110,1,4833.762,-10.917,-1.2459484136042,SL,4.27815,2025-26,25.0
1769975132077,1,4808.942,-11.697,-1.3080966226794901,SL,0.10186666666666666,2025-26,25.0
1769975205970,1,4809.032,-9.237,-1.0226970770593447,SL,0.08366666666666667,2025-26,25.0
1769975249639,-1,4791.455,-8.597,-1.0060854300760678,SL,0.9175666666666666,2025-26,25.0
1769975784817,-1,4765.515,-9.857,-1.0392198207696364,SL,0.0839,2025-26,25.0
1769975850102,-1,4765.748,-9.724,-1.0510159965412884,SL,0.3671,2025-26,25.0
1769975940101,1,4784.565,-9.817,-1.0263460533193935,SL,0.02785,2025-26,25.0
1769975947299,-1,4765.375,15.375,1.5974025974025974,TP,0.9316666666666666,2025-26,25.0
1769976093823,1,4759.895,-10.587,-1.069934310257706,SL,0.4147,2025-26,25.0
1769976124791,1,4762.172,12.828,1.0538941833716726,TP,0.7810166666666667,2025-26,25.0
1769976203645,1,4784.532,-9.664,-1.0138480906420477,SL,0.20995,2025-26,25.0
1769976254111,-1,4765.938,15.938,1.7587728978150519,TP,2.1452666666666667,2025-26,25.0
1769976456993,-1,4714.748,14.748,1.4385485758876317,TP,0.47435,2025-26,25.0
1769976495542,1,4709.832,-12.027,-1.2232506102522376,SL,0.8894333333333333,2025-26,25.0
1769976552962,-1,4690.168,15.168,1.5427176566314076,TP,0.6550833333333334,2025-26,25.0
1769976596160,1,4664.201,-15.596,-1.0982325188367017,SL,0.09325,2025-26,25.0
1769976609955,-1,4639.325,14.325,1.3419203747072599,TP,0.3796833333333333,2025-26,25.0
1769976650763,-1,4602.258,2.258,0.09928766159528625,TP,0.07533333333333334,2025-26,25.0
1769976672964,1,4616.952,8.048,0.4747522416234073,TP,0.88475,2025-26,25.0
1769976739518,-1,4614.748,14.748,1.4385485758876317,TP,0.23666666666666666,2025-26,25.0
1769976759118,1,4610.745,-10.997,-1.0234527687296417,SL,0.10155,2025-26,25.0
1769976775841,-1,4587.785,-12.84,-1.0511665984445353,SL,0.010533333333333334,2025-26,25.0
1769976790443,-1,4591.015,-9.337,-1.039176405119644,SL,0.0016833333333333333,2025-26,25.0
1769976800692,1,4608.302,16.698,2.0113225728740063,TP,0.32485,2025-26,25.0
1769976853110,-1,4616.128,-10.374,-1.1692966636609559,SL,0.016883333333333334,2025-26,25.0
1769976858984,1,4634.655,15.345,1.589331952356292,TP,0.7612333333333333,2025-26,25.0
1769976907494,1,4663.905,-14.957,-1.0756562387630348,SL,0.013516666666666666,2025-26,25.0
1769976911355,1,4660.822,-12.224,-1.1295509148031788,SL,0.00085,2025-26,25.0
1769976921389,-1,4638.955,-13.34,-1.2077863286555002,SL,0.008433333333333333,2025-26,25.0
1769976927171,1,4660.252,14.748,1.4385485758876317,TP,1.1998166666666668,2025-26,25.0
1769977032494,-1,4690.548,15.548,1.6449428692340244,TP,1.7575666666666667,2025-26,25.0
1769977173933,1,4686.255,-11.277,-1.001954686805864,SL,0.10693333333333334,2025-26,25.0
1769977217581,1,4683.775,16.225,1.849002849002849,TP,0.2791666666666667,2025-26,25.0
1769977253542,1,4709.621,-10.886,-1.131483213803139,SL,0.010133333333333333,2025-26,25.0
1769977272262,-1,4690.738,15.738,1.699201036493198,TP,1.9317,2025-26,25.0
1769977446494,1,4659.415,15.585,1.6553372278279341,TP,0.92285,2025-26,25.0
1769977515226,1,4684.745,-10.116,-1.0380708055413033,SL,0.11806666666666667,2025-26,25.0
1769977530514,-1,4666.438,-9.747,-1.1384022424667133,SL,0.57265,2025-26,25.0
1769977571160,1,4684.662,-9.833,-1.0176981991306149,SL,0.3177333333333333,2025-26,25.0
1769977602620,1,4684.915,15.085,1.5214321734745335,TP,1.8917166666666667,2025-26,25.0
1769977730197,1,4708.782,-9.667,-1.1007743110908677,SL,0.0033666666666666667,2025-26,25.0
1769977745391,-1,4687.375,-13.087,-1.0365940594059406,SL,0.04475,2025-26,25.0
1769977801899,-1,4690.505,15.505,1.6329647182727751,TP,0.5458666666666666,2025-26,25.0
1769977861516,1,4690.182,9.818,0.6466868660255566,TP,2.186,2025-26,25.0
1769977997436,1,4709.615,-9.767,-1.0158086323452937,SL,0.05416666666666667,2025-26,25.0
1769978038316,1,4709.052,-9.374,-1.0355722492266903,SL,0.0584,2025-26,25.0
1769978047199,-1,4690.128,-11.914,-1.2068476499189627,SL,0.0944,2025-26,25.0
1769978077083,1,4708.972,16.028,1.7864467231386536,TP,1.4028333333333334,2025-26,25.0
1769978179120,1,4734.115,-10.69,-1.1727921009325288,SL,0.8059166666666666,2025-26,25.0
1769978255904,-1,4716.418,-9.484,-1.1051037054299697,SL,0.27996666666666664,2025-26,25.0
1769978304697,-1,4715.085,-10.647,-1.0738275340393344,SL,1.3276,2025-26,25.0
1769978535015,-1,4689.948,-11.644,-1.158376442499005,SL,0.2158,2025-26,25.0
1769978559616,1,4709.552,-9.737,-1.0193676716917923,SL,0.12415,2025-26,25.0
1769978629849,1,4708.622,-9.247,-1.0724889816747853,SL,0.35545,2025-26,25.0
1769979034648,-1,4715.145,-10.227,-1.0377473363774734,SL,0.2131,2025-26,25.0
1769979062206,1,4734.835,-11.937,-1.2137264870360955,SL,5.3839,2025-26,25.0
1769979415831,1,4733.805,-8.957,-1.0172629187961386,SL,4.55995,2025-26,25.0
1769979772128,1,4734.455,-9.57,-1.01216287678477,SL,0.3581166666666667,2025-26,25.0
1769979818639,-1,4716.325,-8.837,-1.0186743515850145,SL,1.0907166666666666,2025-26,25.0
1769979920557,-1,4715.848,-9.407,-1.0278627622377623,SL,1.2964333333333333,2025-26,25.0
1769980023846,-1,4715.935,-9.767,-1.0774407060121345,SL,0.5010166666666667,2025-26,25.0
1769980065869,-1,4715.808,-9.714,-1.0567885117493472,SL,0.6021166666666666,2025-26,25.0
1769980292445,1,4709.155,-11.53,-1.2594210813762972,SL,0.20661666666666667,2025-26,25.0
1769980314866,1,4708.752,16.248,1.8564899451553931,TP,1.9097166666666667,2025-26,25.0
1769980441639,1,4734.342,-9.517,-1.0187326054378079,SL,4.203866666666666,2025-26,25.0
1769980713960,1,4733.322,-10.864,-1.3054554193703436,SL,3.5376,2025-26,25.0
1769981058132,-1,4716.618,-9.177,-1.0948460987831066,SL,0.5515166666666667,2025-26,25.0
1769981226735,1,4733.825,16.175,1.8328611898016998,TP,4.91935,2025-26,25.0
1769982136799,1,4758.885,-9.59,-1.0793472144063028,SL,3.4933666666666667,2025-26,25.0
1769982354552,1,4759.692,-9.697,-1.0005158893933142,SL,0.17703333333333332,2025-26,25.0
1769982474529,-1,4741.365,16.365,1.8951939779965257,TP,1.42815,2025-26,25.0
1769982712876,1,4734.252,-10.567,-1.1421314310419368,SL,0.3287833333333333,2025-26,25.0
1769982825727,1,4733.725,-8.94,-1.0246418338108882,SL,0.42228333333333334,2025-26,25.0
1769982940925,1,4733.435,-9.947,-1.179253112033195,SL,1.5790166666666667,2025-26,25.0
1769983056219,-1,4713.908,13.908,1.2538766678687343,TP,1.0738166666666666,2025-26,25.0
1769983137528,1,4708.365,-8.74,-1.0448296473401075,SL,0.22966666666666666,2025-26,25.0
1769983181797,1,4709.145,15.855,1.7337342810278842,TP,1.1040666666666668,2025-26,25.0
1769983303413,-1,4716.368,-8.757,-1.014481000926784,SL,5.640666666666666,2025-26,25.0
1769984046108,1,4708.595,-8.987,-1.045607911576498,SL,0.31995,2025-26,25.0
1769984078690,-1,4690.488,-10.007,-1.0520395290159799,SL,0.12571666666666667,2025-26,25.0
1769984146888,-1,4658.428,-19.957,-1.2042601979242096,SL,0.20341666666666666,2025-26,25.0
1769984215363,1,4684.275,-9.54,-1.0285714285714285,SL,0.2939,2025-26,25.0
1769984347522,1,4708.685,16.315,1.8785261945883707,TP,2.927583333333333,2025-26,25.0
1769984582118,-1,4716.308,16.308,1.8762080073630925,TP,5.0898666666666665,2025-26,25.0
1769985066810,-1,4690.958,15.958,1.7648750276487504,TP,2.4222,2025-26,25.0
1769985347542,-1,4666.168,16.168,1.8306159420289856,TP,3.21205,2025-26,25.0
1769985640014,-1,4640.785,-11.027,-1.1966359196961476,SL,1.0548166666666667,2025-26,25.0
1769985727107,1,4659.255,-9.567,-1.033711507293355,SL,0.13075,2025-26,25.0
1769985800350,1,4659.195,15.805,1.718868950516585,TP,4.574083333333333,2025-26,25.0
1769986097786,-1,4666.069,-10.933,-1.2241630276564774,SL,0.12725,2025-26,25.0
1769986134208,1,4684.002,-9.547,-1.0605421017551655,SL,1.5617833333333333,2025-26,25.0
1769986395725,-1,4665.065,-10.437,-1.0505284348263715,SL,0.77405,2025-26,25.0
1769986476448,-1,4665.325,15.325,1.5839793281653747,TP,3.3272,2025-26,25.0
1769986820067,-1,4640.738,-12.314,-1.3295184625350895,SL,0.17303333333333334,2025-26,25.0
1769986890415,-1,4641.098,16.098,1.8083576724331611,TP,0.2378,2025-26,25.0
1769986939487,-1,4615.855,-9.49,-1.0377255330781847,SL,3.363783333333333,2025-26,25.0
1769987153582,-1,4616.008,-9.027,-1.0038923487544484,SL,0.11896666666666667,2025-26,25.0
1769987192397,1,4634.202,15.798,1.716800695500978,TP,2.2884333333333333,2025-26,25.0
1769987356818,1,4659.255,-11.74,-1.2685035116153431,SL,1.08885,2025-26,25.0
1769987441074,1,4658.895,-9.867,-1.109274873524452,SL,0.5369833333333334,2025-26,25.0
1769987528749,-1,4640.438,-9.764,-1.0211252875967372,SL,1.3954166666666667,2025-26,25.0
1769987644501,1,4659.592,15.408,1.6063386155129273,TP,4.1298,2025-26,25.0
1769987943193,1,4683.802,16.198,1.8402635764598956,TP,1.04535,2025-26,25.0
1769988023231,-1,4691.135,16.135,1.820078962210942,TP,6.49975,2025-26,25.0
1769988435038,1,4683.432,-8.504,-1.00853889943074,SL,0.8294166666666667,2025-26,25.0
1769988669232,1,4683.765,-8.85,-1.0096976611523103,SL,7.346233333333333,2025-26,25.0
1769989140199,-1,4665.198,-9.997,-1.0198938992042441,SL,2.6312,2025-26,25.0
1769989347656,-1,4666.025,-9.62,-1.0718662952646238,SL,0.6879,2025-26,25.0
1769989430648,1,4684.062,15.938,1.7587728978150519,TP,2.1856333333333335,2025-26,25.0
1769989604250,1,4708.875,-9.847,-1.1095211267605634,SL,1.0786333333333333,2025-26,25.0
1769989696012,-1,4690.538,15.538,1.642147537518495,TP,8.12375,2025-26,25.0
1769990244733,1,4684.035,-9.14,-1.0116214720531267,SL,0.29645,2025-26,25.0
1769990463188,1,4683.902,-8.977,-1.0084250730172994,SL,5.55925,2025-26,25.0
1769990826326,-1,4666.225,-8.94,-1.0188034188034187,SL,0.30538333333333334,2025-26,25.0
1769991106708,-1,4664.265,-10.737,-1.00018630647415,SL,5.1864,2025-26,25.0
1769991795737,1,4658.952,-9.597,-1.0720509383378016,SL,7.065616666666667,2025-26,25.0
1769992231232,-1,4641.938,16.938,2.1009675018605805,TP,1.1866333333333334,2025-26,25.0
1769992353663,1,4634.052,-9.654,-1.066504639858595,SL,0.6643333333333333,2025-26,25.0
1769992618112,-1,4615.708,-9.717,-1.0457382694791217,SL,2.2496833333333335,2025-26,25.0
1769992811487,-1,4610.726,10.726,0.7514361776656858,TP,2.2289,2025-26,25.0
1769993002367,1,4609.935,-9.937,-1.0002013085052843,SL,0.49083333333333334,2025-26,25.0
1769993052452,-1,4591.435,16.435,1.918855808523059,TP,0.4881666666666667,2025-26,25.0
1769993133022,-1,4566.345,-8.83,-1.0202195262853841,SL,0.08556666666666667,2025-26,25.0
1769993227776,-1,4565.308,15.308,1.5794469665703672,TP,1.8201666666666667,2025-26,25.0
1769993355246,-1,4540.935,-9.66,-1.0656370656370657,SL,0.57725,2025-26,25.0
1769993399657,1,4560.375,-10.577,-1.0194698795180723,SL,0.005933333333333333,2025-26,25.0
1769993420665,1,4559.645,-12.087,-1.2531881804043545,SL,0.17386666666666667,2025-26,25.0
1769993434442,1,4560.292,-17.722,-1.7219199378157792,SL,0.026183333333333333,2025-26,25.0
1769993437178,1,4559.925,-27.377,-2.7583879093198993,SL,0.10978333333333333,2025-26,25.0
1769993450585,1,4563.225,-21.88,-1.6544423440453686,SL,0.031116666666666667,2025-26,25.0
1769993464438,1,4559.552,-14.699,-1.5388400335008374,SL,0.0228,2025-26,25.0
1769993470931,-1,4539.555,-10.96,-1.0493058879846817,SL,0.3318,2025-26,25.0
1769993532447,-1,4515.415,-11.137,-1.1619196661450182,SL,0.0228,2025-26,25.0
1769993566416,-1,4515.295,-10.08,-1.0386398763523956,SL,1.1751833333333332,2025-26,25.0
1769993640245,-1,4513.265,-11.787,-1.0044311887515978,SL,0.005066666666666666,2025-26,25.0
1769993651872,-1,4514.585,-10.837,-1.0405184829572731,SL,0.13605,2025-26,25.0
1769993672399,1,4535.252,-10.277,-1.0024385485758875,SL,0.7801833333333333,2025-26,25.0
1769993847076,1,4533.812,16.188,1.8370403994552882,TP,0.96625,2025-26,25.0
1769993916689,1,4559.765,-9.807,-1.0043010752688173,SL,0.67505,2025-26,25.0
1769993964878,1,4559.302,-9.344,-1.0045151580305312,SL,0.21763333333333335,2025-26,25.0
1769993996858,-1,4540.845,-9.757,-1.0657564172583287,SL,0.03038333333333333,2025-26,25.0
1769994024913,1,4558.975,-8.98,-1.0005571030640668,SL,2.4182333333333332,2025-26,25.0
1769994211492,1,4560.142,-10.984,-1.0830211003746795,SL,1.8593166666666667,2025-26,25.0
1769994351708,1,4559.532,-9.634,-1.0107007973143096,SL,0.19045,2025-26,25.0
1769994368713,1,4560.102,-12.887,-1.2756879825777074,SL,0.08535,2025-26,25.0
1769994381092,-1,4540.808,-9.744,-1.0600522193211488,SL,0.12101666666666666,2025-26,25.0
1769994504233,1,4534.932,15.068,1.5171163914619412,TP,1.1656666666666666,2025-26,25.0
1769994633705,1,4560.515,-11.057,-1.051545411317166,SL,0.42941666666666667,2025-26,25.0
1769994715697,1,4558.952,-8.964,-1.0013404825737264,SL,0.2842166666666667,2025-26,25.0
1769994770418,-1,4540.655,-10.22,-1.0936329588014981,SL,3.064983333333333,2025-26,25.0
1769995051958,-1,4515.898,-9.147,-1.0049439683586026,SL,0.1711,2025-26,25.0
1769995187266,1,4534.752,-10.374,-1.0637817883511074,SL,0.40723333333333334,2025-26,25.0
1769995227928,-1,4514.448,14.448,1.3692191053828657,TP,0.6277666666666667,2025-26,25.0
1769995274683,-1,4490.848,15.848,1.7316433566433567,TP,2.0910333333333333,2025-26,25.0
1769995406127,-1,4465.778,-9.427,-1.0222294513120798,SL,0.08703333333333334,2025-26,25.0
1769995436377,1,4485.042,-11.097,-1.1050587532364071,SL,0.52885,2025-26,25.0
1769995476722,-1,4465.048,-10.804,-1.0856109324758842,SL,0.25033333333333335,2025-26,25.0
1769995497264,-1,4462.948,-13.177,-1.0933455028211085,SL,0.17421666666666666,2025-26,25.0
1769995526034,-1,4463.158,13.158,1.1111298767100153,TP,1.7873833333333333,2025-26,25.0
1769995648394,-1,4435.855,-14.597,-1.031954754330152,SL,0.3382,2025-26,25.0
1769995679648,1,4460.595,14.405,1.3596035865974516,TP,0.48501666666666665,2025-26,25.0
1769995754211,1,4484.285,-11.26,-1.2127086698976843,SL,2.90985,2025-26,25.0
1769996037178,-1,4465.238,-10.467,-1.072218807621389,SL,0.2354,2025-26,25.0
1769996093551,-1,4465.848,-9.904,-1.082167832167832,SL,0.7975666666666666,2025-26,25.0
1769996261032,-1,4440.548,15.548,1.6449428692340244,TP,0.39016666666666666,2025-26,25.0
1769996371170,-1,4415.495,-11.72,-1.233035244608101,SL,1.50835,2025-26,25.0
1769996516187,1,4434.552,15.448,1.617252931323283,TP,1.3285333333333333,2025-26,25.0
1769996611759,-1,4440.945,-9.467,-1.0454997239094423,SL,0.9669833333333333,2025-26,25.0
1769996707652,1,4459.812,-9.967,-1.0157969832857725,SL,0.21713333333333334,2025-26,25.0
1769996747429,1,4461.352,-11.604,-1.022198731501057,SL,1.2818166666666666,2025-26,25.0
1769996844608,1,4459.545,-9.597,-1.0054478784704033,SL,0.15503333333333333,2025-26,25.0
1769996912626,1,4459.352,-9.367,-1.0016039349871686,SL,0.10608333333333334,2025-26,25.0
1769996944316,-1,4440.548,-10.114,-1.070038087177317,SL,1.1454666666666666,2025-26,25.0
1769997036531,1,4458.832,16.168,1.8306159420289856,TP,2.39755,2025-26,25.0
1769997205703,1,4484.452,-10.194,-1.078501904358866,SL,0.29536666666666667,2025-26,25.0
1769997247173,1,4483.835,16.165,1.8296547821165818,TP,2.18795,2025-26,25.0
1769997397729,1,4508.965,-9.18,-1.0239821528165087,SL,2.4402666666666666,2025-26,25.0
1769997600837,-1,4489.799,-11.896,-1.166160180374473,SL,0.017716666666666665,2025-26,25.0
1769997604130,-1,4490.735,-9.757,-1.0531030760928224,SL,0.04733333333333333,2025-26,25.0
1769997613728,1,4510.902,-11.147,-1.0224729407448174,SL,0.8683666666666666,2025-26,25.0
1769997791255,1,4533.802,-8.937,-1.0153374233128833,SL,0.19898333333333335,2025-26,25.0
1769998026885,1,4533.925,16.075,1.8011204481792717,TP,2.1395833333333334,2025-26,25.0
1769998177426,-1,4541.148,-9.017,-1.0186398553999096,SL,0.21163333333333334,2025-26,25.0
1769998250116,-1,4540.278,-10.227,-1.0519440444353014,SL,4.81915,2025-26,25.0
1769998551963,1,4562.145,-13.297,-1.094853849320708,SL,0.12736666666666666,2025-26,25.0
1769998586101,-1,4540.648,15.648,1.6732249786142002,TP,0.7383833333333333,2025-26,25.0
1769998634207,1,4534.525,15.475,1.6246719160104988,TP,6.8377,2025-26,25.0
1769999067468,1,4559.242,-9.957,-1.0773642068816274,SL,0.0979,2025-26,25.0
1769999137446,1,4560.931,-10.996,-1.0059463909980788,SL,3.8219833333333333,2025-26,25.0
1769999513443,-1,4541.125,-9.59,-1.08056338028169,SL,5.193333333333333,2025-26,25.0
1769999849436,1,4560.052,14.948,1.487067250298448,TP,3.1373333333333333,2025-26,25.0
1770000059203,1,4583.152,-8.244,-1.0112855740922473,SL,1.13085,2025-26,25.0
1770000295161,1,4584.385,15.615,1.663825253063399,TP,1.6177166666666667,2025-26,25.0
1770000545852,1,4609.162,-9.307,-1.0158262388124863,SL,1.3278166666666666,2025-26,25.0
1770000695936,-1,4591.315,-9.287,-1.069314910765688,SL,3.6517166666666667,2025-26,25.0
1770001010447,1,4608.952,-12.087,-1.350201072386059,SL,0.9743833333333334,2025-26,25.0
1770001152731,-1,4590.675,15.675,1.6809651474530831,TP,2.8918166666666667,2025-26,25.0
1770001385565,1,4583.802,-8.837,-1.0039763690070438,SL,0.23628333333333335,2025-26,25.0
1770001513293,1,4583.852,-8.967,-1.012991414369634,SL,1.0237833333333333,2025-26,25.0
1770001616833,1,4583.952,16.048,1.7926720285969615,TP,1.2131,2025-26,25.0
1770001754290,1,4608.292,16.708,2.014954172696575,TP,1.42415,2025-26,25.0
1770001884590,-1,4616.638,-8.877,-1.0615881368093758,SL,7.862516666666667,2025-26,25.0
1770002395917,1,4633.662,-8.957,-1.0340567998152852,SL,7.294116666666667,2025-26,25.0
1770002917682,1,4633.982,-9.537,-1.0617902471609886,SL,6.24605,2025-26,25.0
1770003368484,-1,4616.125,-10.66,-1.2011267605633802,SL,0.10376666666666666,2025-26,25.0
1770003385372,-1,4616.275,-8.8,-1.008595988538682,SL,0.6028666666666667,2025-26,25.0
1770003479003,-1,4616.545,-8.62,-1.0195150798344175,SL,1.2038166666666668,2025-26,25.0
1770003570994,1,4633.745,-8.86,-1.0131503716409376,SL,0.3103166666666667,2025-26,25.0
1770003667951,1,4634.305,-9.32,-1.001612036539495,SL,0.15671666666666667,2025-26,25.0
1770003740124,1,4634.095,15.905,1.748763056624519,TP,8.919516666666667,2025-26,25.0
1770004297422,-1,4641.535,-8.6,-1.0159480212640284,SL,2.23625,2025-26,25.0
1770004521785,-1,4641.165,16.165,1.8296547821165818,TP,6.863883333333333,2025-26,25.0
1770004980597,-1,4616.725,-8.33,-1.0066465256797583,SL,1.6094333333333333,2025-26,25.0
1770005133708,1,4633.795,-9.89,-1.1245025582717454,SL,1.1025,2025-26,25.0
1770005346244,-1,4615.815,-9.397,-1.0230811105062603,SL,0.6293333333333333,2025-26,25.0
1770005398765,1,4634.132,15.868,1.7376259307928166,TP,2.034133333333333,2025-26,25.0
1770005633779,-1,4641.305,-8.85,-1.0178263369752731,SL,3.3922166666666667,2025-26,25.0
1770006358172,1,4661.392,13.608,1.1945224719101124,TP,0.5813,2025-26,25.0
1770006436291,1,4683.362,-8.457,-1.0113609184405645,SL,0.09775,2025-26,25.0
1770006533773,-1,4690.935,-9.43,-1.0402647545504689,SL,2.0406833333333334,2025-26,25.0
1770006854208,-1,4691.255,-8.77,-1.002858776443682,SL,2.6658833333333334,2025-26,25.0
1770007263573,1,4709.275,-9.727,-1.048733153638814,SL,0.8875666666666666,2025-26,25.0
1770007348920,-1,4691.435,-8.96,-1.0461179217746643,SL,0.2012,2025-26,25.0
1770007417020,-1,4691.048,-9.577,-1.069816800714924,SL,2.04545,2025-26,25.0
1770007690777,1,4708.995,-9.53,-1.0594774874930517,SL,3.0312,2025-26,25.0
1770008183454,-1,4715.635,-9.63,-1.028296849973305,SL,4.642333333333333,2025-26,25.0
1770008558169,1,4733.765,-9.04,-1.031374786081004,SL,0.84995,2025-26,25.0
1770008643673,-1,4716.555,-9.89,-1.1711071640023683,SL,7.9887,2025-26,25.0
1770009373378,-1,4715.875,15.875,1.7397260273972603,TP,5.00025,2025-26,25.0
1770010163334,1,4683.715,-8.727,-1.0013769363166953,SL,0.7674166666666666,2025-26,25.0
1770010638559,-1,4666.575,-9.49,-1.1264094955489614,SL,1.4980666666666667,2025-26,25.0
1770010732957,1,4684.252,-9.274,-1.0023778642455685,SL,3.129183333333333,2025-26,25.0
1770011129737,-1,4665.585,-9.69,-1.0292087095061073,SL,2.9218,2025-26,25.0
1770011465880,1,4683.142,16.858,2.0704986489805943,TP,4.00645,2025-26,25.0
1770011753039,1,4710.475,-10.527,-1.004964200477327,SL,0.4200833333333333,2025-26,25.0
1770012790897,1,4733.315,16.685,2.006614552014432,TP,1.95135,2025-26,25.0
1770012948452,-1,4741.528,-8.527,-1.0064919735599622,SL,0.7912333333333333,2025-26,25.0
1770013406462,1,4759.355,-9.447,-1.0098343132014966,SL,2.1123666666666665,2025-26,25.0
1770013635681,-1,4739.928,-10.557,-1.0481532962668785,SL,0.8693166666666666,2025-26,25.0
1770013771001,1,4758.515,-8.66,-1.0170287727539635,SL,0.5666166666666667,2025-26,25.0
1770013850846,1,4757.982,-7.987,-1.0006264094211976,SL,3.0856333333333335,2025-26,25.0
1770014120951,1,4758.995,16.005,1.7793218454697053,TP,4.940133333333334,2025-26,25.0
1770015043975,-1,4766.845,-8.47,-1.03862660944206,SL,0.39465,2025-26,25.0
1770015127979,-1,4766.555,-8.657,-1.0251036116044998,SL,7.9573,2025-26,25.0
1770015706531,-1,4766.495,16.495,1.9394473838918282,TP,5.510766666666667,2025-26,25.0
1770016181121,1,4758.202,16.798,2.0480370641306997,TP,1.8327166666666668,2025-26,25.0
1770016336448,-1,4766.058,-9.077,-1.0150972936703198,SL,7.022166666666666,2025-26,25.0
1770016985064,1,4783.175,-8.377,-1.0247094801223242,SL,3.119,2025-26,25.0
1770017505490,1,4783.625,-10.06,-1.1663768115942028,SL,3.30755,2025-26,25.0
1770017912493,1,4783.415,16.585,1.9708853238265003,TP,6.74215,2025-26,25.0
1770018348586,1,4808.082,-8.147,-1.008042563721851,SL,2.1473333333333335,2025-26,25.0
1770018509568,-1,4791.325,16.325,1.8818443804034581,TP,8.437466666666667,2025-26,25.0
1770019023397,1,4783.635,-8.72,-1.0098436595251883,SL,3.262383333333333,2025-26,25.0
1770019225243,-1,4765.945,15.945,1.7609055770292656,TP,0.4814,2025-26,25.0
1770019262572,1,4758.682,-8.687,-1.0005759041695461,SL,0.4446,2025-26,25.0
1770019306397,-1,4740.745,-9.507,-1.0272285251215558,SL,0.16106666666666666,2025-26,25.0
1770019381576,1,4735.085,-10.19,-1.0104115022310363,SL,1.0813166666666667,2025-26,25.0
1770019485593,-1,4741.078,-9.847,-1.1036763057610401,SL,0.13618333333333332,2025-26,25.0
1770019500919,-1,4740.738,-9.427,-1.017814726840855,SL,0.7330166666666666,2025-26,25.0
1770019595893,1,4758.755,16.245,1.8555111364934322,TP,1.5755833333333333,2025-26,25.0
1770019730727,-1,4765.738,-11.047,-1.1927229540056143,SL,0.23846666666666666,2025-26,25.0
1770019906956,-1,4790.748,15.748,1.7021184608733246,TP,4.187566666666667,2025-26,25.0
1770020184864,-1,4766.008,-11.464,-1.2749110320284698,SL,0.8375833333333333,2025-26,25.0
1770020257338,-1,4765.748,15.748,1.7021184608733246,TP,2.17885,2025-26,25.0
1770020401879,-1,4740.125,-10.06,-1.0187341772151899,SL,1.48355,2025-26,25.0
1770020514661,-1,4741.365,-8.8,-1.019108280254777,SL,0.07556666666666667,2025-26,25.0
1770020544084,1,4758.852,-9.704,-1.096249435155897,SL,0.8606,2025-26,25.0
1770020619774,-1,4741.208,-9.547,-1.0858735213830755,SL,2.85745,2025-26,25.0
1770020870160,-1,4740.308,15.308,1.5794469665703672,TP,3.9991666666666665,2025-26,25.0
1770021118889,-1,4715.825,-9.18,-1.0005449591280653,SL,0.20671666666666666,2025-26,25.0
1770021149051,-1,4716.258,-9.257,-1.0589110043468315,SL,0.7228,2025-26,25.0
1770021238227,1,4709.545,-9.64,-1.0099528548978522,SL,2.5200666666666667,2025-26,25.0
1770021416453,-1,4691.295,-8.987,-1.0323951751866742,SL,0.07205,2025-26,25.0
1770021447808,-1,4691.305,-8.82,-1.0143760782058655,SL,0.1983,2025-26,25.0
1770021467066,-1,4691.105,-9.147,-1.0283305227655986,SL,0.28568333333333334,2025-26,25.0
1770021494373,-1,4690.985,15.985,1.7731558513588463,TP,3.7079833333333334,2025-26,25.0
1770021791468,1,4683.502,-8.944,-1.0519877675840978,SL,0.35173333333333334,2025-26,25.0
1770021890928,1,4683.332,16.668,2.00048007681229,TP,0.6807,2025-26,25.0
1770022037733,-1,4691.305,-8.897,-1.0232317423806785,SL,0.14568333333333333,2025-26,25.0
1770022407089,1,4709.102,-9.587,-1.0532849923093826,SL,5.5601,2025-26,25.0
1770022944756,-1,4716.625,-8.727,-1.0420298507462686,SL,4.784133333333333,2025-26,25.0
1770023256443,-1,4716.698,-8.643,-1.0410744398940015,SL,0.5665666666666667,2025-26,25.0
1770023353066,-1,4716.608,-8.587,-1.023236415633937,SL,1.7722333333333333,2025-26,25.0
1770023591078,1,4733.285,-8.577,-1.0352444176222089,SL,1.7863166666666668,2025-26,25.0
1770023806302,-1,4716.735,-8.4,-1.0163339382940109,SL,1.1183166666666666,2025-26,25.0
1770023928076,-1,4716.298,16.298,1.872902780969892,TP,1.0605666666666667,2025-26,25.0
1770024437255,1,4708.515,16.485,1.935995302407516,TP,1.3735333333333333,2025-26,25.0
1770024600728,-1,4713.795,-11.9,-1.0620258813029897,SL,0.1763,2025-26,25.0
1770024618506,-1,4716.695,-9.05,-1.0897049969897652,SL,0.68435,2025-26,25.0
1770024689320,-1,4716.555,-8.536,-1.0107756068679692,SL,0.7885,2025-26,25.0
1770024779392,1,4733.202,16.798,2.0480370641306997,TP,1.1433333333333333,2025-26,25.0
1770025089776,1,4783.425,-8.807,-1.0453412462908012,SL,4.1401666666666666,2025-26,25.0
1770025387765,-1,4766.748,16.748,2.0295685894328646,TP,1.98585,2025-26,25.0
1770025582506,1,4758.952,-9.324,-1.0415549597855227,SL,0.6483166666666667,2025-26,25.0
1770025689564,-1,4740.995,-9.967,-1.1068295391449194,SL,0.3717,2025-26,25.0
1770025734172,-1,4741.425,16.425,1.9154518950437318,TP,5.954566666666667,2025-26,25.0
1770026101025,-1,4716.378,-8.734,-1.0129900255161215,SL,3.2704833333333334,2025-26,25.0
1770026341458,-1,4715.555,-10.177,-1.0775013234515616,SL,0.68945,2025-26,25.0
1770026508488,-1,4689.645,-10.5,-1.0140028971511348,SL,0.12573333333333334,2025-26,25.0
1770026538819,1,4709.852,-10.337,-1.0492285830288266,SL,0.11121666666666667,2025-26,25.0
1770026647874,1,4733.652,-8.887,-1.027161349976884,SL,0.7587666666666667,2025-26,25.0
1770026881099,-1,4715.988,-9.284,-1.0301819795827785,SL,0.7051166666666666,2025-26,25.0
1770026930638,-1,4715.898,-10.634,-1.1683146561195341,SL,0.6067666666666667,2025-26,25.0
1770026981477,1,4733.662,-10.124,-1.1687831909489725,SL,0.34346666666666664,2025-26,25.0
1770027259240,1,4708.802,16.198,1.8402635764598956,TP,1.9362833333333334,2025-26,25.0
1770027387049,-1,4716.015,-8.987,-1.000222593210907,SL,0.43925,2025-26,25.0
1770027460047,-1,4715.275,15.275,1.570694087403599,TP,1.4376166666666668,2025-26,25.0
1770027571402,1,4708.952,-8.957,-1.0005585344057193,SL,0.8372833333333334,2025-26,25.0
1770027695337,1,4709.102,-9.414,-1.034278180619644,SL,0.9259,2025-26,25.0
1770027822476,-1,4691.098,-8.954,-1.005841383958661,SL,0.2911666666666667,2025-26,25.0
1770027938995,1,4708.582,-8.597,-1.001747844325332,SL,1.5033333333333334,2025-26,25.0
1770028063101,-1,4691.235,16.235,1.852253280091272,TP,0.9048,2025-26,25.0
1770028166337,1,4684.662,-9.977,-1.032601945766922,SL,0.6219333333333333,2025-26,25.0
1770028208663,-1,4666.853,16.853,2.0686142138210384,TP,1.892,2025-26,25.0
1770028350253,1,4659.012,15.988,1.7740790057700844,TP,1.0459666666666667,2025-26,25.0
1770028458291,1,4684.701,-9.756,-1.0056695186063291,SL,3.83205,2025-26,25.0
1770028863949,-1,4689.755,14.755,1.440214738897023,TP,2.0424333333333333,2025-26,25.0
1770029130710,-1,4666.028,16.028,1.7864467231386536,TP,4.755816666666667,2025-26,25.0
1770029452023,1,4658.225,-8.35,-1.0151975683890577,SL,0.6255,2025-26,25.0
1770029498370,1,4658.175,-8.34,-1.0201834862385322,SL,0.7259,2025-26,25.0
1770029595689,-1,4640.545,15.545,1.6441036488630354,TP,4.332366666666666,2025-26,25.0
1770029882640,1,4634.782,-10.807,-1.104784297689634,SL,0.7505833333333334,2025-26,25.0
1770029964685,-1,4616.508,16.508,1.9439472444653791,TP,2.648833333333333,2025-26,25.0
1770030147586,1,4608.945,16.055,1.7948574622694242,TP,0.8167666666666666,2025-26,25.0
1770030364661,1,4658.962,-9.107,-1.0161794242356617,SL,0.04466666666666667,2025-26,25.0
1770030383167,1,4658.545,16.455,1.9256875365710941,TP,2.9406666666666665,2025-26,25.0
1770030660296,1,4683.272,16.728,2.0222437137330753,TP,3.49535,2025-26,25.0
1770030904962,-1,4690.878,15.878,1.7406270554702916,TP,2.429133333333333,2025-26,25.0
1770031084170,1,4685.352,14.648,1.4149922720247294,TP,2.9968666666666666,2025-26,25.0
1770031401641,-1,4691.498,-9.804,-1.1531404375441072,SL,0.1911,2025-26,25.0
1770031508331,-1,4690.768,15.768,1.7079722703639515,TP,2.934083333333333,2025-26,25.0
1770031759223,-1,4666.398,-10.667,-1.2400604510578934,SL,1.2604333333333333,2025-26,25.0
1770031896722,-1,4665.915,15.915,1.75178866263071,TP,1.8773333333333333,2025-26,25.0
1770032026575,1,4658.632,-9.534,-1.1044949026876738,SL,0.3230166666666667,2025-26,25.0
1770032340121,-1,4666.648,-9.217,-1.1035680076628354,SL,0.45303333333333334,2025-26,25.0
1770032403691,1,4683.385,-9.28,-1.1067382230172929,SL,4.702483333333333,2025-26,25.0
1770032703160,-1,4666.638,-8.367,-1.0005979430758192,SL,13.019566666666666,2025-26,25.0
1770033536955,-1,4665.225,-10.077,-1.0308951406649616,SL,2.3426833333333335,2025-26,25.0
1770033704266,1,4683.462,-8.524,-1.0073268730796503,SL,0.09865,2025-26,25.0
1770033783529,-1,4665.868,-9.277,-1.0158782303985983,SL,0.08248333333333334,2025-26,25.0
1770033973214,1,4683.175,16.825,2.058103975535168,TP,0.8163166666666667,2025-26,25.0
1770034114571,1,4708.455,-8.55,-1.0112359550561798,SL,2.9378166666666665,2025-26,25.0
1770034498472,1,4708.495,-8.52,-1.0029429075927017,SL,1.0818833333333333,2025-26,25.0
1770034594648,-1,4692.078,17.078,2.155768745266347,TP,2.6947666666666668,2025-26,25.0
1770034913806,1,4683.395,-8.68,-1.03394877903514,SL,0.2688833333333333,2025-26,25.0
1770035048753,-1,4666.718,-8.677,-1.047693793769621,SL,0.40475,2025-26,25.0
1770035114387,-1,4666.768,-8.567,-1.0406948493683188,SL,1.6972666666666667,2025-26,25.0
1770035317125,-1,4666.115,-9.527,-1.0722566122678672,SL,4.369766666666667,2025-26,25.0
1770035593550,1,4684.015,-9.767,-1.0834165280088741,SL,1.1819666666666666,2025-26,25.0
1770035832754,-1,4666.625,-8.49,-1.0137313432835822,SL,3.227116666666667,2025-26,25.0
1770036131488,-1,4666.675,-9.157,-1.0999399399399399,SL,2.3984666666666667,2025-26,25.0
1770036307347,-1,4666.585,-8.53,-1.0136660724896018,SL,0.9172333333333333,2025-26,25.0
1770036375214,-1,4666.645,-8.7,-1.0412926391382407,SL,2.81405,2025-26,25.0
1770036643854,1,4684.802,-9.847,-1.004590899816364,SL,0.15555,2025-26,25.0
1770036767035,1,4683.012,-8.117,-1.0131053419870195,SL,2.0125,2025-26,25.0
1770036986739,1,4684.795,-10.017,-1.0226646248085758,SL,2.984166666666667,2025-26,25.0
1770037219583,-1,4666.715,16.715,2.017501508750754,TP,2.1090666666666666,2025-26,25.0
1770037614322,1,4658.145,-8.44,-1.03621853898097,SL,6.128966666666667,2025-26,25.0
1770038042829,-1,4641.585,16.585,1.9708853238265003,TP,5.200233333333333,2025-26,25.0
1770038477516,1,4633.802,-8.967,-1.0187457396046353,SL,7.766616666666667,2025-26,25.0
1770039149365,-1,4641.845,-8.317,-1.019865113427345,SL,1.5397333333333334,2025-26,25.0
1770039279445,1,4658.265,-8.56,-1.0356926799758015,SL,10.908316666666666,2025-26,25.0
1770039967894,1,4659.772,-9.797,-1.0025583299222267,SL,8.184783333333334,2025-26,25.0
1770040703635,1,4658.562,-8.847,-1.0332866152768045,SL,2.1254166666666667,2025-26,25.0
1770040865002,-1,4641.835,-8.247,-1.0100428658909981,SL,0.2559,2025-26,25.0
1770041155629,-1,4641.885,-10.28,-1.2667898952556993,SL,1.0470333333333333,2025-26,25.0
1770041372340,-1,4641.555,-8.79,-1.0408525754884548,SL,0.8577,2025-26,25.0
1770041471474,1,4658.052,-8.147,-1.0117983109786388,SL,2.4526166666666667,2025-26,25.0
1770041761818,-1,4641.705,-8.5,-1.024713682941531,SL,0.77975,2025-26,25.0
1770042390220,-1,4641.625,-8.877,-1.0599402985074626,SL,5.7249,2025-26,25.0
1770042968395,1,4658.172,-8.607,-1.053230543318649,SL,1.5213333333333334,2025-26,25.0
1770043124442,1,4658.075,16.925,2.0959752321981426,TP,1.49925,2025-26,25.0
1770043550453,1,4707.965,-7.967,-1.0002510985561832,SL,0.69045,2025-26,25.0
1770043800901,1,4708.445,-8.447,-1.0002368265245707,SL,2.9979833333333334,2025-26,25.0
1770044020916,-1,4691.688,16.688,2.0076997112608277,TP,6.7049666666666665,2025-26,25.0
1770044447758,1,4684.305,-9.857,-1.059322944653412,SL,4.1426,2025-26,25.0
1770044909685,1,4683.785,16.215,1.8457598178713717,TP,2.9034166666666668,2025-26,25.0
1770045176342,-1,4691.725,16.725,2.0211480362537766,TP,7.12015,2025-26,25.0
1770045672548,-1,4662.278,-12.827,-1.0082534192736992,SL,18.293266666666668,2025-26,25.0
1770046787978,-1,4666.605,-10.38,-1.2364502680166767,SL,1.6822833333333334,2025-26,25.0
1770047282903,-1,4665.825,-9.31,-1.0147138964577658,SL,3.3643,2025-26,25.0
1770047589991,-1,4666.955,-8.627,-1.0723430702299566,SL,1.84095,2025-26,25.0
1770047701453,1,4683.282,-8.857,-1.0694276744747646,SL,0.011866666666666666,2025-26,25.0
1770047707968,-1,4666.375,-9.09,-1.0539130434782609,SL,1.8714833333333334,2025-26,25.0
1770047857654,-1,4666.925,16.925,2.0959752321981426,TP,1.6248,2025-26,25.0
1770047970975,1,4658.965,-9.2,-1.0262130507529281,SL,2.267716666666667,2025-26,25.0
1770048212373,1,4658.812,16.188,1.8370403994552882,TP,9.462916666666667,2025-26,25.0
1770049204734,-1,4666.335,-8.87,-1.023658395845355,SL,4.809916666666667,2025-26,25.0
1770049621075,1,4683.255,-8.27,-1.001817080557238,SL,3.6679,2025-26,25.0
1770050700988,-1,4665.875,15.875,1.7397260273972603,TP,6.268316666666666,2025-26,25.0
1770051098748,1,4659.052,15.948,1.761820592134335,TP,68.82796666666667,2025-26,25.0
1770055412832,1,4709.142,-10.694,-1.1697659155545832,SL,0.03693333333333333,2025-26,25.0
1770055531167,1,4709.882,-14.134,-1.4302772718073264,SL,0.54165,2025-26,25.0
1770055677252,1,4712.702,12.298,0.9681939851991812,TP,8.664966666666666,2025-26,25.0
1770056310005,1,4733.902,16.098,1.8083576724331611,TP,5.150016666666667,2025-26,25.0
1770056651885,1,4758.812,-8.987,-1.019859282796187,SL,3.0558,2025-26,25.0
1770056891456,-1,4741.385,16.385,1.9019152640742891,TP,3.0066,2025-26,25.0
1770057197161,-1,4715.975,-9.54,-1.0570637119113573,SL,0.2328,2025-26,25.0
1770057255399,1,4734.215,15.785,1.7129679869777537,TP,5.6329666666666665,2025-26,25.0
1770057621436,-1,4741.305,-8.73,-1.0040253018976424,SL,8.74835,2025-26,25.0
1770058230896,1,4758.605,16.395,1.905287623474724,TP,9.244933333333334,2025-26,25.0
1770058843402,1,4783.025,-8.15,-1.0155763239875388,SL,0.5399833333333334,2025-26,25.0
1770058972073,1,4784.052,-9.204,-1.0167918692001767,SL,4.343216666666667,2025-26,25.0
1770059283321,1,4783.645,-9.05,-1.046847888953152,SL,1.1998166666666668,2025-26,25.0
1770059585364,-1,4766.605,-8.76,-1.0434782608695652,SL,0.6597333333333333,2025-26,25.0
1770059659898,1,4784.185,15.815,1.7218290691344584,TP,3.0407166666666665,2025-26,25.0
1770059980209,1,4808.985,16.015,1.7824151363383416,TP,6.653716666666667,2025-26,25.0
1770060512377,-1,4816.285,-8.73,-1.0017211703958693,SL,2.2048,2025-26,25.0
1770060951259,-1,4816.135,-9.15,-1.0321489001692048,SL,0.7104666666666667,2025-26,25.0
1770061239617,-1,4816.155,-9.26,-1.046919163369135,SL,1.0258166666666666,2025-26,25.0
1770061370940,-1,4816.685,-10.3,-1.2387251954299459,SL,4.429466666666666,2025-26,25.0
1770061694948,-1,4816.585,16.585,1.9708853238265003,TP,1.0221833333333334,2025-26,25.0
1770061964732,1,4808.355,-8.56,-1.0245362058647516,SL,1.1296666666666666,2025-26,25.0
1770062107778,-1,4791.125,16.125,1.8169014084507042,TP,4.016233333333333,2025-26,25.0
1770062388095,1,4784.085,-9.46,-1.0412768299394606,SL,1.3763833333333333,2025-26,25.0
1770062484769,-1,4766.235,-8.85,-1.0096976611523103,SL,0.14851666666666666,2025-26,25.0
1770062512221,1,4785.702,14.298,1.3360119603812373,TP,0.7488166666666667,2025-26,25.0
1770062761685,-1,4791.448,-9.777,-1.143241347053321,SL,0.12476666666666666,2025-26,25.0
1770062808202,-1,4790.535,-10.88,-1.1494981510829372,SL,0.32726666666666665,2025-26,25.0
1770062836056,-1,4790.238,-10.447,-1.0701700471214914,SL,0.2847,2025-26,25.0
1770062874979,-1,4791.465,-9.61,-1.1259519625073229,SL,0.12075,2025-26,25.0
1770062997543,1,4808.775,16.225,1.849002849002849,TP,3.421483333333333,2025-26,25.0
1770063300514,1,4833.402,-8.454,-1.0061890026184241,SL,3.1526,2025-26,25.0
1770063513250,1,4834.145,15.855,1.7337342810278842,TP,4.357933333333333,2025-26,25.0
1770063787420,-1,4841.418,-9.127,-1.063505010487066,SL,0.7661333333333333,2025-26,25.0
1770063892617,-1,4841.348,-9.757,-1.1277161349976883,SL,0.2699666666666667,2025-26,25.0
1770064010187,-1,4841.665,-8.387,-1.0062387522495502,SL,0.27491666666666664,2025-26,25.0
1770064095195,-1,4841.505,-8.89,-1.0464979399646852,SL,0.1738,2025-26,25.0
1770064345474,-1,4841.345,-9.96,-1.1507798960138649,SL,0.44335,2025-26,25.0
1770064389682,-1,4841.405,-8.997,-1.0467713787085515,SL,1.6662833333333333,2025-26,25.0
1770064581916,-1,4841.725,-8.28,-1.0006042296072508,SL,9.851183333333333,2025-26,25.0
1770065285257,-1,4841.615,16.615,1.981514609421586,TP,2.438066666666667,2025-26,25.0
1770065643142,1,4833.275,-8.51,-1.0283987915407855,SL,0.5086833333333334,2025-26,25.0
1770065714240,1,4833.315,-8.817,-1.0603728202044498,SL,8.112933333333334,2025-26,25.0
1770066278795,-1,4813.878,13.878,1.2477971587843912,TP,5.72215,2025-26,25.0
1770066661107,1,4809.805,-11.467,-1.1695053544110148,SL,1.20905,2025-26,25.0
1770066812954,-1,4791.508,-9.857,-1.1607395195478096,SL,1.27095,2025-26,25.0
1770066958874,-1,4791.585,16.585,1.9708853238265003,TP,2.3821333333333334,2025-26,25.0
1770067139658,1,4783.452,-8.497,-1.0053241836251774,SL,6.6986,2025-26,25.0
1770067610529,-1,4766.818,-8.377,-1.023832803715473,SL,1.44405,2025-26,25.0
1770067804691,-1,4765.755,-9.26,-1.0016224986479179,SL,1.24185,2025-26,25.0
1770067890528,-1,4765.738,-9.397,-1.0145756855970633,SL,0.37151666666666666,2025-26,25.0
1770067944153,-1,4766.205,-9.097,-1.0343376918703808,SL,1.9385333333333334,2025-26,25.0
1770068108134,1,4783.552,-8.767,-1.0251403180542562,SL,1.2040166666666667,2025-26,25.0
1770068255628,-1,4766.265,-9.597,-1.0986834573554665,SL,0.8036833333333333,2025-26,25.0
1770068371351,1,4784.202,-9.537,-1.0364051293197132,SL,1.5279166666666666,2025-26,25.0
1770068606336,-1,4766.205,-9.737,-1.1071063104036385,SL,0.59825,2025-26,25.0
1770068655774,-1,4765.405,15.405,1.6055237102657633,TP,2.9039333333333333,2025-26,25.0
1770068877341,1,4758.705,-8.987,-1.0323951751866742,SL,0.7138833333333333,2025-26,25.0
1770068954932,1,4758.555,16.445,1.9222676797194622,TP,5.11295,2025-26,25.0
1770069310048,-1,4766.665,-8.387,-1.0062387522495502,SL,3.5088833333333334,2025-26,25.0
1770069592695,1,4783.352,-8.657,-1.0365181992337165,SL,8.8938,2025-26,25.0
1770070256036,-1,4766.675,-9.61,-1.1543543543543544,SL,10.659233333333333,2025-26,25.0
1770071016766,-1,4766.198,-8.837,-1.0039763690070438,SL,6.432066666666667,2025-26,25.0
1770071480607,1,4783.305,16.695,2.0102347983142685,TP,7.4272,2025-26,25.0
1770072062433,1,4808.005,-9.6,-1.1992504684572143,SL,4.742283333333333,2025-26,25.0
1770072785268,-1,4790.935,-9.18,-1.0126861555432984,SL,1.6539333333333333,2025-26,25.0
1770072991751,1,4808.225,16.775,2.0395136778115504,TP,86.76866666666666,2025-26,25.0
1770078538830,1,4834.775,-9.81,-1.0035805626598466,SL,1.7277166666666666,2025-26,25.0
1770078686600,1,4833.042,-8.137,-1.011812981845312,SL,0.192,2025-26,25.0
1770078903219,1,4833.565,-9.037,-1.0551079976649154,SL,1.4199333333333333,2025-26,25.0
1770079093198,1,4833.235,-8.27,-1.0042501517911353,SL,3.48695,2025-26,25.0
1770079490161,-1,4816.595,-8.53,-1.0148720999405116,SL,2.65855,2025-26,25.0
1770080460588,-1,4816.245,-9.017,-1.0299257567104512,SL,5.216966666666667,2025-26,25.0
1770081039236,1,4833.315,16.685,2.006614552014432,TP,7.107716666666667,2025-26,25.0
1770081600515,1,4858.312,-9.387,-1.1293310875842155,SL,0.99595,2025-26,25.0
1770081727668,1,4858.852,-9.427,-1.06495707184817,SL,1.3095,2025-26,25.0
1770081881990,1,4859.592,15.408,1.6063386155129273,TP,6.85205,2025-26,25.0
1770082851026,1,4886.555,-11.85,-1.025530073561229,SL,8.918866666666666,2025-26,25.0
1770083433222,-1,4866.475,-8.59,-1.007624633431085,SL,1.3836333333333333,2025-26,25.0
1770083602722,1,4883.145,-8.497,-1.0432166973603438,SL,0.84465,2025-26,25.0
1770083946752,1,4883.905,-8.93,-1.0028074115665357,SL,1.08395,2025-26,25.0
1770084303569,1,4884.062,15.938,1.7587728978150519,TP,20.859066666666667,2025-26,25.0
1770085878552,1,4907.985,17.015,2.1308703819661865,TP,5.563816666666667,2025-26,25.0
1770086427795,1,4933.035,-8.17,-1.0168014934660858,SL,0.7953333333333333,2025-26,25.0
1770086704844,-1,4916.565,-8.92,-1.057498518079431,SL,2.9977833333333335,2025-26,25.0
1770087023787,-1,4916.875,-8.23,-1.0129230769230768,SL,5.1358,2025-26,25.0
1770087444798,-1,4916.855,16.855,2.0693677102516883,TP,8.8804,2025-26,25.0
1770088049630,1,4907.875,17.125,2.1746031746031744,TP,4.583616666666667,2025-26,25.0
1770088536699,1,4933.075,-8.27,-1.0241486068111456,SL,41.81496666666666,2025-26,25.0
1770091140648,-1,4917.035,17.035,2.138731952291274,TP,26.129766666666665,2025-26,25.0
1770092966659,-1,4891.418,-8.847,-1.0308785830808669,SL,2.9698,2025-26,25.0
1770093386765,1,4908.295,16.705,2.013863773357444,TP,12.91075,2025-26,25.0
1770094509867,-1,4917.075,-8.13,-1.0258675078864354,SL,15.354366666666667,2025-26,25.0
1770095800412,-1,4916.038,16.038,1.78955590270029,TP,43.6538,2025-26,25.0
1770098557185,-1,4892.045,-8.13,-1.0219987429289754,SL,1.26585,2025-26,25.0
1770098732936,1,4908.652,-8.667,-1.001733703190014,SL,11.872183333333334,2025-26,25.0
1770099709280,-1,4892.015,-8.06,-1.0093926111458986,SL,4.31515,2025-26,25.0
1770100388068,1,4907.912,-8.027,-1.0145348837209303,SL,20.145716666666665,2025-26,25.0
1770101813039,1,4907.925,17.075,2.1545741324921135,TP,4.036683333333333,2025-26,25.0
1770102184008,1,4933.355,-8.71,-1.042489527229204,SL,11.2292,2025-26,25.0
1770103097392,-1,4916.915,16.915,2.0921459492888066,TP,5.074366666666666,2025-26,25.0
1770103541877,-1,4891.855,-8.58,-1.0534069981583793,SL,0.45216666666666666,2025-26,25.0
1770103635023,1,4907.885,-8.24,-1.0450221940393152,SL,0.23881666666666668,2025-26,25.0
1770103860381,1,4908.255,16.745,2.0284675953967293,TP,34.2239,2025-26,25.0
1770106287743,-1,4916.515,-8.86,-1.0441956393635827,SL,1.8269833333333334,2025-26,25.0
1770106787103,-1,4916.835,-8.44,-1.033680342927128,SL,1.9143666666666668,2025-26,25.0
1770107161958,1,4932.792,-7.917,-1.0160420944558521,SL,1.5305,2025-26,25.0
1770108632392,-1,4941.875,16.875,2.076923076923077,TP,3.1365166666666666,2025-26,25.0
1770109037516,1,4933.045,-8.62,-1.0714729645742698,SL,3.2141,2025-26,25.0
1770110136033,-1,4915.635,15.635,1.6695141484249867,TP,1.5284,2025-26,25.0
1770110282977,1,4909.052,-9.487,-1.0480556783031374,SL,5.704566666666667,2025-26,25.0
1770111105110,-1,4916.525,16.525,1.9498525073746313,TP,2.6391666666666667,2025-26,25.0
1770111388699,1,4908.242,-8.247,-1.0006066488716332,SL,1.7778333333333334,2025-26,25.0
1770111524277,1,4908.232,16.768,2.0369290573372205,TP,2.3157666666666668,2025-26,25.0
1770111791563,-1,4916.895,-8.29,-1.0228254164096238,SL,7.394233333333333,2025-26,25.0
1770112662594,-1,4916.215,-9.36,-1.0654524758110415,SL,2.4684333333333335,2025-26,25.0
1770112823109,-1,4916.205,-9.047,-1.02865264354747,SL,0.3110833333333333,2025-26,25.0
1770113332598,1,4933.912,-9.247,-1.0375897666068223,SL,11.313366666666667,2025-26,25.0
1770114069453,-1,4916.578,-8.787,-1.0433388743766325,SL,2.0890166666666667,2025-26,25.0
1770114221840,-1,4916.755,-8.83,-1.070952092177077,SL,3.8912,2025-26,25.0
1770114687631,-1,4916.915,-8.18,-1.0117501546072976,SL,13.317116666666667,2025-26,25.0
1770116064866,1,4932.865,17.135,2.178639542275906,TP,21.830633333333335,2025-26,25.0
1770118223122,-1,4966.848,-8.467,-1.038640824337586,SL,3.4698,2025-26,25.0
1770118526250,1,4983.435,-8.51,-1.008891523414345,SL,11.112883333333333,2025-26,25.0
1770119440240,-1,4966.248,16.248,1.8564899451553931,TP,9.772683333333333,2025-26,25.0
1770120091531,1,4958.005,-8.04,-1.004372267332917,SL,4.9777,2025-26,25.0
1770120502882,-1,4941.645,16.645,1.9922202274087373,TP,3.33565,2025-26,25.0
1770120725325,1,4933.235,16.765,2.0358227079538556,TP,4.2236,2025-26,25.0
1770121050655,1,4958.435,-9.07,-1.0752815649081209,SL,9.851433333333333,2025-26,25.0
1770121921357,1,4957.935,-8.137,-1.0254568367989918,SL,5.300416666666667,2025-26,25.0
1770122421218,-1,4941.918,16.918,2.093293739173472,TP,1.8608666666666667,2025-26,25.0
1770122623057,-1,4916.438,-8.797,-1.0274468582106984,SL,0.5369833333333334,2025-26,25.0
1770122930451,1,4933.292,16.708,2.014954172696575,TP,23.364016666666668,2025-26,25.0
1770124433157,-1,4941.635,16.635,1.9886431560071727,TP,10.69355,2025-26,25.0
1770125348744,-1,4916.765,16.765,2.0358227079538556,TP,3.371383333333333,2025-26,25.0
1770126029663,1,4908.992,-8.997,-1.000556049822064,SL,9.738566666666667,2025-26,25.0
1770126705123,-1,4891.965,-8.07,-1.0043559427504667,SL,1.6533,2025-26,25.0
1770126841537,1,4908.055,-8.16,-1.0130353817504656,SL,5.084333333333333,2025-26,25.0
1770127418372,-1,4891.755,-8.597,-1.0426925409338994,SL,8.08525,2025-26,25.0
1770127997937,1,4908.435,16.565,1.963841138114997,TP,4.713383333333334,2025-26,25.0
1770128773118,-1,4916.955,-8.06,-1.0018645121193288,SL,1.7923,2025-26,25.0
1770128962013,1,4933.065,-8.58,-1.0638561686298822,SL,0.3337833333333333,2025-26,25.0
1770129329360,1,4933.035,-8.21,-1.0217797137523335,SL,17.375783333333334,2025-26,25.0
1770130464547,-1,4916.535,-8.53,-1.0076786769049026,SL,0.44981666666666664,2025-26,25.0
1770130873467,-1,4917.065,-7.97,-1.0044108380592311,SL,15.688316666666667,2025-26,25.0
1770131970274,1,4932.955,-8.13,-1.0219987429289754,SL,4.121433333333333,2025-26,25.0
1770132244513,1,4933.175,16.825,2.058103975535168,TP,10.515466666666667,2025-26,25.0
1770133769917,-1,4942.065,-8.0,-1.0081915563957151,SL,14.5365,2025-26,25.0
1770135094169,1,4960.095,-10.277,-1.01802872709262,SL,7.433183333333333,2025-26,25.0
1770136335654,1,4958.315,-8.37,-1.0066145520144318,SL,4.11715,2025-26,25.0
1770136814883,-1,4941.865,-9.927,-1.220282728948986,SL,79.76231666666666,2025-26,25.0
1770141649140,1,4961.852,-15.174,-1.2802902463719203,SL,3.3973833333333334,2025-26,25.0
1770141856461,1,4960.952,-11.533,-1.0530496712929145,SL,0.9274333333333333,2025-26,25.0
1770142028040,-1,4940.948,15.948,1.761820592134335,TP,0.37046666666666667,2025-26,25.0
1770142074056,-1,4914.048,-12.524,-1.143535427319211,SL,0.40875,2025-26,25.0
1770142115629,-1,4915.248,-9.994,-1.0248154224774406,SL,0.5279333333333334,2025-26,25.0
1770142224489,1,4933.662,-8.727,-1.0075040406372662,SL,0.8411,2025-26,25.0
1770142352935,1,4933.552,-9.207,-1.0765902712815716,SL,16.58145,2025-26,25.0
1770143412952,1,4933.735,16.265,1.8620492272467086,TP,15.283033333333334,2025-26,25.0
1770144598095,-1,4941.465,-8.67,-1.015817223198594,SL,2.4497166666666668,2025-26,25.0
1770144863988,-1,4941.565,-9.09,-1.0776526378186129,SL,1.0561333333333334,2025-26,25.0
1770145355150,1,4958.335,16.665,1.9994001199760048,TP,10.688816666666666,2025-26,25.0
1770146041226,1,4983.105,-10.517,-1.2975940777297965,SL,18.078133333333334,2025-26,25.0
1770147256363,1,4983.425,16.575,1.967359050445104,TP,14.805666666666667,2025-26,25.0
1770148500980,1,5008.512,-9.134,-1.0730733082706767,SL,5.074516666666667,2025-26,25.0
1770148809858,-1,4989.488,-10.587,-1.0071347031963471,SL,0.1502,2025-26,25.0
1770148835542,1,5008.502,16.498,1.9404845918607387,TP,5.9793,2025-26,25.0
1770149256024,1,5033.052,16.948,2.1048186785891705,TP,6.7960666666666665,2025-26,25.0
1770150012664,-1,5041.675,-8.97,-1.0774774774774776,SL,3.26305,2025-26,25.0
1770150344669,-1,5041.035,16.035,1.7886224205242611,TP,8.4907,2025-26,25.0
1770150902198,1,5033.345,-8.6,-1.030557219892151,SL,2.3895666666666666,2025-26,25.0
1770151082797,-1,5016.765,-8.28,-1.005464480874317,SL,2.71915,2025-26,25.0
1770151313765,1,5033.192,16.808,2.0517578125,TP,18.60475,2025-26,25.0
1770154717170,-1,5041.658,-8.377,-1.0041956365380005,SL,2.5093,2025-26,25.0
1770154987883,1,5058.175,-8.2,-1.003058103975535,SL,4.989183333333333,2025-26,25.0
1770155559749,-1,5041.645,-8.51,-1.018551765409934,SL,12.5183,2025-26,25.0
1770156454753,-1,5041.625,-8.39,-1.0017910447761194,SL,0.9031666666666667,2025-26,25.0
1770157105817,-1,5041.725,-8.32,-1.005438066465257,SL,7.638716666666666,2025-26,25.0
1770158089492,1,5059.582,15.418,1.6090586516384888,TP,72.2059,2025-26,25.0
1770163522013,1,5082.995,-8.13,-1.0168855534709194,SL,26.817866666666667,2025-26,25.0
1770165671973,1,5082.975,-8.69,-1.089655172413793,SL,19.179016666666666,2025-26,25.0
1770166898933,1,5083.115,-8.16,-1.0055452865064696,SL,1.0499833333333333,2025-26,25.0
1770167211158,-1,5066.855,-12.297,-1.5097605893186004,SL,40.303716666666666,2025-26,25.0
1770170413577,1,5082.992,-8.087,-1.0118868868868869,SL,1.18595,2025-26,25.0
1770170640561,-1,5066.665,-8.38,-1.0053989202159568,SL,17.9692,2025-26,25.0
1770171910640,1,5083.412,-8.437,-1.0029719448407037,SL,9.743933333333333,2025-26,25.0
1770172607436,-1,5066.728,-8.647,-1.0453336557059962,SL,3.587066666666667,2025-26,25.0
1770173121907,1,5083.122,-8.174,-1.0064023639497661,SL,19.263533333333335,2025-26,25.0
1770174480610,1,5083.285,-8.447,-1.019553409776705,SL,22.929266666666667,2025-26,25.0
1770177010603,1,5083.525,-8.627,-1.0119648093841642,SL,2.3384666666666667,2025-26,25.0
1770177437747,1,5083.075,-8.48,-1.05015479876161,SL,10.902466666666667,2025-26,25.0
1770178514835,-1,5066.785,16.785,2.0432136335970785,TP,17.404766666666667,2025-26,25.0
1770179805043,1,5058.065,-8.07,-1.0006199628022319,SL,11.339416666666667,2025-26,25.0
1770180612557,1,5058.145,-8.8,-1.0804174340085941,SL,16.5061,2025-26,25.0
1770181995308,1,5058.302,-8.407,-1.0126475548060707,SL,1.9807833333333333,2025-26,25.0
1770182892189,-1,5042.175,-7.96,-1.0172523961661342,SL,2.0177833333333335,2025-26,25.0
1770183263487,1,5058.075,-8.24,-1.0204334365325078,SL,1.40915,2025-26,25.0
1770183575275,1,5058.445,-8.5,-1.0065127294256957,SL,13.519433333333334,2025-26,25.0
1770185688249,-1,5042.195,17.195,2.2030749519538757,TP,1.6903,2025-26,25.0
1770185854032,-1,5015.458,-9.597,-1.0057639907776148,SL,1.6087166666666666,2025-26,25.0
1770186804631,1,5033.172,16.828,2.0592266275085658,TP,23.58575,2025-26,25.0
1770188959563,-1,5042.095,-7.93,-1.0031625553447185,SL,6.160116666666666,2025-26,25.0
1770190376589,1,5057.925,-8.24,-1.0397476340694007,SL,14.7044,2025-26,25.0
1770191940243,-1,5041.135,16.135,1.820078962210942,TP,11.518983333333333,2025-26,25.0
1770192680789,1,5033.645,16.355,1.891844997108155,TP,14.655733333333334,2025-26,25.0
1770194091452,1,5057.975,-8.09,-1.0144200626959248,SL,1.9832833333333333,2025-26,25.0
1770194515438,-1,5041.355,-8.73,-1.0098322729901676,SL,7.909116666666667,2025-26,25.0
1770195249385,1,5057.995,-8.0,-1.0006253908692933,SL,7.228166666666667,2025-26,25.0
1770196122447,-1,5042.045,-8.73,-1.0974230043997486,SL,8.734233333333334,2025-26,25.0
1770196677847,-1,5039.925,14.925,1.4813895781637718,TP,13.54925,2025-26,25.0
1770197542382,-1,5017.115,17.115,2.170577045022194,TP,5.355083333333333,2025-26,25.0
1770197935889,1,4983.475,-8.64,-1.0194690265486726,SL,0.37843333333333334,2025-26,25.0
1770197999649,1,4983.702,-9.267,-1.0649276028499195,SL,0.5091333333333333,2025-26,25.0
1770198060244,1,4984.462,-9.657,-1.0206087507926442,SL,0.16626666666666667,2025-26,25.0
1770198078085,-1,4966.515,-8.507,-1.0025928108426636,SL,0.03713333333333333,2025-26,25.0
1770198169660,1,4984.042,-9.147,-1.0116124751161248,SL,2.835566666666667,2025-26,25.0
1770198418689,1,4984.552,15.448,1.617252931323283,TP,3.1974,2025-26,25.0
1770198845913,1,5008.612,-8.627,-1.0017417556897352,SL,2.019,2025-26,25.0
1770199036493,-1,4991.665,16.665,1.9994001199760048,TP,4.745066666666666,2025-26,25.0
1770199348643,1,4984.202,15.798,1.716800695500978,TP,3.2217166666666666,2025-26,25.0
1770199646374,1,5008.452,-9.287,-1.0987931850449597,SL,1.3727833333333332,2025-26,25.0
1770199823858,-1,4991.135,16.135,1.820078962210942,TP,5.537716666666666,2025-26,25.0
1770200196915,1,4983.345,-8.66,-1.0377471539844219,SL,0.44375,2025-26,25.0
1770200337221,1,4983.262,-8.264,-1.000242072137497,SL,3.22605,2025-26,25.0
1770200561724,-1,4962.075,-13.387,-1.0357446808510637,SL,2.5825833333333335,2025-26,25.0
1770200799387,-1,4966.785,16.785,2.0432136335970785,TP,4.4325,2025-26,25.0
1770201072979,-1,4940.685,15.685,1.6838432635534084,TP,1.7690833333333333,2025-26,25.0
1770201184431,1,4933.825,-9.19,-1.0413597733711049,SL,0.5371166666666667,2025-26,25.0
1770201258650,-1,4916.248,-9.497,-1.0851234003656307,SL,0.8005166666666667,2025-26,25.0
1770201321160,-1,4916.735,16.735,2.0248033877797944,TP,0.7290333333333333,2025-26,25.0
1770201372941,-1,4891.445,-8.64,-1.0099357101110462,SL,0.47125,2025-26,25.0
1770201429989,1,4908.092,16.908,2.0894710825506673,TP,3.46815,2025-26,25.0
1770201759186,1,4933.402,-8.447,-1.0053558676505594,SL,14.426133333333333,2025-26,25.0
1770202762670,-1,4913.598,13.598,1.1925977898614277,TP,3.8110166666666667,2025-26,25.0
1770203064807,1,4908.275,16.725,2.0211480362537766,TP,7.108183333333334,2025-26,25.0
1770203547240,1,4932.992,-8.017,-1.0031281281281281,SL,3.62545,2025-26,25.0
1770203886233,-1,4915.895,-9.207,-1.0112026359143327,SL,0.13425,2025-26,25.0
1770203967668,-1,4916.575,16.575,1.967359050445104,TP,2.0332333333333334,2025-26,25.0
1770204230957,-1,4891.578,-8.817,-1.0469009736404655,SL,0.5429333333333334,2025-26,25.0
1770204392899,1,4908.502,16.498,1.9404845918607387,TP,2.9044166666666666,2025-26,25.0
1770204650630,-1,4916.905,-8.847,-1.0928968499073501,SL,1.50185,2025-26,25.0
1770204854920,1,4933.652,-8.717,-1.0075127138233935,SL,0.32255,2025-26,25.0
1770205022258,-1,4916.855,16.855,2.0693677102516883,TP,5.523633333333334,2025-26,25.0
1770205596883,-1,4890.615,15.615,1.663825253063399,TP,1.94365,2025-26,25.0
1770205726906,1,4858.385,16.615,1.981514609421586,TP,0.8424,2025-26,25.0
1770205821540,1,4884.005,15.995,1.77623542476402,TP,2.680066666666667,2025-26,25.0
1770206345428,1,4908.695,-8.81,-1.0132259919493962,SL,0.2544666666666667,2025-26,25.0
1770206590550,-1,4891.738,-8.684,-1.0510772210118615,SL,0.0852,2025-26,25.0
1770206683820,1,4907.935,-8.08,-1.0182734719596724,SL,2.3796,2025-26,25.0
1770207065861,1,4908.352,16.648,1.9932950191570882,TP,6.0003166666666665,2025-26,25.0
1770207456093,-1,4916.625,16.625,1.9850746268656716,TP,4.6737,2025-26,25.0
1770207841221,1,4908.932,-9.034,-1.0114196148678907,SL,1.2234166666666666,2025-26,25.0
1770207961674,-1,4891.545,-9.92,-1.1732702542874038,SL,0.9870666666666666,2025-26,25.0
1770208031930,-1,4891.868,-8.187,-1.0067634038366946,SL,0.5961833333333333,2025-26,25.0
1770208102831,1,4908.885,16.115,1.8137310073157007,TP,2.0189333333333335,2025-26,25.0
1770208330157,-1,4915.975,-9.08,-1.0060941828254848,SL,0.57385,2025-26,25.0
1770208492174,-1,4916.355,16.355,1.891844997108155,TP,11.074033333333333,2025-26,25.0
1770209781434,1,4908.212,-8.557,-1.0420116902094496,SL,2.8627,2025-26,25.0
1770210012118,-1,4892.098,17.098,2.1637560111364214,TP,0.6711166666666667,2025-26,25.0
1770210162233,1,4883.442,16.558,1.9613835583984838,TP,1.7958,2025-26,25.0
1770210400425,1,4908.422,-9.327,-1.1074566611256234,SL,14.044183333333333,2025-26,25.0
1770211320939,1,4908.132,16.868,2.074274471224791,TP,3.9699166666666668,2025-26,25.0
1770211683986,1,4933.595,-9.21,-1.0715532286212914,SL,1.5235666666666667,2025-26,25.0
1770212222658,-1,4916.895,-8.23,-1.0154225786551512,SL,18.582733333333334,2025-26,25.0
1770213784417,1,4932.762,-9.033,-1.163746457098686,SL,1.6737166666666667,2025-26,25.0
1770213886474,-1,4916.945,-8.24,-1.0229671011793917,SL,0.76835,2025-26,25.0
1770214025642,1,4933.205,-8.59,-1.0469226081657526,SL,15.0603,2025-26,25.0
1770215031024,1,4933.095,16.905,2.0883261272390365,TP,23.435783333333333,2025-26,25.0
1770216493483,-1,4940.165,-10.08,-1.0249110320284698,SL,4.268666666666666,2025-26,25.0
1770216809652,1,4957.825,-8.65,-1.1054313099041533,SL,0.42361666666666664,2025-26,25.0
1770216876878,-1,4940.598,15.598,1.6590087215486067,TP,16.99375,2025-26,25.0
1770218049166,1,4933.032,-8.187,-1.0192978087649402,SL,2.5054,2025-26,25.0
1770218584110,1,4932.865,-7.917,-1.006611570247934,SL,2.03295,2025-26,25.0
1770219044764,-1,4916.585,-8.43,-1.0017825311942958,SL,3.6475666666666666,2025-26,25.0
1770219373385,1,4933.085,16.915,2.0921459492888066,TP,5.525233333333333,2025-26,25.0
1770219895947,-1,4941.945,-8.09,-1.0043451272501551,SL,7.348516666666667,2025-26,25.0
1770220478354,-1,4941.588,-8.667,-1.0303138373751783,SL,0.49233333333333335,2025-26,25.0
1770220746641,-1,4941.375,-8.64,-1.0017391304347827,SL,7.315,2025-26,25.0
1770221712116,1,4958.155,-8.25,-1.0116492949110976,SL,5.999883333333333,2025-26,25.0
1770222490187,1,4958.075,16.925,2.0959752321981426,TP,92.01975,2025-26,25.0
1770228086582,-1,4958.417,-16.685,-1.0061508774045709,SL,0.05195,2025-26,25.0
1770228098244,1,4985.302,-12.314,-1.1953018831294895,SL,0.0042,2025-26,25.0
1770228857639,1,5008.422,-8.707,-1.0338399430064118,SL,6.72315,2025-26,25.0
1770232564544,1,5007.875,-7.93,-1.006984126984127,SL,45.4998,2025-26,25.0
1770235297005,-1,4990.835,-9.457,-1.031860338243317,SL,0.26088333333333336,2025-26,25.0
1770235349754,-1,4991.885,-8.38,-1.0326555760936538,SL,0.6735166666666667,2025-26,25.0
1770235605762,-1,4991.845,-9.38,-1.150214592274678,SL,0.29158333333333336,2025-26,25.0
1770235849790,-1,4991.735,16.735,2.0248033877797944,TP,2.8725,2025-26,25.0
1770236098425,-1,4966.655,16.655,1.9958058717795086,TP,1.3791833333333334,2025-26,25.0
1770236233230,1,4958.775,-8.877,-1.0116239316239317,SL,2.1092333333333335,2025-26,25.0
1770236464078,-1,4941.455,-8.57,-1.002925687536571,SL,0.5396333333333333,2025-26,25.0
1770236542085,-1,4941.595,-8.81,-1.0481856038072577,SL,0.0692,2025-26,25.0
1770236575484,1,4959.142,-9.727,-1.0639903740975716,SL,0.5198833333333334,2025-26,25.0
1770236735884,-1,4941.735,-8.31,-1.0054446460980035,SL,1.0554,2025-26,25.0
1770236828204,1,4958.352,-8.377,-1.0029932950191571,SL,0.25815,2025-26,25.0
1770236911798,1,4958.552,-8.694,-1.0166043030869971,SL,0.8775,2025-26,25.0
1770237007685,1,4958.922,16.078,1.8020623178659494,TP,5.220366666666667,2025-26,25.0
1770237444966,1,4983.352,-8.357,-1.0005986590038314,SL,3.2311666666666667,2025-26,25.0
1770237660979,-1,4966.645,-8.73,-1.0448833034111311,SL,1.0925333333333334,2025-26,25.0
1770237783299,1,4983.305,-8.7,-1.0475617098133654,SL,1.0958,2025-26,25.0
1770238302894,1,4983.295,-8.33,-1.0042194092827004,SL,4.893266666666666,2025-26,25.0
1770238709214,-1,4966.825,16.825,2.058103975535168,TP,2.8118,2025-26,25.0
1770238939425,1,4958.245,-8.54,-1.0357792601576714,SL,2.334233333333333,2025-26,25.0
1770239122599,-1,4940.138,15.138,1.5349827621172176,TP,7.726133333333333,2025-26,25.0
1770239680168,-1,4915.495,15.495,1.6301946344029459,TP,1.0914666666666666,2025-26,25.0
1770239751781,1,4909.205,-9.37,-1.017925040738729,SL,0.5135333333333333,2025-26,25.0
1770239789987,1,4909.001,-9.006,-1.0005554938340184,SL,0.24463333333333334,2025-26,25.0
1770239834076,1,4909.592,15.408,1.6063386155129273,TP,4.7924,2025-26,25.0
1770240214031,1,4934.122,-9.377,-1.027954395965797,SL,0.9664666666666667,2025-26,25.0
1770240298966,1,4934.752,-10.157,-1.041529942575882,SL,7.7286166666666665,2025-26,25.0
1770240799514,-1,4916.135,-9.317,-1.0509870276367739,SL,1.2436666666666667,2025-26,25.0
1770240938573,1,4933.371,-8.506,-1.016127105483216,SL,0.45935,2025-26,25.0
1770241096477,-1,4916.588,16.588,1.9719448407037565,TP,3.6845833333333333,2025-26,25.0
1770241321701,1,4909.635,-9.66,-1.0025947067981318,SL,2.16375,2025-26,25.0
1770241508423,-1,4890.605,15.605,1.6609898882384246,TP,0.4026,2025-26,25.0
1770241575757,1,4883.942,-9.177,-1.026280474166853,SL,0.7096833333333333,2025-26,25.0
1770241626967,-1,4863.308,13.308,1.1382141635306193,TP,0.8464333333333334,2025-26,25.0
1770241678511,-1,4838.548,-11.917,-1.040604261264408,SL,0.0008333333333333334,2025-26,25.0
1770241688377,1,4858.915,-9.107,-1.0215367358384744,SL,0.2357,2025-26,25.0
1770241733120,-1,4840.065,-11.157,-1.122999496728737,SL,0.784,2025-26,25.0
1770241809485,-1,4840.378,-9.774,-1.0157971315734775,SL,0.4889,2025-26,25.0
1770241894627,-1,4810.199,-15.206,-1.0273630160124316,SL,0.00085,2025-26,25.0
1770241905191,-1,4816.248,-9.004,-1.0287934186471663,SL,1.4232833333333332,2025-26,25.0
1770241998156,1,4833.852,16.148,1.824220515137822,TP,3.1910333333333334,2025-26,25.0
1770242224039,-1,4841.178,16.178,1.833824529585128,TP,1.9843666666666666,2025-26,25.0
1770242409793,-1,4789.245,-11.227,-1.0438865643886563,SL,0.20058333333333334,2025-26,25.0
1770242424665,-1,4791.115,-9.477,-1.0666291502532357,SL,0.06195,2025-26,25.0
1770242473182,1,4811.291,-12.726,-1.1270923744575325,SL,0.32481666666666664,2025-26,25.0
1770242494595,1,4809.205,-11.01,-1.196089082020641,SL,0.19006666666666666,2025-26,25.0
1770242514822,1,4808.962,16.038,1.78955590270029,TP,1.40485,2025-26,25.0
1770242610712,1,4834.032,-9.307,-1.0304472984942428,SL,0.5379,2025-26,25.0
1770243024749,1,4858.985,-10.3,-1.1463550361713968,SL,0.7171833333333333,2025-26,25.0
1770243159388,-1,4840.548,-9.527,-1.0079348286077021,SL,0.2986333333333333,2025-26,25.0
1770243208559,1,4859.352,-10.987,-1.1748289136013688,SL,0.36095,2025-26,25.0
1770243303577,-1,4841.315,-8.787,-1.0117443868739207,SL,2.2453166666666666,2025-26,25.0
1770243469842,1,4859.922,-10.527,-1.0609756097560976,SL,0.2239,2025-26,25.0
1770243552173,1,4858.702,16.298,1.872902780969892,TP,2.0759,2025-26,25.0
1770243817877,-1,4866.285,-8.817,-1.0117039586919105,SL,0.5952166666666666,2025-26,25.0
1770243966227,1,4884.162,-9.327,-1.0180091683038637,SL,0.2653333333333333,2025-26,25.0
1770244032723,-1,4866.545,16.545,1.9568302779420461,TP,3.765233333333333,2025-26,25.0
1770244293106,1,4858.711,-9.636,-1.1061875789232005,SL,4.724683333333333,2025-26,25.0
1770244605671,-1,4840.805,-9.767,-1.0622077215878194,SL,0.35255,2025-26,25.0
1770244697551,1,4858.641,16.359,1.8931836592986924,TP,4.3821,2025-26,25.0
1770245066659,-1,4866.369,-8.783,-1.0176109373189666,SL,2.0275,2025-26,25.0
1770245340136,-1,4866.745,-8.257,-1.0002422774076318,SL,4.787433333333333,2025-26,25.0
1770245784873,1,4883.695,-8.94,-1.0281771132834963,SL,0.6403666666666666,2025-26,25.0
1770246007723,1,4883.705,-9.136,-1.0495117748420448,SL,1.8866833333333333,2025-26,25.0
1770246270928,-1,4866.525,-8.51,-1.0041297935103244,SL,0.9082833333333333,2025-26,25.0
1770246396135,-1,4866.585,-8.46,-1.0053475935828877,SL,0.7915166666666666,2025-26,25.0
1770247115377,1,4883.385,-8.5,-1.0137149672033392,SL,20.599333333333334,2025-26,25.0
1770248508773,1,4883.372,-8.437,-1.0077639751552796,SL,13.65005,2025-26,25.0
1770249407173,-1,4866.565,-8.49,-1.006520450503853,SL,3.7861833333333332,2025-26,25.0
1770250022325,-1,4866.595,16.595,1.9744199881023201,TP,7.0866,2025-26,25.0
1770250642178,1,4858.465,-8.49,-1.0029533372711164,SL,1.0564666666666667,2025-26,25.0
1770250924136,-1,4841.055,-8.96,-1.0016769144773616,SL,0.4550166666666667,2025-26,25.0
1770251017862,1,4858.095,-8.41,-1.0389129092032119,SL,6.94165,2025-26,25.0
1770251456736,1,4858.132,-8.217,-1.0104525332021643,SL,0.4042,2025-26,25.0
1770251536824,-1,4840.995,-9.24,-1.0260966129927818,SL,3.70845,2025-26,25.0
1770251928144,1,4858.405,16.595,1.9744199881023201,TP,4.121583333333334,2025-26,25.0
1770252198021,1,4884.405,15.595,1.658160552897395,TP,2.1755166666666668,2025-26,25.0
1770252430014,-1,4891.865,-9.01,-1.107559926244622,SL,4.91025,2025-26,25.0
1770252988806,-1,4891.225,-8.85,-1.0085470085470085,SL,10.80585,2025-26,25.0
1770253699741,1,4908.405,16.595,1.9744199881023201,TP,18.542733333333334,2025-26,25.0
1770255356836,-1,4916.025,-9.18,-1.022841225626741,SL,3.46235,2025-26,25.0
1770255968001,1,4934.315,-9.34,-1.0026838432635534,SL,0.6285666666666667,2025-26,25.0
1770256115038,-1,4916.565,-8.46,-1.002963841138115,SL,0.8460333333333333,2025-26,25.0
1770256215871,-1,4916.535,16.535,1.9533372711163615,TP,5.408016666666667,2025-26,25.0
1770256580512,1,4909.135,15.865,1.7367268746579092,TP,5.38825,2025-26,25.0
1770257964395,-1,4916.138,-9.607,-1.0840668020762807,SL,5.179883333333334,2025-26,25.0
1770258370872,1,4933.115,-8.69,-1.070856438693777,SL,5.458066666666666,2025-26,25.0
1770258801329,-1,4916.708,16.708,2.014954172696575,TP,8.187266666666666,2025-26,25.0
1770259425494,1,4908.365,16.635,1.9886431560071727,TP,19.936516666666666,2025-26,25.0
1770260761887,-1,4916.605,-9.26,-1.103037522334723,SL,4.317866666666666,2025-26,25.0
1770262228959,-1,4916.975,-8.037,-1.0014953271028038,SL,0.20263333333333333,2025-26,25.0
1770263149657,-1,4916.875,16.875,2.076923076923077,TP,15.980483333333334,2025-26,25.0
1770264119752,-1,4889.855,-10.15,-1.0004928536224742,SL,0.31521666666666665,2025-26,25.0
1770264497007,1,4883.462,-8.617,-1.0183171826991255,SL,2.38025,2025-26,25.0
1770264687122,-1,4864.945,-10.08,-1.0024863252113376,SL,1.0403666666666667,2025-26,25.0
1770264848738,-1,4866.275,-8.73,-1.0005730659025789,SL,8.351883333333333,2025-26,25.0
1770265575333,1,4883.605,-8.77,-1.0191748983149331,SL,2.2994,2025-26,25.0
1770265888261,1,4883.852,-9.287,-1.049141436963398,SL,19.362366666666667,2025-26,25.0
1770267140764,-1,4866.825,-8.236,-1.0074617737003058,SL,22.22833333333333,2025-26,25.0
1770268640147,-1,4866.705,16.705,2.013863773357444,TP,10.92985,2025-26,25.0
1770269339388,1,4858.242,16.758,2.033244358165494,TP,13.03005,2025-26,25.0
1770270394667,1,4883.912,-8.987,-1.008415619389587,SL,5.98815,2025-26,25.0
1770271285844,1,4883.072,-8.207,-1.0167244796828543,SL,38.228233333333336,2025-26,25.0
1770273991510,1,4883.325,-9.15,-1.0990990990990992,SL,1.1058666666666668,2025-26,25.0
1770274265961,-1,4866.945,-8.27,-1.026691495965239,SL,9.505916666666666,2025-26,25.0
1770274841496,-1,4866.578,-8.507,-1.0100926145808597,SL,0.12245,2025-26,25.0
1770274871847,-1,4866.145,-9.25,-1.0446075663466967,SL,1.3243,2025-26,25.0
1770275069664,-1,4866.785,16.785,2.0432136335970785,TP,4.456733333333333,2025-26,25.0
1770275468215,-1,4841.875,16.875,2.076923076923077,TP,8.505566666666667,2025-26,25.0
1770276332807,-1,4813.788,-11.504,-1.0260435247948627,SL,0.6994833333333333,2025-26,25.0
1770276432911,1,4833.062,16.938,2.1009675018605805,TP,2.9284833333333333,2025-26,25.0
1770276610302,-1,4841.735,-9.417,-1.1393829401088928,SL,0.45525,2025-26,25.0
1770276671237,1,4859.695,-9.7,-1.000515729757607,SL,5.15895,2025-26,25.0
1770277041874,1,4858.315,-8.67,-1.0426939266386048,SL,6.75245,2025-26,25.0
1770277517209,1,4858.441,-8.953,-1.0606563203411918,SL,10.1138,2025-26,25.0
1770278187638,1,4858.305,-8.97,-1.0800722456351595,SL,0.64455,2025-26,25.0
1770278278580,1,4858.875,-9.03,-1.0174647887323944,SL,1.0366166666666667,2025-26,25.0
1770278343772,-1,4839.915,-15.287,-1.5158155676747644,SL,0.8812833333333333,2025-26,25.0
1770278401699,-1,4840.828,15.828,1.7256868730920192,TP,1.5743666666666667,2025-26,25.0
1770278532819,1,4834.195,-9.856,-1.0718868950516585,SL,0.6156666666666667,2025-26,25.0
1770278633837,-1,4816.048,-9.127,-1.0195487042001787,SL,0.5470833333333334,2025-26,25.0
1770278672951,-1,4815.998,-9.937,-1.1038658075983114,SL,0.39245,2025-26,25.0
1770278713439,-1,4815.918,-9.627,-1.0600088086324597,SL,0.37966666666666665,2025-26,25.0
1770278887695,-1,4816.115,-9.277,-1.0441193021947102,SL,0.5636166666666667,2025-26,25.0
1770278957225,-1,4816.108,-9.184,-1.032838506522717,SL,0.3615833333333333,2025-26,25.0
1770279066973,1,4833.585,-9.087,-1.058474082702388,SL,2.9538,2025-26,25.0
1770279313610,1,4833.602,16.398,1.9063008602650546,TP,6.687166666666666,2025-26,25.0
1770279800931,1,4858.185,-9.67,-1.1814294441050703,SL,6.53125,2025-26,25.0
1770280201332,1,4863.495,-13.797,-1.0223786587625046,SL,0.35186666666666666,2025-26,25.0
1770280239253,-1,4841.548,-8.827,-1.0443681968764789,SL,0.13593333333333332,2025-26,25.0
1770280303015,1,4858.605,-8.65,-1.0052295177222546,SL,5.518683333333334,2025-26,25.0
1770280788063,-1,4841.475,16.475,1.932551319648094,TP,4.715233333333333,2025-26,25.0
1770281220759,1,4834.192,-9.237,-1.0048955613577024,SL,2.5402,2025-26,25.0
1770282104375,-1,4816.218,-8.984,-1.023001594169893,SL,0.5150166666666667,2025-26,25.0
1770282189979,1,4833.501,-8.636,-1.015880484648865,SL,0.70355,2025-26,25.0
1770282394417,1,4833.452,-8.457,-1.000591575958353,SL,7.872816666666667,2025-26,25.0
1770282876250,-1,4816.685,-8.41,-1.0114251352976549,SL,1.02215,2025-26,25.0
1770283517131,1,4834.442,-9.567,-1.0132387206100402,SL,4.726216666666667,2025-26,25.0
1770283801668,1,4834.165,-9.18,-1.0016366612111294,SL,1.1329,2025-26,25.0
1770283885365,-1,4817.025,-8.33,-1.044514106583072,SL,3.171683333333333,2025-26,25.0
1770284109323,-1,4816.135,-9.017,-1.0171460800902425,SL,1.1037666666666666,2025-26,25.0
1770284194538,-1,4816.285,-9.127,-1.0472748135398737,SL,0.7897166666666666,2025-26,25.0
1770284277753,1,4833.132,16.868,2.074274471224791,TP,1.40965,2025-26,25.0
1770284958693,-1,4841.378,-8.747,-1.014497796334957,SL,0.3816,2025-26,25.0
1770285025253,1,4858.655,-8.99,-1.0387059503177354,SL,5.26765,2025-26,25.0
1770285453839,-1,4841.825,-8.39,-1.0262996941896025,SL,0.98735,2025-26,25.0
1770285600526,-1,4840.995,-10.112,-1.1229317046085507,SL,0.012733333333333333,2025-26,25.0
1770285601441,1,4866.362,-17.404,-1.063684146192397,SL,0.6691833333333334,2025-26,25.0
1770285666073,-1,4841.275,16.275,1.8653295128939829,TP,1.1403,2025-26,25.0
1770285742849,1,4833.902,-9.087,-1.0207818467760055,SL,2.9734166666666666,2025-26,25.0
1770285986032,1,4833.272,-8.557,-1.0344535783365572,SL,0.28446666666666665,2025-26,25.0
1770286033171,1,4833.295,16.705,2.013863773357444,TP,1.4931,2025-26,25.0
1770286159507,1,4858.522,-9.044,-1.0612532269420323,SL,0.5996166666666667,2025-26,25.0
1770286258507,-1,4841.785,16.785,2.0432136335970785,TP,4.2495666666666665,2025-26,25.0
1770286558359,1,4833.132,-8.214,-1.0100836202656174,SL,11.0656,2025-26,25.0
1770287270940,-1,4816.765,-8.45,-1.026108075288403,SL,2.176833333333333,2025-26,25.0
1770287522635,-1,4816.595,-8.79,-1.0458060678167758,SL,4.965316666666666,2025-26,25.0
1770287952108,1,4834.582,-10.007,-1.0443539970778544,SL,2.3154,2025-26,25.0
1770288226355,-1,4816.535,-8.536,-1.0083874778499704,SL,8.314883333333333,2025-26,25.0
1770288759065,-1,4816.985,-8.677,-1.0825951341235185,SL,0.6831666666666667,2025-26,25.0
1770289456169,-1,4816.805,-8.45,-1.0311165344722393,SL,1.5142333333333333,2025-26,25.0
1770289609950,1,4833.415,-8.89,-1.0564468211527036,SL,5.673133333333333,2025-26,25.0
1770290156953,1,4832.995,-7.997,-1.0002501563477173,SL,0.626,2025-26,25.0
1770291510659,1,4858.712,16.288,1.8696051423324151,TP,5.122883333333333,2025-26,25.0
1770291910232,1,4882.975,-8.09,-1.0144200626959248,SL,0.6187833333333334,2025-26,25.0
1770292037023,-1,4866.898,-8.517,-1.0512219205134534,SL,1.8884333333333334,2025-26,25.0
1770292187377,1,4884.205,15.795,1.7159152634437806,TP,0.5893833333333334,2025-26,25.0
1770292521956,-1,4891.635,-8.73,-1.0436341900777046,SL,4.0091,2025-26,25.0
1770292782766,-1,4891.778,16.778,2.0406227195329603,TP,4.436183333333333,2025-26,25.0
1770293401636,1,4883.195,-8.83,-1.0774862721171445,SL,0.9252333333333334,2025-26,25.0
1770293526918,-1,4867.243,-7.942,-1.02384942632461,SL,2.688466666666667,2025-26,25.0
1770294034408,-1,4866.845,-8.527,-1.0456161863887186,SL,1.6043,2025-26,25.0
1770294151807,-1,4866.345,-8.7,-1.0051993067590987,SL,1.9891666666666667,2025-26,25.0
1770294589130,-1,4866.235,-8.85,-1.0096976611523103,SL,11.035483333333334,2025-26,25.0
1770295383649,-1,4865.485,-9.57,-1.0057803468208093,SL,2.532216666666667,2025-26,25.0
1770295592653,1,4883.065,-8.44,-1.04649721016739,SL,2.47775,2025-26,25.0
1770296007736,1,4883.225,-8.56,-1.0407294832826748,SL,2.1704833333333333,2025-26,25.0
1770296227319,-1,4866.625,-8.41,-1.004179104477612,SL,7.19825,2025-26,25.0
1770296821065,-1,4867.015,-8.59,-1.0757670632435816,SL,19.9898,2025-26,25.0
1770298067035,-1,4866.855,16.855,2.0693677102516883,TP,37.39365,2025-26,25.0
1770300382399,1,4857.872,-7.917,-1.005716463414634,SL,8.381816666666667,2025-26,25.0
1770301578068,1,4858.345,-8.4,-1.0065907729179149,SL,3.8242833333333333,2025-26,25.0
1770301808641,-1,4841.125,-9.037,-1.0182535211267605,SL,0.6482,2025-26,25.0
1770301991985,-1,4841.635,16.635,1.9886431560071727,TP,20.701316666666667,2025-26,25.0
1770303406856,1,4833.675,-9.44,-1.0881844380403458,SL,3.5158,2025-26,25.0
1770303842487,-1,4817.095,-7.957,-1.0065781151170146,SL,2.457516666666667,2025-26,25.0
1770304157445,1,4833.705,-9.02,-1.0361860999425618,SL,9.787683333333334,2025-26,25.0
1770304995492,-1,4816.985,-8.4,-1.0480349344978166,SL,1.9586,2025-26,25.0
1770305623744,-1,4816.705,16.705,2.013863773357444,TP,21.292183333333334,2025-26,25.0
1770307051695,1,4808.135,16.865,2.073140749846343,TP,6.702116666666667,2025-26,25.0
1770307565029,-1,4817.025,17.025,2.134796238244514,TP,11.041,2025-26,25.0
1770308336249,1,4808.105,-8.14,-1.0043183220234424,SL,3.8578333333333332,2025-26,25.0
1770308887846,1,4808.245,-8.51,-1.0321406913280777,SL,1.6109,2025-26,25.0
1770309227252,-1,4791.925,16.925,2.0959752321981426,TP,0.6425166666666666,2025-26,25.0
1770309335270,-1,4767.025,-8.957,-1.1231347962382445,SL,0.8058666666666666,2025-26,25.0
1770309450821,1,4783.365,-8.5,-1.0161386730424387,SL,1.0659833333333333,2025-26,25.0
1770309567382,-1,4766.035,-10.85,-1.2102621305075292,SL,2.804666666666667,2025-26,25.0
1770309864291,-1,4765.745,-9.887,-1.0682874122096164,SL,8.841916666666666,2025-26,25.0
1770314403790,1,4796.102,-21.744,-1.0304236565254479,SL,0.599,2025-26,25.0
1770314452879,-1,4764.948,-10.904,-1.0847592518901712,SL,1.84465,2025-26,25.0
1770314601394,-1,4764.948,-10.354,-1.0300437723836053,SL,1.1318666666666666,2025-26,25.0
1770314751700,-1,4765.538,-10.214,-1.0794757979285563,SL,0.5833333333333334,2025-26,25.0
1770315291929,-1,4766.855,16.855,2.0693677102516883,TP,13.54135,2025-26,25.0
1770316705978,-1,4734.945,-15.62,-1.0375290601129192,SL,4.142716666666667,2025-26,25.0
1770317058045,-1,4741.125,16.125,1.8169014084507042,TP,4.724783333333333,2025-26,25.0
1770317373853,-1,4713.858,13.858,1.2437623406928737,TP,13.05365,2025-26,25.0
1770318585495,-1,4690.485,-10.277,-1.080084077771939,SL,1.4307166666666666,2025-26,25.0
1770318733394,-1,4691.525,-8.6,-1.0147492625368733,SL,0.19831666666666667,2025-26,25.0
1770318790089,-1,4691.845,16.845,2.065603923973023,TP,2.669233333333333,2025-26,25.0
1770319009408,-1,4666.995,-8.28,-1.0343535290443473,SL,3.2420166666666668,2025-26,25.0
1770319222731,1,4684.005,-9.11,-1.0116601887840089,SL,0.6269,2025-26,25.0
1770319388045,1,4683.435,16.565,1.963841138114997,TP,1.6195833333333334,2025-26,25.0
1770319572364,1,4712.985,12.015,0.9252984212552946,TP,1.77705,2025-26,25.0
1770319741866,-1,4715.525,-9.577,-1.0107651715039578,SL,0.8480166666666666,2025-26,25.0
1770319883052,-1,4716.395,-9.547,-1.1094712376525275,SL,1.9601666666666666,2025-26,25.0
1770320088966,1,4733.422,16.578,1.9684160531940156,TP,3.209016666666667,2025-26,25.0
1770320313892,-1,4741.378,-9.057,-1.0504523312456506,SL,1.6170333333333333,2025-26,25.0
1770320566982,1,4758.365,-8.96,-1.0711297071129706,SL,0.5154333333333333,2025-26,25.0
1770320636048,1,4758.922,-9.547,-1.0700515579466487,SL,1.78655,2025-26,25.0
1770320779338,-1,4741.475,-8.527,-1.0002346041055719,SL,0.21525,2025-26,25.0
1770320928607,-1,4740.915,-9.217,-1.01452944413869,SL,0.6842833333333334,2025-26,25.0
1770321010015,1,4759.705,-9.91,-1.0211231324059764,SL,2.130533333333333,2025-26,25.0
1770321246005,-1,4740.825,-10.17,-1.1084468664850136,SL,1.7707333333333333,2025-26,25.0
1770321496709,1,4760.095,-10.32,-1.0222882615156017,SL,1.7421666666666666,2025-26,25.0
1770321610072,-1,4741.415,-8.937,-1.0410017472335469,SL,0.09703333333333333,2025-26,25.0
1770321631783,1,4758.432,-8.544,-1.0132827324478177,SL,0.3673,2025-26,25.0
1770321661684,-1,4741.265,16.265,1.8620492272467086,TP,0.9104666666666666,2025-26,25.0
1770321784352,1,4709.542,15.458,1.6199958080067072,TP,0.31908333333333333,2025-26,25.0
1770321838670,1,4733.845,-9.047,-1.0228377614471453,SL,0.5010166666666667,2025-26,25.0
1770322088867,1,4759.832,-10.284,-1.045972335231896,SL,0.0902,2025-26,25.0
1770322131361,-1,4741.069,-9.116,-1.0207143656925317,SL,0.15871666666666667,2025-26,25.0
1770322159719,-1,4741.108,-8.937,-1.0050607287449393,SL,2.3996666666666666,2025-26,25.0
1770322332977,-1,4741.168,-8.834,-1.0002264492753623,SL,1.10825,2025-26,25.0
1770322534809,1,4760.325,-10.527,-1.0195641646489104,SL,0.79115,2025-26,25.0
1770322623897,-1,4741.298,16.298,1.872902780969892,TP,1.5427333333333333,2025-26,25.0
1770322871047,-1,4715.698,-10.577,-1.1370672973554075,SL,0.58355,2025-26,25.0
1770322947503,-1,4715.418,-9.637,-1.0057399290336047,SL,4.681383333333334,2025-26,25.0
1770323331176,-1,4715.848,-9.183,-1.0033872377622377,SL,1.9265833333333333,2025-26,25.0
1770323598176,1,4734.412,15.588,1.6561835954101147,TP,13.37545,2025-26,25.0
1770324678675,1,4758.415,16.585,1.9708853238265003,TP,4.454416666666667,2025-26,25.0
1770325066245,-1,4766.595,-8.87,-1.0553242117787032,SL,0.5745833333333333,2025-26,25.0
1770325364972,-1,4766.465,-8.84,-1.035735207967194,SL,2.5212833333333333,2025-26,25.0
1770325606251,1,4783.722,16.278,1.8663150653519835,TP,21.026166666666665,2025-26,25.0
1770327138686,-1,4816.605,-9.89,-1.178082191780822,SL,0.7188666666666667,2025-26,25.0
1770327247486,1,4833.575,-8.73,-1.018075801749271,SL,1.4127333333333334,2025-26,25.0
1770327374358,1,4833.432,-8.974,-1.064278937381404,SL,7.3035,2025-26,25.0
1770327926816,1,4833.095,-8.12,-1.003088326127239,SL,0.13885,2025-26,25.0
1770328211782,-1,4816.105,-8.897,-1.0002248454187745,SL,5.381783333333333,2025-26,25.0
1770328709830,-1,4816.195,-9.02,-1.0244179443498012,SL,5.325966666666667,2025-26,25.0
1770329095617,1,4833.755,-8.81,-1.0062821245002855,SL,5.4335,2025-26,25.0
1770329533351,-1,4816.465,-8.96,-1.0497949619214997,SL,6.281266666666666,2025-26,25.0
1770330097778,-1,4816.865,-8.64,-1.0620774431468962,SL,12.353266666666666,2025-26,25.0
1770330910104,-1,4816.645,-8.49,-1.0161579892280073,SL,14.921566666666667,2025-26,25.0
1770332523142,-1,4816.495,-8.55,-1.0052910052910053,SL,1.5337833333333333,2025-26,25.0
1770332739408,-1,4816.325,-8.977,-1.0348126801152737,SL,1.8141166666666666,2025-26,25.0
1770333614954,-1,4816.655,-8.41,-1.0077890952666266,SL,7.02245,2025-26,25.0
1770335139722,-1,4816.845,-8.16,-1.0006131207847946,SL,6.1860333333333335,2025-26,25.0
1770337389392,1,4833.685,16.315,1.8785261945883707,TP,6.099066666666666,2025-26,25.0
1770337803026,-1,4842.075,-8.627,-1.0885804416403786,SL,0.038783333333333336,2025-26,25.0
1770337888635,-1,4841.758,-9.607,-1.165615141955836,SL,1.6071666666666666,2025-26,25.0
1770338284931,1,4857.965,-8.24,-1.034526051475204,SL,0.8126666666666666,2025-26,25.0
1770338370622,1,4858.512,16.488,1.9370300751879699,TP,10.57055,2025-26,25.0
1770339252171,1,4883.495,16.505,1.942907592701589,TP,6.028266666666667,2025-26,25.0
1770339675576,-1,4891.945,16.945,2.1036623215394163,TP,6.0949333333333335,2025-26,25.0
1770340439385,-1,4865.678,15.678,1.6818279339197597,TP,13.2051,2025-26,25.0
1770341271351,1,4859.055,-9.07,-1.0016565433462175,SL,6.2960666666666665,2025-26,25.0
1770341716015,-1,4841.615,-8.46,-1.0089445438282647,SL,11.850833333333334,2025-26,25.0
1770342913575,-1,4841.225,-8.95,-1.01994301994302,SL,7.014633333333333,2025-26,25.0
1770343490269,-1,4841.555,-8.47,-1.0029603315571345,SL,5.309183333333333,2025-26,25.0
1770344733248,1,4857.915,-8.04,-1.0157927984838913,SL,7.995216666666667,2025-26,25.0
1770345782293,1,4857.972,-8.437,-1.0583291520321123,SL,4.1406833333333335,2025-26,25.0
1770346751421,-1,4841.465,-8.71,-1.0205038078500293,SL,11.783566666666667,2025-26,25.0
1770347743870,1,4857.782,-7.907,-1.0160627088152145,SL,2.1090833333333334,2025-26,25.0
1770348030524,1,4857.722,17.278,2.2375032375032373,TP,10.650466666666667,2025-26,25.0
1770349058075,-1,4865.748,15.748,1.7021184608733246,TP,25.643316666666667,2025-26,25.0
1770350825759,-1,4842.048,-8.347,-1.0496730382293762,SL,5.855383333333333,2025-26,25.0
1770351261042,-1,4841.775,-8.39,-1.0200607902735563,SL,2.1225833333333335,2025-26,25.0
1770351801309,1,4858.292,16.708,2.014954172696575,TP,39.3675,2025-26,25.0
1770355163343,-1,4866.898,-8.407,-1.037645025919526,SL,20.63925,2025-26,25.0
1770357638816,1,4883.182,-8.847,-1.0812759716450746,SL,4.30255,2025-26,25.0
1770357915706,-1,4867.048,-7.987,-1.0044014084507042,SL,3.001716666666667,2025-26,25.0
1770358462997,1,4883.302,16.698,2.0113225728740063,TP,52.789233333333335,2025-26,25.0
1770361914175,-1,4891.795,-8.44,-1.028641072516758,SL,1.175,2025-26,25.0
1770363053159,1,4882.935,17.065,2.15059861373661,TP,16.572366666666667,2025-26,25.0
1770364820422,1,4907.915,17.085,2.158559696778269,TP,1.5901166666666666,2025-26,25.0
1770365012799,-1,4916.495,-9.1,-1.0699588477366255,SL,1.0767666666666666,2025-26,25.0
1770365182750,-1,4916.705,-8.31,-1.0018083182640145,SL,16.866333333333333,2025-26,25.0
1770366369174,-1,4917.268,-7.817,-1.010993274702535,SL,5.3873,2025-26,25.0
1770367120004,1,4932.945,-8.187,-1.0304594084329768,SL,11.820433333333334,2025-26,25.0
1770368423572,1,4932.905,-8.06,-1.0196078431372548,SL,1.6333333333333333,2025-26,25.0
1770368874883,-1,4917.118,-8.007,-1.0158589190560772,SL,5.367166666666667,2025-26,25.0
1770369618154,-1,4917.125,17.125,2.1746031746031744,TP,4.950733333333333,2025-26,25.0
1770370081817,1,4907.995,-8.967,-1.121575984990619,SL,1.9789,2025-26,25.0
1770370222752,1,4908.155,16.845,2.065603923973023,TP,2.5839166666666666,2025-26,25.0
1770370640977,1,4933.775,-8.91,-1.0153846153846153,SL,5.2819,2025-26,25.0
1770371049939,1,4933.465,16.535,1.9533372711163615,TP,15.875733333333333,2025-26,25.0
1770372036192,1,4958.155,-8.75,-1.0729613733905579,SL,0.08966666666666667,2025-26,25.0
1770372061105,-1,4941.688,-8.897,-1.0703801732435034,SL,0.6654,2025-26,25.0
1770372128396,-1,4939.355,-11.87,-1.1150775011742602,SL,3.1876166666666665,2025-26,25.0
1770372376070,1,4958.062,-8.174,-1.0138923344083355,SL,6.62135,2025-26,25.0
1770373083530,-1,4941.765,-8.5,-1.0321797207043109,SL,4.2818,2025-26,25.0
1770373637632,1,4957.892,-7.977,-1.0107704004054738,SL,0.6685333333333333,2025-26,25.0
1770373801027,1,4957.975,-8.137,-1.0203134796238245,SL,1.53265,2025-26,25.0
1770374047558,1,4958.235,-8.98,-1.0904675166970248,SL,1.7546833333333334,2025-26,25.0
1770374300738,-1,4941.745,-8.697,-1.0535433070866143,SL,2.3320833333333333,2025-26,25.0
1770374542646,-1,4942.278,-7.887,-1.0213675213675213,SL,10.266816666666667,2025-26,25.0
1770375261619,-1,4941.768,-8.457,-1.027332361516035,SL,8.6661,2025-26,25.0
1770376446512,-1,4941.665,16.665,1.9994001199760048,TP,12.024583333333334,2025-26,25.0
1770377214720,1,4933.065,16.935,2.0998140111593306,TP,29.949166666666667,2025-26,25.0
1770379489269,1,4957.975,-8.007,-1.004012539184953,SL,31.800833333333333,2025-26,25.0
1770381940895,1,4957.865,-7.89,-1.003178639542276,SL,38.607166666666664,2025-26,25.0
1770384568358,1,4957.885,-8.97,-1.1376030437539633,SL,69.42718333333333,2025-26,25.0
1770389253320,1,4957.835,-8.83,-1.1269942565411615,SL,29.233966666666667,2025-26,25.0
1770391991694,-1,4941.515,-8.78,-1.0347672362993519,SL,8.85695,2025-26,25.0
1770392759289,-1,4942.075,-8.03,-1.0132492113564668,SL,5.653066666666667,2025-26,25.0
1770394023797,1,4957.825,-8.87,-1.1335463258785943,SL,5.2843,2025-26,25.0
1770395504216,1,4957.935,17.065,2.15059861373661,TP,2968.27745,2025-26,25.0
1770573724962,-1,4963.998,-11.074,-1.0065442646791491,SL,0.58735,2025-26,25.0
1770573776208,1,4986.092,-11.444,-1.0317345834835918,SL,5.42935,2025-26,25.0
1770574121128,-1,4965.978,-9.114,-1.0101972954998892,SL,0.9583,2025-26,25.0
1770574319257,1,4984.122,-9.467,-1.0378206533654901,SL,0.6905,2025-26,25.0
1770574524647,1,4983.765,16.235,1.852253280091272,TP,9.85205,2025-26,25.0
1770575150043,1,5008.055,16.945,2.1036623215394163,TP,2.6922333333333333,2025-26,25.0
1770575561043,1,5033.295,-10.39,-1.2525617842073538,SL,2.6982333333333335,2025-26,25.0
1770575757206,1,5033.635,-8.85,-1.0248986682107701,SL,28.739866666666668,2025-26,25.0
1770578169071,1,5033.855,-9.02,-1.0186335403726707,SL,25.0275,2025-26,25.0
1770579765799,-1,5016.345,-8.85,-1.022530329289428,SL,0.6244,2025-26,25.0
1770580083776,-1,5016.495,-9.19,-1.080540858318636,SL,7.779433333333333,2025-26,25.0
1770580818113,-1,5016.378,-9.087,-1.0539318023660404,SL,0.6543333333333333,2025-26,25.0
1770580897010,1,5033.495,-9.63,-1.133608004708652,SL,3.0963166666666666,2025-26,25.0
1770581153275,-1,5016.438,-9.194,-1.0738145293155805,SL,11.920383333333334,2025-26,25.0
1770582306461,-1,5016.765,16.765,2.0358227079538556,TP,7.837,2025-26,25.0
1770582808483,1,5008.455,-8.57,-1.0136014192785334,SL,1.6842666666666666,2025-26,25.0
1770582972130,-1,4991.648,-8.604,-1.0301724137931034,SL,6.569233333333333,2025-26,25.0
1770583484946,1,5008.685,-9.14,-1.0523891767415083,SL,1.5653333333333332,2025-26,25.0
1770584041795,-1,4991.508,-9.087,-1.070065944418276,SL,2.8150666666666666,2025-26,25.0
1770584248637,-1,4991.625,16.625,1.9850746268656716,TP,2.949866666666667,2025-26,25.0
1770584802653,1,4983.435,16.565,1.963841138114997,TP,7.4946,2025-26,25.0
1770585465247,-1,4991.515,-8.827,-1.0403064230995875,SL,3.5376833333333333,2025-26,25.0
1770586836688,-1,4991.745,-8.57,-1.0381586917019987,SL,9.523783333333334,2025-26,25.0
1770587490292,1,5008.105,16.895,2.0845157310302285,TP,33.68161666666666,2025-26,25.0
1770590829785,-1,5016.105,-9.27,-1.042158516020236,SL,29.145316666666666,2025-26,25.0
1770597007165,1,5032.955,-8.09,-1.0169704588309239,SL,15.599916666666667,2025-26,25.0
1770598306903,1,5034.205,-9.26,-1.0059750135795764,SL,28.729616666666665,2025-26,25.0
1770600131176,-1,5016.468,-9.777,-1.1459212376933896,SL,3.3737333333333335,2025-26,25.0
1770600695538,1,5033.235,-8.36,-1.0151791135397692,SL,0.9786333333333334,2025-26,25.0
1770601142688,1,5033.145,-8.26,-1.0141190914671578,SL,21.74705,2025-26,25.0
1770603099113,-1,5017.045,17.045,2.1426775612822127,TP,10.972116666666667,2025-26,25.0
1770603862054,1,5008.305,-8.33,-1.0030102347983143,SL,1.10495,2025-26,25.0
1770604082253,1,5008.315,16.685,2.006614552014432,TP,48.8835,2025-26,25.0
1770608583874,1,5032.995,-8.04,-1.0056285178236397,SL,9.558116666666667,2025-26,25.0
1770609774118,1,5032.945,-8.07,-1.0157331655129012,SL,9.430266666666666,2025-26,25.0
1770611168233,-1,5016.645,-8.38,-1.0029922202274086,SL,3.2288166666666664,2025-26,25.0
1770611701722,-1,5016.765,16.765,2.0358227079538556,TP,26.9761,2025-26,25.0
1770613512968,1,5007.955,-8.86,-1.113764927718416,SL,20.564516666666666,2025-26,25.0
1770614862728,-1,4991.818,-8.627,-1.0543876802737717,SL,56.44025,2025-26,25.0
1770618607408,1,5007.985,-8.87,-1.110832811521603,SL,131.37421666666665,2025-26,25.0
1770627128449,1,5007.872,17.128,2.1758130081300813,TP,38.58623333333333,2025-26,25.0
1770629569115,1,5033.015,-8.217,-1.0252027448533998,SL,43.55426666666666,2025-26,25.0
1770632450525,1,5032.905,17.095,2.1625553447185326,TP,12.323866666666667,2025-26,25.0
1770633917348,1,5058.302,16.698,2.0113225728740063,TP,40.5169,2025-26,25.0
1770636859998,-1,5067.178,-7.977,-1.0198159038609051,SL,4.8808,2025-26,25.0
1770638641372,-1,5066.985,16.985,2.119151590767311,TP,47.26805,2025-26,25.0
1770641939240,-1,5041.965,-8.14,-1.0130678282514,SL,1.4698833333333334,2025-26,25.0
1770642368597,1,5057.875,-7.98,-1.0133333333333334,SL,15.070033333333333,2025-26,25.0
1770644162068,1,5057.955,17.045,2.1426775612822127,TP,54.00795,2025-26,25.0
1770651189783,1,5082.932,-8.097,-1.0208018154311649,SL,3.1178333333333335,2025-26,25.0
1770652727823,1,5083.035,-8.077,-1.00522713130056,SL,4.821833333333333,2025-26,25.0
1770653188756,-1,5066.535,16.535,1.9533372711163615,TP,22.338016666666668,2025-26,25.0
1770654616788,1,5058.255,-9.287,-1.125015142337977,SL,89.73811666666667,2025-26,25.0
1770660213603,-1,5062.548,12.548,1.0077096048827499,TP,5.975783333333333,2025-26,25.0
1770660612261,-1,5002.456,-23.649,-1.049015259048971,SL,0.11793333333333333,2025-26,25.0
1770660624140,1,5035.212,-11.222,-1.0989032510771641,SL,0.05658333333333333,2025-26,25.0
1770660712646,-1,5012.656,12.656,1.0252754374594946,TP,0.39941666666666664,2025-26,25.0
1770660769004,1,5009.335,15.665,1.678093197643278,TP,9.165816666666666,2025-26,25.0
1770661379034,-1,5016.395,-8.617,-1.001394538059268,SL,5.40825,2025-26,25.0
1770661832990,-1,5016.025,-9.1,-1.0139275766016713,SL,3.7626166666666667,2025-26,25.0
1770662266254,-1,5016.285,-9.357,-1.0736660929432014,SL,2.995633333333333,2025-26,25.0
1770662592532,1,5033.285,-13.64,-1.6463488231744117,SL,52.244616666666666,2025-26,25.0
1770665770567,1,5033.562,-8.827,-1.030950712450362,SL,1.3093833333333333,2025-26,25.0
1770665987164,-1,5016.645,-8.67,-1.03770197486535,SL,1.1223666666666667,2025-26,25.0
1770666392960,-1,5016.275,-8.747,-1.0025214899713466,SL,13.563466666666667,2025-26,25.0
1770667307167,-1,5016.625,-8.597,-1.0265074626865671,SL,0.4255333333333333,2025-26,25.0
1770667550610,-1,5016.565,-8.63,-1.023117960877297,SL,1.177,2025-26,25.0
1770667801393,1,5033.005,-8.66,-1.0818238600874452,SL,1.5160833333333332,2025-26,25.0
1770667943303,1,5033.295,-8.33,-1.0042194092827004,SL,8.806283333333333,2025-26,25.0
1770668821725,-1,5016.695,-8.64,-1.0403371462974111,SL,7.430933333333333,2025-26,25.0
1770669676853,1,5032.975,-8.42,-1.0557993730407524,SL,2.134316666666667,2025-26,25.0
1770670028553,1,5033.335,-8.86,-1.062987402519496,SL,10.660983333333334,2025-26,25.0
1770670793378,1,5033.225,16.775,2.0395136778115504,TP,22.725516666666667,2025-26,25.0
1770672944545,-1,5041.755,-8.317,-1.0087325651910248,SL,7.723833333333333,2025-26,25.0
1770673800973,-1,5041.985,16.985,2.119151590767311,TP,25.106033333333333,2025-26,25.0
1770675543736,-1,5016.935,-8.09,-1.0030998140111593,SL,3.6845,2025-26,25.0
1770677840737,-1,5016.945,-8.48,-1.05276225946617,SL,1.1846,2025-26,25.0
1770680972179,1,5033.225,-10.24,-1.244984802431611,SL,26.3095,2025-26,25.0
1770683244294,-1,5016.285,-8.757,-1.0048192771084337,SL,4.653333333333333,2025-26,25.0
1770684296922,1,5033.382,-8.517,-1.0161059413027917,SL,66.31828333333333,2025-26,25.0
1770689551595,1,5032.885,-8.17,-1.036144578313253,SL,9.8542,2025-26,25.0
1770690928534,1,5032.965,17.035,2.138731952291274,TP,70.40405,2025-26,25.0
1770695806649,-1,5041.925,-8.14,-1.0080495356037151,SL,6.246833333333333,2025-26,25.0
1770696544783,1,5057.855,-7.94,-1.0108211330362826,SL,7.249733333333333,2025-26,25.0
1770699333427,-1,5042.065,-8.117,-1.0229363579080024,SL,4.996583333333334,2025-26,25.0
1770700376721,-1,5042.055,-8.14,-1.024543738200126,SL,12.278916666666667,2025-26,25.0
1770702042397,1,5057.915,-9.05,-1.1433986102337335,SL,14.039583333333333,2025-26,25.0
1770706656420,1,5057.985,-8.35,-1.0457107075767063,SL,8.158133333333334,2025-26,25.0
1770707258111,-1,5042.025,-8.0,-1.0031347962382444,SL,10.2656,2025-26,25.0
1770708815690,-1,5041.475,16.475,1.932551319648094,TP,11.20925,2025-26,25.0
1770709937634,1,5032.905,-8.33,-1.053763440860215,SL,0.8791166666666667,2025-26,25.0
1770710154312,1,5033.125,16.875,2.076923076923077,TP,35.98495,2025-26,25.0
1770712424985,1,5058.085,-8.397,-1.0385899814471242,SL,3.4759166666666665,2025-26,25.0
1770714455417,1,5058.125,16.875,2.076923076923077,TP,23.532766666666667,2025-26,25.0
1770716173648,-1,5067.088,17.088,2.159757330637007,TP,9.08125,2025-26,25.0
1770716987111,1,5034.232,-9.564,-1.0359618717504333,SL,46.563116666666666,2025-26,25.0
1770719834155,-1,5017.075,17.075,2.1545741324921135,TP,1.6002666666666667,2025-26,25.0
1770719995060,1,5009.297,15.703,1.6890394750994944,TP,9.5154,2025-26,25.0
1770721163554,-1,5016.258,-8.804,-1.0070921985815602,SL,46.006233333333334,2025-26,25.0
1770724203737,-1,5016.928,-8.177,-1.01300792864222,SL,6.8668,2025-26,25.0
1770725850577,1,5032.935,-8.04,-1.0132325141776937,SL,37.818616666666664,2025-26,25.0
1770728760770,-1,5016.925,-8.11,-1.0043343653250774,SL,84.45928333333333,2025-26,25.0
1770736733806,1,5032.915,-8.22,-1.038534428300695,SL,7.5365166666666665,2025-26,25.0
1770738113700,1,5032.792,-8.077,-1.0365759753593429,SL,42.44,2025-26,25.0
1770746480693,1,5034.652,15.348,1.5901367592208868,TP,20.93375,2025-26,25.0
1770748443733,-1,5042.005,-8.0,-1.0006253908692933,SL,63.2497,2025-26,25.0
1770757581192,-1,5042.015,-8.48,-1.0619912335629305,SL,35.81496666666666,2025-26,25.0
1770760543727,1,5058.095,-8.2,-1.012970969734404,SL,10.6341,2025-26,25.0
1770762195516,1,5058.295,-8.347,-1.0062688366485835,SL,87.60025,2025-26,25.0
1770770069149,1,5058.085,-8.227,-1.0175633889919604,SL,17.350416666666668,2025-26,25.0
1770772181363,1,5057.942,-8.007,-1.008184336439184,SL,97.7591,2025-26,25.0
1770778828435,1,5058.282,-8.347,-1.0078483458101908,SL,30.04543333333333,2025-26,25.0
1770784344344,1,5058.035,16.965,2.1113876789047916,TP,52.2326,2025-26,25.0
1770788452492,1,5085.155,14.845,1.4618414574101428,TP,4.1865,2025-26,25.0
1770788767274,-1,5091.785,-8.49,-1.033475349969568,SL,2.8605833333333335,2025-26,25.0
1770789177915,-1,5091.935,-8.08,-1.0018598884066956,SL,29.45275,2025-26,25.0
1770791340174,1,5108.015,-8.767,-1.0938240798502807,SL,40.874266666666664,2025-26,25.0
1770794338315,-1,5091.948,16.948,2.1048186785891705,TP,22.193716666666667,2025-26,25.0
1770796189404,-1,5066.868,-8.384,-1.0309886866699458,SL,0.7319833333333333,2025-26,25.0
1770796740799,1,5083.335,-8.37,-1.0041991601679665,SL,14.210883333333333,2025-26,25.0
1770797689102,1,5082.895,-7.97,-1.0094996833438885,SL,1.75055,2025-26,25.0
1770797887911,-1,5066.495,-8.76,-1.0299823633156966,SL,1.89245,2025-26,25.0
1770798121367,1,5083.345,-16.087,-1.9277411623726783,SL,8.003466666666666,2025-26,25.0
1770798628456,-1,5040.925,15.925,1.7548209366391185,TP,0.3999333333333333,2025-26,25.0
1770798664935,1,5033.202,16.798,2.0480370641306997,TP,0.6633,2025-26,25.0
1770798727284,-1,5039.725,-10.7,-1.0413625304136254,SL,0.6228666666666667,2025-26,25.0
1770798796670,-1,5041.448,-9.107,-1.0648971000935454,SL,0.8438,2025-26,25.0
1770798927095,-1,5041.328,-8.687,-1.001729704797048,SL,1.5534833333333333,2025-26,25.0
1770799080694,1,5058.162,-8.587,-1.0520705709384954,SL,0.6629333333333334,2025-26,25.0
1770799164366,1,5058.825,16.175,1.8328611898016998,TP,26.101883333333333,2025-26,25.0
1770801408628,1,5082.822,-7.827,-1.0006392227051906,SL,0.7049166666666666,2025-26,25.0
1770801885684,-1,5066.995,-8.48,-1.0593379138038725,SL,5.895816666666667,2025-26,25.0
1770802262251,-1,5066.848,16.848,2.0667320902845927,TP,7.9718,2025-26,25.0
1770802865466,-1,5042.015,-8.03,-1.0056355666875392,SL,5.0481,2025-26,25.0
1770803654454,1,5057.902,17.098,2.1637560111364214,TP,11.750733333333333,2025-26,25.0
1770804807771,-1,5066.945,-8.17,-1.0142768466790812,SL,1.85465,2025-26,25.0
1770806184641,1,5058.115,-8.43,-1.0388170055452866,SL,0.75625,2025-26,25.0
1770806249916,-1,5040.579,-9.636,-1.0228213565438913,SL,3.543083333333333,2025-26,25.0
1770807166692,1,5058.435,-8.99,-1.065797273266153,SL,23.783416666666668,2025-26,25.0
1770808997315,1,5057.925,17.075,2.1545741324921135,TP,10.82785,2025-26,25.0
1770811738649,1,5083.125,-8.23,-1.0129230769230768,SL,63.81225,2025-26,25.0
1770815615037,-1,5067.145,-7.94,-1.0108211330362826,SL,1.5238666666666667,2025-26,25.0
1770817056775,1,5083.225,-8.56,-1.0407294832826748,SL,174.67106666666666,2025-26,25.0
1770828738606,1,5082.742,-8.444,-1.090674244381297,SL,76.82916666666667,2025-26,25.0
1770833507096,-1,5056.555,6.555,0.35538086202222824,TP,112.27316666666667,2025-26,25.0
1770841026072,1,5058.692,16.308,1.8762080073630925,TP,229.76541666666665,2025-26,25.0
1770856261119,-1,5066.895,-8.11,-1.000616903146206,SL,24.075033333333334,2025-26,25.0
1770858154763,-1,5067.085,17.085,2.158559696778269,TP,31.47645,2025-26,25.0
1770860655657,1,5058.105,16.895,2.0845157310302285,TP,141.49215,2025-26,25.0
1770873070332,-1,5067.025,17.025,2.134796238244514,TP,164.47455,2025-26,25.0
1770883381805,1,5058.015,16.985,2.119151590767311,TP,36.75971666666667,2025-26,25.0
1770886595115,1,5083.355,-8.37,-1.0017953321364452,SL,2.9318666666666666,2025-26,25.0
1770887125497,-1,5066.915,-8.12,-1.0043290043290043,SL,4.47155,2025-26,25.0
1770887677719,-1,5065.159,15.159,1.5403922365613252,TP,41.72785,2025-26,25.0
1770890858895,1,5057.902,-8.264,-1.0458111870412554,SL,62.33801666666667,2025-26,25.0
1770894643892,-1,5041.835,16.835,2.061849357011635,TP,0.8310666666666666,2025-26,25.0
1770894800041,-1,4989.778,14.778,1.4457053414204657,TP,0.84905,2025-26,25.0
1770894859201,-1,4965.018,-10.334,-1.0352634742536566,SL,0.060116666666666665,2025-26,25.0
1770894867993,-1,4964.185,-11.487,-1.062135922330097,SL,0.06941666666666667,2025-26,25.0
1770894881015,1,4959.425,-9.57,-1.0153846153846153,SL,0.07183333333333333,2025-26,25.0
1770894909927,1,4958.765,-8.94,-1.0199657729606388,SL,0.48,2025-26,25.0
1770894960311,-1,4941.215,-9.087,-1.034376778599886,SL,0.03556666666666667,2025-26,25.0
1770894980078,-1,4941.765,-8.387,-1.0184578020643595,SL,0.15485,2025-26,25.0
1770895002515,1,4958.522,-8.697,-1.020535085660643,SL,0.26213333333333333,2025-26,25.0
1770895043885,-1,4941.635,16.635,1.9886431560071727,TP,0.25025,2025-26,25.0
1770895090219,-1,4915.475,-10.697,-1.1230446194225723,SL,0.17883333333333334,2025-26,25.0
1770895101711,-1,4916.305,-8.846,-1.0173663024726856,SL,0.21628333333333333,2025-26,25.0
1770895151498,1,4934.042,-9.297,-1.0282017252820173,SL,0.46586666666666665,2025-26,25.0
1770895189134,1,4933.722,-8.724,-1.0002293052052282,SL,0.2385,2025-26,25.0
1770895264229,-1,4916.655,-8.917,-1.0685440383463152,SL,0.32503333333333334,2025-26,25.0
1770895336552,-1,4913.459,-12.303,-1.066025474395633,SL,0.9936,2025-26,25.0
1770895420296,1,4933.552,-8.707,-1.0181244153414406,SL,0.27371666666666666,2025-26,25.0
1770895519511,-1,4915.629,15.629,1.667804930103511,TP,0.7981,2025-26,25.0
1770895585990,-1,4891.905,-8.43,-1.0413835701050032,SL,0.9318666666666666,2025-26,25.0
1770895683499,-1,4889.915,-10.12,-1.0034705007436788,SL,1.8924166666666666,2025-26,25.0
1770895813690,1,4908.402,16.598,1.9754820280885503,TP,1.1252333333333333,2025-26,25.0
1770895921890,1,4933.692,16.308,1.8762080073630925,TP,4.838566666666667,2025-26,25.0
1770896251569,-1,4941.598,-8.904,-1.0597476791240181,SL,1.4234666666666667,2025-26,25.0
1770896368852,1,4958.342,-8.367,-1.0029968832414289,SL,3.767933333333333,2025-26,25.0
1770896807681,-1,4941.598,-8.567,-1.0196381813853845,SL,3.6536166666666667,2025-26,25.0
1770897062085,1,4958.252,-8.294,-1.0050896752302472,SL,1.9731166666666666,2025-26,25.0
1770897219510,-1,4941.515,-9.057,-1.0674130819092515,SL,2.3441666666666667,2025-26,25.0
1770897594475,1,4958.502,-9.367,-1.1017407668783816,SL,0.11273333333333334,2025-26,25.0
1770897602858,1,4958.705,-8.74,-1.0040206777713958,SL,0.9383,2025-26,25.0
1770897951759,-1,4941.858,-8.204,-1.007614836649472,SL,0.44855,2025-26,25.0
1770898038100,1,4959.071,15.929,1.7560357182229083,TP,16.42375,2025-26,25.0
1770899282427,1,4983.305,-8.44,-1.0162552679108972,SL,0.6571333333333333,2025-26,25.0
1770899388372,-1,4966.905,-8.74,-1.0796788140827671,SL,11.348166666666666,2025-26,25.0
1770900117304,-1,4966.555,16.555,1.960331557134399,TP,9.173933333333334,2025-26,25.0
1770901089071,-1,4941.418,-8.797,-1.0250524353297599,SL,3.9417666666666666,2025-26,25.0
1770901365125,-1,4942.068,17.068,2.151790216843167,TP,5.8143666666666665,2025-26,25.0
1770901843121,1,4933.395,-8.62,-1.026801667659321,SL,2.676083333333333,2025-26,25.0
1770902098744,1,4933.085,-8.31,-1.0278293135435992,SL,2.9929333333333332,2025-26,25.0
1770902327477,-1,4916.615,-8.64,-1.0304114490161003,SL,2.48935,2025-26,25.0
1770902642179,-1,4915.518,-9.644,-1.0170850031638894,SL,2.1605833333333333,2025-26,25.0
1770902883311,1,4933.202,16.798,2.0480370641306997,TP,24.131166666666665,2025-26,25.0
1770904582894,-1,4941.245,-8.76,-1.0005711022272987,SL,39.77275,2025-26,25.0
1770907351464,-1,4941.228,-8.874,-1.0116279069767442,SL,5.114883333333333,2025-26,25.0
1770907812105,1,4957.835,-8.05,-1.0274409700063816,SL,6.772716666666667,2025-26,25.0
1770908572346,-1,4941.995,16.995,2.1230480949406623,TP,25.625333333333334,2025-26,25.0
1770910201862,-1,4916.925,-8.246,-1.0211764705882354,SL,5.705583333333333,2025-26,25.0
1770910768776,-1,4917.045,-8.3,-1.0433689503456944,SL,53.034016666666666,2025-26,25.0
1770914705283,-1,4916.835,-8.18,-1.001837109614207,SL,7.278566666666666,2025-26,25.0
1770919228313,-1,4915.638,15.638,1.6703695791497544,TP,0.5487,2025-26,25.0
1770919804655,1,4911.652,13.348,1.1455544112598695,TP,8.379183333333334,2025-26,25.0
1770920360135,-1,4916.305,-8.73,-1.0040253018976424,SL,1.8818166666666667,2025-26,25.0
1770921007758,-1,4916.355,-8.69,-1.0052053209947946,SL,3.6776833333333334,2025-26,25.0
1770921448333,-1,4916.955,-8.257,-1.0263517712865133,SL,25.937,2025-26,25.0
1770923214677,1,4933.395,16.605,1.9779630732578917,TP,54.45708333333334,2025-26,25.0
1770926676404,1,4958.205,16.795,2.0469226081657528,TP,18.281483333333334,2025-26,25.0
1770927950842,-1,4966.805,-8.41,-1.026235509456986,SL,6.5549333333333335,2025-26,25.0
1770928651742,-1,4966.835,-8.67,-1.061849357011635,SL,3.723516666666667,2025-26,25.0
1770929037266,1,4982.965,-7.97,-1.0006277463904583,SL,3.400533333333333,2025-26,25.0
1770930746575,1,4983.125,-8.5,-1.0461538461538462,SL,28.344716666666667,2025-26,25.0
1770932570279,1,4982.915,-8.0,-1.010739102969046,SL,3.78435,2025-26,25.0
1770933101174,1,4983.615,-9.237,-1.0721996517701684,SL,29.72061666666667,2025-26,25.0
1770935458545,1,4982.982,-7.997,-1.001879228263593,SL,10.434666666666667,2025-26,25.0
1770941954456,-1,4966.245,-8.9,-1.016561964591662,SL,1.25075,2025-26,25.0
1770942139951,1,4983.085,-8.18,-1.0117501546072976,SL,8.0816,2025-26,25.0
1770942851755,-1,4966.995,-8.26,-1.0318550905683948,SL,2.7544,2025-26,25.0
1770944969699,1,4958.205,-8.28,-1.0091407678244972,SL,16.743583333333333,2025-26,25.0
1770946062000,1,4958.465,16.535,1.9533372711163615,TP,51.57768333333333,2025-26,25.0
1770949461805,-1,4966.275,-8.96,-1.0269340974212033,SL,10.268383333333333,2025-26,25.0
1770950355261,1,4983.125,-8.16,-1.0043076923076923,SL,3.0128666666666666,2025-26,25.0
1770951973176,1,4983.165,-8.176,-1.0013472137170851,SL,44.911433333333335,2025-26,25.0
1770954854882,1,4982.895,-8.78,-1.1120962634578848,SL,23.6032,2025-26,25.0
1770956946868,-1,4967.078,-7.937,-1.0018934612471597,SL,16.425683333333332,2025-26,25.0
1770958867529,-1,4967.038,-7.967,-1.0006279829188647,SL,4.173383333333334,2025-26,25.0
1770959955409,-1,4966.905,-8.2,-1.012970969734404,SL,7.0101,2025-26,25.0
1770961662630,-1,4966.035,16.035,1.7886224205242611,TP,10.831,2025-26,25.0
1770962755880,-1,4941.208,-9.207,-1.0472020018198362,SL,6.135566666666667,2025-26,25.0
1770963850235,-1,4941.965,-8.13,-1.0118232731798382,SL,29.99305,2025-26,25.0
1770966102905,1,4958.135,16.865,2.073140749846343,TP,59.3377,2025-26,25.0
1770969975008,-1,4967.085,-9.69,-1.2242577384712572,SL,23.771016666666668,2025-26,25.0
1770971405826,1,4984.982,-11.074,-1.1093969144460027,SL,17.837583333333335,2025-26,25.0
1770972601241,1,4982.805,-8.297,-1.0630365150544523,SL,2.001533333333333,2025-26,25.0
1770972788660,1,4983.095,16.905,2.0883261272390365,TP,21.873833333333334,2025-26,25.0
1770974503050,1,5008.102,-8.117,-1.0018513947173537,SL,1.4824333333333333,2025-26,25.0
1770975209417,1,5010.125,-10.15,-1.002469135802469,SL,4.268933333333333,2025-26,25.0
1770975582666,-1,4990.178,15.178,1.5453064548971696,TP,1.3094,2025-26,25.0
1770975705165,-1,4966.545,-8.49,-1.004139562389119,SL,0.8517666666666667,2025-26,25.0
1770975830663,1,4983.735,16.265,1.8620492272467086,TP,2.7183333333333333,2025-26,25.0
1770976240890,-1,4989.205,-10.98,-1.017137563686892,SL,2.885266666666667,2025-26,25.0
1770976647978,-1,4990.478,-9.537,-1.0015752993068683,SL,2.5500833333333333,2025-26,25.0
1770977040364,-1,4991.778,-8.384,-1.0197032352225737,SL,0.23446666666666666,2025-26,25.0
1770977287590,1,5008.522,-8.617,-1.0111476179300634,SL,5.4347,2025-26,25.0
1770978476076,1,5008.145,-8.227,-1.0100675260896255,SL,18.860333333333333,2025-26,25.0
1770979732007,-1,4992.075,-7.99,-1.0082018927444796,SL,2.924383333333333,2025-26,25.0
1770980021017,-1,4992.015,17.015,2.1308703819661865,TP,5.388833333333333,2025-26,25.0
1770980507712,1,4984.452,15.548,1.6449428692340244,TP,14.0364,2025-26,25.0
1770981584840,1,5008.172,16.828,2.0592266275085658,TP,8.296,2025-26,25.0
1770982443265,-1,5016.425,-8.577,-1.0002332361516035,SL,59.893366666666665,2025-26,25.0
1770987355515,-1,5017.005,-8.05,-1.0068792995622264,SL,4.76615,2025-26,25.0
1770990858802,1,5033.045,-8.37,-1.0403977625854568,SL,65.66553333333333,2025-26,25.0
1770995019939,1,5033.035,-8.05,-1.0018668326073428,SL,30.320433333333334,2025-26,25.0
1770997238682,1,5032.955,-8.61,-1.082338152105594,SL,12.2349,2025-26,25.0
1770998350264,1,5033.225,16.775,2.0395136778115504,TP,3000.89335,2025-26,25.0
1771178409163,-1,5026.448,1.448,0.06148097826086957,TP,1.0840833333333333,2025-26,25.0
1771178525752,-1,5015.898,-9.354,-1.027686222808174,SL,1.03735,2025-26,25.0
1771178616237,-1,5015.098,-10.154,-1.0254494041607756,SL,6.446983333333334,2025-26,25.0
1771179418789,1,5033.455,-9.117,-1.0782968657599055,SL,0.4036166666666667,2025-26,25.0
1771181086757,-1,5016.685,-8.57,-1.0306674684305472,SL,90.85411666666667,2025-26,25.0
1771191309633,-1,5017.085,17.085,2.158559696778269,TP,10.030633333333334,2025-26,25.0
1771192264624,-1,4991.905,-8.377,-1.0348363187152563,SL,14.908533333333333,2025-26,25.0
1771193348700,-1,4991.815,16.815,2.0543677458766036,TP,60.941433333333336,2025-26,25.0
1771200196429,-1,4966.905,-8.457,-1.0447189623224213,SL,0.7409333333333333,2025-26,25.0
1771200353443,1,4982.935,17.065,2.15059861373661,TP,98.70315,2025-26,25.0
1771207224058,-1,4992.115,-8.107,-1.028154724159797,SL,33.0296,2025-26,25.0
1771210047119,1,5007.905,-7.94,-1.004427577482606,SL,26.4555,2025-26,25.0
1771212730115,1,5008.085,-8.14,-1.0068027210884354,SL,118.54156666666667,2025-26,25.0
1771224371301,1,5008.005,-8.25,-1.0306058713304185,SL,26.17325,2025-26,25.0
1771227338978,1,5007.895,-8.21,-1.0398986700443318,SL,16.7139,2025-26,25.0
1771231615787,-1,4992.118,-7.947,-1.0082466379091601,SL,30.2352,2025-26,25.0
1771239338108,1,4982.855,-8.26,-1.0515595162316995,SL,7.6554,2025-26,25.0
1771241121619,1,4983.065,16.935,2.0998140111593306,TP,419.02813333333336,2025-26,25.0
1771266778784,-1,4991.385,16.385,1.9019152640742891,TP,52.1226,2025-26,25.0
1771271535823,-1,4965.175,15.175,1.544529262086514,TP,1.0855333333333332,2025-26,25.0
1771271877202,-1,4941.945,16.945,2.1036623215394163,TP,5.346866666666667,2025-26,25.0
1771272222768,1,4933.245,16.755,2.0321406913280775,TP,7.64195,2025-26,25.0
1771273706907,1,4957.955,-7.96,-1.0006285355122564,SL,130.13793333333334,2025-26,25.0
1771284212136,1,4958.002,-8.094,-1.0114971257185703,SL,25.783216666666668,2025-26,25.0
1771286814757,-1,4941.795,16.795,2.0469226081657528,TP,8.701416666666667,2025-26,25.0
1771287491043,1,4908.022,-8.207,-1.0230615806532037,SL,0.50915,2025-26,25.0
1771287732366,-1,4888.955,-11.87,-1.0746944318696243,SL,0.81025,2025-26,25.0
1771287923591,-1,4891.945,-8.3,-1.0304158907510863,SL,0.97905,2025-26,25.0
1771288305268,-1,4890.015,15.015,1.5037556334501752,TP,0.2909,2025-26,25.0
1771288324293,-1,4865.848,-9.827,-1.0737543706293706,SL,0.29538333333333333,2025-26,25.0
1771288463406,1,4884.835,-10.337,-1.0510421962379257,SL,0.8741833333333333,2025-26,25.0
1771288896820,1,4884.915,-10.21,-1.0297528996469996,SL,6.7085333333333335,2025-26,25.0
1771289326806,1,4883.382,16.618,1.982581722739203,TP,30.685966666666666,2025-26,25.0
1771291599541,-1,4891.955,-8.817,-1.0959602237414543,SL,5.830683333333333,2025-26,25.0
1771292312493,1,4908.155,-8.27,-1.014101778050276,SL,9.1353,2025-26,25.0
1771292933406,1,4907.672,17.328,2.258602711157456,TP,76.07245,2025-26,25.0
1771299533943,-1,4916.975,-8.32,-1.036760124610592,SL,11.698966666666667,2025-26,25.0
1771302633212,-1,4916.575,-8.54,-1.0136498516320476,SL,21.591616666666667,2025-26,25.0
1771304029321,1,4933.145,-8.2,-1.0067526089625538,SL,6.1898,2025-26,25.0
1771305084344,1,4933.345,-8.46,-1.0137807070101856,SL,19.193483333333333,2025-26,25.0
1771307350808,-1,4916.955,-8.08,-1.0043505282784337,SL,20.094683333333332,2025-26,25.0
1771311660325,1,4933.255,-8.58,-1.0393700787401574,SL,64.74383333333333,2025-26,25.0
1771316150948,-1,4914.908,14.908,1.4772096710265556,TP,40.5845,2025-26,25.0
1771318646444,-1,4891.985,16.985,2.119151590767311,TP,1.0892333333333333,2025-26,25.0
1771318850969,-1,4866.945,16.945,2.1036623215394163,TP,0.6591,2025-26,25.0
1771318978436,1,4858.802,16.198,1.8402635764598956,TP,2.8682,2025-26,25.0
1771319873624,-1,4891.845,-8.39,-1.0288166768853464,SL,4.6627833333333335,2025-26,25.0
1771320811993,-1,4891.555,-8.63,-1.0219064535227946,SL,1.5159333333333334,2025-26,25.0
1771320973429,-1,4891.955,16.955,2.107520198881293,TP,3.7954,2025-26,25.0
1771321298729,1,4883.155,-8.207,-1.006376456161864,SL,2.2105,2025-26,25.0
1771321745319,-1,4867.088,-8.497,-1.073938321536906,SL,2.9876833333333335,2025-26,25.0
1771322010009,-1,4866.285,-8.84,-1.0143430866322432,SL,1.1471666666666667,2025-26,25.0
1771322304947,-1,4866.665,16.665,1.9994001199760048,TP,2.4259333333333335,2025-26,25.0
1771322469486,1,4858.305,16.695,2.0102347983142685,TP,21.382,2025-26,25.0
1771323943230,-1,4866.525,-8.76,-1.033628318584071,SL,22.581333333333333,2025-26,25.0
1771325342077,-1,4866.785,-8.78,-1.068776628119294,SL,8.601033333333334,2025-26,25.0
1771325934685,1,4883.015,-8.2,-1.023081721771678,SL,44.91941666666666,2025-26,25.0
1771329131956,1,4882.975,-8.087,-1.0140438871473354,SL,1.8785666666666667,2025-26,25.0
1771329602287,-1,4867.058,-7.997,-1.0069252077562327,SL,75.92463333333333,2025-26,25.0
1771334435997,1,4883.125,16.875,2.076923076923077,TP,35.66888333333333,2025-26,25.0
1771337993285,-1,4891.315,16.315,1.8785261945883707,TP,44.26316666666666,2025-26,25.0
1771342922559,1,4883.002,-8.457,-1.056860784803799,SL,25.37313333333333,2025-26,25.0
1771351521820,-1,4864.478,-10.717,-1.0185325983653297,SL,1.1479166666666667,2025-26,25.0
1771351903009,-1,4866.905,-8.38,-1.035206917850525,SL,1.9019166666666667,2025-26,25.0
1771352073856,1,4884.202,-10.834,-1.177352749402304,SL,3.672633333333333,2025-26,25.0
1771353004057,1,4883.255,-8.4,-1.0175651120533011,SL,1.29045,2025-26,25.0
1771353513300,-1,4867.008,-8.404,-1.0515515515515514,SL,5.3088,2025-26,25.0
1771354098440,-1,4866.775,-8.707,-1.0586018237082067,SL,44.81531666666667,2025-26,25.0
1771357966791,1,4883.795,-8.8,-1.000568504832291,SL,5.549033333333333,2025-26,25.0
1771358509686,1,4883.202,16.798,2.0480370641306997,TP,65.8255,2025-26,25.0
1771365601278,1,4907.975,17.025,2.134796238244514,TP,68.15255,2025-26,25.0
1771370923596,1,4932.935,-8.01,-1.00945179584121,SL,109.18528333333333,2025-26,25.0
1771387167677,-1,4916.905,-8.11,-1.0018529956763433,SL,84.33525,2025-26,25.0
1771401173444,1,4932.885,17.115,2.170577045022194,TP,7.669,2025-26,25.0
1771402043099,1,4959.275,-9.41,-1.01455525606469,SL,44.85071666666666,2025-26,25.0
1771405366743,1,4957.885,17.115,2.170577045022194,TP,29.637216666666667,2025-26,25.0
1771407419974,1,4983.015,16.985,2.119151590767311,TP,24.963066666666666,2025-26,25.0
1771409041463,1,5007.865,-7.88,-1.0019071837253655,SL,3.5498166666666666,2025-26,25.0
1771409797895,1,5007.735,-7.74,-1.0006464124111183,SL,14.744416666666666,2025-26,25.0
1771413763528,-1,4992.055,-7.99,-1.0056639395846445,SL,10.270266666666666,2025-26,25.0
1771415268809,1,5007.815,-7.85,-1.0044785668586051,SL,10.365333333333334,2025-26,25.0
1771421103158,-1,4991.458,16.458,1.926715055022243,TP,62.721333333333334,2025-26,25.0
1771425267403,1,4983.455,-11.807,-1.3964518036664695,SL,205.55668333333332,2025-26,25.0
1771438069316,-1,4966.198,-11.904,-1.352419904567144,SL,2.11415,2025-26,25.0
1771439113886,1,4983.292,-8.594,-1.0364206464061747,SL,29.705566666666666,2025-26,25.0
1771441307222,-1,4966.925,-8.69,-1.0761609907120744,SL,112.86793333333334,2025-26,25.0
1771449382657,-1,4966.945,-8.3,-1.0304158907510863,SL,74.54043333333334,2025-26,25.0
1771455094034,1,4983.115,16.885,2.0807147258163896,TP,144.91005,2025-26,25.0
1771464838640,1,5008.085,-8.307,-1.0274582560296845,SL,175.47566666666665,2025-26,25.0
1771477394921,-1,4990.938,15.938,1.7587728978150519,TP,207.4059,2025-26,25.0
1771489918999,1,4982.935,-8.33,-1.0497794580970385,SL,38.67415,2025-26,25.0
1771492664290,1,4982.962,-9.474,-1.1899020346646572,SL,12.284516666666667,2025-26,25.0
1771493659335,-1,4964.838,-10.287,-1.0123007282031096,SL,0.39366666666666666,2025-26,25.0
1771493928681,1,4982.922,17.078,2.155768745266347,TP,13.342933333333333,2025-26,25.0
1771494959227,1,5007.942,-8.027,-1.0107025938050869,SL,6.340166666666667,2025-26,25.0
1771495391557,1,5007.975,-8.077,-1.0127899686520376,SL,2.7441666666666666,2025-26,25.0
1771495725539,1,5007.902,-7.917,-1.0018982536066818,SL,2.67595,2025-26,25.0
1771496685038,1,5008.175,-8.347,-1.021039755351682,SL,52.41195,2025-26,25.0
1771500473964,-1,4992.195,-7.87,-1.00832799487508,SL,2.1194166666666665,2025-26,25.0
1771501317883,1,5008.005,-8.09,-1.0106183635227983,SL,6.798983333333333,2025-26,25.0
1771502282197,-1,4991.625,-8.47,-1.0113432835820895,SL,13.2699,2025-26,25.0
1771504251227,-1,4991.765,-8.25,-1.0018214936247722,SL,191.95238333333333,2025-26,25.0
1771518164318,-1,4992.135,-8.15,-1.0362364907819452,SL,27.401116666666667,2025-26,25.0
1771524499437,1,5008.522,-8.524,-1.0002346866932645,SL,4.78215,2025-26,25.0
1771527231016,-1,4991.695,-8.36,-1.0066225165562914,SL,58.476616666666665,2025-26,25.0
1771531201414,1,5007.935,-8.18,-1.0308758664146187,SL,25.3337,2025-26,25.0
1771535154738,1,5007.935,-8.07,-1.0170132325141776,SL,4.66295,2025-26,25.0
1771538730072,-1,4990.645,-9.36,-1.0005344735435595,SL,95.35008333333333,2025-26,25.0
1771548605436,1,5007.925,17.075,2.1545741324921135,TP,35.4383,2025-26,25.0
1771552967179,-1,5016.755,-8.67,-1.0515463917525774,SL,4.4793666666666665,2025-26,25.0
1771554040198,-1,5016.995,-8.22,-1.0268582136164897,SL,77.28958333333334,2025-26,25.0
1771560274661,1,5032.975,-8.307,-1.0416300940438872,SL,58.3829,2025-26,25.0
1771565603232,1,5033.035,-8.35,-1.0392034847542004,SL,67.2732,2025-26,25.0
1771570083189,-1,5016.965,-8.147,-1.0139390168014935,SL,56.28888333333333,2025-26,25.0
1771577115380,1,5032.925,17.075,2.1545741324921135,TP,46.788183333333336,2025-26,25.0
1771580246523,-1,5041.895,-8.14,-1.0043183220234424,SL,1.2354833333333333,2025-26,25.0
1771580710273,1,5058.225,-8.3,-1.0091185410334347,SL,11.774966666666666,2025-26,25.0
1771581601084,1,5058.902,-8.997,-1.010671759155246,SL,0.5092166666666667,2025-26,25.0
1771581674006,1,5058.915,-8.95,-1.0039259674705552,SL,1.5141666666666667,2025-26,25.0
1771581769460,-1,5041.955,16.955,2.107520198881293,TP,0.51215,2025-26,25.0
1771581836736,-1,5016.1,-9.435,-1.0601123595505617,SL,0.15165,2025-26,25.0
1771581958601,-1,5016.155,16.155,1.826455624646693,TP,0.3531,2025-26,25.0
1771582076568,1,5008.292,16.708,2.014954172696575,TP,0.5878666666666666,2025-26,25.0
1771582221045,-1,5016.685,-8.627,-1.03752254960914,SL,2.79965,2025-26,25.0
1771582479251,-1,5016.698,-8.407,-1.0126475548060707,SL,0.4802166666666667,2025-26,25.0
1771582560606,1,5033.165,-8.45,-1.0349050826699326,SL,0.3650833333333333,2025-26,25.0
1771582640271,1,5033.295,-8.32,-1.0030138637733574,SL,7.4671,2025-26,25.0
1771583264679,-1,5015.895,-9.257,-1.0166941241076333,SL,1.8931666666666667,2025-26,25.0
1771583581122,-1,5016.505,-9.29,-1.0935844614479104,SL,1.5979,2025-26,25.0
1771583857296,1,5033.135,16.865,2.073140749846343,TP,9.61115,2025-26,25.0
1771584645490,-1,5042.075,-7.96,-1.004416403785489,SL,15.4782,2025-26,25.0
1771587030693,1,5058.942,16.058,1.7957951241333034,TP,81.6748,2025-26,25.0
1771592905661,-1,5067.055,-8.077,-1.0166142227816237,SL,30.49115,2025-26,25.0
1771595000915,-1,5066.985,-8.24,-1.0280723643169059,SL,19.849783333333335,2025-26,25.0
1771600747493,1,5082.855,17.145,2.1826861871419476,TP,84.5036,2025-26,25.0
1771606612697,1,5108.252,-8.724,-1.0571982549684924,SL,2943.16665,2025-26,25.0
1771783209466,1,5110.132,14.868,1.4674299249901304,TP,6.321766666666667,2025-26,25.0
1771783688058,1,5133.302,16.698,2.0113225728740063,TP,19.92035,2025-26,25.0
1771785846862,1,5158.105,-8.41,-1.0376310919185687,SL,16.650983333333333,2025-26,25.0
1771786872378,-1,5141.465,-8.547,-1.0014059753954305,SL,0.5814,2025-26,25.0
1771787130137,-1,5140.765,-9.317,-1.0088792636708175,SL,4.206883333333334,2025-26,25.0
1771787480407,-1,5141.765,-8.26,-1.0030358227079539,SL,18.3522,2025-26,25.0
1771788614635,1,5158.222,-8.237,-1.0018243736317198,SL,3.0285,2025-26,25.0
1771789107671,-1,5141.985,-8.14,-1.0155957579538366,SL,1.75485,2025-26,25.0
1771789299729,-1,5141.585,-8.506,-1.0108140225787285,SL,22.00505,2025-26,25.0
1771790979469,1,5157.985,-8.63,-1.0807764558547277,SL,1.0009333333333332,2025-26,25.0
1771791677285,1,5158.195,16.805,2.050640634533252,TP,80.89236666666666,2025-26,25.0
1771797020058,-1,5166.945,-8.107,-1.006455617628802,SL,9.9197,2025-26,25.0
1771798159935,-1,5166.438,16.438,1.919878533053025,TP,212.40065,2025-26,25.0
1771812028887,-1,5142.075,-7.97,-1.0056782334384857,SL,1.4929833333333333,2025-26,25.0
1771813217355,-1,5142.058,17.058,2.147821707378494,TP,69.53215,2025-26,25.0
1771817592614,1,5132.855,-8.01,-1.01973265436028,SL,7.670583333333333,2025-26,25.0
1771824626235,1,5157.875,-7.91,-1.0044444444444445,SL,0.40286666666666665,2025-26,25.0
1771825862304,1,5157.962,-7.977,-1.0018839487565938,SL,25.157633333333333,2025-26,25.0
1771832383934,1,5157.865,-7.967,-1.0129688493324858,SL,43.78616666666667,2025-26,25.0
1771837226522,-1,5142.065,-8.24,-1.0384373030875866,SL,4.49435,2025-26,25.0
1771838100397,1,5157.975,17.025,2.134796238244514,TP,21.524366666666666,2025-26,25.0
1771840528886,-1,5192.065,-7.997,-1.0078134845620668,SL,1.0284833333333334,2025-26,25.0
1771840720346,-1,5192.085,-8.22,-1.038534428300695,SL,17.890616666666666,2025-26,25.0
1771842231670,-1,5191.895,-8.17,-1.0080197409006786,SL,2.881066666666667,2025-26,25.0
1771842876316,-1,5191.975,-8.2,-1.0218068535825544,SL,5.2756,2025-26,25.0
1771844177644,-1,5191.995,-8.13,-1.0156152404747034,SL,2.640233333333333,2025-26,25.0
1771845398267,1,5207.895,-8.11,-1.0272324255858138,SL,57.66518333333333,2025-26,25.0
1771848926036,1,5207.985,-8.1,-1.0144020037570445,SL,20.93415,2025-26,25.0
1771850282490,-1,5192.068,-8.187,-1.0321482602118004,SL,2.6105666666666667,2025-26,25.0
1771851180479,1,5207.945,17.055,2.146633102580239,TP,151.84276666666668,2025-26,25.0
1771861959413,1,5232.912,-11.177,-1.412664307381193,SL,127.36398333333334,2025-26,25.0
1771869664758,1,5234.302,-12.134,-1.304450655772952,SL,60.48146666666667,2025-26,25.0
1771873634029,1,5233.085,-8.61,-1.0649350649350648,SL,1.9621333333333333,2025-26,25.0
1771874220717,1,5233.265,-8.33,-1.0078644888082275,SL,11.624366666666667,2025-26,25.0
1771875408101,1,5232.975,-8.12,-1.018181818181818,SL,1.45755,2025-26,25.0
1771876803314,-1,5215.378,15.378,1.5982124298482645,TP,7.11655,2025-26,25.0
1771877392313,1,5208.095,-8.447,-1.0434836318715257,SL,1.5746,2025-26,25.0
1771877563783,-1,5191.538,16.538,1.9543843063105648,TP,2.5478,2025-26,25.0
1771877831905,1,5158.322,-8.814,-1.0591204037490989,SL,7.58805,2025-26,25.0
1771878388421,1,5157.962,17.038,2.1399145943230344,TP,11.116166666666667,2025-26,25.0
1771879114421,-1,5166.845,-8.18,-1.003065603923973,SL,4.32945,2025-26,25.0
1771880010519,-1,5167.048,-8.027,-1.0094315895372235,SL,5.976683333333333,2025-26,25.0
1771880942777,-1,5166.898,-8.137,-1.0043199210071587,SL,1.06915,2025-26,25.0
1771882436749,1,5183.062,-8.487,-1.05271644753163,SL,74.96781666666666,2025-26,25.0
1771887679971,-1,5167.045,-8.01,-1.006913890634821,SL,22.040816666666668,2025-26,25.0
1771889585079,-1,5166.865,-8.137,-1.0002458512599877,SL,40.22335,2025-26,25.0
1771892968322,-1,5167.065,-8.3,-1.0459987397605546,SL,6.003033333333334,2025-26,25.0
1771894595161,1,5182.832,-8.027,-1.0248978549540346,SL,28.76785,2025-26,25.0
1771896581096,-1,5166.785,-8.69,-1.0578210590383446,SL,29.411733333333334,2025-26,25.0
1771898757745,-1,5166.715,-8.39,-1.0126735063367531,SL,9.9443,2025-26,25.0
1771900163833,1,5182.925,-7.94,-1.0018927444794952,SL,2.6348,2025-26,25.0
1771900562911,1,5182.975,-7.99,-1.0018808777429467,SL,25.594866666666668,2025-26,25.0
1771903109882,-1,5167.115,-7.95,-1.0082435003170578,SL,9.7899,2025-26,25.0
1771907731771,-1,5166.988,-8.267,-1.031827259111333,SL,27.15055,2025-26,25.0
1771911202465,-1,5167.095,-7.91,-1.0006325110689438,SL,27.330233333333332,2025-26,25.0
1771917089275,-1,5166.865,16.865,2.073140749846343,TP,7.765066666666667,2025-26,25.0
1771917698268,1,5157.875,-8.22,-1.0438095238095237,SL,33.01648333333333,2025-26,25.0
1771920031737,1,5157.935,-8.13,-1.0245746691871456,SL,30.399583333333332,2025-26,25.0
1771922382173,-1,5141.985,16.985,2.119151590767311,TP,10.617983333333333,2025-26,25.0
1771923183849,1,5132.935,-8.077,-1.0178954001260239,SL,4.234416666666666,2025-26,25.0
1771923565840,-1,5115.605,-9.4,-1.0005321979776476,SL,2.6227666666666667,2025-26,25.0
1771924243942,-1,5116.778,16.778,2.0406227195329603,TP,2.8766,2025-26,25.0
1771924523555,1,5108.265,16.735,2.0248033877797944,TP,21.144066666666667,2025-26,25.0
1771925933193,1,5133.135,-13.52,-1.6619545175169024,SL,21.1283,2025-26,25.0
1771927552513,1,5132.925,17.075,2.1545741324921135,TP,39.17265,2025-26,25.0
1771931295545,-1,5141.855,-8.2,-1.0067526089625538,SL,7.099766666666667,2025-26,25.0
1771932139909,-1,5142.105,-7.93,-1.0044331855604813,SL,18.2219,2025-26,25.0
1771933531007,-1,5142.125,-7.917,-1.0053333333333334,SL,19.421366666666668,2025-26,25.0
1771935120693,1,5157.875,-8.21,-1.0425396825396824,SL,118.01706666666666,2025-26,25.0
1771942552771,1,5157.985,-8.02,-1.0043832185347528,SL,3.6096166666666667,2025-26,25.0
1771946431684,1,5158.095,-8.33,-1.029030265596047,SL,71.73133333333334,2025-26,25.0
1771951837598,-1,5141.845,-8.357,-1.024770079705702,SL,113.7465,2025-26,25.0
1771959840409,-1,5141.665,-8.35,-1.0017996400719855,SL,27.162333333333333,2025-26,25.0
1771962411136,-1,5141.915,-8.17,-1.010513296227582,SL,9.685883333333333,2025-26,25.0
1771963384673,1,5158.235,16.765,2.0358227079538556,TP,11.196933333333334,2025-26,25.0
1771964341641,1,5184.285,-9.4,-1.0123855681206246,SL,40.273133333333334,2025-26,25.0
1771966870173,1,5182.962,-8.807,-1.1061291132881186,SL,49.86626666666667,2025-26,25.0
1771970275512,1,5182.975,-7.99,-1.0018808777429467,SL,70.72075,2025-26,25.0
1771974979858,1,5182.925,17.075,2.1545741324921135,TP,86.94961666666667,2025-26,25.0
1771981557767,-1,5192.048,17.048,2.143863179074447,TP,254.77435,2025-26,25.0
1771999841041,-1,5166.958,-8.127,-1.0105695100721213,SL,35.339483333333334,2025-26,25.0
1772002763370,1,5183.035,-8.17,-1.0168014934660858,SL,149.35723333333334,2025-26,25.0
1772012141151,-1,5167.095,-7.947,-1.0053130929791272,SL,8.602933333333333,2025-26,25.0
1772013092314,1,5182.672,17.328,2.258602711157456,TP,13.163816666666667,2025-26,25.0
1772014260679,-1,5191.648,16.648,1.9932950191570882,TP,17.283633333333334,2025-26,25.0
1772015658814,1,5182.985,17.015,2.1308703819661865,TP,46.71115,2025-26,25.0
1772019870514,1,5207.945,-8.1,-1.0195091252359976,SL,140.71073333333334,2025-26,25.0
1772028621611,-1,5191.665,-8.43,-1.0113977204559088,SL,2.43015,2025-26,25.0
1772028888039,1,5208.089,-8.096,-1.0008653727283965,SL,3.607483333333333,2025-26,25.0
1772030960626,1,5208.155,-8.22,-1.0079705702023298,SL,13.025566666666666,2025-26,25.0
1772032514449,-1,5191.835,16.835,2.061849357011635,TP,30.336533333333332,2025-26,25.0
1772035072358,-1,5165.975,15.975,1.7700831024930748,TP,0.4717,2025-26,25.0
1772035218884,1,5157.935,17.065,2.15059861373661,TP,122.71246666666667,2025-26,25.0
1772043204509,-1,5166.865,-8.18,-1.0055316533497234,SL,5.6097,2025-26,25.0
1772043971832,-1,5166.785,-8.43,-1.026171637248935,SL,18.897166666666667,2025-26,25.0
1772045341583,-1,5166.975,-8.05,-1.0031152647975077,SL,29.4163,2025-26,25.0
1772047469883,1,5183.105,-8.15,-1.0055521283158544,SL,132.01428333333334,2025-26,25.0
1772055475802,1,5182.935,-8.1,-1.0207939508506616,SL,2.64835,2025-26,25.0
1772055941955,1,5183.225,16.775,2.0395136778115504,TP,150.20761666666667,2025-26,25.0
1772066885216,-1,5192.048,-8.117,-1.0207494969818913,SL,18.771616666666667,2025-26,25.0
1772079164975,1,5182.952,-7.987,-1.0044014084507042,SL,10.484416666666666,2025-26,25.0
1772080309519,1,5182.865,-7.89,-1.003178639542276,SL,60.46925,2025-26,25.0
1772085486887,-1,5166.138,-9.007,-1.016361995034981,SL,4.11935,2025-26,25.0
1772088702932,-1,5167.065,-8.01,-1.00945179584121,SL,31.203216666666666,2025-26,25.0
1772091217028,1,5182.922,-7.927,-1.0006311537490533,SL,31.32335,2025-26,25.0
1772094639414,-1,5167.085,-8.38,-1.0587492103600757,SL,1.6883333333333332,2025-26,25.0
1772095454895,-1,5166.995,16.995,2.1230480949406623,TP,46.426066666666664,2025-26,25.0
1772098308118,1,5158.085,-9.05,-1.119356833642548,SL,0.5848833333333333,2025-26,25.0
1772098458129,1,5157.832,17.168,2.192032686414709,TP,12.34,2025-26,25.0
1772099238498,-1,5166.985,16.985,2.119151590767311,TP,40.31228333333333,2025-26,25.0
1772102137899,1,5158.075,16.925,2.0959752321981426,TP,7.622483333333333,2025-26,25.0
1772102871148,1,5183.095,-8.1,-1.0006176652254477,SL,23.914883333333332,2025-26,25.0
1772104655636,1,5183.225,-8.23,-1.0006079027355623,SL,70.5534,2025-26,25.0
1772110157862,-1,5166.008,-9.027,-1.0038923487544484,SL,26.463716666666667,2025-26,25.0
1772112881336,-1,5167.055,-7.98,-1.0044052863436124,SL,4.731816666666667,2025-26,25.0
1772113424173,1,5183.002,16.998,2.124218945263684,TP,122.05598333333333,2025-26,25.0
1772121197680,-1,5192.075,-7.987,-1.0078233438485804,SL,7.212933333333333,2025-26,25.0
1772123000237,-1,5192.085,17.085,2.158559696778269,TP,192.89715,2025-26,25.0
1772136455176,-1,5166.708,-8.317,-1.0030149541726965,SL,2.3366166666666666,2025-26,25.0
1772138004231,1,5182.995,-8.03,-1.0043777360850532,SL,65.21363333333333,2025-26,25.0
1772142361430,1,5183.102,-8.217,-1.0141940261663787,SL,5.1155,2025-26,25.0
1772143040196,1,5182.962,17.038,2.1399145943230344,TP,181.27808333333334,2025-26,25.0
1772156098440,-1,5192.015,17.015,2.1308703819661865,TP,109.59696666666666,2025-26,25.0
1772167529310,1,5183.155,-8.357,-1.024770079705702,SL,2.9568,2025-26,25.0
1772175286703,1,5183.025,16.975,2.115264797507788,TP,72.6666,2025-26,25.0
1772180619561,1,5232.922,-8.287,-1.0460742236808886,SL,6.998083333333334,2025-26,25.0
1772181347658,-1,5217.045,-8.14,-1.0232558139534884,SL,23.256833333333333,2025-26,25.0
1772183385589,-1,5217.098,-7.907,-1.0006327512022273,SL,1.3356666666666666,2025-26,25.0
1772184061959,1,5233.205,-8.37,-1.0201096892138939,SL,7.76635,2025-26,25.0
1772184567198,1,5232.995,-8.44,-1.0556597873671045,SL,2.2971666666666666,2025-26,25.0
1772184773122,1,5233.015,-8.047,-1.003992514036182,SL,1.4520166666666667,2025-26,25.0
1772185276744,-1,5216.325,-8.71,-1.004034582132565,SL,2.8233,2025-26,25.0
1772185627860,-1,5217.075,-8.08,-1.019558359621451,SL,1.4871,2025-26,25.0
1772186873653,1,5233.125,-8.14,-1.0018461538461538,SL,10.64275,2025-26,25.0
1772187731969,-1,5217.075,-8.11,-1.0233438485804416,SL,4.47535,2025-26,25.0
1772188200790,1,5233.085,16.915,2.0921459492888066,TP,41.23631666666667,2025-26,25.0
1772190927161,1,5258.245,-8.32,-1.0090964220739842,SL,4.51085,2025-26,25.0
1772191294571,-1,5241.915,16.915,2.0921459492888066,TP,2.738383333333333,2025-26,25.0
1772191544359,1,5232.952,-8.184,-1.029175050301811,SL,55.01155,2025-26,25.0
1772196048858,1,5232.985,-8.03,-1.0056355666875392,SL,45.06871666666667,2025-26,25.0
1772198975406,1,5232.925,17.075,2.1545741324921135,TP,34.231833333333334,2025-26,25.0
1772201465809,-1,5242.065,-7.957,-1.0027725267800882,SL,6.684233333333333,2025-26,25.0
1772205713235,1,5257.852,17.148,2.183902190524707,TP,79.01781666666666,2025-26,25.0
1772388015012,1,5379.702,-79.702,-0.761227101679051,TP,0.0016833333333333333,2025-26,25.0
1772388026667,-1,5360.458,10.458,0.7191583000962729,TP,0.14113333333333333,2025-26,25.0
1772388039166,1,5363.842,-21.204,-1.5318595578673602,SL,0.047,2025-26,25.0
1772388046432,-1,5340.92,15.92,1.7533039647577093,TP,0.18335,2025-26,25.0
1772388112554,-1,5313.848,-15.374,-1.3785868005738882,SL,0.1161,2025-26,25.0
1772388166125,1,5339.882,-16.424,-1.103615105496573,SL,0.015366666666666667,2025-26,25.0
1772388326530,1,5377.867,-38.269,-1.3732730469731222,SL,1.3169833333333334,2025-26,25.0
1772388413016,1,5361.604,-13.006,-1.120820406756291,SL,0.0412,2025-26,25.0
1772388423561,-1,5339.898,-13.714,-1.3575529598099387,SL,0.00085,2025-26,25.0
1772388557952,1,5362.562,-13.414,-1.067823594968954,SL,0.21495,2025-26,25.0
1772388705283,-1,5341.205,-8.93,-1.015349630471859,SL,0.8774,2025-26,25.0
1772388809966,1,5358.852,-8.854,-1.000225937641211,SL,0.6634833333333333,2025-26,25.0
1772389131256,1,5358.691,-9.536,-1.0972270164538027,SL,0.9066833333333333,2025-26,25.0
1772389849162,1,5358.555,16.445,1.9222676797194622,TP,7.182416666666667,2025-26,25.0
1772390496092,1,5383.755,-8.797,-1.004797258709309,SL,4.055766666666667,2025-26,25.0
1772390768583,1,5383.385,-8.53,-1.0172927847346451,SL,15.566233333333333,2025-26,25.0
1772391756674,-1,5366.885,-8.26,-1.0178681454097351,SL,0.54465,2025-26,25.0
1772392152030,-1,5366.815,-8.44,-1.0311545510079414,SL,2.1742666666666666,2025-26,25.0
1772392585420,-1,5366.805,16.805,2.050640634533252,TP,36.6291,2025-26,25.0
1772394921671,-1,5340.375,-9.65,-1.0025974025974025,SL,1.18445,2025-26,25.0
1772395200786,-1,5341.638,16.638,1.9897153790959101,TP,1.45995,2025-26,25.0
1772395300149,1,5333.605,-9.15,-1.063335270191749,SL,0.44863333333333333,2025-26,25.0
1772395431066,-1,5314.765,-10.246,-1.0010747435271128,SL,0.29623333333333335,2025-26,25.0
1772395487009,1,5333.402,-8.697,-1.035110687931445,SL,0.23798333333333332,2025-26,25.0
1772395514807,1,5333.632,-8.777,-1.0167979610750695,SL,1.9165333333333334,2025-26,25.0
1772395805686,1,5333.202,-9.217,-1.1237503048037065,SL,14.183283333333334,2025-26,25.0
1772396850939,-1,5316.875,-8.32,-1.024,SL,0.31851666666666667,2025-26,25.0
1772396962766,-1,5316.625,-8.41,-1.004179104477612,SL,4.442433333333334,2025-26,25.0
1772397518506,1,5333.515,-8.98,-1.0546095126247799,SL,19.663166666666665,2025-26,25.0
1772399204238,-1,5316.915,-8.22,-1.0166975881261595,SL,1.1507333333333334,2025-26,25.0
1772399524910,1,5333.202,-8.304,-1.0124359912216532,SL,2.264,2025-26,25.0
1772402036265,-1,5342.005,-8.27,-1.034396497811132,SL,7.39435,2025-26,25.0
1772403149755,1,5357.935,-7.94,-1.0006301197227474,SL,1.2729333333333333,2025-26,25.0
1772403582823,1,5358.155,-8.34,-1.0226854690374003,SL,77.87891666666667,2025-26,25.0
1772409243256,1,5358.205,-8.35,-1.0176721511273614,SL,8.820383333333334,2025-26,25.0
1772410608085,-1,5341.555,-8.73,-1.0337477797513321,SL,3.2119666666666666,2025-26,25.0
1772411674756,1,5358.165,16.835,2.061849357011635,TP,32.45166666666667,2025-26,25.0
1772415084756,1,5382.882,-8.017,-1.0171276325805634,SL,1.0103666666666666,2025-26,25.0
1772416082155,1,5382.965,17.035,2.138731952291274,TP,19.894733333333335,2025-26,25.0
1772417305805,-1,5391.765,-8.53,-1.0358227079538556,SL,1.2373,2025-26,25.0
1772417729177,1,5408.012,-8.027,-1.0018721917124314,SL,88.19843333333333,2025-26,25.0
1772423264420,1,5407.885,-8.14,-1.0323398858592263,SL,5.838983333333333,2025-26,25.0
1772423983105,-1,5392.015,-8.087,-1.012773951158422,SL,9.8759,2025-26,25.0
1772424691014,-1,5391.335,-10.007,-1.154875937680323,SL,20.43605,2025-26,25.0
1772426758568,-1,5392.058,-8.087,-1.0182573659027954,SL,58.70761666666667,2025-26,25.0
1772430639963,-1,5392.098,-7.944,-1.0053151100987092,SL,45.6517,2025-26,25.0
1772433848456,-1,5391.965,-8.04,-1.000622277535781,SL,79.51316666666666,2025-26,25.0
1772438764191,1,5408.435,-8.46,-1.002963841138115,SL,2.2347333333333332,2025-26,25.0
1772439106512,-1,5392.015,-7.996,-1.0013775829680651,SL,11.274416666666667,2025-26,25.0
1772439837384,1,5407.922,-7.977,-1.006942691239586,SL,3.3998333333333335,2025-26,25.0
1772440239062,1,5407.955,-8.02,-1.0081709616593337,SL,4.597566666666666,2025-26,25.0
1772440909089,1,5408.062,-8.147,-1.010543289506326,SL,1.28485,2025-26,25.0
1772441092381,-1,5391.965,16.965,2.1113876789047916,TP,25.095216666666666,2025-26,25.0
1772443057215,-1,5366.065,16.065,1.7979854504756576,TP,4.856166666666667,2025-26,25.0
1772443549159,-1,5341.975,16.975,2.115264797507788,TP,0.29428333333333334,2025-26,25.0
1772443570950,-1,5316.325,-9.11,-1.0501440922190202,SL,1.2173333333333334,2025-26,25.0
1772443661666,-1,5316.215,-8.95,-1.0187820147979512,SL,0.2732,2025-26,25.0
1772443730866,1,5333.832,-9.587,-1.0854846014492754,SL,2.47965,2025-26,25.0
1772443964359,1,5333.175,-8.207,-1.003914373088685,SL,0.20818333333333333,2025-26,25.0
1772443991943,-1,5316.755,-8.687,-1.0536082474226804,SL,2.2869,2025-26,25.0
1772444193117,1,5333.242,16.758,2.033244358165494,TP,3.0807333333333333,2025-26,25.0
1772444754950,-1,5341.845,16.845,2.065603923973023,TP,6.566183333333333,2025-26,25.0
1772445176324,1,5333.415,-8.877,-1.0549019607843138,SL,7.576933333333334,2025-26,25.0
1772445742479,1,5333.115,-8.16,-1.0055452865064696,SL,0.1418,2025-26,25.0
1772445974482,-1,5316.688,-8.347,-1.004210779595765,SL,0.8877833333333334,2025-26,25.0
1772446051041,1,5334.015,-9.18,-1.0183028286189684,SL,5.928483333333333,2025-26,25.0
1772446479360,1,5333.535,-8.6,-1.0076157000585824,SL,2.7082333333333333,2025-26,25.0
1772446990968,1,5333.095,-8.21,-1.0142063001852997,SL,33.32345,2025-26,25.0
1772449034862,-1,5316.805,16.805,2.050640634533252,TP,3.13175,2025-26,25.0
1772449331867,-1,5266.805,-8.21,-1.00183038438072,SL,1.60755,2025-26,25.0
1772449532625,1,5283.182,16.818,2.0554876558298703,TP,7.966866666666666,2025-26,25.0
1772450259699,-1,5290.805,-9.31,-1.0125067971723762,SL,6.174483333333334,2025-26,25.0
1772450751772,1,5308.285,-8.43,-1.0175015087507544,SL,7.81815,2025-26,25.0
1772451335094,-1,5291.998,-8.137,-1.0168707823044238,SL,3.124833333333333,2025-26,25.0
1772451621360,1,5308.365,-8.45,-1.0101613867304244,SL,2.74065,2025-26,25.0
1772452324398,-1,5291.985,-8.277,-1.0326887086712415,SL,3.6372166666666668,2025-26,25.0
1772452703965,-1,5291.905,-8.37,-1.0339715873996294,SL,6.322266666666667,2025-26,25.0
1772453207018,1,5308.795,-9.36,-1.0642410460488914,SL,4.351833333333333,2025-26,25.0
1772453912414,-1,5291.855,-9.21,-1.130755064456722,SL,2.0467833333333334,2025-26,25.0
1772454347756,1,5307.925,-8.06,-1.0170347003154574,SL,26.003066666666665,2025-26,25.0
1772456280149,1,5307.925,-7.98,-1.0069400630914827,SL,4.577166666666667,2025-26,25.0
1772456976303,-1,5292.258,-8.277,-1.0691035908034099,SL,6.4042666666666666,2025-26,25.0
1772458651218,-1,5292.015,-8.13,-1.018159048215404,SL,6.30375,2025-26,25.0
1772459249839,1,5308.282,16.718,2.0185945423810674,TP,16.9854,2025-26,25.0
1772460743809,1,5333.135,-8.29,-1.0190534726490472,SL,4.237716666666667,2025-26,25.0
1772461714054,1,5332.865,-8.17,-1.0387794024157662,SL,15.969716666666667,2025-26,25.0
1772463618202,1,5332.895,-8.68,-1.0994300189993667,SL,106.61075,2025-26,25.0
1772474427846,1,5333.702,16.298,1.872902780969892,TP,76.52828333333333,2025-26,25.0
1772480632443,1,5358.265,-8.34,-1.0090744101633393,SL,4.5297833333333335,2025-26,25.0
1772481651583,1,5358.565,16.435,1.918855808523059,TP,20.167783333333333,2025-26,25.0
1772484164572,-1,5366.945,16.945,2.1036623215394163,TP,4.83795,2025-26,25.0
1772484681916,1,5358.052,-8.067,-1.0018628912071534,SL,3.8464,2025-26,25.0
1772485021873,-1,5341.915,-8.21,-1.015460729746444,SL,1.4015666666666666,2025-26,25.0
1772485560870,-1,5341.458,-8.637,-1.0111215172090846,SL,1.3337833333333333,2025-26,25.0
1772486838041,1,5358.085,16.915,2.0921459492888066,TP,120.47836666666667,2025-26,25.0
1772494743307,-1,5366.995,16.995,2.1230480949406623,TP,52.76773333333333,2025-26,25.0
1772498054845,-1,5341.945,-8.13,-1.0093109869646182,SL,0.42655,2025-26,25.0
1772499241304,-1,5314.285,14.285,1.333177788147457,TP,18.38155,2025-26,25.0
1772500417139,-1,5291.688,-8.527,-1.0258662175168431,SL,3.1701333333333332,2025-26,25.0
1772500813602,1,5308.175,-8.19,-1.001834862385321,SL,18.13515,2025-26,25.0
1772502000209,1,5308.595,-8.65,-1.0063990692262943,SL,10.8495,2025-26,25.0
1772502742175,-1,5291.585,-9.03,-1.0730837789661318,SL,0.8138,2025-26,25.0
1772503038106,1,5308.275,16.725,2.0211480362537766,TP,42.27725,2025-26,25.0
1772506982329,1,5333.215,-8.29,-1.0091296409007913,SL,4.713516666666667,2025-26,25.0
1772507766924,-1,5317.055,-8.49,-1.0685966016362491,SL,1.21765,2025-26,25.0
1772508219067,-1,5316.678,16.678,2.004085556356645,TP,16.387283333333333,2025-26,25.0
1772509413444,1,5307.965,-8.17,-1.0257376020087885,SL,10.869983333333334,2025-26,25.0
1772510146510,-1,5291.715,-8.446,-1.019432709716355,SL,1.3288,2025-26,25.0
1772510351232,-1,5292.025,-7.98,-1.0006269592476489,SL,1.2611666666666668,2025-26,25.0
1772510690185,-1,5291.105,-9.077,-1.020460933108488,SL,6.25805,2025-26,25.0
1772511790516,-1,5292.035,17.035,2.138731952291274,TP,2.1228833333333332,2025-26,25.0
1772511925972,-1,5264.863,14.863,1.4662128834961035,TP,0.24268333333333333,2025-26,25.0
1772512023674,-1,5241.705,-8.32,-1.0030138637733574,SL,3.711116666666667,2025-26,25.0
1772512276624,1,5258.975,16.025,1.7855153203342617,TP,21.149633333333334,2025-26,25.0
1772514218494,1,5283.145,-8.68,-1.065684468999386,SL,3.8109333333333333,2025-26,25.0
1772515034576,-1,5266.068,-9.467,-1.0598969995521719,SL,3.9305833333333333,2025-26,25.0
1772515989290,-1,5267.025,17.025,2.134796238244514,TP,6.17415,2025-26,25.0
1772516413070,1,5258.325,-8.59,-1.0318318318318318,SL,8.823733333333333,2025-26,25.0
1772517205208,-1,5241.675,-8.34,-1.0018018018018018,SL,0.71915,2025-26,25.0
1772517274934,-1,5241.325,-8.82,-1.0167146974063401,SL,0.6355833333333333,2025-26,25.0
1772517540337,-1,5241.865,-8.297,-1.0199139520590044,SL,0.8472333333333333,2025-26,25.0
1772517673258,1,5257.982,-7.987,-1.0006264094211976,SL,3.7721666666666667,2025-26,25.0
1772517978453,-1,5241.615,16.615,1.981514609421586,TP,1.3917833333333334,2025-26,25.0
1772518136582,-1,5189.135,14.135,1.300966405890474,TP,0.46858333333333335,2025-26,25.0
1772518180864,-1,5166.895,-8.82,-1.0882171499074644,SL,0.04083333333333333,2025-26,25.0
1772518184936,-1,5164.975,-11.56,-1.1531172069825437,SL,0.41595,2025-26,25.0
1772518223178,1,5183.562,16.438,1.919878533053025,TP,1.8127333333333333,2025-26,25.0
1772518372643,1,5208.792,-9.014,-1.0252502274795268,SL,0.6866833333333333,2025-26,25.0
1772518479970,-1,5191.335,-8.88,-1.0248124639353722,SL,0.3292833333333333,2025-26,25.0
1772518527288,-1,5191.525,-8.88,-1.047787610619469,SL,1.2586,2025-26,25.0
1772518838549,-1,5191.075,-9.136,-1.023641456582633,SL,0.82175,2025-26,25.0
1772519000011,1,5208.282,-8.467,-1.02233759961362,SL,0.5031333333333333,2025-26,25.0
1772519077450,-1,5191.665,16.665,1.9994001199760048,TP,2.88345,2025-26,25.0
1772519273330,-1,5166.135,16.135,1.820078962210942,TP,1.3764166666666666,2025-26,25.0
1772519386559,-1,5112.955,-12.07,-1.0020755500207554,SL,0.0194,2025-26,25.0
1772519398464,1,5133.622,-9.904,-1.1486893992113199,SL,0.012666666666666666,2025-26,25.0
1772519405570,1,5135.361,-11.096,-1.0709390985426117,SL,0.46778333333333333,2025-26,25.0
1772519455913,-1,5115.998,-9.664,-1.0735392135081092,SL,0.03141666666666667,2025-26,25.0
1772519476156,-1,5116.625,16.625,1.9850746268656716,TP,0.33923333333333333,2025-26,25.0
1772519503969,1,5109.585,-11.07,-1.1549295774647887,SL,0.22943333333333332,2025-26,25.0
1772519524075,-1,5090.715,-9.457,-1.0185245018847604,SL,0.07766666666666666,2025-26,25.0
1772519538668,-1,5091.138,16.138,1.8210336267208305,TP,1.2067666666666668,2025-26,25.0
1772519614467,1,5084.825,15.175,1.544529262086514,TP,0.7775,2025-26,25.0
1772519680317,1,5108.632,16.368,1.8962001853568118,TP,1.0643166666666666,2025-26,25.0
1772519761264,1,5133.962,-9.197,-1.0262218254853828,SL,0.14318333333333333,2025-26,25.0
1772519778294,-1,5116.225,-8.78,-1.0005698005698005,SL,0.37433333333333335,2025-26,25.0
1772519807813,-1,5115.048,-10.177,-1.0226085209003215,SL,0.10341666666666667,2025-26,25.0
1772519849412,1,5134.355,-11.057,-1.1819347942276857,SL,1.0091833333333333,2025-26,25.0
1772519915005,1,5133.522,-8.797,-1.0322694203238676,SL,1.8477833333333333,2025-26,25.0
1772520060207,1,5134.372,-9.744,-1.0396927016645328,SL,0.14613333333333334,2025-26,25.0
1772520083865,-1,5115.998,-9.867,-1.096089757831593,SL,3.4696666666666665,2025-26,25.0
1772520331483,1,5133.345,16.655,1.9958058717795086,TP,5.2962,2025-26,25.0
1772520690918,-1,5142.105,-8.137,-1.0306523115896138,SL,1.0285166666666667,2025-26,25.0
1772520802963,-1,5141.505,-8.58,-1.0100058858151855,SL,0.43415,2025-26,25.0
1772520925782,1,5158.195,-8.35,-1.0189139719341063,SL,0.25178333333333336,2025-26,25.0
1772521057801,-1,5141.515,-8.627,-1.01673541543901,SL,0.3151,2025-26,25.0
1772521190966,-1,5140.008,-10.197,-1.0205164131305045,SL,0.47436666666666666,2025-26,25.0
1772521343733,-1,5141.585,-8.61,-1.0231729055258467,SL,1.9998833333333332,2025-26,25.0
1772521502105,1,5158.512,16.488,1.9370300751879699,TP,3.8999,2025-26,25.0
1772521815804,1,5183.852,16.148,1.824220515137822,TP,16.47485,2025-26,25.0
1772522869496,1,5208.145,-9.6,-1.1786372007366483,SL,0.3521166666666667,2025-26,25.0
1772522958982,1,5208.305,-8.95,-1.0776640577965082,SL,3.03005,2025-26,25.0
1772523167911,-1,5191.515,-8.55,-1.0076605774896876,SL,0.35813333333333336,2025-26,25.0
1772523475024,1,5208.062,-8.127,-1.0080625155048375,SL,7.89675,2025-26,25.0
1772524284830,1,5208.115,-8.15,-1.004313000616143,SL,0.7238333333333333,2025-26,25.0
1772524480729,1,5208.065,16.935,2.0998140111593306,TP,2.9525,2025-26,25.0
1772524808704,-1,5216.785,16.785,2.0432136335970785,TP,0.6221833333333333,2025-26,25.0
1772524876830,-1,5191.945,-8.06,-1.000620732464308,SL,0.6428833333333334,2025-26,25.0
1772524937645,-1,5191.655,16.655,1.9958058717795086,TP,2.7172,2025-26,25.0
1772525131150,1,5183.505,-8.577,-1.0084656084656085,SL,0.41173333333333334,2025-26,25.0
1772525230551,-1,5166.738,16.738,2.025901718712176,TP,2.122916666666667,2025-26,25.0
1772525477978,1,5158.265,16.735,2.0248033877797944,TP,1.0847,2025-26,25.0
1772525611844,-1,5166.635,-8.54,-1.0209205020920502,SL,5.774516666666667,2025-26,25.0
1772526062456,1,5184.315,-9.47,-1.0166398282340312,SL,0.3273333333333333,2025-26,25.0
1772526188634,-1,5166.578,-8.597,-1.020778912372358,SL,2.4501,2025-26,25.0
1772526640737,1,5183.065,-8.31,-1.0303781773093614,SL,1.3058333333333334,2025-26,25.0
1772526821425,1,5183.642,-8.787,-1.016778523489933,SL,1.7818166666666666,2025-26,25.0
1772526997613,-1,5166.665,16.665,1.9994001199760048,TP,6.989066666666667,2025-26,25.0
1772527483887,1,5158.352,-8.357,-1.0005986590038314,SL,0.49738333333333334,2025-26,25.0
1772527549290,-1,5141.495,-10.1,-1.1875367430922987,SL,3.8146166666666668,2025-26,25.0
1772527895989,-1,5138.755,-11.347,-1.009070698088039,SL,6.205566666666667,2025-26,25.0
1772528344542,1,5157.842,-8.017,-1.0223157357816883,SL,1.4241,2025-26,25.0
1772528988740,-1,5166.938,16.938,2.1009675018605805,TP,7.47035,2025-26,25.0
1772529556401,-1,5141.945,16.945,2.1036623215394163,TP,12.34145,2025-26,25.0
1772530306173,-1,5115.915,-9.1,-1.0016510731975785,SL,2.5381833333333335,2025-26,25.0
1772530509754,-1,5116.805,-9.68,-1.1812080536912752,SL,3.091683333333333,2025-26,25.0
1772530760779,1,5133.261,-8.756,-1.0599201065246338,SL,0.6506,2025-26,25.0
1772530824683,-1,5116.795,16.795,2.0469226081657528,TP,1.1162166666666666,2025-26,25.0
1772530908279,-1,5091.759,16.759,2.0336124256764956,TP,2.3036833333333333,2025-26,25.0
1772531367649,-1,5066.215,16.215,1.8457598178713717,TP,0.8228666666666666,2025-26,25.0
1772531422436,-1,5041.785,16.785,2.0432136335970785,TP,1.3815333333333333,2025-26,25.0
1772531544443,-1,5016.678,-8.444,-1.0146599375150205,SL,0.15998333333333334,2025-26,25.0
1772531563162,1,5033.415,16.585,1.9708853238265003,TP,1.6607333333333334,2025-26,25.0
1772531816358,1,5058.702,-8.847,-1.0166628361296253,SL,0.7792333333333333,2025-26,25.0
1772531871398,1,5058.722,-8.857,-1.0154781013529006,SL,0.9195333333333333,2025-26,25.0
1772531975916,-1,5041.305,-9.23,-1.0615296147211042,SL,0.6304666666666666,2025-26,25.0
1772532022018,1,5059.212,-9.464,-1.027355623100304,SL,0.5223,2025-26,25.0
1772532146895,1,5058.502,-9.124,-1.0731592566454953,SL,1.5067166666666667,2025-26,25.0
1772532256498,-1,5041.188,-9.364,-1.0626418520199727,SL,1.7606833333333334,2025-26,25.0
1772532398114,1,5058.752,-9.037,-1.0325639853747715,SL,1.4463333333333332,2025-26,25.0
1772532626098,-1,5041.825,16.825,2.058103975535168,TP,5.77065,2025-26,25.0
1772533084203,1,5008.202,16.798,2.0480370641306997,TP,1.7137,2025-26,25.0
1772533248949,1,5033.752,16.248,1.8564899451553931,TP,7.787716666666666,2025-26,25.0
1772533755443,-1,5041.685,-9.297,-1.1180998196031269,SL,1.26355,2025-26,25.0
1772533843004,1,5058.302,-8.347,-1.0054203806311732,SL,0.47015,2025-26,25.0
1772533906101,1,5058.525,16.475,1.932551319648094,TP,16.998933333333333,2025-26,25.0
1772534943450,-1,5066.925,-8.29,-1.026625386996904,SL,0.5470666666666667,2025-26,25.0
1772535008450,-1,5066.918,-8.484,-1.0497401633259094,SL,0.9815166666666667,2025-26,25.0
1772535113221,1,5083.472,-8.507,-1.004131255901794,SL,1.7077666666666667,2025-26,25.0
1772535255026,1,5083.145,16.855,2.0693677102516883,TP,7.850516666666667,2025-26,25.0
1772535858426,1,5108.582,-8.617,-1.004078303425775,SL,8.969216666666666,2025-26,25.0
1772537270936,-1,5116.895,-8.2,-1.0117211597779148,SL,8.8551,2025-26,25.0
1772537826054,1,5134.115,-9.117,-1.0002194185408666,SL,1.0698166666666666,2025-26,25.0
1772537974905,-1,5116.925,-8.61,-1.0662538699690403,SL,0.8611166666666666,2025-26,25.0
1772538111789,-1,5116.535,16.535,1.9533372711163615,TP,13.7291,2025-26,25.0
1772538961606,1,5107.955,-7.96,-1.0006285355122564,SL,0.25543333333333335,2025-26,25.0
1772539092839,1,5108.685,-8.74,-1.0063327576280945,SL,2.5542333333333334,2025-26,25.0
1772539266815,-1,5092.268,-7.827,-1.0122866011381273,SL,13.892833333333334,2025-26,25.0
1772540328429,1,5108.245,-8.36,-1.013947847180109,SL,1.9381833333333334,2025-26,25.0
1772540728898,-1,5092.198,17.198,2.204306588054345,TP,7.78425,2025-26,25.0
1772541315287,-1,5065.855,-9.217,-1.0078731547293602,SL,2.0981,2025-26,25.0
1772541643306,1,5083.082,-8.244,-1.0200445434298442,SL,0.87065,2025-26,25.0
1772541752039,1,5083.035,-8.06,-1.0031113876789048,SL,1.82795,2025-26,25.0
1772541942008,1,5083.152,-8.344,-1.0235525024533856,SL,7.4576,2025-26,25.0
1772542821609,1,5083.415,16.585,1.9708853238265003,TP,8.921016666666667,2025-26,25.0
1772544374940,1,5107.925,-8.0,-1.0094637223974763,SL,1.34035,2025-26,25.0
1772544486726,1,5107.905,17.095,2.1625553447185326,TP,11.145383333333333,2025-26,25.0
1772545188359,1,5135.472,-10.577,-1.0100267379679144,SL,30.482,2025-26,25.0
1772547169751,-1,5117.085,17.085,2.158559696778269,TP,22.361133333333335,2025-26,25.0
1772548647488,1,5107.905,17.095,2.1625553447185326,TP,9.0921,2025-26,25.0
1772549609408,-1,5117.035,-8.32,-1.0445699937225361,SL,8.041333333333334,2025-26,25.0
1772550208117,-1,5116.525,-8.61,-1.015929203539823,SL,18.450816666666668,2025-26,25.0
1772551954761,-1,5117.115,17.115,2.170577045022194,TP,18.97896666666667,2025-26,25.0
1772553929642,1,5108.205,-8.23,-1.0030469226081657,SL,7.65145,2025-26,25.0
1772554759317,-1,5091.395,-8.74,-1.0156885531667634,SL,0.9423,2025-26,25.0
1772555361322,-1,5090.998,-13.504,-1.500111086425239,SL,90.65231666666666,2025-26,25.0
1772560853316,1,5109.132,-18.984,-2.078843626806833,SL,0.9121833333333333,2025-26,25.0
1772561006824,1,5109.152,-9.487,-1.036604020979021,SL,1.4328833333333333,2025-26,25.0
1772561913902,-1,5116.255,-9.37,-1.0714694110920526,SL,4.4702,2025-26,25.0
1772563179628,-1,5116.825,-8.28,-1.0128440366972478,SL,1.8492166666666667,2025-26,25.0
1772564495262,-1,5116.285,-9.55,-1.095811818703385,SL,17.502683333333334,2025-26,25.0
1772565863318,-1,5116.595,-8.51,-1.0124925639500297,SL,3.3576166666666665,2025-26,25.0
1772566957194,1,5133.595,16.405,1.9086678301337987,TP,18.955466666666666,2025-26,25.0
1772568623293,1,5158.005,-8.73,-1.0905683947532792,SL,16.4067,2025-26,25.0
1772569689423,1,5158.465,-8.856,-1.0461901949202599,SL,1.3458166666666667,2025-26,25.0
1772570267408,1,5158.142,16.858,2.0704986489805943,TP,12.294866666666667,2025-26,25.0
1772572176209,1,5183.135,-8.267,-1.0162261831591888,SL,21.5473,2025-26,25.0
1772573722230,-1,5166.625,-8.4,-1.0029850746268656,SL,4.968416666666666,2025-26,25.0
1772574536045,-1,5166.995,16.995,2.1230480949406623,TP,14.574066666666667,2025-26,25.0
1772576107768,1,5158.185,16.815,2.0543677458766036,TP,42.6542,2025-26,25.0
1772579944080,-1,5167.075,17.075,2.1545741324921135,TP,102.36098333333334,2025-26,25.0
1772586392131,1,5133.225,-9.396,-1.142370820668693,SL,0.0025166666666666666,2025-26,25.0
1772587209473,-1,5141.285,-9.1,-1.0441767068273093,SL,14.497366666666666,2025-26,25.0
1772589039568,1,5158.055,-8.2,-1.0180012414649287,SL,3.737816666666667,2025-26,25.0
1772590413305,-1,5167.065,-7.97,-1.0044108380592311,SL,13.467016666666666,2025-26,25.0
1772593210315,-1,5167.095,17.095,2.1625553447185326,TP,9.516333333333334,2025-26,25.0
1772594089204,1,5157.875,17.125,2.1746031746031744,TP,27.85495,2025-26,25.0
1772596673898,-1,5167.075,-8.1,-1.0220820189274449,SL,21.4745,2025-26,25.0
1772599148531,1,5183.095,16.905,2.0883261272390365,TP,38.15493333333333,2025-26,25.0
1772601589135,-1,5191.975,-8.66,-1.0791277258566978,SL,75.90198333333333,2025-26,25.0
1772606526620,-1,5192.095,-7.92,-1.0018975332068312,SL,21.0246,2025-26,25.0
1772608564806,-1,5192.075,17.075,2.1545741324921135,TP,12.30165,2025-26,25.0
1772609946047,-1,5166.785,-8.26,-1.0054777845404748,SL,21.0274,2025-26,25.0
1772611701050,1,5183.065,-8.09,-1.0030998140111593,SL,48.1615,2025-26,25.0
1772614798274,-1,5167.135,-7.89,-1.003178639542276,SL,0.68095,2025-26,25.0
1772615571620,-1,5167.125,-8.027,-1.0193015873015874,SL,7.2062,2025-26,25.0
1772616119935,-1,5166.655,-8.35,-1.0005991611743559,SL,8.947416666666667,2025-26,25.0
1772616730622,1,5182.975,-8.28,-1.038244514106583,SL,4.367066666666667,2025-26,25.0
1772617536697,-1,5166.925,-8.18,-1.0130030959752323,SL,0.6167666666666667,2025-26,25.0
1772617673281,-1,5167.015,17.015,2.1308703819661865,TP,0.6100833333333333,2025-26,25.0
1772617990159,1,5157.935,-7.94,-1.0006301197227474,SL,1.6513,2025-26,25.0
1772618193719,-1,5141.875,-8.54,-1.051076923076923,SL,2.216283333333333,2025-26,25.0
1772618433922,1,5158.202,-8.847,-1.078639356254572,SL,5.028716666666667,2025-26,25.0
1772618780076,-1,5141.995,-8.18,-1.0218613366645846,SL,1.1065,2025-26,25.0
1772619072526,-1,5141.585,-8.717,-1.0358882947118242,SL,10.780033333333334,2025-26,25.0
1772620082509,1,5157.945,-7.957,-1.0015103838892385,SL,13.087933333333334,2025-26,25.0
1772621022276,-1,5142.098,-8.147,-1.031004808909137,SL,9.73495,2025-26,25.0
1772622125201,1,5158.005,-8.47,-1.0580886945658963,SL,6.167366666666667,2025-26,25.0
1772623379959,-1,5142.075,-8.887,-1.1213880126182965,SL,2.7981166666666666,2025-26,25.0
1772624535977,1,5158.435,-8.59,-1.018375815056313,SL,2.150316666666667,2025-26,25.0
1772626896590,-1,5141.875,16.875,2.076923076923077,TP,2.14405,2025-26,25.0
1772627104600,1,5132.962,-8.397,-1.0546345139412208,SL,45.20506666666667,2025-26,25.0
1772630317644,-1,5117.045,-7.977,-1.0027655562539284,SL,3.4358333333333335,2025-26,25.0
1772631580997,-1,5116.905,-8.17,-1.0092649783817171,SL,4.75345,2025-26,25.0
1772632132268,1,5132.925,-8.06,-1.0170347003154574,SL,36.24045,2025-26,25.0
1772635511907,1,5133.311,-8.516,-1.0246661051618338,SL,30.808283333333332,2025-26,25.0
1772637766514,1,5132.925,17.075,2.1545741324921135,TP,159.45881666666668,2025-26,25.0
1772649931236,1,5158.255,16.745,2.0284675953967293,TP,32.87035,2025-26,25.0
1772653699921,-1,5166.845,-8.347,-1.0235438381361128,SL,0.9413666666666667,2025-26,25.0
1772654318354,-1,5166.758,-8.257,-1.0018199466148994,SL,2.207316666666667,2025-26,25.0
1772655010294,1,5183.325,-8.41,-1.0102102102102102,SL,10.02875,2025-26,25.0
1772659171789,1,5183.145,-8.237,-1.0112952731737261,SL,25.2937,2025-26,25.0
1772661010773,1,5182.955,-7.98,-1.0031426775612822,SL,98.9974,2025-26,25.0
1772668207836,-1,5167.095,-8.33,-1.053763440860215,SL,11.810033333333333,2025-26,25.0
1772670791026,-1,5167.008,17.008,2.1281281281281283,TP,25.151416666666666,2025-26,25.0
1772672929270,-1,5141.705,16.705,2.013863773357444,TP,3.52445,2025-26,25.0
1772673169151,1,5133.045,-8.08,-1.0043505282784337,SL,3.69745,2025-26,25.0
1772673506597,1,5133.022,16.978,2.1164298180004986,TP,19.437266666666666,2025-26,25.0
1772675259748,1,5158.152,-8.157,-1.0006133464180569,SL,79.08753333333334,2025-26,25.0
1772680487396,-1,5142.045,-8.11,-1.0194846008799496,SL,16.2327,2025-26,25.0
1772681773544,1,5158.225,16.775,2.0395136778115504,TP,32.16505,2025-26,25.0
1772684877919,-1,5166.935,16.935,2.0998140111593306,TP,36.751333333333335,2025-26,25.0
1772688381573,1,5157.712,-7.757,-1.005835062240664,SL,10.068433333333333,2025-26,25.0
1772689136654,1,5157.992,-8.007,-1.0018768768768769,SL,150.93596666666667,2025-26,25.0
1772698507215,1,5157.985,-8.766,-1.0978083907326237,SL,1.8309,2025-26,25.0
1772698617986,-1,5137.598,12.598,1.0158039025963554,TP,3.7826,2025-26,25.0
1772698859953,-1,5116.965,16.965,2.1113876789047916,TP,1.4891166666666666,2025-26,25.0
1772698991404,-1,5088.926,-11.536,-1.0417193426042983,SL,1.0764666666666667,2025-26,25.0
1772699143163,1,5108.875,16.125,1.8169014084507042,TP,3.3207,2025-26,25.0
1772699430466,-1,5115.975,-9.07,-1.0049861495844876,SL,2.0096666666666665,2025-26,25.0
1772699779517,1,5133.025,-8.41,-1.04797507788162,SL,11.023683333333333,2025-26,25.0
1772700527370,-1,5117.045,-8.29,-1.0421118793211817,SL,2.2144666666666666,2025-26,25.0
1772700933610,-1,5116.185,-8.87,-1.0062393647192285,SL,8.980316666666667,2025-26,25.0
1772701929128,-1,5117.035,17.035,2.138731952291274,TP,27.061916666666665,2025-26,25.0
1772703565408,-1,5091.685,-8.867,-1.0663860493084787,SL,1.24795,2025-26,25.0
1772703693464,1,5108.175,-8.28,-1.0128440366972478,SL,0.5549,2025-26,25.0
1772703829617,-1,5091.845,-8.28,-1.015328019619865,SL,1.9929666666666668,2025-26,25.0
1772703979977,-1,5091.975,-8.06,-1.0043613707165109,SL,0.332,2025-26,25.0
1772704702254,1,5108.005,-8.16,-1.019362898188632,SL,1.5862833333333333,2025-26,25.0
1772705163150,-1,5092.065,17.065,2.15059861373661,TP,2.72495,2025-26,25.0
1772705441480,-1,5066.945,-8.07,-1.0018621973929236,SL,0.9773333333333334,2025-26,25.0
1772705634836,1,5083.025,-8.05,-1.0031152647975077,SL,12.502833333333333,2025-26,25.0
1772706554320,1,5082.902,17.098,2.1637560111364214,TP,30.19125,2025-26,25.0
1772708750649,-1,5091.255,16.255,1.8587764436821042,TP,4.318516666666667,2025-26,25.0
1772709232436,1,5083.385,-8.39,-1.0005963029218843,SL,2.8529666666666667,2025-26,25.0
1772709689400,-1,5067.075,-8.227,-1.0381072555205046,SL,23.647283333333334,2025-26,25.0
1772712155135,1,5082.945,-8.1,-1.0195091252359976,SL,26.444333333333333,2025-26,25.0
1772714077776,-1,5066.805,-8.217,-1.0026845637583892,SL,42.0293,2025-26,25.0
1772716867991,-1,5067.095,-8.16,-1.032258064516129,SL,1.67885,2025-26,25.0
1772717070805,-1,5067.025,-8.0,-1.0031347962382444,SL,6.107283333333333,2025-26,25.0
1772718053310,1,5082.935,-8.19,-1.0321361058601135,SL,10.125516666666666,2025-26,25.0
1772718788958,-1,5067.065,-8.17,-1.0296156269691241,SL,8.937033333333334,2025-26,25.0
1772720212787,-1,5066.925,-8.2,-1.0154798761609907,SL,55.146366666666665,2025-26,25.0
1772723718130,1,5082.945,-8.217,-1.034235368156073,SL,21.048766666666666,2025-26,25.0
1772726717552,1,5082.925,-7.96,-1.004416403785489,SL,5.248233333333333,2025-26,25.0
1772728364766,1,5083.025,-8.04,-1.0018691588785047,SL,6.21255,2025-26,25.0
1772729584319,1,5083.275,16.725,2.0211480362537766,TP,111.29278333333333,2025-26,25.0
1772736764090,-1,5092.065,17.065,2.15059861373661,TP,7.66535,2025-26,25.0
1772737318593,1,5083.202,-8.277,-1.009144111192392,SL,41.2212,2025-26,25.0
1772740838324,-1,5066.725,-8.69,-1.0501510574018127,SL,0.32176666666666665,2025-26,25.0
1772741561658,1,5082.895,17.105,2.1665611146295123,TP,22.985316666666666,2025-26,25.0
1772743073311,1,5108.525,16.475,1.932551319648094,TP,12.23845,2025-26,25.0
1772743858023,1,5133.035,-8.04,-1.000622277535781,SL,47.87205,2025-26,25.0
1772748467711,1,5132.955,-8.17,-1.027027027027027,SL,112.5334,2025-26,25.0
1772758164794,-1,5117.115,17.115,2.170577045022194,TP,159.38686666666666,2025-26,25.0
1772768107532,1,5107.945,-8.047,-1.0128382630585273,SL,33.67016666666667,2025-26,25.0
1772771016042,-1,5092.075,-7.94,-1.0018927444794952,SL,5.239683333333334,2025-26,25.0
1772771778715,-1,5091.915,-8.34,-1.0315398886827458,SL,115.07323333333333,2025-26,25.0
1772780162277,-1,5065.708,-9.314,-1.0023676280671545,SL,2.8821666666666665,2025-26,25.0
1772780488712,1,5083.125,-8.847,-1.0888615384615385,SL,60.25066666666667,2025-26,25.0
1772784489796,-1,5066.938,-8.083,-1.002604812701563,SL,5.538966666666667,2025-26,25.0
1772785259123,1,5083.505,16.495,1.9394473838918282,TP,9.072783333333334,2025-26,25.0
1772786056715,-1,5116.945,-8.177,-1.0151458721291124,SL,0.6833,2025-26,25.0
1772786584200,-1,5116.698,16.698,2.0113225728740063,TP,12.165966666666666,2025-26,25.0
1772787362789,-1,5091.955,16.955,2.107520198881293,TP,2.9744333333333333,2025-26,25.0
1772787557077,1,5082.975,17.025,2.134796238244514,TP,2.988916666666667,2025-26,25.0
1772787802978,-1,5092.075,-8.227,-1.0381072555205046,SL,9.686683333333333,2025-26,25.0
1772789100557,1,5107.965,-7.99,-1.0031387319522913,SL,5.841833333333334,2025-26,25.0
1772789750478,-1,5092.139,-8.076,-1.0273502098969596,SL,0.56015,2025-26,25.0
1772789879435,-1,5091.875,-8.18,-1.0067692307692309,SL,7.5125,2025-26,25.0
1772790430744,-1,5092.045,-8.03,-1.0094280326838467,SL,4.501016666666667,2025-26,25.0
1772790928284,1,5107.935,17.065,2.15059861373661,TP,2.5462166666666666,2025-26,25.0
1772791200778,1,5133.625,16.375,1.8985507246376812,TP,2.2851833333333333,2025-26,25.0
1772791575563,1,5158.165,-8.23,-1.0079608083282303,SL,0.9907666666666667,2025-26,25.0
1772791927211,-1,5141.94,-8.325,-1.03287841191067,SL,1.7633166666666666,2025-26,25.0
1772792414884,1,5158.165,-8.18,-1.001837109614207,SL,23.761733333333332,2025-26,25.0
1772793947351,1,5157.925,-8.477,-1.0696529968454258,SL,0.35596666666666665,2025-26,25.0
1772794244879,-1,5142.095,-8.02,-1.0145477545857053,SL,13.457333333333333,2025-26,25.0
1772795348994,-1,5142.035,-8.2,-1.029504080351538,SL,6.803116666666667,2025-26,25.0
1772796155016,-1,5142.025,-8.38,-1.0507836990595611,SL,70.64493333333333,2025-26,25.0
1772800861652,-1,5142.115,-7.93,-1.00570703868104,SL,44.62943333333333,2025-26,25.0
1772804361673,1,5157.985,-8.83,-1.1058234189104572,SL,116.18118333333334,2025-26,25.0
1772811638665,1,5158.155,16.845,2.065603923973023,TP,76.92938333333333,2025-26,25.0
1772992806415,1,5184.395,-9.497,-1.0108568387440127,SL,2.1212833333333334,2025-26,25.0
1772992956217,1,5183.835,-9.087,-1.0285229202037351,SL,0.258,2025-26,25.0
1772993096779,-1,5164.911,14.911,1.4779462781246901,TP,0.21365,2025-26,25.0
1772993111114,-1,5140.648,-9.947,-1.063622754491018,SL,0.014333333333333333,2025-26,25.0
1772993116225,1,5164.522,-16.585,-1.14206032226966,SL,0.1102,2025-26,25.0
1772993132439,-1,5138.85,-13.27,-1.1901345291479821,SL,0.0676,2025-26,25.0
1772993153580,1,5160.862,-14.504,-1.3352973669674093,SL,0.3368333333333333,2025-26,25.0
1772993240596,-1,5137.308,-15.257,-1.2020958083832336,SL,0.5598166666666666,2025-26,25.0
1772993298989,1,5138.329,-15.631,-1.1727061294920849,SL,0.12626666666666667,2025-26,25.0
1772993314695,1,5141.282,8.718,0.5354379068910453,TP,0.9749166666666667,2025-26,25.0
1772993739224,-1,5141.625,-9.567,-1.1423283582089552,SL,0.3497166666666667,2025-26,25.0
1772994224462,1,5158.602,-9.504,-1.104859335038363,SL,0.34073333333333333,2025-26,25.0
1772994585775,1,5159.645,-10.9,-1.1301192327630898,SL,1.9095333333333333,2025-26,25.0
1772994977490,-1,5141.098,-11.184,-1.2563468883396989,SL,2.1537166666666665,2025-26,25.0
1772995126549,-1,5141.315,16.315,1.8785261945883707,TP,2.31635,2025-26,25.0
1772995305856,-1,5116.075,-8.927,-1.0002240896358543,SL,0.7096833333333333,2025-26,25.0
1772995426310,-1,5115.885,-9.65,-1.058694459681843,SL,0.8447,2025-26,25.0
1772995541410,1,5134.975,-11.737,-1.1766416040100252,SL,2.3175666666666666,2025-26,25.0
1772995776704,-1,5116.088,-9.064,-1.0170556552962298,SL,4.69525,2025-26,25.0
1772996414191,1,5134.302,-11.064,-1.1894216297570415,SL,1.92475,2025-26,25.0
1772996581891,-1,5115.808,15.808,1.719756309834639,TP,7.8558666666666666,2025-26,25.0
1772998511101,-1,5091.998,16.998,2.124218945263684,TP,4.194283333333333,2025-26,25.0
1772999019613,1,5058.175,16.825,2.058103975535168,TP,2.15565,2025-26,25.0
1772999198013,-1,5066.805,-8.22,-1.0030506406345332,SL,10.09255,2025-26,25.0
1773000068921,-1,5066.765,-8.45,-1.026108075288403,SL,0.7257333333333333,2025-26,25.0
1773000804695,-1,5041.078,-9.007,-1.0095270118807442,SL,8.679433333333334,2025-26,25.0
1773001532547,-1,5041.685,-8.39,-1.0090198436560434,SL,5.5511,2025-26,25.0
1773002015553,1,5057.925,-8.15,-1.028391167192429,SL,1.261,2025-26,25.0
1773002710238,1,5057.945,-8.21,-1.0333543108873506,SL,0.9029833333333334,2025-26,25.0
1773002837805,-1,5041.498,-8.787,-1.0335215243472125,SL,11.711683333333333,2025-26,25.0
1773003604295,-1,5041.835,16.835,2.061849357011635,TP,0.3035333333333333,2025-26,25.0
1773003661028,-1,5016.835,-8.18,-1.001837109614207,SL,0.36435,2025-26,25.0
1773003760972,1,5033.465,16.535,1.9533372711163615,TP,3.0101166666666668,2025-26,25.0
1773003997730,1,5058.025,-8.21,-1.0230529595015576,SL,3.4158666666666666,2025-26,25.0
1773004286283,1,5058.335,16.665,1.9994001199760048,TP,3.8785666666666665,2025-26,25.0
1773004629057,1,5083.375,-8.44,-1.0077611940298508,SL,3.35835,2025-26,25.0
1773005557649,1,5083.095,-8.59,-1.0611488573193328,SL,3.601366666666667,2025-26,25.0
1773006357955,1,5082.885,-8.35,-1.0589727330374128,SL,1.5934666666666666,2025-26,25.0
1773006627293,1,5082.955,-8.2,-1.0307982401005658,SL,0.5853333333333334,2025-26,25.0
1773006726940,-1,5067.035,-8.547,-1.0730696798493409,SL,1.2453333333333334,2025-26,25.0
1773007205411,-1,5066.625,-8.4,-1.0029850746268656,SL,6.998983333333333,2025-26,25.0
1773007801745,1,5083.195,-8.62,-1.0518608907870652,SL,10.516533333333333,2025-26,25.0
1773009008310,1,5082.945,17.055,2.146633102580239,TP,56.52361666666667,2025-26,25.0
1773012558416,-1,5092.025,-8.2,-1.0282131661442007,SL,97.24825,2025-26,25.0
1773019056632,-1,5091.898,-8.107,-1.0006171315724512,SL,4.792566666666667,2025-26,25.0
1773019807030,-1,5092.035,-8.117,-1.019083490269931,SL,0.7231,2025-26,25.0
1773020016150,1,5108.082,16.918,2.093293739173472,TP,12.064383333333334,2025-26,25.0
1773022053143,1,5132.862,-7.867,-1.0006359704909693,SL,1.5504166666666668,2025-26,25.0
1773022263353,1,5133.025,-8.157,-1.016448598130841,SL,10.289383333333333,2025-26,25.0
1773023844882,-1,5117.018,17.018,2.132047105988474,TP,16.078116666666666,2025-26,25.0
1773025409258,-1,5091.105,-9.16,-1.0297920179876334,SL,7.684866666666666,2025-26,25.0
1773027002380,1,5107.905,-8.22,-1.0398481973434535,SL,4.672833333333333,2025-26,25.0
1773027699785,1,5107.892,-7.937,-1.0057019766852509,SL,3.4050333333333334,2025-26,25.0
1773028977167,1,5107.955,-7.97,-1.0018856065367694,SL,4.649666666666667,2025-26,25.0
1773030540799,-1,5091.805,-8.25,-1.0067114093959733,SL,20.664483333333333,2025-26,25.0
1773032935034,1,5108.265,16.735,2.0248033877797944,TP,19.938,2025-26,25.0
1773034413973,1,5132.945,-8.21,-1.0333543108873506,SL,2.760883333333333,2025-26,25.0
1773034845418,-1,5117.018,17.018,2.132047105988474,TP,5.091583333333333,2025-26,25.0
1773035539141,1,5108.065,-8.13,-1.0080595164290143,SL,36.82066666666667,2025-26,25.0
1773037901668,-1,5091.135,-8.967,-1.0115059221658207,SL,10.926083333333333,2025-26,25.0
1773038853737,-1,5091.985,-8.3,-1.0355583281347474,SL,82.75826666666667,2025-26,25.0
1773044911508,1,5107.925,-7.94,-1.0018927444794952,SL,21.41995,2025-26,25.0
1773046834746,-1,5090.385,-9.97,-1.0369214768590744,SL,30.107233333333333,2025-26,25.0
1773048895799,1,5107.985,-8.037,-1.0065122103944897,SL,3.5641333333333334,2025-26,25.0
1773049240149,-1,5092.055,17.055,2.146633102580239,TP,2.8367833333333334,2025-26,25.0
1773049642848,1,5083.315,-8.49,-1.021046301864101,SL,6.2649333333333335,2025-26,25.0
1773050466717,1,5083.025,-8.12,-1.0118380062305297,SL,5.809583333333333,2025-26,25.0
1773051069411,-1,5067.058,-7.977,-1.00440695039033,SL,5.69695,2025-26,25.0
1773051917001,1,5082.965,17.035,2.138731952291274,TP,15.96665,2025-26,25.0
1773053021493,1,5108.042,-8.187,-1.0180303407112659,SL,5.603866666666667,2025-26,25.0
1773053588212,-1,5092.038,-8.057,-1.0119316754584275,SL,32.375,2025-26,25.0
1773057959460,1,5107.925,-7.93,-1.0006309148264985,SL,9.572133333333333,2025-26,25.0
1773059463306,1,5107.902,-8.017,-1.0145532776512276,SL,38.0097,2025-26,25.0
1773062542881,-1,5092.035,-8.1,-1.0169491525423728,SL,55.31936666666667,2025-26,25.0
1773066802570,1,5107.932,17.068,2.151790216843167,TP,20.228583333333333,2025-26,25.0
1773069585343,1,5133.515,-8.64,-1.0146799765120376,SL,17.568083333333334,2025-26,25.0
1773079294565,-1,5138.935,13.935,1.2593764121102575,TP,2.3518666666666665,2025-26,25.0
1773079610280,1,5133.275,-8.78,-1.0610271903323263,SL,0.9556333333333333,2025-26,25.0
1773080931089,1,5133.125,16.875,2.076923076923077,TP,30.168383333333335,2025-26,25.0
1773082997700,-1,5141.408,-9.017,-1.0494646182495344,SL,9.605233333333333,2025-26,25.0
1773084732076,-1,5141.975,-8.21,-1.0230529595015576,SL,8.190633333333333,2025-26,25.0
1773088564100,1,5132.905,-7.99,-1.010752688172043,SL,24.204316666666667,2025-26,25.0
1773090040555,1,5133.085,16.915,2.0921459492888066,TP,4.694283333333333,2025-26,25.0
1773090460646,-1,5142.068,-8.217,-1.035930408472012,SL,10.642616666666667,2025-26,25.0
1773091233666,1,5158.315,16.685,2.006614552014432,TP,34.74998333333333,2025-26,25.0
1773093483880,1,5182.942,-8.107,-1.020775623268698,SL,7.735633333333333,2025-26,25.0
1773095527883,1,5183.005,-8.067,-1.007745159275453,SL,19.953366666666668,2025-26,25.0
1773097091163,-1,5167.105,-8.01,-1.0145661811272957,SL,172.0117,2025-26,25.0
1773112814595,-1,5167.098,-8.737,-1.1056694507719564,SL,20.420866666666665,2025-26,25.0
1773115205962,1,5182.875,-7.95,-1.0095238095238095,SL,6.5635,2025-26,25.0
1773124431352,-1,5166.965,-8.14,-1.0130678282514,SL,17.693233333333332,2025-26,25.0
1773126288644,1,5183.465,-8.49,-1.0029533372711164,SL,36.41256666666666,2025-26,25.0
1773129925639,-1,5167.005,-8.14,-1.0181363352095059,SL,14.62925,2025-26,25.0
1773131726224,1,5182.845,17.155,2.186743148502231,TP,25.906933333333335,2025-26,25.0
1773134290372,1,5207.905,17.095,2.1625553447185326,TP,8.00455,2025-26,25.0
1773135013797,-1,5217.175,17.175,2.194888178913738,TP,15.8271,2025-26,25.0
1773136244272,1,5207.925,-8.04,-1.0145110410094638,SL,15.487883333333333,2025-26,25.0
1773137263211,-1,5190.995,-9.447,-1.0490838423098279,SL,8.296866666666666,2025-26,25.0
1773137788751,1,5207.975,17.025,2.134796238244514,TP,57.28705,2025-26,25.0
1773142403314,1,5232.945,-7.96,-1.001887979861548,SL,30.0219,2025-26,25.0
1773145497663,1,5232.881,-8.003,-1.0154802690013958,SL,53.72078333333334,2025-26,25.0
1773149345721,1,5232.855,-8.1,-1.031190324633991,SL,31.132566666666666,2025-26,25.0
1773152092420,-1,5216.715,16.715,2.017501508750754,TP,2.3981833333333333,2025-26,25.0
1773152277123,-1,5192.095,17.095,2.1625553447185326,TP,1.0848166666666668,2025-26,25.0
1773152367824,-1,5166.685,-8.32,-1.000601322910403,SL,0.6577666666666667,2025-26,25.0
1773152431455,1,5182.782,-7.817,-1.00449755846826,SL,0.3424833333333333,2025-26,25.0
1773152469627,1,5182.915,17.085,2.158559696778269,TP,6.504016666666667,2025-26,25.0
1773153021119,1,5208.185,-8.26,-1.0091631032376298,SL,2.903966666666667,2025-26,25.0
1773153341871,-1,5192.065,-8.01,-1.00945179584121,SL,10.545383333333334,2025-26,25.0
1773154738680,-1,5192.095,-8.02,-1.0145477545857053,SL,9.384433333333334,2025-26,25.0
1773156189061,1,5208.075,-8.09,-1.001857585139319,SL,7.037466666666667,2025-26,25.0
1773156722667,-1,5191.655,-8.38,-1.0041941282204914,SL,27.569116666666666,2025-26,25.0
1773174069656,1,5208.145,-8.92,-1.0951503990178024,SL,103.6151,2025-26,25.0
1773182490129,1,5208.375,-8.45,-1.008955223880597,SL,71.65035,2025-26,25.0
1773188283946,1,5208.305,-8.606,-1.036243226971704,SL,71.94083333333333,2025-26,25.0
1773192638654,-1,5192.115,-7.887,-1.0002536461636018,SL,4.660316666666667,2025-26,25.0
1773195200098,1,5207.885,-8.24,-1.0450221940393152,SL,27.580583333333333,2025-26,25.0
1773197058896,-1,5191.615,-8.487,-1.01216457960644,SL,16.850416666666668,2025-26,25.0
1773199883913,-1,5191.945,16.945,2.1036623215394163,TP,305.42656666666664,2025-26,25.0
1773219586008,-1,5166.525,-8.51,-1.0041297935103244,SL,3.984166666666667,2025-26,25.0
1773220830760,1,5182.962,-7.987,-1.003139914594323,SL,9.5188,2025-26,25.0
1773222250072,-1,5167.085,17.085,2.158559696778269,TP,7.847433333333333,2025-26,25.0
1773222743484,1,5157.985,17.015,2.1308703819661865,TP,5.555166666666667,2025-26,25.0
1773223287531,1,5182.915,-8.4,-1.0612760581174985,SL,41.35848333333333,2025-26,25.0
1773225861913,1,5182.895,-8.06,-1.0208993033565548,SL,23.874866666666666,2025-26,25.0
1773229308090,-1,5167.065,-7.997,-1.0078134845620668,SL,11.322916666666666,2025-26,25.0
1773230364552,-1,5167.098,-8.207,-1.0385978233358644,SL,39.276983333333334,2025-26,25.0
1773236039237,-1,5167.045,-8.13,-1.0219987429289754,SL,33.82496666666667,2025-26,25.0
1773244606818,1,5182.915,-7.92,-1.0006317119393557,SL,23.675833333333333,2025-26,25.0
1773253596869,-1,5166.875,16.875,2.076923076923077,TP,29.795516666666668,2025-26,25.0
1773257427525,1,5158.095,-8.19,-1.0117356392835084,SL,4.495066666666666,2025-26,25.0
1773258352201,-1,5142.055,-8.16,-1.02706104468219,SL,39.20255,2025-26,25.0
1773260901000,1,5158.155,-8.17,-1.0018393623543838,SL,20.75835,2025-26,25.0
1773268191753,-1,5166.965,16.965,2.1113876789047916,TP,17.77945,2025-26,25.0
1773276867251,-1,5141.975,-8.22,-1.0242990654205608,SL,39.983666666666664,2025-26,25.0
1773280612789,1,5157.732,-7.797,-1.0084066218313503,SL,23.206866666666667,2025-26,25.0
1773282322542,1,5158.065,16.935,2.0998140111593306,TP,76.8512,2025-26,25.0
1773287122264,1,5183.015,-8.39,-1.0467872738615096,SL,95.72541666666666,2025-26,25.0
1773293442764,1,5182.855,-7.87,-1.0019096117122852,SL,105.62116666666667,2025-26,25.0
1773302929989,-1,5167.178,-7.857,-1.0044745589363335,SL,22.8339,2025-26,25.0
1773305412949,1,5182.845,-7.867,-1.002804333970682,SL,26.79318333333333,2025-26,25.0
1773307371244,-1,5167.115,17.115,2.170577045022194,TP,31.134416666666667,2025-26,25.0
1773309704283,1,5157.895,-7.96,-1.0082330588980368,SL,22.58125,2025-26,25.0
1773311880311,-1,5142.115,-7.95,-1.0082435003170578,SL,7.257033333333333,2025-26,25.0
1773312539722,-1,5141.778,16.778,2.0406227195329603,TP,22.0527,2025-26,25.0
1773314896010,1,5133.105,-8.11,-1.000616903146206,SL,2.561166666666667,2025-26,25.0
1773315593198,1,5132.935,-7.95,-1.001890359168242,SL,28.804183333333334,2025-26,25.0
1773318035136,1,5132.835,-7.877,-1.005360561582642,SL,10.743866666666667,2025-26,25.0
1773321386053,-1,5117.178,17.178,2.196113525952442,TP,79.17896666666667,2025-26,25.0
1773326966372,-1,5092.115,17.115,2.170577045022194,TP,96.8897,2025-26,25.0
1773333026178,-1,5066.955,-8.33,-1.0354257302672467,SL,14.709833333333334,2025-26,25.0
1773338599789,1,5083.065,16.935,2.0998140111593306,TP,108.54406666666667,2025-26,25.0
1773346393917,1,5107.855,17.145,2.1826861871419476,TP,106.78941666666667,2025-26,25.0
1773354154669,-1,5116.915,16.915,2.0921459492888066,TP,203.17366666666666,2025-26,25.0
1773367506623,1,5108.082,-8.237,-1.0191784211828756,SL,11.063666666666666,2025-26,25.0
1773368793188,-1,5092.035,17.035,2.138731952291274,TP,54.989733333333334,2025-26,25.0
1773372467220,1,5082.835,-7.84,-1.0006381620931717,SL,34.67,2025-26,25.0
1773374777294,-1,5066.885,-8.2,-1.0104744300677757,SL,1.7558666666666667,2025-26,25.0
1773375700636,-1,5067.155,-7.94,-1.0121096239643084,SL,10.399283333333333,2025-26,25.0
1773376734031,1,5082.865,17.135,2.178639542275906,TP,198.81015,2025-26,25.0
1773394768552,1,5107.835,-7.85,-1.001914486279515,SL,18.704816666666666,2025-26,25.0
1773396323028,1,5107.905,-7.98,-1.0094876660341556,SL,3.45065,2025-26,25.0
1773396886813,-1,5092.085,17.085,2.158559696778269,TP,30.520766666666667,2025-26,25.0
1773399077184,-1,5066.378,16.378,1.8995592669914172,TP,4.169083333333333,2025-26,25.0
1773399395007,-1,5041.755,-8.57,-1.039417828987265,SL,7.135566666666667,2025-26,25.0
1773399949266,1,5057.822,-7.867,-1.0057530043467144,SL,36.007416666666664,2025-26,25.0
1773402255917,-1,5042.109,-7.906,-1.0019008997592194,SL,1.3988833333333333,2025-26,25.0
1773402469993,1,5057.815,-8.18,-1.0467050543825975,SL,1.73125,2025-26,25.0
1773402808611,-1,5042.424,17.424,2.299894403379092,TP,12.669383333333334,2025-26,25.0
1773403639541,1,5032.902,-7.967,-1.0082257656289546,SL,6.680583333333334,2025-26,25.0
1773404097294,1,5032.855,17.145,2.1826861871419476,TP,21.452883333333332,2025-26,25.0
1773406041253,-1,5042.195,-7.9,-1.0121716848174247,SL,4.6448833333333335,2025-26,25.0
1773407700237,1,5057.935,-7.94,-1.0006301197227474,SL,31.387933333333333,2025-26,25.0
1773411165212,-1,5042.155,-7.96,-1.0146590184831104,SL,48.20935,2025-26,25.0
1773416840299,-1,5014.795,-10.237,-1.0031357177853992,SL,56.007416666666664,2025-26,25.0
1773420720394,-1,5016.978,16.978,2.1164298180004986,TP,2948.245716666667,2025-26,25.0
1773597643817,1,5008.752,16.248,1.8564899451553931,TP,6.240916666666666,2025-26,25.0
1773598591901,-1,5017.278,-7.884,-1.020979020979021,SL,41.9074,2025-26,25.0
1773601348545,-1,5016.558,16.558,1.9613835583984838,TP,17.75635,2025-26,25.0
1773602648129,1,4983.145,-10.107,-1.2408839779005525,SL,25.035,2025-26,25.0
1773604417877,1,4982.865,17.135,2.178639542275906,TP,6.61695,2025-26,25.0
1773604854532,1,5009.012,15.988,1.7740790057700844,TP,5.54515,2025-26,25.0
1773605809441,-1,5017.135,-7.92,-1.006993006993007,SL,16.305533333333333,2025-26,25.0
1773607992397,-1,5016.985,-8.12,-1.0131004366812226,SL,2.1593833333333334,2025-26,25.0
1773608433998,-1,5017.025,-8.06,-1.0106583072100312,SL,1.1841833333333334,2025-26,25.0
1773608645186,-1,5016.845,16.845,2.065603923973023,TP,9.3837,2025-26,25.0
1773609847124,-1,4991.608,-8.777,-1.0458770257387988,SL,16.392033333333334,2025-26,25.0
1773611190264,1,5008.295,-8.4,-1.0126582278481013,SL,62.04083333333333,2025-26,25.0
1773617181288,1,5007.855,17.145,2.1826861871419476,TP,35.87916666666667,2025-26,25.0
1773621659510,-1,5017.125,-7.89,-1.0019047619047619,SL,92.33966666666667,2025-26,25.0
1773627360937,1,5032.895,-8.01,-1.0145661811272957,SL,18.8914,2025-26,25.0
1773629270695,-1,5017.075,17.075,2.1545741324921135,TP,40.28443333333333,2025-26,25.0
1773632266049,-1,4992.095,-7.97,-1.0082226438962683,SL,8.72225,2025-26,25.0
1773633800765,-1,4992.085,-8.12,-1.0259001895135818,SL,7.227916666666666,2025-26,25.0
1773634412429,-1,4992.125,-8.05,-1.0222222222222221,SL,9.568133333333334,2025-26,25.0
1773635608463,-1,4991.905,16.905,2.0883261272390365,TP,72.7299,2025-26,25.0
1773640232598,1,4982.812,-7.847,-1.0044802867383513,SL,8.680083333333334,2025-26,25.0
1773642228932,1,4983.085,16.915,2.0921459492888066,TP,36.41883333333333,2025-26,25.0
1773645521042,1,5007.835,-8.11,-1.0350989151244416,SL,35.3584,2025-26,25.0
1773649056113,1,5007.875,17.125,2.1746031746031744,TP,58.0272,2025-26,25.0
1773653729702,1,5032.985,-8.17,-1.0231684408265498,SL,5.425433333333333,2025-26,25.0
1773654220614,1,5032.875,-8.09,-1.0273015873015874,SL,4.826016666666667,2025-26,25.0
1773655251463,1,5032.935,-8.04,-1.0132325141776937,SL,14.743266666666667,2025-26,25.0
1773656834688,-1,5017.105,17.105,2.1665611146295123,TP,19.665916666666668,2025-26,25.0
1773658085378,-1,4992.048,-8.157,-1.0257796780684105,SL,1.6997,2025-26,25.0
1773658284511,-1,4991.805,-8.31,-1.014032946918853,SL,5.594733333333333,2025-26,25.0
1773658943604,-1,4992.155,-8.157,-1.0397705544933078,SL,1.0121,2025-26,25.0
1773659452041,-1,4991.915,-8.11,-1.0030921459492887,SL,4.493016666666667,2025-26,25.0
1773660524116,-1,4992.065,-8.16,-1.0283553875236295,SL,10.168333333333333,2025-26,25.0
1773661831937,-1,4992.145,17.145,2.1826861871419476,TP,44.74385,2025-26,25.0
1773664585034,1,4982.805,17.195,2.2030749519538757,TP,36.38695,2025-26,25.0
1773667931077,-1,4992.055,-8.02,-1.0094398993077407,SL,36.37681666666667,2025-26,25.0
1773671272624,1,5007.911,-7.936,-1.0031601567437745,SL,236.13223333333335,2025-26,25.0
1773688929270,1,5007.865,-7.95,-1.010807374443738,SL,66.24213333333333,2025-26,25.0
1773695254602,1,5007.975,17.025,2.134796238244514,TP,43.787933333333335,2025-26,25.0
1773703725123,1,5033.115,-8.3,-1.0227972889710413,SL,145.31923333333333,2025-26,25.0
1773712885109,-1,5016.975,-8.08,-1.006853582554517,SL,93.61285,2025-26,25.0
1773719658665,-1,5017.155,-7.89,-1.005736137667304,SL,6.755116666666667,2025-26,25.0
1773724028411,-1,5017.148,17.148,2.183902190524707,TP,92.84686666666667,2025-26,25.0
1773729779952,-1,4991.755,-8.36,-1.013947847180109,SL,1.8856833333333334,2025-26,25.0
1773731820441,1,5007.815,-7.91,-1.0121561100447856,SL,44.814733333333336,2025-26,25.0
1773734919346,1,5007.895,17.105,2.1665611146295123,TP,84.18676666666667,2025-26,25.0
1773741100492,-1,5017.095,17.095,2.1625553447185326,TP,96.4274,2025-26,25.0
1773747282879,-1,4992.175,17.175,2.194888178913738,TP,7.057366666666667,2025-26,25.0
1773747841680,1,4983.145,16.855,2.0693677102516883,TP,34.03398333333333,2025-26,25.0
1773753843273,1,5008.075,-8.127,-1.0064396284829722,SL,17.63805,2025-26,25.0
1773756516678,1,5007.795,-7.87,-1.0096215522771006,SL,22.175066666666666,2025-26,25.0
1773758842402,1,5007.845,-7.95,-1.0133843212237095,SL,33.015683333333335,2025-26,25.0
1773777876562,1,5007.995,-8.097,-1.0127579737335834,SL,36.86398333333333,2025-26,25.0
1773781429777,1,5007.842,-8.144,-1.038510584034685,SL,41.424816666666665,2025-26,25.0
1773784334880,-1,4992.135,-7.867,-1.000254291163382,SL,2.8798,2025-26,25.0
1773788244413,-1,4992.075,-8.347,-1.0532492113564669,SL,160.37915,2025-26,25.0
1773800004736,1,5007.875,-8.09,-1.0273015873015874,SL,93.0747,2025-26,25.0
1773805864179,-1,4991.965,-8.156,-1.0150591163658993,SL,8.237533333333333,2025-26,25.0
1773815738057,-1,4963.478,-11.797,-1.0238673841346988,SL,3.194383333333333,2025-26,25.0
1773817005231,-1,4967.045,17.045,2.1426775612822127,TP,30.7486,2025-26,25.0
1773819090655,1,4958.085,-8.42,-1.04143475572047,SL,5.137583333333334,2025-26,25.0
1773819613909,-1,4941.428,16.428,1.916472235184321,TP,20.927483333333335,2025-26,25.0
1773821122358,1,4932.985,-7.99,-1.0006261740763933,SL,1.2253333333333334,2025-26,25.0
1773821251467,-1,4915.855,15.855,1.7337342810278842,TP,11.006433333333334,2025-26,25.0
1773822071681,1,4907.995,-8.0,-1.0006253908692933,SL,0.6400833333333333,2025-26,25.0
1773822254725,1,4907.892,-8.077,-1.0234414597060315,SL,0.4540166666666667,2025-26,25.0
1773822634804,-1,4892.195,17.195,2.2030749519538757,TP,13.49765,2025-26,25.0
1773823918729,1,4882.935,-8.52,-1.0737240075614367,SL,8.123266666666666,2025-26,25.0
1773825143554,1,4857.755,-7.76,-1.0006447453255964,SL,2.8775666666666666,2025-26,25.0
1773825394500,-1,4841.995,-8.16,-1.019362898188632,SL,2.7909333333333333,2025-26,25.0
1773825702904,1,4857.915,17.085,2.158559696778269,TP,19.354416666666665,2025-26,25.0
1773826933937,1,4882.962,-8.017,-1.0069078121075106,SL,1.4287,2025-26,25.0
1773827177457,-1,4866.985,-8.14,-1.0155957579538366,SL,0.9589166666666666,2025-26,25.0
1773827422528,-1,4866.105,-9.03,-1.015177065767285,SL,5.00845,2025-26,25.0
1773827785252,-1,4866.925,-8.49,-1.0513931888544892,SL,1.9803666666666666,2025-26,25.0
1773828217772,1,4883.002,-8.017,-1.0018745313671582,SL,13.414033333333334,2025-26,25.0
1773829261043,-1,4866.905,-8.24,-1.0179122915379863,SL,39.89528333333333,2025-26,25.0
1773831739402,-1,4867.015,-8.09,-1.013149655604258,SL,4.579883333333333,2025-26,25.0
1773832888668,-1,4867.025,-7.98,-1.0006269592476489,SL,12.769516666666666,2025-26,25.0
1773834119314,-1,4866.695,-8.5,-1.0234798314268514,SL,31.200333333333333,2025-26,25.0
1773836844571,1,4882.865,-7.94,-1.0095359186268278,SL,7.849633333333333,2025-26,25.0
1773837897288,1,4882.835,-8.19,-1.0453095086151882,SL,108.47925,2025-26,25.0
1773844575758,1,4882.895,-8.27,-1.0474984167194428,SL,2.816683333333333,2025-26,25.0
1773844985206,1,4883.175,-8.22,-1.0055045871559634,SL,2.1328833333333335,2025-26,25.0
1773845426280,-1,4867.138,17.138,2.1798524548460954,TP,9.8433,2025-26,25.0
1773846298473,1,4857.902,-8.207,-1.0385978233358644,SL,18.214833333333335,2025-26,25.0
1773848140553,1,4857.895,-7.96,-1.0082330588980368,SL,5.6582333333333334,2025-26,25.0
1773849036148,-1,4841.985,16.985,2.119151590767311,TP,24.149333333333335,2025-26,25.0
1773851285316,-1,4817.145,-7.9,-1.0057288351368554,SL,20.741733333333332,2025-26,25.0
1773852868999,-1,4817.125,-9.427,-1.1970793650793652,SL,65.5277,2025-26,25.0
1773856869008,1,4833.385,-8.48,-1.011329755515802,SL,3.5759333333333334,2025-26,25.0
1773857654491,-1,4816.825,-8.19,-1.001834862385321,SL,13.2519,2025-26,25.0
1773858587964,-1,4816.695,-8.93,-1.0752558699578567,SL,6.310983333333334,2025-26,25.0
1773859688133,1,4833.045,16.955,2.107520198881293,TP,133.31233333333333,2025-26,25.0
1773867900233,-1,4842.055,-7.95,-1.000629326620516,SL,25.084233333333334,2025-26,25.0
1773869834607,1,4857.925,-7.96,-1.004416403785489,SL,22.216533333333334,2025-26,25.0
1773871588114,-1,4841.678,-8.327,-1.0006008171112712,SL,5.027566666666667,2025-26,25.0
1773872700136,1,4857.855,-7.9,-1.0057288351368554,SL,95.16145,2025-26,25.0
1773883817591,-1,4841.695,16.695,2.0102347983142685,TP,48.64423333333333,2025-26,25.0
1773887034449,-1,4817.105,17.105,2.1665611146295123,TP,11.646933333333333,2025-26,25.0
1773887785677,1,4807.812,-7.827,-1.001920122887865,SL,0.9494833333333333,2025-26,25.0
1773887892118,-1,4792.075,-7.97,-1.0056782334384857,SL,0.9069666666666667,2025-26,25.0
1773888059738,-1,4792.135,17.135,2.178639542275906,TP,5.360133333333334,2025-26,25.0
1773888455209,-1,4766.755,16.755,2.0321406913280775,TP,5.826933333333334,2025-26,25.0
1773888841584,1,4757.865,-7.97,-1.0133502860775587,SL,1.4223833333333333,2025-26,25.0
1773888972376,1,4758.005,16.995,2.1230480949406623,TP,10.6514,2025-26,25.0
1773889753042,1,4782.865,-7.92,-1.006993006993007,SL,8.063216666666667,2025-26,25.0
1773890540049,-1,4766.905,16.905,2.0883261272390365,TP,21.705566666666666,2025-26,25.0
1773892621265,-1,4742.015,17.015,2.1308703819661865,TP,8.663183333333333,2025-26,25.0
1773893297926,-1,4716.805,-8.44,-1.0298962782184258,SL,7.606066666666667,2025-26,25.0
1773893880137,1,4732.875,-7.92,-1.0057142857142858,SL,8.117083333333333,2025-26,25.0
1773894581680,-1,4715.198,15.198,1.550499897980004,TP,4.389433333333334,2025-26,25.0
1773894908995,1,4707.885,-7.99,-1.0133164235890932,SL,5.302416666666667,2025-26,25.0
1773895346303,-1,4691.255,-8.947,-1.0230989136649513,SL,4.29385,2025-26,25.0
1773895657886,1,4707.965,-7.98,-1.0018832391713748,SL,20.848966666666666,2025-26,25.0
1773897193244,-1,4692.005,-8.627,-1.0790494058786742,SL,2.539266666666667,2025-26,25.0
1773897425838,1,4708.052,16.948,2.1048186785891705,TP,16.090133333333334,2025-26,25.0
1773898511656,-1,4716.795,16.795,2.0469226081657528,TP,16.121333333333332,2025-26,25.0
1773899736106,1,4708.002,-8.167,-1.0206198450387403,SL,3.322583333333333,2025-26,25.0
1773900077484,1,4708.005,-8.157,-1.0189881324172392,SL,9.862583333333333,2025-26,25.0
1773901067576,-1,4691.835,16.835,2.061849357011635,TP,2.7887166666666667,2025-26,25.0
1773901285319,1,4682.985,-8.03,-1.0056355666875392,SL,10.1527,2025-26,25.0
1773901913636,1,4683.845,16.155,1.826455624646693,TP,1.8004,2025-26,25.0
1773902057730,-1,4692.068,-8.037,-1.0132375189107412,SL,0.4112166666666667,2025-26,25.0
1773902180323,-1,4692.035,17.035,2.138731952291274,TP,16.777516666666667,2025-26,25.0
1773903458317,-1,4666.545,-8.557,-1.0120638675340035,SL,0.9736833333333333,2025-26,25.0
1773903671119,1,4682.995,-8.05,-1.0068792995622264,SL,34.577216666666665,2025-26,25.0
1773905922021,1,4682.955,-7.98,-1.0031426775612822,SL,2.7741,2025-26,25.0
1773906142645,-1,4666.848,16.848,2.0667320902845927,TP,19.41395,2025-26,25.0
1773907779074,1,4632.975,-8.57,-1.0746081504702194,SL,0.5173833333333333,2025-26,25.0
1773907909426,-1,4616.205,-8.86,-1.007390562819784,SL,1.2338666666666667,2025-26,25.0
1773908040417,-1,4616.845,-8.2,-1.0055180870631515,SL,2.7466666666666666,2025-26,25.0
1773908393722,-1,4616.698,16.698,2.0113225728740063,TP,20.3358,2025-26,25.0
1773909758145,-1,4591.482,16.482,1.9349612585113876,TP,1.39295,2025-26,25.0
1773909863138,-1,4565.865,15.865,1.7367268746579092,TP,1.45615,2025-26,25.0
1773909999413,1,4558.195,-8.25,-1.0067114093959733,SL,0.6860166666666667,2025-26,25.0
1773910065076,-1,4541.845,-8.21,-1.0067443286327407,SL,1.4917166666666666,2025-26,25.0
1773910172970,1,4557.945,17.055,2.146633102580239,TP,5.309716666666667,2025-26,25.0
1773910631812,1,4583.095,-8.474,-1.046819024088944,SL,2.3174,2025-26,25.0
1773910810341,-1,4566.091,16.091,1.8061510831743182,TP,1.0332166666666667,2025-26,25.0
1773910924679,-1,4516.755,-8.43,-1.0224378411158277,SL,1.5707166666666668,2025-26,25.0
1773911025459,1,4533.035,16.965,2.1113876789047916,TP,1.2301666666666666,2025-26,25.0
1773911108701,1,4558.465,-8.51,-1.0053160070880094,SL,1.2301166666666667,2025-26,25.0
1773911247098,1,4558.215,-8.25,-1.0042604990870359,SL,0.04745,2025-26,25.0
1773911262503,1,4558.155,-8.28,-1.015328019619865,SL,0.7053833333333334,2025-26,25.0
1773911351856,-1,4541.065,16.065,1.7979854504756576,TP,6.464666666666667,2025-26,25.0
1773911760593,1,4533.042,16.958,2.108679432976871,TP,1.0666,2025-26,25.0
1773911843756,1,4558.135,16.865,2.073140749846343,TP,3.161766666666667,2025-26,25.0
1773912122695,-1,4566.945,-8.057,-1.0002482929857233,SL,1.1471666666666667,2025-26,25.0
1773912634072,-1,4566.985,-8.36,-1.0430442919525889,SL,0.8835333333333333,2025-26,25.0
1773912780690,-1,4567.018,-8.207,-1.0281884239538963,SL,1.3121833333333333,2025-26,25.0
1773912894978,1,4583.455,-8.69,-1.0277942046126551,SL,0.23158333333333334,2025-26,25.0
1773912955479,-1,4567.075,-8.05,-1.0157728706624605,SL,2.2975666666666665,2025-26,25.0
1773913143571,-1,4566.755,16.755,2.0321406913280775,TP,1.7044833333333334,2025-26,25.0
1773913285650,1,4558.702,-8.727,-1.00287290278097,SL,5.029866666666667,2025-26,25.0
1773913652896,-1,4541.725,-8.307,-1.003867069486405,SL,1.6670166666666666,2025-26,25.0
1773913784220,1,4558.145,16.855,2.0693677102516883,TP,2.1756333333333333,2025-26,25.0
1773913993315,1,4583.085,16.915,2.0921459492888066,TP,1.9260833333333334,2025-26,25.0
1773914173629,1,4608.165,16.835,2.061849357011635,TP,3.845083333333333,2025-26,25.0
1773914450371,1,4633.035,-8.31,-1.0342252644679526,SL,3.692633333333333,2025-26,25.0
1773914731376,1,4632.955,-8.1,-1.0182275298554369,SL,1.4473,2025-26,25.0
1773914842403,1,4633.235,-8.29,-1.0066788099574986,SL,0.7204833333333334,2025-26,25.0
1773915063564,1,4633.105,-8.21,-1.012954966070327,SL,2.4235333333333333,2025-26,25.0
1773915287677,1,4633.065,-8.08,-1.0018598884066956,SL,0.6767833333333333,2025-26,25.0
1773915352918,-1,4616.985,-8.187,-1.021459762944479,SL,0.40326666666666666,2025-26,25.0
1773916036035,-1,4591.879,-8.223,-1.0125600295530106,SL,4.98925,2025-26,25.0
1773916501343,1,4608.565,16.435,1.918855808523059,TP,16.94185,2025-26,25.0
1773917727287,-1,4617.025,17.025,2.134796238244514,TP,4.270266666666667,2025-26,25.0
1773918026493,1,4608.251,-8.673,-1.0511453157193067,SL,0.08813333333333333,2025-26,25.0
1773918069199,1,4607.972,-8.147,-1.0219518314099347,SL,0.5845,2025-26,25.0
1773918264734,1,4607.875,17.125,2.1746031746031744,TP,1.34435,2025-26,25.0
1773918508549,-1,4616.898,-8.527,-1.052456183658356,SL,5.687133333333334,2025-26,25.0
1773918965771,-1,4617.055,17.055,2.146633102580239,TP,10.6408,2025-26,25.0
1773919874306,-1,4592.015,17.015,2.1308703819661865,TP,2.6771833333333332,2025-26,25.0
1773920135560,1,4582.945,-7.99,-1.0056639395846445,SL,1.8035833333333333,2025-26,25.0
1773920732440,-1,4566.269,-10.086,-1.1551941358378193,SL,2.7839666666666667,2025-26,25.0
1773921406185,1,4607.905,-8.4,-1.0626185958254268,SL,1.1808,2025-26,25.0
1773921697872,1,4608.131,16.869,2.0746525642602385,TP,6.37285,2025-26,25.0
1773922170975,-1,4616.995,16.995,2.1230480949406623,TP,7.189133333333333,2025-26,25.0
1773922792127,1,4607.945,-8.14,-1.024543738200126,SL,7.5796,2025-26,25.0
1773923505584,-1,4591.995,-8.1,-1.0118675827607746,SL,8.809833333333334,2025-26,25.0
1773924134881,1,4607.905,-8.02,-1.0145477545857053,SL,0.81375,2025-26,25.0
1773924549496,-1,4592.045,17.045,2.1426775612822127,TP,21.441366666666667,2025-26,25.0
1773925888927,1,4583.025,-8.09,-1.0080996884735203,SL,4.24755,2025-26,25.0
1773926189696,1,4582.955,17.045,2.1426775612822127,TP,3.9365666666666668,2025-26,25.0
1773927021895,1,4607.895,-7.92,-1.0031665611146294,SL,6.50505,2025-26,25.0
1773927502137,1,4607.885,17.115,2.170577045022194,TP,14.392116666666666,2025-26,25.0
1773928568278,-1,4617.145,17.145,2.1826861871419476,TP,39.63698333333333,2025-26,25.0
1773931278951,1,4607.905,17.095,2.1625553447185326,TP,18.7451,2025-26,25.0
1773932447298,1,4632.955,17.045,2.1426775612822127,TP,6.0238,2025-26,25.0
1773932948201,1,4658.055,-8.41,-1.0440720049658596,SL,0.55425,2025-26,25.0
1773933019210,-1,4642.105,-8.23,-1.0424319189360354,SL,0.30505,2025-26,25.0
1773933063480,1,4658.005,-8.066,-1.0076202373516552,SL,1.94685,2025-26,25.0
1773933273097,1,4657.895,-8.02,-1.0158328055731476,SL,1.6849333333333334,2025-26,25.0
1773933445192,1,4657.992,-8.027,-1.0043793793793794,SL,1.6978166666666668,2025-26,25.0
1773933573246,1,4657.955,-8.382,-1.0536769327467002,SL,1.2911666666666666,2025-26,25.0
1773933794275,1,4658.435,-9.46,-1.121517486662715,SL,0.7636833333333334,2025-26,25.0
1773933924016,-1,4641.988,-8.417,-1.0505491762356465,SL,31.6359,2025-26,25.0
1773936565861,1,4657.885,-8.01,-1.015852885225111,SL,7.521333333333334,2025-26,25.0
1773943248013,1,4658.945,-9.047,-1.0114030184460592,SL,1.7676333333333334,2025-26,25.0
1773944490844,-1,4666.875,16.875,2.076923076923077,TP,13.264816666666666,2025-26,25.0
1773945508536,1,4657.855,-7.89,-1.0044557606619988,SL,3.69465,2025-26,25.0
1773946328897,-1,4642.078,-8.017,-1.011991921232012,SL,69.20315,2025-26,25.0
1773950935780,1,4658.055,-8.18,-1.0155183116076971,SL,14.727433333333334,2025-26,25.0
1773951847851,-1,4642.145,-8.01,-1.01973265436028,SL,2.78025,2025-26,25.0
1773953121644,1,4657.885,-7.9,-1.0019023462270134,SL,12.965016666666667,2025-26,25.0
1773954016723,-1,4642.115,-7.9,-1.0019023462270134,SL,0.42543333333333333,2025-26,25.0
1773954052843,1,4658.085,16.915,2.0921459492888066,TP,5.9058166666666665,2025-26,25.0
1773954595894,-1,4666.598,16.598,1.9754820280885503,TP,9.296366666666666,2025-26,25.0
1773955625939,1,4657.952,17.048,2.143863179074447,TP,7.2712,2025-26,25.0
1773956451587,1,4683.272,-8.647,-1.0453336557059962,SL,15.649816666666666,2025-26,25.0
1773957696462,1,4683.252,-8.417,-1.0199951526902569,SL,2.7904166666666668,2025-26,25.0
1773958099497,1,4683.102,16.898,2.085657862256233,TP,41.55846666666667,2025-26,25.0
1773961499771,1,4708.005,16.995,2.1230480949406623,TP,12.465583333333333,2025-26,25.0
1773965651995,-1,4717.135,-7.91,-1.0057215511760966,SL,16.039766666666665,2025-26,25.0
1773967656565,-1,4717.145,17.145,2.1826861871419476,TP,60.60175,2025-26,25.0
1773971705976,-1,4692.125,-8.177,-1.0383492063492064,SL,8.297933333333333,2025-26,25.0
1773972532735,-1,4692.045,17.045,2.1426775612822127,TP,29.2166,2025-26,25.0
1773974428582,-1,4667.098,-8.137,-1.0297393065046823,SL,5.95175,2025-26,25.0
1773974893261,-1,4666.525,-8.73,-1.0300884955752212,SL,12.6739,2025-26,25.0
1773976123335,1,4682.905,17.095,2.1625553447185326,TP,45.36408333333333,2025-26,25.0
1773979119650,1,4707.985,17.015,2.1308703819661865,TP,20.728866666666665,2025-26,25.0
1773980767917,1,4732.845,-8.47,-1.0796685787125557,SL,2.7871166666666665,2025-26,25.0
1773981044796,-1,4716.805,16.805,2.050640634533252,TP,8.724466666666666,2025-26,25.0
1773981611544,1,4707.805,-7.82,-1.0019218449711724,SL,5.234333333333334,2025-26,25.0
1773982061648,-1,4691.965,-8.11,-1.0093341630367143,SL,24.8148,2025-26,25.0
1773983815291,-1,4692.005,17.005,2.1269543464665417,TP,23.997533333333333,2025-26,25.0
1773985667810,-1,4666.855,-8.18,-1.0042971147943525,SL,2.3951166666666666,2025-26,25.0
1773986012592,-1,4667.015,17.015,2.1308703819661865,TP,27.0831,2025-26,25.0
1773987920962,1,4658.005,-8.11,-1.0131168019987509,SL,6.9271,2025-26,25.0
1773988551132,1,4657.852,-7.937,-1.010825267447784,SL,15.57265,2025-26,25.0
1773989762771,-1,4642.088,-8.287,-1.047396359959555,SL,6.692516666666666,2025-26,25.0
1773993714211,1,4682.935,-8.0,-1.0081915563957151,SL,29.16855,2025-26,25.0
1773995957082,-1,4667.095,-7.95,-1.0056925996204933,SL,7.161966666666666,2025-26,25.0
1773996512535,-1,4667.095,-8.027,-1.0154332700822264,SL,2.06865,2025-26,25.0
1773997543943,-1,4666.875,16.875,2.076923076923077,TP,25.78715,2025-26,25.0
1773999131518,1,4657.942,-8.217,-1.0346260387811634,SL,0.7617333333333334,2025-26,25.0
1773999263539,-1,4642.058,-7.957,-1.001888693024427,SL,1.7170833333333333,2025-26,25.0
1773999396767,1,4657.952,-8.387,-1.0547032193158954,SL,1.7783333333333333,2025-26,25.0
1773999655109,1,4658.255,-8.52,-1.0321017565112054,SL,0.2864833333333333,2025-26,25.0
1773999745240,1,4658.642,-8.697,-1.006364267530664,SL,7.80475,2025-26,25.0
1774000270467,-1,4642.135,17.135,2.178639542275906,TP,1.8807,2025-26,25.0
1774000544775,-1,4616.935,-8.12,-1.0068195908245505,SL,0.37975,2025-26,25.0
1774000711234,-1,4616.565,16.565,1.963841138114997,TP,13.474233333333334,2025-26,25.0
1774001604901,-1,4591.185,16.185,1.8360748723766307,TP,2.41285,2025-26,25.0
1774001824009,1,4582.985,-8.067,-1.0102692548528491,SL,0.52455,2025-26,25.0
1774001924726,-1,4566.715,-8.5,-1.0259505129752564,SL,1.1009166666666668,2025-26,25.0
1774002181808,-1,4566.865,-8.67,-1.0657652120467118,SL,0.5541666666666667,2025-26,25.0
1774002254520,-1,4566.935,-8.187,-1.0151270923744575,SL,8.074916666666667,2025-26,25.0
1774002947312,1,4583.345,-8.38,-1.0041941282204914,SL,1.6262833333333333,2025-26,25.0
1774003564686,1,4583.075,-8.09,-1.001857585139319,SL,0.28583333333333333,2025-26,25.0
1774003658274,-1,4567.005,-8.29,-1.0368980612883052,SL,0.9874833333333334,2025-26,25.0
1774003793835,-1,4566.615,16.615,1.981514609421586,TP,5.271533333333333,2025-26,25.0
1774004137837,1,4558.185,16.815,2.0543677458766036,TP,6.33575,2025-26,25.0
1774004647541,-1,4567.075,-7.987,-1.0078233438485804,SL,1.12825,2025-26,25.0
1774004802762,-1,4566.935,-8.367,-1.0374457532548047,SL,6.156866666666667,2025-26,25.0
1774005390331,-1,4566.815,-8.38,-1.0238240684178375,SL,7.2729333333333335,2025-26,25.0
1774005867785,-1,4566.785,16.785,2.0432136335970785,TP,1.46885,2025-26,25.0
1774005997200,-1,4542.025,-8.067,-1.0115360501567399,SL,1.0865166666666666,2025-26,25.0
1774006147589,1,4558.332,16.668,2.00048007681229,TP,4.844433333333333,2025-26,25.0
1774006504678,-1,4566.315,16.315,1.8785261945883707,TP,13.560983333333333,2025-26,25.0
1774007530010,1,4558.085,16.915,2.0921459492888066,TP,12.311983333333334,2025-26,25.0
1774008731075,1,4583.245,16.755,2.0321406913280775,TP,7.198633333333333,2025-26,25.0
1774009232980,1,4608.202,-8.287,-1.0103633260180445,SL,2.87895,2025-26,25.0
1774009537874,-1,4592.025,17.025,2.134796238244514,TP,6.124716666666667,2025-26,25.0
1774010032302,1,4582.945,-8.32,-1.0471994965387035,SL,13.729016666666666,2025-26,25.0
1774011308540,1,4583.152,-8.397,-1.030053974484789,SL,10.563716666666666,2025-26,25.0
1774011978988,1,4582.962,17.038,2.1399145943230344,TP,2.320883333333333,2025-26,25.0
1774012172274,-1,4592.098,17.098,2.1637560111364214,TP,7.5976,2025-26,25.0
1774013477335,-1,4566.445,-8.657,-1.0119228521332555,SL,22.1675,2025-26,25.0
1774015792408,-1,4566.978,-8.044,-1.0027424582398405,SL,3.2223333333333333,2025-26,25.0
1774016048835,-1,4566.885,16.885,2.0807147258163896,TP,8.442983333333334,2025-26,25.0
1774016840650,1,4558.025,-8.05,-1.0031152647975077,SL,4.633683333333333,2025-26,25.0
1774017463915,-1,4541.998,16.998,2.124218945263684,TP,7.72995,2025-26,25.0
1774018035266,-1,4516.335,16.335,1.8851702250432776,TP,7.95315,2025-26,25.0
1774018806053,1,4508.082,-8.317,-1.0290769611482307,SL,4.7578,2025-26,25.0
1774019186810,-1,4491.835,-8.21,-1.005511328842621,SL,1.1961166666666667,2025-26,25.0
1774019486432,-1,4491.858,-8.727,-1.0718496683861458,SL,1.7480833333333334,2025-26,25.0
1774019740346,1,4508.165,-8.267,-1.0124923453766075,SL,1.2702166666666668,2025-26,25.0
1774020109301,-1,4491.905,-8.19,-1.0117356392835084,SL,8.1899,2025-26,25.0
1774020660573,1,4508.425,-8.51,-1.0100890207715134,SL,1.4279166666666667,2025-26,25.0
1774020807732,1,4508.265,-8.74,-1.0574712643678161,SL,0.9470666666666666,2025-26,25.0
1774021145571,1,4508.215,-8.4,-1.0225197808886184,SL,17.910566666666668,2025-26,25.0
1774023451969,1,4507.975,-7.98,-1.0006269592476489,SL,14.706316666666666,2025-26,25.0
1774025957788,-1,4487.425,12.425,0.9880715705765407,TP,2940.77395,2025-26,25.0
1774202442970,1,4483.825,-9.027,-1.0228895184135978,SL,1.7434833333333333,2025-26,25.0
1774202552268,-1,4465.305,-9.72,-1.002578648788035,SL,2.2423166666666665,2025-26,25.0
1774202743092,1,4483.425,16.575,1.967359050445104,TP,0.7008,2025-26,25.0
1774202791206,-1,4491.495,-9.557,-1.123691945914168,SL,0.6363,2025-26,25.0
1774202844869,1,4509.035,-9.3,-1.0293303818483674,SL,0.65045,2025-26,25.0
1774202909561,-1,4489.348,-12.554,-1.1785580172737513,SL,0.18828333333333333,2025-26,25.0
1774202930446,1,4508.445,-8.65,-1.0242747187685022,SL,3.1231166666666668,2025-26,25.0
1774203162765,-1,4489.558,-11.534,-1.1045776671135799,SL,0.26355,2025-26,25.0
1774204113433,1,4532.905,-8.31,-1.0512333965844403,SL,1.2595,2025-26,25.0
1774204369413,-1,4516.845,16.845,2.065603923973023,TP,24.48365,2025-26,25.0
1774206112990,1,4508.651,-8.903,-1.02912958039533,SL,1.8639833333333333,2025-26,25.0
1774206426004,-1,4491.248,-8.787,-1.0039990859232175,SL,9.561083333333332,2025-26,25.0
1774208570965,1,4483.022,-8.237,-1.0268012964348043,SL,5.712033333333333,2025-26,25.0
1774208917283,-1,4466.925,16.925,2.0959752321981426,TP,14.859566666666666,2025-26,25.0
1774210181212,-1,4441.665,16.665,1.9994001199760048,TP,5.628533333333333,2025-26,25.0
1774210875813,1,4433.285,-8.31,-1.0030175015087508,SL,0.9842833333333333,2025-26,25.0
1774210996586,1,4433.115,-8.12,-1.0006161429451632,SL,5.230333333333333,2025-26,25.0
1774211435566,1,4432.995,-8.36,-1.0456535334584116,SL,1.2421333333333333,2025-26,25.0
1774211641868,-1,4416.865,16.865,2.073140749846343,TP,0.7344833333333334,2025-26,25.0
1774211710791,-1,4391.355,16.355,1.891844997108155,TP,0.2158,2025-26,25.0
1774211755440,-1,4366.275,16.275,1.8653295128939829,TP,0.7478666666666667,2025-26,25.0
1774211829106,-1,4340.088,-10.197,-1.0287530266343825,SL,0.30343333333333333,2025-26,25.0
1774211849136,-1,4342.298,-8.357,-1.0850428460140222,SL,0.8164833333333333,2025-26,25.0
1774211912801,-1,4339.025,-11.72,-1.0678815489749431,SL,0.8903666666666666,2025-26,25.0
1774211976605,1,4359.505,-10.1,-1.0625986322987901,SL,0.37955,2025-26,25.0
1774212005366,1,4358.535,-8.937,-1.0471001757469245,SL,0.05235,2025-26,25.0
1774212063846,1,4358.805,-8.887,-1.00931289040318,SL,0.22263333333333332,2025-26,25.0
1774212096148,1,4359.105,-9.357,-1.027677100494234,SL,0.20511666666666667,2025-26,25.0
1774212182801,1,4357.902,-7.967,-1.0082257656289546,SL,2.3969833333333335,2025-26,25.0
1774212668608,1,4357.975,-8.07,-1.0119122257053292,SL,0.9143,2025-26,25.0
1774212752867,-1,4341.578,16.578,1.9684160531940156,TP,0.2673,2025-26,25.0
1774212807591,1,4334.225,-9.25,-1.002710027100271,SL,0.25793333333333335,2025-26,25.0
1774212890678,1,4333.465,16.535,1.9533372711163615,TP,3.01005,2025-26,25.0
1774213204202,-1,4339.535,-11.047,-1.0556139512661251,SL,0.6075666666666667,2025-26,25.0
1774213254663,-1,4341.415,-9.74,-1.1345369831100758,SL,0.45813333333333334,2025-26,25.0
1774213291690,1,4358.445,-8.7,-1.030195381882771,SL,0.6059,2025-26,25.0
1774213357555,1,4358.295,16.705,2.013863773357444,TP,1.6239333333333332,2025-26,25.0
1774213510814,1,4383.422,16.578,1.9684160531940156,TP,3.1267666666666667,2025-26,25.0
1774213871880,1,4408.455,16.545,1.9568302779420461,TP,4.8304,2025-26,25.0
1774214173223,-1,4416.775,-8.82,-1.0723404255319149,SL,0.5056166666666667,2025-26,25.0
1774214299334,1,4433.275,-8.457,-1.0219939577039274,SL,0.26456666666666667,2025-26,25.0
1774214341314,1,4433.385,-8.41,-1.0029815146094216,SL,1.2044333333333332,2025-26,25.0
1774214532471,1,4433.135,-8.31,-1.0215119852489245,SL,3.212483333333333,2025-26,25.0
1774215035563,-1,4415.848,-9.947,-1.0868662587412588,SL,0.1261,2025-26,25.0
1774215059222,1,4433.145,16.855,2.0693677102516883,TP,2.8381666666666665,2025-26,25.0
1774215269546,-1,4441.325,-8.8,-1.0144092219020173,SL,3.6616,2025-26,25.0
1774216101878,-1,4414.065,14.065,1.2862368541380886,TP,8.844033333333334,2025-26,25.0
1774216917023,1,4407.899,-8.451,-1.0698822635776681,SL,8.529,2025-26,25.0
1774217453228,1,4408.295,-8.467,-1.0207353827606993,SL,1.63295,2025-26,25.0
1774217608601,-1,4391.895,-9.85,-1.21529919802591,SL,1.6498,2025-26,25.0
1774218024812,1,4408.485,-9.28,-1.0936947554507954,SL,7.78455,2025-26,25.0
1774218682257,-1,4391.915,16.915,2.0921459492888066,TP,6.4349,2025-26,25.0
1774219440467,1,4382.985,-8.07,-1.010644959298685,SL,1.5480666666666667,2025-26,25.0
1774219990423,-1,4367.038,-8.377,-1.0521225822657623,SL,9.0958,2025-26,25.0
1774220650819,-1,4366.915,16.915,2.0921459492888066,TP,8.246666666666666,2025-26,25.0
1774221406973,1,4358.525,-8.72,-1.0228739002932552,SL,8.9583,2025-26,25.0
1774222243065,1,4357.812,-7.867,-1.0070404505888377,SL,5.34675,2025-26,25.0
1774222851135,-1,4341.245,-8.85,-1.0108509423186751,SL,6.81465,2025-26,25.0
1774223494278,1,4357.925,-7.987,-1.0078233438485804,SL,6.2387,2025-26,25.0
1774224009033,1,4357.965,17.035,2.138731952291274,TP,35.96375,2025-26,25.0
1774227000851,-1,4366.948,-8.097,-1.0055886736214605,SL,11.973616666666667,2025-26,25.0
1774228717982,-1,4366.875,16.875,2.076923076923077,TP,11.4643,2025-26,25.0
1774229675700,1,4333.085,-8.15,-1.008039579468151,SL,4.43275,2025-26,25.0
1774230716426,-1,4317.318,17.318,2.2543608435303306,TP,10.649,2025-26,25.0
1774231675449,1,4282.995,-8.85,-1.1069418386491556,SL,0.7040166666666666,2025-26,25.0
1774231837690,1,4283.025,-8.11,-1.0105919003115265,SL,0.3727,2025-26,25.0
1774232066196,1,4282.965,17.035,2.138731952291274,TP,0.6559,2025-26,25.0
1774232119205,1,4308.185,-8.427,-1.0295662797800855,SL,0.5585666666666667,2025-26,25.0
1774232201660,-1,4291.835,16.835,2.061849357011635,TP,5.392233333333333,2025-26,25.0
1774232747569,1,4283.075,-8.11,-1.0043343653250774,SL,0.5581833333333334,2025-26,25.0
1774232876038,-1,4267.015,17.015,2.1308703819661865,TP,1.3632,2025-26,25.0
1774233261042,1,4233.395,-8.47,-1.0089338892197737,SL,2.0207,2025-26,25.0
1774233397667,-1,4216.878,-8.207,-1.0104654026101945,SL,0.9005166666666666,2025-26,25.0
1774233472159,-1,4216.928,-8.127,-1.0068136769078295,SL,0.4070666666666667,2025-26,25.0
1774233535269,1,4233.255,-9.38,-1.1362810417928528,SL,3.3655,2025-26,25.0
1774233764552,-1,4216.905,16.905,2.0883261272390365,TP,0.7391833333333333,2025-26,25.0
1774233835873,-1,4191.495,-8.8,-1.0346854791299236,SL,0.08448333333333333,2025-26,25.0
1774233888780,-1,4191.935,-8.11,-1.0055796652200868,SL,1.0917666666666668,2025-26,25.0
1774233963178,-1,4191.515,16.515,1.9463759575721862,TP,1.3388333333333333,2025-26,25.0
1774234061079,-1,4167.078,-8.094,-1.0217116889674325,SL,0.7625166666666666,2025-26,25.0
1774234111958,1,4183.165,16.835,2.061849357011635,TP,1.18705,2025-26,25.0
1774234472983,-1,4216.615,-9.14,-1.090041741204532,SL,0.7757666666666667,2025-26,25.0
1774234722884,-1,4216.735,-8.437,-1.020810647307925,SL,1.2293666666666667,2025-26,25.0
1774234889850,-1,4190.975,-9.15,-1.0138504155124655,SL,0.5498,2025-26,25.0
1774235005158,-1,4190.165,15.165,1.541942043721403,TP,1.7540666666666667,2025-26,25.0
1774235183796,-1,4164.558,14.558,1.3941773606588777,TP,1.7870166666666667,2025-26,25.0
1774235393942,1,4161.125,-11.307,-1.0163595505617977,SL,1.5964333333333334,2025-26,25.0
1774235515434,-1,4141.015,-9.3,-1.0350584307178632,SL,0.08283333333333333,2025-26,25.0
1774235575549,-1,4140.945,-10.13,-1.1187189398122583,SL,0.1555,2025-26,25.0
1774235612458,-1,4140.835,15.835,1.7277686852154936,TP,1.50145,2025-26,25.0
1774235718920,1,4134.255,-9.347,-1.0099405726634252,SL,0.30933333333333335,2025-26,25.0
1774235813558,1,4133.435,16.565,1.963841138114997,TP,0.24818333333333334,2025-26,25.0
1774235857706,-1,4141.298,16.298,1.872902780969892,TP,0.7139333333333333,2025-26,25.0
1774235938667,-1,4116.685,16.685,2.006614552014432,TP,3.3269166666666665,2025-26,25.0
1774236147769,1,4108.155,16.845,2.065603923973023,TP,1.6408833333333332,2025-26,25.0
1774236351811,-1,4115.525,-9.54,-1.0068601583113457,SL,0.3297333333333333,2025-26,25.0
1774236393371,-1,4116.285,-9.42,-1.080895008605852,SL,0.5211333333333333,2025-26,25.0
1774236434438,1,4134.012,-9.654,-1.0712383488681758,SL,0.4975833333333333,2025-26,25.0
1774236484711,-1,4116.238,-9.637,-1.0998630449669025,SL,0.5387,2025-26,25.0
1774236528583,1,4133.702,-9.034,-1.0381521489312802,SL,0.5303166666666667,2025-26,25.0
1774236597607,1,4133.642,16.358,1.8928488775746355,TP,1.4711166666666666,2025-26,25.0
1774236740612,-1,4141.198,-9.127,-1.0369234264939786,SL,0.8563333333333333,2025-26,25.0
1774236831124,1,4159.205,15.795,1.7159152634437806,TP,2.6658,2025-26,25.0
1774237004093,1,4183.622,-8.677,-1.0063790303873812,SL,3.3771666666666667,2025-26,25.0
1774237236078,1,4183.225,16.775,2.0395136778115504,TP,0.8709833333333333,2025-26,25.0
1774237344827,-1,4191.615,-8.417,-1.0038163387000596,SL,0.8199166666666666,2025-26,25.0
1774237477009,1,4208.265,16.735,2.0248033877797944,TP,2.3038833333333333,2025-26,25.0
1774237658198,-1,4216.428,-8.727,-1.018082127858143,SL,0.4116166666666667,2025-26,25.0
1774237713569,1,4233.665,-8.747,-1.009463358338142,SL,0.19158333333333333,2025-26,25.0
1774237759408,-1,4216.518,16.518,1.9474180617778827,TP,3.692466666666667,2025-26,25.0
1774238015374,-1,4191.608,-8.407,-1.001787416587226,SL,0.6793666666666667,2025-26,25.0
1774238117902,-1,4191.495,-9.03,-1.0617283950617284,SL,1.3061166666666666,2025-26,25.0
1774238282505,-1,4191.875,-8.717,-1.0728615384615385,SL,0.7546166666666667,2025-26,25.0
1774238402570,1,4207.982,17.018,2.132047105988474,TP,0.6262,2025-26,25.0
1774238502881,-1,4217.005,-8.11,-1.0143839899937461,SL,1.1593666666666667,2025-26,25.0
1774238666634,-1,4216.615,-8.57,-1.0220632081097198,SL,1.6386,2025-26,25.0
1774238790381,1,4233.222,-8.377,-1.0188518608611044,SL,3.83705,2025-26,25.0
1774239079296,1,4233.162,16.838,2.0629747610879687,TP,3.138716666666667,2025-26,25.0
1774239384924,-1,4241.935,16.935,2.0998140111593306,TP,1.4037333333333333,2025-26,25.0
1774239528419,-1,4216.958,-8.254,-1.026361601591644,SL,1.35995,2025-26,25.0
1774239622936,-1,4216.878,-8.747,-1.076951489780842,SL,2.5833166666666667,2025-26,25.0
1774239835561,-1,4216.395,-8.827,-1.0257989540964556,SL,0.6366666666666667,2025-26,25.0
1774239910576,-1,4216.955,-8.13,-1.0105655686761963,SL,1.0005333333333333,2025-26,25.0
1774239993811,-1,4217.025,-8.06,-1.0106583072100312,SL,1.34165,2025-26,25.0
1774240173307,1,4233.385,-8.6,-1.0256410256410255,SL,0.45316666666666666,2025-26,25.0
1774240221098,1,4233.055,16.945,2.1036623215394163,TP,2.1162833333333335,2025-26,25.0
1774240373122,1,4258.055,-8.18,-1.0155183116076971,SL,4.007383333333333,2025-26,25.0
1774240682535,-1,4241.505,-8.72,-1.0264861683343143,SL,3.661033333333333,2025-26,25.0
1774240936760,1,4258.065,-8.12,-1.0068195908245505,SL,0.7856166666666666,2025-26,25.0
1774241022426,-1,4242.025,-8.78,-1.1009404388714734,SL,0.5036833333333334,2025-26,25.0
1774241389155,-1,4241.965,16.965,2.1113876789047916,TP,6.15745,2025-26,25.0
1774241838335,1,4233.055,16.945,2.1036623215394163,TP,1.9789166666666667,2025-26,25.0
1774242046108,1,4258.375,-8.61,-1.0280597014925372,SL,0.31023333333333336,2025-26,25.0
1774242284044,1,4258.155,-8.23,-1.009196811771919,SL,4.411683333333333,2025-26,25.0
1774242948050,1,4283.082,16.918,2.093293739173472,TP,7.289166666666667,2025-26,25.0
1774243466306,-1,4290.845,-9.38,-1.0245767340251228,SL,3.1192166666666665,2025-26,25.0
1774243833750,1,4308.105,-8.26,-1.0191239975323874,SL,0.70685,2025-26,25.0
1774243940733,-1,4291.408,16.408,1.909683426443203,TP,4.375,2025-26,25.0
1774244215502,-1,4266.815,16.815,2.0543677458766036,TP,2.6324833333333335,2025-26,25.0
1774244753345,1,4233.025,16.975,2.115264797507788,TP,12.8144,2025-26,25.0
1774245851187,1,4257.895,-7.947,-1.0065864471184294,SL,33.34335,2025-26,25.0
1774247950822,-1,4241.415,-8.71,-1.0145602795573676,SL,2.06135,2025-26,25.0
1774248139418,1,4257.845,-8.1,-1.0325047801147227,SL,4.230333333333333,2025-26,25.0
1774248585906,1,4257.985,17.015,2.1308703819661865,TP,0.6970666666666666,2025-26,25.0
1774248715911,-1,4267.105,-8.16,-1.033565547815073,SL,8.201033333333333,2025-26,25.0
1774249241920,1,4282.955,17.045,2.1426775612822127,TP,4.620683333333333,2025-26,25.0
1774249527157,1,4308.125,16.875,2.076923076923077,TP,0.26416666666666666,2025-26,25.0
1774249574691,1,4358.772,16.228,1.8499772001823986,TP,0.5880166666666666,2025-26,25.0
1774249623195,1,4384.512,15.488,1.6282590412111018,TP,0.2901166666666667,2025-26,25.0
1774249647125,1,4408.265,-8.407,-1.0171808832425893,SL,0.12025,2025-26,25.0
1774249656094,-1,4391.615,-8.45,-1.0077519379844961,SL,0.01265,2025-26,25.0
1774249661083,1,4408.735,-8.87,-1.0154550658271322,SL,0.38626666666666665,2025-26,25.0
1774249685376,-1,4390.745,-10.69,-1.15505132360886,SL,0.021066666666666668,2025-26,25.0
1774249687731,-1,4389.085,-12.26,-1.1232249198350894,SL,0.5956666666666667,2025-26,25.0
1774249742641,-1,4391.365,-8.92,-1.0330052113491603,SL,0.0271,2025-26,25.0
1774249756842,1,4411.615,-11.657,-1.0036160137752905,SL,0.06751666666666667,2025-26,25.0
1774249799671,1,4408.822,-9.317,-1.0561097256857854,SL,0.16041666666666668,2025-26,25.0
1774249823701,1,4409.515,15.485,1.627430373095113,TP,0.37316666666666665,2025-26,25.0
1774249884427,1,4459.845,-10.78,-1.094972067039106,SL,0.17066666666666666,2025-26,25.0
1774249896874,-1,4440.455,15.455,1.6191723415400734,TP,0.3309166666666667,2025-26,25.0
1774249922762,1,4436.482,-12.864,-1.120362306218429,SL,0.08191666666666667,2025-26,25.0
1774249928546,-1,4415.778,-9.934,-1.0772066796790285,SL,0.07068333333333333,2025-26,25.0
1774249934358,-1,4415.565,-10.137,-1.0744038155802862,SL,0.13916666666666666,2025-26,25.0
1774249964340,1,4435.215,14.785,1.4473813020068527,TP,1.8867,2025-26,25.0
1774250089810,1,4459.552,-10.104,-1.0577889447236182,SL,0.33936666666666665,2025-26,25.0
1774250116802,-1,4441.098,16.098,1.8083576724331611,TP,0.6372,2025-26,25.0
1774250335117,-1,4391.005,-10.72,-1.1917732073374097,SL,0.06016666666666667,2025-26,25.0
1774250348798,-1,4390.335,-9.747,-1.0084842214174858,SL,0.8725833333333334,2025-26,25.0
1774250416180,-1,4388.518,13.518,1.1773210242118097,TP,0.5185333333333333,2025-26,25.0
1774250469543,-1,4364.775,-11.14,-1.0894865525672373,SL,0.1764,2025-26,25.0
1774250530467,-1,4364.005,-11.237,-1.0220100045475216,SL,1.6784833333333333,2025-26,25.0
1774250654512,-1,4365.145,-10.46,-1.0613901572805682,SL,0.6363166666666666,2025-26,25.0
1774250703469,1,4384.025,15.975,1.7700831024930748,TP,1.614,2025-26,25.0
1774250847342,-1,4391.208,-8.807,-1.0017060964513194,SL,0.3600333333333333,2025-26,25.0
1774250878501,-1,4390.508,15.508,1.633796881584492,TP,0.9301166666666667,2025-26,25.0
1774250943885,1,4384.002,-9.054,-1.0057764941124194,SL,0.26613333333333333,2025-26,25.0
1774251080852,1,4409.425,15.575,1.6525198938992043,TP,3.0843833333333333,2025-26,25.0
1774251282599,-1,4416.605,-8.85,-1.0541989279332937,SL,1.0656,2025-26,25.0
1774251435234,-1,4416.905,16.905,2.0883261272390365,TP,1.0016833333333333,2025-26,25.0
1774251572566,1,4409.395,-9.877,-1.0513038850452368,SL,0.6382333333333333,2025-26,25.0
1774251623796,-1,4391.905,-8.92,-1.1019147621988883,SL,2.1702666666666666,2025-26,25.0
1774251793915,1,4408.655,-9.06,-1.0467937608318891,SL,3.69065,2025-26,25.0
1774252049394,-1,4391.335,-8.69,-1.0028851702250432,SL,5.969383333333333,2025-26,25.0
1774252422245,1,4408.202,-8.307,-1.012801755669349,SL,1.3605833333333333,2025-26,25.0
1774252519160,-1,4391.545,16.545,1.9568302779420461,TP,2.002266666666667,2025-26,25.0
1774252859464,-1,4367.168,17.168,2.192032686414709,TP,4.452566666666667,2025-26,25.0
1774253132395,-1,4341.855,-8.287,-1.0174340085942295,SL,1.3986666666666667,2025-26,25.0
1774253263918,-1,4341.635,-8.51,-1.0173341303048415,SL,0.84775,2025-26,25.0
1774253344356,1,4358.645,-8.67,-1.0028918449971083,SL,5.498566666666667,2025-26,25.0
1774253705335,1,4358.225,16.775,2.0395136778115504,TP,1.3081333333333334,2025-26,25.0
1774253825508,1,4383.295,16.705,2.013863773357444,TP,3.6533166666666665,2025-26,25.0
1774254252291,-1,4390.928,-9.297,-1.0248015873015872,SL,1.2054166666666666,2025-26,25.0
1774254557276,-1,4391.505,16.505,1.942907592701589,TP,1.16955,2025-26,25.0
1774254648378,1,4382.692,17.308,2.2501300052002082,TP,2.2306666666666666,2025-26,25.0
1774255293023,1,4433.315,-8.74,-1.0511124473842453,SL,0.32421666666666665,2025-26,25.0
1774255338457,1,4433.435,16.565,1.963841138114997,TP,4.847066666666667,2025-26,25.0
1774255714934,1,4458.655,-8.72,-1.0075101097631427,SL,0.6454333333333333,2025-26,25.0
1774256018612,-1,4465.875,-9.52,-1.0432876712328767,SL,2.165,2025-26,25.0
1774256179362,1,4483.265,-8.566,-1.0364186327888687,SL,1.8837666666666666,2025-26,25.0
1774256447289,-1,4466.688,16.688,2.0076997112608277,TP,1.3334666666666666,2025-26,25.0
1774256557143,-1,4441.785,-8.25,-1.0042604990870359,SL,1.3395833333333333,2025-26,25.0
1774256647463,1,4458.505,-8.88,-1.0440917107583774,SL,0.20138333333333333,2025-26,25.0
1774256723813,-1,4440.858,-9.467,-1.0355502078319843,SL,4.0176,2025-26,25.0
1774257149776,1,4459.375,-9.477,-1.01088,SL,0.5472333333333333,2025-26,25.0
1774257389602,-1,4441.035,16.035,1.7886224205242611,TP,3.3032,2025-26,25.0
1774257651673,1,4433.902,-9.147,-1.027521905189845,SL,0.71915,2025-26,25.0
1774257802823,1,4433.342,-8.387,-1.005394389834572,SL,0.5066166666666667,2025-26,25.0
1774257873879,-1,4416.908,-8.177,-1.0105042016806722,SL,2.9139666666666666,2025-26,25.0
1774258066674,-1,4416.285,-8.93,-1.0246701090074584,SL,7.369566666666667,2025-26,25.0
1774258556960,-1,4416.695,-8.5,-1.0234798314268514,SL,0.18605,2025-26,25.0
1774258612769,1,4433.345,-8.407,-1.0074295985620132,SL,1.6753833333333332,2025-26,25.0
1774258800571,1,4433.655,16.345,1.8885037550548815,TP,1.7071166666666666,2025-26,25.0
1774258918211,-1,4441.135,-9.34,-1.053581500282008,SL,0.5865833333333333,2025-26,25.0
1774259154247,1,4433.922,16.078,1.8020623178659494,TP,6.05335,2025-26,25.0
1774259550727,1,4458.452,-8.517,-1.0076904874585897,SL,2.505333333333333,2025-26,25.0
1774259745964,-1,4441.621,-8.684,-1.0364005251223296,SL,1.9493166666666666,2025-26,25.0
1774260003666,1,4458.095,16.905,2.0883261272390365,TP,2.9823833333333334,2025-26,25.0
1774260252623,-1,4466.975,-8.86,-1.1040498442367601,SL,11.600666666666667,2025-26,25.0
1774261431386,-1,4492.085,-7.92,-1.0006317119393557,SL,0.6536833333333333,2025-26,25.0
1774261519522,1,4508.095,-8.28,-1.0228536133415689,SL,1.7730333333333332,2025-26,25.0
1774261654466,1,4508.045,-8.147,-1.0126786824114358,SL,0.20548333333333332,2025-26,25.0
1774261704544,-1,4491.475,16.475,1.932551319648094,TP,1.9053833333333334,2025-26,25.0
1774261832664,1,4483.012,16.988,2.1203195207189216,TP,3.0117833333333333,2025-26,25.0
1774262062292,-1,4492.055,-8.02,-1.0094398993077407,SL,1.2695333333333334,2025-26,25.0
1774262219685,-1,4492.125,17.125,2.1746031746031744,TP,3.4855833333333335,2025-26,25.0
1774262545530,1,4482.895,-8.36,-1.058898036732109,SL,2.9076333333333335,2025-26,25.0
1774262823410,1,4483.405,-8.48,-1.008923259964307,SL,1.0570333333333333,2025-26,25.0
1774263024163,-1,4466.675,-8.477,-1.0182582582582582,SL,5.124666666666666,2025-26,25.0
1774263375978,-1,4466.578,-8.427,-1.0005936832106388,SL,0.6306833333333334,2025-26,25.0
1774263443549,-1,4466.805,-8.25,-1.0067114093959733,SL,4.1161,2025-26,25.0
1774263745879,-1,4466.898,-8.173,-1.0087632683288077,SL,0.8191833333333334,2025-26,25.0
1774263850011,-1,4466.865,-8.257,-1.0149969268592502,SL,0.938,2025-26,25.0
1774263957905,1,4482.955,-8.6,-1.0810810810810811,SL,6.13995,2025-26,25.0
1774264337859,-1,4466.735,-8.6,-1.0405323653962493,SL,0.25111666666666665,2025-26,25.0
1774264386312,-1,4467.035,17.035,2.138731952291274,TP,3.6995833333333334,2025-26,25.0
1774264670284,-1,4441.215,-8.82,-1.00398406374502,SL,4.286666666666667,2025-26,25.0
1774265085661,1,4458.135,-8.7,-1.0694529809465274,SL,1.5301166666666666,2025-26,25.0
1774265347985,-1,4441.985,-8.06,-1.0056144728633811,SL,0.92155,2025-26,25.0
1774265645378,-1,4442.075,17.075,2.1545741324921135,TP,2.779316666666667,2025-26,25.0
1774265883588,-1,4416.745,-8.71,-1.0551181102362204,SL,1.22315,2025-26,25.0
1774266002149,-1,4417.025,17.025,2.134796238244514,TP,7.089716666666667,2025-26,25.0
1774266733959,-1,4391.975,-8.1,-1.0093457943925233,SL,1.4683333333333333,2025-26,25.0
1774266905791,-1,4390.575,15.575,1.6525198938992043,TP,0.39976666666666666,2025-26,25.0
1774266973348,-1,4366.998,-8.317,-1.0393651587103223,SL,5.74095,2025-26,25.0
1774267420626,-1,4366.788,-8.247,-1.004262055528495,SL,3.47485,2025-26,25.0
1774267825138,-1,4366.255,-8.8,-1.0062893081761006,SL,0.5157666666666667,2025-26,25.0
1774267893911,1,4383.105,-8.2,-1.0117211597779148,SL,6.026916666666667,2025-26,25.0
1774268341807,-1,4366.725,-8.29,-1.0018126888217522,SL,0.7296333333333334,2025-26,25.0
1774268458647,-1,4367.055,-8.22,-1.0346129641283826,SL,1.7339666666666667,2025-26,25.0
1774268708376,-1,4367.198,-7.827,-1.0032043065880543,SL,6.99155,2025-26,25.0
1774269316176,1,4382.945,-8.37,-1.0534927627438642,SL,4.489,2025-26,25.0
1774269795650,1,4382.915,-7.92,-1.0006317119393557,SL,5.3467666666666664,2025-26,25.0
1774270179659,1,4383.375,-8.4,-1.0029850746268656,SL,7.9737833333333334,2025-26,25.0
1774270820904,1,4382.955,-8.057,-1.0128221244500315,SL,2.563283333333333,2025-26,25.0
1774271240587,1,4382.855,17.145,2.1826861871419476,TP,1.6808833333333333,2025-26,25.0
1774271801539,-1,4391.965,-8.21,-1.0217797137523335,SL,1.2277833333333332,2025-26,25.0
1774272044014,-1,4392.025,-8.06,-1.0106583072100312,SL,2.0180833333333332,2025-26,25.0
1774272396583,1,4408.425,16.575,1.967359050445104,TP,7.071866666666667,2025-26,25.0
1774272905407,1,4432.962,-7.987,-1.003139914594323,SL,7.0688,2025-26,25.0
1774273586475,-1,4416.695,-8.32,-1.0018061408789887,SL,8.460933333333333,2025-26,25.0
1774274837117,-1,4417.145,-7.87,-1.0019096117122852,SL,3.4609666666666667,2025-26,25.0
1774275340848,-1,4417.185,-8.15,-1.0428662827895074,SL,9.982783333333334,2025-26,25.0
1774276244428,1,4432.805,17.195,2.2030749519538757,TP,6.709183333333334,2025-26,25.0
1774276938411,1,4458.115,-8.417,-1.037215033887862,SL,11.0343,2025-26,25.0
1774278197645,-1,4442.139,17.139,2.1802569647627528,TP,7.731466666666667,2025-26,25.0
1774278805156,-1,4416.178,16.178,1.833824529585128,TP,3.148616666666667,2025-26,25.0
1774279626531,1,4408.025,16.975,2.115264797507788,TP,19.5635,2025-26,25.0
1774280954973,-1,4416.855,16.855,2.0693677102516883,TP,9.7602,2025-26,25.0
1774281621967,-1,4392.165,-7.937,-1.013018506700702,SL,9.537766666666666,2025-26,25.0
1774282446339,1,4408.115,-9.017,-1.1111521873074552,SL,21.39235,2025-26,25.0
1774284143882,1,4407.955,-8.057,-1.0128221244500315,SL,81.86056666666667,2025-26,25.0
1774289076390,-1,4390.948,15.948,1.761820592134335,TP,1.45225,2025-26,25.0
1774289214003,1,4383.425,-12.037,-1.4287240356083086,SL,0.03785,2025-26,25.0
1774289234758,1,4383.965,-10.017,-1.117345231455661,SL,0.27408333333333335,2025-26,25.0
1774289273194,1,4384.285,-9.337,-1.0056004308023694,SL,0.8217666666666666,2025-26,25.0
1774289746473,-1,4391.515,-8.54,-1.0064820271066588,SL,4.09445,2025-26,25.0
1774290203058,1,4408.175,-8.55,-1.0458715596330275,SL,0.98775,2025-26,25.0
1774290435174,1,4408.452,-8.987,-1.0632986275437766,SL,6.0137,2025-26,25.0
1774290801367,1,4408.065,-8.74,-1.083694978301302,SL,1.086,2025-26,25.0
1774290956861,1,4408.335,16.665,1.9994001199760048,TP,16.746816666666668,2025-26,25.0
1774292824364,1,4433.292,-8.427,-1.0162807525325614,SL,33.60548333333333,2025-26,25.0
1774295232591,1,4432.875,-7.89,-1.0019047619047619,SL,27.326016666666668,2025-26,25.0
1774296917704,-1,4417.065,17.065,2.15059861373661,TP,11.29775,2025-26,25.0
1774297750151,1,4383.015,-8.82,-1.1004366812227073,SL,3.691866666666667,2025-26,25.0
1774298035645,-1,4366.705,-8.66,-1.0440024110910187,SL,2.2349666666666668,2025-26,25.0
1774298245490,-1,4367.085,17.085,2.158559696778269,TP,1.9119333333333333,2025-26,25.0
1774298408331,-1,4341.365,-8.75,-1.013317892298784,SL,1.4988166666666667,2025-26,25.0
1774298604809,-1,4341.855,-8.59,-1.05463474524248,SL,2.240883333333333,2025-26,25.0
1774298781599,1,4358.215,16.785,2.0432136335970785,TP,6.915283333333333,2025-26,25.0
1774299212493,1,4383.035,-8.09,-1.0068450528935906,SL,3.2553,2025-26,25.0
1774299517190,-1,4366.115,-9.197,-1.0351153629713,SL,0.7263666666666667,2025-26,25.0
1774300262275,1,4357.945,-7.97,-1.0031466331025802,SL,1.5346333333333333,2025-26,25.0
1774300427667,-1,4340.895,-9.47,-1.0400878638110929,SL,6.363466666666667,2025-26,25.0
1774300903666,1,4358.115,-8.32,-1.0252618607516943,SL,8.427,2025-26,25.0
1774302088904,-1,4341.925,16.925,2.0959752321981426,TP,1.9992166666666666,2025-26,25.0
1774302455167,-1,4316.845,-8.18,-1.003065603923973,SL,3.660616666666667,2025-26,25.0
1774303236078,-1,4316.945,-8.08,-1.0031036623215395,SL,1.3335333333333332,2025-26,25.0
1774303413161,1,4333.115,-9.01,-1.1102895871842267,SL,1.9030333333333334,2025-26,25.0
1774303624651,1,4333.375,-8.717,-1.0408358208955224,SL,1.2948,2025-26,25.0
1774303830209,-1,4317.045,-8.46,-1.0634820867379007,SL,11.1539,2025-26,25.0
1774304525581,1,4333.005,16.995,2.1230480949406623,TP,7.75465,2025-26,25.0
1774305035556,1,4358.455,-8.46,-1.0005913660555885,SL,0.5437833333333333,2025-26,25.0
1774305136101,1,4358.285,16.715,2.017501508750754,TP,14.511233333333333,2025-26,25.0
1774306177794,-1,4366.845,16.845,2.065603923973023,TP,42.16433333333333,2025-26,25.0
1774308990951,-1,4341.825,-8.18,-1.000611620795107,SL,20.391733333333335,2025-26,25.0
1774311439354,-1,4342.105,17.105,2.1665611146295123,TP,47.88571666666667,2025-26,25.0
1774314698939,1,4333.342,-8.827,-1.058139534883721,SL,19.342783333333333,2025-26,25.0
1774316080909,1,4333.055,16.945,2.1036623215394163,TP,6.00975,2025-26,25.0
1774317738815,1,4358.345,16.655,1.9958058717795086,TP,8.659516666666667,2025-26,25.0
1774318329167,-1,4366.795,-8.32,-1.0140158439975624,SL,5.925366666666666,2025-26,25.0
1774318816311,-1,4366.995,-8.427,-1.0527170518425983,SL,1.6441333333333332,2025-26,25.0
1774320720649,1,4383.415,16.585,1.9708853238265003,TP,4.504066666666667,2025-26,25.0
1774321219632,1,4408.305,16.695,2.0102347983142685,TP,12.758983333333333,2025-26,25.0
1774322492824,-1,4416.978,-8.637,-1.0766641735228122,SL,27.62115,2025-26,25.0
1774324402850,1,4433.782,-9.374,-1.067410612616716,SL,0.8465333333333334,2025-26,25.0
1774324634930,-1,4416.485,16.485,1.935995302407516,TP,23.52178333333333,2025-26,25.0
1774326317876,-1,4391.605,-8.397,-1.0002382370458607,SL,5.7165333333333335,2025-26,25.0
1774327650014,1,4407.822,-7.824,-1.0002556890820762,SL,24.865116666666665,2025-26,25.0
1774329506746,1,4407.965,17.035,2.138731952291274,TP,38.53695,2025-26,25.0
1774332154353,-1,4416.955,-8.22,-1.0217526413921691,SL,1.8826833333333333,2025-26,25.0
1774332988421,1,4432.882,-7.887,-1.000634356762243,SL,7.95505,2025-26,25.0
1774334054538,-1,4416.998,-8.017,-1.0018745313671582,SL,5.34735,2025-26,25.0
1774335221353,1,4433.072,-8.837,-1.0947720515361745,SL,7.883233333333333,2025-26,25.0
1774335697126,-1,4391.195,16.195,1.8392958546280522,TP,0.07856666666666667,2025-26,25.0
1774335704644,1,4383.435,16.565,1.963841138114997,TP,0.41778333333333334,2025-26,25.0
1774335754114,1,4409.205,-9.53,-1.035306898424769,SL,0.08183333333333333,2025-26,25.0
1774335799715,1,4408.202,-8.883,-1.0830285296269202,SL,1.2614333333333334,2025-26,25.0
1774335895837,1,4408.565,-8.65,-1.0099241097489784,SL,1.0363166666666668,2025-26,25.0
1774335978614,1,4407.762,17.238,2.2208193764493687,TP,27.624933333333335,2025-26,25.0
1774338709483,-1,4416.878,16.878,2.078059591233686,TP,1.7100666666666666,2025-26,25.0
1774338826059,-1,4391.875,-8.327,-1.0248615384615385,SL,0.70445,2025-26,25.0
1774339128755,1,4408.122,16.878,2.078059591233686,TP,17.164833333333334,2025-26,25.0
1774340462407,-1,4416.788,16.788,2.044325377496347,TP,2.39865,2025-26,25.0
1774340638759,1,4408.695,-8.84,-1.0166762507188039,SL,0.985,2025-26,25.0
1774340845385,1,4408.051,-8.136,-1.010557694696311,SL,1.8392,2025-26,25.0
1774341186885,-1,4391.915,16.915,2.0921459492888066,TP,1.2877,2025-26,25.0
1774341299833,1,4383.705,-8.99,-1.0327398047099368,SL,2.5025833333333334,2025-26,25.0
1774341543481,-1,4365.528,-9.487,-1.001583614864865,SL,4.008566666666667,2025-26,25.0
1774342057223,1,4383.082,-8.617,-1.0661964860183124,SL,12.929033333333333,2025-26,25.0
1774342964422,1,4383.462,-8.507,-1.005317891751359,SL,4.43125,2025-26,25.0
1774343277283,1,4383.325,-8.69,-1.0438438438438438,SL,0.3758,2025-26,25.0
1774343358007,-1,4366.905,-8.19,-1.0117356392835084,SL,1.9071166666666666,2025-26,25.0
1774343704501,1,4383.105,-8.19,-1.0104873534855028,SL,2.534483333333333,2025-26,25.0
1774344583886,-1,4366.175,-8.92,-1.0107648725212464,SL,23.5141,2025-26,25.0
1774346092513,-1,4366.685,-8.577,-1.0315093205051113,SL,1.7983666666666667,2025-26,25.0
1774346233258,1,4383.065,-8.117,-1.0064476131432114,SL,0.8725333333333334,2025-26,25.0
1774346405239,1,4383.322,16.678,2.004085556356645,TP,10.582066666666666,2025-26,25.0
1774347174786,-1,4392.178,-7.847,-1.0031961135259524,SL,6.532633333333333,2025-26,25.0
1774347873089,1,4408.355,-8.387,-1.0038300418910833,SL,8.206533333333333,2025-26,25.0
1774349543439,1,4434.245,-9.72,-1.0513791238507302,SL,0.46098333333333336,2025-26,25.0
1774349654675,1,4433.185,-8.29,-1.0128283445326818,SL,0.7417166666666667,2025-26,25.0
1774349726435,-1,4416.965,-8.077,-1.00522713130056,SL,0.4998,2025-26,25.0
1774349894326,-1,4416.845,16.845,2.065603923973023,TP,12.47515,2025-26,25.0
1774350691009,1,4408.652,16.348,1.8895053166897826,TP,27.569716666666668,2025-26,25.0
1774353305859,-1,4416.958,-8.117,-1.0093260382989306,SL,24.3222,2025-26,25.0
1774355468752,-1,4416.988,-8.017,-1.0006240639041437,SL,13.842316666666667,2025-26,25.0
1774357360367,-1,4416.858,16.858,2.0704986489805943,TP,2.566866666666667,2025-26,25.0
1774357630786,1,4408.275,-8.397,-1.0147432024169185,SL,0.6776166666666666,2025-26,25.0
1774357724547,-1,4391.808,-8.207,-1.0018310546875,SL,6.497983333333333,2025-26,25.0
1774359115564,-1,4391.945,16.945,2.1036623215394163,TP,13.2091,2025-26,25.0
1774360051925,1,4382.895,17.105,2.1665611146295123,TP,32.54103333333333,2025-26,25.0
1774362341736,1,4407.905,-7.967,-1.007843137254902,SL,17.505566666666667,2025-26,25.0
1774363675508,-1,4391.495,-8.51,-1.0005878894767783,SL,3.3813666666666666,2025-26,25.0
1774364198675,-1,4392.015,-8.08,-1.0118973074514714,SL,7.367183333333333,2025-26,25.0
1774365508211,1,4407.895,-7.9,-1.0006333122229258,SL,16.89465,2025-26,25.0
1774369168535,1,4408.055,16.945,2.1036623215394163,TP,2.8581333333333334,2025-26,25.0
1774369472229,1,4458.265,16.735,2.0248033877797944,TP,1.0676,2025-26,25.0
1774369569294,1,4483.102,-8.867,-1.0944211305850406,SL,0.25865,2025-26,25.0
1774369605632,1,4483.252,-8.364,-1.0135724672806592,SL,0.4144333333333333,2025-26,25.0
1774369647452,-1,4466.995,16.995,2.1230480949406623,TP,1.7870333333333333,2025-26,25.0
1774369800807,1,4457.925,-8.12,-1.0246056782334385,SL,1.9931166666666666,2025-26,25.0
1774369989553,1,4457.995,-8.01,-1.00187617260788,SL,10.071466666666666,2025-26,25.0
1774370651876,1,4458.095,16.905,2.0883261272390365,TP,7.86325,2025-26,25.0
1774375505246,1,4482.995,-8.01,-1.00187617260788,SL,2.105916666666667,2025-26,25.0
1774377007511,-1,4466.678,-8.507,-1.0222302331170392,SL,16.195833333333333,2025-26,25.0
1774378760876,1,4483.312,-8.354,-1.0050529355149183,SL,4.7379,2025-26,25.0
1774379193080,1,4483.452,16.548,1.9578797917652626,TP,15.595316666666667,2025-26,25.0
1774380375670,1,4508.412,16.588,1.9719448407037565,TP,10.48365,2025-26,25.0
1774381031321,1,4533.132,-8.234,-1.0125430398425972,SL,1.8163166666666666,2025-26,25.0
1774381842064,-1,4541.798,-8.354,-1.0185320653499146,SL,7.076666666666667,2025-26,25.0
1774382442899,-1,4541.798,-8.687,-1.0591319190441355,SL,2.8343666666666665,2025-26,25.0
1774382903678,-1,4541.805,-8.87,-1.0823672971323979,SL,1.6129666666666667,2025-26,25.0
1774383367212,-1,4541.708,-8.394,-1.012301013024602,SL,9.980783333333333,2025-26,25.0
1774384450672,1,4558.125,16.875,2.076923076923077,TP,35.41531666666667,2025-26,25.0
1774387935561,1,4583.102,16.898,2.085657862256233,TP,20.659866666666666,2025-26,25.0
1774389623851,-1,4591.835,-8.24,-1.009185548071035,SL,45.21245,2025-26,25.0
1774392553801,-1,4591.975,16.975,2.115264797507788,TP,14.70315,2025-26,25.0
1774393632802,1,4583.045,-8.18,-1.016780609073959,SL,2.4658,2025-26,25.0
1774396903920,-1,4566.738,-8.267,-1.0006051803437424,SL,13.2803,2025-26,25.0
1774402600678,1,4558.065,-8.09,-1.0030998140111593,SL,25.219266666666666,2025-26,25.0
1774404578127,-1,4541.868,-8.207,-1.0092228234136744,SL,9.5426,2025-26,25.0
1774408467910,1,4558.132,-8.277,-1.0178307919331038,SL,20.926033333333333,2025-26,25.0
1774410482012,-1,4541.858,-8.214,-1.0088430361090641,SL,15.4859,2025-26,25.0
1774411855646,1,4557.895,-7.917,-1.0027865737808739,SL,93.14565,2025-26,25.0
1774417581729,-1,4542.185,-7.86,-1.0057581573896353,SL,8.7408,2025-26,25.0
1774418465755,1,4557.912,17.088,2.159757330637007,TP,81.50228333333334,2025-26,25.0
1774425631305,1,4583.335,-8.35,-1.0017996400719855,SL,5.0934333333333335,2025-26,25.0
1774426066634,1,4583.065,-8.08,-1.0018598884066956,SL,7.751483333333334,2025-26,25.0
1774426613023,-1,4567.175,17.175,2.194888178913738,TP,11.5252,2025-26,25.0
1774427527579,1,4533.025,16.975,2.115264797507788,TP,4.009716666666667,2025-26,25.0
1774428317366,-1,4541.995,-8.33,-1.0405996252342287,SL,10.3863,2025-26,25.0
1774429226876,-1,4541.988,-8.027,-1.0018721917124314,SL,0.5467833333333333,2025-26,25.0
1774429399831,1,4557.845,17.155,2.186743148502231,TP,26.70065,2025-26,25.0
1774431051498,-1,4567.145,17.145,2.1826861871419476,TP,19.197583333333334,2025-26,25.0
1774432344158,-1,4541.895,-8.107,-1.0002467612584824,SL,0.7573,2025-26,25.0
1774432527296,-1,4542.105,-7.96,-1.0082330588980368,SL,1.2591166666666667,2025-26,25.0
1774432831471,-1,4542.025,-8.11,-1.0169278996865203,SL,2.2158,2025-26,25.0
1774433275437,-1,4542.015,-8.22,-1.029430181590482,SL,1.7485333333333333,2025-26,25.0
1774433751104,1,4557.975,-8.0,-1.0031347962382444,SL,8.63675,2025-26,25.0
1774434449664,1,4557.835,17.165,2.190810465858328,TP,23.409833333333335,2025-26,25.0
1774436095511,-1,4567.135,17.135,2.178639542275906,TP,20.080483333333333,2025-26,25.0
1774437413178,-1,4542.175,-8.15,-1.0415335463258786,SL,3.2095833333333332,2025-26,25.0
1774437798623,1,4557.875,-7.957,-1.0104126984126984,SL,52.74885,2025-26,25.0
1774441507844,1,4558.142,-8.344,-1.0248096290837632,SL,25.6282,2025-26,25.0
1774443189477,1,4557.875,-8.177,-1.0383492063492064,SL,12.40205,2025-26,25.0
1774445229149,1,4558.045,-8.24,-1.024238657551274,SL,26.3494,2025-26,25.0
1774447254769,1,4558.095,-8.57,-1.0586781964175418,SL,2.78465,2025-26,25.0
1774447571150,1,4557.985,-8.44,-1.0569818409517846,SL,3.8671,2025-26,25.0
1774449132508,1,4557.972,-8.087,-1.0144254892122428,SL,6.37935,2025-26,25.0
1774450243354,-1,4541.345,16.345,1.8885037550548815,TP,18.08405,2025-26,25.0
1774451511489,-1,4491.025,-9.1,-1.0139275766016713,SL,0.9147833333333333,2025-26,25.0
1774451636161,1,4507.995,17.005,2.1269543464665417,TP,28.731166666666667,2025-26,25.0
1774453753871,-1,4516.975,-8.277,-1.0314018691588784,SL,7.167183333333333,2025-26,25.0
1774454342207,1,4533.485,-9.077,-1.0697701826753094,SL,11.635633333333333,2025-26,25.0
1774455392101,1,4532.922,-8.017,-1.011991921232012,SL,7.240183333333333,2025-26,25.0
1774456580828,-1,4516.835,16.835,2.061849357011635,TP,4.17205,2025-26,25.0
1774461602174,1,4513.482,11.518,0.8543242842308263,TP,5.1211166666666665,2025-26,25.0
1774462051128,-1,4516.305,-9.24,-1.0626797009775732,SL,31.66968333333333,2025-26,25.0
1774464251794,1,4532.995,-8.51,-1.0644152595372107,SL,3.01785,2025-26,25.0
1774464881423,-1,4516.365,16.365,1.8951939779965257,TP,10.486333333333333,2025-26,25.0
1774465592151,1,4508.582,-8.754,-1.020041948263808,SL,15.939083333333333,2025-26,25.0
1774467067329,1,4507.875,-7.9,-1.0031746031746032,SL,5.070083333333334,2025-26,25.0
1774467443227,-1,4491.675,-8.39,-1.0078078078078079,SL,22.160583333333335,2025-26,25.0
1774468849986,1,4508.065,16.935,2.0998140111593306,TP,13.21345,2025-26,25.0
1774469788507,1,4533.462,-8.837,-1.0443157645946586,SL,5.771166666666667,2025-26,25.0
1774471261406,1,4533.385,-8.44,-1.0065593321407276,SL,66.67468333333333,2025-26,25.0
1774475571167,1,4532.955,-8.307,-1.0442489000628536,SL,24.335133333333335,2025-26,25.0
1774478137651,-1,4517.065,17.065,2.15059861373661,TP,170.69846666666666,2025-26,25.0
1774489912638,-1,4466.705,16.705,2.013863773357444,TP,5.6687,2025-26,25.0
1774490351071,-1,4441.965,-8.11,-1.0093341630367143,SL,1.4681,2025-26,25.0
1774490483098,-1,4442.055,17.055,2.146633102580239,TP,5.644783333333334,2025-26,25.0
1774490844011,1,4433.135,-8.18,-1.0055316533497234,SL,4.6908666666666665,2025-26,25.0
1774491339171,-1,4417.095,-8.35,-1.05629348513599,SL,1.5387,2025-26,25.0
1774491482967,1,4433.125,-8.13,-1.0006153846153847,SL,1.4447666666666668,2025-26,25.0
1774493712560,1,4457.965,-8.02,-1.0069052102950409,SL,10.0504,2025-26,25.0
1774495212616,-1,4442.035,-7.98,-1.0018832391713748,SL,3.2683166666666668,2025-26,25.0
1774495833098,1,4458.302,-8.327,-1.003011322572874,SL,1.6231166666666668,2025-26,25.0
1774496047351,1,4457.795,-8.217,-1.0541372674791534,SL,2.5646166666666668,2025-26,25.0
1774496298642,1,4457.805,-7.91,-1.0134529147982063,SL,24.634033333333335,2025-26,25.0
1774497983927,1,4458.082,-8.107,-1.0030932937391734,SL,5.753133333333333,2025-26,25.0
1774498462254,-1,4441.938,16.938,2.1009675018605805,TP,29.059483333333333,2025-26,25.0
1774500232300,-1,4416.445,-8.97,-1.048509643483343,SL,1.3923833333333333,2025-26,25.0
1774500437529,1,4433.292,-8.577,-1.034370477568741,SL,1.2532833333333333,2025-26,25.0
1774500650314,1,4433.022,-8.034,-1.0014958863126402,SL,1.9858166666666666,2025-26,25.0
1774500848476,1,4433.152,-8.184,-1.0039254170755643,SL,6.02525,2025-26,25.0
1774501326894,1,4433.165,-8.72,-1.0679730557256584,SL,1.7291,2025-26,25.0
1774501549552,1,4432.862,-8.347,-1.0616891376240143,SL,4.689683333333333,2025-26,25.0
1774501906054,1,4433.312,-8.494,-1.0218960538979789,SL,7.758183333333333,2025-26,25.0
1774503091786,-1,4416.835,-8.27,-1.0128597672994488,SL,4.564266666666667,2025-26,25.0
1774504389015,-1,4416.508,-8.794,-1.0355628827131418,SL,1.5836166666666667,2025-26,25.0
1774505050540,-1,4416.965,-8.17,-1.0168014934660858,SL,1.7528833333333333,2025-26,25.0
1774505760646,1,4433.275,-8.737,-1.0558308157099698,SL,28.17185,2025-26,25.0
1774507655016,1,4434.902,15.098,1.5247424762674207,TP,32.596266666666665,2025-26,25.0
1774510035993,-1,4441.835,-8.437,-1.0333129210042866,SL,6.245666666666667,2025-26,25.0
1774511067384,-1,4441.945,16.945,2.1036623215394163,TP,6.167966666666667,2025-26,25.0
1774511840492,1,4433.065,-8.437,-1.0461252324860508,SL,0.9735833333333334,2025-26,25.0
1774512143739,-1,4416.815,-8.387,-1.024679291386683,SL,2.3133333333333335,2025-26,25.0
1774512509261,1,4433.055,-8.28,-1.0279329608938548,SL,52.06505,2025-26,25.0
1774515775307,1,4433.152,16.848,2.0667320902845927,TP,20.191383333333334,2025-26,25.0
1774517511913,-1,4441.975,-8.03,-1.0006230529595015,SL,12.622566666666666,2025-26,25.0
1774518319490,1,4458.365,-8.54,-1.0209205020920502,SL,4.4929,2025-26,25.0
1774518702526,1,4458.022,-8.237,-1.0268012964348043,SL,1.5919,2025-26,25.0
1774519139641,-1,4441.445,-8.607,-1.0060783167738165,SL,0.7761666666666667,2025-26,25.0
1774519891909,-1,4441.835,-8.36,-1.0238824249846907,SL,3.7476666666666665,2025-26,25.0
1774520163070,1,4458.535,16.465,1.9291154071470415,TP,18.538433333333334,2025-26,25.0
1774521470893,-1,4466.945,-8.067,-1.001489757914339,SL,2.5587166666666668,2025-26,25.0
1774521666093,-1,4466.725,16.725,2.0211480362537766,TP,13.860266666666666,2025-26,25.0
1774522558640,1,4458.185,-8.42,-1.02871105681124,SL,22.2978,2025-26,25.0
1774524075540,1,4458.435,-8.96,-1.062240663900415,SL,2.2171,2025-26,25.0
1774524507309,1,4458.082,-8.177,-1.0117545162088593,SL,1.9899333333333333,2025-26,25.0
1774524710903,-1,4441.968,16.968,2.112549800796813,TP,44.79091666666667,2025-26,25.0
1774527686506,-1,4415.025,15.025,1.506265664160401,TP,0.7921166666666667,2025-26,25.0
1774527758647,-1,4391.045,-9.04,-1.0094919039642658,SL,0.8021666666666667,2025-26,25.0
1774527912337,-1,4391.985,-8.485,-1.0586400499064255,SL,0.5160166666666667,2025-26,25.0
1774528697172,-1,4367.025,-8.0,-1.0031347962382444,SL,0.7652833333333333,2025-26,25.0
1774528892441,1,4383.065,-8.07,-1.0006199628022319,SL,2.2623166666666665,2025-26,25.0
1774530671423,-1,4392.055,17.055,2.146633102580239,TP,69.42728333333334,2025-26,25.0
1774535679811,1,4383.055,-8.15,-1.0117939168218497,SL,57.7856,2025-26,25.0
1774540483406,-1,4363.705,-11.367,-1.0063745019920318,SL,17.045933333333334,2025-26,25.0
1774541519973,1,4384.362,-9.687,-1.0347148045289467,SL,0.30105,2025-26,25.0
1774541550126,1,4384.602,15.398,1.603624244948969,TP,0.9116833333333333,2025-26,25.0
1774541630014,1,4408.275,-8.35,-1.0090634441087614,SL,0.5256333333333333,2025-26,25.0
1774541675211,-1,4391.935,-10.62,-1.3168009919404835,SL,0.41688333333333333,2025-26,25.0
1774542029456,-1,4391.348,-8.654,-1.000231160425335,SL,0.5660333333333334,2025-26,25.0
1774542087333,1,4408.932,-8.987,-1.0061576354679802,SL,3.33615,2025-26,25.0
1774542701355,1,4408.205,-8.23,-1.0030469226081657,SL,2.5853,2025-26,25.0
1774543132705,1,4408.945,-9.5,-1.0620458356623812,SL,10.5513,2025-26,25.0
1774543865049,-1,4391.878,16.878,2.078059591233686,TP,2.796883333333333,2025-26,25.0
1774548005039,1,4394.102,5.898,0.3087634802638467,TP,6.079516666666667,2025-26,25.0
1774548378640,-1,4386.438,-14.607,-1.0770535319274444,SL,0.37906666666666666,2025-26,25.0
1774548430486,-1,4388.428,-18.374,-1.5877981334255098,SL,0.32153333333333334,2025-26,25.0
1774548654825,-1,4390.825,-10.78,-1.1749318801089919,SL,1.90835,2025-26,25.0
1774548801302,1,4414.465,-19.225,-1.3290701693743519,SL,0.16636666666666666,2025-26,25.0
1774549099565,1,4411.125,-18.09,-1.626067415730337,SL,1.93425,2025-26,25.0
1774549946986,1,4409.365,-11.75,-1.2546716497597437,SL,6.7896,2025-26,25.0
1774550809536,1,4414.835,-16.837,-1.1349511290866194,SL,0.2782,2025-26,25.0
1774552106712,-1,4391.548,-8.637,-1.021888310459063,SL,11.417433333333333,2025-26,25.0
1774553912594,1,4407.975,-8.04,-1.0081504702194357,SL,4.245316666666667,2025-26,25.0
1774555211120,1,4407.955,-8.14,-1.0232558139534884,SL,17.486416666666667,2025-26,25.0
1774556537644,-1,4392.025,-7.98,-1.0006269592476489,SL,62.45445,2025-26,25.0
1774560616518,1,4407.945,17.055,2.146633102580239,TP,31.060416666666665,2025-26,25.0
1774562583864,1,4432.895,-7.91,-1.0018999366687777,SL,27.4583,2025-26,25.0
1774564412490,1,4432.895,-8.17,-1.0348321722609246,SL,31.648083333333332,2025-26,25.0
1774567247399,1,4433.045,16.955,2.107520198881293,TP,129.635,2025-26,25.0
1774575258814,1,4458.125,-8.37,-1.0301538461538462,SL,94.0277,2025-26,25.0
1774581137890,1,4457.815,-7.91,-1.0121561100447856,SL,18.39695,2025-26,25.0
1774585047885,-1,4442.085,17.085,2.158559696778269,TP,41.6915,2025-26,25.0
1774588627287,1,4432.935,-8.0,-1.0081915563957151,SL,56.5045,2025-26,25.0
1774593703216,-1,4416.965,-8.747,-1.0886123210952086,SL,63.86313333333333,2025-26,25.0
1774598264444,-1,4417.095,-8.22,-1.0398481973434535,SL,15.32665,2025-26,25.0
1774599387365,1,4432.915,-7.977,-1.00783322804801,SL,3.514866666666667,2025-26,25.0
1774599825446,-1,4417.005,-8.07,-1.0093808630393997,SL,1.4792,2025-26,25.0
1774600664310,1,4433.032,-8.044,-1.0014940239043826,SL,32.94181666666667,2025-26,25.0
1774602933373,1,4433.022,-8.147,-1.0155821490900026,SL,11.196733333333333,2025-26,25.0
1774603904722,-1,4416.525,-8.697,-1.0261946902654868,SL,6.48295,2025-26,25.0
1774604723225,1,4433.202,-8.207,-1.0006096074128261,SL,9.627166666666668,2025-26,25.0
1774605574726,1,4433.042,16.958,2.108679432976871,TP,3.7379333333333333,2025-26,25.0
1774605826276,1,4458.002,-8.147,-1.0181204698825295,SL,2.8652,2025-26,25.0
1774606068507,1,4457.952,-7.967,-1.0018863179074446,SL,1.92785,2025-26,25.0
1774606336322,1,4458.052,16.948,2.1048186785891705,TP,35.438183333333335,2025-26,25.0
1774608652743,1,4482.995,17.005,2.1269543464665417,TP,5.010066666666667,2025-26,25.0
1774608993866,1,4508.035,16.965,2.1113876789047916,TP,16.53025,2025-26,25.0
1774610051203,1,4533.125,-8.277,-1.0187076923076923,SL,0.7507166666666667,2025-26,25.0
1774610296537,1,4532.975,17.025,2.134796238244514,TP,3.43275,2025-26,25.0
1774610571979,-1,4541.735,-9.05,-1.0949788263762856,SL,0.8323,2025-26,25.0
1774610657229,-1,4541.715,-8.285,-1.0,SL,0.8168833333333333,2025-26,25.0
1774610988318,-1,4541.708,-8.907,-1.0741678726483357,SL,1.7315833333333333,2025-26,25.0
1774611211559,-1,4541.648,16.648,1.9932950191570882,TP,22.145966666666666,2025-26,25.0
1774613417738,1,4533.355,-8.42,-1.0077797725912627,SL,0.9805666666666667,2025-26,25.0
1774613899295,1,4532.935,-7.98,-1.005671077504726,SL,12.498633333333334,2025-26,25.0
1774614791404,-1,4516.775,16.775,2.0395136778115504,TP,45.283166666666666,2025-26,25.0
1774617936812,-1,4492.095,-8.16,-1.032258064516129,SL,9.732516666666667,2025-26,25.0
1774618659547,-1,4492.095,-7.957,-1.0065781151170146,SL,13.601216666666666,2025-26,25.0
1774620932909,1,4508.305,16.695,2.0102347983142685,TP,21.679366666666667,2025-26,25.0
1774622361902,-1,4517.095,-8.13,-1.0284629981024669,SL,4.111933333333333,2025-26,25.0
1774622880739,-1,4516.935,-8.1,-1.004339739615623,SL,42.33663333333333,2025-26,25.0
1774625854631,-1,4517.098,17.098,2.1637560111364214,TP,66.79491666666667,2025-26,25.0
1774630443407,-1,4491.795,16.795,2.0469226081657528,TP,2946.1952166666665,2025-26,25.0
1774807238428,1,4485.502,-10.804,-1.0287564273471719,SL,0.45536666666666664,2025-26,25.0
1774807451806,1,4511.782,-12.104,-1.027329825157019,SL,1.6099666666666668,2025-26,25.0
1774807735285,-1,4491.285,-9.37,-1.0751577739529548,SL,5.634766666666667,2025-26,25.0
1774808113638,-1,4490.845,-9.36,-1.022392135445112,SL,1.2542666666666666,2025-26,25.0
1774808432262,1,4509.415,-12.997,-1.3804567180031864,SL,0.502,2025-26,25.0
1774808648349,1,4508.455,-9.025,-1.0674157303370786,SL,2.1642,2025-26,25.0
1774809882885,-1,4491.635,16.635,1.9886431560071727,TP,21.737433333333332,2025-26,25.0
1774811755124,1,4482.895,-8.0,-1.013299556681444,SL,4.03685,2025-26,25.0
1774812723143,-1,4466.938,16.938,2.1009675018605805,TP,3.927216666666667,2025-26,25.0
1774814411447,-1,4441.194,16.194,1.8389734272087213,TP,12.7388,2025-26,25.0
1774815468869,1,4433.135,16.865,2.073140749846343,TP,3.068033333333333,2025-26,25.0
1774815680417,1,4459.625,-9.66,-1.0036363636363637,SL,8.058466666666666,2025-26,25.0
1774816365560,1,4458.005,-8.15,-1.0181136789506557,SL,1.8122666666666667,2025-26,25.0
1774816808182,-1,4441.505,-8.69,-1.0229546792230724,SL,24.1184,2025-26,25.0
1774818293429,-1,4441.995,-8.52,-1.0643347907557776,SL,2.07975,2025-26,25.0
1774818577872,1,4458.175,-8.24,-1.0079510703363914,SL,6.292,2025-26,25.0
1774819992389,1,4458.185,16.815,2.0543677458766036,TP,2.3541666666666665,2025-26,25.0
1774820399673,-1,4466.965,-8.15,-1.0143123833229621,SL,1.8149166666666667,2025-26,25.0
1774821093265,-1,4466.865,-8.19,-1.006760909649662,SL,11.862366666666667,2025-26,25.0
1774823607070,-1,4466.748,-8.267,-1.0018177411536597,SL,6.7065,2025-26,25.0
1774824101388,1,4483.715,16.285,1.8686173264486519,TP,25.654316666666666,2025-26,25.0
1774825723275,1,4508.305,-8.32,-1.0018061408789887,SL,33.435116666666666,2025-26,25.0
1774828134646,1,4507.955,-8.347,-1.049277184160905,SL,6.865183333333333,2025-26,25.0
1774829110305,-1,4491.755,-8.28,-1.0042449969678593,SL,56.24435,2025-26,25.0
1774833035268,1,4508.165,16.835,2.061849357011635,TP,42.57315,2025-26,25.0
1774836029542,-1,4517.205,-7.89,-1.0121872995509942,SL,1.4298666666666666,2025-26,25.0
1774836551279,1,4532.915,17.085,2.158559696778269,TP,40.099,2025-26,25.0
1774839080324,-1,4541.918,16.918,2.093293739173472,TP,13.613416666666666,2025-26,25.0
1774840182195,1,4533.375,-8.41,-1.004179104477612,SL,16.7243,2025-26,25.0
1774841693231,-1,4516.675,-8.56,-1.0282282282282282,SL,17.243533333333332,2025-26,25.0
1774843559370,1,4532.995,-8.12,-1.0156347717323326,SL,70.14928333333333,2025-26,25.0
1774848062079,1,4533.205,-8.22,-1.0018281535648994,SL,11.449766666666667,2025-26,25.0
1774849137562,1,4532.945,17.055,2.146633102580239,TP,123.65748333333333,2025-26,25.0
1774856691137,1,4558.065,16.935,2.0998140111593306,TP,5.72615,2025-26,25.0
1774857308804,-1,4566.975,16.975,2.115264797507788,TP,6.838116666666667,2025-26,25.0
1774857907208,1,4558.315,16.685,2.006614552014432,TP,38.00325,2025-26,25.0
1774860414917,-1,4567.155,-8.07,-1.02868068833652,SL,13.211833333333333,2025-26,25.0
1774861556023,-1,4567.155,17.155,2.186743148502231,TP,35.91363333333334,2025-26,25.0
1774863902256,-1,4540.415,15.415,1.6082420448617631,TP,13.287916666666666,2025-26,25.0
1774864893402,1,4533.035,-8.07,-1.0043559427504667,SL,4.017516666666666,2025-26,25.0
1774865578390,1,4532.835,-7.96,-1.0159540523292916,SL,3.1599666666666666,2025-26,25.0
1774866080622,-1,4516.955,-8.46,-1.0515848353014294,SL,9.064133333333332,2025-26,25.0
1774867122725,1,4533.105,-8.38,-1.0339296730413325,SL,0.6054166666666667,2025-26,25.0
1774867676657,1,4532.825,-8.35,-1.0670926517571886,SL,35.17406666666667,2025-26,25.0
1774869924295,1,4532.965,17.035,2.138731952291274,TP,15.295133333333334,2025-26,25.0
1774872164666,-1,4542.035,17.035,2.138731952291274,TP,71.54423333333334,2025-26,25.0
1774877576735,-1,4517.115,-7.91,-1.003170577045022,SL,11.332716666666666,2025-26,25.0
1774878586911,-1,4517.105,17.105,2.1665611146295123,TP,69.77375,2025-26,25.0
1774884848250,1,4507.815,-7.857,-1.0053742802303263,SL,209.92873333333333,2025-26,25.0
1774898387106,1,4507.945,17.055,2.146633102580239,TP,42.8668,2025-26,25.0
1774901586414,-1,4517.035,17.035,2.138731952291274,TP,4.297316666666666,2025-26,25.0
1774902014868,-1,4488.265,-11.79,-1.0046868342564976,SL,5.733816666666667,2025-26,25.0
1774902465491,1,4508.055,16.945,2.1036623215394163,TP,9.391416666666666,2025-26,25.0
1774903480336,1,4533.435,16.565,1.963841138114997,TP,15.86655,2025-26,25.0
1774904659254,-1,4541.785,-8.47,-1.03104077906269,SL,13.8162,2025-26,25.0
1774905530378,1,4558.475,16.525,1.9498525073746313,TP,4.965166666666667,2025-26,25.0
1774905896256,1,4585.012,14.988,1.4970035956851777,TP,16.231816666666667,2025-26,25.0
1774906990938,1,4608.195,-8.47,-1.0335570469798658,SL,3.9668,2025-26,25.0
1774907274843,1,4608.135,-8.54,-1.0497848801475107,SL,2.2527,2025-26,25.0
1774907490079,1,4608.235,-8.32,-1.010321797207043,SL,7.360833333333333,2025-26,25.0
1774908135120,-1,4591.765,-8.35,-1.0139647844565878,SL,4.342866666666667,2025-26,25.0
1774908808536,-1,4591.845,16.845,2.065603923973023,TP,34.54598333333333,2025-26,25.0
1774911338940,-1,4566.955,-8.06,-1.0018645121193288,SL,11.76445,2025-26,25.0
1774912575739,-1,4566.695,16.695,2.0102347983142685,TP,117.19606666666667,2025-26,25.0
1774919880529,1,4558.065,16.935,2.0998140111593306,TP,16.482033333333334,2025-26,25.0
1774922379947,-1,4566.998,16.998,2.124218945263684,TP,79.26988333333334,2025-26,25.0
1774928102031,1,4557.872,-7.877,-1.000635162601626,SL,127.02073333333334,2025-26,25.0
1774939138062,-1,4541.845,-8.32,-1.020232985898222,SL,18.044233333333334,2025-26,25.0
1774941031699,-1,4542.095,-8.12,-1.0271979759645793,SL,0.7432166666666666,2025-26,25.0
1774941078016,1,4559.645,-9.9,-1.026438569206843,SL,0.13638333333333333,2025-26,25.0
1774941343463,1,4557.945,17.055,2.146633102580239,TP,5.6745,2025-26,25.0
1774942012385,1,4583.165,-8.45,-1.0349050826699326,SL,3.09725,2025-26,25.0
1774942727487,1,4582.915,-8.29,-1.047378395451674,SL,35.98465,2025-26,25.0
1774945375217,1,4582.995,-8.09,-1.011882426516573,SL,1.0749,2025-26,25.0
1774945690029,1,4583.035,-8.23,-1.0242688238954574,SL,18.849066666666666,2025-26,25.0
1774948201407,1,4582.985,-8.31,-1.0407013149655604,SL,19.157283333333332,2025-26,25.0
1774949980321,1,4583.122,16.878,2.078059591233686,TP,13.831,2025-26,25.0
1774950853900,1,4608.005,-8.117,-1.013991255465334,SL,1.9891333333333334,2025-26,25.0
1774951142099,1,4607.925,17.075,2.1545741324921135,TP,34.63041666666667,2025-26,25.0
1774953353068,-1,4617.055,17.055,2.146633102580239,TP,19.933616666666666,2025-26,25.0
1774954898679,1,4607.922,17.078,2.155768745266347,TP,14.34255,2025-26,25.0
1774955804458,-1,4616.927,-8.118,-1.0055741360089185,SL,81.92875,2025-26,25.0
1774960796774,1,4633.002,16.998,2.124218945263684,TP,3.4081333333333332,2025-26,25.0
1774961028942,-1,4641.965,-8.14,-1.0130678282514,SL,6.90125,2025-26,25.0
1774961463863,-1,4641.795,-8.35,-1.0176721511273614,SL,11.61405,2025-26,25.0
1774962330381,-1,4641.875,-8.16,-1.0043076923076923,SL,15.81035,2025-26,25.0
1774963404728,1,4657.915,-7.95,-1.0044219835754895,SL,0.59405,2025-26,25.0
1774964092334,1,4657.915,-8.617,-1.0886923562855337,SL,1.8294,2025-26,25.0
1774964549216,1,4658.815,16.185,1.8360748723766307,TP,79.88213333333333,2025-26,25.0
1774969718072,-1,4666.925,-8.13,-1.006811145510836,SL,6.673616666666667,2025-26,25.0
1774971583021,1,4683.005,-8.02,-1.0018738288569644,SL,42.515483333333336,2025-26,25.0
1774975049070,-1,4666.985,-9.697,-1.2098565190268247,SL,82.53215,2025-26,25.0
1774980497076,-1,4666.995,-8.22,-1.0268582136164897,SL,15.996833333333333,2025-26,25.0
1774981510356,1,4683.075,-9.08,-1.1244582043343654,SL,1.17435,2025-26,25.0
1774982202498,1,4683.355,-9.4,-1.1250748055056852,SL,10.682333333333334,2025-26,25.0
1774982876043,-1,4664.855,-10.19,-1.0044356826022671,SL,1.3412,2025-26,25.0
1774983349768,-1,4666.975,-8.21,-1.0230529595015576,SL,1.8368333333333333,2025-26,25.0
1774983490490,1,4683.652,-8.704,-1.0060101710587148,SL,0.15236666666666668,2025-26,25.0
1774983550966,1,4684.152,-9.224,-1.007867132867133,SL,5.893033333333333,2025-26,25.0
1774985180196,1,4683.135,16.865,2.073140749846343,TP,37.30388333333333,2025-26,25.0
1774988122129,1,4708.565,-8.57,-1.0005837711617047,SL,22.48593333333333,2025-26,25.0
1774991178035,-1,4691.948,-8.127,-1.0093144560357674,SL,1.3967666666666667,2025-26,25.0
1774991415415,1,4707.995,-8.13,-1.0168855534709194,SL,6.82475,2025-26,25.0
1774992595930,1,4708.015,-8.4,-1.0480349344978166,SL,1.97195,2025-26,25.0
1774992875088,-1,4692.025,-8.06,-1.0106583072100312,SL,30.616783333333334,2025-26,25.0
1774994890396,-1,4692.055,17.055,2.146633102580239,TP,122.43678333333334,2025-26,25.0
1775002675493,-1,4666.965,-8.05,-1.0018668326073428,SL,12.5349,2025-26,25.0
1775005971526,1,4682.955,17.045,2.1426775612822127,TP,26.74513333333333,2025-26,25.0
1775008541634,-1,4691.945,-8.17,-1.0142768466790812,SL,25.834216666666666,2025-26,25.0
1775010291241,1,4708.025,16.975,2.115264797507788,TP,23.373633333333334,2025-26,25.0
1775012289282,1,4733.335,-8.55,-1.0257948410317936,SL,5.074916666666667,2025-26,25.0
1775012775122,-1,4716.985,-8.137,-1.0152214597629445,SL,15.457316666666667,2025-26,25.0
1775014420514,1,4732.975,-8.037,-1.0077742946708463,SL,12.306983333333333,2025-26,25.0
1775015298281,1,4733.222,-8.237,-1.0018243736317198,SL,0.6542,2025-26,25.0
1775015512269,-1,4717.065,-8.457,-1.0657844990548204,SL,11.709816666666667,2025-26,25.0
1775016459944,-1,4716.865,-8.27,-1.0165949600491702,SL,11.22155,2025-26,25.0
1775017537747,1,4732.795,-7.9,-1.013470173187941,SL,34.833983333333336,2025-26,25.0
1775020551281,-1,4716.885,-8.24,-1.0154035736290818,SL,32.068083333333334,2025-26,25.0
1775023822269,-1,4716.955,-8.08,-1.0043505282784337,SL,12.38015,2025-26,25.0
1775025673277,1,4732.905,17.095,2.1625553447185326,TP,50.15245,2025-26,25.0
1775029172993,1,4757.945,-8.18,-1.0295783511642542,SL,24.48985,2025-26,25.0
1775030890897,-1,4741.868,-8.234,-1.0125430398425972,SL,36.77203333333333,2025-26,25.0
1775033111306,-1,4741.648,16.648,1.9932950191570882,TP,14.793816666666666,2025-26,25.0
1775034068055,-1,4716.635,-8.62,-1.030484160191273,SL,1.0293333333333334,2025-26,25.0
1775034611119,1,4732.862,-8.397,-1.0680488425337065,SL,50.68996666666666,2025-26,25.0
1775037666989,1,4732.812,17.188,2.200204813108039,TP,20.6903,2025-26,25.0
1775039080282,-1,4741.165,-8.89,-1.0062252405206564,SL,13.7802,2025-26,25.0
1775040497674,1,4757.995,17.005,2.1269543464665417,TP,34.755383333333334,2025-26,25.0
1775043401095,1,4783.005,-8.06,-1.0068707058088695,SL,37.61066666666667,2025-26,25.0
1775046020159,1,4783.055,-8.067,-1.001489757914339,SL,8.464733333333333,2025-26,25.0
1775046850835,1,4782.935,-7.99,-1.0069313169502205,SL,83.01716666666667,2025-26,25.0
1775052210978,-1,4767.045,17.045,2.1426775612822127,TP,32.41643333333333,2025-26,25.0
1775054338953,-1,4741.805,-8.41,-1.026235509456986,SL,0.84735,2025-26,25.0
1775054463850,1,4757.855,17.145,2.1826861871419476,TP,58.405433333333335,2025-26,25.0
1775058315820,-1,4766.905,-12.18,-1.5046324891908585,SL,161.03335,2025-26,25.0
1775069463564,1,4783.345,-8.36,-1.0017974835230676,SL,1.2261166666666667,2025-26,25.0
1775070342238,1,4783.202,16.798,2.0480370641306997,TP,25.2062,2025-26,25.0
1775072045435,-1,4791.788,16.788,2.044325377496347,TP,86.67555,2025-26,25.0
1775077398027,-1,4766.985,16.985,2.119151590767311,TP,0.6458333333333334,2025-26,25.0
1775077448812,1,4758.255,-8.427,-1.0208358570563294,SL,0.15931666666666666,2025-26,25.0
1775077461260,-1,4738.228,-11.772,-1.0,SL,5.8155,2025-26,25.0
1775077861404,1,4758.025,-8.39,-1.0454828660436137,SL,1.27445,2025-26,25.0
1775078198980,-1,4741.565,-8.557,-1.0144635447540011,SL,0.14756666666666668,2025-26,25.0
1775078233158,-1,4741.335,16.335,1.8851702250432776,TP,2.4709333333333334,2025-26,25.0
1775078424097,-1,4715.685,-9.867,-1.0592592592592593,SL,0.3133666666666667,2025-26,25.0
1775078475395,1,4733.175,-8.42,-1.0299694189602446,SL,0.30096666666666666,2025-26,25.0
1775078522729,-1,4716.445,16.445,1.9222676797194622,TP,3.58235,2025-26,25.0
1775078777063,-1,4691.598,-8.427,-1.0029754820280885,SL,2.4193,2025-26,25.0
1775079003122,-1,4691.455,-8.58,-1.0040959625511996,SL,0.1194,2025-26,25.0
1775079097240,1,4683.135,-8.387,-1.0309772587584511,SL,0.2907666666666667,2025-26,25.0
1775079129215,-1,4666.905,-8.497,-1.0496602841260037,SL,2.4828,2025-26,25.0
1775079298988,1,4683.315,-9.16,-1.1016235718580878,SL,0.5975833333333334,2025-26,25.0
1775079367593,1,4683.745,16.255,1.8587764436821042,TP,4.437583333333333,2025-26,25.0
1775079849848,-1,4691.675,-8.58,-1.0306306306306305,SL,5.57945,2025-26,25.0
1775080268748,1,4708.545,-8.64,-1.0111176126389703,SL,2.5495,2025-26,25.0
1775080700008,-1,4691.615,-8.45,-1.0077519379844961,SL,0.90085,2025-26,25.0
1775081176817,-1,4691.945,-8.13,-1.0093109869646182,SL,1.0688333333333333,2025-26,25.0
1775081333924,-1,4691.895,-8.107,-1.0002467612584824,SL,6.39525,2025-26,25.0
1775081822101,-1,4691.408,-8.904,-1.0363128491620113,SL,1.2084,2025-26,25.0
1775081967611,-1,4690.715,-9.487,-1.021755519655358,SL,5.325383333333333,2025-26,25.0
1775082409765,-1,4691.708,16.708,2.014954172696575,TP,5.846466666666666,2025-26,25.0
1775083520417,1,4683.245,-8.47,-1.0272892662219526,SL,3.5549833333333334,2025-26,25.0
1775084115296,1,4683.705,-10.45,-1.2004595060310166,SL,70.45551666666667,2025-26,25.0
1775092148836,-1,4667.135,-7.95,-1.010807374443738,SL,15.275266666666667,2025-26,25.0
1775093434643,-1,4667.125,17.125,2.1746031746031744,TP,3.290983333333333,2025-26,25.0
1775094036356,-1,4642.125,17.125,2.1746031746031744,TP,4.97035,2025-26,25.0
1775094418751,-1,4617.035,17.035,2.138731952291274,TP,2.7407166666666667,2025-26,25.0
1775094674004,-1,4592.055,-8.3,-1.0446821900566394,SL,0.22625,2025-26,25.0
1775094789241,1,4608.205,-8.3,-1.01157830591103,SL,2.101583333333333,2025-26,25.0
1775094972691,1,4608.095,-8.51,-1.051266213712168,SL,0.6728,2025-26,25.0
1775095166215,-1,4591.795,16.795,2.0469226081657528,TP,8.4332,2025-26,25.0
1775095693401,-1,4566.385,-8.64,-1.0029019152640744,SL,4.945266666666667,2025-26,25.0
1775096117735,1,4583.785,-9.07,-1.0324416619237335,SL,1.2098833333333334,2025-26,25.0
1775096229601,1,4583.075,16.925,2.0959752321981426,TP,32.96978333333333,2025-26,25.0
1775098524478,-1,4592.085,-7.96,-1.005685407454201,SL,0.6361333333333333,2025-26,25.0
1775098627025,-1,4592.025,-8.47,-1.0620689655172413,SL,2.3479833333333335,2025-26,25.0
1775099203599,1,4607.815,17.185,2.198976327575176,TP,11.265233333333333,2025-26,25.0
1775100872484,1,4633.405,16.595,1.9744199881023201,TP,15.07625,2025-26,25.0
1775102118083,-1,4642.125,17.125,2.1746031746031744,TP,61.16278333333333,2025-26,25.0
1775105910930,-1,4616.755,-8.38,-1.0163735597331716,SL,1.86625,2025-26,25.0
1775107773882,-1,4617.145,-7.87,-1.0019096117122852,SL,3.5396666666666667,2025-26,25.0
1775108260790,-1,4617.115,-8.03,-1.0183893468611287,SL,2.4248333333333334,2025-26,25.0
1775109909213,1,4632.845,-7.96,-1.0146590184831104,SL,9.68955,2025-26,25.0
1775110658297,-1,4617.095,-8.94,-1.1309297912713472,SL,24.606266666666667,2025-26,25.0
1775113299440,-1,4616.975,-8.03,-1.0006230529595015,SL,1.3656166666666667,2025-26,25.0
1775114975804,-1,4616.875,16.875,2.076923076923077,TP,12.752866666666666,2025-26,25.0
1775116261062,1,4607.895,-7.94,-1.005699810006333,SL,6.152316666666667,2025-26,25.0
1775117100099,1,4607.905,-8.21,-1.038583175205566,SL,5.612383333333334,2025-26,25.0
1775117606354,1,4607.955,17.045,2.1426775612822127,TP,8.628466666666666,2025-26,25.0
1775119409037,-1,4616.615,-8.41,-1.0029815146094216,SL,2.799183333333333,2025-26,25.0
1775120119065,-1,4617.185,17.185,2.198976327575176,TP,4.700316666666667,2025-26,25.0
1775120561771,-1,4592.095,-8.13,-1.0284629981024669,SL,2.8567,2025-26,25.0
1775120781677,1,4608.035,-8.117,-1.0102053515868077,SL,2.7677833333333335,2025-26,25.0
1775121043226,-1,4592.045,-7.96,-1.0006285355122564,SL,18.69555,2025-26,25.0
1775122294838,1,4608.215,-8.41,-1.0237370663420573,SL,1.0110166666666667,2025-26,25.0
1775122656747,-1,4592.115,-7.92,-1.004438807863031,SL,4.0448,2025-26,25.0
1775123143546,1,4608.005,16.995,2.1230480949406623,TP,2.6093,2025-26,25.0
1775123379141,1,4632.955,17.045,2.1426775612822127,TP,8.607983333333333,2025-26,25.0
1775124032835,-1,4637.075,-13.407,-1.0372920696324952,SL,6.205533333333333,2025-26,25.0
1775124695217,1,4657.935,-8.3,-1.0459987397605546,SL,0.6054,2025-26,25.0
1775124986620,1,4657.955,17.045,2.1426775612822127,TP,8.3931,2025-26,25.0
1775125543201,-1,4667.075,-8.2,-1.0347003154574133,SL,9.5645,2025-26,25.0
1775126157862,1,4683.705,-8.97,-1.0304422745548536,SL,2.9971833333333335,2025-26,25.0
1775126376980,1,4683.075,-9.08,-1.1244582043343654,SL,10.676816666666667,2025-26,25.0
1775127167793,1,4683.115,-8.29,-1.0215650030807146,SL,9.705266666666667,2025-26,25.0
1775128145732,-1,4666.965,-8.06,-1.0031113876789048,SL,1.8538833333333333,2025-26,25.0
1775128819572,-1,4666.958,-8.204,-1.0201442427256902,SL,7.678733333333334,2025-26,25.0
1775130018469,-1,4666.335,16.335,1.8851702250432776,TP,28.602533333333334,2025-26,25.0
1775131785215,1,4658.085,-8.29,-1.0253555967841683,SL,8.9362,2025-26,25.0
1775133141279,1,4658.465,-8.51,-1.0053160070880094,SL,57.81665,2025-26,25.0
1775137291311,1,4658.025,-8.12,-1.0118380062305297,SL,7.4808666666666666,2025-26,25.0
1775138725666,1,4658.062,-8.087,-1.0031009675018605,SL,23.259083333333333,2025-26,25.0
1775143340530,-1,4666.878,-8.377,-1.0313962078305836,SL,1.5010666666666668,2025-26,25.0
1775143723684,-1,4666.998,-8.064,-1.007748062984254,SL,25.292383333333333,2025-26,25.0
1775146732415,-1,4667.025,-7.98,-1.0006269592476489,SL,38.274,2025-26,25.0
1775412011867,-1,4652.005,2.005,0.08719286801478582,TP,0.17066666666666666,2025-26,25.0
1775412077246,1,4659.625,-10.58,-1.0992207792207793,SL,0.8880333333333333,2025-26,25.0
1775412170651,-1,4641.125,16.125,1.8169014084507042,TP,7.426566666666667,2025-26,25.0
1775412645493,-1,4616.255,-10.987,-1.256375071469411,SL,0.982,2025-26,25.0
1775412853484,1,4633.475,16.525,1.9498525073746313,TP,32.154716666666666,2025-26,25.0
1775414820702,-1,4641.735,16.735,2.0248033877797944,TP,0.026166666666666668,2025-26,25.0
1775414836276,1,4633.355,-8.65,-1.0353081986834232,SL,0.3783166666666667,2025-26,25.0
1775414859279,-1,4614.015,-14.675,-1.3359126081019572,SL,0.10225,2025-26,25.0
1775414889752,-1,4616.945,-8.11,-1.0068280571073867,SL,0.1065,2025-26,25.0
1775414896852,1,4633.805,-8.92,-1.013060760931289,SL,5.7452,2025-26,25.0
1775415245615,-1,4616.225,-9.88,-1.125925925925926,SL,0.036033333333333334,2025-26,25.0
1775415275639,1,4633.395,-8.41,-1.0017867778439546,SL,0.10463333333333333,2025-26,25.0
1775415300185,1,4634.595,15.405,1.6055237102657633,TP,0.032883333333333334,2025-26,25.0
1775415302716,-1,4636.315,-13.787,-1.0074534161490682,SL,5.386066666666666,2025-26,25.0
1775415720733,-1,4641.078,16.078,1.8020623178659494,TP,18.5493,2025-26,25.0
1775417109138,-1,4616.585,-8.68,-1.0314913844325608,SL,39.85685,2025-26,25.0
1775420349082,-1,4616.875,-8.457,-1.0408615384615385,SL,38.572116666666666,2025-26,25.0
1775422938491,1,4633.435,-8.97,-1.063426200355661,SL,17.60425,2025-26,25.0
1775424111236,1,4634.635,-11.22,-1.1645044110015568,SL,19.71205,2025-26,25.0
1775426967691,1,4632.995,17.005,2.1269543464665417,TP,8.313933333333333,2025-26,25.0
1775430157311,-1,4641.885,-8.2,-1.0104744300677757,SL,93.50775,2025-26,25.0
1775437039975,1,4658.115,16.885,2.0807147258163896,TP,13.632033333333334,2025-26,25.0
1775438814977,-1,4667.075,17.075,2.1545741324921135,TP,33.13955,2025-26,25.0
1775441191793,1,4659.305,-9.49,-1.0198817839871037,SL,65.61526666666667,2025-26,25.0
1775446781082,1,4658.065,16.935,2.0998140111593306,TP,10.777966666666666,2025-26,25.0
1775447547964,1,4683.425,16.575,1.967359050445104,TP,67.92641666666667,2025-26,25.0
1775454844571,-1,4691.965,16.965,2.1113876789047916,TP,137.58191666666667,2025-26,25.0
1775463662291,-1,4666.958,-8.064,-1.0027356379010197,SL,12.607533333333333,2025-26,25.0
1775466317177,-1,4664.798,-10.357,-1.015193099392276,SL,24.87686666666667,2025-26,25.0
1775467947050,-1,4666.918,-8.087,-1.0006186587478347,SL,7.1634,2025-26,25.0
1775468691268,-1,4666.958,-8.384,-1.0425267346431235,SL,1.4517333333333333,2025-26,25.0
1775468898052,-1,4667.015,-8.027,-1.0052598622417033,SL,4.0955,2025-26,25.0
1775469602094,1,4683.355,-8.52,-1.0197486535008977,SL,3.63625,2025-26,25.0
1775469955268,-1,4666.825,-8.48,-1.037308868501529,SL,11.124533333333334,2025-26,25.0
1775470795937,1,4683.285,-8.52,-1.028364514182257,SL,31.8031,2025-26,25.0
1775473510914,-1,4666.925,16.925,2.0959752321981426,TP,128.8635,2025-26,25.0
1775481455621,1,4658.045,-8.39,-1.0428837787445617,SL,81.76666666666667,2025-26,25.0
1775487415765,1,4658.012,-8.027,-1.0018721917124314,SL,18.8367,2025-26,25.0
1775490929261,1,4658.062,-8.237,-1.021706772513024,SL,54.167183333333334,2025-26,25.0
1775498424331,1,4660.992,-11.017,-1.0022743813682677,SL,120.27921666666667,2025-26,25.0
1775506299206,1,4658.265,-8.57,-1.0369026013309135,SL,48.37983333333333,2025-26,25.0
1775509202758,-1,4638.715,-11.437,-1.0134692069118298,SL,0.5017333333333334,2025-26,25.0
1775509348080,1,4658.025,-8.08,-1.006853582554517,SL,7.0876166666666665,2025-26,25.0
1775509789060,-1,4641.745,-8.707,-1.054754694124773,SL,7.9691833333333335,2025-26,25.0
1775510434050,1,4658.045,-8.13,-1.0105655686761963,SL,2.9648166666666667,2025-26,25.0
1775511121765,1,4657.965,-8.16,-1.024482109227872,SL,5.008933333333333,2025-26,25.0
1775511459788,-1,4641.855,16.855,2.0693677102516883,TP,14.704266666666667,2025-26,25.0
1775512612202,-1,4616.558,-8.907,-1.0550817341862118,SL,0.4830833333333333,2025-26,25.0
1775512998240,1,4633.075,-8.77,-1.0860681114551083,SL,4.160716666666667,2025-26,25.0
1775513405073,1,4633.325,-8.59,-1.0318318318318318,SL,3.3933,2025-26,25.0
1775514491616,1,4633.075,16.925,2.0959752321981426,TP,20.038516666666666,2025-26,25.0
1775516892491,-1,4641.825,-8.24,-1.0079510703363914,SL,38.067116666666664,2025-26,25.0
1775522061984,1,4658.415,-8.73,-1.0374331550802138,SL,49.135333333333335,2025-26,25.0
1775525167819,-1,4641.285,16.285,1.8686173264486519,TP,4.322983333333333,2025-26,25.0
1775525491161,1,4633.035,16.965,2.1113876789047916,TP,71.2843,2025-26,25.0
1775532406342,-1,4639.765,-10.237,-1.0001954079140205,SL,34.710166666666666,2025-26,25.0
1775534542847,1,4658.265,-8.307,-1.00508166969147,SL,1.9506166666666667,2025-26,25.0
1775535124852,1,4657.945,17.055,2.146633102580239,TP,8.859516666666666,2025-26,25.0
1775535707331,1,4683.052,-8.067,-1.0018628912071534,SL,77.28418333333333,2025-26,25.0
1775540613340,-1,4666.175,-8.85,-1.0028328611898016,SL,13.7405,2025-26,25.0
1775541650481,-1,4666.858,-8.157,-1.0018422991893883,SL,0.42851666666666666,2025-26,25.0
1775542170819,-1,4666.995,-8.25,-1.0306058713304185,SL,0.18788333333333335,2025-26,25.0
1775543131210,-1,4666.955,16.955,2.107520198881293,TP,31.10856666666667,2025-26,25.0
1775545851685,-1,4641.525,-8.63,-1.0182890855457227,SL,15.230383333333334,2025-26,25.0
1775547458755,1,4658.705,-8.787,-1.0094198736358415,SL,70.76005,2025-26,25.0
1775552150493,1,4658.892,-9.407,-1.0579172289698606,SL,4.795933333333333,2025-26,25.0
1775552665818,1,4658.015,-8.14,-1.0155957579538366,SL,27.278666666666666,2025-26,25.0
1775554871426,-1,4641.645,-8.37,-1.0017953321364452,SL,10.4002,2025-26,25.0
1775556001735,-1,4641.945,16.945,2.1036623215394163,TP,4.775316666666667,2025-26,25.0
1775556374110,-1,4616.451,-8.554,-1.0005848637267516,SL,4.859116666666667,2025-26,25.0
1775556924908,-1,4616.825,-8.24,-1.0079510703363914,SL,0.91685,2025-26,25.0
1775557342516,1,4632.922,17.078,2.155768745266347,TP,10.966133333333334,2025-26,25.0
1775558237474,1,4658.962,-8.977,-1.0016737335416201,SL,6.11075,2025-26,25.0
1775559149142,-1,4641.818,-8.497,-1.0384991444634564,SL,23.439783333333335,2025-26,25.0
1775562100657,-1,4641.995,-8.36,-1.0443472829481575,SL,4.794116666666667,2025-26,25.0
1775562913058,1,4658.672,16.328,1.882841328413284,TP,100.41865,2025-26,25.0
1775569059335,1,4683.005,-8.04,-1.004372267332917,SL,5.33755,2025-26,25.0
1775571191751,1,4683.022,-8.354,-1.0413861879830466,SL,35.68528333333333,2025-26,25.0
1775573527235,-1,4667.058,-8.177,-1.0295895240493578,SL,26.14405,2025-26,25.0
1775575137464,1,4682.995,17.005,2.1269543464665417,TP,1.4478833333333334,2025-26,25.0
1775575277801,-1,4691.465,-8.67,-1.015817223198594,SL,24.50871666666667,2025-26,25.0
1775576755040,1,4708.222,-8.617,-1.0480418389686208,SL,7.08665,2025-26,25.0
1775577694520,1,4708.355,-8.39,-1.0041891083183723,SL,3.9286833333333333,2025-26,25.0
1775578129866,1,4708.005,16.995,2.1230480949406623,TP,111.33326666666666,2025-26,25.0
1775585320963,-1,4741.785,-10.543,-1.2833840535605598,SL,23.803916666666666,2025-26,25.0
1775586759720,-1,4741.975,16.975,2.115264797507788,TP,0.18976666666666667,2025-26,25.0
1775586779404,1,4733.095,-9.94,-1.2279184681902409,SL,0.3948,2025-26,25.0
1775586809183,1,4733.585,16.415,1.9120559114735003,TP,0.58855,2025-26,25.0
1775587607012,-1,4766.555,-8.78,-1.039668442865601,SL,4.00035,2025-26,25.0
1775588010878,1,4783.025,16.975,2.115264797507788,TP,1.1076333333333332,2025-26,25.0
1775588158120,1,4808.945,16.055,1.7948574622694242,TP,24.126783333333332,2025-26,25.0
1775589907417,-1,4816.775,-9.25,-1.1246200607902737,SL,32.9075,2025-26,25.0
1775591903450,1,4833.075,16.925,2.0959752321981426,TP,3.9116666666666666,2025-26,25.0
1775592231350,-1,4841.475,-8.55,-1.002932551319648,SL,0.5748666666666666,2025-26,25.0
1775592399863,1,4858.365,-8.577,-1.0253436939629408,SL,0.18855,2025-26,25.0
1775592442462,-1,4842.055,17.055,2.146633102580239,TP,18.09345,2025-26,25.0
1775593999595,-1,4816.995,-10.6,-1.3241723922548407,SL,19.553,2025-26,25.0
1775595379291,-1,4817.065,-8.45,-1.0649023314429742,SL,3.790216666666667,2025-26,25.0
1775595647943,-1,4817.085,17.085,2.158559696778269,TP,19.529416666666666,2025-26,25.0
1775596997230,1,4807.955,-8.11,-1.0194846008799496,SL,1.1644,2025-26,25.0
1775597325158,-1,4791.965,-8.09,-1.0068450528935906,SL,5.025133333333334,2025-26,25.0
1775598590658,1,4807.955,17.045,2.1426775612822127,TP,12.42565,2025-26,25.0
1775599464997,-1,4816.855,16.855,2.0693677102516883,TP,51.884683333333335,2025-26,25.0
1775607468773,-1,4792.115,-7.9,-1.0019023462270134,SL,11.125183333333334,2025-26,25.0
1775610381331,1,4807.905,17.095,2.1625553447185326,TP,39.86428333333333,2025-26,25.0
1775613010184,1,4832.935,-7.94,-1.0006301197227474,SL,8.676716666666668,2025-26,25.0
1775614839661,1,4832.902,-8.107,-1.0259427992913186,SL,33.57638333333333,2025-26,25.0
1775617223131,-1,4816.925,16.925,2.0959752321981426,TP,86.36778333333334,2025-26,25.0
1775622596670,1,4808.205,-8.28,-1.0091407678244972,SL,11.7212,2025-26,25.0
1775623374070,-1,4792.035,-7.99,-1.0031387319522913,SL,8.005816666666666,2025-26,25.0
1775626812380,-1,4792.055,17.055,2.146633102580239,TP,36.179116666666665,2025-26,25.0
1775629686771,1,4783.425,16.575,1.967359050445104,TP,85.60278333333333,2025-26,25.0
1775636401246,-1,4792.035,17.035,2.138731952291274,TP,2.2055333333333333,2025-26,25.0
1775636964538,1,4783.185,16.815,2.0543677458766036,TP,17.404066666666665,2025-26,25.0
1775639463882,-1,4791.935,16.935,2.0998140111593306,TP,22.495416666666667,2025-26,25.0
1775640847200,1,4782.995,-8.2,-1.0256410256410255,SL,4.507333333333333,2025-26,25.0
1775641582120,1,4783.425,-8.5,-1.0089020771513353,SL,7.302016666666667,2025-26,25.0
1775642432939,1,4783.045,-8.63,-1.0727159726538222,SL,18.783366666666666,2025-26,25.0
1775643952074,-1,4766.998,16.998,2.124218945263684,TP,26.37855,2025-26,25.0
1775645771710,-1,4742.085,-8.04,-1.0157927984838913,SL,20.156933333333335,2025-26,25.0
1775647287594,1,4757.902,-7.917,-1.0018982536066818,SL,7.7268,2025-26,25.0
1775651636741,1,4757.895,-8.797,-1.1142495250158329,SL,48.267633333333336,2025-26,25.0
1775655312020,-1,4742.128,17.128,2.1758130081300813,TP,43.562416666666664,2025-26,25.0
1775659077807,-1,4717.085,-7.99,-1.0094756790903348,SL,59.69035,2025-26,25.0
1775667218660,-1,4717.085,-8.42,-1.063802905874921,SL,66.46766666666667,2025-26,25.0
1775671234885,1,4733.175,-11.87,-1.4519877675840978,SL,0.18541666666666667,2025-26,25.0
1775671348854,1,4733.045,-8.08,-1.0043505282784337,SL,0.8261,2025-26,25.0
1775671926179,-1,4716.405,16.405,1.9086678301337987,TP,115.45746666666666,2025-26,25.0
1775679712170,1,4708.315,-8.537,-1.026698737221888,SL,41.19266666666667,2025-26,25.0
1775682233795,1,4707.995,17.005,2.1269543464665417,TP,53.40376666666667,2025-26,25.0
1775687955859,1,4732.935,-8.01,-1.00945179584121,SL,10.881983333333332,2025-26,25.0
1775689291186,-1,4717.095,-7.94,-1.004427577482606,SL,112.09216666666667,2025-26,25.0
1775696812727,-1,4717.065,-8.34,-1.0510396975425331,SL,21.63935,2025-26,25.0
1775698360156,-1,4716.965,-8.04,-1.000622277535781,SL,11.94315,2025-26,25.0
1775701174626,-1,4717.045,-8.19,-1.0295411690760528,SL,48.42636666666667,2025-26,25.0
1775704760197,-1,4716.975,-8.09,-1.0080996884735203,SL,17.488366666666668,2025-26,25.0
1775706414855,-1,4717.015,-8.1,-1.0144020037570445,SL,13.007583333333333,2025-26,25.0
1775709873590,1,4733.315,-8.34,-1.0030066145520145,SL,15.579366666666667,2025-26,25.0
1775711403806,1,4733.095,-8.277,-1.0224830142063002,SL,35.6294,2025-26,25.0
1775714513935,1,4732.955,-8.217,-1.0329352608422375,SL,13.530716666666667,2025-26,25.0
1775715670088,1,4732.955,17.045,2.1426775612822127,TP,79.16111666666667,2025-26,25.0
1775721440215,1,4757.875,-8.03,-1.0196825396825397,SL,6.83895,2025-26,25.0
1775722445563,-1,4742.105,-8.08,-1.0234325522482584,SL,53.38346666666666,2025-26,25.0
1775726110866,1,4757.885,17.115,2.170577045022194,TP,27.70465,2025-26,25.0
1775728217938,-1,4767.085,-8.1,-1.0233733417561592,SL,13.916566666666666,2025-26,25.0
1775729273990,-1,4766.935,-8.137,-1.0089274643521389,SL,4.957583333333333,2025-26,25.0
1775729795321,-1,4766.988,16.988,2.1203195207189216,TP,20.37425,2025-26,25.0
1775731198302,1,4758.025,16.975,2.115264797507788,TP,35.721916666666665,2025-26,25.0
1775733548236,1,4783.572,16.428,1.916472235184321,TP,44.18841666666667,2025-26,25.0
1775736598869,-1,4792.035,-8.04,-1.009416195856874,SL,88.58373333333333,2025-26,25.0
1775743342213,-1,4791.885,16.885,2.0807147258163896,TP,29.665283333333335,2025-26,25.0
1775747427859,1,4783.095,-8.197,-1.0126003705991353,SL,6.921016666666667,2025-26,25.0
1775750112677,-1,4766.675,-8.52,-1.0234234234234234,SL,125.1263,2025-26,25.0
1775757742745,-1,4766.185,-9.14,-1.0368689733408962,SL,213.6677,2025-26,25.0
1775771238954,-1,4767.105,17.105,2.1665611146295123,TP,26.728283333333334,2025-26,25.0
1775773278095,-1,4742.125,-8.06,-1.0234920634920635,SL,20.117816666666666,2025-26,25.0
1775776184146,1,4757.895,-7.93,-1.0044331855604813,SL,208.88373333333334,2025-26,25.0
1775790144948,-1,4741.985,-8.067,-1.006487835308796,SL,2.1466833333333333,2025-26,25.0
1775792412139,1,4757.815,-7.9,-1.0108765195137557,SL,11.830083333333333,2025-26,25.0
1775794699095,-1,4742.135,-7.88,-1.0019071837253655,SL,12.6839,2025-26,25.0
1775796289126,-1,4741.895,-8.16,-1.0067859346082666,SL,34.1122,2025-26,25.0
1775798379712,1,4757.995,-8.32,-1.0406504065040652,SL,10.075433333333333,2025-26,25.0
1775801202650,-1,4742.095,-7.97,-1.0082226438962683,SL,12.099833333333333,2025-26,25.0
1775802210117,1,4757.965,17.035,2.138731952291274,TP,126.6691,2025-26,25.0
1775810090070,1,4783.105,-10.397,-1.2827884022208513,SL,1.2007333333333334,2025-26,25.0
1775810805475,-1,4767.065,-8.0,-1.0081915563957151,SL,19.436933333333332,2025-26,25.0
1775812758221,-1,4766.625,-8.63,-1.03044776119403,SL,1.2306666666666666,2025-26,25.0
1775813729385,-1,4766.715,-8.4,-1.0138805069402534,SL,2.2491833333333333,2025-26,25.0
1775814178336,-1,4767.045,-7.957,-1.0002514142049026,SL,7.044316666666667,2025-26,25.0
1775815907171,-1,4766.868,-8.157,-1.0030742744712249,SL,0.6951333333333334,2025-26,25.0
1775816117513,1,4783.535,-9.287,-1.088107791446983,SL,27.695716666666666,2025-26,25.0
1775817787559,1,4783.035,-8.21,-1.0217797137523335,SL,5.99055,2025-26,25.0
1775819519967,1,4782.915,-8.057,-1.0179406190777005,SL,19.6861,2025-26,25.0
1775820986854,-1,4766.585,16.585,1.9708853238265003,TP,30.52455,2025-26,25.0
1775823004339,1,4757.895,-8.25,-1.0449651678277392,SL,250.79471666666666,2025-26,25.0
1775838365872,-1,4742.138,-8.554,-1.08801831595014,SL,13.830633333333333,2025-26,25.0
1776016819033,-1,4634.998,-90.002,-0.7826124763047599,TP,0.00085,2025-26,25.0
1776016837869,1,4659.102,15.898,1.7466490881125027,TP,1.5009,2025-26,25.0
1776017253785,1,4684.755,-9.86,-1.0107637109174783,SL,0.36433333333333334,2025-26,25.0
1776017399403,-1,4666.198,-9.805,-1.113951374687571,SL,0.4261666666666667,2025-26,25.0
1776017545362,1,4683.865,-8.89,-1.002820078962211,SL,1.2604833333333334,2025-26,25.0
1776017878568,1,4683.675,-8.84,-1.0190201729106627,SL,1.1895833333333334,2025-26,25.0
1776018119144,-1,4666.648,16.648,1.9932950191570882,TP,3.83055,2025-26,25.0
1776019210081,1,4658.335,-8.62,-1.0341931613677264,SL,38.121916666666664,2025-26,25.0
1776022602297,1,4657.905,17.095,2.1625553447185326,TP,38.91348333333333,2025-26,25.0
1776026157060,1,4682.985,17.015,2.1308703819661865,TP,25.047416666666667,2025-26,25.0
1776027714126,1,4707.885,-7.92,-1.004438807863031,SL,4.159183333333333,2025-26,25.0
1776033546617,-1,4717.005,-8.06,-1.008130081300813,SL,138.14003333333332,2025-26,25.0
1776043195478,-1,4717.085,-8.02,-1.0132659507264687,SL,18.645483333333335,2025-26,25.0
1776047468146,1,4732.905,-7.91,-1.0006325110689438,SL,13.94935,2025-26,25.0
1776049302795,1,4733.095,-8.1,-1.0006176652254477,SL,11.0121,2025-26,25.0
1776050376468,1,4732.875,-7.92,-1.0057142857142858,SL,83.11081666666666,2025-26,25.0
1776057025236,-1,4717.105,-8.01,-1.0145661811272957,SL,109.62238333333333,2025-26,25.0
1776065734149,-1,4716.935,-8.29,-1.027898326100434,SL,77.70173333333334,2025-26,25.0
1776071550358,1,4732.895,-7.94,-1.005699810006333,SL,28.578783333333334,2025-26,25.0
1776073726486,1,4732.905,-7.92,-1.0018975332068312,SL,4.38685,2025-26,25.0
1776075567487,-1,4716.885,-8.34,-1.0277264325323474,SL,118.3964,2025-26,25.0
1776083345524,1,4732.905,-7.96,-1.0069576217583807,SL,110.5029,2025-26,25.0
1776090825330,1,4732.985,17.015,2.1308703819661865,TP,206.44231666666667,2025-26,25.0
1776106615894,1,4758.255,16.745,2.0284675953967293,TP,104.35563333333333,2025-26,25.0
1776114002520,-1,4767.025,-8.23,-1.031974921630094,SL,7.0769,2025-26,25.0
1776115843142,-1,4767.165,-7.887,-1.0066368857689854,SL,75.21191666666667,2025-26,25.0
1776122107737,-1,4766.895,-8.14,-1.0043183220234424,SL,66.70036666666667,2025-26,25.0
1776128995649,-1,4767.178,-7.844,-1.0028125799028382,SL,100.7807,2025-26,25.0
1776135482390,1,4782.815,-8.41,-1.076135636596289,SL,25.905783333333332,2025-26,25.0
1776139587812,1,4782.825,-8.18,-1.0453674121405752,SL,85.23488333333333,2025-26,25.0
1776146215421,1,4782.825,-7.85,-1.0031948881789137,SL,40.48865,2025-26,25.0
1776148721967,-1,4764.848,-10.247,-1.0093577620173364,SL,29.615833333333335,2025-26,25.0
1776151710340,1,4783.212,-8.254,-1.0051144666341938,SL,3.736666666666667,2025-26,25.0
1776153519519,1,4782.905,-8.957,-1.1330803289057558,SL,0.6995666666666667,2025-26,25.0
1776154544054,-1,4767.048,-7.957,-1.000628772635815,SL,16.182883333333333,2025-26,25.0
1776156375391,-1,4766.945,-8.07,-1.0018621973929236,SL,13.821183333333334,2025-26,25.0
1776158124794,1,4782.922,17.078,2.155768745266347,TP,23.05565,2025-26,25.0
1776159584114,-1,4791.275,-8.94,-1.0246418338108882,SL,20.835883333333335,2025-26,25.0
1776162422523,1,4808.145,-8.19,-1.0055248618784531,SL,13.979083333333334,2025-26,25.0
1776164722687,-1,4791.955,-8.23,-1.0229956494717216,SL,14.4746,2025-26,25.0
1776166224043,1,4807.922,17.078,2.155768745266347,TP,96.51336666666667,2025-26,25.0
1776173584508,1,4832.825,17.175,2.194888178913738,TP,272.23991666666666,2025-26,25.0
1776190651504,-1,4841.988,-10.687,-1.3338741887169245,SL,174.43861666666666,2025-26,25.0
1776201372645,1,4857.932,-8.377,-1.0561018658598085,SL,4.637583333333334,2025-26,25.0
1776201808958,-1,4841.838,-8.347,-1.0226660132320509,SL,2.6454,2025-26,25.0
1776203246527,-1,4841.955,-8.06,-1.0018645121193288,SL,19.578716666666665,2025-26,25.0
1776205143880,-1,4842.035,17.035,2.138731952291274,TP,16.26021666666667,2025-26,25.0
1776207886553,-1,4816.815,-8.287,-1.0124618204031766,SL,11.810266666666667,2025-26,25.0
1776217023336,-1,4815.825,-9.25,-1.008174386920981,SL,23.55665,2025-26,25.0
1776230019079,1,4808.792,-9.094,-1.03434940855323,SL,13.56595,2025-26,25.0
1776232032256,-1,4791.65,-8.355,-1.0005988023952095,SL,11.2323,2025-26,25.0
1776234379772,-1,4791.905,-8.2,-1.012970969734404,SL,16.56855,2025-26,25.0
1776238217943,1,4807.842,17.158,2.1879622545269064,TP,128.74246666666667,2025-26,25.0
1776249281943,-1,4817.185,17.185,2.198976327575176,TP,54.748266666666666,2025-26,25.0
1776252680799,-1,4792.055,-7.947,-1.0002517306482064,SL,4.7679,2025-26,25.0
1776253582511,1,4807.845,-7.877,-1.004079031230083,SL,10.2227,2025-26,25.0
1776254611129,1,4807.835,-7.86,-1.0031908104658582,SL,50.2252,2025-26,25.0
1776259505380,1,4808.005,-8.01,-1.0006246096189881,SL,3.6071666666666666,2025-26,25.0
1776260529201,-1,4792.005,-8.01,-1.00187617260788,SL,20.317883333333334,2025-26,25.0
1776262145177,-1,4792.115,-7.94,-1.0069752694990488,SL,41.19648333333333,2025-26,25.0
1776270670851,-1,4791.878,-8.367,-1.03016498399409,SL,89.63596666666666,2025-26,25.0
1776279085263,1,4810.202,14.798,1.450499901980004,TP,56.227,2025-26,25.0
1776285644022,1,4835.362,-10.477,-1.01109824358232,SL,38.8999,2025-26,25.0
1776289040681,-1,4817.065,-8.03,-1.011972274732199,SL,35.172783333333335,2025-26,25.0
1776292427677,-1,4817.085,-8.2,-1.0360075805432722,SL,33.58121666666667,2025-26,25.0
1776301071627,1,4832.855,-8.057,-1.025716104392107,SL,46.0841,2025-26,25.0
1776306372628,-1,4817.135,-7.98,-1.0146217418944692,SL,16.393166666666666,2025-26,25.0
1776309649138,-1,4817.068,-8.187,-1.0321482602118004,SL,4.012216666666666,2025-26,25.0
1776312120555,-1,4817.035,17.035,2.138731952291274,TP,350.68575,2025-26,25.0
1776334986505,-1,4792.055,-7.947,-1.0002517306482064,SL,6.7922666666666665,2025-26,25.0
1776335963926,-1,4791.605,16.605,1.9779630732578917,TP,1.4585166666666667,2025-26,25.0
1776336081697,1,4783.222,16.778,2.0406227195329603,TP,23.47405,2025-26,25.0
1776337723691,1,4807.985,-8.21,-1.0281778334376956,SL,25.8956,2025-26,25.0
1776339425612,1,4807.845,-7.95,-1.0133843212237095,SL,5.4039166666666665,2025-26,25.0
1776342812156,-1,4791.835,-8.17,-1.0006123698714022,SL,491.74123333333335,2025-26,25.0
1776373278166,-1,4791.905,16.905,2.0883261272390365,TP,11.031833333333333,2025-26,25.0
1776374142624,1,4782.942,-8.177,-1.0295895240493578,SL,7.110716666666667,2025-26,25.0
1776376290516,1,4782.905,17.095,2.1625553447185326,TP,171.26228333333333,2025-26,25.0
1776391208576,-1,4792.155,-7.87,-1.0031867431485022,SL,181.85915,2025-26,25.0
1776402918335,-1,4792.015,-7.987,-1.0002504696305572,SL,149.70366666666666,2025-26,25.0
1776412082959,1,4808.102,-8.147,-1.0055541841520612,SL,8.184633333333334,2025-26,25.0
1776414002811,1,4807.822,17.178,2.196113525952442,TP,25.92,2025-26,25.0
1776416876273,1,4857.955,17.045,2.1426775612822127,TP,2.9783333333333335,2025-26,25.0
1776417122216,1,4882.945,-8.02,-1.0094398993077407,SL,4.127716666666666,2025-26,25.0
1776417442943,-1,4866.985,16.985,2.119151590767311,TP,12.927783333333334,2025-26,25.0
1776418517863,1,4857.955,17.045,2.1426775612822127,TP,19.0151,2025-26,25.0
1776420039879,1,4883.285,-8.287,-1.0002414001207,SL,4.2674666666666665,2025-26,25.0
1776420686557,-1,4866.995,-8.17,-1.0206121174266083,SL,10.741283333333334,2025-26,25.0
1776422546124,1,4882.945,-8.12,-1.0220264317180616,SL,3.2215833333333332,2025-26,25.0
1776423641789,-1,4867.085,-7.95,-1.0044219835754895,SL,5.5606333333333335,2025-26,25.0
1776424368782,-1,4866.885,-8.16,-1.0055452865064696,SL,5.574816666666667,2025-26,25.0
1776443786353,-1,4841.238,16.238,1.8532298561972151,TP,2963.637366666667,2025-26,25.0
1776621646046,-1,4764.295,-10.87,-1.0154133582438114,SL,0.7721166666666667,2025-26,25.0
1776621725656,1,4785.275,-10.39,-1.011192214111922,SL,0.09023333333333333,2025-26,25.0
1776621972925,1,4787.559,-13.481,-1.0734134883350586,SL,54.31225,2025-26,25.0
1776627336874,-1,4767.205,17.205,2.207184092366902,TP,7.611633333333334,2025-26,25.0
1776627949358,-1,4741.765,-8.43,-1.02367941712204,SL,5.4710833333333335,2025-26,25.0
1776629772350,1,4757.995,17.005,2.1269543464665417,TP,43.8482,2025-26,25.0
1776632583613,1,4783.305,16.695,2.0102347983142685,TP,24.784283333333335,2025-26,25.0
1776640211666,-1,4791.865,-8.47,-1.041180086047941,SL,233.21768333333333,2025-26,25.0
1776655834932,-1,4791.665,-8.34,-1.0005998800239952,SL,160.7243,2025-26,25.0
1776668499817,-1,4792.175,-7.87,-1.0057507987220446,SL,46.49068333333334,2025-26,25.0
1776671613600,1,4807.895,-8.027,-1.0167194426852437,SL,44.54546666666667,2025-26,25.0
1776674544600,1,4808.015,-8.02,-1.0006238303181534,SL,18.050633333333334,2025-26,25.0
1776676004775,1,4807.975,17.025,2.134796238244514,TP,23.082733333333334,2025-26,25.0
1776677582931,-1,4817.095,-7.98,-1.0094876660341556,SL,3.0014333333333334,2025-26,25.0
1776677958006,-1,4817.065,-8.02,-1.0107120352867045,SL,6.9384,2025-26,25.0
1776681280740,-1,4817.055,17.055,2.146633102580239,TP,16.519883333333333,2025-26,25.0
1776682283611,-1,4792.045,-8.06,-1.0131992457573853,SL,0.12775,2025-26,25.0
1776682321166,1,4808.125,-8.45,-1.04,SL,5.58775,2025-26,25.0
1776682843188,1,4807.895,-8.297,-1.0509183027232425,SL,2.7920166666666666,2025-26,25.0
1776684361866,1,4808.025,-8.17,-1.0180685358255452,SL,17.9996,2025-26,25.0
1776690030063,1,4807.915,17.085,2.158559696778269,TP,299.6856333333333,2025-26,25.0
1776708698175,1,4833.075,-8.087,-1.001486068111455,SL,19.2924,2025-26,25.0
1776717208284,-1,4816.985,-8.07,-1.0068621334996881,SL,9.340033333333333,2025-26,25.0
1776718945786,-1,4817.125,17.125,2.1746031746031744,TP,136.1697,2025-26,25.0
1776730505235,-1,4792.095,17.095,2.1625553447185326,TP,157.20573333333334,2025-26,25.0
1776741021901,1,4782.995,-8.137,-1.01776110068793,SL,62.92581666666667,2025-26,25.0
1776745176341,1,4783.205,-18.73,-2.282754418037782,SL,250.95193333333333,2025-26,25.0
1776760374666,1,4783.185,-8.77,-1.0714722052535126,SL,33.10686666666667,2025-26,25.0
1776762729418,-1,4767.195,-7.84,-1.0044843049327354,SL,17.230183333333333,2025-26,25.0
1776764379136,1,4782.915,-7.93,-1.001895135818067,SL,20.918016666666666,2025-26,25.0
1776766119978,1,4782.965,-8.0,-1.0043942247332078,SL,11.91785,2025-26,25.0
1776767602268,-1,4767.185,17.185,2.198976327575176,TP,7.0182166666666665,2025-26,25.0
1776768096024,1,4757.975,-7.98,-1.0006269592476489,SL,3.0104333333333333,2025-26,25.0
1776768317178,-1,4742.155,17.155,2.186743148502231,TP,3.066666666666667,2025-26,25.0
1776768537055,1,4732.975,-8.009,-1.0042633228840125,SL,0.6685166666666666,2025-26,25.0
1776768758844,1,4733.115,16.885,2.0807147258163896,TP,21.519683333333333,2025-26,25.0
1776770436337,1,4758.025,-8.03,-1.0006230529595015,SL,3.36815,2025-26,25.0
1776770940863,-1,4741.995,-8.15,-1.0181136789506557,SL,18.673716666666667,2025-26,25.0
1776772359726,-1,4742.115,17.115,2.170577045022194,TP,34.97581666666667,2025-26,25.0
1776775880278,-1,4717.135,17.135,2.178639542275906,TP,35.4752,2025-26,25.0
1776778733434,1,4708.555,-8.99,-1.0508474576271187,SL,37.64126666666667,2025-26,25.0
1776781677438,-1,4692.088,-8.184,-1.0343781597573307,SL,2.5220666666666665,2025-26,25.0
1776783287427,1,4707.905,-8.05,-1.0183428209993675,SL,43.68875,2025-26,25.0
1776786113595,-1,4691.468,16.468,1.9301453352086264,TP,1.7863666666666667,2025-26,25.0
1776786572886,1,4683.105,-8.15,-1.0055521283158544,SL,13.479933333333333,2025-26,25.0
1776787790098,1,4682.985,17.015,2.1308703819661865,TP,2.54125,2025-26,25.0
1776788190948,1,4708.472,16.528,1.9508970727101038,TP,103.82188333333333,2025-26,25.0
1776795803369,-1,4717.125,-8.12,-1.031111111111111,SL,43.129083333333334,2025-26,25.0
1776799156639,1,4733.052,16.948,2.1048186785891705,TP,136.29821666666666,2025-26,25.0
1776809914281,1,4757.915,-7.98,-1.0082122552116235,SL,464.5269333333333,2025-26,25.0
1776839681284,1,4757.975,-7.98,-1.0006269592476489,SL,67.54756666666667,2025-26,25.0
1776845063027,1,4757.885,-7.94,-1.0069752694990488,SL,7.110366666666667,2025-26,25.0
1776846536131,1,4757.845,-8.127,-1.0359464627151052,SL,1.25835,2025-26,25.0
1776848467668,-1,4741.805,-8.5,-1.0372178157413057,SL,8.40485,2025-26,25.0
1776849016078,-1,4742.135,-7.967,-1.0129688493324858,SL,19.4306,2025-26,25.0
1776850320312,-1,4742.075,-7.96,-1.004416403785489,SL,4.39835,2025-26,25.0
1776851136885,1,4757.855,-7.88,-1.003182686187142,SL,16.4505,2025-26,25.0
1776852370040,-1,4742.145,-7.92,-1.008274984086569,SL,11.5892,2025-26,25.0
1776853827805,-1,4741.325,16.325,1.8818443804034581,TP,114.33428333333333,2025-26,25.0
1776862889357,1,4733.005,-8.09,-1.0106183635227983,SL,359.51315,2025-26,25.0
1776888578215,-1,4714.355,14.355,1.3485204321277595,TP,5.239766666666666,2025-26,25.0
1776889038630,1,4708.235,16.765,2.0358227079538556,TP,3.0046333333333335,2025-26,25.0
1776889351747,1,4732.855,17.145,2.1826861871419476,TP,7.777783333333334,2025-26,25.0
1776891994268,-1,4741.965,16.965,2.1113876789047916,TP,48.2572,2025-26,25.0
1776895547043,-1,4716.345,16.345,1.8885037550548815,TP,41.70348333333333,2025-26,25.0
1776899024260,1,4707.995,-8.09,-1.011882426516573,SL,6.689466666666666,2025-26,25.0
1776901800429,1,4707.945,-7.95,-1.000629326620516,SL,55.85378333333333,2025-26,25.0
1776906069231,1,4708.055,-8.177,-1.0151458721291124,SL,29.198866666666667,2025-26,25.0
1776908768159,1,4707.972,-7.977,-1.000627195183141,SL,196.03508333333335,2025-26,25.0
1776924572146,-1,4692.165,-7.84,-1.0006381620931717,SL,54.50321666666667,2025-26,25.0
1776930394779,1,4707.795,17.205,2.207184092366902,TP,14.1749,2025-26,25.0
1776931531554,1,4732.755,-7.96,-1.026434558349452,SL,69.2163,2025-26,25.0
1776936771110,1,4732.815,-7.86,-1.0057581573896353,SL,1.7798666666666667,2025-26,25.0
1776938503269,-1,4716.935,-8.15,-1.0105393676379417,SL,3.17595,2025-26,25.0
1776939931106,1,4732.795,-7.94,-1.0186016677357281,SL,79.75915,2025-26,25.0
1776945294370,-1,4717.205,-7.8,-1.0006414368184733,SL,29.582966666666668,2025-26,25.0
1776948233159,1,4733.065,-8.327,-1.0324860508369498,SL,18.041316666666667,2025-26,25.0
1776949725875,-1,4717.205,17.205,2.207184092366902,TP,28.120933333333333,2025-26,25.0
1776951679942,-1,4691.528,16.528,1.9508970727101038,TP,3.13585,2025-26,25.0
1776952002335,-1,4666.985,-8.15,-1.0168434185901434,SL,0.86685,2025-26,25.0
1776952076529,1,4683.055,16.945,2.1036623215394163,TP,5.41735,2025-26,25.0
1776952410737,1,4709.475,-9.51,-1.0036939313984168,SL,0.4000666666666667,2025-26,25.0
1776952709925,1,4707.925,-8.07,-1.0182965299684543,SL,60.9897,2025-26,25.0
1776958509632,-1,4692.195,-7.84,-1.0044843049327354,SL,17.892433333333333,2025-26,25.0
1776960818479,-1,4692.265,-9.837,-1.2717517776341305,SL,106.39936666666667,2025-26,25.0
1776968507622,-1,4692.105,-7.9,-1.0006333122229258,SL,73.28228333333334,2025-26,25.0
1776974294033,-1,4691.985,-8.26,-1.0305676855895196,SL,2.774366666666667,2025-26,25.0
1776974613711,-1,4692.145,-8.28,-1.0541056651814131,SL,11.651916666666667,2025-26,25.0
1776976226237,1,4707.762,-7.807,-1.0057974748776088,SL,16.308216666666667,2025-26,25.0
1776978005722,1,4708.075,-8.11,-1.0043343653250774,SL,1.42855,2025-26,25.0
1776978677724,1,4707.945,-7.95,-1.000629326620516,SL,14.507266666666666,2025-26,25.0
1776979930514,-1,4692.125,-7.94,-1.0082539682539682,SL,27.28825,2025-26,25.0
1776982211376,-1,4692.085,17.085,2.158559696778269,TP,45.59655,2025-26,25.0
1776990120657,-1,4666.945,-8.26,-1.0254500310366232,SL,25.89225,2025-26,25.0
1776994415686,1,4683.035,-8.13,-1.0118232731798382,SL,47.30125,2025-26,25.0
1776999072789,-1,4667.195,-7.81,-1.0006406149903908,SL,3.034283333333333,2025-26,25.0
1777000830414,1,4683.045,-8.14,-1.011808576755749,SL,194.6632,2025-26,25.0
1777014111687,1,4682.775,17.225,2.215434083601286,TP,5.767266666666667,2025-26,25.0
1777015403327,1,4707.895,-8.13,-1.0297656744775174,SL,80.39245,2025-26,25.0
1777020573731,-1,4692.145,-7.97,-1.014640356460853,SL,8.68975,2025-26,25.0
1777023069420,-1,4691.925,-8.13,-1.006811145510836,SL,7.8380833333333335,2025-26,25.0
1777023643425,1,4707.815,17.185,2.198976327575176,TP,25.0179,2025-26,25.0
1777025504258,1,4732.835,-7.84,-1.0006381620931717,SL,14.093916666666667,2025-26,25.0
1777027432758,1,4732.785,-7.79,-1.0006422607578678,SL,7.465833333333333,2025-26,25.0
1777030589690,-1,4717.235,-7.8,-1.004507405022537,SL,8.2769,2025-26,25.0
1777031108813,1,4732.805,-7.807,-1.0002562459961564,SL,3.79575,2025-26,25.0
1777040984901,-1,4717.248,-7.927,-1.0225748194014448,SL,32.85061666666667,2025-26,25.0
1777044911276,-1,4717.155,17.155,2.186743148502231,TP,3024.83905,2025-26,25.0
1777226764957,-1,4691.525,16.525,1.9498525073746313,TP,121.29971666666667,2025-26,25.0
1777236496352,1,4682.905,17.095,2.1625553447185326,TP,13.191683333333334,2025-26,25.0
1777238097931,-1,4692.075,-7.99,-1.0082018927444796,SL,16.712316666666666,2025-26,25.0
1777241886266,1,4707.842,17.158,2.1879622545269064,TP,81.56916666666666,2025-26,25.0
1777252564560,-1,4716.715,16.715,2.017501508750754,TP,254.49426666666668,2025-26,25.0
1777271591266,1,4707.725,-8.04,-1.0407766990291263,SL,127.6968,2025-26,25.0
1777282525262,-1,4692.325,17.325,2.257328990228013,TP,86.8933,2025-26,25.0
1777287930796,-1,4667.055,-8.14,-1.024543738200126,SL,4.90855,2025-26,25.0
1777289459903,1,4682.825,-7.87,-1.0057507987220446,SL,15.120566666666667,2025-26,25.0
1777291257816,-1,4667.195,-7.85,-1.005765534913517,SL,10.685333333333332,2025-26,25.0
1777296759274,1,4682.905,17.095,2.1625553447185326,TP,396.5529666666667,2025-26,25.0
1777321650872,-1,4692.135,17.135,2.178639542275906,TP,89.97166666666666,2025-26,25.0
1777327206323,-1,4667.125,-7.88,-1.0006349206349205,SL,5.242,2025-26,25.0
1777330618066,-1,4667.085,-7.94,-1.0031585596967783,SL,23.481266666666667,2025-26,25.0
1777334502216,-1,4667.138,17.138,2.1798524548460954,TP,64.62398333333333,2025-26,25.0
1777339213600,1,4657.945,-9.04,-1.1378225298930145,SL,10.069366666666667,2025-26,25.0
1777340110160,-1,4641.715,16.715,2.017501508750754,TP,9.6523,2025-26,25.0
1777341305044,1,4632.902,-7.997,-1.0120222728423185,SL,28.319333333333333,2025-26,25.0
1777343336922,1,4632.832,-8.007,-1.022344228804903,SL,17.697283333333335,2025-26,25.0
1777345250830,1,4632.965,-8.1,-1.0169491525423728,SL,50.0062,2025-26,25.0
1777348725204,1,4632.905,-7.93,-1.0031625553447185,SL,2.1709666666666667,2025-26,25.0
1777349169051,-1,4617.045,-8.347,-1.049277184160905,SL,3.645583333333333,2025-26,25.0
1777349508765,-1,4617.025,-8.0,-1.0031347962382444,SL,17.32668333333333,2025-26,25.0
1777350735124,1,4632.885,-7.9,-1.0019023462270134,SL,30.0179,2025-26,25.0
1777353716208,-1,4617.235,17.235,2.219575016097875,TP,109.42428333333334,2025-26,25.0
1777361583933,-1,4592.165,17.165,2.190810465858328,TP,4.199983333333333,2025-26,25.0
1777362374759,-1,4567.195,-7.867,-1.0079436258808456,SL,24.9046,2025-26,25.0
1777364151968,1,4583.015,-8.357,-1.0426699937616968,SL,9.412533333333334,2025-26,25.0
1777365331485,1,4583.315,-8.36,-1.005411906193626,SL,32.78341666666667,2025-26,25.0
1777368574157,1,4583.302,-8.397,-1.0114430257769211,SL,1.0895666666666666,2025-26,25.0
1777369000044,1,4582.845,-7.89,-1.005736137667304,SL,4.29675,2025-26,25.0
1777369344827,1,4582.845,-8.13,-1.0363288718929253,SL,13.729533333333332,2025-26,25.0
1777370368613,1,4582.775,-7.98,-1.0263665594855305,SL,1.0547333333333333,2025-26,25.0
1777370583756,-1,4567.065,-8.12,-1.023314429741651,SL,4.0231,2025-26,25.0
1777371062896,-1,4566.978,-8.127,-1.013089005235602,SL,6.43955,2025-26,25.0
1777371829223,-1,4567.165,-7.94,-1.013401403956605,SL,7.474666666666667,2025-26,25.0
1777372506284,-1,4567.185,-7.98,-1.021113243761996,SL,24.85171666666667,2025-26,25.0
1777375345172,-1,4567.145,-7.88,-1.003182686187142,SL,4.471916666666667,2025-26,25.0
1777376961698,1,4582.915,17.085,2.158559696778269,TP,110.8054,2025-26,25.0
1777385047185,-1,4592.205,-7.857,-1.00795381654907,SL,19.020966666666666,2025-26,25.0
1777393280613,-1,4592.025,-8.857,-1.1105956112852664,SL,98.69025,2025-26,25.0
1777402680070,-1,4591.905,-8.24,-1.0179122915379863,SL,62.583483333333334,2025-26,25.0
1777406733542,1,4607.935,-8.3,-1.0459987397605546,SL,15.020366666666666,2025-26,25.0
1777410067612,-1,4592.035,-8.21,-1.0307595731324546,SL,66.1126,2025-26,25.0
1777416988779,-1,4592.155,-7.93,-1.0108349267049075,SL,10.80875,2025-26,25.0
1777419809260,-1,4592.105,-7.92,-1.0031665611146294,SL,25.778683333333333,2025-26,25.0
1777424625242,1,4607.905,-8.11,-1.025932953826692,SL,18.106233333333332,2025-26,25.0
1777427895107,-1,4592.195,17.195,2.2030749519538757,TP,86.41275,2025-26,25.0
1777435153768,-1,4567.245,-7.82,-1.008381689232753,SL,54.82268333333333,2025-26,25.0
1777440574958,-1,4567.205,-8.17,-1.0481077613855034,SL,60.4891,2025-26,25.0
1777444994958,-1,4567.215,17.215,2.2113037893384715,TP,128.66928333333334,2025-26,25.0
1777452939961,-1,4542.308,-7.707,-1.00195007800312,SL,5.3780833333333335,2025-26,25.0
1777454401739,-1,4541.995,16.995,2.1230480949406623,TP,19.79005,2025-26,25.0
1777455752905,-1,4516.845,-8.29,-1.0165542611894542,SL,13.129033333333334,2025-26,25.0
1777457791576,1,4532.885,17.115,2.170577045022194,TP,80.00548333333333,2025-26,25.0
1777463134978,1,4557.905,-7.91,-1.0006325110689438,SL,6.922483333333333,2025-26,25.0
1777463647658,-1,4542.055,-8.11,-1.0207677784770295,SL,6.461266666666667,2025-26,25.0
1777464175664,1,4557.815,-7.87,-1.0070377479206654,SL,31.493433333333332,2025-26,25.0
1777470482652,-1,4542.045,-7.99,-1.0043997485857952,SL,13.62895,2025-26,25.0
1777471390670,-1,4542.085,17.085,2.158559696778269,TP,29.07845,2025-26,25.0
1777473374205,1,4532.965,-8.0,-1.0043942247332078,SL,1.4871833333333333,2025-26,25.0
1777474240820,1,4532.845,17.155,2.186743148502231,TP,24.65225,2025-26,25.0
1777476205229,-1,4542.165,-7.91,-1.009572431397575,SL,28.141983333333332,2025-26,25.0
1777479444475,-1,4542.145,-7.93,-1.0095480585614258,SL,119.46036666666667,2025-26,25.0
1777492108189,1,4557.885,17.115,2.170577045022194,TP,99.48275,2025-26,25.0
1777499656932,1,4582.865,-7.87,-1.0006357279084552,SL,17.95115,2025-26,25.0
1777501873350,-1,4566.955,16.955,2.107520198881293,TP,112.6422,2025-26,25.0
1777509215067,-1,4542.135,-7.9,-1.0044500953591862,SL,32.43501666666667,2025-26,25.0
1777512261895,1,4557.965,17.035,2.138731952291274,TP,67.8142,2025-26,25.0
1777517577484,1,4582.985,17.015,2.1308703819661865,TP,56.277366666666666,2025-26,25.0
1777521837177,1,4607.835,17.165,2.190810465858328,TP,1.00875,2025-26,25.0
1777522110693,-1,4617.155,-7.85,-1.0006373486297004,SL,80.34281666666666,2025-26,25.0
1777530121912,1,4632.765,-8.65,-1.1139729555698648,SL,128.0031,2025-26,25.0
1777537827207,1,4633.085,-8.15,-1.008039579468151,SL,14.714083333333333,2025-26,25.0
1777539138929,1,4632.805,-7.987,-1.0233183856502241,SL,43.81798333333333,2025-26,25.0
1777542415486,-1,4616.965,-8.29,-1.031736154324829,SL,16.946683333333333,2025-26,25.0
1777543757836,-1,4617.195,-7.88,-1.0096092248558617,SL,9.751816666666667,2025-26,25.0
1777545151254,-1,4617.165,-7.85,-1.001914486279515,SL,59.072516666666665,2025-26,25.0
1777549098597,-1,4617.215,-7.81,-1.0032113037893384,SL,160.71973333333332,2025-26,25.0
1777562834299,-1,4616.705,-11.59,-1.397227245328511,SL,152.78761666666668,2025-26,25.0
1777582907290,-1,4617.245,-7.78,-1.003223726627982,SL,62.91413333333333,2025-26,25.0
1777587096066,1,4632.985,-8.06,-1.0093926111458986,SL,31.070633333333333,2025-26,25.0
1777589816655,-1,4616.995,-8.03,-1.0031230480949407,SL,30.671983333333333,2025-26,25.0
1777595385135,-1,4617.075,17.075,2.1545741324921135,TP,109.91063333333334,2025-26,25.0
1777609592911,-1,4567.095,-8.0,-1.0120177103099304,SL,124.5768,2025-26,25.0
1777618397091,-1,4567.225,-7.89,-1.0147909967845659,SL,32.19335,2025-26,25.0
1777623236660,1,4582.795,17.205,2.207184092366902,TP,11.260066666666667,2025-26,25.0
1777623979157,1,4607.822,-7.834,-1.001534134492457,SL,4.093683333333333,2025-26,25.0
1777624942856,-1,4592.185,-7.83,-1.0019193857965452,SL,51.51488333333333,2025-26,25.0
1777628459941,1,4607.815,-7.82,-1.000639795265515,SL,6.50295,2025-26,25.0
1777629059778,1,4608.055,16.945,2.1036623215394163,TP,4.448833333333333,2025-26,25.0
1777629631954,1,4632.885,17.115,2.170577045022194,TP,11.799316666666666,2025-26,25.0
1777630365842,1,4657.895,-8.08,-1.0234325522482584,SL,6.4206666666666665,2025-26,25.0
1777630950391,1,4657.895,-8.07,-1.0221659278024067,SL,2.169583333333333,2025-26,25.0
1777631417454,-1,4642.055,17.055,2.146633102580239,TP,35.024566666666665,2025-26,25.0
1777634019468,1,4632.945,-8.02,-1.0094398993077407,SL,168.9793,2025-26,25.0
1777644828020,-1,4617.145,-7.91,-1.0070019096117122,SL,36.2074,2025-26,25.0
1777649633861,-1,4616.905,-21.797,-2.692649783817171,SL,3026.127483333333,2025-26,25.0
1777831257520,-1,4616.635,-9.39,-1.1225343693962941,SL,0.17611666666666667,2025-26,25.0
1777832180002,-1,4617.055,-8.0,-1.0069225928256764,SL,19.936633333333333,2025-26,25.0
1777834809911,-1,4616.308,16.308,1.8762080073630925,TP,126.77206666666666,2025-26,25.0
1777845438022,1,4607.895,-7.96,-1.0082330588980368,SL,26.34195,2025-26,25.0
1777847318594,-1,4592.255,-7.82,-1.0096836668818592,SL,9.105783333333333,2025-26,25.0
1777848812078,1,4607.855,-8.06,-1.026098026734564,SL,46.83261666666667,2025-26,25.0
1777851903963,1,4607.962,-7.977,-1.0018839487565938,SL,101.07581666666667,2025-26,25.0
1777858397863,-1,4592.075,-8.04,-1.0145110410094638,SL,11.757783333333334,2025-26,25.0
1777860278178,-1,4592.205,17.205,2.207184092366902,TP,120.37803333333333,2025-26,25.0
1777871649503,1,4582.915,-8.327,-1.052053063802906,SL,43.73813333333333,2025-26,25.0
1777874537268,-1,4567.085,17.085,2.158559696778269,TP,3.256066666666667,2025-26,25.0
1777875150621,-1,4541.075,-9.34,-1.046498599439776,SL,19.5131,2025-26,25.0
1777876339350,1,4557.905,-8.06,-1.0196078431372548,SL,0.5672666666666667,2025-26,25.0
1777876434844,1,4558.025,16.975,2.115264797507788,TP,106.48438333333333,2025-26,25.0
1777883181174,-1,4567.205,-7.92,-1.0160359204618346,SL,26.105283333333333,2025-26,25.0
1777885200946,-1,4566.865,-8.16,-1.0030731407498463,SL,9.9925,2025-26,25.0
1777885991325,-1,4567.005,-8.01,-1.00187617260788,SL,67.2276,2025-26,25.0
1777891212530,1,4582.805,-7.84,-1.0044843049327354,SL,2.9575,2025-26,25.0
1777892009799,-1,4567.205,17.205,2.207184092366902,TP,20.9687,2025-26,25.0
1777893591414,-1,4541.685,16.685,2.006614552014432,TP,1.7746,2025-26,25.0
1777893939783,-1,4516.535,-8.65,-1.021854695806261,SL,0.9370333333333334,2025-26,25.0
1777894100093,1,4532.855,-8.79,-1.119032463399109,SL,21.407433333333334,2025-26,25.0
1777896123521,-1,4517.125,-8.38,-1.064126984126984,SL,17.73985,2025-26,25.0
1777897650514,-1,4517.185,-7.827,-1.0015355086372362,SL,38.77628333333333,2025-26,25.0
1777904354009,-1,4517.025,-8.01,-1.0043887147335424,SL,65.76745,2025-26,25.0
1777910134665,-1,4516.945,-8.697,-1.0797020484171322,SL,124.43263333333333,2025-26,25.0
1777920411426,-1,4517.015,-8.02,-1.0043832185347528,SL,79.80001666666666,2025-26,25.0
1777926190252,-1,4517.085,-7.93,-1.001895135818067,SL,21.84455,2025-26,25.0
1777928554497,1,4532.802,17.198,2.204306588054345,TP,272.68516666666665,2025-26,25.0
1777946761829,-1,4542.105,-7.9,-1.0006333122229258,SL,46.090916666666665,2025-26,25.0
1777952213852,1,4558.075,-8.15,-1.0092879256965945,SL,8.998166666666666,2025-26,25.0
1777956798330,1,4557.805,-7.93,-1.0160153747597693,SL,92.70963333333333,2025-26,25.0
1777963908914,-1,4542.275,-8.0,-1.035598705501618,SL,18.16895,2025-26,25.0
1777966127935,1,4557.842,17.158,2.1879622545269064,TP,95.95685,2025-26,25.0
1777972626931,1,4582.952,-8.107,-1.0194919517102616,SL,18.761783333333334,2025-26,25.0
1777974822192,1,4582.755,-8.02,-1.0341715022566087,SL,19.8581,2025-26,25.0
1777976314132,-1,4567.107,-7.948,-1.0069681996705941,SL,4.32805,2025-26,25.0
1777976728983,1,4582.775,-7.81,-1.0045016077170419,SL,74.47515,2025-26,25.0
1777982442625,-1,4566.975,16.975,2.115264797507788,TP,366.64155,2025-26,25.0
1778007297404,1,4558.055,16.945,2.1036623215394163,TP,1.1852833333333332,2025-26,25.0
1778007469313,-1,4566.965,-8.187,-1.018917237087741,SL,2.3545833333333333,2025-26,25.0
1778008307971,1,4582.915,17.085,2.158559696778269,TP,70.71233333333333,2025-26,25.0
1778013240993,1,4608.125,16.875,2.076923076923077,TP,54.80388333333333,2025-26,25.0
1778018918666,1,4632.865,17.135,2.178639542275906,TP,65.54645,2025-26,25.0
1778032585481,1,4657.915,17.085,2.158559696778269,TP,109.73263333333334,2025-26,25.0
1778040015698,1,4682.815,-7.83,-1.0019193857965452,SL,8.684816666666666,2025-26,25.0
1778043007872,1,4682.855,17.145,2.1826861871419476,TP,0.6926333333333333,2025-26,25.0
1778043622931,1,4707.822,-8.057,-1.030043467143953,SL,2.04065,2025-26,25.0
1778044966495,-1,4692.195,-7.81,-1.0006406149903908,SL,5.085916666666667,2025-26,25.0
1778049015978,1,4707.795,-7.8,-1.0006414368184733,SL,72.92573333333333,2025-26,25.0
1778054233730,-1,4692.178,17.178,2.196113525952442,TP,16.331766666666667,2025-26,25.0
1778055312035,-1,4663.818,-11.267,-1.0076015024145948,SL,0.3711833333333333,2025-26,25.0
1778055528541,-1,4667.125,-8.09,-1.0273015873015874,SL,1.5876166666666667,2025-26,25.0
1778055841677,1,4682.805,-8.04,-1.0301089045483665,SL,44.00151666666667,2025-26,25.0
1778058867854,1,4683.015,16.985,2.119151590767311,TP,35.059983333333335,2025-26,25.0
1778061262973,1,4707.965,-8.22,-1.0320150659133709,SL,12.6464,2025-26,25.0
1778062176800,1,4707.835,-8.24,-1.051691129546905,SL,58.236333333333334,2025-26,25.0
1778067336937,-1,4692.175,-7.89,-1.0083067092651756,SL,229.10916666666665,2025-26,25.0
1778083199833,-1,4692.175,-7.88,-1.0070287539936102,SL,14.637066666666666,2025-26,25.0
1778097947798,-1,4692.145,-7.99,-1.0171865054105664,SL,5.990583333333333,2025-26,25.0
1778099149521,-1,4692.115,-7.94,-1.0069752694990488,SL,44.37105,2025-26,25.0
1778101938572,1,4708.035,-8.3,-1.0329807093963908,SL,78.19313333333334,2025-26,25.0
1778107660415,1,4707.985,-8.0,-1.0018785222291797,SL,70.39251666666667,2025-26,25.0
1778114116289,-1,4692.095,-7.93,-1.0031625553447185,SL,26.79606666666667,2025-26,25.0
1778119347178,1,4708.005,16.995,2.1230480949406623,TP,29.38775,2025-26,25.0
1778121289301,1,4733.105,16.895,2.0845157310302285,TP,37.3051,2025-26,25.0
1778123947837,-1,4742.225,-7.78,-1.0006430868167202,SL,42.260666666666665,2025-26,25.0
1778127308951,-1,4742.165,17.165,2.190810465858328,TP,48.08448333333333,2025-26,25.0
1778130568395,1,4732.785,17.215,2.2113037893384715,TP,211.98028333333335,2025-26,25.0
1778144428736,-1,4742.135,-7.89,-1.003178639542276,SL,30.998933333333333,2025-26,25.0
1778146427222,1,4757.835,-8.21,-1.047862156987875,SL,6.7866333333333335,2025-26,25.0
1778147160884,-1,4742.188,-8.047,-1.0300819252432156,SL,26.48865,2025-26,25.0
1778148968417,-1,4742.045,-8.03,-1.0094280326838467,SL,0.3333333333333333,2025-26,25.0
1778149490494,1,4757.705,-7.76,-1.0071382219338092,SL,9.633366666666667,2025-26,25.0
1778150800846,1,4757.765,-7.92,-1.0199613650998067,SL,36.368,2025-26,25.0
1778153199058,-1,4742.175,17.175,2.194888178913738,TP,35.05428333333333,2025-26,25.0
1778155762748,-1,4717.155,17.155,2.186743148502231,TP,77.3476,2025-26,25.0
1778160427143,-1,4692.025,-8.06,-1.0106583072100312,SL,1.9033333333333333,2025-26,25.0
1778162191857,1,4707.945,-8.21,-1.0333543108873506,SL,48.797266666666665,2025-26,25.0
1778165175521,1,4707.815,-7.82,-1.000639795265515,SL,3.7497833333333332,2025-26,25.0
1778165742125,1,4708.212,-8.467,-1.0310521188504627,SL,23.788933333333333,2025-26,25.0
1778168058652,1,4707.785,-8.35,-1.0725754656390494,SL,63.49368333333334,2025-26,25.0
1778171890292,1,4707.845,-8.02,-1.0223072020395156,SL,0.9759333333333333,2025-26,25.0
1778172923077,-1,4692.175,-7.96,-1.0172523961661342,SL,170.88998333333333,2025-26,25.0
1778184406531,1,4708.505,-8.62,-1.0135214579659024,SL,8.501516666666667,2025-26,25.0
1778186476370,1,4707.692,-7.727,-1.0045501820072802,SL,5.172266666666666,2025-26,25.0
1778187628021,1,4708.025,16.975,2.115264797507788,TP,56.53658333333333,2025-26,25.0
1778191442705,1,4732.932,-8.047,-1.0144982349974785,SL,8.9935,2025-26,25.0
1778193232050,-1,4717.195,-8.08,-1.0352338244714927,SL,59.621066666666664,2025-26,25.0
1778198764760,-1,4717.085,-8.29,-1.047378395451674,SL,84.38695,2025-26,25.0
1778205640349,-1,4717.145,-8.08,-1.0286441756842775,SL,3.0444,2025-26,25.0
1778207336767,1,4733.295,-8.32,-1.0030138637733574,SL,16.7772,2025-26,25.0
1778210005776,-1,4717.185,17.185,2.198976327575176,TP,12.067366666666667,2025-26,25.0
1778210910145,1,4707.945,17.055,2.146633102580239,TP,188.63185,2025-26,25.0
1778223318856,-1,4717.075,-7.93,-1.0006309148264985,SL,9.248083333333334,2025-26,25.0
1778226456337,-1,4717.185,-7.89,-1.0095969289827256,SL,47.1402,2025-26,25.0
1778231526869,-1,4717.118,-7.967,-1.0107840649581326,SL,5.661733333333333,2025-26,25.0
1778232632102,1,4732.975,-8.69,-1.089655172413793,SL,39.727583333333335,2025-26,25.0
1778235340767,1,4732.785,-10.867,-1.3958895311496469,SL,5.0023,2025-26,25.0
1778236199943,-1,4716.465,-8.54,-1.0005858230814295,SL,9.004366666666666,2025-26,25.0
1778237319773,-1,4717.068,-7.994,-1.0078164397377711,SL,191.9061,2025-26,25.0
1778256752343,-1,4717.205,17.205,2.207184092366902,TP,2987.5008666666668,2025-26,25.0
1778436124391,-1,4691.135,16.135,1.820078962210942,TP,170.80383333333333,2025-26,25.0
1778446491648,1,4682.865,-7.94,-1.0095359186268278,SL,1.2056166666666666,2025-26,25.0
1778446742777,1,4682.905,-7.967,-1.007843137254902,SL,1.4584666666666666,2025-26,25.0
1778447000734,1,4682.875,17.125,2.1746031746031744,TP,19.471216666666667,2025-26,25.0
1778449241673,-1,4691.915,-8.14,-1.0068027210884354,SL,57.09146666666667,2025-26,25.0
1778453010649,-1,4692.135,17.135,2.178639542275906,TP,79.64243333333333,2025-26,25.0
1778463786423,-1,4664.395,14.395,1.3573785950023574,TP,12.736033333333333,2025-26,25.0
1778465040355,1,4658.125,16.875,2.076923076923077,TP,40.36385,2025-26,25.0
1778471260715,-1,4667.175,-7.88,-1.0070287539936102,SL,30.926716666666668,2025-26,25.0
1778475206840,-1,4667.085,-7.95,-1.0044219835754895,SL,164.86393333333334,2025-26,25.0
1778487725437,1,4683.075,16.925,2.0959752321981426,TP,35.09876666666667,2025-26,25.0
1778490156350,1,4708.755,16.245,1.8555111364934322,TP,13.9797,2025-26,25.0
1778491239669,1,4732.785,-7.8,-1.001926782273603,SL,45.750416666666666,2025-26,25.0
1778494903502,1,4732.885,-7.92,-1.004438807863031,SL,6.106933333333333,2025-26,25.0
1778495525154,-1,4717.185,-7.897,-1.0104926423544465,SL,3.94415,2025-26,25.0
1778496193812,1,4732.915,-7.92,-1.0006317119393557,SL,13.8172,2025-26,25.0
1778498206643,1,4732.895,-7.9,-1.0006333122229258,SL,60.29925,2025-26,25.0
1778503319100,-1,4717.115,-7.9,-1.0019023462270134,SL,78.83298333333333,2025-26,25.0
1778514805565,1,4732.845,17.155,2.186743148502231,TP,173.0021,2025-26,25.0
1778527916829,1,4757.845,-7.94,-1.0121096239643084,SL,87.67646666666667,2025-26,25.0
1778533498188,-1,4742.135,-7.98,-1.0146217418944692,SL,1.3114,2025-26,25.0
1778534752652,-1,4741.995,16.995,2.1230480949406623,TP,13.442433333333334,2025-26,25.0
1778537441445,1,4732.825,-7.83,-1.0006389776357827,SL,10.453433333333333,2025-26,25.0
1778539519816,1,4732.855,-7.88,-1.003182686187142,SL,34.79265,2025-26,25.0
1778547159784,-1,4717.165,17.165,2.190810465858328,TP,90.0146,2025-26,25.0
1778555022843,-1,4692.145,-7.88,-1.003182686187142,SL,16.1077,2025-26,25.0
1778566047909,1,4707.745,-7.81,-1.0083925112976113,SL,9.22545,2025-26,25.0
1778567544104,-1,4692.205,-7.82,-1.0032071840923669,SL,57.10058333333333,2025-26,25.0
1778572276523,1,4707.745,-8.0,-1.0329244673983216,SL,15.214233333333333,2025-26,25.0
1778573746646,1,4707.755,-8.24,-1.0625402965828499,SL,8.42775,2025-26,25.0
1778574629257,-1,4692.155,-7.88,-1.004461440407903,SL,6.87705,2025-26,25.0
1778575395746,1,4707.865,-8.53,-1.0845518118245392,SL,20.438,2025-26,25.0
1778577064304,-1,4692.008,-8.037,-1.0056306306306306,SL,29.065816666666667,2025-26,25.0
1778579318524,-1,4691.905,16.905,2.0883261272390365,TP,44.786316666666664,2025-26,25.0
1778582092391,1,4682.875,-8.07,-1.0247619047619048,SL,16.1951,2025-26,25.0
1778583741201,-1,4666.815,16.815,2.0543677458766036,TP,20.443266666666666,2025-26,25.0
1778585402474,1,4657.875,17.125,2.1746031746031744,TP,92.60576666666667,2025-26,25.0
1778594497022,1,4682.875,17.125,2.1746031746031744,TP,69.91345,2025-26,25.0
1778599995568,1,4707.885,17.115,2.170577045022194,TP,270.86046666666664,2025-26,25.0
1778618219443,-1,4716.905,-8.14,-1.0055589870290302,SL,3.62245,2025-26,25.0
1778618748581,-1,4716.748,16.748,2.0295685894328646,TP,83.2908,2025-26,25.0
1778626328793,-1,4692.165,-7.97,-1.017230376515635,SL,36.8106,2025-26,25.0
1778637869529,1,4708.065,-8.07,-1.0006199628022319,SL,52.214866666666666,2025-26,25.0
1778642430681,1,4707.785,-7.87,-1.0109184328837508,SL,45.94146666666666,2025-26,25.0
1778649363650,-1,4692.235,-8.46,-1.089504185447521,SL,40.90246666666667,2025-26,25.0
1778652528321,1,4707.935,-7.94,-1.0006301197227474,SL,10.48645,2025-26,25.0
1778655782791,-1,4692.145,-8.0,-1.0184595798854232,SL,13.852916666666667,2025-26,25.0
1778660110980,-1,4692.265,17.265,2.2320620555914674,TP,83.03433333333334,2025-26,25.0
1778665370758,1,4683.282,-8.397,-1.013885534894953,SL,3.3103,2025-26,25.0
1778666097971,1,4682.785,-7.87,-1.0109184328837508,SL,6.0101,2025-26,25.0
1778667154736,1,4682.705,-7.82,-1.0149253731343284,SL,6.09555,2025-26,25.0
1778667907870,1,4682.902,17.098,2.1637560111364214,TP,102.73811666666667,2025-26,25.0
1778675070187,1,4707.835,-7.87,-1.0044671346522016,SL,16.86585,2025-26,25.0
1778679255673,-1,4692.155,-7.9,-1.0070108349267048,SL,307.5241,2025-26,25.0
1778702606301,-1,4692.125,-7.92,-1.0057142857142858,SL,11.711666666666666,2025-26,25.0
1778706391164,-1,4692.035,-8.14,-1.021971123666039,SL,89.0255,2025-26,25.0
1778717669565,1,4683.055,16.945,2.1036623215394163,TP,12.33545,2025-26,25.0
1778723980508,-1,4692.075,-8.107,-1.0229652996845426,SL,45.28745,2025-26,25.0
1778729404155,1,4707.985,-8.01,-1.0031308703819661,SL,20.574333333333332,2025-26,25.0
1778731166791,-1,4691.725,-8.28,-1.0006042296072508,SL,1.4440833333333334,2025-26,25.0
1778734825572,-1,4692.215,-7.81,-1.0032113037893384,SL,46.49105,2025-26,25.0
1778741010816,-1,4692.045,-8.11,-1.0194846008799496,SL,65.17111666666666,2025-26,25.0
1778745627041,-1,4691.998,-8.107,-1.0131217195701074,SL,11.730483333333334,2025-26,25.0
1778746913783,1,4707.915,-8.06,-1.018319646241314,SL,22.653966666666665,2025-26,25.0
1778749212270,1,4707.935,-8.11,-1.0220541902961562,SL,0.9968666666666667,2025-26,25.0
1778750368833,-1,4692.135,17.135,2.178639542275906,TP,21.526333333333334,2025-26,25.0
1778751749025,-1,4666.605,-8.53,-1.0160810005955927,SL,1.0807333333333333,2025-26,25.0
1778752010723,1,4682.905,17.095,2.1625553447185326,TP,35.04176666666667,2025-26,25.0
1778754344122,-1,4692.048,17.048,2.143863179074447,TP,104.80708333333334,2025-26,25.0
1778763931127,1,4682.955,-8.01,-1.006913890634821,SL,55.673716666666664,2025-26,25.0
1778769927948,-1,4667.025,17.025,2.134796238244514,TP,79.54225,2025-26,25.0
1778782001344,1,4660.162,-10.187,-1.002460145640622,SL,88.11976666666666,2025-26,25.0
1778787894953,1,4657.865,-8.09,-1.0286077558804831,SL,10.6978,2025-26,25.0
1778789716684,1,4658.365,-8.777,-1.049252839210998,SL,1.4236333333333333,2025-26,25.0
1778790302061,-1,4641.955,16.955,2.107520198881293,TP,5.866616666666666,2025-26,25.0
1778791225265,-1,4617.085,-7.92,-1.0006317119393557,SL,6.1828666666666665,2025-26,25.0
1778792809292,-1,4617.045,-8.38,-1.0534255185417976,SL,13.909083333333333,2025-26,25.0
1778793796825,-1,4617.155,-7.87,-1.0031867431485022,SL,22.945383333333332,2025-26,25.0
1778807402594,-1,4592.155,17.155,2.186743148502231,TP,22.15755,2025-26,25.0
1778808877415,-1,4567.108,-8.207,-1.0399138367967562,SL,6.643883333333333,2025-26,25.0
1778809505690,-1,4566.685,-8.69,-1.0450992182802166,SL,31.63205,2025-26,25.0
1778813086469,-1,4567.045,-7.99,-1.0043997485857952,SL,24.57305,2025-26,25.0
1778814696574,1,4582.925,-8.39,-1.0586750788643533,SL,25.990333333333332,2025-26,25.0
1778817660882,-1,4566.955,16.955,2.107520198881293,TP,69.96385,2025-26,25.0
1778822159215,-1,4542.325,-7.68,-1.0006514657980456,SL,5.862666666666667,2025-26,25.0
1778823908901,-1,4542.255,-8.02,-1.0355067785668173,SL,20.075116666666666,2025-26,25.0
1778825341791,1,4557.785,-7.86,-1.0096339113680155,SL,35.33368333333333,2025-26,25.0
1778827513580,1,4557.885,-7.95,-1.0082435003170578,SL,70.47958333333334,2025-26,25.0
1778833262349,1,4557.755,-7.77,-1.001934235976789,SL,9.577,2025-26,25.0
1778835635310,-1,4541.945,-8.06,-1.000620732464308,SL,5.289783333333333,2025-26,25.0
1778837107938,1,4557.895,-8.25,-1.0449651678277392,SL,2.8533666666666666,2025-26,25.0
1778837648185,-1,4542.175,17.175,2.194888178913738,TP,7.1204833333333335,2025-26,25.0
1778838314432,-1,4517.165,-7.887,-1.0066368857689854,SL,2.9558,2025-26,25.0
1778838660828,1,4533.065,16.935,2.0998140111593306,TP,23.021,2025-26,25.0
1778840122907,-1,4542.095,-8.07,-1.0208728652751422,SL,1.832,2025-26,25.0
1778840346051,1,4557.935,-7.94,-1.0006301197227474,SL,31.016366666666666,2025-26,25.0
1778842500462,1,4558.095,-8.39,-1.0364422483014206,SL,22.08775,2025-26,25.0
1778845165164,-1,4542.205,-8.16,-1.0468248877485569,SL,82.24453333333334,2025-26,25.0
1778850647821,1,4558.015,-8.13,-1.0143480973175296,SL,120.58626666666666,2025-26,25.0
1778860943342,-1,4542.278,-7.937,-1.0278425278425278,SL,3002.84315,2025-26,25.0
1779042088441,-1,4542.105,-8.23,-1.0424319189360354,SL,10.235616666666667,2025-26,25.0
1779044730188,-1,4541.698,16.698,2.0113225728740063,TP,63.7791,2025-26,25.0
1779049248799,1,4532.972,-8.187,-1.0269693928750627,SL,2.49755,2025-26,25.0
1779049474612,-1,4517.025,17.025,2.134796238244514,TP,9.428983333333333,2025-26,25.0
1779050253390,-1,4491.315,-8.91,-1.0259067357512954,SL,19.016116666666665,2025-26,25.0
1779051540446,1,4508.005,-8.01,-1.0006246096189881,SL,2.165233333333333,2025-26,25.0
1779051787184,-1,4491.925,-8.2,-1.0154798761609907,SL,1.4025833333333333,2025-26,25.0
1779052051098,-1,4492.115,-7.9,-1.0019023462270134,SL,0.9435833333333333,2025-26,25.0
1779053055712,1,4508.195,-8.45,-1.0311165344722393,SL,1.1385833333333333,2025-26,25.0
1779053189187,1,4507.865,-8.31,-1.056579783852511,SL,11.75655,2025-26,25.0
1779053974184,1,4508.065,16.935,2.0998140111593306,TP,8.715083333333334,2025-26,25.0
1779054683092,1,4532.905,-7.99,-1.010752688172043,SL,8.509116666666667,2025-26,25.0
1779055363324,1,4532.895,17.105,2.1665611146295123,TP,204.72978333333333,2025-26,25.0
1779067966935,-1,4542.105,-8.28,-1.0487650411652945,SL,113.65985,2025-26,25.0
1779075052843,1,4557.785,-7.8,-1.001926782273603,SL,10.697116666666666,2025-26,25.0
1779076224477,-1,4542.085,-7.95,-1.0044219835754895,SL,34.35041666666667,2025-26,25.0
1779080609757,-1,4542.025,-8.11,-1.0169278996865203,SL,155.89656666666667,2025-26,25.0
1779090001821,1,4558.265,-8.68,-1.0502117362371446,SL,19.63158333333333,2025-26,25.0
1779093256742,1,4558.015,16.985,2.119151590767311,TP,26.43948333333333,2025-26,25.0
1779094959134,-1,4567.075,-7.987,-1.0078233438485804,SL,23.970433333333332,2025-26,25.0
1779096606954,-1,4567.155,-7.86,-1.0019120458891013,SL,2.0269666666666666,2025-26,25.0
1779097348254,-1,4567.175,-7.84,-1.0019169329073483,SL,1.5876833333333333,2025-26,25.0
1779098077330,1,4583.175,-8.39,-1.0262996941896025,SL,5.29075,2025-26,25.0
1779098595997,-1,4567.195,17.195,2.2030749519538757,TP,30.382783333333332,2025-26,25.0
1779100823694,-1,4541.485,-8.7,-1.0217263652378157,SL,96.25698333333334,2025-26,25.0
1779107173222,-1,4542.115,-9.02,-1.1439441978440077,SL,24.357633333333332,2025-26,25.0
1779109573158,1,4557.775,-7.78,-1.0006430868167202,SL,26.737366666666667,2025-26,25.0
1779113805759,-1,4542.225,-7.83,-1.007073954983923,SL,44.73903333333333,2025-26,25.0
1779116580299,1,4558.205,-8.48,-1.0335161486898232,SL,21.9659,2025-26,25.0
1779118521948,1,4557.795,17.205,2.207184092366902,TP,184.55553333333333,2025-26,25.0
1779131503728,1,4582.895,-7.92,-1.0031665611146294,SL,63.89678333333333,2025-26,25.0
1779135693066,1,4582.845,-8.147,-1.038495857233907,SL,2.8217666666666665,2025-26,25.0
1779137428983,-1,4566.715,16.715,2.017501508750754,TP,122.43196666666667,2025-26,25.0
1779148845051,-1,4542.105,-7.92,-1.0031665611146294,SL,138.11991666666665,2025-26,25.0
1779162037673,-1,4542.105,-8.01,-1.0145661811272957,SL,6.015916666666667,2025-26,25.0
1779162981791,1,4558.035,-8.04,-1.000622277535781,SL,9.322133333333333,2025-26,25.0
1779164566085,-1,4542.085,17.085,2.158559696778269,TP,281.83123333333333,2025-26,25.0
1779181663396,-1,4516.755,-8.29,-1.0054578532443905,SL,2.4783833333333334,2025-26,25.0
1779182285551,-1,4517.225,17.225,2.215434083601286,TP,8.402333333333333,2025-26,25.0
1779182972642,-1,4492.075,17.075,2.1545741324921135,TP,1.8646666666666667,2025-26,25.0
1779183099541,-1,4466.698,-8.544,-1.0291496025054203,SL,0.6256333333333334,2025-26,25.0
1779183179617,1,4482.925,-7.95,-1.003154574132492,SL,2.3036166666666666,2025-26,25.0
1779183418693,1,4483.355,-8.46,-1.0125673249551166,SL,3.4463,2025-26,25.0
1779184200495,1,4482.875,17.125,2.1746031746031744,TP,4.21835,2025-26,25.0
1779184698953,1,4508.055,-8.23,-1.0217256362507758,SL,1.7752833333333333,2025-26,25.0
1779185081278,1,4508.135,-8.14,-1.0006146281499693,SL,3.0126333333333335,2025-26,25.0
1779185691665,-1,4492.035,-7.99,-1.0031387319522913,SL,3.5839166666666666,2025-26,25.0
1779186023255,-1,4491.965,-8.1,-1.0080896079651525,SL,43.75148333333333,2025-26,25.0
1779188842571,-1,4492.195,-8.2,-1.0506085842408712,SL,2.5729,2025-26,25.0
1779190304821,1,4507.675,-7.77,-1.0123778501628664,SL,3.9791666666666665,2025-26,25.0
1779191846161,1,4507.775,-7.93,-1.019935691318328,SL,11.672633333333334,2025-26,25.0
1779193508513,1,4507.875,-7.92,-1.0057142857142858,SL,86.43798333333334,2025-26,25.0
1779202502545,-1,4492.105,-8.34,-1.0563647878404052,SL,334.77143333333333,2025-26,25.0
1779223653528,1,4507.855,-7.89,-1.0044557606619988,SL,10.369633333333333,2025-26,25.0
1779224591197,-1,4491.945,-8.43,-1.0465549348230911,SL,7.194183333333333,2025-26,25.0
1779225209481,-1,4492.165,17.165,2.190810465858328,TP,16.06351666666667,2025-26,25.0
1779226569151,-1,4466.72,-8.305,-1.0030193236714975,SL,13.928583333333334,2025-26,25.0
1779227428267,1,4483.255,-8.42,-1.0199878861296183,SL,1.4095166666666668,2025-26,25.0
1779229932561,-1,4467.035,-8.05,-1.0106716886377902,SL,169.45245,2025-26,25.0
1779240372508,-1,4467.065,-8.017,-1.0103339634530561,SL,4.30515,2025-26,25.0
1779241629346,-1,4467.005,-8.007,-1.001500938086304,SL,9.84645,2025-26,25.0
1779244340311,-1,4467.105,-7.957,-1.0078530715642813,SL,17.5214,2025-26,25.0
1779246590518,1,4483.055,-8.08,-1.0031036623215395,SL,42.81471666666667,2025-26,25.0
1779255201227,1,4483.122,16.878,2.078059591233686,TP,116.2695,2025-26,25.0
1779263352046,-1,4492.175,-7.85,-1.0031948881789137,SL,11.822933333333333,2025-26,25.0
1779269183850,-1,4492.075,17.075,2.1545741324921135,TP,44.58338333333333,2025-26,25.0
1779272139019,1,4483.025,16.975,2.115264797507788,TP,1.36335,2025-26,25.0
1779272251706,-1,4492.138,-8.567,-1.0896718392266598,SL,1.5330833333333334,2025-26,25.0
1779272500769,1,4508.005,-8.2,-1.024359775140537,SL,2.0416166666666666,2025-26,25.0
1779273000508,1,4508.185,16.815,2.0543677458766036,TP,2.2069833333333335,2025-26,25.0
1779273452894,-1,4517.025,-8.0,-1.0031347962382444,SL,1.8951666666666667,2025-26,25.0
1779274516797,1,4532.855,-8.187,-1.042266072565245,SL,12.45005,2025-26,25.0
1779275732651,1,4533.502,16.498,1.9404845918607387,TP,0.5158666666666667,2025-26,25.0
1779275872609,-1,4542.025,17.025,2.134796238244514,TP,70.63256666666666,2025-26,25.0
1779281034856,1,4532.825,17.175,2.194888178913738,TP,206.96861666666666,2025-26,25.0
1779295786777,-1,4542.058,-8.117,-1.0220347519516495,SL,205.52353333333335,2025-26,25.0
1779308316288,-1,4541.815,-8.22,-1.0042761148442272,SL,50.45705,2025-26,25.0
1779311488685,1,4557.885,-7.92,-1.004438807863031,SL,66.70751666666666,2025-26,25.0
1779316114560,-1,4542.138,17.138,2.1798524548460954,TP,174.06431666666666,2025-26,25.0
1779328860712,1,4532.845,-7.96,-1.0146590184831104,SL,39.76885,2025-26,25.0
1779333348161,-1,4517.115,-7.94,-1.0069752694990488,SL,51.015,2025-26,25.0
1779336688210,1,4532.785,-7.85,-1.00834938985228,SL,134.04318333333333,2025-26,25.0
1779344811800,-1,4517.155,17.155,2.186743148502231,TP,153.28666666666666,2025-26,25.0
1779354059646,1,4507.825,-7.93,-1.0134185303514378,SL,14.25095,2025-26,25.0
1779356016232,-1,4492.145,-7.86,-1.0006365372374284,SL,9.829666666666666,2025-26,25.0
1779357119581,1,4507.805,-7.96,-1.019859064702114,SL,24.57593333333333,2025-26,25.0
1779359278826,1,4508.245,-8.49,-1.029714978775015,SL,38.903483333333334,2025-26,25.0
1779362021763,1,4508.072,16.928,2.097125867195243,TP,116.78168333333333,2025-26,25.0
1779369348360,1,4532.755,17.245,2.223726627981947,TP,33.7174,2025-26,25.0
1779371661818,1,4558.165,-8.5,-1.0410287813839558,SL,7.494116666666667,2025-26,25.0
1779374857641,-1,4542.195,17.195,2.2030749519538757,TP,377.82705,2025-26,25.0
1779398326210,1,4533.115,-8.21,-1.0117067159581024,SL,14.288816666666667,2025-26,25.0
1779409743350,1,4532.885,-8.1,-1.0272669625871909,SL,34.35348333333334,2025-26,25.0
1779413845783,1,4532.915,-7.96,-1.005685407454201,SL,17.892666666666667,2025-26,25.0
1779414989671,-1,4517.115,-8.41,-1.066582117945466,SL,27.423333333333332,2025-26,25.0
1779421199192,-1,4517.255,-7.75,-1.000645577792124,SL,23.14155,2025-26,25.0
1779424512669,-1,4517.225,-7.91,-1.017363344051447,SL,17.78305,2025-26,25.0
1779426897030,-1,4517.275,-8.03,-1.0394822006472493,SL,26.054466666666666,2025-26,25.0
1779429120285,1,4532.825,-7.867,-1.0053674121405751,SL,37.335883333333335,2025-26,25.0
1779431813189,-1,4517.185,-8.07,-1.0326295585412668,SL,70.84746666666666,2025-26,25.0
1779437951695,1,4533.575,-8.84,-1.0309037900874636,SL,2.90265,2025-26,25.0
1779438940353,-1,4517.265,-8.22,-1.0627020038784745,SL,24.162766666666666,2025-26,25.0
1779440990300,1,4532.855,-7.9,-1.0057288351368554,SL,12.32925,2025-26,25.0
1779442844344,-1,4516.825,16.825,2.058103975535168,TP,32.952616666666664,2025-26,25.0
1779445440922,-1,4492.058,-8.137,-1.0245530093175523,SL,2.4623666666666666,2025-26,25.0
1779447908763,1,4507.845,17.155,2.186743148502231,TP,85.42666666666666,2025-26,25.0
1779453703854,-1,4517.088,-8.114,-1.025530839231547,SL,48.1126,2025-26,25.0
1779458483220,-1,4517.125,-21.377,-2.7145396825396824,SL,3118.6471333333334,2025-26,25.0
1779646268135,1,4558.065,-8.267,-1.0250464972101674,SL,5.831883333333334,2025-26,25.0
1779647452554,1,4557.922,17.078,2.155768745266347,TP,42.25491666666667,2025-26,25.0
1779652736195,-1,4567.048,-8.057,-1.0132042253521127,SL,11.166716666666666,2025-26,25.0
1779656340386,-1,4567.138,-7.964,-1.012973798015772,SL,1.0866166666666666,2025-26,25.0
1779656490702,-1,4566.938,-8.277,-1.026668320516001,SL,28.102766666666668,2025-26,25.0
1779658935046,-1,4567.045,-7.99,-1.0043997485857952,SL,574.9310833333333,2025-26,25.0
1779696042319,-1,4567.128,-7.917,-1.005716463414634,SL,205.04365,2025-26,25.0
1779716426254,-1,4567.125,-8.14,-1.0336507936507937,SL,275.6564333333333,2025-26,25.0
1779737298900,-1,4567.045,17.045,2.1426775612822127,TP,33.66491666666667,2025-26,25.0
1779740336713,-1,4542.065,-7.94,-1.0006301197227474,SL,8.73525,2025-26,25.0
1779742318706,-1,4541.805,-8.2,-1.0006101281269066,SL,7.83335,2025-26,25.0
1779743093314,-1,4542.015,17.015,2.1308703819661865,TP,233.1538,2025-26,25.0
1779759004660,1,4533.042,-8.097,-1.0068390947525492,SL,21.4909,2025-26,25.0
1779761630007,1,4532.772,-7.817,-1.0057900154400412,SL,63.12085,2025-26,25.0
1779767341005,1,4532.765,-7.77,-1.0006439150032196,SL,37.16323333333333,2025-26,25.0
1779773547315,-1,4517.075,-7.97,-1.0056782334384857,SL,36.93898333333333,2025-26,25.0
1779776148281,1,4532.955,-8.107,-1.0191074795725958,SL,69.37645,2025-26,25.0
1779780725813,-1,4517.155,-7.91,-1.0082855321861057,SL,90.4236,2025-26,25.0
1779786681612,-1,4517.195,-7.814,-1.0011531069827033,SL,9.91415,2025-26,25.0
1779789137028,-1,4517.055,-7.987,-1.0052863436123347,SL,47.08401666666666,2025-26,25.0
1779792821956,-1,4517.145,17.145,2.1826861871419476,TP,156.91096666666667,2025-26,25.0
1779803773361,-1,4492.105,-7.897,-1.0002533248891703,SL,63.79521666666667,2025-26,25.0
1779810540344,1,4507.785,17.215,2.2113037893384715,TP,131.09898333333334,2025-26,25.0
1779818641294,-1,4492.498,-7.502,-0.23081656513445326,TP,31.5738,2025-26,25.0
1779821723079,1,4507.835,17.165,2.190810465858328,TP,49.07993333333334,2025-26,25.0
1779825604346,-1,4517.105,-7.95,-1.006966434452185,SL,1.2778833333333333,2025-26,25.0
1779826920291,-1,4517.095,17.095,2.1625553447185326,TP,115.39613333333334,2025-26,25.0
1779836604465,1,4507.882,-7.907,-1.0031717838112155,SL,51.88225,2025-26,25.0
1779842688729,1,4507.965,-8.247,-1.0354048964218456,SL,47.96146666666667,2025-26,25.0
1779846157704,-1,4492.055,-8.26,-1.039647577092511,SL,7.67435,2025-26,25.0
1779848221199,-1,4492.125,17.125,2.1746031746031744,TP,253.84268333333333,2025-26,25.0
1779863980149,-1,4466.915,16.915,2.0921459492888066,TP,6.908433333333333,2025-26,25.0
1779864416301,1,4457.825,-7.98,-1.0198083067092651,SL,0.9019666666666667,2025-26,25.0
1779866579172,-1,4441.435,-8.62,-1.0064214827787508,SL,56.19305,2025-26,25.0
1779870019026,-1,4442.165,-7.97,-1.017230376515635,SL,0.6017666666666667,2025-26,25.0
1779870090790,1,4458.035,-8.207,-1.021406347230865,SL,11.418166666666666,2025-26,25.0
1779871833802,-1,4442.155,17.155,2.186743148502231,TP,16.347766666666665,2025-26,25.0
1779874610951,-1,4417.015,-8.17,-1.0231684408265498,SL,9.14795,2025-26,25.0
1779875559523,1,4432.805,-8.44,-1.0813581037796285,SL,1.7582166666666668,2025-26,25.0
1779876118037,1,4432.835,17.165,2.190810465858328,TP,10.632583333333333,2025-26,25.0
1779877552734,-1,4442.175,-7.847,-1.0028115015974441,SL,129.59868333333333,2025-26,25.0
1779887513439,-1,4442.125,-8.107,-1.0294603174603174,SL,17.296383333333335,2025-26,25.0
1779891620807,1,4457.795,-7.82,-1.0032071840923669,SL,56.33756666666667,2025-26,25.0
1779898518000,1,4458.075,-8.087,-1.001486068111455,SL,186.19288333333333,2025-26,25.0
1779915540187,1,4457.972,-8.034,-1.0077772202709483,SL,1.6415,2025-26,25.0
1779916339003,-1,4442.075,17.075,2.1545741324921135,TP,13.488866666666667,2025-26,25.0
1779918097780,-1,4417.065,17.065,2.15059861373661,TP,31.542116666666665,2025-26,25.0
1779920722853,1,4408.075,-8.237,-1.0200619195046439,SL,20.356983333333332,2025-26,25.0
1779922901117,-1,4391.835,16.835,2.061849357011635,TP,36.583333333333336,2025-26,25.0
1779927611817,-1,4366.978,-8.097,-1.0093492894540015,SL,23.631416666666667,2025-26,25.0
1779930165581,-1,4366.785,-8.52,-1.0371272063298844,SL,8.937966666666666,2025-26,25.0
1779931850728,1,4382.992,-8.144,-1.019019019019019,SL,41.17091666666666,2025-26,25.0
1779934935697,1,4383.195,16.805,2.050640634533252,TP,227.32283333333334,2025-26,25.0
1779950551376,-1,4392.125,-8.1,-1.0285714285714285,SL,114.91866666666667,2025-26,25.0
1779958121351,1,4407.915,17.085,2.158559696778269,TP,7.105616666666666,2025-26,25.0
1779961835696,1,4432.965,-8.45,-1.0608913998744507,SL,12.3741,2025-26,25.0
1779962888404,1,4432.835,17.165,2.190810465858328,TP,4.8252,2025-26,25.0
1779965264019,-1,4467.345,-8.1,-1.0581319399085565,SL,5.975733333333333,2025-26,25.0
1779965789896,-1,4467.228,-7.857,-1.010936695831189,SL,4.279716666666666,2025-26,25.0
1779968142619,1,4483.075,16.925,2.0959752321981426,TP,48.54625,2025-26,25.0
1779972346520,1,4507.995,-8.08,-1.0106316447779862,SL,120.89693333333334,2025-26,25.0
1779991771704,-1,4491.615,-8.4,-1.0017889087656529,SL,127.30793333333334,2025-26,25.0
1780002190011,-1,4491.995,-8.01,-1.0006246096189881,SL,0.8774666666666666,2025-26,25.0
1780002556906,1,4508.305,-8.48,-1.0210716435882,SL,81.25636666666666,2025-26,25.0
1780008005219,1,4507.975,-8.04,-1.0081504702194357,SL,19.991216666666666,2025-26,25.0
1780014201130,1,4508.595,16.405,1.9086678301337987,TP,192.44925,2025-26,25.0
1780027675523,-1,4517.235,-7.92,-1.0199613650998067,SL,62.572066666666665,2025-26,25.0
1780032557767,1,4532.862,-8.077,-1.0273467311116764,SL,3.071816666666667,2025-26,25.0
1780033493991,1,4532.895,-8.14,-1.0310322989233691,SL,155.25223333333332,2025-26,25.0
1780043614690,-1,4516.715,-11.068,-1.335908267954134,SL,0.18186666666666668,2025-26,25.0
1780047519663,1,4532.875,17.125,2.1746031746031744,TP,28.214133333333333,2025-26,25.0
1780049723282,-1,4542.135,-7.9,-1.0044500953591862,SL,36.79423333333333,2025-26,25.0
1780051947629,1,4557.865,17.135,2.178639542275906,TP,11.298916666666667,2025-26,25.0
1780052870514,1,4583.162,-8.927,-1.0937270276892919,SL,29.628966666666667,2025-26,25.0
1780054911693,-1,4566.585,16.585,1.9708853238265003,TP,247.36916666666667,2025-26,25.0
1780251186948,1,4532.865,-7.91,-1.0057215511760966,SL,223.85083333333333,2025-26,25.0
1780265590725,1,4532.905,-7.907,-1.0002530044275775,SL,17.521233333333335,2025-26,25.0
1780268962769,-1,4516.985,-8.207,-1.023955084217093,SL,160.36511666666667,2025-26,25.0
1780279190126,-1,4517.118,17.118,2.1717838112154277,TP,104.89601666666667,2025-26,25.0
1780287362917,-1,4492.165,-7.96,-1.0159540523292916,SL,27.510283333333334,2025-26,25.0
1780291955026,-1,4491.675,-8.39,-1.0078078078078079,SL,35.54345,2025-26,25.0
1780296162483,1,4507.765,-7.837,-1.0092723760463618,SL,22.2721,2025-26,25.0
1780298347410,1,4508.035,-8.74,-1.0877411325451152,SL,60.9981,2025-26,25.0
1780302394956,1,4507.835,-8.02,-1.0236119974473517,SL,4.0046,2025-26,25.0
1780303493854,1,4507.955,-8.28,-1.0408548082966687,SL,13.181966666666666,2025-26,25.0
1780305065755,-1,4492.105,17.105,2.1665611146295123,TP,1.7066166666666667,2025-26,25.0
1780305192850,1,4483.045,-8.35,-1.0379117464263519,SL,8.30385,2025-26,25.0
1780305760258,-1,4465.435,-9.897,-1.0347098797699947,SL,16.385516666666668,2025-26,25.0
1780306858068,-1,4466.975,16.975,2.115264797507788,TP,15.2311,2025-26,25.0
1780308521699,1,4457.935,-8.05,-1.0144927536231885,SL,18.276416666666666,2025-26,25.0
1780309850284,1,4457.785,17.215,2.2113037893384715,TP,59.68555,2025-26,25.0
1780315822770,-1,4467.185,-8.27,-1.0582213691618683,SL,41.8214,2025-26,25.0
1780320599283,1,4483.135,-8.14,-1.0006146281499693,SL,451.3326833333333,2025-26,25.0
1780347788162,1,4483.022,-8.064,-1.0052356020942408,SL,44.26103333333333,2025-26,25.0
1780350695170,-1,4467.095,-8.22,-1.0398481973434535,SL,3.75085,2025-26,25.0
1780352448353,1,4483.435,-8.907,-1.0559573206876112,SL,23.292333333333332,2025-26,25.0
1780354571716,1,4482.985,17.015,2.1308703819661865,TP,65.42413333333333,2025-26,25.0
1780359387955,1,4508.425,16.575,1.967359050445104,TP,73.91296666666666,2025-26,25.0
1780365328409,-1,4517.115,-7.89,-1.0006341154090044,SL,11.502533333333334,2025-26,25.0
1780367299662,1,4532.815,-7.92,-1.0134357005758157,SL,182.4426,2025-26,25.0
1780382895071,1,4532.775,-7.91,-1.017363344051447,SL,87.37045,2025-26,25.0
1780388720929,1,4532.725,-8.02,-1.0381877022653723,SL,4.84485,2025-26,25.0
1780389318868,1,4532.785,-8.2,-1.0533076429030186,SL,2.27435,2025-26,25.0
1780390334966,-1,4517.138,-8.127,-1.0337064360213686,SL,13.863333333333333,2025-26,25.0
1780395756456,-1,4492.065,-8.07,-1.0170132325141776,SL,11.482383333333333,2025-26,25.0
1780398433672,1,4507.885,-7.91,-1.003170577045022,SL,34.12128333333333,2025-26,25.0
1780403174264,-1,4492.005,17.005,2.1269543464665417,TP,407.7126666666667,2025-26,25.0
1780428208034,-1,4466.725,-8.43,-1.0187311178247733,SL,21.09705,2025-26,25.0
1780431708297,1,4482.895,-8.29,-1.0500316656111464,SL,40.16063333333334,2025-26,25.0
1780434474448,-1,4467.095,-8.017,-1.014168247944339,SL,2.3961333333333332,2025-26,25.0
1780435477451,-1,4466.375,-8.72,-1.011014492753623,SL,22.34573333333333,2025-26,25.0
1780440049248,1,4482.795,-8.01,-1.0275817831943554,SL,5.7016333333333336,2025-26,25.0
1780441202660,1,4482.895,-8.0,-1.013299556681444,SL,91.75258333333333,2025-26,25.0
1780448905182,-1,4467.065,17.065,2.15059861373661,TP,223.367,2025-26,25.0
1780463276904,1,4457.835,-7.91,-1.009572431397575,SL,7.382433333333333,2025-26,25.0
1780464586962,-1,4442.145,-7.857,-1.0002546148949714,SL,35.74771666666667,2025-26,25.0
1780466770904,1,4457.935,-7.95,-1.001890359168242,SL,148.9439,2025-26,25.0
1780476111458,1,4457.852,-7.894,-1.0053489556800814,SL,42.260216666666665,2025-26,25.0
1780479745079,-1,4441.955,-8.057,-1.001491609695463,SL,12.911466666666668,2025-26,25.0
1780480685170,-1,4442.145,-7.907,-1.0066199872692552,SL,2.3022833333333335,2025-26,25.0
1780480925222,-1,4442.095,-7.93,-1.0031625553447185,SL,4.7169,2025-26,25.0
1780481771846,1,4458.305,-8.42,-1.0138470800722457,SL,2.4070666666666667,2025-26,25.0
1780483896024,1,4457.915,-8.08,-1.0208464939987365,SL,14.35145,2025-26,25.0
1780485767163,-1,4442.148,-7.857,-1.000636780438105,SL,222.80548333333334,2025-26,25.0
1780502561490,-1,4442.198,17.198,2.204306588054345,TP,133.53233333333333,2025-26,25.0
1780511120301,1,4433.162,16.838,2.0629747610879687,TP,31.8563,2025-26,25.0
1780515909134,1,4457.905,-7.91,-1.0006325110689438,SL,30.53265,2025-26,25.0
1780520958309,1,4457.925,17.075,2.1545741324921135,TP,107.41506666666666,2025-26,25.0
1780529102833,-1,4467.035,-7.97,-1.0006277463904583,SL,58.34696666666667,2025-26,25.0
1780533256476,1,4482.985,-8.11,-1.0156543519098309,SL,33.80165,2025-26,25.0
1780537747180,-1,4467.095,-7.99,-1.010752688172043,SL,17.9243,2025-26,25.0
1780539509690,-1,4467.325,-7.8,-1.01628664495114,SL,15.35975,2025-26,25.0
1780541195336,-1,4467.155,-7.87,-1.0031867431485022,SL,185.4928,2025-26,25.0
1780554099976,-1,4467.215,-7.83,-1.0057803468208093,SL,38.4395,2025-26,25.0
1780557961483,1,4482.825,17.175,2.194888178913738,TP,21.354916666666668,2025-26,25.0
1780559782197,1,4507.785,-7.867,-1.0105330764290301,SL,8.017733333333334,2025-26,25.0
1780560701918,-1,4492.045,-7.97,-1.0018856065367694,SL,15.852916666666667,2025-26,25.0
1780563040543,1,4507.865,-7.9,-1.0044500953591862,SL,9.82405,2025-26,25.0
1780567713368,-1,4491.458,16.458,1.926715055022243,TP,34.987883333333336,2025-26,25.0
1780570131838,-1,4466.865,-8.157,-1.0027043638598647,SL,22.9868,2025-26,25.0
1780574958609,1,4483.035,-8.04,-1.000622277535781,SL,66.16835,2025-26,25.0
1780585292580,1,4482.745,-7.78,-1.0045190445448677,SL,95.8604,2025-26,25.0
1780599732546,-1,4466.928,16.928,2.097125867195243,TP,144.45993333333334,2025-26,25.0
1780608529641,1,4457.985,-8.11,-1.0156543519098309,SL,10.796283333333333,2025-26,25.0
1780610494976,-1,4442.145,-8.11,-1.0324633991088479,SL,1.8168333333333333,2025-26,25.0
1780612298263,-1,4442.085,-7.94,-1.0031585596967783,SL,18.793783333333334,2025-26,25.0
1780613716635,-1,4442.175,-7.91,-1.0108626198083066,SL,127.89805,2025-26,25.0
1780622561711,-1,4442.235,-7.81,-1.0057952350289763,SL,73.65081666666667,2025-26,25.0
1780628911276,1,4457.745,17.255,2.2278889606197545,TP,283.4816333333333,2025-26,25.0
1780646504605,-1,4467.215,-7.92,-1.0173410404624277,SL,18.40925,2025-26,25.0
1780647864581,-1,4467.145,17.145,2.1826861871419476,TP,5.898766666666667,2025-26,25.0
1780648594208,-1,4442.195,17.195,2.2030749519538757,TP,16.089083333333335,2025-26,25.0
1780649687285,-1,4417.005,17.005,2.1269543464665417,TP,36.19975,2025-26,25.0
1780651938220,1,4407.655,-7.75,-1.0124101894186806,SL,4.073433333333333,2025-26,25.0
1780652251824,-1,4392.185,17.185,2.198976327575176,TP,21.89105,2025-26,25.0
1780653590557,-1,4366.805,-9.33,-1.1384990848078096,SL,2.3615,2025-26,25.0
1780653864170,-1,4367.125,-8.07,-1.0247619047619048,SL,0.834,2025-26,25.0
1780653991979,-1,4366.735,-8.32,-1.0066545674531155,SL,2.3884333333333334,2025-26,25.0
1780654290809,-1,4366.705,16.705,2.013863773357444,TP,22.660533333333333,2025-26,25.0
1780656488752,1,4357.712,-7.877,-1.0213952282157677,SL,28.974733333333333,2025-26,25.0
1780658610181,1,4357.845,-7.88,-1.004461440407903,SL,5.605166666666666,2025-26,25.0
1780659479528,-1,4342.265,17.265,2.2320620555914674,TP,55.5616,2025-26,25.0
1780663695271,1,4332.875,-7.92,-1.0057142857142858,SL,86.38546666666667,2025-26,25.0
1780670530241,-1,4317.135,-7.99,-1.0158931977113794,SL,14.51535,2025-26,25.0
1780671684441,-1,4317.015,-8.137,-1.0190356919223544,SL,28.71635,2025-26,25.0
1780674066854,-1,4317.055,-8.2,-1.0320956576463185,SL,46.360033333333334,2025-26,25.0
1780855204210,1,4338.085,-13.557,-1.0360718379824225,SL,0.95395,2025-26,25.0
1780855350363,-1,4316.655,-8.76,-1.0497303774715399,SL,11.156233333333333,2025-26,25.0
1780856817766,-1,4317.155,-7.95,-1.0133843212237095,SL,8.274766666666666,2025-26,25.0
1780858575015,-1,4317.115,-7.907,-1.0027901077996195,SL,5.06615,2025-26,25.0
1780859600377,1,4332.862,17.138,2.1798524548460954,TP,68.16511666666666,2025-26,25.0
1780864870796,-1,4342.025,17.025,2.134796238244514,TP,33.95961666666667,2025-26,25.0
1780867124200,-1,4317.125,-7.967,-1.0116825396825397,SL,4.4145,2025-26,25.0
1780867536561,-1,4316.855,-8.157,-1.0014732965009208,SL,17.2366,2025-26,25.0
1780870177975,-1,4317.125,17.125,2.1746031746031744,TP,204.57871666666668,2025-26,25.0
1780882691974,1,4283.045,16.955,2.107520198881293,TP,22.40865,2025-26,25.0
1780884126829,1,4307.865,-7.87,-1.0006357279084552,SL,5.154133333333333,2025-26,25.0
1780885301729,1,4307.815,-7.88,-1.0083173384516955,SL,12.2971,2025-26,25.0
1780888432035,1,4307.835,-7.87,-1.0044671346522016,SL,32.13976666666667,2025-26,25.0
1780891272255,-1,4292.185,17.185,2.198976327575176,TP,93.0038,2025-26,25.0
1780896999711,1,4283.505,16.495,1.9394473838918282,TP,12.06435,2025-26,25.0
1780897960671,-1,4292.038,-8.287,-1.0408188897261994,SL,41.538,2025-26,25.0
1780902635211,1,4308.075,16.925,2.0959752321981426,TP,9.331916666666666,2025-26,25.0
1780903970825,1,4333.055,-8.25,-1.0242085661080074,SL,3.8289333333333335,2025-26,25.0
1780905437397,1,4332.805,-7.887,-1.0105060858424086,SL,15.8925,2025-26,25.0
1780907470594,1,4332.855,-8.16,-1.0388287714831317,SL,36.128083333333336,2025-26,25.0
1780910527769,1,4332.815,-7.88,-1.0083173384516955,SL,38.506366666666665,2025-26,25.0
1780913439862,-1,4317.195,-7.82,-1.0019218449711724,SL,34.5532,2025-26,25.0
1780915799219,-1,4317.075,-8.03,-1.0132492113564668,SL,2.7551,2025-26,25.0
1780916404417,1,4333.115,-8.37,-1.0314232902033271,SL,17.110633333333332,2025-26,25.0
1780917617521,1,4332.725,-7.77,-1.0058252427184466,SL,259.5980666666667,2025-26,25.0
1780941600715,1,4335.682,-11.057,-1.0351057854334393,SL,6.873366666666667,2025-26,25.0
1780947261886,-1,4317.078,-8.127,-1.0258773037111841,SL,91.70546666666667,2025-26,25.0
1780954056817,1,4333.005,-8.02,-1.0018738288569644,SL,185.83186666666666,2025-26,25.0
1780966763586,1,4333.152,16.848,2.0667320902845927,TP,44.279716666666666,2025-26,25.0
1780970120755,-1,4342.025,17.025,2.134796238244514,TP,79.71663333333333,2025-26,25.0
1780978353147,1,4332.742,-8.044,-1.0390080082665978,SL,76.90325,2025-26,25.0
1780984450048,1,4332.882,-8.127,-1.0310834813499112,SL,12.927683333333333,2025-26,25.0
1780998543002,1,4357.855,-8.304,-1.0571610439210695,SL,1.0956666666666666,2025-26,25.0
1780998659943,-1,4342.018,17.018,2.132047105988474,TP,22.9007,2025-26,25.0
1781001858527,-1,4292.035,-8.027,-1.0077840552416824,SL,13.8004,2025-26,25.0
1781002977167,-1,4291.975,16.975,2.115264797507788,TP,28.6031,2025-26,25.0
1781005081906,-1,4266.938,-8.067,-1.000620193500372,SL,2.2630333333333335,2025-26,25.0
1781005503507,1,4282.965,-8.13,-1.0207156308851224,SL,12.0513,2025-26,25.0
1781006766403,-1,4267.118,17.118,2.1717838112154277,TP,32.10628333333333,2025-26,25.0
1781008754973,-1,4241.725,-8.377,-1.0123262839879155,SL,6.2273,2025-26,25.0
1781009594762,-1,4241.978,-8.044,-1.0027424582398405,SL,5.6565,2025-26,25.0
1781010086411,1,4258.002,-8.037,-1.0043739065233692,SL,160.74418333333332,2025-26,25.0
1781030829904,-1,4241.948,16.948,2.1048186785891705,TP,40.00213333333333,2025-26,25.0
1781034281086,-1,4217.145,-7.9,-1.0057288351368554,SL,11.508216666666666,2025-26,25.0
1781036028148,-1,4216.965,-8.08,-1.0056004978220285,SL,1.0503833333333332,2025-26,25.0
1781037018280,-1,4216.995,16.995,2.1230480949406623,TP,13.822516666666667,2025-26,25.0
1781038398398,1,4207.895,-7.95,-1.006966434452185,SL,8.84015,2025-26,25.0
1781039116647,-1,4192.145,-7.86,-1.0006365372374284,SL,1.8616,2025-26,25.0
1781039790197,1,4207.905,-7.91,-1.0006325110689438,SL,8.059783333333334,2025-26,25.0
1781041325023,-1,4192.255,17.255,2.2278889606197545,TP,51.70668333333333,2025-26,25.0
1781044565928,1,4182.845,-7.86,-1.0019120458891013,SL,16.062366666666666,2025-26,25.0
1781048334705,1,4183.065,-8.23,-1.0204587724736516,SL,49.74098333333333,2025-26,25.0
1781054601593,1,4182.845,17.155,2.186743148502231,TP,24.510733333333334,2025-26,25.0
1781056626694,1,4208.155,-8.16,-1.0006131207847946,SL,75.63958333333333,2025-26,25.0
1781062342214,-1,4191.875,16.875,2.076923076923077,TP,30.136383333333335,2025-26,25.0
1781064213250,-1,4167.125,-7.897,-1.0027936507936508,SL,12.725116666666667,2025-26,25.0
1781065880057,-1,4167.168,-8.147,-1.0402196118488254,SL,5.206716666666667,2025-26,25.0
1781066788205,-1,4166.945,-8.06,-1.000620732464308,SL,3.58065,2025-26,25.0
1781067634303,-1,4167.185,-8.04,-1.0287907869481765,SL,18.09585,2025-26,25.0
1781068934980,-1,4167.345,-7.76,-1.0137165251469629,SL,10.200383333333333,2025-26,25.0
1781070504280,-1,4167.045,-7.977,-1.0027655562539284,SL,60.85406666666667,2025-26,25.0
1781075028040,-1,4166.555,16.555,1.960331557134399,TP,55.095666666666666,2025-26,25.0
1781079054601,-1,4141.475,-8.8,-1.032258064516129,SL,19.13265,2025-26,25.0
1781080213525,1,4161.825,-11.88,-1.0046511627906978,SL,22.09348333333333,2025-26,25.0
1781081885248,-1,4141.995,-8.21,-1.0256089943785134,SL,2.3366,2025-26,25.0
1781082491261,1,4157.892,-8.044,-1.0192600101368474,SL,1.0648166666666667,2025-26,25.0
1781082954574,-1,4142.228,-7.877,-1.0135100360267628,SL,10.015166666666667,2025-26,25.0
1781084104993,-1,4142.255,-7.857,-1.0144609425435764,SL,0.32355,2025-26,25.0
1781084213434,1,4157.905,17.095,2.1625553447185326,TP,7.4519,2025-26,25.0
1781084749544,1,4182.915,-10.3,-1.301326595072647,SL,14.688683333333334,2025-26,25.0
1781086821698,-1,4167.165,17.165,2.190810465858328,TP,24.929933333333334,2025-26,25.0
1781088507181,-1,4142.105,17.105,2.1665611146295123,TP,8.932866666666667,2025-26,25.0
1781089296829,1,4133.025,-8.21,-1.0230529595015576,SL,3.666916666666667,2025-26,25.0
1781090280442,-1,4117.025,-7.977,-1.0002507836990595,SL,3.3778,2025-26,25.0
1781090640567,1,4133.145,-8.18,-1.0042971147943525,SL,9.688266666666667,2025-26,25.0
1781092054389,-1,4116.845,-8.16,-1.0006131207847946,SL,0.33208333333333334,2025-26,25.0
1781092087047,-1,4117.185,-7.86,-1.0057581573896353,SL,6.098866666666667,2025-26,25.0
1781092566218,-1,4116.315,-8.7,-1.001727115716753,SL,1.8433666666666666,2025-26,25.0
1781093657307,1,4132.825,-7.9,-1.0095846645367412,SL,17.609466666666666,2025-26,25.0
1781095663360,-1,4117.125,-7.95,-1.0095238095238095,SL,12.61605,2025-26,25.0
1781096598799,1,4132.832,-7.857,-1.0031920326864148,SL,2.4956833333333335,2025-26,25.0
1781097027333,-1,4117.028,17.028,2.1359759157049676,TP,100.2463,2025-26,25.0
1781104293170,-1,4092.178,17.178,2.196113525952442,TP,57.373666666666665,2025-26,25.0
1781110200663,-1,4067.185,17.185,2.198976327575176,TP,85.9484,2025-26,25.0
1781115646664,-1,4042.098,-8.224,-1.0407491774234372,SL,9.921533333333333,2025-26,25.0
1781116632688,1,4057.855,-7.89,-1.0044557606619988,SL,18.205,2025-26,25.0
1781118564261,-1,4041.298,16.298,1.872902780969892,TP,4.547716666666667,2025-26,25.0
1781118904131,1,4033.195,-8.32,-1.0152532031726662,SL,1.7431,2025-26,25.0
1781119599599,1,4058.545,-8.56,-1.0017554125219426,SL,18.537216666666666,2025-26,25.0
1781121637506,1,4057.785,-8.33,-1.0700064226075787,SL,2.7300666666666666,2025-26,25.0
1781121882093,-1,4042.055,-8.37,-1.0534927627438642,SL,0.9432666666666667,2025-26,25.0
1781122106456,-1,4042.055,-8.847,-1.113530522341095,SL,4.679716666666667,2025-26,25.0
1781122543041,1,4057.895,17.105,2.1665611146295123,TP,18.105316666666667,2025-26,25.0
1781123670332,-1,4066.565,-8.66,-1.0266745702430349,SL,7.705733333333334,2025-26,25.0
1781125207846,1,4082.685,-7.7,-1.0019518542615484,SL,1.2026833333333333,2025-26,25.0
1781125313906,1,4082.905,-8.04,-1.01707779886148,SL,5.214316666666667,2025-26,25.0
1781125656937,-1,4066.925,-8.62,-1.0674922600619194,SL,1.5879,2025-26,25.0
1781125819105,1,4083.085,16.915,2.0921459492888066,TP,13.31675,2025-26,25.0
1781126757308,1,4107.945,-8.087,-1.0178728760226559,SL,29.640916666666666,2025-26,25.0
1781129356735,-1,4091.905,16.905,2.0883261272390365,TP,22.267116666666666,2025-26,25.0
1781131167483,-1,4067.095,-8.02,-1.0145477545857053,SL,23.24363333333333,2025-26,25.0
1781133161169,-1,4066.745,-8.39,-1.0163537250151424,SL,40.69671666666667,2025-26,25.0
1781136854099,1,4082.955,-8.08,-1.015713387806411,SL,21.87238333333333,2025-26,25.0
1781138550051,1,4083.045,-8.11,-1.0080795525170914,SL,32.77721666666667,2025-26,25.0
1781141466141,1,4083.252,16.748,2.0295685894328646,TP,16.467,2025-26,25.0
1781143239631,-1,4092.005,-8.11,-1.0143839899937461,SL,75.26918333333333,2025-26,25.0
1781148272956,1,4107.875,-7.95,-1.0095238095238095,SL,25.572966666666666,2025-26,25.0
1781150444826,1,4108.105,-8.19,-1.0104873534855028,SL,27.60745,2025-26,25.0
1781152928948,-1,4092.175,17.175,2.194888178913738,TP,210.11558333333332,2025-26,25.0
1781166132800,-1,4066.915,-8.54,-1.0562770562770563,SL,22.383516666666665,2025-26,25.0
1781168106424,1,4082.762,-7.797,-1.004509147127029,SL,18.722766666666665,2025-26,25.0
1781170582106,1,4082.795,-7.91,-1.0147530468248878,SL,1.88945,2025-26,25.0
1781170853259,-1,4067.125,-8.03,-1.0196825396825397,SL,2.99415,2025-26,25.0
1781171117758,1,4083.365,-8.41,-1.0053795576808129,SL,19.975483333333333,2025-26,25.0
1781172550504,-1,4067.145,-7.86,-1.0006365372374284,SL,13.9671,2025-26,25.0
1781173523481,1,4082.862,-7.877,-1.0019079114729077,SL,2.752,2025-26,25.0
1781174441621,1,4082.805,-7.81,-1.0006406149903908,SL,4.985633333333333,2025-26,25.0
1781176072342,1,4083.005,-8.12,-1.0143660212367271,SL,17.67485,2025-26,25.0
1781177223081,1,4082.855,17.145,2.1826861871419476,TP,45.03816666666667,2025-26,25.0
1781180132143,1,4107.905,-7.95,-1.0056925996204933,SL,1.46515,2025-26,25.0
1781180621828,-1,4091.938,16.938,2.1009675018605805,TP,38.88235,2025-26,25.0
1781184431904,1,4082.785,17.215,2.2113037893384715,TP,2.7303166666666665,2025-26,25.0
1781184664827,-1,4117.005,-8.11,-1.0143839899937461,SL,0.6199666666666667,2025-26,25.0
1781184739699,1,4132.915,17.085,2.158559696778269,TP,3.9144833333333335,2025-26,25.0
1781185053851,-1,4142.205,-7.93,-1.0173187940987813,SL,1.7153666666666667,2025-26,25.0
1781185274211,1,4157.825,-8.52,-1.088817891373802,SL,9.0863,2025-26,25.0
1781185907704,1,4157.905,-7.91,-1.0006325110689438,SL,4.557566666666666,2025-26,25.0
1781186595789,-1,4141.155,-9.12,-1.0310910118711136,SL,12.06405,2025-26,25.0
1781187567416,1,4157.815,-8.15,-1.0428662827895074,SL,13.42665,2025-26,25.0
1781188602193,1,4157.965,17.035,2.138731952291274,TP,32.750766666666664,2025-26,25.0
1781190722700,1,4183.105,16.895,2.0845157310302285,TP,18.295933333333334,2025-26,25.0
1781203533025,1,4233.235,-8.34,-1.0127504553734061,SL,6.942,2025-26,25.0
1781205809061,-1,4217.125,-7.89,-1.0019047619047619,SL,21.90505,2025-26,25.0
1781208510193,-1,4216.865,-8.14,-1.0006146281499693,SL,17.394816666666667,2025-26,25.0
1781210257912,-1,4216.985,16.985,2.119151590767311,TP,24.121166666666667,2025-26,25.0
1781214183738,1,4182.795,17.205,2.207184092366902,TP,94.0488,2025-26,25.0
1781222843089,-1,4191.875,16.875,2.076923076923077,TP,91.77528333333333,2025-26,25.0
1781229828467,1,4182.845,-7.95,-1.0133843212237095,SL,37.123733333333334,2025-26,25.0
1781233125320,1,4182.875,-7.9,-1.0031746031746032,SL,19.42953333333333,2025-26,25.0
1781235830409,1,4182.995,-8.27,-1.034396497811132,SL,5.5030166666666664,2025-26,25.0
1781236612254,1,4183.305,16.695,2.0102347983142685,TP,5.934,2025-26,25.0
1781237856705,1,4207.852,17.148,2.183902190524707,TP,38.81001666666667,2025-26,25.0
1781240424978,-1,4217.105,-8.01,-1.0145661811272957,SL,14.001483333333333,2025-26,25.0
1781245079324,-1,4217.015,17.015,2.1308703819661865,TP,74.4142,2025-26,25.0
1781250108396,1,4208.165,-8.247,-1.0100428658909981,SL,48.35548333333333,2025-26,25.0
1781253561806,-1,4192.195,-7.81,-1.0006406149903908,SL,4.615,2025-26,25.0
1781254511309,-1,4191.995,-8.01,-1.0006246096189881,SL,12.649433333333333,2025-26,25.0
1781257112454,1,4207.975,-8.156,-1.0226959247648904,SL,2.1710166666666666,2025-26,25.0
1781257252417,-1,4192.095,-8.15,-1.0309930423782416,SL,72.07241666666667,2025-26,25.0
1781261586646,-1,4192.175,-8.29,-1.0594249201277954,SL,0.3667666666666667,2025-26,25.0
1781261699586,1,4207.815,17.185,2.198976327575176,TP,29.410433333333334,2025-26,25.0
1781263592616,1,4233.055,-8.19,-1.0167597765363128,SL,2.2596333333333334,2025-26,25.0
1781264340804,-1,4217.085,-8.12,-1.0259001895135818,SL,34.154183333333336,2025-26,25.0
1781266570039,1,4233.215,-8.28,-1.0079123554473524,SL,1.0770333333333333,2025-26,25.0
1781267109381,-1,4217.195,-8.17,-1.0467648942985266,SL,40.957033333333335,2025-26,25.0
1781270011759,-1,4217.035,-8.02,-1.0069052102950409,SL,34.73316666666667,2025-26,25.0
1781274065523,1,4232.825,-7.937,-1.0143130990415334,SL,5.1986,2025-26,25.0
1781276299963,-1,4217.228,-58.017,-7.464873906330417,SL,3061.7361833333334,2025-26,25.0
1781460013609,-1,4264.125,-10.98,-1.0096551724137932,SL,0.8232833333333334,2025-26,25.0
1781460109126,-1,4266.355,-8.77,-1.0144592249855409,SL,0.37448333333333333,2025-26,25.0
1781460160680,1,4283.445,16.555,1.960331557134399,TP,1.5754666666666666,2025-26,25.0
1781460525474,1,4308.385,-9.28,-1.1067382230172929,SL,1.5112166666666667,2025-26,25.0
1781461541706,-1,4291.835,-8.38,-1.0263319044703,SL,107.11533333333334,2025-26,25.0
1781468687008,1,4308.125,-8.13,-1.0006153846153847,SL,6.28235,2025-26,25.0
1781470543895,-1,4292.135,-7.95,-1.010807374443738,SL,6.67345,2025-26,25.0
1781471025428,-1,4292.111,-7.974,-1.0107744961338572,SL,17.27345,2025-26,25.0
1781472721486,1,4307.995,17.005,2.1269543464665417,TP,41.184866666666665,2025-26,25.0
1781476707376,1,4332.885,-8.1,-1.0272669625871909,SL,27.740033333333333,2025-26,25.0
1781486530508,1,4333.035,-8.2,-1.0205351586807716,SL,11.79155,2025-26,25.0
1781487747743,-1,4317.065,-7.97,-1.0044108380592311,SL,136.70503333333335,2025-26,25.0
1781497695117,1,4332.772,-7.787,-1.0019300051466804,SL,229.725,2025-26,25.0
1781511872251,1,4332.855,17.145,2.1826861871419476,TP,49.71906666666667,2025-26,25.0
1781515845550,1,4357.915,-7.917,-1.0002526847757423,SL,100.98125,2025-26,25.0
1781522760079,1,4357.865,-8.49,-1.0794659885568976,SL,6.7466333333333335,2025-26,25.0
1781523739394,1,4357.885,-7.97,-1.0107799619530755,SL,29.657733333333333,2025-26,25.0
1781526096633,-1,4341.985,16.985,2.119151590767311,TP,74.44718333333333,2025-26,25.0
1781538672647,-1,4317.178,-8.037,-1.027486576323191,SL,309.53435,2025-26,25.0
1781557589107,-1,4316.915,-8.13,-1.0055658627087198,SL,146.76026666666667,2025-26,25.0
1781566957423,1,4332.915,-7.94,-1.0031585596967783,SL,36.098733333333335,2025-26,25.0
1781573999154,-1,4316.775,-8.33,-1.0127659574468084,SL,80.01853333333334,2025-26,25.0
1781580677725,1,4332.755,17.245,2.223726627981947,TP,314.3591,2025-26,25.0
1781601001058,-1,4342.145,17.145,2.1826861871419476,TP,68.97083333333333,2025-26,25.0
1781605849962,-1,4316.805,-8.21,-1.00183038438072,SL,6.937783333333333,2025-26,25.0
1781610802106,1,4332.925,-7.98,-1.0069400630914827,SL,755.8496166666666,2025-26,25.0
1781659805701,1,4332.915,-7.94,-1.0031585596967783,SL,26.617083333333333,2025-26,25.0
1781665376983,1,4332.675,-7.76,-1.0110749185667753,SL,55.008633333333336,2025-26,25.0
1781671546508,-1,4316.965,-8.1,-1.0080896079651525,SL,8.86055,2025-26,25.0
1781673988800,1,4332.815,-7.83,-1.0019193857965452,SL,128.60663333333332,2025-26,25.0
1781685907074,1,4332.805,-7.95,-1.0185778347213326,SL,22.0114,2025-26,25.0
1781687592637,1,4332.885,17.115,2.170577045022194,TP,70.3034,2025-26,25.0
1781691855228,1,4358.025,-8.08,-1.006853582554517,SL,16.025266666666667,2025-26,25.0
1781693238194,-1,4341.515,-8.63,-1.0170889805539187,SL,5.28995,2025-26,25.0
1781695359830,1,4357.825,17.175,2.194888178913738,TP,130.96813333333333,2025-26,25.0
1781704802497,-1,4364.477,14.477,1.3757483607336312,TP,0.16981666666666667,2025-26,25.0
1781704895761,-1,4341.705,16.705,2.013863773357444,TP,2.881283333333333,2025-26,25.0
1781705315682,-1,4291.285,-8.74,-1.0028686173264487,SL,8.0521,2025-26,25.0
1781705978733,1,4308.065,-8.1,-1.004339739615623,SL,1.18065,2025-26,25.0
1781706292234,-1,4291.755,-8.29,-1.0054578532443905,SL,6.8057,2025-26,25.0
1781706725644,1,4308.295,-9.073,-1.0937914406268836,SL,0.23606666666666667,2025-26,25.0
1781706757297,1,4309.183,-9.298,-1.0125231405858652,SL,0.21548333333333333,2025-26,25.0
1781706786216,-1,4291.815,16.815,2.0543677458766036,TP,0.6092166666666666,2025-26,25.0
1781706841445,1,4283.805,-8.88,-1.008517887563884,SL,0.43416666666666665,2025-26,25.0
1781706918904,1,4283.845,-9.07,-1.0254381006218203,SL,0.4753833333333333,2025-26,25.0
1781706963705,1,4283.305,16.695,2.0102347983142685,TP,1.0566166666666668,2025-26,25.0
1781707109090,-1,4291.855,-8.66,-1.0632289748311847,SL,0.3553,2025-26,25.0
1781707153286,1,4308.105,-8.16,-1.0067859346082666,SL,0.6605666666666666,2025-26,25.0
1781707294624,1,4308.975,16.025,1.7855153203342617,TP,2.7982,2025-26,25.0
1781707558201,-1,4314.455,-10.69,-1.013750592697961,SL,1.77005,2025-26,25.0
1781707671907,1,4333.315,-8.58,-1.0318701142513529,SL,0.17568333333333333,2025-26,25.0
1781707713681,-1,4317.035,-8.01,-1.0056497175141244,SL,4.089283333333333,2025-26,25.0
1781708241647,-1,4291.995,16.995,2.1230480949406623,TP,5.981716666666666,2025-26,25.0
1781708625464,1,4283.105,-8.12,-1.0018507094386182,SL,0.5262,2025-26,25.0
1781708822813,-1,4265.555,-10.09,-1.0682901005823187,SL,1.3998333333333333,2025-26,25.0
1781709002024,-1,4267.015,-8.1,-1.0144020037570445,SL,3.8809666666666667,2025-26,25.0
1781709474907,-1,4242.005,17.005,2.1269543464665417,TP,12.175016666666666,2025-26,25.0
1781710296471,1,4233.085,-8.41,-1.0401978973407544,SL,0.45013333333333333,2025-26,25.0
1781710399563,1,4233.705,-9.15,-1.0511200459506032,SL,1.9508333333333334,2025-26,25.0
1781710896010,1,4232.945,17.055,2.146633102580239,TP,24.988816666666665,2025-26,25.0
1781712742612,1,4257.745,17.255,2.2278889606197545,TP,178.7193,2025-26,25.0
1781723715754,1,4282.995,-8.0,-1.0006253908692933,SL,24.486583333333332,2025-26,25.0
1781726510202,1,4282.935,17.065,2.15059861373661,TP,16.743683333333333,2025-26,25.0
1781728307236,1,4308.075,16.925,2.0959752321981426,TP,31.08341666666667,2025-26,25.0
1781731045415,-1,4317.185,-7.82,-1.000639795265515,SL,26.506133333333334,2025-26,25.0
1781733074712,-1,4317.275,-7.94,-1.027831715210356,SL,17.92343333333333,2025-26,25.0
1781735840008,-1,4317.275,-7.837,-1.0144983818770226,SL,172.6918,2025-26,25.0
1781746793088,-1,4317.185,17.185,2.198976327575176,TP,27.651433333333333,2025-26,25.0
1781750847029,1,4308.015,-8.03,-1.0018714909544604,SL,45.63401666666667,2025-26,25.0
1781754810293,-1,4292.165,17.165,2.190810465858328,TP,59.872033333333334,2025-26,25.0
1781758649215,-1,4267.075,17.075,2.1545741324921135,TP,129.55533333333332,2025-26,25.0
1781766662141,-1,4242.055,-8.1,-1.0195091252359976,SL,17.882566666666666,2025-26,25.0
1781768375721,-1,4242.258,-7.767,-1.0032291397571687,SL,31.6191,2025-26,25.0
1781770420725,1,4257.765,-7.92,-1.0199613650998067,SL,20.525516666666668,2025-26,25.0
1781771984837,-1,4241.955,-8.31,-1.0329397141081418,SL,2.49515,2025-26,25.0
1781772650573,-1,4242.055,-8.08,-1.0169918187539333,SL,15.275233333333333,2025-26,25.0
1781773985366,1,4257.845,17.155,2.186743148502231,TP,19.109066666666667,2025-26,25.0
1781775640530,-1,4267.075,17.075,2.1545741324921135,TP,19.978766666666665,2025-26,25.0
1781776907806,-1,4242.025,-8.0,-1.0031347962382444,SL,17.629783333333332,2025-26,25.0
1781778638650,-1,4241.785,-8.22,-1.0006086427267193,SL,4.316833333333333,2025-26,25.0
1781779290181,-1,4241.905,-8.19,-1.0117356392835084,SL,17.102216666666667,2025-26,25.0
1781781516466,-1,4242.138,17.138,2.1798524548460954,TP,19.6062,2025-26,25.0
1781782863021,1,4232.835,-7.85,-1.001914486279515,SL,9.9651,2025-26,25.0
1781784507198,1,4232.782,-7.817,-1.00449755846826,SL,7.622916666666667,2025-26,25.0
1781786164991,-1,4216.505,-8.56,-1.007651559741024,SL,4.175083333333333,2025-26,25.0
1781787003754,-1,4217.225,-7.94,-1.0212218649517686,SL,15.414116666666667,2025-26,25.0
1781790808021,1,4232.805,-8.06,-1.0326713645099295,SL,36.57731666666667,2025-26,25.0
1781794862272,-1,4217.185,17.185,2.198976327575176,TP,241.91593333333333,2025-26,25.0
1781811902963,-1,4191.905,16.905,2.0883261272390365,TP,185.86995,2025-26,25.0
1781823920170,-1,4166.955,16.955,2.107520198881293,TP,53.45843333333333,2025-26,25.0
1781828129047,-1,4141.905,-8.18,-1.0105003088326128,SL,2.640066666666667,2025-26,25.0
1781829303134,-1,4142.148,17.148,2.183902190524707,TP,24.96923333333333,2025-26,25.0
1781832417508,1,4133.425,16.575,1.967359050445104,TP,90.92986666666667,2025-26,25.0
1781838481575,1,4157.755,17.245,2.223726627981947,TP,75.50818333333333,2025-26,25.0
1781844026641,-1,4167.075,17.075,2.1545741324921135,TP,137.17811666666665,2025-26,25.0
1781854433454,-1,4141.965,-8.14,-1.0130678282514,SL,6.679483333333334,2025-26,25.0
1781856099672,1,4157.675,-7.68,-1.0006514657980456,SL,29.289416666666668,2025-26,25.0
1781859057177,1,4158.015,16.985,2.119151590767311,TP,5.246333333333333,2025-26,25.0
1781859793011,-1,4167.105,-8.21,-1.0398986700443318,SL,4.861,2025-26,25.0
1781860198442,1,4182.825,-8.22,-1.0504792332268371,SL,1.9465333333333332,2025-26,25.0
1781860556741,-1,4167.115,17.115,2.170577045022194,TP,44.30506666666667,2025-26,25.0
1781873432281,1,4157.935,-18.237,-2.298298676748582,SL,3189.486066666667,2025-26,25.0
1782064987530,1,4158.245,-8.4,-1.018799272286234,SL,9.050466666666667,2025-26,25.0
1782068659110,1,4157.822,-7.827,-1.0006392227051906,SL,27.653683333333333,2025-26,25.0
1782070553846,-1,4142.145,-7.95,-1.0120942075111394,SL,25.49395,2025-26,25.0
1782072215879,-1,4142.145,-8.24,-1.049013367281986,SL,6.448133333333334,2025-26,25.0
1782072759698,1,4158.185,16.815,2.0543677458766036,TP,30.53355,2025-26,25.0
1782074996959,1,4182.895,17.105,2.1665611146295123,TP,9.089116666666667,2025-26,25.0
1782075605162,1,4209.075,-9.16,-1.009366391184573,SL,31.7611,2025-26,25.0
1782078783730,-1,4192.115,-7.89,-1.0006341154090044,SL,45.609233333333336,2025-26,25.0
1782081838381,-1,4192.145,17.145,2.1826861871419476,TP,33.235816666666665,2025-26,25.0
1782090478974,1,4182.805,17.195,2.2030749519538757,TP,76.55985,2025-26,25.0
1782096685862,1,4207.795,-7.797,-1.0002565747273893,SL,6.526316666666666,2025-26,25.0
1782099731398,-1,4192.205,-7.957,-1.0207825529185375,SL,81.80973333333333,2025-26,25.0
1782104784136,1,4208.055,-8.2,-1.0180012414649287,SL,221.21321666666665,2025-26,25.0
1782118769427,-1,4192.175,-7.84,-1.0019169329073483,SL,49.13066666666667,2025-26,25.0
1782122894287,1,4207.975,-8.05,-1.0094043887147335,SL,9.47585,2025-26,25.0
1782123640977,-1,4191.955,-8.05,-1.0006215040397763,SL,25.92015,2025-26,25.0
1782127157642,-1,4192.185,17.185,2.198976327575176,TP,29.906633333333332,2025-26,25.0
1782129395144,1,4182.835,-8.29,-1.0580727504786216,SL,14.926333333333334,2025-26,25.0
1782130878384,1,4182.915,-7.98,-1.0082122552116235,SL,537.616,2025-26,25.0
1782164205218,-1,4167.008,17.008,2.1281281281281283,TP,34.2018,2025-26,25.0
1782166709500,1,4157.805,-7.88,-1.0096092248558617,SL,39.53196666666667,2025-26,25.0
1782169336665,-1,4142.095,17.095,2.1625553447185326,TP,116.82578333333333,2025-26,25.0
1782176655665,1,4132.955,-7.96,-1.0006285355122564,SL,23.58663333333333,2025-26,25.0
1782178222433,-1,4117.135,-7.87,-1.0006357279084552,SL,3.6237,2025-26,25.0
1782178505352,1,4132.935,-8.04,-1.0132325141776937,SL,4.649583333333333,2025-26,25.0
1782179305951,-1,4117.145,-7.95,-1.0120942075111394,SL,13.389966666666666,2025-26,25.0
1782180462183,-1,4117.105,-8.04,-1.0183660544648512,SL,5.128316666666667,2025-26,25.0
1782181446796,-1,4117.145,-7.98,-1.0159134309357098,SL,45.12681666666667,2025-26,25.0
1782187378879,-1,4092.105,-7.93,-1.0044331855604813,SL,16.516733333333335,2025-26,25.0
1782189683039,1,4107.775,17.225,2.215434083601286,TP,78.6623,2025-26,25.0
1782194545273,1,4132.945,-7.99,-1.0056639395846445,SL,39.864133333333335,2025-26,25.0
1782198104891,-1,4117.145,-7.98,-1.0159134309357098,SL,5.04405,2025-26,25.0
1782202282370,-1,4117.075,-8.0,-1.0094637223974763,SL,85.82805,2025-26,25.0
1782208126396,1,4133.005,-8.31,-1.0381011867582761,SL,45.30898333333333,2025-26,25.0
1782212435419,1,4133.065,-8.267,-1.0250464972101674,SL,8.082133333333333,2025-26,25.0
1782214378135,1,4133.062,-8.107,-1.005581741503349,SL,154.78558333333334,2025-26,25.0
1782225754876,-1,4117.075,-8.13,-1.0258675078864354,SL,22.760116666666665,2025-26,25.0
1782229919044,-1,4117.075,17.075,2.1545741324921135,TP,162.49495,2025-26,25.0
1782240412974,1,4107.885,-8.137,-1.0319594166138237,SL,17.0464,2025-26,25.0
1782243469813,-1,4091.645,-8.38,-1.0029922202274086,SL,15.174666666666667,2025-26,25.0
1782245244359,1,4108.095,-8.157,-1.0076590487955528,SL,16.86525,2025-26,25.0
1782248414151,-1,4091.795,16.795,2.0469226081657528,TP,3.688816666666667,2025-26,25.0
1782248898459,1,4082.925,17.075,2.1545741324921135,TP,16.912266666666667,2025-26,25.0
1782250069145,-1,4092.055,-8.13,-1.0232850849590938,SL,2.242583333333333,2025-26,25.0
1782250839824,-1,4092.085,17.085,2.158559696778269,TP,37.41805,2025-26,25.0
1782253845641,-1,4067.088,-8.077,-1.0208543983822043,SL,179.29016666666666,2025-26,25.0
1782264764627,1,4082.925,-7.96,-1.004416403785489,SL,7.5345,2025-26,25.0
1782266780348,1,4083.175,-8.18,-1.000611620795107,SL,110.72126666666666,2025-26,25.0
1782275446645,1,4082.955,-8.42,-1.0584538026398491,SL,31.787983333333333,2025-26,25.0
1782279382941,-1,4067.145,17.145,2.1826861871419476,TP,89.62425,2025-26,25.0
1782285345196,-1,4042.155,-8.12,-1.0350541746335244,SL,22.5401,2025-26,25.0
1782287178929,-1,4041.965,-8.32,-1.0354698195395147,SL,5.475383333333333,2025-26,25.0
1782288078110,-1,4042.135,17.135,2.178639542275906,TP,23.75385,2025-26,25.0
1782291233116,1,4007.815,-7.85,-1.0044785668586051,SL,2.1187833333333335,2025-26,25.0
1782291540647,-1,3992.178,17.178,2.196113525952442,TP,2.414283333333333,2025-26,25.0
1782291787306,1,3982.925,-7.967,-1.0052996845425868,SL,4.386333333333333,2025-26,25.0
1782292318787,-1,3967.038,-7.987,-1.003139914594323,SL,2.601783333333333,2025-26,25.0
1782292548793,-1,3966.888,-8.417,-1.0375986193293885,SL,3.2278,2025-26,25.0
1782292851493,-1,3966.475,-8.53,-1.0005865102639295,SL,4.17705,2025-26,25.0
1782293497203,1,3982.785,17.215,2.2113037893384715,TP,7.6393,2025-26,25.0
1782294712723,1,4032.935,-7.96,-1.0031505986137366,SL,3.7474333333333334,2025-26,25.0
1782295021344,1,4032.895,-7.96,-1.0082330588980368,SL,6.6084,2025-26,25.0
1782296139302,-1,4017.178,-7.877,-1.0070314497570954,SL,7.642966666666666,2025-26,25.0
1782297272534,1,4032.935,-7.97,-1.0044108380592311,SL,4.3018,2025-26,25.0
1782297710137,-1,4017.128,17.128,2.1758130081300813,TP,24.532633333333333,2025-26,25.0
1782299910541,1,4007.945,-7.98,-1.0044052863436124,SL,40.562083333333334,2025-26,25.0
1782303693064,1,4007.895,-7.9,-1.0006333122229258,SL,58.04716666666667,2025-26,25.0
1782307500881,-1,3992.198,17.198,2.204306588054345,TP,33.30193333333333,2025-26,25.0
1782309768708,-1,3967.158,-8.417,-1.0733231318541188,SL,3.0688666666666666,2025-26,25.0
1782310172223,1,3982.985,-8.02,-1.0043832185347528,SL,60.95375,2025-26,25.0
1782314901439,1,3982.825,17.175,2.194888178913738,TP,36.939,2025-26,25.0
1782317860682,-1,3992.198,-7.877,-1.009612919764163,SL,8.419766666666666,2025-26,25.0
1782324059101,1,4008.785,-8.86,-1.008537279453614,SL,29.2408,2025-26,25.0
1782327933635,-1,3991.908,-8.247,-1.0191547207118141,SL,19.00561666666667,2025-26,25.0
1782329657270,1,4007.865,-7.92,-1.006993006993007,SL,51.12413333333333,2025-26,25.0
1782333135530,-1,3992.068,-8.067,-1.017019667170953,SL,21.778483333333334,2025-26,25.0
1782334700320,-1,3991.885,-8.73,-1.0757855822550833,SL,2.5061,2025-26,25.0
1782335128410,-1,3991.995,-8.057,-1.0064959400374767,SL,15.4513,2025-26,25.0
1782336543392,-1,3992.028,17.028,2.1359759157049676,TP,29.365483333333334,2025-26,25.0
1782338907000,-1,3967.025,-8.26,-1.0357366771159875,SL,9.203916666666666,2025-26,25.0
1782339607020,1,3982.955,-7.977,-1.0027655562539284,SL,22.00465,2025-26,25.0
1782341293362,1,3982.885,-8.04,-1.0196575776791377,SL,18.13445,2025-26,25.0
1782342805023,-1,3967.005,-7.997,-1.0002501563477173,SL,3.38095,2025-26,25.0
1782343182430,1,3982.885,-8.077,-1.0243500317057705,SL,1.8436333333333332,2025-26,25.0
1782344866466,1,3983.035,16.965,2.1113876789047916,TP,8.596116666666667,2025-26,25.0
1782346259799,-1,3992.125,-8.15,-1.034920634920635,SL,62.075433333333336,2025-26,25.0
1782350272458,-1,3992.008,17.008,2.1281281281281283,TP,62.13581666666666,2025-26,25.0
1782354467107,1,3982.955,-7.99,-1.0043997485857952,SL,32.650416666666665,2025-26,25.0
1782356707076,1,3982.775,-7.9,-1.0160771704180065,SL,39.11295,2025-26,25.0
1782359816013,1,3983.185,16.815,2.0543677458766036,TP,25.60985,2025-26,25.0
1782361645578,-1,3992.235,-7.77,-1.0006439150032196,SL,6.787633333333333,2025-26,25.0
1782362917885,-1,3992.275,17.275,2.236245954692557,TP,168.31783333333334,2025-26,25.0
1782373196268,1,3982.765,17.235,2.219575016097875,TP,50.341433333333335,2025-26,25.0
1782376236747,1,4008.815,-8.83,-1.001701644923426,SL,0.8993833333333333,2025-26,25.0
1782376505984,-1,3991.835,-8.25,-1.0104102878138395,SL,1.465,2025-26,25.0
1782376833117,-1,3992.045,-8.08,-1.015713387806411,SL,1.7286666666666666,2025-26,25.0
1782377140289,1,4007.745,17.255,2.2278889606197545,TP,15.622933333333334,2025-26,25.0
1782378162619,1,4033.065,-8.08,-1.0018598884066956,SL,2.8194833333333333,2025-26,25.0
1782378484823,1,4032.685,-7.69,-1.0006506180871828,SL,9.235866666666666,2025-26,25.0
1782379927668,-1,4017.188,-7.987,-1.0224014336917562,SL,4.75215,2025-26,25.0
1782380542714,-1,4017.155,17.155,2.186743148502231,TP,18.318083333333334,2025-26,25.0
1782381709829,1,4007.935,17.065,2.15059861373661,TP,26.393233333333335,2025-26,25.0
1782383855366,-1,4017.075,-8.1,-1.0220820189274449,SL,44.32216666666667,2025-26,25.0
1782386546318,1,4032.985,-8.02,-1.0043832185347528,SL,8.06885,2025-26,25.0
1782387975024,1,4032.762,-7.787,-1.0032208193764494,SL,59.65625,2025-26,25.0
1782391983278,1,4032.925,-7.99,-1.0082018927444796,SL,177.09315,2025-26,25.0
1782403290083,1,4032.885,-8.12,-1.0298034242232086,SL,39.88395,2025-26,25.0
1782412517783,1,4032.845,-8.21,-1.0465264499681326,SL,11.853066666666667,2025-26,25.0
1782416929314,-1,4017.125,-7.95,-1.0095238095238095,SL,71.27256666666666,2025-26,25.0
1782421477624,-1,4017.055,-8.37,-1.0534927627438642,SL,11.799233333333333,2025-26,25.0
1782423329015,-1,4017.088,-8.387,-1.060035389282103,SL,5.6274,2025-26,25.0
1782424025082,-1,4017.295,17.295,2.244646333549643,TP,49.932,2025-26,25.0
1782432785076,1,4008.055,16.945,2.1036623215394163,TP,139.55288333333334,2025-26,25.0
1782442698904,1,4032.805,17.195,2.2030749519538757,TP,146.92576666666668,2025-26,25.0
1782454931838,-1,4042.245,-7.86,-1.0135396518375241,SL,7.8298,2025-26,25.0
1782462090435,-1,4042.105,-8.35,-1.0576314122862571,SL,35.75951666666667,2025-26,25.0
1782465693388,1,4058.065,-8.08,-1.0018598884066956,SL,9.793683333333334,2025-26,25.0
1782466935017,1,4057.945,17.055,2.146633102580239,TP,15.178383333333333,2025-26,25.0
1782468738565,1,4083.085,-8.11,-1.0030921459492887,SL,204.64438333333334,2025-26,25.0
1782485964661,-1,4066.828,-8.174,-1.0002447381302007,SL,57.77335,2025-26,25.0
1782492894861,1,4084.225,-10.847,-1.1758265582655827,SL,2946.4101833333334,2025-26,25.0
1782669774924,1,4083.005,-8.62,-1.0768269831355404,SL,1.7722166666666668,2025-26,25.0
1782670061587,1,4083.149,-8.514,-1.0447907718738496,SL,1.2846666666666666,2025-26,25.0
1782670512229,-1,4066.155,16.155,1.826455624646693,TP,134.68128333333334,2025-26,25.0
1782678935214,1,4058.142,16.858,2.0704986489805943,TP,166.81186666666667,2025-26,25.0
1782689781112,-1,4067.095,17.095,2.1625553447185326,TP,82.21358333333333,2025-26,25.0
1782695185258,1,4057.825,-7.91,-1.0108626198083066,SL,17.636633333333332,2025-26,25.0
1782696640746,-1,4041.965,-8.05,-1.0018668326073428,SL,12.086566666666666,2025-26,25.0
1782698491319,1,4057.825,-7.9,-1.0095846645367412,SL,173.7303,2025-26,25.0
1782711226630,-1,4042.135,17.135,2.178639542275906,TP,23.902533333333334,2025-26,25.0
1782712819065,1,4032.745,17.255,2.2278889606197545,TP,130.65533333333335,2025-26,25.0
1782721333325,-1,4042.215,-7.797,-1.0015414258188824,SL,38.1061,2025-26,25.0
1782725109366,-1,4042.175,17.175,2.194888178913738,TP,38.466566666666665,2025-26,25.0
1782727586466,-1,4017.008,-8.524,-1.0665665665665667,SL,19.9296,2025-26,25.0
1782732232177,-1,4017.098,-8.037,-1.0170842824601367,SL,6.097833333333333,2025-26,25.0
1782744476240,-1,4017.095,17.095,2.1625553447185326,TP,349.16628333333335,2025-26,25.0
1782765766297,-1,3991.795,16.795,2.0469226081657528,TP,23.23225,2025-26,25.0
1782767258437,-1,3941.528,-8.527,-1.0064919735599622,SL,0.08533333333333333,2025-26,25.0
1782767310593,1,3958.875,-8.9,-1.0028169014084507,SL,6.99245,2025-26,25.0
1782768191163,-1,3967.075,-8.037,-1.0141324921135646,SL,3.0401666666666665,2025-26,25.0
1782769226800,-1,3967.115,-7.94,-1.0069752694990488,SL,141.12718333333333,2025-26,25.0
1782779388386,1,3983.315,-8.42,-1.0126277811184605,SL,66.43801666666667,2025-26,25.0
1782786521204,1,4008.182,16.818,2.0554876558298703,TP,3.9927166666666665,2025-26,25.0
1782786917139,1,4032.985,-8.04,-1.0068879148403256,SL,1.5882833333333333,2025-26,25.0
1782787755532,1,4032.905,-8.24,-1.0423782416192284,SL,11.371,2025-26,25.0
1782789652802,1,4032.842,-7.874,-1.0040805916857944,SL,50.94335,2025-26,25.0
1782794426201,-1,4016.788,-8.477,-1.0322698490014612,SL,80.30835,2025-26,25.0
1782803585369,1,4032.975,-8.19,-1.026959247648903,SL,65.04343333333334,2025-26,25.0
1782807900784,-1,4016.945,-8.38,-1.0403476101800124,SL,45.25331666666667,2025-26,25.0
1782811211356,1,4033.175,-8.18,-1.000611620795107,SL,3.03105,2025-26,25.0
1782812201047,-1,4017.095,-7.97,-1.0082226438962683,SL,7.366433333333333,2025-26,25.0
1782813214955,1,4032.975,-8.15,-1.0219435736677116,SL,6.455783333333334,2025-26,25.0
1782815013271,1,4058.115,-8.19,-1.009242144177449,SL,11.681683333333334,2025-26,25.0
1782816869453,-1,4042.085,17.085,2.158559696778269,TP,26.999533333333332,2025-26,25.0
1782819937387,1,4032.835,-7.85,-1.001914486279515,SL,75.4925,2025-26,25.0
1782828311678,1,4032.905,-7.92,-1.0018975332068312,SL,61.28916666666667,2025-26,25.0
1782834753626,-1,4017.095,17.095,2.1625553447185326,TP,288.8673333333333,2025-26,25.0
1782858635159,1,3982.865,-7.99,-1.0158931977113794,SL,92.65381666666667,2025-26,25.0
1782867334057,1,3983.085,-8.13,-1.0055658627087198,SL,6.516216666666667,2025-26,25.0
1782871636684,-1,3966.565,-8.58,-1.017190278601067,SL,103.62848333333334,2025-26,25.0
1782879575770,1,3982.945,-7.98,-1.0044052863436124,SL,16.88305,2025-26,25.0
1782884394262,1,3982.935,17.065,2.15059861373661,TP,80.8692,2025-26,25.0
1782892009739,1,4032.935,-7.99,-1.0069313169502205,SL,16.348783333333333,2025-26,25.0
1782894833602,1,4033.065,-8.27,-1.0254184748915065,SL,2.818583333333333,2025-26,25.0
1782896411353,-1,4017.075,-7.97,-1.0056782334384857,SL,1.4083166666666667,2025-26,25.0
1782896777396,-1,4016.875,-8.38,-1.0313846153846153,SL,9.48895,2025-26,25.0
1782897760072,1,4032.895,17.105,2.1665611146295123,TP,7.4469666666666665,2025-26,25.0
1782898232547,-1,4042.085,-8.68,-1.096651926721415,SL,0.9994666666666666,2025-26,25.0
1782898630346,1,4057.965,17.035,2.138731952291274,TP,3.073716666666667,2025-26,25.0
1782898855311,1,4083.035,16.965,2.1113876789047916,TP,4.194683333333334,2025-26,25.0
1782899140888,1,4108.105,-8.3,-1.0240592227020358,SL,0.7632333333333333,2025-26,25.0
1782899201366,-1,4091.975,-8.27,-1.0305295950155764,SL,13.939983333333334,2025-26,25.0
1782900094764,-1,4091.995,-8.18,-1.0218613366645846,SL,9.842733333333333,2025-26,25.0
1782900850115,-1,4092.095,-8.42,-1.0651486401012018,SL,6.3734166666666665,2025-26,25.0
1782902088048,1,4107.955,-8.01,-1.006913890634821,SL,6.636433333333334,2025-26,25.0
1782902667981,-1,4092.145,17.145,2.1826861871419476,TP,118.93668333333333,2025-26,25.0
1782914189089,-1,4067.065,17.065,2.15059861373661,TP,113.95921666666666,2025-26,25.0
1782939620216,1,4057.945,-7.98,-1.0044052863436124,SL,28.015916666666666,2025-26,25.0
1782943555754,-1,4042.075,-7.97,-1.0056782334384857,SL,9.482866666666666,2025-26,25.0
1782945970376,1,4057.855,17.145,2.1826861871419476,TP,196.32671666666667,2025-26,25.0
1782958506135,-1,4067.085,-8.02,-1.0132659507264687,SL,4.58305,2025-26,25.0
1782960179987,-1,4067.145,-8.13,-1.0350095480585615,SL,7.108033333333333,2025-26,25.0
1782961426037,-1,4067.195,-7.83,-1.0032030749519538,SL,38.6257,2025-26,25.0
1782964414815,-1,4067.115,-8.12,-1.0298034242232086,SL,28.15115,2025-26,25.0
1782969885480,-1,4067.195,-7.97,-1.0211402946828956,SL,185.26588333333333,2025-26,25.0
1782981005234,1,4086.165,13.835,1.239140170174653,TP,0.37905,2025-26,25.0
1782981035340,1,4109.875,-12.45,-1.2607594936708861,SL,0.016,2025-26,25.0
1782981372698,1,4133.995,-9.22,-1.0250138966092273,SL,2.1081166666666666,2025-26,25.0
1782981538941,1,4133.345,-8.55,-1.0245656081485919,SL,8.242633333333334,2025-26,25.0
1782982560414,-1,4117.145,-7.88,-1.003182686187142,SL,4.077683333333334,2025-26,25.0
1782982873610,-1,4117.015,-8.07,-1.010644959298685,SL,1.51815,2025-26,25.0
1782983337249,-1,4117.155,-7.9,-1.0070108349267048,SL,2.86815,2025-26,25.0
1782983906499,-1,4117.035,-7.98,-1.0018832391713748,SL,14.901816666666667,2025-26,25.0
1782984929714,1,4132.955,-7.99,-1.0043997485857952,SL,35.248916666666666,2025-26,25.0
1782987380968,1,4132.875,-7.94,-1.0082539682539682,SL,4.41035,2025-26,25.0
1782988052115,-1,4117.075,-7.99,-1.0082018927444796,SL,4.249716666666667,2025-26,25.0
1782988515252,-1,4116.455,-8.64,-1.0111176126389703,SL,14.9914,2025-26,25.0
1782990449238,-1,4117.055,-8.01,-1.0081812460667086,SL,3.6561666666666666,2025-26,25.0
1782995050182,-1,4117.065,-8.0,-1.0081915563957151,SL,126.51841666666667,2025-26,25.0
1783004857334,-1,4117.105,-8.06,-1.0208993033565548,SL,73.59568333333333,2025-26,25.0
1783020798232,1,4133.615,-8.64,-1.0029019152640744,SL,4.93305,2025-26,25.0
1783022666760,1,4133.065,-8.07,-1.0006199628022319,SL,2.9245833333333335,2025-26,25.0
1783026213598,1,4158.375,16.625,1.9850746268656716,TP,6.100316666666667,2025-26,25.0
1783027226767,1,4182.935,-7.94,-1.0006301197227474,SL,158.73633333333333,2025-26,25.0
1783038098103,1,4182.935,-7.96,-1.0031505986137366,SL,28.813266666666667,2025-26,25.0
1783044157909,-1,4167.105,-7.95,-1.006966434452185,SL,62.124383333333334,2025-26,25.0
1783051342761,1,4183.035,-8.11,-1.0093341630367143,SL,81.30726666666666,2025-26,25.0
1783062840774,1,4183.075,-8.1,-1.0030959752321982,SL,64.45743333333333,2025-26,25.0
1783069769003,-1,4166.835,-8.19,-1.0030618493570116,SL,126.80388333333333,2025-26,25.0
1783274401514,1,4188.265,-13.29,-1.0018846588767434,SL,0.19958333333333333,2025-26,25.0
1783274796078,1,4183.735,16.265,1.8620492272467086,TP,81.49435,2025-26,25.0
1783280812364,-1,4191.955,16.955,2.107520198881293,TP,14.685233333333333,2025-26,25.0
1783283609399,1,4182.845,-8.45,-1.077119184193754,SL,25.323966666666667,2025-26,25.0
1783285275290,1,4183.335,16.665,1.9994001199760048,TP,36.5876,2025-26,25.0
1783288237713,-1,4192.115,17.115,2.170577045022194,TP,42.19558333333333,2025-26,25.0
1783292580025,-1,4167.075,17.075,2.1545741324921135,TP,175.3907,2025-26,25.0
1783305042720,1,4157.885,-8.09,-1.0259987317691819,SL,25.44311666666667,2025-26,25.0
1783308855543,1,4157.835,-7.93,-1.0121250797702617,SL,65.15421666666667,2025-26,25.0
1783315722388,-1,4142.285,-7.9,-1.0239792611795204,SL,50.02315,2025-26,25.0
1783322310647,1,4157.735,-7.95,-1.0277957336780865,SL,62.93476666666667,2025-26,25.0
1783326951053,-1,4142.225,-7.82,-1.0057877813504823,SL,58.59428333333334,2025-26,25.0
1783331203435,-1,4141.925,-8.12,-1.0055727554179568,SL,102.6679,2025-26,25.0
1783339993307,-1,4142.155,-7.86,-1.0019120458891013,SL,24.1809,2025-26,25.0
1783344226437,1,4157.835,-7.84,-1.0006381620931717,SL,436.37665,2025-26,25.0
1783371607385,-1,4141.935,16.935,2.0998140111593306,TP,168.79958333333335,2025-26,25.0
1783382561555,1,4132.825,-7.96,-1.0172523961661342,SL,58.9522,2025-26,25.0
1783388420068,-1,4116.995,-8.02,-1.0018738288569644,SL,10.385066666666667,2025-26,25.0
1783392298745,1,4132.815,-7.88,-1.0083173384516955,SL,18.540516666666665,2025-26,25.0
1783395982524,1,4132.795,-7.81,-1.00192431045542,SL,9.216283333333333,2025-26,25.0
1783397482394,1,4132.815,-7.86,-1.0057581573896353,SL,42.243433333333336,2025-26,25.0
1783403044805,1,4132.945,-7.95,-1.000629326620516,SL,6.9882333333333335,2025-26,25.0
1783411188439,1,4158.515,16.485,1.935995302407516,TP,60.25516666666667,2025-26,25.0
1783414926854,-1,4166.975,-8.05,-1.0031152647975077,SL,34.081916666666665,2025-26,25.0
1783417990262,-1,4166.955,16.955,2.107520198881293,TP,41.9578,2025-26,25.0
1783421291544,1,4157.975,-8.14,-1.0206896551724138,SL,14.871,2025-26,25.0
1783423107016,-1,4142.145,17.145,2.1826861871419476,TP,222.27645,2025-26,25.0
1783437523435,-1,4092.095,-8.17,-1.0335230866540164,SL,0.8764666666666666,2025-26,25.0
1783438238053,1,4107.905,-14.0,-1.7710309930423782,SL,149.40376666666666,2025-26,25.0
1783451436603,1,4108.375,-8.49,-1.0137313432835822,SL,26.797433333333334,2025-26,25.0
1783456025588,1,4108.185,16.815,2.0543677458766036,TP,13.009983333333333,2025-26,25.0
1783457518208,-1,4117.015,17.015,2.1308703819661865,TP,13.5605,2025-26,25.0
1783458734467,1,4108.285,-8.3,-1.0018105009052505,SL,20.997016666666667,2025-26,25.0
1783460735664,1,4108.285,16.715,2.017501508750754,TP,76.09241666666667,2025-26,25.0
1783472770494,1,4132.895,-8.0,-1.013299556681444,SL,8.701083333333333,2025-26,25.0
1783476992255,1,4133.005,-8.02,-1.0018738288569644,SL,16.6234,2025-26,25.0
1783480382352,-1,4117.145,-8.02,-1.0210057288351368,SL,18.9608,2025-26,25.0
1783483297769,-1,4117.075,17.075,2.1545741324921135,TP,15.868266666666667,2025-26,25.0
1783484277669,-1,4091.845,16.845,2.065603923973023,TP,18.61765,2025-26,25.0
1783485569684,-1,4067.035,-8.09,-1.0156936597614563,SL,8.266616666666666,2025-26,25.0
1783486143093,-1,4067.045,17.045,2.1426775612822127,TP,54.12445,2025-26,25.0
1783490330054,-1,4042.165,-8.17,-1.0427568602425017,SL,20.53858333333333,2025-26,25.0
1783492948937,1,4057.945,-7.98,-1.0044052863436124,SL,26.363733333333332,2025-26,25.0
1783496299377,-1,4042.055,-8.37,-1.0534927627438642,SL,5.266116666666667,2025-26,25.0
1783496627078,1,4058.055,16.945,2.1036623215394163,TP,35.11781666666667,2025-26,25.0
1783499075780,-1,4066.875,-8.17,-1.0055384615384615,SL,15.722316666666666,2025-26,25.0
1783500403046,1,4082.795,-8.1,-1.0391276459268761,SL,10.164516666666668,2025-26,25.0
1783501548601,1,4082.865,-8.2,-1.042593769866497,SL,2.0183166666666668,2025-26,25.0
1783502970731,-1,4067.262,-7.783,-1.00581545619023,SL,2.477516666666667,2025-26,25.0
1783504828612,-1,4066.895,16.895,2.0845157310302285,TP,36.009766666666664,2025-26,25.0
1783507168621,-1,4042.165,17.165,2.190810465858328,TP,51.21768333333333,2025-26,25.0
1783510854859,1,4032.755,17.245,2.223726627981947,TP,59.9165,2025-26,25.0
1783514690920,1,4057.975,17.025,2.134796238244514,TP,45.52675,2025-26,25.0
1783518519534,-1,4067.115,-7.89,-1.0006341154090044,SL,13.441066666666666,2025-26,25.0
1783519643699,-1,4067.135,-8.01,-1.0184361093452003,SL,6.3594333333333335,2025-26,25.0
1783521054040,-1,4067.095,-8.03,-1.0158127767235927,SL,6.8272,2025-26,25.0
1783521981833,1,4082.915,-8.02,-1.0132659507264687,SL,94.90558333333334,2025-26,25.0
1783541159359,1,4082.905,-8.48,-1.0727387729285263,SL,17.63455,2025-26,25.0
1783544629338,-1,4066.805,-8.21,-1.00183038438072,SL,7.48365,2025-26,25.0
1783546182179,-1,4067.125,-7.92,-1.0057142857142858,SL,12.757966666666666,2025-26,25.0
1783549609399,1,4082.925,-7.98,-1.0069400630914827,SL,6.49,2025-26,25.0
1783551037236,-1,4066.925,-8.48,-1.05015479876161,SL,141.15268333333333,2025-26,25.0
1783560015157,-1,4067.075,-8.08,-1.019558359621451,SL,18.242466666666665,2025-26,25.0
1783561880718,1,4083.045,16.955,2.107520198881293,TP,31.069916666666668,2025-26,25.0
1783565986913,1,4108.025,-8.03,-1.0006230529595015,SL,228.9818,2025-26,25.0
1783582868451,1,4108.005,16.995,2.1230480949406623,TP,95.84841666666667,2025-26,25.0
1783591439001,1,4133.005,-8.38,-1.04684572142411,SL,6.352683333333333,2025-26,25.0
1783592150928,-1,4116.695,-8.35,-1.0054184226369658,SL,9.485483333333333,2025-26,25.0
1783597585587,1,4133.095,-8.2,-1.012970969734404,SL,90.85268333333333,2025-26,25.0
1783628893918,-1,4117.055,-7.95,-1.000629326620516,SL,17.014383333333335,2025-26,25.0
1783633125550,-1,4116.645,-8.41,-1.0065828845002993,SL,29.812316666666668,2025-26,25.0
1783638414799,1,4132.945,-7.97,-1.0031466331025802,SL,13.141516666666666,2025-26,25.0
1783642217587,-1,4116.865,16.865,2.073140749846343,TP,266.9027,2025-26,25.0
1783663402962,1,4107.785,-7.84,-1.0070648683365446,SL,86.5343,2025-26,25.0
1783669494104,1,4107.845,-7.93,-1.0108349267049075,SL,51.29083333333333,2025-26,25.0
1783675664737,-1,4092.035,-8.05,-1.0106716886377902,SL,13.516533333333333,2025-26,25.0
1783678898805,1,4107.845,-8.48,-1.0809432759719566,SL,11.062166666666666,2025-26,25.0
1783679572515,-1,4091.615,16.615,1.981514609421586,TP,0.2542833333333333,2025-26,25.0
1783679603950,1,4083.475,16.525,1.9498525073746313,TP,9.4151,2025-26,25.0
1783680594833,1,4108.225,-8.74,-1.0626139817629179,SL,5.63115,2025-26,25.0
1783681049786,-1,4092.165,-7.93,-1.0121250797702617,SL,11.526783333333332,2025-26,25.0
1783682739800,1,4107.995,-8.03,-1.0043777360850532,SL,154.38428333333334,2025-26,25.0
1783699010281,1,4107.855,-13.63,-1.73520050922979,SL,3003.3209666666667,2025-26,25.0
1783879396371,-1,4091.875,16.875,2.076923076923077,TP,45.46151666666667,2025-26,25.0
1783885913724,1,4082.935,-8.05,-1.0144927536231885,SL,36.55618333333334,2025-26,25.0
1783888445015,-1,4066.715,-9.03,-1.0899215449607724,SL,11.259983333333333,2025-26,25.0
1783890006518,-1,4065.095,-9.96,-1.00555275113579,SL,3.475416666666667,2025-26,25.0
1783891862119,1,4083.065,-8.17,-1.0130192188468692,SL,23.811183333333332,2025-26,25.0
1783895239786,-1,4067.025,-8.32,-1.0432601880877743,SL,7.704483333333333,2025-26,25.0
1783897217827,-1,4066.895,16.895,2.0845157310302285,TP,183.9098,2025-26,25.0
1783909528153,1,4057.845,-8.18,-1.04270235818993,SL,36.34325,2025-26,25.0
1783912103573,1,4057.885,17.115,2.170577045022194,TP,66.84451666666666,2025-26,25.0
1783923107199,-1,4067.215,17.215,2.2113037893384715,TP,30.238166666666668,2025-26,25.0
1783925617266,1,4057.945,-7.95,-1.000629326620516,SL,176.18805,2025-26,25.0
1783936783718,-1,4041.695,16.695,2.0102347983142685,TP,17.031166666666667,2025-26,25.0
1783938020921,-1,4016.955,-8.05,-1.0006215040397763,SL,5.10095,2025-26,25.0
1783938455559,-1,4017.105,17.105,2.1665611146295123,TP,125.65491666666667,2025-26,25.0
1783947103926,-1,3992.225,-7.78,-1.0006430868167202,SL,25.520833333333332,2025-26,25.0
1783950985316,-1,3992.025,-8.28,-1.038244514106583,SL,39.35783333333333,2025-26,25.0
1783973154817,-1,3992.045,-8.09,-1.0169704588309239,SL,27.085633333333334,2025-26,25.0
1783976559198,-1,3992.035,-7.99,-1.0031387319522913,SL,2.5836,2025-26,25.0
1783976906179,-1,3992.105,-7.9,-1.0006333122229258,SL,7.88745,2025-26,25.0
1783979881310,1,4007.895,17.105,2.1665611146295123,TP,212.00665,2025-26,25.0
1783993351797,1,4033.075,-8.08,-1.0006191950464396,SL,44.317233333333334,2025-26,25.0
1784001813084,-1,4017.075,-8.2,-1.0347003154574133,SL,196.85141666666667,2025-26,25.0
1784016161148,1,4032.955,-8.06,-1.0131992457573853,SL,6.371483333333333,2025-26,25.0
1784017800242,1,4034.855,15.145,1.536783358701167,TP,0.03638333333333333,2025-26,25.0
1784017809016,1,4091.443,-17.018,-1.0349692878428511,SL,0.0143,2025-26,25.0
1784017832732,1,4088.425,-13.96,-1.0398510242085661,SL,0.2314,2025-26,25.0
1784018162828,-1,4091.885,16.885,2.0807147258163896,TP,18.79315,2025-26,25.0
1784019708580,1,4083.205,-8.22,-1.0018281535648994,SL,2.1801166666666667,2025-26,25.0
1784020988043,1,4083.095,-8.25,-1.019147621988882,SL,29.807416666666665,2025-26,25.0
1784023983141,1,4083.025,-8.27,-1.0305295950155764,SL,2.3486666666666665,2025-26,25.0
1784024548822,1,4082.835,-7.97,-1.017230376515635,SL,3.1239666666666666,2025-26,25.0
1784025252440,1,4085.875,-11.3,-1.0390804597701149,SL,1.4732666666666667,2025-26,25.0
1784025626414,1,4083.075,16.925,2.0959752321981426,TP,28.309266666666666,2025-26,25.0
1784027480152,-1,4092.015,17.015,2.1308703819661865,TP,29.91658333333333,2025-26,25.0
1784029874485,-1,4067.085,17.085,2.158559696778269,TP,170.1602,2025-26,25.0
1784060874406,1,4057.915,-8.02,-1.0132659507264687,SL,63.38785,2025-26,25.0
1784065225735,-1,4041.875,16.875,2.076923076923077,TP,229.60071666666667,2025-26,25.0
1784079642405,1,4032.905,-8.12,-1.0271979759645793,SL,37.79088333333333,2025-26,25.0
1784083480650,1,4032.915,-7.95,-1.0044219835754895,SL,40.971183333333336,2025-26,25.0
1784088848662,-1,4017.155,-7.85,-1.0006373486297004,SL,4.446516666666667,2025-26,25.0
1784091467357,1,4032.905,17.095,2.1625553447185326,TP,212.65345,2025-26,25.0
1784104519811,1,4058.215,-8.37,-1.0188679245283019,SL,157.68756666666667,2025-26,25.0
1784114433526,-1,4042.195,-7.82,-1.0019218449711724,SL,8.926283333333334,2025-26,25.0
1784117200250,-1,4042.165,-7.99,-1.0197830248883217,SL,83.41691666666667,2025-26,25.0
1784122538468,1,4057.815,17.185,2.198976327575176,TP,54.279,2025-26,25.0
1784126702650,-1,4067.225,17.225,2.215434083601286,TP,49.374433333333336,2025-26,25.0
1784131199244,1,4057.865,-7.89,-1.003178639542276,SL,296.36126666666667,2025-26,25.0
1784149330899,-1,4041.885,16.885,2.0807147258163896,TP,99.61325,2025-26,25.0
1784156285171,1,4032.885,-7.91,-1.003170577045022,SL,152.07166666666666,2025-26,25.0
1784174524738,1,4032.815,-7.87,-1.0070377479206654,SL,194.38443333333333,2025-26,25.0
1784187496548,1,4032.815,-8.04,-1.0287907869481765,SL,37.75998333333333,2025-26,25.0
1784189775494,-1,4016.725,-8.67,-1.0477341389728096,SL,1.76155,2025-26,25.0
1784190354969,-1,4017.215,-8.02,-1.0301862556197816,SL,2.9657666666666667,2025-26,25.0
1784191039830,-1,4016.915,16.915,2.0921459492888066,TP,8.084233333333334,2025-26,25.0
1784191606870,1,4007.885,-8.16,-1.034876347495244,SL,1.1824833333333333,2025-26,25.0
1784192118806,-1,3991.705,16.705,2.013863773357444,TP,10.135766666666667,2025-26,25.0
1784192752194,1,3982.895,17.105,2.1665611146295123,TP,20.623216666666668,2025-26,25.0
1784194509180,-1,3992.125,-8.0,-1.0158730158730158,SL,52.38825,2025-26,25.0
1784199829250,-1,3992.155,-7.97,-1.0159337157425112,SL,16.2591,2025-26,25.0
1784201046915,1,4008.315,-8.48,-1.0198436560432953,SL,40.09001666666666,2025-26,25.0
1784203981325,-1,3992.145,17.145,2.1826861871419476,TP,202.03808333333333,2025-26,25.0
1784217238709,1,3982.875,-8.07,-1.0247619047619048,SL,17.3955,2025-26,25.0
1784231856635,1,3983.005,-8.08,-1.009369144284822,SL,159.3647,2025-26,25.0
1784242924847,1,3982.935,17.065,2.15059861373661,TP,17.101266666666668,2025-26,25.0
1784244028951,1,4008.075,-8.21,-1.01671826625387,SL,7.9818,2025-26,25.0
1784246123327,-1,3992.085,-8.24,-1.0410612760581175,SL,136.13428333333334,2025-26,25.0
1784260800565,-1,3992.165,-7.91,-1.009572431397575,SL,4.47845,2025-26,25.0
1784271072841,-1,3992.185,17.185,2.198976327575176,TP,111.51573333333333,2025-26,25.0
1784279456217,-1,3966.985,-8.05,-1.0043668122270741,SL,9.651933333333334,2025-26,25.0
1784280215655,-1,3967.125,-7.88,-1.0006349206349205,SL,12.4798,2025-26,25.0
1784281033489,1,3983.265,16.735,2.0248033877797944,TP,2.14005,2025-26,25.0
1784281196634,-1,3992.095,-7.91,-1.0006325110689438,SL,21.112616666666668,2025-26,25.0
1784282494448,-1,3992.115,-7.93,-1.00570703868104,SL,3.666733333333333,2025-26,25.0
1784284394030,-1,3992.135,-8.03,-1.020979020979021,SL,2.8619666666666665,2025-26,25.0
1784286265587,1,4008.435,-8.6,-1.019561351511559,SL,3296.4569666666666,2025-26,25.0
1784487653881,-1,3991.095,-8.93,-1.0028074115665357,SL,78.8682,2025-26,25.0
1784494777685,1,4007.975,-8.23,-1.031974921630094,SL,25.211833333333335,2025-26,25.0
1784498588201,1,4007.915,17.085,2.158559696778269,TP,45.681916666666666,2025-26,25.0
1784509481560,-1,4016.895,-8.11,-1.000616903146206,SL,177.98868333333334,2025-26,25.0
1784523940877,-1,4016.835,-8.2,-1.0042865890998163,SL,108.31626666666666,2025-26,25.0
1784532633772,1,4033.045,-8.16,-1.014294592914854,SL,29.276433333333333,2025-26,25.0
1784534548625,-1,4017.125,17.125,2.1746031746031744,TP,127.62368333333333,2025-26,25.0
1784543441651,1,4007.865,-7.9,-1.0044500953591862,SL,500.03041666666667,2025-26,25.0
1784574418580,1,4008.465,16.535,1.9533372711163615,TP,104.61,2025-26,25.0
1784582380243,1,4033.185,-8.2,-1.0018326206475259,SL,19.0433,2025-26,25.0
1784586661944,1,4033.245,16.755,2.0321406913280775,TP,56.72338333333333,2025-26,25.0
1784590982102,-1,4042.145,-7.91,-1.0070019096117122,SL,18.445916666666665,2025-26,25.0
1784597423655,1,4058.385,16.615,1.981514609421586,TP,66.01655,2025-26,25.0
1784602121822,1,4083.505,-8.55,-1.0052910052910053,SL,21.119833333333332,2025-26,25.0
1784606539795,-1,4067.055,17.055,2.146633102580239,TP,329.17216666666667,2025-26,25.0
1784626489196,1,4057.845,-7.88,-1.004461440407903,SL,6.339566666666666,2025-26,25.0
1784628358579,1,4058.035,16.965,2.1113876789047916,TP,69.2799,2025-26,25.0
1784633583934,1,4082.875,-8.1,-1.0285714285714285,SL,12.29685,2025-26,25.0
1784641266920,-1,4067.295,-7.73,-1.0032446463335496,SL,41.500033333333334,2025-26,25.0
1784643907621,1,4082.895,17.105,2.1665611146295123,TP,365.10415,2025-26,25.0
1784665976499,-1,4091.385,-8.69,-1.0087057457922228,SL,16.6757,2025-26,25.0
1784667655664,1,4108.435,16.565,1.963841138114997,TP,82.54521666666666,2025-26,25.0
1784674989429,1,4132.905,-8.12,-1.0271979759645793,SL,91.68115,2025-26,25.0
1784684294013,1,4132.915,-7.97,-1.0069488313329122,SL,46.10731666666667,2025-26,25.0
1784687215127,-1,4117.135,-7.88,-1.0019071837253655,SL,333.50096666666667,2025-26,25.0
1784708934081,1,4132.865,-7.94,-1.0095359186268278,SL,9.090516666666666,2025-26,25.0
1784710479584,-1,4117.185,-7.9,-1.0108765195137557,SL,16.4394,2025-26,25.0
1784712228200,1,4132.875,17.125,2.1746031746031744,TP,34.2268,2025-26,25.0
1784714486708,1,4157.955,-8.03,-1.0094280326838467,SL,16.765416666666667,2025-26,25.0
1784718829122,1,4157.955,-7.98,-1.0031426775612822,SL,72.11561666666667,2025-26,25.0
1784727398837,-1,4142.005,17.005,2.1269543464665417,TP,263.3688666666667,2025-26,25.0
1784743213730,1,4136.005,-18.77,-1.7055883689232167,SL,0.2547,2025-26,25.0
1784747030490,-1,4116.825,-8.19,-1.001834862385321,SL,10.138466666666666,2025-26,25.0
1784750153824,1,4132.965,-8.0,-1.0043942247332078,SL,55.14483333333333,2025-26,25.0
1784757379167,-1,4117.175,-7.83,-1.0006389776357827,SL,49.376666666666665,2025-26,25.0
1784762527288,1,4133.025,-8.06,-1.0043613707165109,SL,26.095766666666666,2025-26,25.0
1784774483243,-1,4116.815,16.815,2.0543677458766036,TP,58.214333333333336,2025-26,25.0
1784778192711,-1,4092.195,17.195,2.2030749519538757,TP,237.8528,2025-26,25.0
1784793004780,1,4082.985,-8.02,-1.0043832185347528,SL,26.7446,2025-26,25.0
1784795801088,-1,4066.955,16.955,2.107520198881293,TP,29.860383333333335,2025-26,25.0
1784797824120,-1,4042.145,-7.95,-1.0120942075111394,SL,9.28655,2025-26,25.0
1784798905475,1,4057.825,-7.99,-1.0210862619808307,SL,20.335,2025-26,25.0
1784800434206,1,4057.905,-7.96,-1.0069576217583807,SL,3.3205,2025-26,25.0
1784801106854,-1,4042.165,-8.14,-1.0389278876834716,SL,8.9918,2025-26,25.0
1784801949943,-1,4042.115,-8.03,-1.0183893468611287,SL,3.705783333333333,2025-26,25.0
1784802601573,1,4057.855,-7.86,-1.0006365372374284,SL,40.40786666666666,2025-26,25.0
1784806385350,-1,4042.265,-7.84,-1.0135746606334841,SL,3.934833333333333,2025-26,25.0
1784814044904,-1,4042.035,-8.41,-1.0558694287507846,SL,109.80556666666666,2025-26,25.0
1784837671394,-1,4041.755,-8.29,-1.0054578532443905,SL,23.117066666666666,2025-26,25.0
1784840536781,-1,4042.075,-8.16,-1.0296529968454258,SL,41.9082,2025-26,25.0
1784843891903,-1,4041.975,16.975,2.115264797507788,TP,57.571133333333336,2025-26,25.0
1784848406782,1,4032.855,-8.14,-1.0362826225334183,SL,124.78518333333334,2025-26,25.0
1784859584756,1,4032.845,17.155,2.186743148502231,TP,67.73905,2025-26,25.0
1784868985501,1,4057.705,-7.86,-1.0201168072680078,SL,249.66033333333334,2025-26,25.0
1784886508646,1,4058.475,16.525,1.9498525073746313,TP,86.18816666666666,2025-26,25.0
1784896860412,-1,4067.115,17.115,2.170577045022194,TP,163.66498333333334,2025-26,25.0
1784907642412,1,4057.815,-8.37,-1.0710172744721689,SL,77.30548333333333,2025-26,25.0
1785088804176,1,4094.555,5.445,0.27844541038097675,TP,120.79931666666667,2025-26,25.0
1785096569793,1,4108.035,-8.05,-1.0018668326073428,SL,16.091933333333333,2025-26,25.0
1785097650933,-1,4091.785,-8.28,-1.0079123554473524,SL,7.287766666666666,2025-26,25.0
1785099030155,1,4107.985,-8.19,-1.0256731371321228,SL,6.132433333333333,2025-26,25.0
1785099632780,1,4108.015,-8.12,-1.0131004366812226,SL,21.826733333333333,2025-26,25.0
1785102860769,1,4108.155,-8.31,-1.0190067443286328,SL,35.8236,2025-26,25.0
1785107006828,-1,4092.085,-7.94,-1.0031585596967783,SL,237.73981666666666,2025-26,25.0
1785124689246,-1,4092.225,-7.9,-1.0160771704180065,SL,117.84585,2025-26,25.0
1785132616478,-1,4092.185,-7.99,-1.0223928342930262,SL,32.300383333333336,2025-26,25.0
1785139857532,-1,4092.175,17.175,2.194888178913738,TP,105.82315,2025-26,25.0
1785148101161,-1,4067.105,-7.97,-1.0094996833438885,SL,30.233666666666668,2025-26,25.0
1785154051439,1,4082.745,-7.78,-1.0045190445448677,SL,56.66588333333333,2025-26,25.0
1785165560333,1,4082.845,-7.85,-1.0006373486297004,SL,93.92703333333333,2025-26,25.0
1785182699579,-1,4066.895,16.895,2.0845157310302285,TP,76.20178333333334,2025-26,25.0
1785192110069,-1,4042.045,-8.02,-1.0081709616593337,SL,50.034533333333336,2025-26,25.0
1785200220989,-1,4042.095,-7.97,-1.0082226438962683,SL,97.72758333333333,2025-26,25.0
1785213764877,-1,4042.165,17.165,2.190810465858328,TP,74.96903333333333,2025-26,25.0
1785220011729,-1,4016.875,-8.2,-1.0092307692307692,SL,19.61081666666667,2025-26,25.0
1785226994633,1,4033.085,-8.14,-1.0068027210884354,SL,73.50345,2025-26,25.0
1785233521462,1,4032.915,-8.09,-1.022109917877448,SL,2.4946,2025-26,25.0
1785234065119,-1,4017.155,-7.87,-1.0031867431485022,SL,10.772033333333333,2025-26,25.0
1785237003381,1,4034.005,-9.05,-1.0049972237645752,SL,201.69368333333333,2025-26,25.0
1785263082776,-1,4016.945,-8.15,-1.0117939168218497,SL,91.91136666666667,2025-26,25.0
1785272473180,-1,4016.795,-8.36,-1.0188909201706278,SL,33.67825,2025-26,25.0
1785277351012,1,4033.125,-8.17,-1.0055384615384615,SL,68.67203333333333,2025-26,25.0
1785288603219,1,4033.435,-8.46,-1.002963841138115,SL,337.7335166666667,2025-26,25.0
1785309525047,1,4032.785,-8.21,-1.054592164418754,SL,57.405566666666665,2025-26,25.0
1785313224610,-1,4017.235,-7.8,-1.004507405022537,SL,39.74251666666667,2025-26,25.0
1785315929755,-1,4017.205,17.205,2.207184092366902,TP,63.211666666666666,2025-26,25.0
1785320323856,1,4008.015,-8.12,-1.0131004366812226,SL,25.011,2025-26,25.0
1785322904269,1,4007.815,17.185,2.198976327575176,TP,113.15131666666667,2025-26,25.0
1785330881678,-1,4042.105,-7.9,-1.0006333122229258,SL,8.269683333333333,2025-26,25.0
1785331640183,-1,4042.185,-27.05,-3.4612923864363405,SL,32.7151,2025-26,25.0
1785333608930,1,4085.765,-11.18,-1.0385508592661403,SL,0.00085,2025-26,25.0
1785333637336,1,4085.135,-10.848,-1.0703502713369513,SL,0.11105,2025-26,25.0
1785333695456,1,4083.935,-10.31,-1.1538891997761611,SL,0.5880666666666666,2025-26,25.0
1785333737995,1,4083.215,-8.38,-1.0200852099817408,SL,0.16375,2025-26,25.0
1785333826435,-1,4067.045,-7.99,-1.0043997485857952,SL,2.0627333333333335,2025-26,25.0
1785334039550,1,4082.895,-7.91,-1.0018999366687777,SL,2.024966666666667,2025-26,25.0
1785334326464,1,4082.915,-7.94,-1.0031585596967783,SL,4.778666666666667,2025-26,25.0
1785335035772,-1,4067.285,-7.82,-1.0136098509397278,SL,16.785383333333332,2025-26,25.0
1785336222551,1,4083.015,16.985,2.119151590767311,TP,5.986633333333334,2025-26,25.0
1785336844733,1,4108.075,-8.45,-1.0464396284829722,SL,11.716983333333333,2025-26,25.0
1785337838390,-1,4092.085,-7.97,-1.0069488313329122,SL,1.4308833333333333,2025-26,25.0
1785338465031,-1,4092.045,17.045,2.1426775612822127,TP,12.334233333333334,2025-26,25.0
1785339260366,-1,4067.085,-8.08,-1.0208464939987365,SL,0.7529666666666667,2025-26,25.0
1785339499387,-1,4067.075,17.075,2.1545741324921135,TP,20.032666666666668,2025-26,25.0
1785342573646,1,4057.885,17.115,2.170577045022194,TP,94.62075,2025-26,25.0
1785348412038,-1,4066.815,-10.168,-1.2422724496029323,SL,5.267,2025-26,25.0
1785350746099,1,4083.155,-8.33,-1.0214592274678111,SL,100.85165,2025-26,25.0
1785357802218,-1,4066.815,-8.19,-1.0006108735491752,SL,17.826133333333335,2025-26,25.0
1785358973134,1,4082.795,-7.89,-1.0121872995509942,SL,12.050633333333334,2025-26,25.0
1785360318120,1,4082.885,-8.12,-1.0298034242232086,SL,72.85926666666667,2025-26,25.0
1785365885822,-1,4067.135,17.135,2.178639542275906,TP,100.38668333333334,2025-26,25.0
1785373310871,-1,4042.135,-7.93,-1.0082644628099173,SL,28.62325,2025-26,25.0
1785375335299,-1,4042.105,-8.18,-1.0360987967067765,SL,100.96856666666666,2025-26,25.0
1785382315046,-1,4042.195,-8.14,-1.042921204356182,SL,34.72696666666667,2025-26,25.0
1785385220849,1,4057.965,17.035,2.138731952291274,TP,116.11598333333333,2025-26,25.0
1785393815873,1,4082.835,-7.87,-1.0044671346522016,SL,77.6694,2025-26,25.0
1785398932644,1,4082.865,-7.92,-1.006993006993007,SL,3.1917,2025-26,25.0
1785400205937,1,4083.095,-8.22,-1.015441630636195,SL,1.2673833333333333,2025-26,25.0
1785401624327,-1,4067.165,-7.86,-1.0031908104658582,SL,13.483533333333334,2025-26,25.0
1785403348671,1,4082.905,-8.13,-1.0284629981024669,SL,5.389033333333333,2025-26,25.0
1785404168056,1,4083.145,16.855,2.0693677102516883,TP,12.500666666666667,2025-26,25.0
1785404983963,-1,4092.155,-7.86,-1.0019120458891013,SL,1.8036666666666668,2025-26,25.0
1785405536959,1,4107.995,-8.29,-1.0368980612883052,SL,8.474166666666667,2025-26,25.0
1785406707845,-1,4091.885,-8.33,-1.026494146642021,SL,14.599133333333333,2025-26,25.0
1785408004930,1,4107.965,-8.16,-1.024482109227872,SL,10.184833333333334,2025-26,25.0
1785409678116,-1,4092.125,-7.9,-1.0031746031746032,SL,26.775133333333333,2025-26,25.0
1785412278913,1,4107.795,-7.81,-1.00192431045542,SL,98.07901666666666,2025-26,25.0
1785418623162,1,4108.035,-8.13,-1.0118232731798382,SL,74.42993333333334,2025-26,25.0
1785424601339,1,4107.765,-8.1,-1.0431423052157116,SL,93.2386,2025-26,25.0
1785435228884,1,4108.353,-8.508,-1.0185562073506524,SL,123.18551666666667,2025-26,25.0
1785443814570,-1,4092.005,-8.03,-1.0043777360850532,SL,24.38125,2025-26,25.0
1785446022878,-1,4092.205,17.205,2.207184092366902,TP,97.86006666666667,2025-26,25.0
1785459854886,1,4082.925,-7.99,-1.0082018927444796,SL,41.0774,2025-26,25.0
1785463910592,1,4082.835,-7.98,-1.0185067007019784,SL,69.38423333333333,2025-26,25.0
1785470400983,-1,4067.195,17.195,2.2030749519538757,TP,268.03503333333333,2025-26,25.0
1785487767456,-1,4041.925,16.925,2.0959752321981426,TP,53.347883333333336,2025-26,25.0
1785492897724,1,4032.815,17.185,2.198976327575176,TP,43.45341666666667,2025-26,25.0
1785496661100,-1,4042.055,-8.07,-1.0157331655129012,SL,78.77471666666666,2025-26,25.0
1785501822365,-1,4042.225,-7.82,-1.0057877813504823,SL,45.3806,2025-26,25.0
1785517081286,-1,4035.085,-16.15,-1.0828025477707006,SL,0.14575,2025-26,25.0
1785693601673,1,4084.075,-9.075,-0.2663242846661775,TP,0.03518333333333333,2025-26,25.0
1785694767096,-1,4066.925,-10.29,-1.2743034055727553,SL,65.28041666666667,2025-26,25.0
1785702140836,-1,4067.025,17.025,2.134796238244514,TP,54.1238,2025-26,25.0
1785707974151,1,4057.895,-8.07,-1.0221659278024067,SL,450.9440833333333,2025-26,25.0
1785736220130,1,4057.815,-7.98,-1.021113243761996,SL,42.58103333333333,2025-26,25.0
1785743360176,1,4057.845,-8.01,-1.0210325047801148,SL,30.74305,2025-26,25.0
1785746610953,-1,4042.205,-7.83,-1.0044900577293137,SL,16.54385,2025-26,25.0
1785747764749,-1,4042.255,17.255,2.2278889606197545,TP,35.3834,2025-26,25.0
1785750122405,1,4032.775,17.225,2.215434083601286,TP,339.89675,2025-26,25.0
1785787259149,1,4057.835,-7.85,-1.001914486279515,SL,58.020466666666664,2025-26,25.0
1785793312545,1,4057.835,-7.93,-1.0121250797702617,SL,448.8989,2025-26,25.0
1785825916050,1,4057.835,17.165,2.190810465858328,TP,62.74438333333333,2025-26,25.0
1785829924215,1,4082.965,-8.16,-1.024482109227872,SL,3.0356666666666667,2025-26,25.0
1785830490780,-1,4067.145,-8.19,-1.042647994907702,SL,30.040066666666668,2025-26,25.0
1785832554978,1,4082.775,-7.9,-1.0160771704180065,SL,16.92455,2025-26,25.0
1785834128193,-1,4067.175,-7.93,-1.0134185303514378,SL,18.948,2025-26,25.0
1785835402708,1,4082.875,-7.92,-1.0057142857142858,SL,74.0735,2025-26,25.0
1785839901110,1,4083.215,-8.25,-1.0042604990870359,SL,45.47246666666667,2025-26,25.0
1785843512942,1,4082.905,17.095,2.1625553447185326,TP,85.33876666666667,2025-26,25.0
1785850280279,-1,4091.835,16.835,2.061849357011635,TP,329.12405,2025-26,25.0
1785871515698,-1,4066.995,-8.03,-1.0031230480949407,SL,53.305683333333334,2025-26,25.0
1785875821487,1,4082.905,17.095,2.1625553447185326,TP,79.70536666666666,2025-26,25.0
1785882351491,1,4108.025,16.975,2.115264797507788,TP,15.813483333333334,2025-26,25.0
1785884080198,1,4133.025,16.975,2.115264797507788,TP,163.31191666666666,2025-26,25.0
1785894258573,1,4158.045,16.955,2.107520198881293,TP,50.95458333333333,2025-26,25.0
1785899591162,-1,4166.475,-8.59,-1.007624633431085,SL,254.06103333333334,2025-26,25.0
1785915347681,1,4182.845,17.155,2.186743148502231,TP,39.319266666666664,2025-26,25.0
1785917873014,1,4207.855,-7.89,-1.0044557606619988,SL,14.112066666666667,2025-26,25.0
1785919563819,-1,4192.145,-7.86,-1.0006365372374284,SL,44.2797,2025-26,25.0
1785923304645,-1,4191.935,-8.09,-1.0030998140111593,SL,4.6993,2025-26,25.0
1785924099520,1,4207.855,17.145,2.1826861871419476,TP,6.44235,2025-26,25.0
1785924649709,1,4232.835,17.165,2.190810465858328,TP,50.66968333333333,2025-26,25.0
1785927769393,1,4257.835,-7.84,-1.0006381620931717,SL,15.596316666666667,2025-26,25.0
1785930754073,-1,4241.985,-8.05,-1.0043668122270741,SL,106.0335,2025-26,25.0
1785939080004,1,4257.835,-8.31,-1.0606253988513081,SL,80.20711666666666,2025-26,25.0
1785957165868,1,4257.975,17.025,2.134796238244514,TP,23.460883333333335,2025-26,25.0
1785960078668,-1,4267.005,-8.07,-1.0093808630393997,SL,7.284516666666667,2025-26,25.0
1785960744724,-1,4267.045,-7.99,-1.0043997485857952,SL,3.6778,2025-26,25.0
1785961390700,1,4283.105,-8.14,-1.0043183220234424,SL,5.3835,2025-26,25.0
1785962021189,1,4283.175,16.825,2.058103975535168,TP,22.2579,2025-26,25.0
1785963801771,-1,4291.975,16.975,2.115264797507788,TP,18.834816666666665,2025-26,25.0
1785965098162,1,4283.025,-8.04,-1.0018691588785047,SL,4.0842,2025-26,25.0
1785965439162,1,4282.915,17.085,2.158559696778269,TP,34.9823,2025-26,25.0
1785968513128,-1,4291.855,16.855,2.0693677102516883,TP,51.526833333333336,2025-26,25.0
1785971827743,-1,4266.965,16.965,2.1113876789047916,TP,132.92218333333332,2025-26,25.0
1785980096938,1,4258.125,-8.24,-1.0141538461538462,SL,65.93683333333334,2025-26,25.0
1785984302203,1,4257.735,17.265,2.2320620555914674,TP,121.63598333333333,2025-26,25.0
1785992534944,1,4282.835,-8.06,-1.028717294192725,SL,39.29246666666667,2025-26,25.0
1785997048391,-1,4267.085,17.085,2.158559696778269,TP,159.90206666666666,2025-26,25.0
1786007305700,-1,4242.065,-8.12,-1.023314429741651,SL,21.807316666666665,2025-26,25.0
1786009028473,1,4257.825,17.175,2.194888178913738,TP,34.57998333333333,2025-26,25.0
1786011276657,-1,4267.015,-7.99,-1.0006261740763933,SL,20.041,2025-26,25.0
1786013353232,-1,4267.185,17.185,2.198976327575176,TP,45.6139,2025-26,25.0
1786017217829,-1,4242.055,17.055,2.146633102580239,TP,28.50975,2025-26,25.0
1786019407593,1,4233.055,16.945,2.1036623215394163,TP,159.98095,2025-26,25.0
1786029880447,-1,4242.185,-7.83,-1.0019193857965452,SL,29.205333333333332,2025-26,25.0
1786033485302,-1,4242.185,-7.9,-1.0108765195137557,SL,205.57923333333332,2025-26,25.0
1786047392147,-1,4242.055,-7.98,-1.0044052863436124,SL,65.27325,2025-26,25.0
1786051417908,-1,4242.105,-7.9,-1.0006333122229258,SL,17.154033333333334,2025-26,25.0
1786052659725,1,4257.895,-7.96,-1.0082330588980368,SL,58.81216666666667,2025-26,25.0
1786057430649,1,4257.905,17.095,2.1625553447185326,TP,150.64125,2025-26,25.0
1786068292503,1,4282.985,17.015,2.1308703819661865,TP,128.60533333333333,2025-26,25.0
1786077233054,1,4307.805,17.195,2.2030749519538757,TP,154.5772,2025-26,25.0
1786087093674,-1,4317.135,-7.99,-1.0158931977113794,SL,5.67695,2025-26,25.0
1786089955585,-1,4317.195,-14.62,-1.8731582319026265,SL,24.10585,2025-26,25.0
1786091422424,-1,4341.515,-10.05,-1.1844431349440188,SL,0.09195,2025-26,25.0
1786091488682,1,4358.295,-8.38,-1.0102471368294152,SL,32.858183333333336,2025-26,25.0
1786094268015,-1,4342.235,-7.82,-1.0070830650354152,SL,2.3284333333333334,2025-26,25.0
1786094975146,1,4357.935,-8.02,-1.0107120352867045,SL,27.097266666666666,2025-26,25.0
1786096717315,-1,4342.105,-7.94,-1.005699810006333,SL,24.459516666666666,2025-26,25.0
1786099473945,-1,4341.955,-8.08,-1.0043505282784337,SL,23.094333333333335,2025-26,25.0
1786101831217,1,4357.825,-8.03,-1.0261980830670927,SL,7.123083333333334,2025-26,25.0
1786103567054,-1,4342.135,-7.88,-1.0019071837253655,SL,204.1318,2025-26,25.0
1786118053336,-1,4342.125,-10.02,-1.2723809523809524,SL,64.44773333333333,2025-26,25.0
1786298518816,-1,4339.485,14.485,1.3775558725630053,TP,183.26738333333333,2025-26,25.0
1786310996311,-1,4316.345,-8.7,-1.0051993067590987,SL,40.468383333333335,2025-26,25.0
1786314602924,1,4332.975,-8.35,-1.0470219435736676,SL,1.57505,2025-26,25.0
1786320801192,1,4333.205,16.795,2.0469226081657528,TP,98.18205,2025-26,25.0
1786327485658,-1,4341.965,-8.08,-1.0056004978220285,SL,7.909716666666666,2025-26,25.0
1786330021659,1,4358.245,-8.28,-1.0042449969678593,SL,26.984266666666667,2025-26,25.0
1786339876959,-1,4342.095,17.095,2.1625553447185326,TP,175.0666,2025-26,25.0
1786351310415,1,4332.935,-7.98,-1.005671077504726,SL,65.22431666666667,2025-26,25.0
1786355938594,-1,4316.935,-8.12,-1.0068195908245505,SL,2.8034333333333334,2025-26,25.0
1786357034112,1,4332.845,17.155,2.186743148502231,TP,15.528583333333334,2025-26,25.0
1786362921517,1,4357.965,-7.98,-1.0018832391713748,SL,36.65585,2025-26,25.0
1786365307246,1,4357.965,17.035,2.138731952291274,TP,116.27488333333334,2025-26,25.0
1786372851216,1,4382.855,-7.91,-1.0070019096117122,SL,5.041783333333333,2025-26,25.0
1786374361002,1,4382.895,17.105,2.1665611146295123,TP,229.21521666666666,2025-26,25.0
1786392638031,1,4407.995,-8.1,-1.0131332082551594,SL,51.14458333333334,2025-26,25.0
1786396074543,1,4407.965,17.035,2.138731952291274,TP,41.19546666666667,2025-26,25.0
1786400029562,1,4433.135,-8.49,-1.043638598647818,SL,19.3855,2025-26,25.0
1786401505451,-1,4417.015,17.015,2.1308703819661865,TP,153.78663333333333,2025-26,25.0
1786411562905,-1,4392.045,17.045,2.1426775612822127,TP,6.09515,2025-26,25.0
1786412054865,1,4383.105,-8.62,-1.0635410240592227,SL,8.235883333333334,2025-26,25.0
1786413363812,-1,4367.075,-7.94,-1.0018927444794952,SL,1.5640166666666666,2025-26,25.0
1786414185109,1,4382.895,-7.93,-1.0044331855604813,SL,4.695916666666666,2025-26,25.0
1786415309379,-1,4366.525,-8.56,-1.0100294985250737,SL,131.31848333333335,2025-26,25.0
1786431594776,1,4382.885,17.115,2.170577045022194,TP,105.94143333333334,2025-26,25.0
1786438754602,-1,4392.085,-7.96,-1.005685407454201,SL,10.760633333333333,2025-26,25.0
1786439702078,-1,4392.135,-7.97,-1.0133502860775587,SL,6.8178833333333335,2025-26,25.0
1786440813284,-1,4392.035,-8.08,-1.0144381669805398,SL,5.97285,2025-26,25.0
1786441860443,-1,4392.175,17.175,2.194888178913738,TP,107.39488333333334,2025-26,25.0
1786449434859,1,4382.825,-7.88,-1.0070287539936102,SL,99.83821666666667,2025-26,25.0
1786456815399,-1,4367.245,-7.77,-1.001934235976789,SL,246.28796666666668,2025-26,25.0
1786474639343,-1,4367.045,-8.08,-1.015713387806411,SL,75.37731666666667,2025-26,25.0
1786480353236,1,4382.945,17.055,2.146633102580239,TP,100.43641666666667,2025-26,25.0
1786488183059,1,4407.985,-8.14,-1.0194113963681903,SL,86.1442,2025-26,25.0
1786498200158,-1,4391.685,-8.37,-1.0066145520144318,SL,78.57755,2025-26,25.0
1786505956284,1,4407.795,17.205,2.207184092366902,TP,290.5878833333333,2025-26,25.0
1786523403411,1,4433.795,-9.7,-1.1028993746446845,SL,0.027783333333333333,2025-26,25.0
1786523406209,-1,4415.925,15.925,1.7548209366391185,TP,0.0179,2025-26,25.0
1786523420584,-1,4391.485,-8.87,-1.0416911332941867,SL,0.09045,2025-26,25.0
1786523456251,-1,4391.715,-8.3,-1.0018105009052505,SL,0.6973833333333334,2025-26,25.0
1786523510394,1,4408.075,16.925,2.0959752321981426,TP,2.398616666666667,2025-26,25.0
1786523740960,-1,4417.065,-8.1,-1.0207939508506616,SL,2.159883333333333,2025-26,25.0
1786524181302,1,4434.325,-9.55,-1.0241286863270778,SL,2.0741,2025-26,25.0
1786524448828,-1,4416.215,-8.82,-1.00398406374502,SL,3.11425,2025-26,25.0
1786525036332,1,4432.895,-8.08,-1.0234325522482584,SL,15.64855,2025-26,25.0
1786526696735,-1,4417.105,-7.91,-1.0018999366687777,SL,22.5747,2025-26,25.0
1786528426777,1,4433.035,-8.41,-1.046670815183572,SL,6.623116666666666,2025-26,25.0
1786529466136,1,4432.855,-8.69,-1.106301718650541,SL,20.062583333333333,2025-26,25.0
1786530908322,-1,4417.075,-7.96,-1.004416403785489,SL,9.770283333333333,2025-26,25.0
1786531590060,1,4432.835,-7.91,-1.009572431397575,SL,1.0843,2025-26,25.0
1786531885932,-1,4417.105,-7.9,-1.0006333122229258,SL,20.623533333333334,2025-26,25.0
1786534599525,-1,4416.785,-8.24,-1.0030432136335972,SL,24.18315,2025-26,25.0
1786536658563,-1,4417.165,-7.91,-1.009572431397575,SL,5.01545,2025-26,25.0
1786537995988,-1,4417.145,17.145,2.1826861871419476,TP,23.075733333333332,2025-26,25.0
1786540064142,1,4407.925,-7.93,-1.0006309148264985,SL,46.37125,2025-26,25.0
1786544266486,1,4407.945,-8.01,-1.0081812460667086,SL,248.47821666666667,2025-26,25.0
1786562213330,1,4408.055,16.945,2.1036623215394163,TP,59.376583333333336,2025-26,25.0
1786566188850,1,4432.995,-8.05,-1.0068792995622264,SL,8.131166666666667,2025-26,25.0
1786566808128,1,4433.205,-8.61,-1.0493601462522852,SL,25.315383333333333,2025-26,25.0
1786568575037,1,4433.165,-8.2,-1.0042865890998163,SL,17.911666666666665,2025-26,25.0
1786571114445,-1,4416.405,16.405,1.9086678301337987,TP,51.1548,2025-26,25.0
1786574376322,1,4408.175,-8.26,-1.0103975535168195,SL,76.4016,2025-26,25.0
1786579898993,-1,4391.565,-8.48,-1.005334914048607,SL,20.343616666666666,2025-26,25.0
1786585365791,-1,4391.775,16.775,2.0395136778115504,TP,37.295183333333334,2025-26,25.0
1786593637521,-1,4367.095,-8.11,-1.025932953826692,SL,33.6324,2025-26,25.0
1786600602098,1,4382.865,17.135,2.178639542275906,TP,153.50661666666667,2025-26,25.0
1786609825229,-1,4392.095,-7.91,-1.0006325110689438,SL,28.159766666666666,2025-26,25.0
1786611674123,-1,4392.005,17.005,2.1269543464665417,TP,50.1227,2025-26,25.0
1786615907739,-1,4367.175,-7.86,-1.0044728434504793,SL,3.960183333333333,2025-26,25.0
1786617002033,-1,4367.005,-8.13,-1.0168855534709194,SL,3.50915,2025-26,25.0
1786617903871,1,4382.845,-7.96,-1.0146590184831104,SL,20.854483333333334,2025-26,25.0
1786619736349,-1,4367.085,17.085,2.158559696778269,TP,238.3438,2025-26,25.0
1786645665855,1,4358.195,-8.2,-1.0006101281269066,SL,35.85851666666667,2025-26,25.0
1786648162034,1,4358.975,-9.21,-1.0261838440111422,SL,65.79963333333333,2025-26,25.0
1786652780501,-1,4341.245,16.245,1.8555111364934322,TP,44.60616666666667,2025-26,25.0
1786656263612,-1,4316.815,-8.24,-1.0067196090409285,SL,117.26523333333333,2025-26,25.0
1786670608237,-1,4317.135,-7.88,-1.0019071837253655,SL,14.867766666666666,2025-26,25.0
1786672731135,1,4332.895,17.105,2.1665611146295123,TP,195.8482,2025-26,25.0
1786687189274,1,4357.785,-7.88,-1.0122029543994862,SL,29.42791666666667,2025-26,25.0
1786692609825,1,4357.755,17.245,2.223726627981947,TP,33.033233333333335,2025-26,25.0
1786695211163,-1,4367.015,-8.61,-1.0782717595491547,SL,6.8116666666666665,2025-26,25.0
1786699364318,1,4382.755,-10.0,-1.2894906511927788,SL,322.70205,2025-26,25.0
1786906370068,1,4382.885,-7.95,-1.0082435003170578,SL,30.025316666666665,2025-26,25.0
1786909015324,-1,4367.095,-7.98,-1.0094876660341556,SL,27.762566666666668,2025-26,25.0
1786911432762,1,4382.885,17.115,2.170577045022194,TP,40.65496666666667,2025-26,25.0
1786914248732,1,4407.845,-7.89,-1.005736137667304,SL,31.320816666666666,2025-26,25.0
1786917019703,-1,4392.005,-8.01,-1.00187617260788,SL,131.93096666666668,2025-26,25.0
1786930563157,-1,4391.915,-8.09,-1.0006184291898577,SL,51.2456,2025-26,25.0
1786937434587,1,4407.815,-7.98,-1.021113243761996,SL,33.442616666666666,2025-26,25.0
1786947993160,-1,4392.005,-8.94,-1.1181988742964353,SL,3.0506333333333333,2025-26,25.0
1786954086544,-1,4392.195,-7.94,-1.017296604740551,SL,103.3814,2025-26,25.0
1786960568043,1,4408.095,16.905,2.0883261272390365,TP,27.291666666666668,2025-26,25.0
1786962526779,-1,4416.685,-8.36,-1.005411906193626,SL,4.493016666666667,2025-26,25.0
1786973035095,-1,4417.215,17.215,2.2113037893384715,TP,69.88368333333334,2025-26,25.0
1786979647896,1,4407.875,17.125,2.1746031746031744,TP,285.38565,2025-26,25.0
1786999064516,1,4433.205,-8.37,-1.0201096892138939,SL,40.2316,2025-26,25.0
1787002979233,-1,4416.995,16.995,2.1230480949406623,TP,27.18705,2025-26,25.0
1787010610461,-1,4392.105,-7.9,-1.0006333122229258,SL,157.49568333333335,2025-26,25.0
1787025979538,-1,4392.175,-7.96,-1.0172523961661342,SL,255.29486666666668,2025-26,25.0
1787041655037,-1,4392.155,-7.87,-1.0031867431485022,SL,67.93723333333334,2025-26,25.0
1787046444582,-1,4391.965,-8.25,-1.0267579340385813,SL,13.507983333333334,2025-26,25.0
1787047896181,-1,4392.025,-8.11,-1.0169278996865203,SL,4.666816666666667,2025-26,25.0
1787048973558,-1,4392.125,17.125,2.1746031746031744,TP,23.855916666666666,2025-26,25.0
1787050550607,1,4383.065,-8.09,-1.0030998140111593,SL,0.7925,2025-26,25.0
1787050745918,-1,4366.855,-8.39,-1.0300798035604666,SL,5.47785,2025-26,25.0
1787051350875,-1,4367.175,17.175,2.194888178913738,TP,275.8432,2025-26,25.0
1787068310709,-1,4341.935,16.935,2.0998140111593306,TP,310.5246666666667,2025-26,25.0
1787087074242,1,4332.975,17.025,2.134796238244514,TP,29.66385,2025-26,25.0
1787089222312,1,4357.765,-7.79,-1.003219575016098,SL,157.42858333333334,2025-26,25.0
1787101805718,-1,4342.025,-8.01,-1.0043887147335424,SL,109.93233333333333,2025-26,25.0
1787110248446,1,4357.855,17.145,2.1826861871419476,TP,302.33605,2025-26,25.0
1787128650241,1,4407.925,17.075,2.1545741324921135,TP,17.16905,2025-26,25.0
1787129783510,1,4433.035,-8.05,-1.0018668326073428,SL,9.712433333333333,2025-26,25.0
1787130466116,1,4432.855,17.145,2.1826861871419476,TP,4.781366666666667,2025-26,25.0
1787132201548,-1,4441.825,-8.25,-1.0091743119266054,SL,0.8149833333333333,2025-26,25.0
1787132386412,1,4458.705,-8.73,-1.0028719126938541,SL,2.747116666666667,2025-26,25.0
1787132589219,1,4458.245,-8.32,-1.0090964220739842,SL,6.682833333333333,2025-26,25.0
1787133444227,1,4458.075,16.925,2.0959752321981426,TP,15.71675,2025-26,25.0
1787135152464,1,4482.915,-8.16,-1.030953885028427,SL,242.36243333333334,2025-26,25.0
1787150106611,1,4482.895,17.105,2.1665611146295123,TP,33.5679,2025-26,25.0
1787164763866,-1,4517.075,-7.98,-1.0069400630914827,SL,22.978783333333332,2025-26,25.0
1787173578741,-1,4491.715,-8.3,-1.0018105009052505,SL,2.2845666666666666,2025-26,25.0
1787176070737,-1,4492.105,-7.9,-1.0006333122229258,SL,25.345183333333335,2025-26,25.0
1787185710302,-1,4492.095,17.095,2.1625553447185326,TP,436.18653333333333,2025-26,25.0
1787212088313,-1,4467.115,-7.95,-1.0082435003170578,SL,64.09671666666667,2025-26,25.0
1787216481478,1,4482.825,-7.84,-1.0019169329073483,SL,7.3721,2025-26,25.0
1787218517163,1,4483.285,-1.73,-0.2088111044055522,TIME,24.712716666666665,2025-26,25.0
