date,dst,weekday,year,month,d_open,b_hi,b_lo,side,body_open,body_close,body_high,body_low,body_size,body_range,upper_wick,lower_wick,body_ratio,close_vs_dopen,open_vs_dopen,bhi_vs_dopen,blo_vs_dopen,body_straddle,full_straddle,ref_range,atr14
2024-08-21,AEST,Wed,2024,2024-08,2514.388,2512.855,2512.795,-1,2512.795,2512.855,2513.705,2512.408,0.05999999999994543,1.2970000000000255,0.849999999999909,0.387000000000171,0.04626060138777506,-1.5329999999999018,-1.5929999999998472,-1.5329999999999018,-1.5929999999998472,False,False,0.9529999999999745,0.8427857142856477
2024-08-22,AEST,Thu,2024,2024-08,2512.955,2513.085,2512.635,1,2512.635,2513.085,2513.415,2512.245,0.4499999999998181,1.1700000000000728,0.32999999999992724,0.3900000000003274,0.3846153846152052,0.13000000000010914,-0.31999999999970896,0.13000000000010914,-0.31999999999970896,True,True,0.34999999999990905,0.5644999999999852
2024-08-23,AEST,Fri,2024,2024-08,2486.095,2487.475,2487.135,1,2487.475,2487.135,2487.525,2486.685,0.33999999999969077,0.8400000000001455,0.0500000000001819,0.45000000000027285,0.4047619047614665,1.0400000000004184,1.3800000000001091,1.3800000000001091,1.0400000000004184,False,False,0.9600000000000364,0.5189285714285948
2024-08-26,AEST,Mon,2024,2024-08,2514.335,2515.795,2515.085,1,2515.795,2515.085,2516.015,2514.945,0.7100000000000364,1.069999999999709,0.2199999999997999,0.13999999999987267,0.6635514018693733,0.75,1.4600000000000364,1.4600000000000364,0.75,False,False,0.6299999999996544,1.2121428571428428
2024-08-27,AEST,Tue,2024,2024-08,2516.055,2515.495,2515.355,-1,2515.355,2515.495,2515.995,2514.945,0.13999999999987267,1.0499999999997272,0.5,0.4099999999998545,0.1333333333332467,-0.5599999999999454,-0.6999999999998181,-0.5599999999999454,-0.6999999999998181,False,False,0.650000000000091,0.49128571428569295
2024-08-28,AEST,Wed,2024,2024-08,2526.055,2525.155,2524.525,-1,2525.155,2524.525,2525.475,2524.525,0.6300000000001091,0.9499999999998181,0.31999999999970896,0.0,0.663157894737084,-1.5299999999997453,-0.8999999999996362,-0.8999999999996362,-1.5299999999997453,False,False,0.5,1.1476428571427928
2024-08-29,AEST,Thu,2024,2024-08,2507.585,2509.655,2508.094,1,2508.094,2509.655,2509.758,2507.964,1.5610000000001492,1.793999999999869,0.10299999999961074,0.13000000000010914,0.8701226309923429,2.0700000000001637,0.5090000000000146,2.0700000000001637,0.5090000000000146,False,False,0.40299999999979264,0.6708571428571629
2024-08-30,AEST,Fri,2024,2024-08,2519.235,2519.455,2518.455,-1,2519.455,2518.455,2519.508,2518.155,1.0,1.3529999999996107,0.052999999999883585,0.29999999999972715,0.7390983000741225,-0.7800000000002001,0.2199999999997999,0.2199999999997999,-0.7800000000002001,True,True,0.6399999999998727,0.5864999999999847
2024-09-02,AEST,Mon,2024,2024-09,2502.225,2502.875,2502.835,1,2502.875,2502.835,2503.528,2502.475,0.03999999999996362,1.0529999999998836,0.6529999999997926,0.36000000000012733,0.03798670465334097,0.6100000000001273,0.650000000000091,0.650000000000091,0.6100000000001273,False,False,0.8800000000001091,0.8849999999999909
2024-09-03,AEST,Tue,2024,2024-09,2497.628,2497.155,2497.155,-1,2497.155,2497.155,2497.548,2496.665,0.0,0.8829999999998108,0.39299999999957436,0.49000000000023647,0.0,-0.47299999999995634,-0.47299999999995634,-0.47299999999995634,-0.47299999999995634,False,False,0.9729999999999563,0.611357142857092
2024-09-04,AEST,Wed,2024,2024-09,2493.595,2494.238,2493.115,1,2493.115,2494.238,2494.915,2492.915,1.1230000000000473,2.0,0.6770000000001346,0.1999999999998181,0.5615000000000236,0.6430000000000291,-0.4800000000000182,0.6430000000000291,-0.4800000000000182,True,True,0.4329999999999927,0.7841428571427969
2024-09-05,AEST,Thu,2024,2024-09,2495.125,2496.395,2495.768,1,2495.768,2496.395,2496.395,2495.345,0.6269999999999527,1.050000000000182,0.0,0.4230000000002292,0.5971428571427086,1.2699999999999818,0.6430000000000291,1.2699999999999818,0.6430000000000291,False,False,0.9830000000001746,0.6194285714285732
2024-09-06,AEST,Fri,2024,2024-09,2517.505,2517.315,2517.155,-1,2517.155,2517.315,2517.545,2517.085,0.15999999999985448,0.4600000000000364,0.2300000000000182,0.07000000000016371,0.3478260869561779,-0.19000000000005457,-0.34999999999990905,-0.19000000000005457,-0.34999999999990905,False,True,0.9929999999999382,0.5377142857142709
2024-09-09,AEST,Mon,2024,2024-09,2496.195,2497.775,2496.775,1,2496.775,2497.775,2498.165,2496.705,1.0,1.4600000000000364,0.38999999999987267,0.07000000000016371,0.684931506849298,1.5799999999999272,0.5799999999999272,1.5799999999999272,0.5799999999999272,False,False,0.8000000000001819,0.8447857142856979
2024-09-10,AEST,Tue,2024,2024-09,2507.025,2507.035,2506.665,1,2506.665,2507.035,2507.358,2506.315,0.36999999999989086,1.04300000000012,0.32300000000032014,0.34999999999990905,0.3547459252155784,0.009999999999763531,-0.36000000000012733,0.009999999999763531,-0.36000000000012733,True,True,0.38000000000010914,0.6185714285714182
2024-09-11,AEST,Wed,2024,2024-09,2517.655,2518.645,2518.498,1,2518.498,2518.645,2518.915,2518.315,0.14699999999993452,0.599999999999909,0.2699999999999818,0.18299999999999272,0.244999999999928,0.9899999999997817,0.8429999999998472,0.9899999999997817,0.8429999999998472,False,False,0.6100000000001273,0.6144999999999398
2024-09-12,AEST,Thu,2024,2024-09,2511.715,2511.775,2511.594,-1,2511.775,2511.594,2511.795,2511.345,0.18100000000004002,0.45000000000027285,0.01999999999998181,0.24900000000025102,0.40222222222206727,-0.12100000000009459,0.05999999999994543,0.05999999999994543,-0.12100000000009459,True,True,1.0899999999996908,0.4858571428572499
2024-09-13,AEST,Fri,2024,2024-09,2557.245,2558.334,2556.798,-1,2558.334,2556.798,2558.805,2556.765,1.5360000000000582,2.0399999999999636,0.47100000000000364,0.032999999999901775,0.7529411764706302,-0.4470000000001164,1.0889999999999418,1.0889999999999418,-0.4470000000001164,True,True,1.8110000000001492,0.885357142857174
2024-09-16,AEST,Mon,2024,2024-09,2579.605,2579.395,2579.015,-1,2579.015,2579.395,2579.605,2578.715,0.38000000000010914,0.8899999999998727,0.21000000000003638,0.29999999999972715,0.4269662921350152,-0.21000000000003638,-0.5900000000001455,-0.21000000000003638,-0.5900000000001455,False,False,0.7200000000002547,0.9473571428571047
2024-09-17,AEST,Tue,2024,2024-09,2583.555,2584.015,2583.535,1,2583.535,2584.015,2584.175,2583.305,0.4800000000000182,0.8700000000003456,0.16000000000030923,0.2300000000000182,0.5517241379308362,0.4600000000000364,-0.01999999999998181,0.4600000000000364,-0.01999999999998181,True,True,0.5599999999999454,0.644285714285713
2024-09-18,AEST,Wed,2024,2024-09,2573.675,2574.045,2573.875,1,2573.875,2574.045,2574.705,2573.865,0.17000000000007276,0.8400000000001455,0.6599999999998545,0.010000000000218279,0.20238095238100395,0.36999999999989086,0.1999999999998181,0.36999999999989086,0.1999999999998181,False,False,1.0070000000000618,0.7314285714286533
2024-09-19,AEST,Thu,2024,2024-09,2557.165,2559.185,2558.135,1,2559.185,2558.135,2559.445,2558.005,1.0499999999997272,1.4400000000000546,0.2600000000002183,0.13000000000010914,0.7291666666664496,0.9700000000002547,2.019999999999982,2.019999999999982,0.9700000000002547,False,False,1.1199999999998909,1.1057142857142546
2024-09-20,AEST,Fri,2024,2024-09,2587.005,2587.125,2586.995,-1,2587.125,2586.995,2587.235,2586.365,0.13000000000010914,0.8700000000003456,0.11000000000012733,0.6300000000001091,0.14942528735638794,-0.010000000000218279,0.11999999999989086,0.11999999999989086,-0.010000000000218279,True,True,0.21000000000003638,0.4642857142857143
2024-09-23,AEST,Mon,2024,2024-09,2620.705,2620.155,2619.325,-1,2620.155,2619.325,2620.155,2619.285,0.830000000000382,0.8700000000003456,0.0,0.03999999999996362,0.9540229885058072,-1.3800000000001091,-0.5499999999997272,-0.5499999999997272,-1.3800000000001091,False,False,0.47999999999956344,0.769285714285713
2024-09-24,AEST,Tue,2024,2024-09,2625.955,2626.235,2624.974,-1,2626.235,2624.974,2626.235,2624.408,1.2609999999999673,1.8270000000002256,0.0,0.5660000000002583,0.6902025177886215,-0.9809999999997672,0.2800000000002001,0.2800000000002001,-0.9809999999997672,True,True,0.36000000000012733,0.5876428571428473
2024-09-25,AEST,Wed,2024,2024-09,2658.285,2658.035,2657.375,-1,2658.035,2657.375,2658.125,2656.495,0.6599999999998545,1.6300000000001091,0.09000000000014552,0.8800000000001091,0.4049079754600063,-0.9099999999998545,-0.25,-0.25,-0.9099999999998545,False,False,1.6099999999996726,1.0290714285713745
2024-09-26,AEST,Thu,2024,2024-09,2658.205,2656.555,2656.184,-1,2656.184,2656.555,2657.095,2655.625,0.37099999999963984,1.4699999999998,0.5399999999999636,0.5590000000001965,0.2523809523807417,-1.650000000000091,-2.020999999999731,-1.650000000000091,-2.020999999999731,False,False,1.2799999999997453,0.8024285714285335
2024-09-27,AEST,Fri,2024,2024-09,2672.365,2672.495,2671.095,-1,2672.495,2671.095,2672.558,2670.945,1.400000000000091,1.612999999999829,0.06300000000010186,0.1499999999996362,0.8679479231247609,-1.2699999999999818,0.13000000000010914,0.13000000000010914,-1.2699999999999818,True,True,0.5599999999999454,0.545642857142801
2024-09-30,AEST,Mon,2024,2024-09,2663.975,2664.905,2663.418,1,2663.418,2664.905,2665.828,2662.945,1.48700000000008,2.882999999999811,0.9229999999997744,0.47299999999995634,0.5157821713493506,0.930000000000291,-0.556999999999789,0.930000000000291,-0.556999999999789,True,True,0.9510000000000218,1.223071428571497
2024-10-01,AEST,Tue,2024,2024-10,2635.055,2635.815,2635.595,1,2635.595,2635.815,2636.125,2635.255,0.22000000000025466,0.8699999999998909,0.30999999999994543,0.33999999999969077,0.25287356321871524,0.7600000000002183,0.5399999999999636,0.7600000000002183,0.5399999999999636,False,False,0.5390000000002146,0.648642857142834
2024-10-02,AEST,Wed,2024,2024-10,2660.535,2660.195,2659.805,-1,2660.195,2659.805,2660.518,2659.035,0.3900000000003274,1.4830000000001746,0.3229999999998654,0.7699999999999818,0.2629804450440199,-0.7300000000000182,-0.33999999999969077,-0.33999999999969077,-0.7300000000000182,False,False,0.5300000000002001,0.6860714285714299
2024-10-03,AEST,Thu,2024,2024-10,2660.285,2660.648,2660.135,1,2660.135,2660.648,2660.698,2659.408,0.51299999999992,1.2899999999999636,0.04999999999972715,0.7270000000003165,0.39767441860460034,0.36300000000028376,-0.1499999999996362,0.36300000000028376,-0.1499999999996362,True,True,0.7229999999999563,0.6057857142856976
2024-10-04,AEST,Fri,2024,2024-10,2655.085,2655.885,2655.655,1,2655.655,2655.885,2655.928,2655.378,0.2300000000000182,0.5499999999997272,0.042999999999665306,0.27700000000004366,0.4181818181820587,0.8000000000001819,0.5700000000001637,0.8000000000001819,0.5700000000001637,False,False,0.32999999999992724,0.5386428571428041
2024-10-07,AEDT,Mon,2024,2024-10,2650.595,2650.584,2650.004,-1,2650.584,2650.004,2650.634,2649.528,0.5799999999999272,1.106000000000222,0.0500000000001819,0.4760000000001128,0.5244122965640243,-0.5909999999998945,-0.010999999999967258,-0.010999999999967258,-0.5909999999998945,False,True,0.650000000000091,0.9372500000000628
2024-10-08,AEDT,Tue,2024,2024-10,2643.035,2644.085,2643.845,1,2644.085,2643.845,2644.555,2643.485,0.24000000000023647,1.069999999999709,0.4699999999997999,0.3599999999996726,0.22429906542084277,0.8099999999999454,1.050000000000182,1.050000000000182,0.8099999999999454,False,False,1.7300000000000182,1.3911428571428328
2024-10-09,AEDT,Wed,2024,2024-10,2621.365,2622.395,2621.855,1,2621.855,2622.395,2622.615,2621.005,0.5399999999999636,1.6099999999996726,0.2199999999997999,0.849999999999909,0.33540372670812013,1.0300000000002,0.49000000000023647,1.0300000000002,0.49000000000023647,False,True,0.29899999999997817,0.8177142857142761
2024-10-10,AEDT,Thu,2024,2024-10,2608.125,2608.775,2608.605,1,2608.775,2608.605,2608.775,2608.155,0.17000000000007276,0.6199999999998909,0.0,0.4499999999998181,0.2741935483872624,0.4800000000000182,0.650000000000091,0.650000000000091,0.4800000000000182,False,False,0.5900000000001455,0.6617142857141971
2024-10-11,AEDT,Fri,2024,2024-10,2628.465,2629.064,2628.105,1,2628.105,2629.064,2629.228,2628.075,0.9589999999998327,1.1530000000002474,0.16400000000021464,0.03000000000020009,0.8317432784038394,0.5989999999997053,-0.36000000000012733,0.5989999999997053,-0.36000000000012733,True,True,0.43000000000029104,0.6179285714285925
2024-10-14,AEDT,Mon,2024,2024-10,2649.875,2650.145,2649.615,-1,2650.145,2649.615,2650.485,2649.175,0.5300000000002001,1.3099999999999454,0.3400000000001455,0.4399999999995998,0.4045801526719253,-0.2600000000002183,0.2699999999999818,0.2699999999999818,-0.2600000000002183,True,True,0.6900000000000546,1.659333333333355
2024-10-15,AEDT,Tue,2024,2024-10,2649.845,2650.155,2649.885,1,2649.885,2650.155,2650.314,2649.665,0.2699999999999818,0.6489999999998872,0.15899999999965075,0.22000000000025466,0.41602465331283317,0.3100000000004002,0.04000000000041837,0.3100000000004002,0.04000000000041837,False,True,0.16000000000030923,0.8051428571429499
2024-10-16,AEDT,Wed,2024,2024-10,2662.325,2661.988,2661.788,-1,2661.988,2661.788,2662.174,2661.788,0.1999999999998181,0.38599999999996726,0.18600000000014916,0.0,0.5181347150254795,-0.5369999999998072,-0.3369999999999891,-0.3369999999999891,-0.5369999999998072,False,False,0.4299999999998363,0.516857142857199
2024-10-17,AEDT,Thu,2024,2024-10,2673.135,2673.595,2673.535,1,2673.595,2673.535,2673.775,2673.324,0.05999999999994543,0.45100000000002183,0.18000000000029104,0.21099999999978536,0.13303769401317633,0.3999999999996362,0.45999999999958163,0.45999999999958163,0.3999999999996362,False,False,0.5729999999998654,0.6165000000000224
2024-10-18,AEDT,Fri,2024,2024-10,2693.015,2692.504,2692.265,-1,2692.504,2692.265,2692.555,2692.155,0.23900000000003274,0.3999999999996362,0.05099999999993088,0.10999999999967258,0.5975000000006253,-0.75,-0.5109999999999673,-0.5109999999999673,-0.75,False,False,0.4699999999997999,0.5102142857142228
2024-10-21,AEDT,Mon,2024,2024-10,2722.085,2723.808,2723.448,1,2723.448,2723.808,2724.335,2722.935,0.36000000000012733,1.400000000000091,0.5270000000000437,0.51299999999992,0.2571428571429314,1.7229999999999563,1.362999999999829,1.7229999999999563,1.362999999999829,False,False,1.6199999999998909,1.153916666666684
2024-10-22,AEDT,Tue,2024,2024-10,2720.565,2720.455,2720.255,-1,2720.455,2720.255,2720.635,2720.255,0.1999999999998181,0.38000000000010914,0.18000000000029104,0.0,0.5263157894730544,-0.30999999999994543,-0.11000000000012733,-0.11000000000012733,-0.30999999999994543,False,True,0.75,0.7178571428571884
2024-10-23,AEDT,Wed,2024,2024-10,2747.715,2747.325,2747.265,-1,2747.265,2747.325,2747.548,2747.125,0.05999999999994543,0.42299999999977445,0.22299999999995634,0.13999999999987267,0.1418439716311523,-0.3900000000003274,-0.45000000000027285,-0.3900000000003274,-0.45000000000027285,False,False,0.36999999999989086,0.5659285714284904
2024-10-24,AEDT,Thu,2024,2024-10,2717.735,2719.058,2717.848,1,2717.848,2719.058,2720.268,2717.848,1.2100000000000364,2.4200000000000728,1.2100000000000364,0.0,0.5,1.3229999999998654,0.11299999999982901,1.3229999999998654,0.11299999999982901,False,False,0.1999999999998181,0.9554285714286185
2024-10-25,AEDT,Fri,2024,2024-10,2734.815,2734.865,2734.465,1,2734.465,2734.865,2734.965,2734.345,0.3999999999996362,0.6200000000003456,0.1000000000003638,0.12000000000034561,0.6451612903216343,0.04999999999972715,-0.34999999999990905,0.04999999999972715,-0.34999999999990905,True,True,0.24299999999993815,0.4545714285714309
2024-10-28,AEDT,Mon,2024,2024-10,2732.505,2736.465,2734.425,1,2734.425,2736.465,2736.835,2734.425,2.0399999999999636,2.4099999999998545,0.36999999999989086,0.0,0.8464730290456791,3.9600000000000364,1.9200000000000728,3.9600000000000364,1.9200000000000728,False,False,1.6100000000001273,2.376666666666703
2024-10-29,AEDT,Tue,2024,2024-10,2741.305,2741.905,2741.445,1,2741.905,2741.445,2742.065,2741.385,0.4600000000000364,0.6799999999998363,0.15999999999985448,0.05999999999994543,0.6764705882355104,0.14000000000032742,0.6000000000003638,0.6000000000003638,0.14000000000032742,False,False,0.17000000000007276,0.7136428571428236
2024-10-30,AEDT,Wed,2024,2024-10,2774.775,2774.478,2774.004,-1,2774.478,2774.004,2774.524,2773.984,0.47400000000016007,0.5399999999999636,0.04599999999982174,0.01999999999998181,0.8777777777781334,-0.7710000000001855,-0.29700000000002547,-0.29700000000002547,-0.7710000000001855,False,False,0.30999999999994543,0.7350714285713755
2024-10-31,AEDT,Thu,2024,2024-10,2786.855,2787.664,2787.314,1,2787.314,2787.664,2787.728,2787.095,0.3500000000003638,0.6330000000002656,0.06399999999985084,0.21900000000005093,0.5529225908376255,0.8090000000001965,0.45899999999983265,0.8090000000001965,0.45899999999983265,False,False,0.6299999999996544,0.8626428571428407
2024-11-01,AEDT,Fri,2024,2024-11,2745.675,2745.995,2745.945,1,2745.995,2745.945,2746.425,2745.535,0.04999999999972715,0.8900000000003274,0.43000000000029104,0.41000000000030923,0.05617977528057164,0.2699999999999818,0.31999999999970896,0.31999999999970896,0.2699999999999818,False,True,0.33999999999969077,0.9207857142856548
2025-03-10,AEDT,Mon,2025,2025-03,2911.625,2912.348,2911.638,1,2911.638,2912.348,2912.605,2910.998,0.7100000000000364,1.606999999999971,0.25700000000006185,0.6399999999998727,0.441817050404511,0.7229999999999563,0.012999999999919964,0.7229999999999563,0.012999999999919964,False,True,0.9700000000002547,1.8245000000000193
2025-03-11,AEDT,Tue,2025,2025-03,2884.998,2884.818,2884.378,-1,2884.378,2884.818,2884.968,2884.138,0.44000000000005457,0.8299999999999272,0.1499999999996362,0.24000000000023647,0.530120481927823,-0.1799999999998363,-0.6199999999998909,-0.1799999999998363,-0.6199999999998909,False,False,1.0799999999999272,1.3507142857142753
2025-03-12,AEDT,Wed,2025,2025-03,2915.198,2918.028,2917.118,1,2917.118,2918.028,2918.158,2916.548,0.9099999999998545,1.6100000000001273,0.13000000000010914,0.5700000000001637,0.5652173913042128,2.8299999999999272,1.9200000000000728,2.8299999999999272,1.9200000000000728,False,False,2.1770000000001346,1.4311428571429263
2025-03-13,AEDT,Thu,2025,2025-03,2937.425,2938.248,2937.985,1,2937.985,2938.248,2939.148,2937.748,0.26299999999991996,1.400000000000091,0.900000000000091,0.23700000000008004,0.18785714285707347,0.8229999999998654,0.5599999999999454,0.8229999999998654,0.5599999999999454,False,False,1.6200000000003456,1.183785714285867
2025-03-14,AEDT,Fri,2025,2025-03,2986.885,2986.938,2986.148,-1,2986.938,2986.148,2986.968,2986.088,0.7899999999999636,0.8799999999996544,0.02999999999974534,0.05999999999994543,0.8977272727275839,-0.73700000000008,0.052999999999883585,0.052999999999883585,-0.73700000000008,True,True,0.9200000000000728,1.9954999999999927
2025-03-17,AEDT,Mon,2025,2025-03,2988.935,2989.195,2988.925,1,2988.925,2989.195,2989.215,2988.125,0.2699999999999818,1.0900000000001455,0.01999999999998181,0.8000000000001819,0.24770642201829887,0.2600000000002183,-0.009999999999763531,0.2600000000002183,-0.009999999999763531,True,True,1.199999999999818,1.6791666666665985
2025-03-18,AEDT,Tue,2025,2025-03,2999.975,3000.568,2999.855,1,2999.855,3000.568,3000.618,2999.685,0.7130000000001928,0.9329999999999927,0.04999999999972715,0.17000000000007276,0.7642015005361183,0.593000000000302,-0.11999999999989086,0.593000000000302,-0.11999999999989086,True,True,0.6700000000000728,0.6575714285715029
2025-03-19,AEDT,Wed,2025,2025-03,3033.715,3034.348,3034.238,1,3034.238,3034.348,3034.708,3034.148,0.11000000000012733,0.5599999999999454,0.36000000000012733,0.08999999999969077,0.19642857142881795,0.6329999999998108,0.5229999999996835,0.6329999999998108,0.5229999999996835,False,False,0.9299999999998363,0.7100714285714146
2025-03-20,AEDT,Thu,2025,2025-03,3049.245,3049.948,3048.998,-1,3049.948,3048.998,3049.948,3048.738,0.9499999999998181,1.2100000000000364,0.0,0.2600000000002183,0.7851239669419748,-0.24699999999984357,0.7029999999999745,0.7029999999999745,-0.24699999999984357,True,True,0.6230000000000473,1.3213571428571609
2025-03-21,AEDT,Fri,2025,2025-03,3044.825,3045.658,3045.548,1,3045.548,3045.658,3045.948,3044.848,0.11000000000012733,1.099999999999909,0.2899999999999636,0.6999999999998181,0.10000000000012402,0.8330000000000837,0.7229999999999563,0.8330000000000837,0.7229999999999563,False,False,0.8699999999998909,0.7167142857142282
2025-03-24,AEDT,Mon,2025,2025-03,3024.995,3025.245,3024.288,-1,3025.245,3024.288,3025.348,3023.948,0.95699999999988,1.400000000000091,0.10300000000006548,0.3400000000001455,0.6835714285712984,-0.70699999999988,0.25,0.25,-0.70699999999988,True,True,0.9800000000000182,1.3436666666666117
2025-03-25,AEDT,Tue,2025,2025-03,3009.945,3011.498,3011.205,1,3011.205,3011.498,3011.758,3011.168,0.29300000000012005,0.5899999999996908,0.25999999999976353,0.03699999999980719,0.49661016949198916,1.5529999999998836,1.2599999999997635,1.5529999999998836,1.2599999999997635,False,False,2.3469999999997526,1.0651428571428434
2025-03-26,AEDT,Wed,2025,2025-03,3020.595,3020.995,3020.948,1,3020.995,3020.948,3021.148,3020.588,0.047000000000025466,0.5599999999999454,0.15300000000024738,0.3599999999996726,0.08392857142862509,0.3530000000000655,0.40000000000009095,0.40000000000009095,0.3530000000000655,False,True,0.5600000000004002,0.8752857142856426
2025-03-27,AEDT,Thu,2025,2025-03,3019.718,3019.205,3018.428,-1,3019.205,3018.428,3019.385,3018.148,0.7770000000000437,1.23700000000008,0.18000000000029104,0.27999999999974534,0.6281325788197198,-1.2899999999999636,-0.51299999999992,-0.51299999999992,-1.2899999999999636,False,False,1.1000000000003638,1.240214285714371
2025-03-28,AEDT,Fri,2025,2025-03,3055.648,3054.848,3054.108,-1,3054.848,3054.108,3054.875,3053.998,0.7399999999997817,0.8769999999999527,0.027000000000043656,0.11000000000012733,0.8437856328390212,-1.5399999999999636,-0.8000000000001819,-0.8000000000001819,-1.5399999999999636,False,False,0.8730000000000473,1.1184999999999101
2025-03-31,AEDT,Mon,2025,2025-03,3089.165,3089.755,3088.498,-1,3089.755,3088.498,3090.698,3088.235,1.2570000000000618,2.462999999999738,0.9429999999997563,0.26299999999991996,0.5103532277710904,-0.6669999999999163,0.5900000000001455,0.5900000000001455,-0.6669999999999163,True,True,0.8829999999998108,2.2954166666667106
2025-04-01,AEDT,Tue,2025,2025-04,3123.185,3124.648,3122.548,1,3122.548,3124.648,3124.848,3122.548,2.100000000000364,2.300000000000182,0.1999999999998181,0.0,0.9130434782609556,1.4630000000001928,-0.637000000000171,1.4630000000001928,-0.637000000000171,True,True,0.9699999999997999,1.3126428571429511
2025-04-02,AEDT,Wed,2025,2025-04,3112.995,3113.388,3111.148,1,3111.148,3113.388,3113.748,3111.048,2.2399999999997817,2.700000000000273,0.36000000000012733,0.1000000000003638,0.829629629629465,0.3930000000000291,-1.8469999999997526,0.3930000000000291,-1.8469999999997526,True,True,0.8099999999999454,1.8714285714286234
2025-04-03,AEDT,Thu,2025,2025-04,3144.478,3148.148,3145.668,1,3145.668,3148.148,3149.968,3145.668,2.480000000000018,4.299999999999727,1.819999999999709,0.0,0.5767441860465524,3.6700000000000728,1.1900000000000546,3.6700000000000728,1.1900000000000546,False,False,4.112999999999829,7.467999999999912
2025-04-04,AEDT,Fri,2025,2025-04,3112.595,3115.015,3112.148,-1,3115.015,3112.148,3115.238,3111.965,2.8669999999997344,3.2729999999996835,0.22299999999995634,0.18299999999999272,0.8759547815459858,-0.44699999999966167,2.4200000000000728,2.4200000000000728,-0.44699999999966167,True,True,1.0100000000002183,1.969071428571429
2025-04-07,AEST,Mon,2025,2025-04,2996.025,2999.548,2999.215,1,2999.548,2999.215,3008.995,2998.405,0.3329999999996289,10.58999999999969,9.447000000000116,0.8099999999999454,0.03144475920676475,3.1900000000000546,3.5229999999996835,3.5229999999996835,3.1900000000000546,False,False,10.970000000000255,9.11185714285713
2025-04-08,AEST,Tue,2025,2025-04,2982.045,2983.265,2980.985,1,2980.985,2983.265,2983.645,2980.125,2.2799999999997453,3.519999999999982,0.38000000000010914,0.8600000000001273,0.6477272727272038,1.2199999999998,-1.0599999999999454,1.2199999999998,-1.0599999999999454,True,True,3.049999999999727,2.467142857142757
2025-04-09,AEST,Wed,2025,2025-04,2970.405,2978.435,2977.645,1,2978.435,2977.645,2979.815,2974.475,0.7899999999999636,5.3400000000001455,1.3800000000001091,3.1700000000000728,0.1479400749063562,7.239999999999782,8.029999999999745,8.029999999999745,7.239999999999782,False,False,6.179999999999836,4.3714285714285905
2025-04-10,AEST,Thu,2025,2025-04,3083.555,3086.495,3082.475,-1,3086.495,3082.475,3088.459,3080.955,4.019999999999982,7.503999999999905,1.9639999999999418,1.5199999999999818,0.53571428571429,-1.0799999999999272,2.9400000000000546,2.9400000000000546,-1.0799999999999272,True,True,3.4200000000000728,3.571714285714279
2025-04-11,AEST,Fri,2025,2025-04,3188.495,3188.755,3186.535,-1,3188.755,3186.535,3189.845,3186.345,2.2200000000002547,3.5,1.0899999999996908,0.19000000000005457,0.6342857142857871,-1.9600000000000364,0.2600000000002183,0.2600000000002183,-1.9600000000000364,True,True,2.0399999999999636,3.1664285714285336
2025-04-14,AEST,Mon,2025,2025-04,3221.555,3223.575,3221.145,-1,3223.575,3221.145,3224.575,3220.505,2.4299999999998363,4.069999999999709,1.0,0.6399999999998727,0.5970515970515995,-0.4099999999998545,2.019999999999982,2.019999999999982,-0.4099999999998545,True,True,2.919999999999618,3.4542857142855934
2025-04-15,AEST,Tue,2025,2025-04,3213.605,3212.375,3211.035,-1,3212.375,3211.035,3212.665,3210.815,1.3400000000001455,1.849999999999909,0.2899999999999636,0.2199999999997999,0.7243243243244386,-2.5700000000001637,-1.2300000000000182,-1.2300000000000182,-2.5700000000001637,False,False,2.0399999999999636,1.367857142857117
2025-04-16,AEST,Wed,2025,2025-04,3243.765,3258.635,3251.655,1,3251.655,3258.635,3261.795,3251.455,6.980000000000018,10.340000000000146,3.1599999999998545,0.20000000000027285,0.675048355899412,14.870000000000346,7.890000000000327,14.870000000000346,7.890000000000327,False,False,3.7399999999997817,3.8078571428571713
2025-04-17,AEST,Thu,2025,2025-04,3351.515,3349.925,3345.815,-1,3349.925,3345.815,3350.405,3344.555,4.110000000000127,5.850000000000364,0.4800000000000182,1.2600000000002183,0.7025641025640806,-5.699999999999818,-1.5899999999996908,-1.5899999999996908,-5.699999999999818,False,False,3.650000000000091,2.6221428571428924
2025-04-21,AEST,Mon,2025,2025-04,3348.995,3353.375,3348.295,1,3348.295,3353.375,3354.045,3347.285,5.079999999999927,6.760000000000218,0.6700000000000728,1.0100000000002183,0.7514792899407934,4.380000000000109,-0.6999999999998181,4.380000000000109,-0.6999999999998181,True,True,2.900000000000091,4.3250000000000455
2025-04-22,AEST,Tue,2025,2025-04,3436.085,3434.986,3418.705,-1,3434.986,3418.705,3435.065,3411.075,16.28099999999995,23.990000000000236,0.07900000000017826,7.630000000000109,0.6786577740725214,-17.38000000000011,-1.09900000000016,-1.09900000000016,-17.38000000000011,False,False,5.230000000000018,5.690000000000022
2025-04-23,AEST,Wed,2025,2025-04,3338.875,3337.975,3336.345,-1,3336.345,3337.975,3339.895,3334.025,1.6300000000001091,5.869999999999891,1.9200000000000728,2.319999999999709,0.27768313458264726,-0.900000000000091,-2.5300000000002,-0.900000000000091,-2.5300000000002,False,True,3.480000000000018,6.049285714285783
2025-04-24,AEST,Thu,2025,2025-04,3314.295,3316.165,3314.855,1,3316.165,3314.855,3316.605,3313.915,1.3099999999999454,2.6900000000000546,0.44000000000005457,0.9400000000000546,0.48698884758361294,0.5599999999999454,1.8699999999998909,1.8699999999998909,0.5599999999999454,False,True,3.8200000000001637,2.795000000000008
2025-04-25,AEST,Fri,2025,2025-04,3352.785,3352.135,3348.755,-1,3348.755,3352.135,3353.045,3347.095,3.380000000000109,5.950000000000273,0.9099999999998545,1.6600000000003092,0.5680672268907486,-0.6499999999996362,-4.029999999999745,-0.6499999999996362,-4.029999999999745,False,True,5.350000000000364,4.765714285714239
2025-04-28,AEST,Mon,2025,2025-04,3301.865,3307.825,3302.485,1,3302.485,3307.825,3307.935,3301.245,5.339999999999691,6.690000000000055,0.11000000000012733,1.2400000000002365,0.7982062780268531,5.960000000000036,0.6200000000003456,5.960000000000036,0.6200000000003456,False,True,3.5799999999999272,4.957499999999982
2025-04-29,AEST,Tue,2025,2025-04,3338.725,3337.285,3334.635,-1,3337.285,3334.635,3337.805,3333.475,2.649999999999636,4.329999999999927,0.5199999999999818,1.1600000000003092,0.612009237875215,-4.089999999999691,-1.4400000000000546,-1.4400000000000546,-4.089999999999691,False,False,1.8299999999999272,3.175000000000052
2025-04-30,AEST,Wed,2025,2025-04,3315.395,3320.815,3316.825,1,3316.825,3320.815,3322.375,3316.035,3.9900000000002365,6.3400000000001455,1.5599999999999454,0.7899999999999636,0.6293375394321995,5.420000000000073,1.4299999999998363,5.420000000000073,1.4299999999998363,False,False,1.2799999999997453,2.8692857142857195
2025-05-01,AEST,Thu,2025,2025-05,3275.785,3274.075,3272.575,-1,3272.575,3274.075,3274.645,3270.455,1.5,4.190000000000055,0.5700000000001637,2.119999999999891,0.3579952267303056,-1.7100000000000364,-3.2100000000000364,-1.7100000000000364,-3.2100000000000364,False,False,3.7599999999997635,4.448928571428529
2025-05-02,AEST,Fri,2025,2025-05,3236.845,3239.715,3237.129,1,3237.129,3239.715,3239.775,3236.775,2.58600000000024,3.0,0.05999999999994543,0.35399999999981446,0.86200000000008,2.8700000000003456,0.2840000000001055,2.8700000000003456,0.2840000000001055,False,True,3.2100000000000364,2.391428571428605
2025-05-05,AEST,Mon,2025,2025-05,3249.615,3247.775,3246.235,-1,3247.775,3246.235,3248.455,3244.205,1.5399999999999636,4.25,0.6799999999998363,2.0300000000002,0.36235294117646205,-3.3799999999996544,-1.8399999999996908,-1.8399999999996908,-3.3799999999996544,False,False,3.869999999999891,2.8899999999999375
2025-05-06,AEST,Tue,2025,2025-05,3334.095,3333.665,3331.785,-1,3333.665,3331.785,3333.925,3331.785,1.8800000000001091,2.1400000000003274,0.2600000000002183,0.0,0.8785046728971129,-2.3099999999999454,-0.4299999999998363,-0.4299999999998363,-2.3099999999999454,False,False,1.1299999999996544,2.7321428571428896
2025-05-07,AEST,Wed,2025,2025-05,3394.975,3400.495,3397.185,1,3400.495,3397.185,3401.075,3393.265,3.3099999999999454,7.809999999999945,0.5799999999999272,3.9200000000000728,0.42381562099871556,2.2100000000000364,5.519999999999982,5.519999999999982,2.2100000000000364,False,True,8.400000000000091,6.830714285714261
2025-05-08,AEST,Thu,2025,2025-05,3374.995,3376.259,3374.175,-1,3376.259,3374.175,3376.505,3373.625,2.0839999999998327,2.880000000000109,0.2460000000000946,0.5500000000001819,0.7236111111110256,-0.819999999999709,1.2640000000001237,1.2640000000001237,-0.819999999999709,True,True,2.0799999999999272,2.007142857142818
2025-05-09,AEST,Fri,2025,2025-05,3315.565,3317.355,3316.065,1,3316.065,3317.355,3318.735,3316.065,1.2899999999999636,2.6700000000000728,1.3800000000001091,0.0,0.48314606741570354,1.7899999999999636,0.5,1.7899999999999636,0.5,False,False,2.2800000000002,3.217142857142887
2025-05-12,AEST,Mon,2025,2025-05,3279.145,3287.375,3287.185,1,3287.375,3287.185,3289.675,3285.095,0.19000000000005457,4.580000000000382,2.300000000000182,2.0900000000001455,0.0414847161572137,8.039999999999964,8.230000000000018,8.230000000000018,8.039999999999964,False,False,6.820000000000164,5.74571428571429
2025-05-13,AEST,Tue,2025,2025-05,3237.215,3236.835,3236.585,-1,3236.585,3236.835,3237.505,3235.485,0.25,2.019999999999982,0.6700000000000728,1.099999999999909,0.12376237623762487,-0.38000000000010914,-0.6300000000001091,-0.38000000000010914,-0.6300000000001091,False,True,1.9400000000000546,2.201428571428518
2025-05-14,AEST,Wed,2025,2025-05,3254.295,3254.145,3248.435,-1,3254.145,3248.435,3254.305,3247.295,5.710000000000036,7.0099999999997635,0.15999999999985448,1.1399999999998727,0.8145506419401183,-5.860000000000127,-0.15000000000009095,-0.15000000000009095,-5.860000000000127,False,True,0.7599999999997635,1.9764285714284793
2025-05-15,AEST,Thu,2025,2025-05,3185.795,3185.815,3181.965,-1,3185.815,3181.965,3185.965,3180.905,3.849999999999909,5.059999999999945,0.15000000000009095,1.0599999999999454,0.7608695652173816,-3.8299999999999272,0.01999999999998181,0.01999999999998181,-3.8299999999999272,True,True,1.5900000000001455,1.9514285714286481
2025-05-16,AEST,Fri,2025,2025-05,3237.755,3240.495,3236.815,1,3236.815,3240.495,3240.605,3236.005,3.6799999999998363,4.599999999999909,0.11000000000012733,0.8099999999999454,0.7999999999999803,2.7399999999997817,-0.9400000000000546,2.7399999999997817,-0.9400000000000546,True,True,2.130000000000109,4.104285714285685
2025-05-19,AEST,Mon,2025,2025-05,3226.525,3236.025,3234.295,1,3234.295,3236.025,3236.635,3232.995,1.7300000000000182,3.6400000000003274,0.6100000000001273,1.300000000000182,0.4752747252746875,9.5,7.769999999999982,9.5,7.769999999999982,False,False,9.480000000000018,4.524285714285725
2025-05-20,AEST,Tue,2025,2025-05,3223.055,3223.575,3222.225,1,3222.225,3223.575,3223.875,3221.355,1.349999999999909,2.519999999999982,0.3000000000001819,0.8699999999998909,0.5357142857142535,0.5199999999999818,-0.8299999999999272,0.5199999999999818,-0.8299999999999272,True,True,1.8299999999999272,2.2407142857143105
2025-05-21,AEST,Wed,2025,2025-05,3291.495,3291.935,3290.385,1,3290.385,3291.935,3292.075,3288.715,1.5499999999997272,3.3599999999996726,0.13999999999987267,1.6700000000000728,0.46130952380948753,0.44000000000005457,-1.1099999999996726,0.44000000000005457,-1.1099999999996726,True,True,1.300000000000182,2.7921428571428675
2025-05-22,AEST,Thu,2025,2025-05,3321.888,3322.305,3320.075,1,3320.075,3322.305,3323.715,3319.925,2.230000000000018,3.7899999999999636,1.4100000000003092,0.1499999999996362,0.5883905013192716,0.4169999999999163,-1.8130000000001019,0.4169999999999163,-1.8130000000001019,True,True,5.330000000000382,2.5431428571430064
2025-05-23,AEST,Fri,2025,2025-05,3301.108,3299.825,3295.148,-1,3299.825,3295.148,3300.655,3293.875,4.67699999999968,6.7800000000002,0.830000000000382,1.2730000000001382,0.68982300884949,-5.960000000000036,-1.2830000000003565,-1.2830000000003565,-5.960000000000036,False,False,1.430000000000291,2.211928571428546
2025-05-26,AEST,Mon,2025,2025-05,3343.465,3344.198,3342.425,1,3342.425,3344.198,3345.298,3341.845,1.7729999999996835,3.4529999999999745,1.099999999999909,0.580000000000382,0.5134665508252814,0.7329999999997199,-1.0399999999999636,0.7329999999997199,-1.0399999999999636,True,True,2.800000000000182,2.797285714285798
2025-05-27,AEST,Tue,2025,2025-05,3346.155,3345.915,3345.105,-1,3345.915,3345.105,3346.265,3344.088,0.8099999999999454,2.17699999999968,0.34999999999990905,1.0169999999998254,0.37207165824532135,-1.050000000000182,-0.24000000000023647,-0.24000000000023647,-1.050000000000182,False,True,1.2029999999999745,1.282142857142779
2025-05-28,AEST,Wed,2025,2025-05,3309.248,3310.548,3309.148,1,3309.148,3310.548,3310.848,3308.998,1.3999999999996362,1.849999999999909,0.3000000000001819,0.15000000000009095,0.7567567567565973,1.2999999999997272,-0.09999999999990905,1.2999999999997272,-0.09999999999990905,True,True,1.599999999999909,2.520857142857072
2025-05-29,AEST,Thu,2025,2025-05,3258.765,3262.498,3259.548,1,3259.548,3262.498,3263.648,3255.895,2.950000000000273,7.753000000000156,1.150000000000091,3.6529999999997926,0.38049787179159206,3.7330000000001746,0.7829999999999018,3.7330000000001746,0.7829999999999018,False,True,4.650000000000091,6.86192857142854
2025-05-30,AEST,Fri,2025,2025-05,3314.098,3317.955,3315.395,1,3315.395,3317.955,3318.215,3315.195,2.5599999999999454,3.019999999999982,0.2600000000002183,0.1999999999998181,0.847682119205285,3.856999999999971,1.2970000000000255,3.856999999999971,1.2970000000000255,False,False,1.1769999999996799,1.7163571428570776
2025-06-02,AEST,Mon,2025,2025-06,3311.298,3311.198,3309.955,-1,3309.955,3311.198,3312.248,3309.605,1.2429999999999382,2.643000000000029,1.050000000000182,0.34999999999990905,0.47029890276198427,-0.09999999999990905,-1.3429999999998472,-0.09999999999990905,-1.3429999999998472,False,True,2.5029999999997017,2.3027857142857164
2025-06-03,AEST,Tue,2025,2025-06,3386.048,3387.225,3384.465,-1,3387.225,3384.465,3388.398,3384.348,2.7599999999997635,4.050000000000182,1.1730000000002292,0.11700000000018917,0.6814814814813925,-1.582999999999629,1.1770000000001346,1.1770000000001346,-1.582999999999629,True,True,1.7400000000002365,2.5745000000000084
2025-06-04,AEST,Wed,2025,2025-06,3359.348,3359.698,3355.995,-1,3359.698,3355.995,3359.898,3355.938,3.7029999999999745,3.9600000000000364,0.20000000000027285,0.056999999999789,0.9351010101009951,-3.3530000000000655,0.34999999999990905,0.34999999999990905,-3.3530000000000655,True,True,1.7300000000000182,1.8737857142856618
2025-06-05,AEST,Thu,2025,2025-06,3375.275,3377.865,3374.305,-1,3377.865,3374.305,3378.748,3374.305,3.5599999999999454,4.443000000000211,0.8830000000002656,0.0,0.8012604096330804,-0.9700000000002547,2.5899999999996908,2.5899999999996908,-0.9700000000002547,True,True,2.1729999999997744,1.8932857142856392
2025-06-06,AEST,Fri,2025,2025-06,3361.365,3363.448,3361.648,1,3361.648,3363.448,3363.648,3361.265,1.7999999999997272,2.3830000000002656,0.20000000000027285,0.3830000000002656,0.7553503986569562,2.0830000000000837,0.2830000000003565,2.0830000000000837,0.2830000000003565,False,True,2.119999999999891,1.6518571428570925
2025-06-09,AEST,Mon,2025,2025-06,3315.845,3317.905,3316.898,1,3317.905,3316.898,3318.448,3315.848,1.0070000000000618,2.599999999999909,0.5429999999996653,1.050000000000182,0.38730769230772966,1.0530000000003383,2.0600000000004,2.0600000000004,1.0530000000003383,False,False,1.8500000000003638,2.1361428571428536
2025-06-10,AEST,Tue,2025,2025-06,3325.345,3326.575,3321.198,-1,3326.575,3321.198,3326.595,3321.198,5.376999999999953,5.3969999999999345,0.01999999999998181,0.0,0.9962942375393771,-4.1469999999999345,1.2300000000000182,1.2300000000000182,-4.1469999999999345,True,True,2.1399999999998727,1.5933571428571278
2025-06-11,AEST,Wed,2025,2025-06,3325.835,3327.825,3325.095,-1,3327.825,3325.095,3327.925,3324.835,2.730000000000018,3.0900000000001455,0.1000000000003638,0.25999999999976353,0.8834951456310323,-0.7400000000002365,1.9899999999997817,1.9899999999997817,-0.7400000000002365,True,True,2.0599999999999454,3.005285714285784
2025-06-12,AEST,Thu,2025,2025-06,3362.498,3365.165,3363.275,1,3365.165,3363.275,3366.935,3362.275,1.8899999999998727,4.6599999999998545,1.7699999999999818,1.0,0.4055793991416162,0.7770000000000437,2.6669999999999163,2.6669999999999163,0.7770000000000437,False,True,5.799999999999727,3.8625714285714303
2025-06-13,AEST,Fri,2025,2025-06,3389.685,3400.875,3395.425,1,3395.425,3400.875,3402.995,3391.465,5.449999999999818,11.529999999999745,2.119999999999891,3.9600000000000364,0.47267996530788714,11.190000000000055,5.7400000000002365,11.190000000000055,5.7400000000002365,False,False,2.8330000000000837,2.777785714285723
2025-06-16,AEST,Mon,2025,2025-06,3443.175,3443.998,3439.498,-1,3443.998,3439.498,3444.465,3436.835,4.5,7.630000000000109,0.4670000000000982,2.663000000000011,0.589777195281774,-3.6770000000001346,0.8229999999998654,0.8229999999998654,-3.6770000000001346,True,True,4.246999999999844,3.7214285714285325
2025-06-17,AEST,Tue,2025,2025-06,3395.728,3402.635,3399.695,1,3402.635,3399.695,3402.695,3396.998,2.9400000000000546,5.697000000000116,0.05999999999994543,2.6970000000001164,0.516061084781463,3.9670000000000982,6.907000000000153,6.907000000000153,3.9670000000000982,False,False,4.2199999999998,3.3078571428571064
2025-06-18,AEST,Wed,2025,2025-06,3385.695,3387.098,3385.625,-1,3387.098,3385.625,3387.098,3385.605,1.4729999999999563,1.4929999999999382,0.0,0.01999999999998181,0.9866041527126707,-0.07000000000016371,1.4029999999997926,1.4029999999997926,-0.07000000000016371,True,True,2.1100000000001273,1.6571428571428442
2025-06-19,AEST,Thu,2025,2025-06,3375.555,3376.105,3374.925,1,3374.925,3376.105,3377.205,3374.565,1.1799999999998363,2.6399999999998727,1.099999999999909,0.36000000000012733,0.4469696969696565,0.5500000000001819,-0.6299999999996544,0.5500000000001819,-0.6299999999996544,True,True,1.8829999999998108,2.0371428571427908
2025-06-20,AEST,Fri,2025,2025-06,3368.448,3368.798,3368.585,1,3368.585,3368.798,3370.115,3367.398,0.21299999999973807,2.7169999999996435,1.3170000000000073,1.1869999999998981,0.07839528892151859,0.34999999999990905,0.13700000000017099,0.34999999999990905,0.13700000000017099,False,True,1.699999999999818,2.059214285714266
2025-06-23,AEST,Mon,2025,2025-06,3372.148,3372.455,3370.048,-1,3372.455,3370.048,3373.348,3369.215,2.407000000000153,4.132999999999811,0.8930000000000291,0.8329999999996289,0.5823856762642785,-2.100000000000364,0.306999999999789,0.306999999999789,-2.100000000000364,True,True,3.149999999999636,3.47057142857141
2025-06-24,AEST,Tue,2025,2025-06,3347.448,3343.998,3335.505,-1,3343.998,3335.505,3344.948,3332.865,8.492999999999938,12.083000000000084,0.9499999999998181,2.6400000000003274,0.7028883555408325,-11.942999999999756,-3.449999999999818,-3.449999999999818,-11.942999999999756,False,False,3.3530000000000655,5.214214285714271
2025-06-25,AEST,Wed,2025,2025-06,3324.345,3324.905,3323.975,1,3323.975,3324.905,3325.285,3323.415,0.930000000000291,1.8699999999998909,0.3799999999996544,0.5599999999999454,0.4973262032087408,0.5600000000004002,-0.36999999999989086,0.5600000000004002,-0.36999999999989086,True,True,0.6999999999998181,1.0073571428571475
2025-06-26,AEST,Thu,2025,2025-06,3337.535,3338.835,3334.925,-1,3338.835,3334.925,3339.125,3332.405,3.9099999999998545,6.7199999999998,0.2899999999999636,2.519999999999982,0.5818452380952338,-2.6099999999996726,1.300000000000182,1.300000000000182,-2.6099999999996726,True,True,2.29300000000012,1.8158571428571446
2025-06-27,AEST,Fri,2025,2025-06,3320.098,3318.395,3316.225,-1,3318.395,3316.225,3319.648,3315.095,2.1700000000000728,4.553000000000338,1.2530000000001564,1.1300000000001091,0.4766088293432707,-3.8730000000000473,-1.7029999999999745,-1.7029999999999745,-3.8730000000000473,False,False,2.849999999999909,2.0860714285714557
2025-06-30,AEST,Mon,2025,2025-06,3266.485,3265.925,3263.555,-1,3263.555,3265.925,3266.395,3262.905,2.3700000000003456,3.4899999999997817,0.4699999999997999,0.6499999999996362,0.6790830945560155,-0.5599999999999454,-2.930000000000291,-0.5599999999999454,-2.930000000000291,False,False,3.8400000000001455,3.257642857142758
2025-07-01,AEST,Tue,2025,2025-07,3311.525,3312.249,3311.548,1,3312.249,3311.548,3313.098,3309.675,0.7010000000000218,3.4229999999997744,0.8490000000001601,1.8729999999995925,0.20479111890156823,0.022999999999683496,0.7239999999997053,0.7239999999997053,0.022999999999683496,False,True,0.8200000000001637,1.7790000000000288
2025-07-02,AEST,Wed,2025,2025-07,3338.055,3337.935,3336.745,-1,3337.935,3336.745,3338.355,3334.355,1.1900000000000546,4.0,0.42000000000007276,2.3899999999998727,0.29750000000001364,-1.3099999999999454,-0.11999999999989086,-0.11999999999989086,-1.3099999999999454,False,True,2.3299999999999272,1.9757142857143404
2025-07-03,AEST,Thu,2025,2025-07,3350.298,3349.115,3345.815,-1,3349.115,3345.815,3349.648,3344.898,3.299999999999727,4.75,0.5330000000003565,0.9169999999999163,0.6947368421052057,-4.48299999999972,-1.1829999999999927,-1.1829999999999927,-4.48299999999972,False,False,2.0299999999997453,2.691571428571446
2025-07-04,AEST,Fri,2025,2025-07,3331.398,3330.565,3329.398,-1,3330.565,3329.398,3330.848,3329.065,1.1669999999999163,1.7829999999999018,0.2829999999999018,0.3330000000000837,0.6545148625911277,-2.0,-0.8330000000000837,-0.8330000000000837,-2.0,False,False,2.300000000000182,1.4897142857143015
2025-07-07,AEST,Mon,2025,2025-07,3326.405,3328.685,3326.448,1,3328.685,3326.448,3329.495,3325.548,2.23700000000008,3.9470000000001164,0.8099999999999454,0.900000000000091,0.5667595642259979,0.042999999999665306,2.2799999999997453,2.2799999999997453,0.042999999999665306,False,True,1.9899999999997817,2.0729285714286823
2025-07-08,AEST,Tue,2025,2025-07,3336.198,3335.699,3334.398,-1,3334.398,3335.699,3335.699,3332.649,1.3009999999999309,3.050000000000182,0.0,1.749000000000251,0.4265573770491322,-0.4989999999997963,-1.7999999999997272,-0.4989999999997963,-1.7999999999997272,False,False,2.4799999999995634,2.0259285714284943
2025-07-09,AEST,Wed,2025,2025-07,3300.565,3306.098,3302.005,1,3302.005,3306.098,3307.725,3301.525,4.092999999999847,6.199999999999818,1.6269999999999527,0.4800000000000182,0.6601612903225754,5.532999999999902,1.4400000000000546,5.532999999999902,1.4400000000000546,False,False,1.9900000000002365,2.2162857142856995
2025-07-10,AEST,Thu,2025,2025-07,3316.825,3317.445,3316.875,1,3317.445,3316.875,3318.085,3316.365,0.5700000000001637,1.7200000000002547,0.6399999999998727,0.5100000000002183,0.3313953488372554,0.0500000000001819,0.6200000000003456,0.6200000000003456,0.0500000000001819,False,True,0.75,1.4004285714285547
2025-07-11,AEST,Fri,2025,2025-07,3326.055,3326.245,3323.505,1,3323.505,3326.245,3326.375,3323.345,2.7399999999997817,3.0300000000002,0.13000000000010914,0.16000000000030923,0.9042904290427726,0.19000000000005457,-2.549999999999727,0.19000000000005457,-2.549999999999727,True,True,3.1799999999998363,1.4623571428571398
2025-07-14,AEST,Mon,2025,2025-07,3368.048,3367.498,3365.515,-1,3367.498,3365.515,3368.275,3364.485,1.9830000000001746,3.7899999999999636,0.7770000000000437,1.0299999999997453,0.5232189973615287,-2.5329999999999018,-0.5499999999997272,-0.5499999999997272,-2.5329999999999018,False,True,1.919999999999618,2.492142857142913
2025-07-15,AEST,Tue,2025,2025-07,3345.475,3346.195,3345.035,1,3345.035,3346.195,3346.195,3344.415,1.1600000000003092,1.7800000000002,0.0,0.6199999999998909,0.6516853932585275,0.7200000000002547,-0.44000000000005457,0.7200000000002547,-0.44000000000005457,True,True,0.5199999999999818,1.0603571428570961
2025-07-16,AEST,Wed,2025,2025-07,3330.648,3330.825,3329.765,-1,3330.825,3329.765,3331.348,3329.548,1.0599999999999454,1.800000000000182,0.5230000000001382,0.21700000000009823,0.5888888888887991,-0.8830000000002656,0.17699999999967986,0.17699999999967986,-0.8830000000002656,True,True,0.6000000000003638,1.2271428571429428
2025-07-17,AEST,Thu,2025,2025-07,3345.715,3346.248,3345.575,-1,3346.248,3345.575,3347.165,3343.955,0.6730000000002292,3.2100000000000364,0.9169999999999163,1.6199999999998909,0.20965732087234318,-0.14000000000032742,0.5329999999999018,0.5329999999999018,-0.14000000000032742,True,True,1.0700000000001637,1.1202142857143176
2025-07-18,AEST,Fri,2025,2025-07,3341.255,3340.095,3339.965,-1,3340.095,3339.965,3340.525,3339.205,0.1299999999996544,1.3200000000001637,0.43000000000029104,0.7600000000002183,0.09848484848457445,-1.2899999999999636,-1.1600000000003092,-1.1600000000003092,-1.2899999999999636,False,False,2.019999999999982,1.1916428571428892
2025-07-21,AEST,Mon,2025,2025-07,3347.425,3348.835,3348.445,1,3348.835,3348.445,3349.398,3347.418,0.38999999999987267,1.9800000000000182,0.5630000000001019,1.0270000000000437,0.19696969696963085,1.0199999999999818,1.4099999999998545,1.4099999999998545,1.0199999999999818,False,True,2.0,1.2545000000000073
2025-07-22,AEST,Tue,2025,2025-07,3395.555,3396.298,3391.675,-1,3396.298,3391.675,3396.398,3390.685,4.6229999999995925,5.713000000000193,0.1000000000003638,0.9900000000002365,0.8092070715910094,-3.8799999999996544,0.7429999999999382,0.7429999999999382,-3.8799999999996544,True,True,2.08600000000024,2.2927857142857255
2025-07-23,AEST,Wed,2025,2025-07,3427.298,3430.695,3427.305,1,3427.305,3430.695,3431.685,3426.835,3.3900000000003274,4.849999999999909,0.9899999999997817,0.4699999999997999,0.698969072165029,3.3970000000003893,0.007000000000061846,3.3970000000003893,0.007000000000061846,False,True,1.300000000000182,2.163357142857129
2025-07-24,AEST,Thu,2025,2025-07,3390.355,3391.925,3389.985,1,3389.985,3391.925,3391.965,3389.535,1.9400000000000546,2.430000000000291,0.03999999999996362,0.45000000000027285,0.7983539094649474,1.5700000000001637,-0.36999999999989086,1.5700000000001637,-0.36999999999989086,True,True,1.3699999999998909,1.4109999999999607
2025-07-25,AEST,Fri,2025,2025-07,3368.335,3369.145,3368.765,1,3369.145,3368.765,3370.145,3368.145,0.38000000000010914,2.0,1.0,0.6199999999998909,0.19000000000005457,0.4299999999998363,0.8099999999999454,0.8099999999999454,0.4299999999998363,False,True,0.930000000000291,1.4611428571429315
2025-07-28,AEST,Mon,2025,2025-07,3332.098,3334.595,3333.395,1,3333.395,3334.595,3335.775,3333.325,1.199999999999818,2.450000000000273,1.180000000000291,0.07000000000016371,0.48979591836721814,2.4969999999998436,1.2970000000000255,2.4969999999998436,1.2970000000000255,False,False,1.7669999999998254,2.846428571428565
2025-07-29,AEST,Tue,2025,2025-07,3313.235,3313.695,3312.385,1,3312.385,3313.695,3315.615,3311.135,1.3099999999999454,4.479999999999563,1.919999999999618,1.25,0.2924107142857306,0.4600000000000364,-0.849999999999909,0.4600000000000364,-0.849999999999909,True,True,1.1399999999998727,1.4997142857142276
2025-07-30,AEST,Wed,2025,2025-07,3326.595,3329.835,3327.175,1,3327.175,3329.835,3329.855,3326.985,2.6599999999998545,2.869999999999891,0.01999999999998181,0.19000000000005457,0.9268292682926674,3.2400000000002365,0.580000000000382,3.2400000000002365,0.580000000000382,False,False,0.9600000000000364,0.9675714285713833
2025-07-31,AEST,Thu,2025,2025-07,3281.945,3287.198,3285.045,1,3285.045,3287.198,3287.965,3284.185,2.1529999999997926,3.7800000000002,0.7670000000002801,0.8600000000001273,0.5695767195766346,5.252999999999702,3.099999999999909,5.252999999999702,3.099999999999909,False,False,1.8400000000001455,1.655714285714274
2025-08-01,AEST,Fri,2025,2025-08,3290.355,3288.375,3287.585,-1,3288.375,3287.585,3288.998,3287.098,0.7899999999999636,1.900000000000091,0.6230000000000473,0.48700000000008004,0.41578947368417146,-2.769999999999982,-1.9800000000000182,-1.9800000000000182,-2.769999999999982,False,False,1.1900000000000546,1.7272857142857643
2025-08-04,AEST,Mon,2025,2025-08,3360.045,3361.785,3357.365,-1,3361.785,3357.365,3362.125,3355.848,4.420000000000073,6.277000000000044,0.3400000000001455,1.5169999999998254,0.7041580372789616,-2.680000000000291,1.7399999999997817,1.7399999999997817,-2.680000000000291,True,True,1.75,2.009357142857133
2025-08-05,AEST,Tue,2025,2025-08,3377.935,3378.598,3377.198,1,3377.198,3378.598,3378.698,3376.865,1.400000000000091,1.8330000000000837,0.09999999999990905,0.3330000000000837,0.763775231860353,0.6630000000000109,-0.73700000000008,0.6630000000000109,-0.73700000000008,True,True,0.9499999999998181,1.3922857142856628
2025-08-06,AEST,Wed,2025,2025-08,3382.048,3383.005,3382.998,1,3383.005,3382.998,3383.498,3381.955,0.007000000000061846,1.54300000000012,0.49299999999993815,1.04300000000012,0.004536616979948996,0.9500000000002728,0.9570000000003347,0.9570000000003347,0.9500000000002728,False,True,1.199999999999818,1.143214285714261
2025-08-07,AEST,Thu,2025,2025-08,3370.175,3369.935,3367.048,-1,3369.935,3367.048,3370.055,3364.895,2.887000000000171,5.1599999999998545,0.11999999999989086,2.1529999999997926,0.5594961240310566,-3.1270000000004075,-0.24000000000023647,-0.24000000000023647,-3.1270000000004075,False,False,1.8800000000001091,1.9221428571427819
2025-08-08,AEST,Fri,2025,2025-08,3400.069,3400.119,3399.039,-1,3400.119,3399.039,3402.159,3396.839,1.0799999999999272,5.320000000000164,2.0399999999999636,2.200000000000273,0.20300751879697257,-1.0299999999997453,0.0500000000001819,0.0500000000001819,-1.0299999999997453,True,True,2.199999999999818,4.4628571428571115
2025-08-11,AEST,Mon,2025,2025-08,3393.448,3391.275,3388.298,-1,3391.275,3388.298,3391.405,3387.298,2.9770000000003165,4.107000000000426,0.13000000000010914,1.0,0.7248599951302673,-5.150000000000091,-2.1729999999997744,-2.1729999999997744,-5.150000000000091,False,False,2.3330000000000837,2.160571428571367
2025-08-12,AEST,Tue,2025,2025-08,3349.075,3348.848,3348.848,-1,3348.848,3348.848,3349.448,3347.248,0.0,2.199999999999818,0.599999999999909,1.599999999999909,0.0,-0.22699999999986176,-0.22699999999986176,-0.22699999999986176,-0.22699999999986176,False,True,0.8369999999999891,1.560142857142799
2025-08-13,AEST,Wed,2025,2025-08,3350.595,3350.435,3349.168,-1,3350.435,3349.168,3350.575,3348.545,1.2669999999998254,2.0299999999997453,0.13999999999987267,0.6230000000000473,0.624137931034475,-1.4269999999996799,-0.15999999999985448,-0.15999999999985448,-1.4269999999996799,False,False,0.8999999999996362,1.0897142857142106
2025-08-14,AEST,Thu,2025,2025-08,3362.535,3365.265,3362.565,1,3362.565,3365.265,3365.445,3362.525,2.699999999999818,2.9200000000000728,0.18000000000029104,0.03999999999996362,0.92465753424649,2.730000000000018,0.03000000000020009,2.730000000000018,0.03000000000020009,False,True,1.3100000000004002,1.324285714285809
2025-08-15,AEST,Fri,2025,2025-08,3336.005,3335.245,3332.648,-1,3335.245,3332.648,3335.665,3332.155,2.5969999999997526,3.5099999999997635,0.42000000000007276,0.49299999999993815,0.7398860398860192,-3.356999999999971,-0.7600000000002183,-0.7600000000002183,-3.356999999999971,False,False,1.6969999999996617,1.1883571428569926
2025-08-18,AEST,Mon,2025,2025-08,3327.475,3328.545,3326.945,1,3326.945,3328.545,3329.035,3326.625,1.599999999999909,2.4099999999998545,0.4899999999997817,0.3200000000001637,0.6639004149377616,1.0700000000001637,-0.5299999999997453,1.0700000000001637,-0.5299999999997453,True,True,2.0300000000002,2.305928571428467
2025-08-19,AEST,Tue,2025,2025-08,3331.485,3330.725,3328.925,-1,3330.725,3328.925,3330.755,3325.885,1.7999999999997272,4.869999999999891,0.03000000000020009,3.0399999999999636,0.3696098562627859,-2.5599999999999454,-0.7600000000002183,-0.7600000000002183,-2.5599999999999454,False,False,1.2100000000000364,1.374142857142845
2025-08-20,AEST,Wed,2025,2025-08,3314.915,3313.935,3313.615,-1,3313.935,3313.615,3315.405,3313.245,0.3200000000001637,2.1600000000003092,1.4700000000002547,0.36999999999989086,0.14814814814820274,-1.300000000000182,-0.9800000000000182,-0.9800000000000182,-1.300000000000182,False,True,2.2899999999999636,1.1604999999999888
2025-08-21,AEST,Thu,2025,2025-08,3346.395,3346.735,3345.148,-1,3346.735,3345.148,3346.735,3344.785,1.586999999999989,1.9500000000002728,0.0,0.36300000000028376,0.8138461538460344,-1.2469999999998436,0.3400000000001455,0.3400000000001455,-1.2469999999998436,True,True,1.4169999999999163,1.0974285714285412
2025-08-22,AEST,Fri,2025,2025-08,3338.835,3338.145,3336.848,-1,3338.145,3336.848,3338.248,3336.848,1.2970000000000255,1.400000000000091,0.10300000000006548,0.0,0.9264285714285294,-1.98700000000008,-0.6900000000000546,-0.6900000000000546,-1.98700000000008,False,False,1.1300000000001091,0.85407142857142
2025-08-25,AEST,Mon,2025,2025-08,3369.045,3368.845,3365.848,-1,3368.845,3365.848,3369.415,3365.685,2.9969999999998436,3.730000000000018,0.5700000000001637,0.16300000000001091,0.8034852546916431,-3.1970000000001164,-0.20000000000027285,-0.20000000000027285,-3.1970000000001164,False,True,2.0700000000001637,1.3835714285714533
2025-08-26,AEST,Tue,2025,2025-08,3352.648,3356.648,3354.725,1,3354.725,3356.648,3358.055,3351.175,1.9230000000002292,6.879999999999654,1.406999999999698,3.549999999999727,0.27950581395353574,4.0,2.076999999999771,4.0,2.076999999999771,False,True,2.0399999999999636,2.619928571428545
2025-08-27,AEST,Wed,2025,2025-08,3390.965,3390.765,3390.575,-1,3390.575,3390.765,3391.795,3389.505,0.19000000000005457,2.2899999999999636,1.0300000000002,1.069999999999709,0.08296943231443563,-0.20000000000027285,-0.3900000000003274,-0.20000000000027285,-0.3900000000003274,False,True,1.4700000000002547,1.1164285714286442
2025-08-28,AEST,Thu,2025,2025-08,3395.605,3396.195,3395.485,1,3395.485,3396.195,3396.495,3395.335,0.7100000000000364,1.1599999999998545,0.29999999999972715,0.15000000000009095,0.6120689655173496,0.5900000000001455,-0.11999999999989086,0.5900000000001455,-0.11999999999989086,True,True,1.3999999999996362,1.36257142857143
2025-08-29,AEST,Fri,2025,2025-08,3414.978,3416.048,3414.508,1,3414.508,3416.048,3416.148,3414.385,1.5399999999999636,1.76299999999992,0.1000000000003638,0.12299999999959255,0.8735110606920213,1.069999999999709,-0.47000000000025466,1.069999999999709,-0.47000000000025466,True,True,0.8800000000001091,0.6806428571428569
2025-09-01,AEST,Mon,2025,2025-09,3446.398,3447.685,3444.198,-1,3447.685,3444.198,3447.685,3443.948,3.48700000000008,3.73700000000008,0.0,0.25,0.9331014182499345,-2.200000000000273,1.2869999999998072,1.2869999999998072,-2.200000000000273,True,True,3.7330000000001746,1.5946428571428442
2025-09-02,AEST,Tue,2025,2025-09,3480.455,3480.955,3478.915,1,3478.915,3480.955,3482.355,3477.965,2.0399999999999636,4.389999999999873,1.400000000000091,0.9499999999998181,0.46469248291572274,0.5,-1.5399999999999636,0.5,-1.5399999999999636,True,True,1.1900000000000546,2.1150000000000415
2025-09-03,AEST,Wed,2025,2025-09,3528.455,3529.698,3528.048,-1,3529.698,3528.048,3530.048,3527.748,1.650000000000091,2.299999999999727,0.34999999999990905,0.29999999999972715,0.7173913043479507,-0.4070000000001528,1.2429999999999382,1.2429999999999382,-0.4070000000001528,True,True,4.570000000000164,1.9873571428571333
2025-09-04,AEST,Thu,2025,2025-09,3557.625,3560.215,3558.848,1,3560.215,3558.848,3560.848,3556.675,1.3670000000001892,4.1729999999997744,0.6329999999998108,2.1729999999997744,0.32758207524568966,1.2229999999999563,2.5900000000001455,2.5900000000001455,1.2229999999999563,False,True,1.3600000000001273,2.8703571428571064
2025-09-05,AEST,Fri,2025,2025-09,3552.348,3554.455,3552.395,1,3552.395,3554.455,3556.355,3552.355,2.0599999999999454,4.0,1.900000000000091,0.03999999999996362,0.5149999999999864,2.106999999999971,0.047000000000025466,2.106999999999971,0.047000000000025466,False,False,1.8699999999998909,2.6512857142856774
2025-09-08,AEST,Mon,2025,2025-09,3591.548,3590.798,3587.505,-1,3590.798,3587.505,3591.048,3587.448,3.2929999999996653,3.599999999999909,0.25,0.057000000000243745,0.9147222222221524,-4.042999999999665,-0.75,-0.75,-4.042999999999665,False,False,2.3270000000002256,2.465642857142874
2025-09-09,AEST,Tue,2025,2025-09,3631.985,3634.695,3634.615,1,3634.695,3634.615,3636.565,3633.835,0.08000000000038199,2.730000000000018,1.8699999999998909,0.7799999999997453,0.029304029304169033,2.6299999999996544,2.7100000000000364,2.7100000000000364,2.6299999999996544,False,False,3.600000000000364,1.8559285714285514
2025-09-10,AEST,Wed,2025,2025-09,3636.305,3633.385,3631.205,-1,3633.385,3631.205,3634.185,3631.175,2.180000000000291,3.0099999999997635,0.7999999999997272,0.02999999999974534,0.7242524916945058,-5.099999999999909,-2.919999999999618,-2.919999999999618,-5.099999999999909,False,False,2.5799999999999272,2.504285714285678
2025-09-11,AEST,Thu,2025,2025-09,3643.975,3645.648,3644.705,1,3644.705,3645.648,3646.105,3644.575,0.943000000000211,1.5300000000002,0.45699999999987995,0.13000000000010914,0.6163398692811031,1.6730000000002292,0.7300000000000182,1.6730000000002292,0.7300000000000182,False,False,1.4299999999998363,1.6195000000000164
2025-09-12,AEST,Fri,2025,2025-09,3632.735,3633.625,3631.575,1,3631.575,3633.625,3633.655,3631.405,2.050000000000182,2.25,0.03000000000020009,0.169999999999618,0.9111111111111919,0.8899999999998727,-1.1600000000003092,0.8899999999998727,-1.1600000000003092,True,True,1.319999999999709,1.3621428571428364
2025-09-15,AEST,Mon,2025,2025-09,3637.545,3637.955,3635.845,-1,3637.955,3635.845,3639.015,3634.555,2.1100000000001273,4.460000000000036,1.0599999999999454,1.2899999999999636,0.4730941704036121,-1.7000000000002728,0.4099999999998545,0.4099999999998545,-1.7000000000002728,True,True,0.7000000000002728,1.4833571428571628
2025-09-16,AEST,Tue,2025,2025-09,3677.398,3676.698,3676.598,-1,3676.598,3676.698,3678.998,3676.148,0.09999999999990905,2.849999999999909,2.300000000000182,0.4499999999998181,0.035087719298214824,-0.7000000000002728,-0.8000000000001819,-0.7000000000002728,-0.8000000000001819,False,True,1.393000000000029,1.1984999999999022
2025-09-17,AEST,Wed,2025,2025-09,3692.645,3694.065,3693.095,1,3694.065,3693.095,3695.085,3692.925,0.9700000000002547,2.1599999999998545,1.0199999999999818,0.169999999999618,0.44907407407422223,0.4499999999998181,1.4200000000000728,1.4200000000000728,0.4499999999998181,False,False,2.1200000000003456,1.241500000000055
2025-09-18,AEST,Thu,2025,2025-09,3669.548,3668.835,3666.705,-1,3668.835,3666.705,3669.635,3664.565,2.130000000000109,5.070000000000164,0.8000000000001819,2.1399999999998727,0.42011834319527425,-2.842999999999847,-0.7129999999997381,-0.7129999999997381,-2.842999999999847,False,True,1.0,2.2453571428571064
2025-09-19,AEST,Fri,2025,2025-09,3638.275,3641.625,3639.985,1,3639.985,3641.625,3642.515,3639.875,1.6399999999998727,2.6399999999998727,0.8899999999998727,0.11000000000012733,0.6212121212121029,3.349999999999909,1.7100000000000364,3.349999999999909,1.7100000000000364,False,False,1.8099999999999454,1.4287857142857254
2025-09-22,AEST,Mon,2025,2025-09,3686.848,3686.995,3686.085,1,3686.085,3686.995,3688.035,3685.715,0.9099999999998545,2.319999999999709,1.0399999999999636,0.36999999999989086,0.3922413793103313,0.14699999999993452,-0.76299999999992,0.14699999999993452,-0.76299999999992,True,True,1.599999999999909,1.7507142857142688
2025-09-23,AEST,Tue,2025,2025-09,3748.648,3748.065,3747.598,-1,3747.598,3748.065,3748.748,3747.298,0.4670000000000982,1.4500000000002728,0.6829999999999927,0.3000000000001819,0.3220689655172485,-0.5830000000000837,-1.050000000000182,-0.5830000000000837,-1.050000000000182,False,True,2.349999999999909,2.1857142857143765
2025-09-24,AEST,Wed,2025,2025-09,3762.885,3763.505,3760.548,-1,3763.505,3760.548,3764.925,3760.495,2.9570000000003347,4.430000000000291,1.4200000000000728,0.052999999999883585,0.6674943566591739,-2.337000000000444,0.6199999999998909,0.6199999999998909,-2.337000000000444,True,True,1.5799999999999272,2.295642857142866
2025-09-25,AEST,Thu,2025,2025-09,3743.125,3745.675,3742.775,1,3742.775,3745.675,3745.675,3741.265,2.900000000000091,4.410000000000309,0.0,1.5100000000002183,0.6575963718820607,2.550000000000182,-0.34999999999990905,2.550000000000182,-0.34999999999990905,True,True,3.0300000000002,1.97764285714285
2025-09-26,AEST,Fri,2025,2025-09,3744.405,3746.965,3744.445,1,3744.445,3746.965,3748.865,3744.385,2.519999999999982,4.479999999999563,1.8999999999996362,0.05999999999994543,0.5625000000000507,2.5599999999999454,0.03999999999996362,2.5599999999999454,0.03999999999996362,False,True,1.8799999999996544,2.8993571428571028
2025-09-29,AEST,Mon,2025,2025-09,3770.385,3769.298,3766.648,-1,3766.648,3769.298,3769.398,3763.665,2.649999999999636,5.733000000000175,0.1000000000003638,2.9830000000001746,0.46223617652181326,-1.0870000000004438,-3.73700000000008,-1.0870000000004438,-3.73700000000008,False,False,3.680000000000291,2.460214285714301
2025-09-30,AEST,Tue,2025,2025-09,3830.145,3835.485,3832.685,1,3832.685,3835.485,3835.515,3830.798,2.800000000000182,4.717000000000098,0.02999999999974534,1.887000000000171,0.5935976256095238,5.3400000000001455,2.5399999999999636,5.3400000000001455,2.5399999999999636,False,False,2.8330000000000837,1.881999999999932
2025-10-01,AEST,Wed,2025,2025-10,3862.185,3864.325,3862.775,1,3862.775,3864.325,3864.325,3862.245,1.5499999999997272,2.0799999999999272,0.0,0.5300000000002001,0.7451923076922026,2.1399999999998727,0.5900000000001455,2.1399999999998727,0.5900000000001455,False,False,1.8400000000001455,1.3980714285713864
2025-10-02,AEST,Thu,2025,2025-10,3862.125,3863.195,3862.165,1,3863.195,3862.165,3863.395,3860.605,1.0300000000002,2.7899999999999636,0.1999999999998181,1.5599999999999454,0.3691756272402199,0.03999999999996362,1.0700000000001637,1.0700000000001637,0.03999999999996362,False,True,2.8099999999999454,2.527928571428577
2025-10-03,AEST,Fri,2025,2025-10,3862.635,3862.105,3860.035,-1,3862.105,3860.035,3862.515,3859.875,2.0700000000001637,2.6399999999998727,0.4099999999998545,0.15999999999985448,0.7840909090910089,-2.600000000000364,-0.5300000000002001,-0.5300000000002001,-2.600000000000364,False,False,1.4029999999997926,1.4212142857142485
2025-10-06,AEDT,Mon,2025,2025-10,3893.885,3917.675,3899.228,1,3899.228,3917.675,3918.465,3897.535,18.447000000000116,20.93000000000029,0.7899999999999636,1.693000000000211,0.8813664596273225,23.789999999999964,5.342999999999847,23.789999999999964,5.342999999999847,False,False,2.1529999999997926,5.359666666666688
2025-10-07,AEDT,Tue,2025,2025-10,3961.325,3964.095,3962.948,1,3962.948,3964.095,3965.348,3961.948,1.1469999999999345,3.400000000000091,1.2530000000001564,1.0,0.3373529411764423,2.769999999999982,1.6230000000000473,2.769999999999982,1.6230000000000473,False,False,9.960000000000036,4.938785714285716
2025-10-08,AEDT,Wed,2025,2025-10,3987.068,3990.248,3989.248,1,3989.248,3990.248,3991.798,3989.248,1.0,2.549999999999727,1.5499999999997272,0.0,0.39215686274514,3.1799999999998363,2.1799999999998363,3.1799999999998363,2.1799999999998363,False,False,2.300000000000182,2.0680714285714266
2025-10-09,AEDT,Thu,2025,2025-10,4021.775,4021.048,4013.848,-1,4021.048,4013.848,4021.048,4011.848,7.199999999999818,9.199999999999818,0.0,2.0,0.7826086956521696,-7.927000000000135,-0.7270000000003165,-0.7270000000003165,-7.927000000000135,False,False,1.650000000000091,5.734071428571399
2025-10-10,AEDT,Fri,2025,2025-10,3976.795,3975.108,3974.848,-1,3974.848,3975.108,3978.238,3974.655,0.2600000000002183,3.582999999999629,3.1299999999996544,0.19299999999975626,0.07256488975725515,-1.6869999999998981,-1.9470000000001164,-1.6869999999998981,-1.9470000000001164,False,True,3.6099999999996726,5.232714285714272
2025-10-13,AEDT,Mon,2025,2025-10,4036.248,4049.975,4041.879,1,4041.879,4049.975,4050.648,4040.475,8.096000000000004,10.17300000000023,0.6730000000002292,1.4039999999999964,0.7958321045905653,13.726999999999862,5.630999999999858,13.726999999999862,5.630999999999858,False,False,2.6469999999999345,8.595499999999978
2025-10-14,AEDT,Tue,2025,2025-10,4111.515,4114.648,4114.275,1,4114.275,4114.648,4116.048,4112.748,0.37300000000050204,3.300000000000182,1.3999999999996362,1.5270000000000437,0.11303030303044893,3.132999999999811,2.759999999999309,3.132999999999811,2.759999999999309,False,False,2.882999999999811,2.9307857142856455
2025-10-15,AEDT,Wed,2025,2025-10,4160.695,4158.448,4158.209,-1,4158.209,4158.448,4159.798,4156.675,0.2390000000004875,3.1229999999995925,1.3499999999994543,1.5339999999996508,0.0765289785464357,-2.246999999999389,-2.4859999999998763,-2.246999999999389,-2.4859999999998763,False,False,2.880000000000109,5.3704285714284845
2025-10-16,AEDT,Thu,2025,2025-10,4212.325,4212.809,4211.298,-1,4212.809,4211.298,4215.448,4211.098,1.511000000000422,4.350000000000364,2.6390000000001237,0.1999999999998181,0.34735632183914844,-1.0270000000000437,0.48400000000037835,0.48400000000037835,-1.0270000000000437,True,True,2.25,4.342142857142919
2025-10-17,AEDT,Fri,2025,2025-10,4357.235,4349.048,4346.315,-1,4346.315,4349.048,4349.448,4340.908,2.7330000000001746,8.539999999999964,0.4000000000005457,5.406999999999243,0.32002341920376887,-8.186999999999898,-10.920000000000073,-8.186999999999898,-10.920000000000073,False,False,13.757000000000517,12.774499999999923
2025-10-20,AEDT,Mon,2025,2025-10,4261.605,4254.908,4253.918,-1,4254.908,4253.918,4255.535,4251.245,0.9900000000006912,4.289999999999964,0.626999999999498,2.6729999999997744,0.23076923076939385,-7.686999999999898,-6.696999999999207,-6.696999999999207,-7.686999999999898,False,False,7.600000000000364,8.687833333333325
2025-10-21,AEDT,Tue,2025,2025-10,4367.648,4371.098,4367.098,1,4367.098,4371.098,4371.098,4365.598,4.0,5.5,0.0,1.5,0.7272727272727273,3.449999999999818,-0.5500000000001819,3.449999999999818,-0.5500000000001819,True,True,4.449999999999818,7.070000000000034
2025-10-22,AEDT,Wed,2025,2025-10,4124.285,4122.565,4119.185,-1,4122.565,4119.185,4125.298,4117.548,3.3799999999991996,7.75,2.7330000000001746,1.6370000000006257,0.43612903225796124,-5.099999999999454,-1.7200000000002547,-1.7200000000002547,-5.099999999999454,False,True,2.7399999999997817,5.976642857142646
2025-10-23,AEDT,Thu,2025,2025-10,4094.408,4101.578,4101.138,1,4101.578,4101.138,4104.278,4099.098,0.4400000000005093,5.180000000000291,2.699999999999818,2.0399999999999636,0.08494208494217849,6.730000000000018,7.1700000000005275,7.1700000000005275,6.730000000000018,False,False,9.227000000000317,8.447428571428645
2025-10-24,AEDT,Fri,2025,2025-10,4116.535,4118.108,4115.698,1,4115.698,4118.108,4119.275,4115.498,2.4099999999998545,3.7770000000000437,1.1669999999994616,0.2000000000007276,0.6380725443473197,1.5730000000003201,-0.8369999999995343,1.5730000000003201,-0.8369999999995343,True,True,2.2100000000000364,5.254785714285715
2025-10-27,AEDT,Mon,2025,2025-10,4077.825,4082.148,4081.188,1,4081.188,4082.148,4087.848,4078.328,0.9600000000000364,9.519999999999982,5.699999999999818,2.8600000000001273,0.1008403361344578,4.32300000000032,3.3630000000002838,4.32300000000032,3.3630000000002838,False,False,7.769999999999982,11.173833333333278
2025-10-28,AEDT,Tue,2025,2025-10,3989.668,3989.568,3986.638,-1,3989.568,3986.638,3991.288,3986.428,2.930000000000291,4.860000000000127,1.7199999999998,0.21000000000003638,0.602880658436258,-3.0300000000002,-0.09999999999990905,-0.09999999999990905,-3.0300000000002,False,True,1.5100000000002183,5.193499999999956
2025-10-29,AEDT,Wed,2025,2025-10,3938.995,3941.848,3933.135,1,3933.135,3941.848,3942.048,3933.135,8.712999999999738,8.912999999999556,0.1999999999998181,0.0,0.9775608661505859,2.8530000000000655,-5.859999999999673,2.8530000000000655,-5.859999999999673,True,True,6.8400000000001455,10.291499999999976
2025-10-30,AEDT,Thu,2025,2025-10,3946.005,3941.838,3940.698,-1,3940.698,3941.838,3942.608,3938.948,1.1400000000003274,3.6600000000003092,0.7699999999999818,1.75,0.3114754098361287,-4.166999999999916,-5.307000000000244,-4.166999999999916,-5.307000000000244,False,False,4.04300000000012,8.057357142857168
2025-10-31,AEDT,Fri,2025,2025-10,4028.365,4037.448,4031.768,1,4037.448,4031.768,4038.148,4029.748,5.679999999999836,8.400000000000091,0.7000000000002728,2.019999999999982,0.6761904761904494,3.4030000000002474,9.083000000000084,9.083000000000084,3.4030000000002474,False,False,12.209999999999582,5.563785714285619
2026-03-09,AEDT,Mon,2026,2026-03,5106.315,5129.448,5116.928,1,5129.448,5116.928,5134.518,5108.038,12.520000000000437,26.480000000000473,5.069999999999709,8.890000000000327,0.47280966767372407,10.613000000000284,23.13300000000072,23.13300000000072,10.613000000000284,False,False,20.970000000000255,24.8734166666668
2026-03-10,AEDT,Tue,2026,2026-03,5141.705,5152.498,5141.838,1,5152.498,5141.838,5154.148,5138.798,10.659999999999854,15.350000000000364,1.6500000000005457,3.0399999999999636,0.6944625407165864,0.13299999999981083,10.792999999999665,10.792999999999665,0.13299999999981083,False,True,5.130000000000109,10.691642857142922
2026-03-11,AEDT,Wed,2026,2026-03,5189.905,5189.918,5188.598,1,5188.598,5189.918,5192.278,5187.918,1.319999999999709,4.360000000000582,2.360000000000582,0.680000000000291,0.3027522935778745,0.012999999999919964,-1.306999999999789,0.012999999999919964,-1.306999999999789,True,True,8.079999999999927,6.943500000000118
2026-03-12,AEDT,Thu,2026,2026-03,5167.915,5146.848,5138.075,-1,5138.075,5146.848,5148.638,5133.645,8.773000000000138,14.992999999999483,1.7899999999999636,4.4299999999993815,0.5851397318749043,-21.067000000000007,-29.840000000000146,-21.067000000000007,-29.840000000000146,False,False,13.94000000000051,9.305285714285544
2026-03-13,AEDT,Fri,2026,2026-03,5087.945,5094.585,5092.158,1,5094.585,5092.158,5095.498,5088.365,2.42699999999968,7.132999999999811,0.9129999999995562,3.793000000000575,0.3402495443711964,4.213000000000648,6.640000000000327,6.640000000000327,4.213000000000648,False,False,4.520000000000437,6.35549999999986
2026-03-16,AEDT,Mon,2026,2026-03,5020.725,5024.205,5005.448,-1,5024.205,5005.448,5025.748,5005.448,18.756999999999607,20.299999999999272,1.5429999999996653,0.0,0.923990147783265,-15.277000000000044,3.4799999999995634,3.4799999999995634,-15.277000000000044,True,True,5.800000000000182,9.960833333333161
2026-03-17,AEDT,Tue,2026,2026-03,5005.315,5004.578,5001.465,-1,5001.465,5004.578,5005.618,5001.335,3.1130000000002838,4.2830000000003565,1.0399999999999636,0.13000000000010914,0.7268269904272764,-0.7369999999991705,-3.8499999999994543,-0.7369999999991705,-3.8499999999994543,False,True,2.7200000000002547,5.582142857142766
2026-03-18,AEDT,Wed,2026,2026-03,4999.805,5000.998,4999.035,1,4999.035,5000.998,5001.698,4998.498,1.962999999999738,3.2000000000007276,0.7000000000007276,0.5370000000002619,0.6134374999997787,1.1929999999993015,-0.7700000000004366,1.1929999999993015,-0.7700000000004366,True,True,5.039999999999964,4.2267142857142845
2026-03-19,AEDT,Thu,2026,2026-03,4833.385,4833.845,4833.088,-1,4833.845,4833.088,4836.548,4827.685,0.7570000000005166,8.862999999999374,2.70299999999952,5.402999999999338,0.08541126029567528,-0.2970000000004802,0.4600000000000364,0.4600000000000364,-0.2970000000004802,True,True,8.960000000000036,10.700499999999986
2026-03-20,AEDT,Fri,2026,2026-03,4645.745,4643.175,4635.565,-1,4635.565,4643.175,4647.208,4635.555,7.610000000000582,11.652999999999338,4.032999999999447,0.009999999999308784,0.6530507165537642,-2.569999999999709,-10.180000000000291,-2.569999999999709,-10.180000000000291,False,True,7.760000000000218,10.470714285714232
2026-03-23,AEDT,Mon,2026,2026-03,4506.115,4498.598,4497.375,-1,4497.375,4498.598,4509.858,4493.258,1.2229999999999563,16.600000000000364,11.260000000000218,4.117000000000189,0.07367469879517648,-7.516999999999825,-8.739999999999782,-7.516999999999825,-8.739999999999782,False,True,5.729999999999563,17.71866666666665
2026-03-24,AEDT,Tue,2026,2026-03,4412.505,4425.798,4424.509,1,4424.509,4425.798,4428.998,4422.798,1.28899999999976,6.199999999999818,3.199999999999818,1.71100000000024,0.20790322580641898,13.292999999999665,12.003999999999905,13.292999999999665,12.003999999999905,False,False,19.00999999999931,15.597928571428513
2026-03-25,AEDT,Wed,2026,2026-03,4475.575,4483.778,4474.118,-1,4483.778,4474.118,4484.498,4471.958,9.659999999999854,12.539999999999964,0.7199999999993452,2.160000000000764,0.7703349282296557,-1.4569999999994252,8.20300000000043,8.20300000000043,-1.4569999999994252,True,True,7.140000000000327,10.29092857142866
2026-03-26,AEDT,Thu,2026,2026-03,4518.095,4517.138,4503.878,-1,4517.138,4503.878,4517.518,4503.075,13.260000000000218,14.443000000000211,0.38000000000010914,0.8029999999998836,0.9180918091809198,-14.217000000000553,-0.9570000000003347,-0.9570000000003347,-14.217000000000553,False,False,9.42700000000059,11.918357142857205
2026-03-27,AEDT,Fri,2026,2026-03,4407.815,4410.498,4401.598,-1,4410.498,4401.598,4413.598,4401.198,8.899999999999636,12.399999999999636,3.100000000000364,0.3999999999996362,0.7177419354838627,-6.2169999999996435,2.6829999999999927,2.6829999999999927,-6.2169999999996435,True,True,12.041999999999462,12.097714285714378
2026-03-30,AEDT,Mon,2026,2026-03,4489.305,4487.848,4483.998,-1,4483.998,4487.848,4491.898,4480.305,3.850000000000364,11.592999999999847,4.050000000000182,3.6929999999993015,0.3320969550591231,-1.4570000000003347,-5.3070000000006985,-1.4570000000003347,-5.3070000000006985,False,True,8.706999999999425,15.583833333333283
2026-03-31,AEDT,Tue,2026,2026-03,4511.955,4510.148,4501.668,-1,4510.148,4501.668,4510.148,4497.978,8.480000000000473,12.170000000000073,0.0,3.6899999999996,0.6967953985209878,-10.287000000000262,-1.806999999999789,-1.806999999999789,-10.287000000000262,False,False,2.139999999999418,6.497857142856966
2026-04-01,AEDT,Wed,2026,2026-04,4670.885,4680.578,4676.188,1,4680.578,4676.188,4681.748,4675.098,4.390000000000327,6.649999999999636,1.1699999999991633,1.0900000000001455,0.660150375939935,5.302999999999884,9.693000000000211,9.693000000000211,5.302999999999884,False,False,10.850000000000364,13.351571428571399
2026-04-02,AEDT,Thu,2026,2026-04,4780.075,4778.078,4776.118,-1,4776.118,4778.078,4778.338,4772.875,1.9600000000000364,5.462999999999738,0.2599999999993088,3.243000000000393,0.3587772286289823,-1.9969999999993888,-3.956999999999425,-1.9969999999993888,-3.956999999999425,False,False,7.789999999999964,7.140357142857218
2026-04-06,AEST,Mon,2026,2026-04,4613.035,4622.655,4610.078,1,4610.078,4622.655,4623.305,4606.535,12.576999999999316,16.770000000000437,0.6500000000005457,3.543000000000575,0.7499701848538455,9.61999999999989,-2.956999999999425,9.61999999999989,-2.956999999999425,True,True,6.869999999999891,10.860214285714457
2026-04-07,AEST,Tue,2026,2026-04,4656.075,4659.155,4654.705,-1,4659.155,4654.705,4659.155,4648.845,4.449999999999818,10.30999999999949,0.0,5.859999999999673,0.43161978661494066,-1.3699999999998909,3.0799999999999272,3.0799999999999272,-1.3699999999998909,True,True,4.739999999999782,3.5399999999999636
2026-04-08,AEST,Wed,2026,2026-04,4811.815,4845.345,4832.958,1,4832.958,4845.345,4852.055,4830.198,12.387000000000626,21.85699999999997,6.710000000000036,2.759999999999309,0.5667291943084889,33.530000000000655,21.14300000000003,33.530000000000655,21.14300000000003,False,False,14.210000000000036,14.74828571428556
2026-04-09,AEST,Thu,2026,2026-04,4717.275,4715.375,4705.018,-1,4715.375,4705.018,4715.405,4702.958,10.356999999999971,12.447000000000116,0.02999999999974534,2.0600000000004,0.8320880533461777,-12.256999999999607,-1.8999999999996362,-1.8999999999996362,-12.256999999999607,False,False,5.199999999999818,6.0564285714286985
2026-04-10,AEST,Fri,2026,2026-04,4762.065,4763.485,4757.125,-1,4763.485,4757.125,4763.485,4753.305,6.359999999999673,10.179999999999382,0.0,3.819999999999709,0.6247544204322258,-4.9399999999996,1.4200000000000728,1.4200000000000728,-4.9399999999996,True,True,2.7100000000000364,4.102357142857143
2026-04-13,AEST,Mon,2026,2026-04,4659.755,4671.175,4668.245,1,4671.175,4668.245,4671.905,4664.325,2.930000000000291,7.579999999999927,0.7299999999995634,3.9200000000000728,0.38654353562009486,8.489999999999782,11.420000000000073,11.420000000000073,8.489999999999782,False,False,11.273000000000138,7.104000000000075
2026-04-14,AEST,Tue,2026,2026-04,4757.915,4757.405,4754.595,-1,4757.405,4754.595,4757.825,4751.285,2.8099999999994907,6.539999999999964,0.42000000000007276,3.3100000000004,0.42966360856261565,-3.319999999999709,-0.5100000000002183,-0.5100000000002183,-3.319999999999709,False,False,3.930000000000291,4.000142857142756
2026-04-15,AEST,Wed,2026,2026-04,4841.435,4838.155,4836.965,-1,4836.965,4838.155,4838.885,4832.555,1.1899999999995998,6.329999999999927,0.7300000000004729,4.4099999999998545,0.1879936808846151,-3.280000000000655,-4.470000000000255,-3.280000000000655,-4.470000000000255,False,False,4.457000000000335,4.501642857142932
2026-04-16,AEST,Thu,2026,2026-04,4824.575,4828.595,4822.995,1,4822.995,4828.595,4830.945,4822.995,5.600000000000364,7.949999999999818,2.3499999999994543,0.0,0.7044025157233323,4.020000000000437,-1.5799999999999272,4.020000000000437,-1.5799999999999272,True,True,3.4200000000000728,3.6047857142856237
2026-04-17,AEST,Fri,2026,2026-04,4793.845,4791.475,4788.055,-1,4791.475,4788.055,4791.475,4787.605,3.4200000000000728,3.8700000000008004,0.0,0.4500000000007276,0.8837209302323942,-5.789999999999964,-2.369999999999891,-2.369999999999891,-5.789999999999964,False,False,2.369999999999891,2.669071428571637
2026-04-20,AEST,Mon,2026,2026-04,4743.505,4754.995,4749.445,1,4754.995,4749.445,4754.995,4744.295,5.550000000000182,10.699999999999818,0.0,5.149999999999636,0.5186915887850726,5.9399999999996,11.489999999999782,11.489999999999782,5.9399999999996,False,False,8.95299999999952,8.495000000000086
2026-04-21,AEST,Tue,2026,2026-04,4820.885,4824.315,4821.795,1,4821.795,4824.315,4825.565,4820.045,2.519999999999527,5.519999999999527,1.25,1.75,0.45652173913038824,3.4299999999993815,0.9099999999998545,3.4299999999993815,0.9099999999998545,False,True,1.7899999999999636,2.8747857142857356
2026-04-22,AEST,Wed,2026,2026-04,4737.885,4742.895,4737.765,1,4737.765,4742.895,4745.285,4737.765,5.130000000000109,7.519999999999527,2.389999999999418,0.0,0.6821808510638872,5.010000000000218,-0.11999999999989086,5.010000000000218,-0.11999999999989086,True,True,3.8900000000003274,4.483357142857195
2026-04-23,AEST,Thu,2026,2026-04,4727.775,4727.505,4721.365,-1,4727.505,4721.365,4727.905,4719.998,6.140000000000327,7.907000000000153,0.3999999999996362,1.3670000000001892,0.7765271278614151,-6.4099999999998545,-0.26999999999952706,-0.26999999999952706,-6.4099999999998545,False,True,2.3799999999991996,3.4105000000001513
2026-04-24,AEST,Fri,2026,2026-04,4696.505,4695.025,4691.365,-1,4695.025,4691.365,4699.875,4690.495,3.6599999999998545,9.38000000000011,4.850000000000364,0.8699999999998909,0.3901918976545642,-5.140000000000327,-1.480000000000473,-1.480000000000473,-5.140000000000327,False,True,2.1299999999991996,4.1659285714285295
2026-04-27,AEST,Mon,2026,2026-04,4680.345,4679.715,4678.755,-1,4679.715,4678.755,4680.855,4674.865,0.9600000000000364,5.989999999999782,1.139999999999418,3.8900000000003274,0.16026711185310039,-1.5900000000001455,-0.6300000000001091,-0.6300000000001091,-1.5900000000001455,False,True,2.839999999999236,3.6416428571427395
2026-04-28,AEST,Tue,2026,2026-04,4694.345,4696.775,4691.855,1,4691.855,4696.775,4697.175,4691.445,4.920000000000073,5.730000000000473,0.4000000000005457,0.4099999999998545,0.8586387434554392,2.4299999999993815,-2.490000000000691,2.4299999999993815,-2.490000000000691,True,True,1.230000000000473,2.197857142857369
2026-04-29,AEST,Wed,2026,2026-04,4588.995,4606.315,4595.385,1,4595.385,4606.315,4606.515,4595.015,10.929999999999382,11.5,0.2000000000007276,0.36999999999989086,0.9504347826086419,17.31999999999971,6.390000000000327,17.31999999999971,6.390000000000327,False,False,3.25,3.3883571428572656
2026-04-30,AEST,Thu,2026,2026-04,4557.725,4561.325,4558.925,1,4561.325,4558.925,4568.315,4557.735,2.399999999999636,10.579999999999927,6.989999999999782,1.1900000000005093,0.22684310018900308,1.199999999999818,3.5999999999994543,3.5999999999994543,1.199999999999818,False,False,2.407000000000153,3.287071428571445
2026-05-01,AEST,Fri,2026,2026-05,4630.985,4627.595,4626.305,-1,4626.305,4627.595,4628.565,4623.035,1.2899999999999636,5.529999999999745,0.9699999999993452,3.2700000000004366,0.23327305605787035,-3.389999999999418,-4.6799999999993815,-3.389999999999418,-4.6799999999993815,False,False,2.2200000000002547,2.806428571428699
2026-05-04,AEST,Mon,2026,2026-05,4613.985,4613.578,4608.205,-1,4613.578,4608.205,4613.578,4604.155,5.373000000000502,9.423000000000684,0.0,4.050000000000182,0.5702005730659144,-5.779999999999745,-0.4069999999992433,-0.4069999999992433,-5.779999999999745,False,False,3.6200000000008004,4.386928571428598
2026-05-05,AEST,Tue,2026,2026-05,4519.985,4522.615,4518.825,1,4518.825,4522.615,4523.915,4517.385,3.7899999999999636,6.529999999999745,1.300000000000182,1.4399999999995998,0.5803981623277353,2.630000000000109,-1.1599999999998545,2.630000000000109,-1.1599999999998545,True,True,3.1099999999996726,2.5345000000000772
2026-05-06,AEST,Wed,2026,2026-05,4593.495,4595.395,4593.735,1,4593.735,4595.395,4597.705,4591.525,1.660000000000764,6.180000000000291,2.3099999999994907,2.2100000000000364,0.2686084142395932,1.9000000000005457,0.23999999999978172,1.9000000000005457,0.23999999999978172,False,True,3.0900000000001455,6.946428571428767
2026-05-07,AEST,Thu,2026,2026-05,4696.825,4698.695,4693.225,-1,4698.695,4693.225,4700.525,4692.585,5.469999999999345,7.9399999999996,1.8299999999999272,0.6400000000003274,0.6889168765742596,-3.5999999999994543,1.8699999999998909,1.8699999999998909,-3.5999999999994543,True,True,2.1099999999996726,3.336428571428379
2026-05-08,AEST,Fri,2026,2026-05,4700.485,4704.085,4702.815,1,4704.085,4702.815,4706.335,4701.455,1.2700000000004366,4.880000000000109,2.25,1.3599999999996726,0.2602459016394279,2.3299999999999272,3.600000000000364,3.600000000000364,2.3299999999999272,False,False,4.479999999999563,3.643357142856985
2026-05-11,AEST,Mon,2026,2026-05,4698.335,4691.395,4687.145,-1,4691.395,4687.145,4691.395,4681.875,4.25,9.520000000000437,0.0,5.270000000000437,0.44642857142855097,-11.1899999999996,-6.9399999999996,-6.9399999999996,-11.1899999999996,False,False,3.130000000000109,4.354999999999824
2026-05-12,AEST,Tue,2026,2026-05,4759.875,4767.215,4764.645,1,4767.215,4764.645,4767.215,4758.275,2.569999999999709,8.94000000000051,0.0,6.3700000000008,0.2874720357941345,4.770000000000437,7.3400000000001455,7.3400000000001455,4.770000000000437,False,True,10.159999999999854,5.087357142857139
2026-05-13,AEST,Wed,2026,2026-05,4715.785,4724.445,4716.905,1,4716.905,4724.445,4725.085,4714.558,7.539999999999964,10.527000000000044,0.6400000000003274,2.3469999999997526,0.7162534435261644,8.659999999999854,1.1199999999998909,8.659999999999854,1.1199999999998909,False,True,4.289999999999964,5.068142857142967
2026-05-14,AEST,Thu,2026,2026-05,4693.725,4696.395,4691.565,-1,4696.395,4691.565,4699.155,4689.225,4.830000000000837,9.929999999999382,2.759999999999309,2.339999999999236,0.4864048338369726,-2.160000000000764,2.6700000000000728,2.6700000000000728,-2.160000000000764,True,True,2.619999999999891,2.791214285714237
2026-05-15,AEST,Fri,2026,2026-05,4654.235,4651.935,4649.215,-1,4651.935,4649.215,4653.555,4642.405,2.7200000000002547,11.150000000000546,1.6199999999998909,6.8100000000004,0.24394618834081808,-5.019999999999527,-2.2999999999992724,-2.2999999999992724,-5.019999999999527,False,False,4.0900000000001455,5.447214285714186
2026-05-18,AEST,Mon,2026,2026-05,4537.865,4536.825,4530.725,-1,4536.825,4530.725,4542.315,4529.915,6.099999999999454,12.399999999999636,5.489999999999782,0.8100000000004002,0.49193548387093816,-7.139999999999418,-1.0399999999999636,-1.0399999999999636,-7.139999999999418,False,True,6.730000000000473,6.487642857142744
2026-05-19,AEST,Tue,2026,2026-05,4583.225,4582.005,4578.885,-1,4582.005,4578.885,4589.295,4578.178,3.119999999999891,11.11700000000019,7.289999999999964,0.7070000000003347,0.28065125483492287,-4.3400000000001455,-1.2200000000002547,-1.2200000000002547,-4.3400000000001455,False,True,1.5970000000006621,4.281000000000144
2026-05-20,AEST,Wed,2026,2026-05,4493.305,4489.075,4485.925,-1,4489.075,4485.925,4489.725,4482.335,3.149999999999636,7.390000000000327,0.6500000000005457,3.5900000000001455,0.42625169147489805,-7.380000000000109,-4.230000000000473,-4.230000000000473,-7.380000000000109,False,False,4.480000000000473,4.588571428571543
2026-05-21,AEST,Thu,2026,2026-05,4545.035,4546.198,4542.225,-1,4546.198,4542.225,4548.745,4539.955,3.9729999999999563,8.789999999999964,2.5469999999995707,2.2700000000004366,0.45199089874857484,-2.8099999999994907,1.1630000000004657,1.1630000000004657,-2.8099999999994907,True,True,2.519999999999527,3.824785714285684
2026-05-22,AEST,Fri,2026,2026-05,4535.595,4535.305,4531.695,-1,4535.305,4531.695,4536.735,4530.605,3.610000000000582,6.130000000000109,1.4299999999993815,1.0900000000001455,0.5889070146819768,-3.9000000000005457,-0.2899999999999636,-0.2899999999999636,-3.9000000000005457,False,True,4.239999999999782,3.2278571428571143
2026-05-25,AEST,Mon,2026,2026-05,4576.725,4568.655,4566.765,-1,4566.765,4568.655,4571.315,4565.905,1.889999999999418,5.4099999999998545,2.6599999999998545,0.8600000000005821,0.34935304990748034,-8.070000000000618,-9.960000000000036,-8.070000000000618,-9.960000000000036,False,False,2.8870000000006257,4.225285714285682
2026-05-26,AEST,Tue,2026,2026-05,4559.125,4559.555,4550.385,-1,4559.555,4550.385,4559.895,4548.875,9.170000000000073,11.020000000000437,0.3400000000001455,1.5100000000002183,0.8321234119781951,-8.739999999999782,0.43000000000029104,0.43000000000029104,-8.739999999999782,True,True,4.4099999999998545,5.29242857142851
2026-05-27,AEST,Wed,2026,2026-05,4520.855,4520.485,4519.228,-1,4519.228,4520.485,4525.645,4516.975,1.256999999999607,8.670000000000073,5.160000000000764,2.2529999999997017,0.14498269896189117,-0.36999999999989086,-1.626999999999498,-0.36999999999989086,-1.626999999999498,False,True,2.3700000000008004,5.098071428571465
2026-05-28,AEST,Thu,2026,2026-05,4448.215,4449.225,4446.955,1,4446.955,4449.225,4452.285,4445.155,2.2700000000004366,7.130000000000109,3.0599999999994907,1.800000000000182,0.3183730715288081,1.0100000000002183,-1.2600000000002183,1.0100000000002183,-1.2600000000002183,True,True,5.260000000000218,3.8797857142857146
2026-05-29,AEST,Fri,2026,2026-05,4490.075,4494.795,4494.635,1,4494.795,4494.635,4497.895,4492.125,0.15999999999985448,5.770000000000437,3.100000000000364,2.5100000000002183,0.027729636048499547,4.5600000000004,4.720000000000255,4.720000000000255,4.5600000000004,False,False,4.109999999999673,3.0987142857142578
2026-06-01,AEST,Mon,2026,2026-06,4540.705,4544.575,4539.295,1,4539.295,4544.575,4545.695,4537.168,5.279999999999745,8.527000000000044,1.1199999999998909,2.1270000000004075,0.6192095696024063,3.869999999999891,-1.4099999999998545,3.869999999999891,-1.4099999999998545,True,True,4.569999999999709,4.158571428571382
2026-06-02,AEST,Tue,2026,2026-06,4480.615,4484.455,4484.285,1,4484.455,4484.285,4484.985,4481.155,0.17000000000007276,3.8299999999999272,0.5299999999997453,3.130000000000109,0.044386422976521143,3.6700000000000728,3.8400000000001455,3.8400000000001455,3.6700000000000728,False,False,4.150000000000546,3.1009285714285397
2026-06-03,AEST,Wed,2026,2026-06,4471.225,4478.555,4474.095,1,4474.095,4478.555,4479.095,4473.495,4.460000000000036,5.600000000000364,0.5399999999999636,0.6000000000003638,0.7964285714285262,7.329999999999927,2.869999999999891,7.329999999999927,2.869999999999891,False,False,3.6400000000003274,6.397642857142793
2026-06-04,AEST,Thu,2026,2026-06,4458.955,4459.815,4457.215,1,4457.215,4459.815,4465.165,4454.745,2.5999999999994543,10.420000000000073,5.350000000000364,2.4700000000002547,0.24952015355080961,0.8599999999996726,-1.7399999999997817,0.8599999999996726,-1.7399999999997817,True,True,3.7399999999997817,5.79335714285727
2026-06-05,AEST,Fri,2026,2026-06,4463.778,4461.945,4461.405,-1,4461.405,4461.945,4463.875,4459.095,0.5399999999999636,4.779999999999745,1.930000000000291,2.3099999999994907,0.11297071129706954,-1.8330000000005384,-2.373000000000502,-1.8330000000005384,-2.373000000000502,False,True,3.0299999999997453,4.343357142857128
2026-06-08,AEST,Mon,2026,2026-06,4341.865,4344.585,4343.835,1,4343.835,4344.585,4346.725,4340.495,0.75,6.230000000000473,2.1400000000003274,3.3400000000001455,0.12038523274477417,2.7200000000002547,1.9700000000002547,2.7200000000002547,1.9700000000002547,False,True,4.496999999999389,5.711928571428481
2026-06-09,AEST,Tue,2026,2026-06,4313.465,4317.575,4317.155,1,4317.575,4317.155,4319.385,4315.065,0.42000000000007276,4.3200000000006185,1.8100000000004002,2.0900000000001455,0.09722222222222515,3.6899999999996,4.109999999999673,4.109999999999673,3.6899999999996,False,False,6.3400000000001455,3.6350714285714014
2026-06-10,AEST,Wed,2026,2026-06,4213.125,4221.805,4220.265,1,4221.805,4220.265,4223.615,4218.075,1.5399999999999636,5.539999999999964,1.8099999999994907,2.1900000000005093,0.27797833935017574,7.140000000000327,8.680000000000291,8.680000000000291,7.140000000000327,False,False,10.780000000000655,7.279785714285806
2026-06-11,AEST,Thu,2026,2026-06,4049.875,4047.105,4043.445,-1,4047.105,4043.445,4059.235,4040.825,3.6599999999998545,18.41000000000031,12.13000000000011,2.6200000000003456,0.1988049972840735,-6.429999999999836,-2.769999999999982,-2.769999999999982,-6.429999999999836,False,True,3.230000000000018,11.480499999999925
2026-06-12,AEST,Fri,2026,2026-06,4219.135,4219.558,4218.905,-1,4219.558,4218.905,4222.115,4212.335,0.6530000000002474,9.779999999999745,2.556999999999789,6.569999999999709,0.06676891615544625,-0.23000000000047294,0.42299999999977445,0.42299999999977445,-0.23000000000047294,True,True,7.880000000000109,8.384285714285657
2026-06-15,AEST,Mon,2026,2026-06,4293.975,4294.185,4293.835,1,4293.835,4294.185,4295.705,4293.055,0.3500000000003638,2.649999999999636,1.519999999999527,0.7799999999997453,0.1320754716982686,0.21000000000003638,-0.14000000000032742,0.21000000000003638,-0.14000000000032742,True,True,2.9700000000002547,3.944571428571635
2026-06-16,AEST,Tue,2026,2026-06,4316.985,4315.465,4315.375,-1,4315.375,4315.465,4318.105,4313.185,0.09000000000014552,4.919999999999163,2.639999999999418,2.1899999999996,0.018292682926861956,-1.519999999999527,-1.6099999999996726,-1.519999999999527,-1.6099999999996726,False,True,2.2899999999999636,3.4637857142857422
2026-06-17,AEST,Wed,2026,2026-06,4333.125,4334.185,4330.765,1,4330.765,4334.185,4335.305,4328.435,3.4200000000000728,6.869999999999891,1.1199999999998909,2.3299999999999272,0.49781659388648136,1.0600000000004002,-2.3599999999996726,1.0600000000004002,-2.3599999999996726,True,True,2.6700000000000728,2.482000000000101
2026-06-18,AEST,Thu,2026,2026-06,4273.535,4291.945,4277.685,1,4277.685,4291.945,4292.105,4276.225,14.259999999999309,15.8799999999992,0.15999999999985448,1.4600000000000364,0.8979848866498757,18.409999999999854,4.150000000000546,18.409999999999854,4.150000000000546,False,False,4.75,7.078428571428568
2026-06-19,AEST,Fri,2026,2026-06,4189.455,4190.785,4187.998,1,4187.998,4190.785,4197.945,4187.998,2.787000000000262,9.947000000000116,7.1599999999998545,0.0,0.2801849803961224,1.3299999999999272,-1.4570000000003347,1.3299999999999272,-1.4570000000003347,True,True,3.7100000000000364,5.016500000000113
2026-06-22,AEST,Mon,2026,2026-06,4136.945,4146.835,4140.015,1,4140.015,4146.835,4150.405,4139.755,6.819999999999709,10.649999999999636,3.569999999999709,0.2600000000002183,0.6403755868544546,9.890000000000327,3.0700000000006185,9.890000000000327,3.0700000000006185,False,False,3.8499999999994543,5.851928571428483
2026-06-23,AEST,Tue,2026,2026-06,4190.555,4189.075,4187.315,-1,4187.315,4189.075,4192.085,4186.605,1.7600000000002183,5.480000000000473,3.0100000000002183,0.7100000000000364,0.32116788321169093,-1.480000000000473,-3.240000000000691,-1.480000000000473,-3.240000000000691,False,True,4.1599999999998545,2.506428571428582
2026-06-24,AEST,Wed,2026,2026-06,4095.405,4102.115,4098.955,1,4098.955,4102.115,4104.885,4094.135,3.1599999999998545,10.75,2.7700000000004366,4.819999999999709,0.29395348837207946,6.709999999999582,3.549999999999727,6.709999999999582,3.549999999999727,False,True,5.420000000000073,6.145214285714279
2026-06-25,AEST,Thu,2026,2026-06,4010.565,4013.255,4012.185,1,4012.185,4013.255,4014.295,4008.925,1.0700000000001637,5.369999999999891,1.0399999999999636,3.2599999999997635,0.19925512104286508,2.6900000000000546,1.6199999999998909,2.6900000000000546,1.6199999999998909,False,True,3.5399999999999636,5.386428571428529
2026-06-26,AEST,Fri,2026,2026-06,4017.725,4014.205,4012.235,-1,4014.205,4012.235,4018.355,4012.155,1.9699999999998,6.199999999999818,4.150000000000091,0.07999999999992724,0.317741935483848,-5.489999999999782,-3.519999999999982,-3.519999999999982,-5.489999999999782,False,True,3.0,4.428071428571359
2026-06-29,AEST,Mon,2026,2026-06,4061.575,4062.555,4061.835,1,4062.555,4061.835,4064.615,4056.875,0.7199999999997999,7.739999999999782,2.0599999999999454,4.960000000000036,0.09302325581393026,0.2600000000002183,0.9800000000000182,0.9800000000000182,0.2600000000002183,False,True,5.119999999999891,4.910714285714286
2026-06-30,AEST,Tue,2026,2026-06,4016.515,4014.605,4008.235,-1,4014.605,4008.235,4014.945,4007.195,6.369999999999891,7.75,0.3400000000001455,1.0399999999999636,0.8219354838709536,-8.279999999999745,-1.9099999999998545,-1.9099999999998545,-8.279999999999745,False,False,3.3200000000001637,3.734999999999997
2026-07-01,AEST,Wed,2026,2026-07,4007.175,4006.675,4005.755,-1,4005.755,4006.675,4007.775,4005.125,0.9200000000000728,2.650000000000091,1.099999999999909,0.6300000000001091,0.34716981132077024,-0.5,-1.4200000000000728,-0.5,-1.4200000000000728,False,True,2.5599999999999454,3.0135714285714323
2026-07-02,AEST,Thu,2026,2026-07,4033.945,4034.975,4032.635,-1,4034.975,4032.635,4036.275,4030.525,2.3399999999996908,5.75,1.300000000000182,2.1100000000001273,0.40695652173907665,-1.3099999999999454,1.0299999999997453,1.0299999999997453,-1.3099999999999454,True,True,3.0,3.3421428571428544
2026-07-03,AEST,Fri,2026,2026-07,4130.325,4131.345,4125.775,1,4125.775,4131.345,4132.295,4122.625,5.5700000000006185,9.670000000000073,0.9499999999998181,3.149999999999636,0.5760082730093667,1.0200000000004366,-4.550000000000182,1.0200000000004366,-4.550000000000182,True,True,6.610000000000582,4.745000000000085
2026-07-06,AEST,Mon,2026,2026-07,4181.915,4183.825,4175.185,-1,4183.825,4175.185,4185.255,4170.265,8.639999999999418,14.989999999999782,1.430000000000291,4.920000000000073,0.5763842561707501,-6.729999999999563,1.9099999999998545,1.9099999999998545,-6.729999999999563,True,True,3.6700000000000728,6.481428571428621
2026-07-07,AEST,Tue,2026,2026-07,4163.155,4156.935,4156.195,-1,4156.935,4156.195,4157.145,4154.615,0.7400000000006912,2.530000000000655,0.21000000000003638,1.5799999999999272,0.2924901185772726,-6.960000000000036,-6.219999999999345,-6.219999999999345,-6.960000000000036,False,False,2.2600000000002183,2.3171428571430233
2026-07-08,AEST,Wed,2026,2026-07,4097.755,4102.005,4098.205,1,4098.205,4102.005,4102.095,4096.545,3.800000000000182,5.550000000000182,0.09000000000014552,1.6599999999998545,0.684684684684695,4.25,0.4499999999998181,4.25,0.4499999999998181,False,True,3.5299999999997453,4.255714285714313
2026-07-09,AEST,Thu,2026,2026-07,4072.395,4080.045,4075.735,1,4075.735,4080.045,4080.805,4075.735,4.309999999999945,5.069999999999709,0.7599999999997635,0.0,0.8500986193294265,7.650000000000091,3.3400000000001455,7.650000000000091,3.3400000000001455,False,False,4.960000000000036,3.325714285714347
2026-07-10,AEST,Fri,2026,2026-07,4123.805,4123.485,4123.065,-1,4123.065,4123.485,4125.555,4119.265,0.42000000000007276,6.289999999999964,2.0700000000006185,3.7999999999992724,0.06677265500796108,-0.32000000000061846,-0.7400000000006912,-0.32000000000061846,-0.7400000000006912,False,True,2.119999999999891,2.3321428571427663
2026-07-13,AEST,Mon,2026,2026-07,4078.325,4084.155,4083.815,1,4084.155,4083.815,4086.135,4080.475,0.3400000000001455,5.660000000000309,1.9800000000000182,3.3400000000001455,0.0600706713781143,5.4900000000002365,5.830000000000382,5.830000000000382,5.4900000000002365,False,False,5.449999999999818,4.152857142857101
2026-07-14,AEST,Tue,2026,2026-07,3997.005,4000.825,3994.605,-1,4000.825,3994.605,4004.385,3992.685,6.2199999999998,11.700000000000273,3.5600000000004,1.9200000000000728,0.5316239316239021,-2.400000000000091,3.819999999999709,3.819999999999709,-2.400000000000091,True,True,5.309999999999945,3.780714285714274
2026-07-15,AEST,Wed,2026,2026-07,4052.645,4054.575,4052.685,1,4052.685,4054.575,4055.925,4050.585,1.8899999999998727,5.3400000000001455,1.3500000000003638,2.099999999999909,0.3539325842696294,1.9299999999998363,0.03999999999996362,1.9299999999998363,0.03999999999996362,False,True,2.0799999999999272,3.3100000000000755
2026-07-16,AEST,Thu,2026,2026-07,4058.235,4057.805,4057.535,-1,4057.805,4057.535,4059.195,4056.075,0.2699999999999818,3.1200000000003456,1.3900000000003274,1.4600000000000364,0.08653846153844612,-0.7000000000002728,-0.43000000000029104,-0.43000000000029104,-0.7000000000002728,False,True,3.9899999999997817,2.7407142857142452
2026-07-17,AEST,Fri,2026,2026-07,3978.125,3985.875,3984.755,1,3985.875,3984.755,3986.675,3983.025,1.1199999999998909,3.650000000000091,0.8000000000001819,1.7300000000000182,0.3068493150684556,6.630000000000109,7.75,7.75,6.630000000000109,False,False,2.730000000000018,3.162857142857157
2026-07-20,AEST,Mon,2026,2026-07,3991.065,3995.025,3986.955,-1,3995.025,3986.955,3995.505,3981.935,8.070000000000164,13.570000000000164,0.4800000000000182,5.019999999999982,0.5946941783345664,-4.110000000000127,3.9600000000000364,3.9600000000000364,-4.110000000000127,True,True,4.8400000000001455,4.142142857142939
2026-07-21,AEST,Tue,2026,2026-07,4006.665,4009.615,4004.785,-1,4009.615,4004.785,4009.865,4003.495,4.829999999999927,6.369999999999891,0.25,1.2899999999999636,0.7582417582417598,-1.8800000000001091,2.949999999999818,2.949999999999818,-1.8800000000001091,True,True,2.3900000000003274,4.242857142857182
2026-07-22,AEST,Wed,2026,2026-07,4080.785,4082.285,4080.485,1,4080.485,4082.285,4082.355,4076.325,1.7999999999997272,6.0300000000002,0.07000000000016371,4.160000000000309,0.298507462686512,1.5,-0.29999999999972715,1.5,-0.29999999999972715,True,True,1.2600000000002183,2.229285714285749
2026-07-23,AEST,Thu,2026,2026-07,4129.325,4133.185,4130.445,1,4133.185,4130.445,4134.085,4127.985,2.740000000000691,6.100000000000364,0.8999999999996362,2.4600000000000364,0.44918032786893897,1.1199999999998909,3.860000000000582,3.860000000000582,1.1199999999998909,False,True,2.949999999999818,4.746428571428753
2026-07-24,AEST,Fri,2026,2026-07,4048.325,4047.015,4046.725,-1,4046.725,4047.015,4049.815,4046.605,0.2899999999999636,3.2100000000000364,2.800000000000182,0.11999999999989086,0.0903426791277135,-1.3099999999999454,-1.599999999999909,-1.3099999999999454,-1.599999999999909,False,True,2.5900000000001455,2.0085714285713885
2026-07-27,AEST,Mon,2026,2026-07,4094.045,4101.595,4094.115,1,4094.115,4101.595,4104.705,4093.715,7.480000000000473,10.989999999999782,3.1099999999996726,0.3999999999996362,0.6806187443130683,7.550000000000182,0.06999999999970896,7.550000000000182,0.06999999999970896,False,True,3.2800000000002,4.392142857142907
2026-07-28,AEST,Tue,2026,2026-07,4070.085,4072.955,4065.485,-1,4072.955,4065.485,4073.855,4065.185,7.4699999999998,8.670000000000073,0.900000000000091,0.3000000000001819,0.8615916955016998,-4.599999999999909,2.869999999999891,2.869999999999891,-4.599999999999909,True,True,3.0700000000001637,2.427142857142826
2026-07-29,AEST,Wed,2026,2026-07,4022.285,4024.745,4021.415,-1,4024.745,4021.415,4025.895,4017.255,3.3299999999999272,8.639999999999873,1.150000000000091,4.1599999999998545,0.3854166666666639,-0.8699999999998909,2.4600000000000364,2.4600000000000364,-0.8699999999998909,True,True,3.5700000000001637,4.059999999999913
2026-07-30,AEST,Thu,2026,2026-07,4090.835,4084.745,4080.495,-1,4084.745,4080.495,4086.495,4079.605,4.25,6.889999999999873,1.75,0.8899999999998727,0.6168359941944962,-10.340000000000146,-6.0900000000001455,-6.0900000000001455,-10.340000000000146,False,False,6.539999999999964,4.761428571428561
2026-07-31,AEST,Fri,2026,2026-07,4108.005,4105.865,4104.465,-1,4105.865,4104.465,4106.755,4101.245,1.3999999999996362,5.510000000000218,0.8900000000003274,3.2200000000002547,0.2540834845734266,-3.5399999999999636,-2.1400000000003274,-2.1400000000003274,-3.5399999999999636,False,False,2.949999999999818,2.895714285714348
2026-08-03,AEST,Mon,2026,2026-08,4068.635,4077.795,4074.665,1,4074.665,4077.795,4079.155,4074.425,3.130000000000109,4.730000000000018,1.3600000000001273,0.23999999999978172,0.6617336152220078,9.159999999999854,6.029999999999745,9.159999999999854,6.029999999999745,False,False,5.5099999999997635,3.9264285714285245
2026-08-04,AEST,Tue,2026,2026-08,4051.695,4059.445,4053.555,1,4053.555,4059.445,4063.235,4052.805,5.890000000000327,10.430000000000291,3.7899999999999636,0.75,0.5647171620326139,7.75,1.8599999999996726,7.75,1.8599999999996726,False,False,1.5700000000001637,2.712857142857177
2026-08-05,AEST,Wed,2026,2026-08,4071.725,4072.955,4072.325,1,4072.325,4072.955,4073.825,4070.215,0.6300000000001091,3.6099999999996726,0.8699999999998909,2.1099999999996726,0.17451523545710979,1.2300000000000182,0.599999999999909,1.2300000000000182,0.599999999999909,False,True,1.25,3.620714285714322
2026-08-06,AEST,Thu,2026,2026-08,4274.435,4277.985,4267.935,-1,4277.985,4267.935,4277.985,4264.485,10.049999999999272,13.5,0.0,3.4500000000007276,0.7444444444443905,-6.5,3.5499999999992724,3.5499999999992724,-6.5,True,True,4.800000000000182,6.194285714285862
2026-08-07,AEST,Fri,2026,2026-08,4248.145,4252.015,4249.325,1,4252.015,4249.325,4252.355,4247.135,2.6900000000005093,5.219999999999345,0.339999999999236,2.1899999999996,0.5153256704982465,1.1799999999993815,3.869999999999891,3.869999999999891,1.1799999999993815,False,True,3.8400000000001455,2.832142857142831
2026-08-10,AEST,Mon,2026,2026-08,4342.155,4340.365,4332.385,-1,4332.385,4340.365,4340.635,4332.275,7.979999999999563,8.360000000000582,0.27000000000043656,0.11000000000058208,0.9545454545453359,-1.7899999999999636,-9.769999999999527,-1.7899999999999636,-9.769999999999527,False,False,2.380000000000109,4.096428571428662
2026-08-11,AEST,Tue,2026,2026-08,4397.585,4404.345,4402.185,1,4402.185,4404.345,4404.575,4395.955,2.1599999999998545,8.61999999999989,0.22999999999956344,6.230000000000473,0.2505800464036986,6.760000000000218,4.600000000000364,6.760000000000218,4.600000000000364,False,True,2.930000000000291,3.576571428571437
2026-08-12,AEST,Wed,2026,2026-08,4368.345,4371.255,4368.495,1,4371.255,4368.495,4371.435,4366.065,2.7600000000002183,5.3700000000008,0.18000000000029104,2.430000000000291,0.5139664804468914,0.1499999999996362,2.9099999999998545,2.9099999999998545,0.1499999999996362,False,True,1.949999999999818,4.651428571428629
2026-08-13,AEST,Thu,2026,2026-08,4408.185,4416.015,4413.995,1,4413.995,4416.015,4419.015,4412.625,2.0200000000004366,6.390000000000327,3.0,1.3699999999998909,0.31611893583729783,7.829999999999927,5.809999999999491,7.829999999999927,5.809999999999491,False,False,3.380000000000109,2.677857142857257
2026-08-14,AEST,Fri,2026,2026-08,4361.485,4359.515,4355.855,-1,4355.855,4359.515,4361.785,4355.115,3.660000000000764,6.670000000000073,2.269999999999527,0.7399999999997817,0.5487256371815179,-1.9699999999993452,-5.630000000000109,-1.9699999999993452,-5.630000000000109,False,True,4.569999999999709,4.729285714285652
2026-08-17,AEST,Mon,2026,2026-08,4371.975,4374.635,4370.255,1,4370.255,4374.635,4375.745,4367.575,4.380000000000109,8.170000000000073,1.1099999999996726,2.680000000000291,0.5361077111383195,2.6599999999998545,-1.7200000000002547,2.6599999999998545,-1.7200000000002547,True,True,2.2100000000000364,4.116428571428514
2026-08-18,AEST,Tue,2026,2026-08,4423.295,4425.495,4425.055,1,4425.495,4425.055,4429.725,4418.985,0.4399999999995998,10.740000000000691,4.230000000000473,6.0700000000006185,0.0409683426442804,1.7600000000002183,2.199999999999818,2.199999999999818,1.7600000000002183,False,True,1.7600000000002183,3.2657142857143038
2026-08-19,AEST,Wed,2026,2026-08,4330.665,4336.525,4332.925,1,4332.925,4336.525,4340.435,4331.195,3.5999999999994543,9.240000000000691,3.910000000000764,1.730000000000473,0.3896103896103014,5.859999999999673,2.2600000000002183,5.859999999999673,2.2600000000002183,False,False,4.5900000000001455,4.22321428571435
