kind,sl,tp,n,exp,net,win,p_tp,p_sl,p_eod,pf
A_S,3,3,101,-0.7830396039603961,-79.087,38.613861386138616,38.613861386138616,61.386138613861384,0.0,0.6082261268446367
F_L,3,3,104,-0.8238749999999999,-85.68299999999999,37.5,37.5,62.5,0.0,0.5876362586327213
A_L,3,3,134,-0.8261194029850746,-110.69999999999999,37.3134328358209,37.3134328358209,62.68656716417911,0.0,0.5837860803326704
F_S,3,3,116,-0.7646206896551724,-88.696,35.3448275862069,35.3448275862069,64.65517241379311,0.0,0.6308747456167
A_S,3,4,101,-0.6772475247524754,-68.40200000000002,34.65346534653465,34.65346534653465,65.34653465346535,0.0,0.6808997989354308
F_L,3,4,104,-1.0013846153846155,-104.144,29.807692307692307,29.807692307692307,70.1923076923077,0.0,0.5525730144954933
A_L,3,4,134,-0.6161641791044774,-82.56599999999997,35.07462686567165,35.07462686567165,64.92537313432835,0.0,0.6998975015083999
F_S,3,4,116,-0.6621293103448276,-76.807,31.896551724137932,31.896551724137932,68.10344827586206,0.0,0.6958909424937837
A_S,3,5,101,-0.4306831683168315,-43.49899999999998,33.663366336633665,33.663366336633665,66.33663366336634,0.0,0.7999181255347138
F_L,3,5,104,-0.930298076923077,-96.751,26.923076923076923,26.923076923076923,73.07692307692307,0.0,0.600453434206614
A_L,3,5,134,-0.49961940298507473,-66.94900000000001,32.08955223880597,32.08955223880597,67.91044776119402,0.0,0.7676293676439453
F_S,3,5,116,-0.4968620689655173,-57.63600000000001,30.17241379310345,30.17241379310345,69.82758620689656,0.0,0.7776997813099036
A_S,3,6,101,-0.43797029702970297,-44.235,29.7029702970297,29.7029702970297,70.29702970297029,0.0,0.8077349363028254
F_L,3,6,104,-1.0295192307692307,-107.07,23.076923076923077,23.076923076923077,76.92307692307693,0.0,0.5793472752059655
A_L,3,6,134,-0.2957164179104478,-39.626000000000005,30.597014925373134,30.597014925373134,69.40298507462687,0.0,0.8654661628353074
F_S,3,6,116,-0.441801724137931,-51.248999999999995,27.586206896551722,27.586206896551722,72.41379310344827,0.0,0.8092002635879987
A_S,3,8,101,-0.2861188118811881,-28.897999999999996,24.752475247524753,24.752475247524753,75.24752475247524,0.0,0.8821615273575442
F_L,3,8,104,-0.995451923076923,-103.52699999999999,19.230769230769234,19.230769230769234,80.76923076923077,0.0,0.6119284935132117
A_L,3,8,134,-0.030238805970149277,-4.052000000000003,27.611940298507463,27.611940298507463,72.38805970149254,0.0,0.9867926988265973
F_S,3,8,116,-0.29677586206896533,-34.42599999999998,24.137931034482758,24.137931034482758,75.86206896551724,0.0,0.8773832547967845
A_S,3,10,101,-0.5203465346534655,-52.555000000000014,19.801980198019802,19.801980198019802,80.19801980198021,0.0,0.7984552904767199
F_L,3,10,104,-0.7352019230769231,-76.461,18.269230769230766,18.269230769230766,81.73076923076923,0.0,0.7165833280821995
A_L,3,10,134,0.11439552238805979,15.329000000000011,24.62686567164179,24.62686567164179,75.3731343283582,0.0,1.0479669810435144
F_S,3,10,116,-0.4601551724137931,-53.378,18.96551724137931,18.96551724137931,81.03448275862068,0.0,0.8218625373358475
A_S,3,12,101,-0.26682178217821784,-26.949,18.81188118811881,18.81188118811881,81.1881188118812,0.0,0.897857776362768
F_L,3,12,104,-0.9675480769230772,-100.62500000000003,14.423076923076922,14.423076923076922,85.57692307692307,0.0,0.6435491698459425
A_L,3,12,134,0.036432835820895584,4.8820000000000086,20.8955223880597,20.8955223880597,79.1044776119403,0.0,1.0145557109251315
F_S,3,12,116,-0.6713103448275862,-77.872,15.517241379310345,15.517241379310345,84.48275862068965,0.0,0.7504494486442835
A_S,3,15,101,-0.11833663366336629,-11.951999999999995,16.831683168316832,16.831683168316832,83.16831683168317,0.0,0.9557620061071526
F_L,3,15,104,-0.6939615384615384,-72.172,13.461538461538462,13.461538461538462,86.53846153846155,0.0,0.7470462678354253
A_L,3,15,134,0.4045671641791045,54.212,19.402985074626866,19.402985074626866,80.59701492537313,0.0,1.1587708816569435
F_S,3,15,116,-0.3241379310344827,-37.599999999999994,14.655172413793101,14.655172413793101,85.34482758620689,0.0,0.8806762104541606
A_S,3,18,101,0.39247524752475255,39.64000000000001,16.831683168316832,16.831683168316832,83.16831683168317,0.0,1.1467197187008418
F_L,3,18,104,-0.9163269230769232,-95.29800000000002,10.576923076923077,10.576923076923077,89.42307692307693,0.0,0.6772043207430217
A_L,3,18,134,0.5120820895522388,68.619,17.16417910447761,17.16417910447761,82.83582089552239,0.0,1.1956250285088716
F_S,3,18,116,-0.01132758620689648,-1.3139999999999916,14.655172413793101,13.793103448275861,85.34482758620689,0.8620689655172413,0.995830014375978
A_S,3,20,101,-0.08158415841584157,-8.239999999999998,13.861386138613863,12.871287128712872,86.13861386138613,0.9900990099009901,0.9705477615941381
F_L,3,20,104,-0.7155288461538463,-74.415,10.576923076923077,10.576923076923077,89.42307692307693,0.0,0.7479397209604816
A_L,3,20,134,0.8554179104477613,114.626,17.16417910447761,17.16417910447761,82.83582089552239,0.0,1.326785795739634
F_S,3,20,116,0.21107758620689668,24.485000000000014,14.655172413793101,13.793103448275861,85.34482758620689,0.8620689655172413,1.0777032709316463
A_S,3,22,101,-0.370049504950495,-37.37499999999999,11.881188118811881,10.891089108910892,88.11881188118812,0.9900990099009901,0.8692839031214479
F_L,3,22,104,-0.6231826923076924,-64.811,10.576923076923077,9.615384615384617,89.42307692307693,0.9615384615384616,0.7804706209120442
A_L,3,22,134,1.0309328358208953,138.14499999999998,17.16417910447761,15.671641791044777,82.83582089552239,1.4925373134328357,1.3938358117046024
F_S,3,22,116,-0.20818965517241367,-24.149999999999984,12.068965517241379,11.206896551724139,87.93103448275862,0.8620689655172413,0.925533981480625
A_S,3,25,101,-0.28194059405940586,-28.475999999999992,11.881188118811881,9.900990099009901,88.11881188118812,1.9801980198019802,0.9004074495059894
F_L,3,25,104,-0.32911538461538464,-34.228,10.576923076923077,9.615384615384617,89.42307692307693,0.9615384615384616,0.8840620945916194
A_L,3,25,134,1.176537313432836,157.65600000000003,16.417910447761194,14.17910447761194,83.5820895522388,2.2388059701492535,1.4455598324657049
F_S,3,25,116,-0.05421551724137926,-6.288999999999994,12.068965517241379,10.344827586206897,87.93103448275862,1.7241379310344827,0.9806080003946853
A_S,3,30,101,-0.45186138613861376,-45.63799999999999,9.900990099009901,7.920792079207921,90.0990099009901,1.9801980198019802,0.8436797829780238
F_L,3,30,104,0.16008653846153847,16.649,10.576923076923077,9.615384615384617,89.42307692307693,0.9615384615384616,1.05639389351245
A_L,3,30,134,1.518365671641791,203.461,15.671641791044777,12.686567164179104,84.32835820895522,2.9850746268656714,1.5701215838687714
F_S,3,30,116,0.11853448275862075,13.750000000000007,11.206896551724139,9.482758620689655,88.79310344827587,1.7241379310344827,1.0419720450917125
A_S,3,35,101,-1.0762970297029706,-108.70600000000003,7.920792079207921,4.9504950495049505,92.07920792079209,2.9702970297029703,0.6402000469997915
F_L,3,35,104,0.26771153846153845,27.842,9.615384615384617,8.653846153846153,90.38461538461539,0.9615384615384616,1.0933396359881593
A_L,3,35,134,1.2242238805970151,164.04600000000002,14.17910447761194,9.701492537313433,85.82089552238806,4.477611940298507,1.4490314315980217
F_S,3,35,116,0.171405172413793,19.88299999999999,10.344827586206897,7.758620689655173,89.65517241379311,2.586206896551724,1.0601078028592243
A_S,3,40,101,-0.8322079207920792,-84.053,7.920792079207921,4.9504950495049505,92.07920792079209,2.9702970297029703,0.7217976427287681
F_L,3,40,104,0.29133653846153823,30.298999999999978,8.653846153846153,7.6923076923076925,91.34615384615384,0.9615384615384616,1.1005475542576495
A_L,3,40,134,0.5793432835820896,77.632,12.686567164179104,6.7164179104477615,87.31343283582089,5.970149253731343,1.2089690444145358
F_S,3,40,116,0.03830172413793089,4.442999999999984,10.344827586206897,5.172413793103448,89.65517241379311,5.172413793103448,1.0134315228136366
A_S,3,50,101,-0.7398316831683168,-74.723,7.920792079207921,2.9702970297029703,92.07920792079209,4.9504950495049505,0.752678491637678
F_L,3,50,104,0.17880769230769214,18.595999999999982,7.6923076923076925,4.807692307692308,92.3076923076923,2.8846153846153846,1.0610866565928654
A_L,3,50,134,1.0757611940298508,144.15200000000002,12.686567164179104,5.223880597014925,87.31343283582089,7.462686567164178,1.388026917900404
F_S,3,50,116,-0.9530517241379308,-110.55399999999997,7.758620689655173,1.7241379310344827,92.24137931034483,6.0344827586206895,0.6750571678825253
A_S,3,60,101,-0.44567326732673257,-45.01299999999999,7.920792079207921,2.9702970297029703,92.07920792079209,4.9504950495049505,0.8510139708535095
F_L,3,60,104,0.6433269230769232,66.906,7.6923076923076925,4.807692307692308,92.3076923076923,2.8846153846153846,1.2197818802969584
A_L,3,60,134,0.8427238805970152,112.92500000000004,11.940298507462686,3.731343283582089,88.05970149253731,8.208955223880597,1.2998587338088232
F_S,3,60,116,-1.4408965517241379,-167.144,6.896551724137931,0.0,93.10344827586206,6.896551724137931,0.5130588807672475
A_S,3,75,101,-0.12973267326732682,-13.103000000000009,7.920792079207921,1.9801980198019802,92.07920792079209,5.9405940594059405,0.9566311079042396
F_L,3,75,104,0.35941346153846143,37.37899999999999,6.730769230769231,2.8846153846153846,93.26923076923077,3.8461538461538463,1.1215695840244577
A_L,3,75,134,1.1716044776119408,156.99500000000006,11.940298507462686,2.9850746268656714,88.05970149253731,8.955223880597014,1.4168813098456163
F_S,3,75,116,-1.4408965517241379,-167.144,6.896551724137931,0.0,93.10344827586206,6.896551724137931,0.5130588807672475
A_S,4,3,101,-1.2172376237623763,-122.941,40.5940594059406,40.5940594059406,59.4059405940594,0.0,0.5118599517184422
F_L,4,3,104,-0.6085865384615385,-63.293000000000006,49.03846153846153,49.03846153846153,50.96153846153846,0.0,0.7165231957146823
A_L,4,3,134,-0.8080223880597015,-108.275,46.26865671641791,46.26865671641791,53.73134328358209,0.0,0.6405558561758663
F_S,4,3,116,-0.837198275862069,-97.115,43.103448275862064,43.103448275862064,56.896551724137936,0.0,0.6507760133482926
A_S,4,4,101,-1.0388415841584158,-104.923,37.62376237623762,37.62376237623762,62.37623762376238,0.0,0.6026035314703855
F_L,4,4,104,-0.678625,-70.577,42.30769230769231,42.30769230769231,57.692307692307686,0.0,0.7204472716902212
A_L,4,4,134,-0.46866417910447766,-62.80100000000001,44.776119402985074,44.776119402985074,55.223880597014926,0.0,0.7969287580515818
F_S,4,4,116,-0.6992155172413793,-81.109,39.6551724137931,39.6551724137931,60.3448275862069,0.0,0.7245266357600153
A_S,4,5,101,-0.8710891089108911,-87.98,35.64356435643564,35.64356435643564,64.35643564356435,0.0,0.6766665564142991
F_L,4,5,104,-0.6826730769230769,-70.99799999999999,37.5,37.5,62.5,0.0,0.7400273894352942
A_L,4,5,134,-0.36088059701492553,-48.35800000000002,41.04477611940299,41.04477611940299,58.95522388059702,0.0,0.8537101853504477
F_S,4,5,116,-0.4779741379310344,-55.444999999999986,37.93103448275862,37.93103448275862,62.06896551724138,0.0,0.8171290799229531
A_S,4,6,101,-0.794910891089109,-80.286,32.67326732673268,32.67326732673268,67.32673267326733,0.0,0.7176309218161996
F_L,4,6,104,-0.8185192307692307,-85.12599999999999,32.69230769230769,32.69230769230769,67.3076923076923,0.0,0.7103592353913888
A_L,4,6,134,-0.30664925373134333,-41.09100000000001,37.3134328358209,37.3134328358209,62.68656716417911,0.0,0.882995959486664
F_S,4,6,116,-0.46205172413793094,-53.59799999999999,34.48275862068966,34.48275862068966,65.51724137931035,0.0,0.8324009768635927
A_S,4,8,101,-0.6365148514851482,-64.28799999999997,27.722772277227726,27.722772277227726,72.27722772277228,0.0,0.7891574562985798
F_L,4,8,104,-0.7565288461538462,-78.679,27.884615384615387,27.884615384615387,72.11538461538461,0.0,0.7498585226586295
A_L,4,8,134,-0.03201492537313438,-4.290000000000006,33.582089552238806,33.582089552238806,66.4179104477612,0.0,0.9884707482188784
F_S,4,8,116,-0.42168103448275873,-48.91500000000001,29.310344827586203,29.310344827586203,70.6896551724138,0.0,0.8580359241813448
A_S,4,10,101,-0.8478415841584157,-85.63199999999999,22.772277227722775,22.772277227722775,77.22772277227723,0.0,0.736965296079913
F_L,4,10,104,-0.3265384615384616,-33.96000000000001,26.923076923076923,26.923076923076923,73.07692307692307,0.0,0.8933912628552055
A_L,4,10,134,0.09625373134328355,12.897999999999996,29.850746268656714,29.850746268656714,70.1492537313433,0.0,1.0328635746335397
F_S,4,10,116,-0.646956896551724,-75.04699999999998,23.275862068965516,23.275862068965516,75.86206896551724,0.8620689655172413,0.7986218259196549
A_S,4,12,101,-0.7131584158415838,-72.02899999999997,20.792079207920793,20.792079207920793,79.20792079207921,0.0,0.7841834181770242
F_L,4,12,104,-0.42839423076923083,-44.553000000000004,23.076923076923077,23.076923076923077,76.92307692307693,0.0,0.8672389954348784
A_L,4,12,134,0.2122462686567164,28.440999999999995,26.865671641791046,26.865671641791046,73.13432835820896,0.0,1.0696046088182316
F_S,4,12,116,-0.8069913793103448,-93.611,19.82758620689655,19.82758620689655,79.3103448275862,0.8620689655172413,0.7592934962882585
A_S,4,15,101,-0.5307821782178215,-53.60899999999997,18.81188118811881,18.81188118811881,81.1881188118812,0.0,0.8433529693654523
F_L,4,15,104,-0.27579807692307684,-28.682999999999993,20.192307692307693,20.192307692307693,79.8076923076923,0.0,0.9175335092894479
A_L,4,15,134,0.7432388059701492,99.594,25.37313432835821,25.37313432835821,74.6268656716418,0.0,1.2389250603346111
F_S,4,15,116,-0.6749655172413792,-78.29599999999999,17.24137931034483,17.24137931034483,81.89655172413794,0.8620689655172413,0.8047909685655018
A_S,4,18,101,0.03659405940594102,3.6960000000000433,18.81188118811881,18.81188118811881,81.1881188118812,0.0,1.0107998176654163
F_L,4,18,104,-0.5284519230769231,-54.959,16.346153846153847,16.346153846153847,83.65384615384616,0.0,0.8490680551779443
A_L,4,18,134,1.0079179104477611,135.06099999999998,23.134328358208954,23.134328358208954,76.86567164179104,0.0,1.314035463004729
F_S,4,18,116,-0.2864051724137929,-33.22299999999997,17.24137931034483,16.379310344827587,81.89655172413794,1.7241379310344827,0.9171678035742781
A_S,4,20,101,-0.1818910891089107,-18.37099999999998,16.831683168316832,15.841584158415841,83.16831683168317,0.9900990099009901,0.9476009560807535
F_L,4,20,104,-0.21325000000000008,-22.178000000000008,16.346153846153847,16.346153846153847,83.65384615384616,0.0,0.9390933482730115
A_L,4,20,134,1.2821716417910451,171.81100000000004,22.388059701492537,22.388059701492537,77.61194029850746,0.0,1.3955352045232705
F_S,4,20,116,-0.011413793103448106,-1.3239999999999803,17.24137931034483,16.379310344827587,81.89655172413794,1.7241379310344827,0.9966989787777247
A_S,4,22,101,-0.6905445544554452,-69.74499999999996,13.861386138613863,12.871287128712872,86.13861386138613,0.9900990099009901,0.8077050328372364
F_L,4,22,104,-0.008067307692307747,-0.8390000000000057,16.346153846153847,15.384615384615385,83.65384615384616,0.9615384615384616,0.9976958841735528
A_L,4,22,134,1.4820149253731343,198.59,22.388059701492537,20.149253731343283,77.61194029850746,2.2388059701492535,1.4571845589995764
F_S,4,22,116,-0.39163793103448247,-45.429999999999964,14.655172413793101,13.793103448275861,84.48275862068965,1.7241379310344827,0.8900689398174029
A_S,4,25,101,-0.5378811881188115,-54.32599999999996,13.861386138613863,11.881188118811881,86.13861386138613,1.9801980198019802,0.8502169849296106
F_L,4,25,104,0.31686538461538455,32.95399999999999,16.346153846153847,14.423076923076922,83.65384615384616,1.9230769230769231,1.090500396835205
A_L,4,25,134,1.5319179104477616,205.27700000000004,20.8955223880597,17.91044776119403,79.1044776119403,2.9850746268656714,1.4639206477988982
F_S,4,25,116,-0.32999137931034456,-38.27899999999997,14.655172413793101,12.068965517241379,84.48275862068965,3.4482758620689653,0.9073728581833671
A_S,4,30,101,-0.634207920792079,-64.05499999999998,11.881188118811881,9.900990099009901,88.11881188118812,1.9801980198019802,0.8272775073815912
F_L,4,30,104,0.9397884615384615,97.738,16.346153846153847,13.461538461538462,83.65384615384616,2.8846153846153846,1.268414389326918
A_L,4,30,134,1.6876641791044775,226.147,19.402985074626866,14.925373134328357,80.59701492537313,4.477611940298507,1.5014790668795457
F_S,4,30,116,-0.07206896551724097,-8.359999999999953,13.793103448275861,11.206896551724139,85.34482758620689,3.4482758620689653,0.9799736015657003
A_S,4,35,101,-1.1726930693069304,-118.44199999999998,9.900990099009901,6.9306930693069315,90.0990099009901,2.9702970297029703,0.689932668041928
F_L,4,35,104,1.220682692307692,126.95099999999998,15.384615384615385,12.5,84.61538461538461,2.8846153846153846,1.344731046730444
A_L,4,35,134,1.4937462686567164,200.162,17.91044776119403,11.940298507462686,82.08955223880598,5.970149253731343,1.4340684839416216
F_S,4,35,116,0.10675000000000008,12.38300000000001,13.793103448275861,9.482758620689655,85.34482758620689,5.172413793103448,1.0296635038052553
A_S,4,40,101,-0.8176138613861385,-82.57899999999998,9.900990099009901,6.9306930693069315,90.0990099009901,2.9702970297029703,0.7838178162664795
F_L,4,40,104,1.426826923076923,148.39,14.423076923076922,11.538461538461538,85.57692307692307,2.8846153846153846,1.3984458490636962
A_L,4,40,134,0.9412761194029852,126.13100000000001,16.417910447761194,8.955223880597014,83.5820895522388,7.462686567164178,1.268367255752201
F_S,4,40,116,0.06916379310344849,8.023000000000025,13.793103448275861,6.896551724137931,85.34482758620689,7.758620689655173,1.0192191141911946
A_S,4,50,101,-1.076227722772277,-108.69899999999997,8.91089108910891,3.9603960396039604,91.0891089108911,4.9504950495049505,0.7185115936999881
F_L,4,50,104,1.3195192307692307,137.23,13.461538461538462,7.6923076923076925,86.53846153846155,5.769230769230769,1.364506138407679
A_L,4,50,134,1.6586641791044776,222.261,16.417910447761194,7.462686567164178,83.5820895522388,8.955223880597014,1.4729017817248728
F_S,4,50,116,-0.7854051724137933,-91.10700000000001,11.206896551724139,3.4482758620689653,87.93103448275862,8.620689655172415,0.7879995066887883
A_S,4,60,101,-0.6807524752475244,-68.75599999999996,8.91089108910891,3.9603960396039604,91.0891089108911,4.9504950495049505,0.8219485288405264
F_L,4,60,104,2.0675000000000003,215.02000000000004,13.461538461538462,7.6923076923076925,86.53846153846155,5.769230769230769,1.5711295626351325
A_L,4,60,134,1.5680149253731346,210.11400000000003,15.671641791044777,5.223880597014925,84.32835820895522,10.44776119402985,1.442263328057118
F_S,4,60,116,-1.3420517241379313,-155.67800000000003,10.344827586206897,0.8620689655172413,88.79310344827587,10.344827586206897,0.6425985403470751
A_S,4,75,101,-0.2175148514851482,-21.96899999999997,8.91089108910891,2.9702970297029703,91.0891089108911,5.9405940594059405,0.9431087793079517
F_L,4,75,104,1.2149999999999999,126.35999999999999,12.5,2.8846153846153846,87.5,9.615384615384617,1.3320614297877704
A_L,4,75,134,1.2713208955223883,170.35700000000003,14.925373134328357,2.9850746268656714,85.07462686567165,11.940298507462686,1.3552345682101585
F_S,4,75,116,-1.2150344827586206,-140.944,10.344827586206897,0.8620689655172413,88.79310344827587,10.344827586206897,0.6764244701928221
A_S,5,3,101,-1.245059405940594,-125.75099999999999,47.524752475247524,47.524752475247524,52.475247524752476,0.0,0.5459351134701836
F_L,5,3,104,-0.5280769230769231,-54.92,55.769230769230774,55.769230769230774,44.230769230769226,0.0,0.7688678649737177
A_L,5,3,134,-0.8012462686567163,-107.36699999999999,52.98507462686567,52.98507462686567,47.01492537313433,0.0,0.6733586857316702
F_S,5,3,116,-0.7852672413793103,-91.091,50.0,50.0,50.0,0.0,0.693293198247794
A_S,5,4,101,-1.318970297029703,-133.216,41.584158415841586,41.584158415841586,58.415841584158414,0.0,0.5690043967918627
F_L,5,4,104,-0.689625,-71.721,48.07692307692308,48.07692307692308,51.92307692307693,0.0,0.7423231550243053
A_L,5,4,134,-0.4899477611940298,-65.65299999999999,50.74626865671642,50.74626865671642,49.25373134328358,0.0,0.8101987834774966
F_S,5,4,116,-0.6065,-70.354,46.55172413793103,46.55172413793103,53.44827586206896,0.0,0.7783316109192652
A_S,5,5,101,-1.144871287128713,-115.632,39.603960396039604,39.603960396039604,60.396039603960396,0.0,0.6384873192936822
F_L,5,5,104,-0.5822980769230769,-60.559,44.230769230769226,44.230769230769226,55.769230769230774,0.0,0.7972452214904865
A_L,5,5,134,-0.36375373134328365,-48.74300000000001,47.01492537313433,47.01492537313433,52.98507462686567,0.0,0.8689355500522988
F_S,5,5,116,-0.34009482758620685,-39.45099999999999,44.827586206896555,44.827586206896555,55.172413793103445,0.0,0.8796164913597654
A_S,5,6,101,-1.0555544554455447,-106.61100000000002,36.633663366336634,36.633663366336634,63.366336633663366,0.0,0.6818019018284056
F_L,5,6,104,-0.7077596153846154,-73.607,39.42307692307692,39.42307692307692,60.57692307692307,0.0,0.7733558313755315
A_L,5,6,134,-0.5364402985074624,-71.88299999999997,41.04477611940299,41.04477611940299,58.95522388059702,0.0,0.8256612614535384
F_S,5,6,116,-0.2795775862068965,-32.43099999999999,41.37931034482759,41.37931034482759,58.620689655172406,0.0,0.9068952251900508
A_S,5,8,101,-0.8657920792079207,-87.445,31.683168316831683,31.683168316831683,68.31683168316832,0.0,0.7573331483280142
F_L,5,8,104,-0.6825384615384616,-70.98400000000001,33.65384615384615,33.65384615384615,66.34615384615384,0.0,0.8005557600397853
A_L,5,8,134,-0.3204179104477611,-42.935999999999986,36.56716417910448,36.56716417910448,63.43283582089553,0.0,0.9030612820854378
F_S,5,8,116,-0.1584913793103448,-18.384999999999994,36.206896551724135,36.206896551724135,63.793103448275865,0.0,0.9514853888821453
A_S,5,10,101,-1.1999603960396041,-121.19600000000003,25.742574257425744,25.742574257425744,74.25742574257426,0.0,0.6903747304740592
F_L,5,10,104,-0.2922596153846154,-30.395000000000007,31.73076923076923,31.73076923076923,68.26923076923077,0.0,0.9169533250090849
A_L,5,10,134,-0.16391791044776113,-21.964999999999993,32.83582089552239,32.83582089552239,67.16417910447761,0.0,0.9530859873087612
F_S,5,10,116,-0.43367241379310334,-50.30599999999999,29.310344827586203,29.310344827586203,69.82758620689656,0.8620689655172413,0.8798900755193598
A_S,5,12,101,-1.0268910891089111,-103.71600000000002,23.762376237623762,23.762376237623762,76.23762376237624,0.0,0.7420115517215649
F_L,5,12,104,-0.32149038461538465,-33.435,27.884615384615387,27.884615384615387,72.11538461538461,0.0,0.9135150375453636
A_L,5,12,134,0.11339552238805976,15.195000000000007,30.597014925373134,30.597014925373134,69.40298507462687,0.0,1.0314179968571664
F_S,5,12,116,-0.6566206896551722,-76.16799999999998,25.0,25.0,74.13793103448276,0.8620689655172413,0.8285408140754649
A_S,5,15,101,-0.8028316831683167,-81.08599999999998,21.782178217821784,20.792079207920793,78.21782178217822,0.9900990099009901,0.8033635250324347
F_L,5,15,104,-0.26482692307692307,-27.542,24.03846153846154,24.03846153846154,75.96153846153845,0.0,0.9323568274364757
A_L,5,15,134,0.7357835820895525,98.59500000000004,29.1044776119403,29.1044776119403,70.8955223880597,0.0,1.199656152799378
F_S,5,15,116,-0.5679741379310342,-65.88499999999998,21.551724137931032,21.551724137931032,77.58620689655173,0.8620689655172413,0.8582084573484755
A_S,5,18,101,-0.17723762376237606,-17.900999999999982,21.782178217821784,20.792079207920793,78.21782178217822,0.9900990099009901,0.9565894292677605
F_L,5,18,104,-0.6709134615384615,-69.775,19.230769230769234,19.230769230769234,80.76923076923077,0.0,0.8389226574818148
A_L,5,18,134,0.9196417910447764,123.23200000000004,26.119402985074625,26.119402985074625,73.88059701492537,0.0,1.2391275662669305
F_S,5,18,116,-0.05028448275862058,-5.832999999999988,21.551724137931032,20.689655172413794,77.58620689655173,1.7241379310344827,0.9874467622632415
A_S,5,20,101,-0.3732475247524754,-37.698000000000015,19.801980198019802,17.82178217821782,80.19801980198021,1.9801980198019802,0.9107602353024725
F_L,5,20,104,-0.29808653846153843,-31.000999999999998,19.230769230769234,19.230769230769234,80.76923076923077,0.0,0.9284334117462377
A_L,5,20,134,1.2411417910447762,166.31300000000002,25.37313432835821,25.37313432835821,74.6268656716418,0.0,1.319582557498266
F_S,5,20,116,0.30499999999999994,35.379999999999995,21.551724137931032,20.689655172413794,77.58620689655173,1.7241379310344827,1.0761415311377542
A_S,5,22,101,-0.8764554455445545,-88.522,16.831683168316832,14.85148514851485,83.16831683168317,1.9801980198019802,0.7979803051222657
F_L,5,22,104,-0.05687500000000008,-5.915000000000008,19.230769230769234,17.307692307692307,80.76923076923077,1.9230769230769231,0.9863450737227508
A_L,5,22,134,1.5024776119402985,201.332,25.37313432835821,23.134328358208954,74.6268656716418,2.2388059701492535,1.386874119679405
F_S,5,22,116,-0.1505172413793104,-17.460000000000008,18.96551724137931,17.24137931034483,80.17241379310344,2.586206896551724,0.9636109750633057
A_S,5,25,101,-0.6644554455445545,-67.11,16.831683168316832,13.861386138613863,83.16831683168317,2.9702970297029703,0.8468455104579117
F_L,5,25,104,0.3241153846153847,33.708000000000006,19.230769230769234,16.346153846153847,80.76923076923077,2.8846153846153846,1.0778157658416767
A_L,5,25,134,1.6216865671641794,217.30600000000004,23.88059701492537,20.8955223880597,76.11940298507463,2.9850746268656714,1.409472825359857
F_S,5,25,116,0.013689655172414076,1.588000000000033,18.96551724137931,15.517241379310345,80.17241379310344,4.310344827586207,1.0033096089117681
A_S,5,30,101,-0.6729306930693069,-67.966,14.85148514851485,11.881188118811881,85.14851485148515,2.9702970297029703,0.8483754673710324
F_L,5,30,104,1.0426153846153845,108.43199999999999,19.230769230769234,15.384615384615385,80.76923076923077,3.8461538461538463,1.250317999339762
A_L,5,30,134,1.858119402985075,248.98800000000003,22.388059701492537,17.16417910447761,77.61194029850746,5.223880597014925,1.4601711031886404
F_S,5,30,116,0.13195689655172427,15.307000000000016,17.24137931034483,13.793103448275861,81.89655172413794,4.310344827586207,1.0312155231307292
A_S,5,35,101,-1.1288613861386139,-114.015,12.871287128712872,8.91089108910891,87.12871287128714,3.9603960396039604,0.7524206384535709
F_L,5,35,104,1.2926442307692307,134.435,18.269230769230766,13.461538461538462,81.73076923076923,4.807692307692308,1.3067352382169268
A_L,5,35,134,1.1681492537313434,156.532,19.402985074626866,12.686567164179104,80.59701492537313,6.7164179104477615,1.2785430461219254
F_S,5,35,116,0.2689137931034484,31.194000000000013,17.24137931034483,11.206896551724139,81.89655172413794,6.896551724137931,1.0636138386711937
A_S,5,40,101,-0.6738316831683168,-68.05699999999999,12.871287128712872,8.91089108910891,87.12871287128714,3.9603960396039604,0.8522167380716106
F_L,5,40,104,1.5230673076923074,158.39899999999997,17.307692307692307,12.5,82.6923076923077,4.807692307692308,1.3564390078151547
A_L,5,40,134,0.6403582089552239,85.808,17.91044776119403,9.701492537313433,82.08955223880598,8.208955223880597,1.1498950133984562
F_S,5,40,116,0.31517241379310357,36.56000000000002,17.24137931034483,8.620689655172415,81.89655172413794,9.482758620689655,1.0745567077585063
A_S,5,50,101,-0.39637623762376234,-40.034,12.871287128712872,5.9405940594059405,87.12871287128714,6.9306930693069315,0.9130676475889159
F_L,5,50,104,1.192298076923077,123.99900000000001,16.346153846153847,7.6923076923076925,83.65384615384616,8.653846153846153,1.275876415268548
A_L,5,50,134,1.4343358208955226,192.20100000000002,17.91044776119403,8.208955223880597,82.08955223880598,9.701492537313433,1.3357492479745094
F_S,5,50,116,-0.8859482758620689,-102.77,14.655172413793101,3.4482758620689653,84.48275862068965,12.068965517241379,0.7966661720334374
A_S,5,60,101,0.18246534653465327,18.42899999999998,12.871287128712872,5.9405940594059405,87.12871287128714,6.9306930693069315,1.0400178928556694
F_L,5,60,104,1.940278846153846,201.789,16.346153846153847,7.6923076923076925,83.65384615384616,8.653846153846153,1.4489457653741162
A_L,5,60,134,1.4156044776119403,189.691,17.16417910447761,5.970149253731343,82.83582089552239,11.194029850746269,1.3284419649968486
F_S,5,60,116,-1.442594827586207,-167.341,13.793103448275861,0.8620689655172413,85.34482758620689,13.793103448275861,0.6726884025513489
A_S,5,75,101,0.9665643564356434,97.62299999999999,12.871287128712872,4.9504950495049505,87.12871287128714,7.920792079207921,1.2119847389575673
F_L,5,75,104,1.0785769230769229,112.17199999999998,15.384615384615385,2.8846153846153846,84.61538461538461,12.5,1.2468139412075339
A_L,5,75,134,1.236,165.624,16.417910447761194,3.731343283582089,83.5820895522388,12.686567164179104,1.2842832671360551
F_S,5,75,116,-1.3155775862068966,-152.607,13.793103448275861,0.8620689655172413,85.34482758620689,13.793103448275861,0.7015074551254845
A_S,6,3,101,-1.4438613861386134,-145.82999999999996,50.495049504950494,50.495049504950494,49.504950495049506,0.0,0.5244679081870565
F_L,6,3,104,-0.6188173076923077,-64.357,59.61538461538461,59.61538461538461,40.38461538461539,0.0,0.7517502883395115
A_L,6,3,134,-0.6290149253731343,-84.288,59.70149253731343,59.70149253731343,40.298507462686565,0.0,0.7477864587229535
F_S,6,3,116,-0.6569655172413792,-76.20799999999998,56.896551724137936,56.896551724137936,43.103448275862064,0.0,0.7517994280912709
A_S,6,4,101,-1.6466831683168317,-166.315,43.56435643564357,43.56435643564357,56.43564356435643,0.0,0.5258006204238043
F_L,6,4,104,-0.8259711538461537,-85.90099999999998,51.92307692307693,51.92307692307693,48.07692307692308,0.0,0.7218141779202696
A_L,6,4,134,-0.27268656716417916,-36.540000000000006,57.46268656716418,57.46268656716418,42.53731343283582,0.0,0.8965517241379312
F_S,6,4,116,-0.4220172413793105,-48.95400000000002,53.44827586206896,53.44827586206896,46.55172413793103,0.0,0.8523195549736641
A_S,6,5,101,-1.467336633663366,-148.20099999999996,41.584158415841586,41.584158415841586,58.415841584158414,0.0,0.5915358643974369
F_L,6,5,104,-0.8325576923076923,-86.586,47.11538461538461,47.11538461538461,52.88461538461539,0.0,0.7452686144314248
A_L,6,5,134,-0.1127388059701493,-15.107000000000006,53.73134328358209,53.73134328358209,46.26865671641791,0.0,0.9606298391783528
F_S,6,5,116,-0.11822413793103438,-13.713999999999988,51.724137931034484,51.724137931034484,48.275862068965516,0.0,0.9601085568512695
A_S,6,6,101,-1.2786831683168314,-129.14699999999996,39.603960396039604,39.603960396039604,60.396039603960396,0.0,0.656208489172246
F_L,6,6,104,-0.855201923076923,-88.94099999999999,43.269230769230774,43.269230769230774,56.730769230769226,0.0,0.7559107412886034
A_L,6,6,134,-0.18609701492537317,-24.937000000000005,48.507462686567166,48.507462686567166,51.49253731343284,0.0,0.941573670781681
F_S,6,6,116,-0.12474137931034472,-14.469999999999988,47.41379310344828,47.41379310344828,52.58620689655172,0.0,0.961320812717353
A_S,6,8,101,-1.083970297029703,-109.481,34.65346534653465,34.65346534653465,65.34653465346535,0.0,0.7306581446383058
F_L,6,8,104,-0.6661346153846153,-69.27799999999999,38.46153846153847,38.46153846153847,61.53846153846154,0.0,0.8245633583108164
A_L,6,8,134,0.026141791044776014,3.502999999999986,43.28358208955223,43.28358208955223,56.71641791044776,0.0,1.007446663775584
F_S,6,8,116,-0.0614741379310345,-7.131000000000002,41.37931034482759,41.37931034482759,58.620689655172406,0.0,0.9828886116043578
A_S,6,10,101,-1.579435643564357,-159.52300000000005,27.722772277227726,27.722772277227726,72.27722772277228,0.0,0.6453570706048959
F_L,6,10,104,-0.3599903846153847,-37.43900000000001,35.57692307692308,35.57692307692308,64.42307692307693,0.0,0.9094821437637962
A_L,6,10,134,0.1607537313432835,21.54099999999999,38.80597014925373,38.80597014925373,61.19402985074627,0.0,1.0425051205045126
F_S,6,10,116,-0.14946551724137933,-17.338,35.3448275862069,35.3448275862069,63.793103448275865,0.8620689655172413,0.9620679923252115
A_S,6,12,101,-1.3806039603960392,-139.44099999999995,25.742574257425744,25.742574257425744,74.25742574257426,0.0,0.6983448457879127
F_L,6,12,104,-0.17034615384615365,-17.71599999999998,32.69230769230769,32.69230769230769,67.3076923076923,0.0,0.9589659493351308
A_L,6,12,134,0.5301567164179105,71.04100000000001,36.56716417910448,36.56716417910448,63.43283582089553,0.0,1.1353463533778003
F_S,6,12,116,-0.2999051724137931,-34.789,31.03448275862069,31.03448275862069,68.10344827586206,0.8620689655172413,0.9287351612671945
A_S,6,15,101,-1.10859405940594,-111.96799999999993,23.762376237623762,22.772277227722775,76.23762376237624,0.9900990099009901,0.7639499093477253
F_L,6,15,104,-0.012874999999999713,-1.3389999999999702,28.846153846153843,28.846153846153843,71.15384615384616,0.0,0.9970650124939723
A_L,6,15,134,1.1563507462686566,154.951,34.32835820895522,34.32835820895522,65.67164179104478,0.0,1.285189213862002
F_S,6,15,116,-0.06437068965517243,-7.4670000000000005,27.586206896551722,27.586206896551722,71.55172413793103,0.8620689655172413,0.9854425147972831
A_S,6,18,101,-0.42877227722772265,-43.30599999999999,23.762376237623762,22.772277227722775,76.23762376237624,0.9900990099009901,0.9087026183750053
F_L,6,18,104,-0.32082692307692295,-33.365999999999985,24.03846153846154,24.03846153846154,75.96153846153845,0.0,0.931520962803031
A_L,6,18,134,1.4626343283582088,195.993,31.343283582089555,31.343283582089555,68.65671641791045,0.0,1.3439155481700762
F_S,6,18,116,0.4172844827586209,48.40500000000002,26.72413793103448,25.862068965517242,72.41379310344827,1.7241379310344827,1.0932247620991895
A_S,6,20,101,-0.6101188118811882,-61.622000000000014,21.782178217821784,19.801980198019802,78.21782178217822,1.9801980198019802,0.8733959279271877
F_L,6,20,104,0.1469038461538463,15.278000000000016,24.03846153846154,24.03846153846154,75.96153846153845,0.0,1.0313559530748455
A_L,6,20,134,1.6790149253731343,224.988,29.850746268656714,29.850746268656714,70.1492537313433,0.0,1.3864418657377824
F_S,6,20,116,0.8730603448275864,101.27500000000002,26.72413793103448,25.862068965517242,72.41379310344827,1.7241379310344827,1.195048812758918
A_S,6,22,101,-1.0886831683168314,-109.95699999999998,18.81188118811881,16.831683168316832,81.1881188118812,1.9801980198019802,0.7821986728731306
F_L,6,22,104,0.4892692307692309,50.884000000000015,24.03846153846154,22.115384615384613,75.96153846153845,1.9230769230769231,1.1044322762312107
A_L,6,22,134,2.036179104477612,272.848,29.850746268656714,27.611940298507463,70.1492537313433,2.2388059701492535,1.4686467286380716
F_S,6,22,116,0.25938793103448293,30.08900000000002,23.275862068965516,21.551724137931032,75.86206896551724,2.586206896551724,1.0553744849302416
A_S,6,25,101,-0.797039603960396,-80.50099999999999,18.81188118811881,15.841584158415841,81.1881188118812,2.9702970297029703,0.8405447162523523
F_L,6,25,104,1.0143942307692309,105.49700000000001,24.03846153846154,21.153846153846153,75.96153846153845,2.8846153846153846,1.216517802168934
A_L,6,25,134,2.274186567164179,304.741,28.35820895522388,25.37313432835821,71.64179104477611,2.9850746268656714,1.5127177958288185
F_S,6,25,116,0.5509137931034483,63.906000000000006,23.275862068965516,19.82758620689655,75.86206896551724,4.310344827586207,1.1176098186696801
A_S,6,30,101,-1.0976732673267322,-110.86499999999995,15.841584158415841,12.871287128712872,84.15841584158416,2.9702970297029703,0.788136079069874
F_L,6,30,104,1.6336923076923076,169.904,23.076923076923077,19.230769230769234,76.92307692307693,3.8461538461538463,1.344246019685789
A_L,6,30,134,2.173529850746269,291.25300000000004,25.37313432835821,20.149253731343283,74.6268656716418,5.223880597014925,1.4705689422850108
F_S,6,30,116,0.6468275862068966,75.03200000000001,21.551724137931032,17.24137931034483,77.58620689655173,5.172413793103448,1.1350314849108185
A_S,6,35,101,-1.5211584158415836,-153.63699999999994,13.861386138613863,9.900990099009901,86.13861386138613,3.9603960396039604,0.7135941062317428
F_L,6,35,104,1.6459038461538462,171.174,21.153846153846153,16.346153846153847,78.84615384615384,4.807692307692308,1.3378185291610094
A_L,6,35,134,1.5905,213.127,22.388059701492537,15.671641791044777,77.61194029850746,6.7164179104477615,1.32994962364809
F_S,6,35,116,0.952008620689655,110.43299999999998,21.551724137931032,14.655172413793101,77.58620689655173,7.758620689655173,1.19874096349766
A_S,6,40,101,-1.0264257425742573,-103.66899999999998,13.861386138613863,9.900990099009901,86.13861386138613,3.9603960396039604,0.8067430853175899
F_L,6,40,104,1.788634615384615,186.01799999999997,20.192307692307693,14.423076923076922,79.8076923076923,5.769230769230769,1.3627354627354624
A_L,6,40,134,1.091164179104478,146.21600000000004,20.8955223880597,11.194029850746269,79.1044776119403,9.701492537313433,1.2221715730518046
F_S,6,40,116,1.1633189655172413,134.945,21.551724137931032,12.068965517241379,77.58620689655173,10.344827586206897,1.2428540320302057
A_S,6,50,101,-0.6337920792079206,-64.01299999999998,13.861386138613863,6.9306930693069315,86.13861386138613,6.9306930693069315,0.8806687160138025
F_L,6,50,104,1.3950769230769233,145.08800000000002,19.230769230769234,8.653846153846153,80.76923076923077,10.576923076923077,1.2794614480805904
A_L,6,50,134,2.0335,272.48900000000003,20.8955223880597,9.701492537313433,79.1044776119403,11.194029850746269,1.4140402539346804
F_S,6,50,116,-0.1965086206896552,-22.795,18.103448275862068,6.0344827586206895,81.03448275862068,12.931034482758621,0.9606856003573566
A_S,6,60,101,0.04455445544554434,4.499999999999978,13.861386138613863,6.9306930693069315,86.13861386138613,6.9306930693069315,1.0083887769349649
F_L,6,60,104,2.2248846153846156,231.38800000000003,19.230769230769234,7.6923076923076925,80.76923076923077,11.538461538461538,1.4456883101874147
A_L,6,60,134,2.00939552238806,269.259,20.149253731343283,6.7164179104477615,79.8507462686567,13.432835820895523,1.405433607478099
F_S,6,60,116,-1.0805689655172415,-125.346,16.379310344827587,2.586206896551724,82.75862068965517,14.655172413793101,0.7884694895260789
A_S,6,75,101,0.9576336633663368,96.72100000000002,13.861386138613863,5.9405940594059405,86.13861386138613,7.920792079207921,1.1803046430948252
F_L,6,75,104,1.3511346153846158,140.51800000000003,18.269230769230766,2.8846153846153846,81.73076923076923,15.384615384615385,1.2674342919132904
A_L,6,75,134,1.9340970149253733,259.16900000000004,19.402985074626866,4.477611940298507,80.59701492537313,14.925373134328357,1.386679159648068
F_S,6,75,116,-0.687146551724138,-79.709,16.379310344827587,2.586206896551724,82.75862068965517,14.655172413793101,0.8654852531443703
A_S,8,3,101,-1.3525148514851484,-136.60399999999998,60.396039603960396,60.396039603960396,39.603960396039604,0.0,0.5836893913997502
F_L,8,3,104,-0.7513076923076925,-78.13600000000001,65.38461538461539,65.38461538461539,33.65384615384615,0.9615384615384616,0.7317384676655176
A_L,8,3,134,-0.8459179104477611,-113.35299999999998,64.92537313432835,64.92537313432835,35.07462686567165,0.0,0.7053753603110696
F_S,8,3,116,-0.9564568965517243,-110.94900000000001,62.06896551724138,62.06896551724138,37.93103448275862,0.0,0.692144409020153
A_S,8,4,101,-1.456227722772277,-147.07899999999998,54.45544554455446,54.45544554455446,45.54455445544555,0.0,0.6096950622427559
F_L,8,4,104,-1.0599423076923078,-110.23400000000001,57.692307692307686,57.692307692307686,41.34615384615385,0.9615384615384616,0.6914935001329362
A_L,8,4,134,-0.46921641791044766,-62.874999999999986,62.68656716417911,62.68656716417911,37.3134328358209,0.0,0.8462841719759236
F_S,8,4,116,-0.6321724137931035,-73.33200000000001,59.48275862068966,59.48275862068966,40.51724137931034,0.0,0.8095010481962451
A_S,8,5,101,-1.1197029702970296,-113.08999999999999,53.46534653465347,52.475247524752476,46.53465346534654,0.9900990099009901,0.7061918209664053
F_L,8,5,104,-1.2236057692307694,-127.25500000000001,51.92307692307693,51.92307692307693,47.11538461538461,0.9615384615384616,0.6864705983803053
A_L,8,5,134,-0.33757462686567175,-45.235000000000014,58.95522388059702,58.95522388059702,41.04477611940299,0.0,0.8993937156379552
F_S,8,5,116,-0.4224655172413793,-49.006,56.896551724137936,56.896551724137936,43.103448275862064,0.0,0.8803304428940858
A_S,8,6,101,-0.7187326732673266,-72.59199999999998,52.475247524752476,51.48514851485149,47.524752475247524,0.9900990099009901,0.8153068000539383
F_L,8,6,104,-1.2803461538461536,-133.15599999999998,48.07692307692308,48.07692307692308,50.96153846153846,0.9615384615384616,0.6965679427025772
A_L,8,6,134,-0.3584477611940297,-48.03199999999998,54.47761194029851,54.47761194029851,45.52238805970149,0.0,0.9036581501049025
F_S,8,6,116,-0.46449999999999997,-53.882,52.58620689655172,52.58620689655172,47.41379310344828,0.0,0.880227088834947
A_S,8,8,101,-0.5433069306930698,-54.874000000000045,46.53465346534654,45.54455445544555,53.46534653465347,0.9900990099009901,0.875719931602251
F_L,8,8,104,-1.0937788461538462,-113.753,43.269230769230774,43.269230769230774,55.769230769230774,0.9615384615384616,0.7630160644829304
A_L,8,8,134,-0.24688059701492554,-33.08200000000002,48.507462686567166,48.507462686567166,51.49253731343284,0.0,0.9413123385654681
F_S,8,8,116,-0.27709482758620696,-32.14300000000001,47.41379310344828,47.41379310344828,52.58620689655172,0.0,0.9355212084131549
A_S,8,10,101,-0.9423069306930694,-95.173,39.603960396039604,38.613861386138616,60.396039603960396,0.9900990099009901,0.8087970282807542
F_L,8,10,104,-1.1086923076923074,-115.30399999999997,38.46153846153847,38.46153846153847,60.57692307692307,0.9615384615384616,0.7789900213526951
A_L,8,10,134,-0.22915671641791055,-30.707000000000015,43.28358208955223,43.28358208955223,56.71641791044776,0.0,0.9504805676503788
F_S,8,10,116,-0.3369482758620691,-39.08600000000001,41.37931034482759,41.37931034482759,57.758620689655174,0.8620689655172413,0.9289744489005268
A_S,8,12,101,-1.1626039603960399,-117.42300000000002,34.65346534653465,33.663366336633665,65.34653465346535,0.9900990099009901,0.7817209438069409
F_L,8,12,104,-0.921028846153846,-95.78699999999998,35.57692307692308,35.57692307692308,63.46153846153846,0.9615384615384616,0.8245787854369643
A_L,8,12,134,0.02795522388059687,3.745999999999981,40.298507462686565,40.298507462686565,59.70149253731343,0.0,1.0057360996053943
F_S,8,12,116,-0.45028448275862076,-52.23300000000001,37.06896551724138,37.06896551724138,62.06896551724138,0.8620689655172413,0.9116405195367612
A_S,8,15,101,-0.6992277227722772,-70.622,32.67326732673268,30.693069306930692,67.32673267326733,1.9801980198019802,0.8726244005201654
F_L,8,15,104,-0.8756923076923074,-91.07199999999997,31.73076923076923,30.76923076923077,67.3076923076923,1.9230769230769231,0.8428934434854912
A_L,8,15,134,0.722268656716418,96.78400000000002,38.059701492537314,38.059701492537314,61.940298507462686,0.0,1.1428959521869055
F_S,8,15,116,-0.055965517241379055,-6.491999999999971,33.62068965517241,33.62068965517241,64.65517241379311,1.7241379310344827,0.9895328477039017
A_S,8,18,101,-0.1004950495049506,-10.150000000000011,31.683168316831683,28.71287128712871,68.31683168316832,2.9702970297029703,0.9819541439685949
F_L,8,18,104,-1.222875,-127.179,26.923076923076923,25.961538461538463,72.11538461538461,1.9230769230769231,0.7951293298559707
A_L,8,18,134,1.0923059701492541,146.36900000000006,35.07462686567165,35.07462686567165,64.92537313432835,0.0,1.2060835688167817
F_S,8,18,116,0.11629310344827593,13.490000000000007,31.03448275862069,30.17241379310345,67.24137931034483,2.586206896551724,1.0209083427232302
A_S,8,20,101,-0.2090990099009903,-21.11900000000002,29.7029702970297,25.742574257425744,70.29702970297029,3.9603960396039604,0.963491372008035
F_L,8,20,104,-0.9894711538461536,-102.90499999999997,25.961538461538463,25.0,73.07692307692307,1.9230769230769231,0.8363592415961275
A_L,8,20,134,1.3530074626865674,181.30300000000003,33.582089552238806,33.582089552238806,66.4179104477612,0.0,1.2495849497121492
F_S,8,20,116,0.654887931034483,75.96700000000003,31.03448275862069,30.17241379310345,67.24137931034483,2.586206896551724,1.1177423329618705
A_S,8,22,101,-0.6217227722772277,-62.794,26.732673267326735,22.772277227722775,73.26732673267327,3.9603960396039604,0.8958408667929522
F_L,8,22,104,-0.6212596153846156,-64.61100000000002,25.961538461538463,23.076923076923077,73.07692307692307,3.8461538461538463,0.8972548171494815
A_L,8,22,134,1.788805970149254,239.70000000000005,33.582089552238806,31.343283582089555,66.4179104477612,2.2388059701492535,1.3299753034754096
F_S,8,22,116,0.04782758620689657,5.548000000000002,27.586206896551722,25.862068965517242,70.6896551724138,3.4482758620689653,1.0081773789643267
A_S,8,25,101,-0.15740594059405946,-15.898000000000007,26.732673267326735,21.782178217821784,73.26732673267327,4.9504950495049505,0.9736292973894696
F_L,8,25,104,-0.07380769230769212,-7.675999999999981,25.961538461538463,22.115384615384613,73.07692307692307,4.807692307692308,0.9877935332441755
A_L,8,25,134,2.350626865671642,314.98400000000004,32.83582089552239,29.850746268656714,67.16417910447761,2.9850746268656714,1.428749159472843
F_S,8,25,116,0.18133620689655175,21.035000000000004,26.72413793103448,23.275862068965516,71.55172413793103,5.172413793103448,1.0306424052430778
A_S,8,30,101,-0.21226732673267323,-21.438999999999997,23.762376237623762,18.81188118811881,76.23762376237624,4.9504950495049505,0.9658104528572088
F_L,8,30,104,0.572798076923077,59.57100000000001,25.0,20.192307692307693,74.03846153846155,5.769230769230769,1.0934642050812169
A_L,8,30,134,1.8469253731343283,247.48799999999997,28.35820895522388,23.134328358208954,71.64179104477611,5.223880597014925,1.3155961805272178
F_S,8,30,116,0.7781724137931035,90.26800000000001,25.862068965517242,21.551724137931032,72.41379310344827,6.0344827586206895,1.1299573709647466
A_S,8,35,101,-0.799574257425743,-80.75700000000003,20.792079207920793,14.85148514851485,79.20792079207921,5.9405940594059405,0.8759893122034366
F_L,8,35,104,0.18174038461538486,18.901000000000025,22.115384615384613,16.346153846153847,76.92307692307693,6.730769230769231,1.028534678367782
A_L,8,35,134,1.3593805970149255,182.157,25.37313432835821,18.65671641791045,74.6268656716418,6.7164179104477615,1.2227718776446643
F_S,8,35,116,1.2714224137931036,147.485,25.862068965517242,18.96551724137931,72.41379310344827,8.620689655172415,1.2123317549600703
A_S,8,40,101,-0.5471485148514855,-55.26200000000004,19.801980198019802,13.861386138613863,80.19801980198021,5.9405940594059405,0.9162366993057871
F_L,8,40,104,0.2993365384615382,31.130999999999972,21.153846153846153,14.423076923076922,77.88461538461539,7.6923076923076925,1.0463868446187472
A_L,8,40,134,0.9769626865671637,130.91299999999993,23.88059701492537,14.17910447761194,76.11940298507463,9.701492537313433,1.1570106886195946
F_S,8,40,116,1.274836206896552,147.88100000000003,25.0,15.517241379310345,73.27586206896551,11.206896551724139,1.2103399866582651
A_S,8,50,101,0.09558415841584149,9.653999999999991,19.801980198019802,9.900990099009901,80.19801980198021,9.900990099009901,1.014633037257101
F_L,8,50,104,-0.11015384615384598,-11.455999999999982,20.192307692307693,8.653846153846153,78.84615384615384,12.5,0.983131210206089
A_L,8,50,134,1.7709402985074623,237.30599999999995,23.134328358208954,11.940298507462686,76.86567164179104,11.194029850746269,1.28131457001924
F_S,8,50,116,0.06449137931034503,7.481000000000023,21.551724137931032,8.620689655172415,76.72413793103449,14.655172413793101,1.0101665155935948
A_S,8,60,101,0.8830396039603955,89.18699999999994,19.801980198019802,8.91089108910891,80.19801980198021,10.891089108910892,1.1351850729075086
F_L,8,60,104,0.7196538461538461,74.844,20.192307692307693,7.6923076923076925,78.84615384615384,13.461538461538462,1.110206678014619
A_L,8,60,134,1.9550970149253728,261.98299999999995,22.388059701492537,8.955223880597014,77.61194029850746,13.432835820895523,1.3076260996585365
F_S,8,60,116,-0.7632155172413795,-88.53300000000002,19.82758620689655,4.310344827586207,78.44827586206897,17.24137931034483,0.8823003108240695
A_S,8,75,101,1.7552277227722772,177.278,19.801980198019802,5.9405940594059405,80.19801980198021,13.861386138613863,1.2687088853184587
F_L,8,75,104,-0.01909615384615416,-1.9860000000000326,20.192307692307693,2.8846153846153846,78.84615384615384,18.269230769230766,0.9970756445067469
A_L,8,75,134,1.9203955223880596,257.33299999999997,21.641791044776117,5.223880597014925,78.35820895522389,16.417910447761194,1.2992052833830399
F_S,8,75,116,-0.11125862068965517,-12.905999999999999,19.82758620689655,4.310344827586207,78.44827586206897,17.24137931034483,0.9828421923067722
A_S,10,3,101,-1.3553069306930692,-136.886,66.33663366336634,66.33663366336634,33.663366336633665,0.0,0.6059201510841903
F_L,10,3,104,-0.7753557692307692,-80.637,70.1923076923077,70.1923076923077,27.884615384615387,1.9230769230769231,0.738930689735554
A_L,10,3,134,-0.880865671641791,-118.03599999999999,70.1492537313433,70.1492537313433,29.850746268656714,0.0,0.7128790421841777
F_S,10,3,116,-1.0397155172413792,-120.607,67.24137931034483,67.24137931034483,32.758620689655174,0.0,0.6913085097669847
A_S,10,4,101,-1.5046138613861386,-151.966,60.396039603960396,60.396039603960396,39.603960396039604,0.0,0.6278754279165666
F_L,10,4,104,-1.028125,-106.925,63.46153846153846,63.46153846153846,34.61538461538461,1.9230769230769231,0.7181526311904939
A_L,10,4,134,-0.4965522388059702,-66.53800000000001,67.91044776119402,67.91044776119402,32.08955223880597,0.0,0.8492623738151763
F_S,10,4,116,-0.7298275862068965,-84.66,64.65517241379311,64.65517241379311,35.3448275862069,0.0,0.7991082551652622
A_S,10,5,101,-1.137891089108911,-114.927,59.4059405940594,58.415841584158414,40.5940594059406,0.9900990099009901,0.7253008074115503
F_L,10,5,104,-1.2447115384615384,-129.45,57.692307692307686,57.692307692307686,40.38461538461539,1.9230769230769231,0.7060960381428084
A_L,10,5,134,-0.15802238805970162,-21.17500000000002,65.67164179104478,65.67164179104478,34.32835820895522,0.0,0.9551420836104954
F_S,10,5,116,-0.1284224137931034,-14.896999999999995,64.65517241379311,64.65517241379311,35.3448275862069,0.0,0.9646505513488887
A_S,10,6,101,-0.5247623762376237,-53.00099999999999,59.4059405940594,58.415841584158414,40.5940594059406,0.9900990099009901,0.8733166975003225
F_L,10,6,104,-1.3208365384615386,-137.36700000000002,53.84615384615385,53.84615384615385,44.230769230769226,1.9230769230769231,0.7142812572148834
A_L,10,6,134,-0.567820895522388,-76.088,58.95522388059702,58.95522388059702,41.04477611940299,0.0,0.8649420543760528
F_S,10,6,116,-0.4652500000000003,-53.96900000000003,58.620689655172406,58.620689655172406,41.37931034482759,0.0,0.8905134218384834
A_S,10,8,101,-0.44352475247524775,-44.79600000000002,52.475247524752476,51.48514851485149,46.53465346534654,1.9801980198019802,0.9078463117747134
F_L,10,8,104,-1.4685480769230768,-152.72899999999998,47.11538461538461,47.11538461538461,50.96153846153846,1.9230769230769231,0.7230917902424254
A_L,10,8,134,-0.20083582089552265,-26.912000000000035,54.47761194029851,54.47761194029851,45.52238805970149,0.0,0.9568775998102818
F_S,10,8,116,-0.261896551724138,-30.38000000000001,53.44827586206896,53.44827586206896,46.55172413793103,0.0,0.9451295722346243
A_S,10,10,101,-0.7054158415841583,-71.24699999999999,46.53465346534654,45.54455445544555,52.475247524752476,1.9801980198019802,0.8697007105039369
F_L,10,10,104,-1.500923076923077,-156.096,42.30769230769231,42.30769230769231,55.769230769230774,1.9230769230769231,0.7413055043180384
A_L,10,10,134,-0.20179104477611945,-27.040000000000006,49.25373134328358,49.25373134328358,50.74626865671642,0.0,0.9612622989335672
F_S,10,10,116,0.04212931034482771,4.887000000000015,49.137931034482754,49.137931034482754,50.0,0.8620689655172413,1.0081804212238996
A_S,10,12,101,-0.8991089108910888,-90.80999999999997,41.584158415841586,40.5940594059406,57.42574257425742,1.9801980198019802,0.8479925678559772
F_L,10,12,104,-1.3029134615384614,-135.503,39.42307692307692,39.42307692307692,58.65384615384615,1.9230769230769231,0.7862759046007235
A_L,10,12,134,0.11847761194029875,15.876000000000033,46.26865671641791,46.26865671641791,53.73134328358209,0.0,1.021499318836144
F_S,10,12,116,-0.003310344827586332,-0.38400000000001455,44.827586206896555,44.827586206896555,54.310344827586206,0.8620689655172413,0.9994084289629482
A_S,10,15,101,-1.2774554455445546,-129.02300000000002,35.64356435643564,33.663366336633665,63.366336633663366,2.9702970297029703,0.8040522069811802
F_L,10,15,104,-1.241846153846154,-129.15200000000002,35.57692307692308,33.65384615384615,62.5,3.8461538461538463,0.8084315511241772
A_L,10,15,134,0.9394552238805974,125.88700000000006,44.02985074626866,44.02985074626866,55.970149253731336,0.0,1.1636796488390415
F_S,10,15,116,0.36449137931034487,42.281000000000006,40.51724137931034,40.51724137931034,57.758620689655174,1.7241379310344827,1.0609793384734756
A_S,10,18,101,-0.3212178217821785,-32.443000000000026,35.64356435643564,32.67326732673268,63.366336633663366,3.9603960396039604,0.9507286743533355
F_L,10,18,104,-1.8829038461538459,-195.82199999999997,29.807692307692307,27.884615384615387,68.26923076923077,3.8461538461538463,0.7340625195220725
A_L,10,18,134,1.642985074626866,220.16000000000003,41.7910447761194,41.7910447761194,58.2089552238806,0.0,1.2754334298317824
F_S,10,18,116,0.43988793103448287,51.027000000000015,37.06896551724138,36.206896551724135,61.206896551724135,2.586206896551724,1.0694518925834682
A_S,10,20,101,-0.5610594059405939,-56.66699999999999,33.663366336633665,28.71287128712871,65.34653465346535,5.9405940594059405,0.916518364869563
F_L,10,20,104,-1.6338269230769227,-169.91799999999995,28.846153846153843,26.923076923076923,69.23076923076923,3.8461538461538463,0.7724676145508889
A_L,10,20,134,2.0063358208955226,268.84900000000005,40.298507462686565,40.298507462686565,59.70149253731343,0.0,1.3281199274557518
F_S,10,20,116,1.0979310344827589,127.36000000000003,37.06896551724138,36.206896551724135,61.206896551724135,2.586206896551724,1.173347307100761
A_S,10,22,101,-0.6545247524752477,-66.10700000000001,31.683168316831683,26.732673267326735,67.32673267326733,5.9405940594059405,0.9054609470637364
F_L,10,22,104,-1.227730769230769,-127.68399999999998,28.846153846153843,25.0,69.23076923076923,5.769230769230769,0.829021968810342
A_L,10,22,134,2.5819701492537317,345.98400000000004,40.298507462686565,38.059701492537314,59.70149253731343,2.2388059701492535,1.4222602463868226
F_S,10,22,116,0.27147413793103453,31.491000000000003,32.758620689655174,31.03448275862069,65.51724137931035,3.4482758620689653,1.0400985560394225
A_S,10,25,101,-0.4202178217821784,-42.44200000000002,30.693069306930692,24.752475247524753,68.31683168316832,6.9306930693069315,0.9401994572553353
F_L,10,25,104,-0.9657596153846153,-100.439,27.884615384615387,23.076923076923077,70.1923076923077,6.730769230769231,0.8674153120734582
A_L,10,25,134,3.0672985074626866,411.01800000000003,38.80597014925373,35.82089552238806,61.19402985074627,2.9850746268656714,1.489581658286968
F_S,10,25,116,0.5562586206896553,64.52600000000001,31.896551724137932,28.448275862068968,66.37931034482759,5.172413793103448,1.0811260026653926
A_S,10,30,101,-0.2904257425742572,-29.332999999999974,27.722772277227726,21.782178217821784,70.29702970297029,7.920792079207921,0.9598179733507948
F_L,10,30,104,-0.28617307692307653,-29.76199999999996,26.923076923076923,21.153846153846153,71.15384615384616,7.6923076923076925,0.9612315451890487
A_L,10,30,134,2.5053880597014926,335.722,33.582089552238806,28.35820895522388,65.67164179104478,5.970149253731343,1.370157778096299
F_S,10,30,116,1.1388017241379311,132.101,31.03448275862069,25.862068965517242,67.24137931034483,6.896551724137931,1.164017084466297
A_S,10,35,101,-0.7870495049504952,-79.49200000000002,24.752475247524753,17.82178217821782,73.26732673267327,8.91089108910891,0.895440620737461
F_L,10,35,104,-0.6821346153846152,-70.94199999999998,24.03846153846154,17.307692307692307,74.03846153846155,8.653846153846153,0.9111098302689186
A_L,10,35,134,1.8561865671641795,248.72900000000004,29.850746268656714,23.134328358208954,69.40298507462687,7.462686567164178,1.2584597511718696
F_S,10,35,116,1.4610862068965516,169.486,30.17241379310345,22.413793103448278,68.10344827586206,9.482758620689655,1.2078358758032077
A_S,10,40,101,-0.6492079207920795,-65.57000000000002,23.762376237623762,15.841584158415841,74.25742574257426,9.900990099009901,0.9148891430114212
F_L,10,40,104,-0.32463461538461524,-33.761999999999986,24.03846153846154,15.384615384615385,74.03846153846155,10.576923076923077,0.9576962883699252
A_L,10,40,134,1.6613059701492539,222.615,28.35820895522388,18.65671641791045,70.8955223880597,10.44776119402985,1.2265591685655581
F_S,10,40,116,1.1767327586206897,136.501,28.448275862068968,18.103448275862068,69.82758620689656,12.068965517241379,1.1633549143739301
A_S,10,50,101,-0.26432673267326773,-26.69700000000004,23.762376237623762,10.891089108910892,74.25742574257426,14.85148514851485,0.9653468880734469
F_L,10,50,104,-0.6578076923076923,-68.412,23.076923076923077,9.615384615384617,75.0,15.384615384615385,0.9153511691615545
A_L,10,50,134,2.5490000000000004,341.56600000000003,27.611940298507463,14.17910447761194,71.64179104477611,14.17910447761194,1.3439745095156288
F_S,10,50,116,0.16068965517241385,18.640000000000008,25.0,11.206896551724139,73.27586206896551,15.517241379310345,1.0212856583309258
A_S,10,60,101,0.625504950495049,63.175999999999945,23.762376237623762,9.900990099009901,74.25742574257426,15.841584158415841,1.0820034085879282
F_L,10,60,104,0.26950000000000024,28.028000000000024,23.076923076923077,8.653846153846153,75.0,16.346153846153847,1.0346801355133595
A_L,10,60,134,2.6542611940298504,355.67099999999994,26.865671641791046,9.701492537313433,72.38805970149254,17.91044776119403,1.3545983400214352
F_S,10,60,116,-1.0450603448275861,-121.227,22.413793103448278,6.0344827586206895,75.86206896551724,18.103448275862068,0.8661792643927362
A_S,10,75,101,0.7981188118811883,80.61000000000001,22.772277227722775,5.9405940594059405,75.24752475247524,18.81188118811881,1.1032900064580282
F_L,10,75,104,-0.4906923076923078,-51.03200000000001,23.076923076923077,2.8846153846153846,75.0,22.115384615384613,0.936856119754611
A_L,10,75,134,2.709470149253732,363.0690000000001,26.119402985074625,5.970149253731343,73.13432835820896,20.8955223880597,1.358311342000912
F_S,10,75,116,-0.7164913793103449,-83.11300000000001,22.413793103448278,5.172413793103448,75.86206896551724,18.96551724137931,0.9082527588860029
A_S,12,3,101,-1.1036831683168316,-111.472,72.27722772277228,72.27722772277228,27.722772277227726,0.0,0.672886802142176
F_L,12,3,104,-1.036028846153846,-107.74699999999999,72.11538461538461,72.11538461538461,25.961538461538463,1.9230769230769231,0.6857606990159881
A_L,12,3,134,-0.8896641791044776,-119.215,73.88059701492537,73.88059701492537,26.119402985074625,0.0,0.7225493390430087
F_S,12,3,116,-0.899853448275862,-104.383,72.41379310344827,72.41379310344827,27.586206896551722,0.0,0.7344504850120711
A_S,12,4,101,-1.3012376237623766,-131.42500000000004,66.33663366336634,66.33663366336634,33.663366336633665,0.0,0.6822666470035029
F_L,12,4,104,-1.2519326923076919,-130.20099999999996,66.34615384615384,66.34615384615384,31.73076923076923,1.9230769230769231,0.6865134398505293
A_L,12,4,134,-0.40223880597014927,-53.900000000000006,72.38805970149254,72.38805970149254,27.611940298507463,0.0,0.8812670719887216
F_S,12,4,116,-0.5836724137931038,-67.70600000000003,69.82758620689656,69.82758620689656,30.17241379310345,0.0,0.8425478477244712
A_S,12,5,101,-0.9085742574257425,-91.76599999999999,65.34653465346535,64.35643564356435,34.65346534653465,0.9900990099009901,0.7844011155150095
F_L,12,5,104,-1.3950192307692306,-145.082,61.53846153846154,61.53846153846154,36.53846153846153,1.9230769230769231,0.6956017280049682
A_L,12,5,134,-0.06622388059701505,-8.874000000000017,70.1492537313433,70.1492537313433,29.850746268656714,0.0,0.981919683788024
F_S,12,5,116,-0.07411206896551738,-8.597000000000016,68.96551724137932,68.96551724137932,31.03448275862069,0.0,0.9805647239679883
A_S,12,6,101,-0.22752475247524756,-22.980000000000004,65.34653465346535,64.35643564356435,34.65346534653465,0.9900990099009901,0.9460098253659842
F_L,12,6,104,-1.5061730769230766,-156.64199999999997,57.692307692307686,57.692307692307686,40.38461538461539,1.9230769230769231,0.7016774714517519
A_L,12,6,134,-0.39032089552238797,-52.30299999999999,64.17910447761194,64.17910447761194,35.82089552238806,0.0,0.911063991144318
F_S,12,6,116,-0.3426637931034483,-39.749,63.793103448275865,63.793103448275865,36.206896551724135,0.0,0.9228469886276511
A_S,12,8,101,-0.15163366336633696,-15.315000000000033,58.415841584158414,57.42574257425742,40.5940594059406,1.9801980198019802,0.9697361920758816
F_L,12,8,104,-1.7051346153846152,-177.33399999999997,50.96153846153846,50.96153846153846,47.11538461538461,1.9230769230769231,0.7092027155554096
A_L,12,8,134,-0.32905970149253716,-44.09399999999998,58.2089552238806,58.2089552238806,41.7910447761194,0.0,0.9356662946184318
F_S,12,8,116,-0.5556379310344827,-64.454,56.896551724137936,56.896551724137936,43.103448275862064,0.0,0.8962903368544695
A_S,12,10,101,-0.41316831683168315,-41.73,52.475247524752476,51.48514851485149,46.53465346534654,1.9801980198019802,0.9279437640188489
F_L,12,10,104,-1.7794615384615384,-185.064,46.15384615384615,46.15384615384615,51.92307692307693,1.9230769230769231,0.724877761606515
A_L,12,10,134,-0.20404477611940308,-27.342000000000013,53.73134328358209,53.73134328358209,46.26865671641791,0.0,0.964047904569553
F_S,12,10,116,-0.2596206896551726,-30.11600000000002,52.58620689655172,52.58620689655172,46.55172413793103,0.8620689655172413,0.9552855969913246
A_S,12,12,101,-0.6019405940594063,-60.796000000000035,47.524752475247524,46.53465346534654,51.48514851485149,1.9801980198019802,0.9050197550035856
F_L,12,12,104,-1.5575096153846155,-161.98100000000002,43.269230769230774,43.269230769230774,54.807692307692314,1.9230769230769231,0.7715266209760341
A_L,12,12,134,0.3142089552238808,42.10400000000003,51.49253731343284,51.49253731343284,48.507462686567166,0.0,1.0528330108441686
F_S,12,12,116,-0.297801724137931,-34.544999999999995,48.275862068965516,48.275862068965516,50.86206896551724,0.8620689655172413,0.9529494286375833
A_S,12,15,101,-0.6448910891089109,-65.134,42.57425742574257,40.5940594059406,56.43564356435643,2.9702970297029703,0.9070600355584477
F_L,12,15,104,-1.4574134615384615,-151.571,39.42307692307692,37.5,58.65384615384615,3.8461538461538463,0.7997860100786612
A_L,12,15,134,1.251955223880597,167.762,49.25373134328358,49.25373134328358,50.74626865671642,0.0,1.2013850458740927
F_S,12,15,116,0.08076724137931049,9.369000000000018,43.96551724137931,43.96551724137931,54.310344827586206,1.7241379310344827,1.0119055485523747
A_S,12,18,101,0.516475247524752,52.16399999999996,42.57425742574257,39.603960396039604,56.43564356435643,3.9603960396039604,1.0744330196998366
F_L,12,18,104,-2.0663846153846155,-214.904,33.65384615384615,31.73076923076923,64.42307692307693,3.8461538461538463,0.7410239786363823
A_L,12,18,134,2.2945746268656717,307.473,47.76119402985074,47.76119402985074,52.23880597014925,0.0,1.3587318328664546
F_S,12,18,116,-0.0653793103448274,-7.583999999999978,39.6551724137931,38.793103448275865,58.620689655172406,2.586206896551724,0.9910586176934204
A_S,12,20,101,0.3730792079207922,37.68100000000001,40.5940594059406,35.64356435643564,58.415841584158414,5.9405940594059405,1.0519596027567644
F_L,12,20,104,-1.766634615384615,-183.72999999999996,32.69230769230769,30.76923076923077,65.38461538461539,3.8461538461538463,0.7817731333781514
A_L,12,20,134,2.741432835820896,367.3520000000001,46.26865671641791,46.26865671641791,53.73134328358209,0.0,1.4168339402081718
F_S,12,20,116,0.6395603448275864,74.18900000000002,39.6551724137931,38.793103448275865,58.620689655172406,2.586206896551724,1.0874673275241071
A_S,12,22,101,0.27162376237623775,27.43400000000001,38.613861386138616,32.67326732673268,60.396039603960396,6.9306930693069315,1.0366160150019685
F_L,12,22,104,-1.6153461538461538,-167.99599999999998,31.73076923076923,27.884615384615387,66.34615384615384,5.769230769230769,0.8032654036317135
A_L,12,22,134,3.441768656716418,461.197,46.26865671641791,44.02985074626866,53.73134328358209,2.2388059701492535,1.5233197661158462
F_S,12,22,116,-0.2238275862068963,-25.96399999999997,35.3448275862069,33.62068965517241,62.93103448275862,3.4482758620689653,0.9714497781540883
A_S,12,25,101,0.8058316831683169,81.38900000000001,38.613861386138616,30.693069306930692,60.396039603960396,8.91089108910891,1.1086294687247662
F_L,12,25,104,-1.2794326923076922,-133.06099999999998,30.76923076923077,25.961538461538463,67.3076923076923,6.730769230769231,0.8463360441240666
A_L,12,25,134,4.095328358208955,548.774,44.776119402985074,41.7910447761194,55.223880597014926,2.9850746268656714,1.6061644365209284
F_S,12,25,116,0.12115517241379321,14.054000000000013,34.48275862068966,31.03448275862069,63.793103448275865,5.172413793103448,1.0152514690960788
A_S,12,30,101,0.7993168316831682,80.731,34.65346534653465,26.732673267326735,63.366336633663366,9.900990099009901,1.102727010137693
F_L,12,30,104,-0.47696153846153844,-49.604,29.807692307692307,24.03846153846154,68.26923076923077,7.6923076923076925,0.9435054758824278
A_L,12,30,134,3.4265000000000003,459.15100000000007,38.80597014925373,33.582089552238806,60.447761194029844,5.970149253731343,1.4618839674353148
F_S,12,30,116,0.8141034482758622,94.43600000000002,33.62068965517241,28.448275862068968,64.65517241379311,6.896551724137931,1.1011639055377909
A_S,12,35,101,0.04342574257425761,4.386000000000019,30.693069306930692,21.782178217821784,66.33663366336634,11.881188118811881,1.0052839617424785
F_L,12,35,104,-0.7829230769230768,-81.42399999999999,26.923076923076923,20.192307692307693,71.15384615384616,8.653846153846153,0.9109509040084343
A_L,12,35,134,2.9231268656716423,391.69900000000007,35.07462686567165,27.611940298507463,64.17910447761194,8.208955223880597,1.3711179138515353
F_S,12,35,116,0.8436293103448274,97.86099999999998,31.896551724137932,24.137931034482758,66.37931034482759,9.482758620689655,1.1021956275422025
A_S,12,40,101,-0.11583168316831675,-11.698999999999993,28.71287128712871,18.81188118811881,68.31683168316832,12.871287128712872,0.9863045610880493
F_L,12,40,104,-0.28532692307692337,-29.674000000000028,26.923076923076923,18.269230769230766,71.15384615384616,10.576923076923077,0.9675471252400555
A_L,12,40,134,2.501485074626866,335.19900000000007,32.83582089552239,21.641791044776117,66.4179104477612,11.940298507462686,1.3068267320841767
F_S,12,40,116,0.6226379310344825,72.22599999999997,30.17241379310345,19.82758620689655,68.10344827586206,12.068965517241379,1.0735787452310732
A_S,12,50,101,-0.08847524752475214,-8.935999999999966,27.722772277227726,12.871287128712872,69.3069306930693,17.82178217821782,0.9896882709852226
F_L,12,50,104,-0.34731730769230756,-36.12099999999999,25.961538461538463,12.5,72.11538461538461,15.384615384615385,0.9610097883015333
A_L,12,50,134,3.668455223880597,491.573,32.08955223880597,17.16417910447761,67.16417910447761,15.671641791044777,1.4446354982615213
F_S,12,50,116,0.24831896551724142,28.805000000000003,27.586206896551722,13.793103448275861,70.6896551724138,15.517241379310345,1.0283038798079995
A_S,12,60,101,0.989504950495049,99.93999999999996,27.722772277227726,11.881188118811881,69.3069306930693,18.81188118811881,1.1153261188156744
F_L,12,60,104,0.8664999999999998,90.11599999999999,25.961538461538463,11.538461538461538,72.11538461538461,16.346153846153847,1.0972742149281314
A_L,12,60,134,3.9962761194029848,535.501,31.343283582089555,11.940298507462686,67.91044776119402,20.149253731343283,1.4786823611019242
F_S,12,60,116,-0.7680086206896553,-89.08900000000001,25.0,8.620689655172415,73.27586206896551,18.103448275862068,0.9154824687478952
A_S,12,75,101,1.4413267326732673,145.57399999999998,26.732673267326735,7.920792079207921,70.29702970297029,21.782178217821784,1.1656572967092493
F_L,12,75,104,0.13892307692307693,14.448,25.961538461538463,4.807692307692308,72.11538461538461,23.076923076923077,1.0155956529060506
A_L,12,75,134,4.364014925373135,584.778,30.597014925373134,8.208955223880597,68.65671641791045,23.134328358208954,1.5171356258655366
F_S,12,75,116,-0.9770775862068969,-113.34100000000004,25.0,6.0344827586206895,73.27586206896551,20.689655172413794,0.8924749238441915
A_S,15,3,101,-1.0266039603960395,-103.68699999999998,77.22772277227723,77.22772277227723,22.772277227722775,0.0,0.7029391794134245
F_L,15,3,104,-1.462923076923077,-152.144,74.03846153846155,74.03846153846155,24.03846153846154,1.9230769230769231,0.6134739430769347
A_L,15,3,134,-0.9944999999999998,-133.26299999999998,76.86567164179104,76.86567164179104,22.388059701492537,0.7462686567164178,0.70765464273727
F_S,15,3,116,-0.7626896551724139,-88.47200000000002,77.58620689655173,77.58620689655173,22.413793103448278,0.0,0.7763571329263514
A_S,15,4,101,-1.1712178217821785,-118.29300000000003,72.27722772277228,72.27722772277228,27.722772277227726,0.0,0.7215678797892922
F_L,15,4,104,-1.2837307692307693,-133.508,71.15384615384616,71.15384615384616,26.923076923076923,1.9230769230769231,0.6958531434598675
A_L,15,4,134,-0.5203880597014926,-69.73200000000001,75.3731343283582,75.3731343283582,23.88059701492537,0.7462686567164178,0.8565179280573171
F_S,15,4,116,-0.28571551724137934,-33.143,75.86206896551724,75.86206896551724,24.137931034482758,0.0,0.9221761468234587
A_S,15,5,101,-0.5393465346534655,-54.47400000000001,72.27722772277228,71.28712871287128,27.722772277227726,0.9900990099009901,0.8717818356423618
F_L,15,5,104,-1.324576923076923,-137.756,67.3076923076923,67.3076923076923,30.76923076923077,1.9230769230769231,0.7246823742437839
A_L,15,5,134,-0.21626119402985086,-28.979000000000017,73.13432835820896,73.13432835820896,26.119402985074625,0.7462686567164178,0.9454685388902898
F_S,15,5,116,0.2500862068965517,29.009999999999998,75.0,75.0,25.0,0.0,1.0658014117476275
A_S,15,6,101,0.21430693069306933,21.645000000000003,72.27722772277228,71.28712871287128,27.722772277227726,0.9900990099009901,1.0509469135279412
F_L,15,6,104,-1.3036826923076923,-135.583,64.42307692307693,64.42307692307693,33.65384615384615,1.9230769230769231,0.7518008592867591
A_L,15,6,134,-0.6916791044776119,-92.685,67.16417910447761,67.16417910447761,32.08955223880597,0.7462686567164178,0.8580334372343442
F_S,15,6,116,0.26256896551724135,30.457999999999995,71.55172413793103,71.55172413793103,28.448275862068968,0.0,1.0607820363917924
A_S,15,8,101,0.024891089108910903,2.514000000000001,64.35643564356435,63.366336633663366,34.65346534653465,1.9801980198019802,1.0046821397043213
F_L,15,8,104,-1.5684903846153846,-163.123,57.692307692307686,57.692307692307686,40.38461538461539,1.9230769230769231,0.7500337123417821
A_L,15,8,134,-0.23700746268656747,-31.759000000000043,63.43283582089553,63.43283582089553,35.82089552238806,0.7462686567164178,0.9564504937868696
F_S,15,8,116,-0.2095862068965517,-24.311999999999998,63.793103448275865,63.793103448275865,36.206896551724135,0.0,0.962348597596765
A_S,15,10,101,-0.2911287128712871,-29.403999999999996,58.415841584158414,57.42574257425742,40.5940594059406,1.9801980198019802,0.9531493233866198
F_L,15,10,104,-1.625644230769231,-169.067,52.88461538461539,52.88461538461539,45.19230769230769,1.9230769230769231,0.7677855243495075
A_L,15,10,134,0.20179850746268665,27.04100000000001,60.447761194029844,59.70149253731343,38.80597014925373,1.4925373134328357,1.034201795780838
F_S,15,10,116,0.23843965517241403,27.659000000000027,59.48275862068966,59.48275862068966,38.793103448275865,1.7241379310344827,1.039671486414965
A_S,15,12,101,-0.5079900990099011,-51.30700000000001,53.46534653465347,52.475247524752476,45.54455445544555,1.9801980198019802,0.9270396946608304
F_L,15,12,104,-1.3877307692307694,-144.324,50.0,49.03846153846153,48.07692307692308,2.8846153846153846,0.8138148830441041
A_L,15,12,134,0.8810746268656716,118.064,58.2089552238806,57.46268656716418,40.298507462686565,2.2388059701492535,1.1437086681167694
F_S,15,12,116,0.18098275862068966,20.994,55.172413793103445,54.310344827586206,43.103448275862064,2.586206896551724,1.0271749049577308
A_S,15,15,101,-0.7839108910891093,-79.17500000000004,47.524752475247524,45.54455445544555,51.48514851485149,2.9702970297029703,0.9002877706902088
F_L,15,15,104,-1.524846153846154,-158.584,45.19230769230769,42.30769230769231,52.88461538461539,4.807692307692308,0.8136281424043454
A_L,15,15,134,2.1440298507462687,287.3,56.71641791044776,55.970149253731336,41.7910447761194,2.2388059701492535,1.3368752330454319
F_S,15,15,116,0.9133534482758621,105.949,51.724137931034484,50.86206896551724,45.689655172413794,3.4482758620689653,1.1288989408166392
A_S,15,18,101,0.5213861386138606,52.65999999999992,47.524752475247524,44.554455445544555,51.48514851485149,3.9603960396039604,1.0663194947325998
F_L,15,18,104,-2.498653846153846,-259.86,38.46153846153847,35.57692307692308,59.61538461538461,4.807692307692308,0.7288911516648791
A_L,15,18,134,2.9983656716417917,401.78100000000006,54.47761194029851,52.98507462686567,44.02985074626866,2.9850746268656714,1.447227348722481
F_S,15,18,116,0.30122413793103453,34.94200000000001,45.689655172413794,43.96551724137931,51.724137931034484,4.310344827586207,1.0376621486890676
A_S,15,20,101,-0.30656435643564356,-30.963,43.56435643564357,38.613861386138616,55.44554455445545,5.9405940594059405,0.9637760086105538
F_L,15,20,104,-2.1505384615384617,-223.656,37.5,34.61538461538461,60.57692307692307,4.807692307692308,0.7702930597807444
A_L,15,20,134,3.2344253731343287,433.413,52.23880597014925,50.74626865671642,46.26865671641791,2.9850746268656714,1.459038357255427
F_S,15,20,116,1.0843620689655176,125.78600000000003,45.689655172413794,43.96551724137931,51.724137931034484,4.310344827586207,1.1355781304734442
A_S,15,22,101,-0.4076237623762376,-41.169999999999995,41.584158415841586,35.64356435643564,57.42574257425742,6.9306930693069315,0.9534703417223094
F_L,15,22,104,-1.952519230769231,-203.062,36.53846153846153,31.73076923076923,61.53846153846154,6.730769230769231,0.7946167586057623
A_L,15,22,134,4.028641791044776,539.838,52.23880597014925,48.507462686567166,46.26865671641791,5.223880597014925,1.57175568961719
F_S,15,22,116,0.1891293103448278,21.939000000000025,41.37931034482759,38.793103448275865,56.03448275862068,5.172413793103448,1.0218607603387475
A_S,15,25,101,0.2066831683168324,20.87500000000007,41.584158415841586,33.663366336633665,57.42574257425742,8.91089108910891,1.0235925823790817
F_L,15,25,104,-1.5280480769230766,-158.91699999999997,35.57692307692308,29.807692307692307,62.5,7.6923076923076925,0.8416795514501358
A_L,15,25,134,4.765365671641791,638.559,50.74626865671642,46.26865671641791,47.76119402985074,5.970149253731343,1.6553806552790475
F_S,15,25,116,0.6643706896551728,77.06700000000004,40.51724137931034,36.206896551724135,56.896551724137936,6.896551724137931,1.0756598033180866
A_S,15,30,101,-0.18488118811881155,-18.672999999999966,36.633663366336634,28.71287128712871,61.386138613861384,9.900990099009901,0.9802496792542836
F_L,15,30,104,-0.26538461538461583,-27.600000000000044,35.57692307692308,27.884615384615387,62.5,9.615384615384617,0.9725036064110433
A_L,15,30,134,4.095940298507463,548.856,44.776119402985074,37.3134328358209,52.23880597014925,10.44776119402985,1.513886054023688
F_S,15,30,116,1.511198275862069,175.299,39.6551724137931,32.758620689655174,57.758620689655174,9.482758620689655,1.1695973080990187
A_S,15,35,101,-0.9331188118811882,-94.245,32.67326732673268,23.762376237623762,64.35643564356435,11.881188118811881,0.9056634935887812
F_L,15,35,104,-0.2992307692307694,-31.12000000000002,33.65384615384615,22.115384615384613,64.42307692307693,13.461538461538462,0.9699154500405059
A_L,15,35,134,3.7921343283582094,508.1460000000001,41.7910447761194,30.597014925373134,55.223880597014926,14.17910447761194,1.450187908308542
F_S,15,35,116,1.6376206896551724,189.964,37.93103448275862,27.586206896551722,59.48275862068966,12.931034482758621,1.178559578293944
A_S,15,40,101,-1.061811881188119,-107.24300000000001,30.693069306930692,20.792079207920793,66.33663366336634,12.871287128712872,0.8958745169621533
F_L,15,40,104,0.1803846153846153,18.75999999999999,33.65384615384615,19.230769230769234,64.42307692307693,16.346153846153847,1.01813580196787
A_L,15,40,134,3.540835820895522,474.472,39.55223880597015,24.62686567164179,56.71641791044776,18.65671641791045,1.4080289704765665
F_S,15,40,116,1.6340689655172413,189.552,36.206896551724135,23.275862068965516,60.3448275862069,16.379310344827587,1.175233819816605
A_S,15,50,101,-1.1135643564356434,-112.46999999999998,29.7029702970297,13.861386138613863,67.32673267326733,18.81188118811881,0.892375265545157
F_L,15,50,104,0.1411826923076921,14.682999999999979,32.69230769230769,13.461538461538462,65.38461538461539,21.153846153846153,1.0139880992075665
A_L,15,50,134,4.99629104477612,669.503,39.55223880597015,18.65671641791045,56.71641791044776,24.62686567164179,1.5757486634005224
F_S,15,50,116,1.6095775862068966,186.711,33.62068965517241,17.24137931034483,62.06896551724138,20.689655172413794,1.1667957537928837
A_S,15,60,101,0.06144554455445595,6.206000000000051,29.7029702970297,12.871287128712872,67.32673267326733,19.801980198019802,1.005938642322635
F_L,15,60,104,1.4196153846153843,147.63999999999996,32.69230769230769,12.5,65.38461538461539,22.115384615384613,1.1406526572910929
A_L,15,60,134,5.448194029850746,730.058,38.80597014925373,13.432835820895523,57.46268656716418,29.1044776119403,1.6187739755866446
F_S,15,60,116,0.868853448275862,100.78699999999999,31.03448275862069,12.068965517241379,64.65517241379311,23.275862068965516,1.0865359930556213
A_S,15,75,101,0.5488118811881186,55.429999999999986,28.71287128712871,7.920792079207921,68.31683168316832,23.762376237623762,1.052287520045279
F_L,15,75,104,0.8669423076923075,90.16199999999998,32.69230769230769,5.769230769230769,65.38461538461539,28.846153846153843,1.0858949125350823
A_L,15,75,134,6.012052238805971,805.6150000000001,38.059701492537314,9.701492537313433,58.2089552238806,32.08955223880597,1.674068508383446
F_S,15,75,116,0.7934137931034481,92.03599999999997,31.03448275862069,8.620689655172415,64.65517241379311,26.72413793103448,1.0790223605908218
A_S,18,3,101,-1.2821386138613857,-129.49599999999995,79.20792079207921,79.20792079207921,20.792079207920793,0.0,0.6602153697600704
F_L,18,3,104,-1.7924807692307694,-186.418,75.96153846153845,75.96153846153845,22.115384615384613,1.9230769230769231,0.5704684069004131
A_L,18,3,134,-1.3565223880597017,-181.77400000000003,78.35820895522389,78.35820895522389,20.8955223880597,0.7462686567164178,0.6440047942844608
F_S,18,3,116,-0.6929827586206897,-80.38600000000001,81.03448275862068,81.03448275862068,18.96551724137931,0.0,0.7989118334980173
A_S,18,4,101,-1.3364851485148512,-134.98499999999999,75.24752475247524,75.24752475247524,24.752475247524753,0.0,0.7023917136646044
F_L,18,4,104,-1.4677115384615387,-152.64200000000002,74.03846153846155,74.03846153846155,24.03846153846154,1.9230769230769231,0.6754942249188428
A_L,18,4,134,-0.909992537313433,-121.93900000000002,76.86567164179104,76.86567164179104,22.388059701492537,0.7462686567164178,0.7770963425512935
F_S,18,4,116,-0.03925000000000008,-4.55300000000001,80.17241379310344,80.17241379310344,19.82758620689655,0.0,0.9891023109419689
A_S,18,5,101,-0.6704257425742572,-67.71299999999998,75.24752475247524,74.25742574257426,24.752475247524753,0.9900990099009901,0.85070970928156
F_L,18,5,104,-1.3575961538461538,-141.19,71.15384615384616,71.15384615384616,26.923076923076923,1.9230769230769231,0.7308138880891961
A_L,18,5,134,-0.6723358208955226,-90.09300000000002,74.6268656716418,74.6268656716418,24.62686567164179,0.7462686567164178,0.8505238707536605
F_S,18,5,116,0.5238793103448277,60.77000000000001,79.3103448275862,79.3103448275862,20.689655172413794,0.0,1.1393759389011846
A_S,18,6,101,0.12042574257425738,12.162999999999995,75.24752475247524,74.25742574257426,24.752475247524753,0.9900990099009901,1.0268163839441227
F_L,18,6,104,-1.3834999999999995,-143.88399999999996,68.26923076923077,68.26923076923077,29.807692307692307,1.9230769230769231,0.7515433138033986
A_L,18,6,134,-1.1298955223880598,-151.406,69.40298507462687,69.40298507462687,29.850746268656714,0.7462686567164178,0.7925373972833617
F_S,18,6,116,0.2561293103448275,29.710999999999988,75.0,75.0,25.0,0.0,1.056455597105679
A_S,18,8,101,-0.2316633663366339,-23.398000000000025,67.32673267326733,66.33663366336634,31.683168316831683,1.9801980198019802,0.9601387426616652
F_L,18,8,104,-1.5195000000000003,-158.02800000000002,62.5,62.5,35.57692307692308,1.9230769230769231,0.7703074718240459
A_L,18,8,134,-0.5392835820895526,-72.26400000000005,66.4179104477612,66.4179104477612,32.83582089552239,0.7462686567164178,0.9099300769029429
F_S,18,8,116,-0.5072155172413794,-58.837,66.37931034482759,66.37931034482759,32.758620689655174,0.8620689655172413,0.9164841497740955
A_S,18,10,101,-0.6338217821782183,-64.01600000000005,61.386138613861384,60.396039603960396,36.633663366336634,2.9702970297029703,0.9076092211816426
F_L,18,10,104,-1.6292884615384617,-169.44600000000003,57.692307692307686,57.692307692307686,40.38461538461539,1.9230769230769231,0.7826545376185197
A_L,18,10,134,-0.33576119402985044,-44.99199999999996,62.68656716417911,61.940298507462686,36.56716417910448,1.4925373134328357,0.9496694372042551
F_S,18,10,116,0.16807758620689656,19.497,62.93103448275862,62.93103448275862,34.48275862068966,2.586206896551724,1.0261007859553488
A_S,18,12,101,-0.3324653465346533,-33.578999999999986,58.415841584158414,57.42574257425742,39.603960396039604,2.9702970297029703,0.955084870453846
F_L,18,12,104,-1.3809999999999998,-143.62399999999997,54.807692307692314,53.84615384615385,43.269230769230774,2.8846153846153846,0.827987587473936
A_L,18,12,134,0.3352313432835821,44.92100000000001,60.447761194029844,59.70149253731343,38.059701492537314,2.2388059701492535,1.048256488484015
F_S,18,12,116,0.39846551724137946,46.222000000000016,59.48275862068966,58.620689655172406,37.06896551724138,4.310344827586207,1.0571616546235003
A_S,18,15,101,-0.6496831683168316,-65.618,52.475247524752476,50.495049504950494,45.54455445544555,3.9603960396039604,0.9233351286997303
F_L,18,15,104,-1.6318653846153846,-169.714,50.0,46.15384615384615,48.07692307692308,5.769230769230769,0.8166185829902642
A_L,18,15,134,1.6310970149253732,218.567,58.95522388059702,58.2089552238806,39.55223880597015,2.2388059701492535,1.2259197853334627
F_S,18,15,116,1.1825258620689656,137.173,56.03448275862068,55.172413793103445,39.6551724137931,5.172413793103448,1.1582133139872182
A_S,18,18,101,0.8515445544554456,86.00600000000001,52.475247524752476,49.504950495049506,45.54455445544555,4.9504950495049505,1.1004852162676553
F_L,18,18,104,-2.679355769230769,-278.65299999999996,43.269230769230774,39.42307692307692,54.807692307692314,5.769230769230769,0.7352005146738102
A_L,18,18,134,2.480656716417911,332.4080000000001,56.71641791044776,55.223880597014926,41.7910447761194,2.9850746268656714,1.3252339886777464
F_S,18,18,116,0.406698275862069,47.17700000000001,50.0,47.41379310344828,45.689655172413794,6.896551724137931,1.0474743317396857
A_S,18,20,101,0.08789108910891102,8.877000000000013,48.51485148514851,43.56435643564357,48.51485148514851,7.920792079207921,1.0096450655010447
F_L,18,20,104,-2.280307692307692,-237.152,42.30769230769231,38.46153846153847,55.769230769230774,5.769230769230769,0.7784613774980685
A_L,18,20,134,2.704007462686567,362.337,54.47761194029851,52.98507462686567,44.02985074626866,2.9850746268656714,1.3366771509410293
F_S,18,20,116,1.2572500000000004,145.84100000000004,50.0,47.41379310344828,45.689655172413794,6.896551724137931,1.1467601588750345
A_S,18,22,101,0.01558415841584146,1.5739999999999874,46.53465346534654,40.5940594059406,49.504950495049506,9.900990099009901,1.0016519089833835
F_L,18,22,104,-2.277067307692308,-236.815,40.38461538461539,34.61538461538461,56.730769230769226,8.653846153846153,0.7830981116625924
A_L,18,22,134,3.538597014925373,474.172,54.47761194029851,50.74626865671642,44.02985074626866,5.223880597014925,1.440592260840074
F_S,18,22,116,0.07794827586206907,9.042000000000012,44.827586206896555,41.37931034482759,50.0,8.620689655172415,1.0082989836911476
A_S,18,25,101,0.7773663366336637,78.51400000000004,46.53465346534654,38.613861386138616,49.504950495049506,11.881188118811881,1.08240024264381
F_L,18,25,104,-1.8020673076923077,-187.415,39.42307692307692,32.69230769230769,57.692307692307686,9.615384615384617,0.8311419888512178
A_L,18,25,134,4.292037313432836,575.133,52.98507462686567,48.507462686567166,45.52238805970149,5.970149253731343,1.5167867431274273
F_S,18,25,116,0.6095000000000003,70.70200000000003,43.96551724137931,38.793103448275865,50.86206896551724,10.344827586206897,1.0638323036489918
A_S,18,30,101,0.03146534653465393,3.178000000000047,40.5940594059406,32.67326732673268,54.45544554455446,12.871287128712872,1.0030415907385573
F_L,18,30,104,-0.39101923076923045,-40.66599999999997,39.42307692307692,30.76923076923077,57.692307692307686,11.538461538461538,0.9633605640883792
A_L,18,30,134,3.2364179104477606,433.67999999999995,46.26865671641791,38.80597014925373,50.74626865671642,10.44776119402985,1.348800736078292
F_S,18,30,116,1.9661206896551728,228.07000000000005,43.96551724137931,36.206896551724135,50.86206896551724,12.931034482758621,1.2059097832200725
A_S,18,35,101,-0.693267326732673,-70.01999999999997,36.633663366336634,26.732673267326735,57.42574257425742,15.841584158415841,0.9367377380805026
F_L,18,35,104,-0.33717307692307696,-35.066,37.5,25.0,59.61538461538461,15.384615384615385,0.9694101246851904
A_L,18,35,134,2.9046417910447766,389.2220000000001,43.28358208955223,32.08955223880597,53.73134328358209,14.17910447761194,1.2953269354505834
F_S,18,35,116,2.2457931034482757,260.512,43.103448275862064,30.17241379310345,51.724137931034484,18.103448275862068,1.2312371460703477
A_S,18,40,101,-0.9753564356435648,-98.51100000000004,34.65346534653465,22.772277227722775,59.4059405940594,17.82178217821782,0.9138076909952658
F_L,18,40,104,0.28465384615384604,29.603999999999985,37.5,22.115384615384613,59.61538461538461,18.269230769230766,1.0258250917931795
A_L,18,40,134,2.6841641791044775,359.678,41.04477611940299,26.119402985074625,55.223880597014926,18.65671641791045,1.2648970432382314
F_S,18,40,116,2.3214051724137934,269.283,41.37931034482759,25.0,52.58620689655172,22.413793103448278,1.234671121603568
A_S,18,50,101,-1.6753267326732673,-169.208,33.663366336633665,13.861386138613863,60.396039603960396,25.742574257425744,0.8542517793448703
F_L,18,50,104,1.0688173076923073,111.15699999999997,37.5,16.346153846153847,59.61538461538461,24.03846153846154,1.096967968127768
A_L,18,50,134,4.289059701492537,574.7339999999999,41.04477611940299,20.149253731343283,55.223880597014926,24.62686567164179,1.4232823170960738
F_S,18,50,116,2.4190344827586205,280.608,38.793103448275865,18.96551724137931,54.310344827586206,26.72413793103448,1.2355297295346366
A_S,18,60,101,-0.5003168316831683,-50.532,33.663366336633665,12.871287128712872,60.396039603960396,26.732673267326735,0.9564739900823542
F_L,18,60,104,2.527538461538462,262.86400000000003,37.5,14.423076923076922,59.61538461538461,25.961538461538463,1.2293097868234801
A_L,18,60,134,4.882216417910448,654.2170000000001,40.298507462686565,14.925373134328357,55.970149253731336,29.1044776119403,1.4755106045849022
F_S,18,60,116,1.7861034482758618,207.18799999999996,36.206896551724135,12.931034482758621,56.03448275862068,31.03448275862069,1.1672914891984967
A_S,18,75,101,-0.04334653465346524,-4.3779999999999895,32.67326732673268,7.920792079207921,61.386138613861384,30.693069306930692,0.9962870331970443
F_L,18,75,104,2.0063076923076926,208.656,37.5,6.730769230769231,59.61538461538461,33.65384615384615,1.182021360397164
A_L,18,75,134,5.654111940298508,757.6510000000001,39.55223880597015,11.194029850746269,56.71641791044776,32.08955223880597,1.543560468825218
F_S,18,75,116,1.7785086206896552,206.30700000000002,36.206896551724135,8.620689655172415,56.03448275862068,35.3448275862069,1.1665801362148112
A_S,20,3,101,-1.4604851485148516,-147.50900000000001,80.19801980198021,80.19801980198021,19.801980198019802,0.0,0.6332127360660426
F_L,20,3,104,-1.9882403846153847,-206.77700000000002,76.92307692307693,76.92307692307693,20.192307692307693,2.8846153846153846,0.5478920417524848
A_L,20,3,134,-1.7140000000000004,-229.67600000000004,78.35820895522389,78.35820895522389,20.149253731343283,1.4925373134328357,0.5887701204991853
F_S,20,3,116,-1.080586206896552,-125.34800000000003,81.03448275862068,81.03448275862068,18.96551724137931,0.0,0.7181398507365357
A_S,20,4,101,-1.5882673267326732,-160.415,76.23762376237624,76.23762376237624,23.762376237623762,0.0,0.6678750962740891
F_L,20,4,104,-1.691355769230769,-175.90099999999998,75.0,75.0,22.115384615384613,2.8846153846153846,0.6465452455682773
A_L,20,4,134,-1.1158283582089554,-149.52100000000002,77.61194029850746,77.61194029850746,20.8955223880597,1.4925373134328357,0.7416751611064081
F_S,20,4,116,-0.4475431034482759,-51.915000000000006,80.17241379310344,80.17241379310344,19.82758620689655,0.0,0.8883925212347659
A_S,20,5,101,-0.9121089108910893,-92.12300000000002,76.23762376237624,75.24752475247524,23.762376237623762,0.9900990099009901,0.8092675715740917
F_L,20,5,104,-1.6439326923076922,-170.969,72.11538461538461,72.11538461538461,25.0,2.8846153846153846,0.6943264934679493
A_L,20,5,134,-0.9282462686567163,-124.38499999999999,75.3731343283582,75.3731343283582,23.134328358208954,1.4925373134328357,0.8062680769476378
F_S,20,5,116,0.09998275862068946,11.597999999999978,79.3103448275862,79.3103448275862,20.689655172413794,0.0,1.0239041853965583
A_S,20,6,101,-0.11145544554455473,-11.257000000000028,76.23762376237624,75.24752475247524,23.762376237623762,0.9900990099009901,0.9766933887651243
F_L,20,6,104,-1.7168461538461544,-178.55200000000005,69.23076923076923,69.23076923076923,27.884615384615387,2.8846153846153846,0.7120542373756026
A_L,20,6,134,-1.4847611940298509,-198.95800000000003,70.1492537313433,70.1492537313433,28.35820895522388,1.4925373134328357,0.7460167919617132
F_S,20,6,116,-0.25656034482758633,-29.761000000000017,75.0,75.0,25.0,0.0,0.9491911142068887
A_S,20,8,101,-0.5815346534653466,-58.73500000000001,68.31683168316832,67.32673267326733,30.693069306930692,1.9801980198019802,0.9068471729024951
F_L,20,8,104,-1.7108269230769229,-177.926,64.42307692307693,64.42307692307693,32.69230769230769,2.8846153846153846,0.7543768101537024
A_L,20,8,134,-0.9508880597014926,-127.41900000000001,67.16417910447761,67.16417910447761,31.343283582089555,1.4925373134328357,0.8527841483492679
F_S,20,8,116,-1.1605603448275863,-134.625,66.37931034482759,66.37931034482759,32.758620689655174,0.8620689655172413,0.8274677715564361
A_S,20,10,101,-0.6486138613861389,-65.51000000000002,63.366336633663366,62.37623762376238,33.663366336633665,3.9603960396039604,0.9083079877445387
F_L,20,10,104,-1.2697115384615385,-132.05,61.53846153846154,61.53846153846154,35.57692307692308,2.8846153846153846,0.8316689314769538
A_L,20,10,134,-0.8096641791044779,-108.49500000000003,63.43283582089553,62.68656716417911,35.07462686567165,2.2388059701492535,0.8878584946712242
F_S,20,10,116,-0.5177068965517244,-60.05400000000004,62.93103448275862,62.93103448275862,34.48275862068966,2.586206896551724,0.9273428993152175
A_S,20,12,101,-0.36811881188118856,-37.18000000000004,60.396039603960396,59.4059405940594,36.633663366336634,3.9603960396039604,0.9520812685188884
F_L,20,12,104,-1.0198846153846155,-106.06800000000001,58.65384615384615,57.692307692307686,38.46153846153847,3.8461538461538463,0.8745518992611586
A_L,20,12,134,-0.15285074626865672,-20.482,61.19402985074627,60.447761194029844,36.56716417910448,2.9850746268656714,0.9796902872928944
F_S,20,12,116,-0.051370689655172545,-5.959000000000016,60.3448275862069,59.48275862068966,36.206896551724135,4.310344827586207,0.9931727045668063
A_S,20,15,101,-1.1032178217821784,-111.42500000000001,53.46534653465347,51.48514851485149,43.56435643564357,4.9504950495049505,0.8784649885363881
F_L,20,15,104,-1.0548557692307694,-109.70500000000001,53.84615384615385,50.0,42.30769230769231,7.6923076923076925,0.8815481608409806
A_L,20,15,134,0.9548059701492538,127.94400000000002,58.95522388059702,58.2089552238806,38.059701492537314,3.731343283582089,1.1209212562034707
F_S,20,15,116,0.40631034482758627,47.132000000000005,56.03448275862068,55.172413793103445,39.6551724137931,5.172413793103448,1.049246959941654
A_S,20,18,101,0.42701980198019807,43.129000000000005,53.46534653465347,50.495049504950494,43.56435643564357,5.9405940594059405,1.0470422572081142
F_L,20,18,104,-2.0606442307692308,-214.307,47.11538461538461,43.269230769230774,48.07692307692308,8.653846153846153,0.7978281623812292
A_L,20,18,134,1.758201492537314,235.59900000000007,56.71641791044776,55.223880597014926,40.298507462686565,4.477611940298507,1.2105692633708922
F_S,20,18,116,-0.5026810344827587,-58.31100000000001,50.0,47.41379310344828,45.689655172413794,6.896551724137931,0.9469526257135708
A_S,20,20,101,-0.027891089108911245,-2.8170000000000357,50.495049504950494,44.554455445544555,45.54455445544555,9.900990099009901,0.9970909609123044
F_L,20,20,104,-1.9931346153846148,-207.28599999999994,45.19230769230769,41.34615384615385,50.0,8.653846153846153,0.8116787074454168
A_L,20,20,134,1.9355820895522389,259.368,54.47761194029851,52.98507462686567,42.53731343283582,4.477611940298507,1.219955494647146
F_S,20,20,116,0.3478706896551724,40.353,50.0,47.41379310344828,45.689655172413794,6.896551724137931,1.0367104096067683
A_S,20,22,101,-0.0966039603960399,-9.75700000000003,48.51485148514851,41.584158415841586,46.53465346534654,11.881188118811881,0.9902714171903868
F_L,20,22,104,-1.951144230769231,-202.91900000000004,43.269230769230774,37.5,50.96153846153846,11.538461538461538,0.8194998416657475
A_L,20,22,134,2.7701716417910447,371.203,54.47761194029851,50.74626865671642,42.53731343283582,6.7164179104477615,1.3147965033446862
F_S,20,22,116,-0.5515431034482764,-63.979000000000056,45.689655172413794,42.241379310344826,49.137931034482754,8.620689655172415,0.9459890456846278
A_S,20,25,101,0.6906930693069303,69.75999999999996,48.51485148514851,39.603960396039604,46.53465346534654,13.861386138613863,1.0695568245155898
F_L,20,25,104,-1.4417211538461538,-149.939,42.30769230769231,34.61538461538461,51.92307692307693,13.461538461538462,0.8690104694478032
A_L,20,25,134,3.4930895522388066,468.07400000000007,52.98507462686567,48.507462686567166,44.02985074626866,7.462686567164178,1.3836794782784045
F_S,20,25,116,0.06655172413793133,7.720000000000034,44.827586206896555,39.6551724137931,49.137931034482754,11.206896551724139,1.0064569226239863
A_S,20,30,101,0.10288118811881239,10.391000000000052,42.57425742574257,33.663366336633665,50.495049504950494,15.841584158415841,1.0095868104088535
F_L,20,30,104,0.06682692307692324,6.950000000000017,42.30769230769231,32.69230769230769,51.92307692307693,15.384615384615385,1.0060716507202114
A_L,20,30,134,2.3302388059701493,312.252,46.26865671641791,38.80597014925373,49.25373134328358,11.940298507462686,1.2287939248549578
F_S,20,30,116,1.4661896551724138,170.078,44.827586206896555,37.06896551724138,49.137931034482754,13.793103448275861,1.14225135829564
A_S,20,35,101,-0.8472376237623769,-85.57100000000007,38.613861386138616,26.732673267326735,53.46534653465347,19.801980198019802,0.9257539053145597
F_L,20,35,104,0.1949038461538464,20.270000000000024,40.38461538461539,26.923076923076923,53.84615384615385,19.230769230769234,1.01710788177922
A_L,20,35,134,1.9056567164179103,255.35799999999998,43.28358208955223,32.08955223880597,52.23880597014925,15.671641791044777,1.1758906185424989
F_S,20,35,116,1.8081637931034484,209.747,43.96551724137931,31.03448275862069,50.0,18.96551724137931,1.1725423773430312
A_S,20,40,101,-1.138633663366338,-115.00200000000014,36.633663366336634,22.772277227722775,54.45544554455446,22.772277227722775,0.9033248933229765
F_L,20,40,104,0.900192307692308,93.62000000000003,40.38461538461539,24.03846153846154,53.84615384615385,22.115384615384613,1.0790152882175905
A_L,20,40,134,1.6485373134328354,220.90399999999994,41.04477611940299,26.119402985074625,53.73134328358209,20.149253731343283,1.147606170614676
F_S,20,40,116,2.411991379310345,279.791,43.103448275862064,26.72413793103448,50.0,23.275862068965516,1.2296256112193529
A_S,20,50,101,-1.860584158415842,-187.91900000000004,35.64356435643564,13.861386138613863,55.44554455445545,30.693069306930692,0.8446734753254999
F_L,20,50,104,1.2234903846153846,127.24300000000001,40.38461538461539,16.346153846153847,53.84615384615385,29.807692307692307,1.107393103168883
A_L,20,50,134,3.2534328358208953,435.96,41.04477611940299,20.149253731343283,53.73134328358209,26.119402985074625,1.2913047574565157
F_S,20,50,116,2.6661724137931033,309.276,40.51724137931034,20.689655172413794,51.724137931034484,27.586206896551722,1.2441557539337942
A_S,20,60,101,-0.6855742574257437,-69.24300000000012,35.64356435643564,12.871287128712872,55.44554455445545,31.683168316831683,0.9427664336866607
F_L,20,60,104,2.682211538461539,278.95000000000005,40.38461538461539,14.423076923076922,53.84615384615385,31.73076923076923,1.2354338244851182
A_L,20,60,134,3.826440298507463,512.743,40.298507462686565,14.925373134328357,54.47761194029851,30.597014925373134,1.3379325298854408
F_S,20,60,116,2.1430431034482753,248.59299999999996,37.93103448275862,14.655172413793101,53.44827586206896,31.896551724137932,1.188712603715147
A_S,20,75,101,-0.24820792079207948,-25.069000000000027,34.65346534653465,7.920792079207921,56.43564356435643,35.64356435643564,0.9796180695013342
F_L,20,75,104,2.1609807692307688,224.74199999999996,40.38461538461539,6.730769230769231,53.84615384615385,39.42307692307692,1.1896822677269563
A_L,20,75,134,4.582738805970149,614.087,39.55223880597015,11.194029850746269,55.223880597014926,33.582089552238806,1.3994241042362225
F_S,20,75,116,2.2363362068965515,259.41499999999996,37.93103448275862,9.482758620689655,53.44827586206896,37.06896551724138,1.1969278301994215
A_S,22,3,101,-1.36290099009901,-137.653,82.17821782178217,82.17821782178217,17.82178217821782,0.0,0.6545530744482757
F_L,22,3,104,-2.1016057692307695,-218.56700000000004,77.88461538461539,77.88461538461539,18.269230769230766,3.8461538461538463,0.5371030048372202
A_L,22,3,134,-1.796902985074627,-240.78500000000003,79.1044776119403,79.1044776119403,18.65671641791045,2.2388059701492535,0.5799006214647866
F_S,22,3,116,-0.7918362068965518,-91.85300000000001,83.62068965517241,83.62068965517241,16.379310344827587,0.0,0.7815717757622739
A_S,22,4,101,-1.5480792079207921,-156.356,78.21782178217822,78.21782178217822,21.782178217821784,0.0,0.6792144697753046
F_L,22,4,104,-1.8387596153846153,-191.231,75.96153846153845,75.96153846153845,20.192307692307693,3.8461538461538463,0.6301799292969144
A_L,22,4,134,-1.2085074626865675,-161.94000000000005,78.35820895522389,78.35820895522389,19.402985074626866,2.2388059701492535,0.7279517254587059
F_S,22,4,116,-0.37818965517241393,-43.87000000000002,81.89655172413794,81.89655172413794,18.103448275862068,0.0,0.9057258593086849
A_S,22,5,101,-0.845782178217822,-85.42400000000002,78.21782178217822,77.22772277227723,21.782178217821784,0.9900990099009901,0.8247410835918395
F_L,22,5,104,-1.8263365384615386,-189.93900000000002,73.07692307692307,73.07692307692307,23.076923076923077,3.8461538461538463,0.6745329332800997
A_L,22,5,134,-1.043313432835821,-139.804,76.11940298507463,76.11940298507463,21.641791044776117,2.2388059701492535,0.788984331251915
F_S,22,5,116,-0.07192241379310345,-8.343,80.17241379310344,80.17241379310344,19.82758620689655,0.0,0.9836530680622525
A_S,22,6,101,-0.03446534653465362,-3.481000000000016,78.21782178217822,77.22772277227723,21.782178217821784,0.9900990099009901,0.992858256602163
F_L,22,6,104,-1.9361730769230772,-201.36200000000002,70.1923076923077,70.1923076923077,25.961538461538463,3.8461538461538463,0.6903928324869038
A_L,22,6,134,-1.6977835820895522,-227.503,70.8955223880597,70.8955223880597,26.865671641791046,2.2388059701492535,0.721844628737778
F_S,22,6,116,-0.5075431034482759,-58.87500000000001,75.86206896551724,75.86206896551724,24.137931034482758,0.0,0.905176592992973
A_S,22,8,101,-0.5963465346534655,-60.231000000000016,70.29702970297029,69.3069306930693,28.71287128712871,1.9801980198019802,0.9071970047148008
F_L,22,8,104,-2.0069519230769233,-208.723,65.38461538461539,65.38461538461539,30.76923076923077,3.8461538461538463,0.7266961109227015
A_L,22,8,134,-1.1994552238805969,-160.72699999999998,67.91044776119402,67.91044776119402,29.850746268656714,2.2388059701492535,0.8227880340824897
F_S,22,8,116,-1.427086206896552,-165.54200000000003,67.24137931034483,67.24137931034483,31.03448275862069,1.7241379310344827,0.7979295166552941
A_S,22,10,101,-0.6899405940594059,-69.684,65.34653465346535,64.35643564356435,31.683168316831683,3.9603960396039604,0.9057250354119626
F_L,22,10,104,-1.6104519230769232,-167.48700000000002,62.5,62.5,33.65384615384615,3.8461538461538463,0.7982286108738523
A_L,22,10,134,-1.362126865671642,-182.52500000000003,63.43283582089553,62.68656716417911,34.32835820895522,2.9850746268656714,0.8247501471417064
F_S,22,10,116,-0.8041465517241377,-93.28099999999998,63.793103448275865,63.793103448275865,32.758620689655174,3.4482758620689653,0.8927730648090673
A_S,22,12,101,-0.7641287128712875,-77.17700000000004,61.386138613861384,60.396039603960396,35.64356435643564,3.9603960396039604,0.9067997299768015
F_L,22,12,104,-1.0633461538461537,-110.588,60.57692307692307,59.61538461538461,35.57692307692308,4.807692307692308,0.873495595315855
A_L,22,12,134,-0.6081492537313432,-81.49199999999999,61.19402985074627,60.447761194029844,35.07462686567165,4.477611940298507,0.92380314784669
F_S,22,12,116,-0.1495344827586204,-17.345999999999968,62.06896551724138,60.3448275862069,33.62068965517241,6.0344827586206895,0.9806873977086744
A_S,22,15,101,-1.076326732673268,-108.70900000000006,55.44554455445545,53.46534653465347,40.5940594059406,5.9405940594059405,0.884960490851042
F_L,22,15,104,-1.1155288461538462,-116.015,55.769230769230774,51.92307692307693,39.42307692307692,8.653846153846153,0.8795471558634783
A_L,22,15,134,0.4673731343283577,62.62799999999993,58.95522388059702,58.2089552238806,36.56716417910448,5.223880597014925,1.0557489676364369
F_S,22,15,116,0.26372413793103466,30.59200000000002,57.758620689655174,56.03448275862068,37.06896551724138,6.896551724137931,1.0308823870857675
A_S,22,18,101,0.13265346534653416,13.39799999999995,54.45544554455446,51.48514851485149,41.584158415841586,6.9306930693069315,1.0138552509932803
F_L,22,18,104,-2.1235288461538455,-220.84699999999995,49.03846153846153,45.19230769230769,45.19230769230769,9.615384615384617,0.79982941990077
A_L,22,18,134,1.2272089552238807,164.44600000000003,56.71641791044776,55.223880597014926,38.80597014925373,5.970149253731343,1.1381875934858239
F_S,22,18,116,-0.7490172413793106,-86.88600000000002,51.724137931034484,48.275862068965516,43.103448275862064,8.620689655172415,0.9243076826578296
A_S,22,20,101,-0.352386138613862,-35.59100000000006,51.48514851485149,45.54455445544555,43.56435643564357,10.891089108910892,0.9651611021272762
F_L,22,20,104,-1.6523653846153843,-171.84599999999998,48.07692307692308,44.230769230769226,46.15384615384615,9.615384615384617,0.8473028352484976
A_L,22,20,134,1.3355820895522386,178.96799999999996,54.47761194029851,52.98507462686567,41.04477611940299,5.970149253731343,1.142085005843199
F_S,22,20,116,0.11937068965517258,13.847000000000019,51.724137931034484,48.275862068965516,43.103448275862064,8.620689655172415,1.0120630656059324
A_S,22,22,101,-0.42805940594059344,-43.23399999999994,49.504950495049506,42.57425742574257,44.554455445544555,12.871287128712872,0.9591518582625981
F_L,22,22,104,-1.5529134615384614,-161.503,46.15384615384615,40.38461538461539,47.11538461538461,12.5,0.8596509675647678
A_L,22,22,134,2.170171641791044,290.80299999999994,54.47761194029851,50.74626865671642,41.04477611940299,8.208955223880597,1.23087225623698
F_S,22,22,116,-0.8326293103448276,-96.585,47.41379310344828,43.103448275862064,46.55172413793103,10.344827586206897,0.9221895052304669
A_S,22,25,101,0.3888415841584158,39.272999999999996,49.504950495049506,40.5940594059406,44.554455445544555,14.85148514851485,1.037105728603714
F_L,22,25,104,-0.9904711538461546,-103.00900000000007,45.19230769230769,37.5,48.07692307692308,14.423076923076922,0.9121746055023342
A_L,22,25,134,2.861746268656716,383.47399999999993,52.98507462686567,48.507462686567166,42.53731343283582,8.955223880597014,1.2939486923187193
F_S,22,25,116,-0.17616379310344804,-20.434999999999974,46.55172413793103,40.51724137931034,46.55172413793103,12.931034482758621,0.9836826114209745
A_S,22,30,101,-0.23002970297029743,-23.23300000000004,43.56435643564357,34.65346534653465,48.51485148514851,16.831683168316832,0.979753712138971
F_L,22,30,104,0.1608653846153845,16.729999999999986,44.230769230769226,34.61538461538461,49.03846153846153,16.346153846153847,1.0139999531382322
A_L,22,30,134,1.6132014925373133,216.16899999999998,46.26865671641791,38.80597014925373,47.01492537313433,14.17910447761194,1.1479741001343733
F_S,22,30,116,0.7981206896551727,92.58200000000004,45.689655172413794,37.06896551724138,47.41379310344828,15.517241379310345,1.0726103719691433
A_S,22,35,101,-1.1889603960396038,-120.085,39.603960396039604,27.722772277227726,51.48514851485149,20.792079207920793,0.9017473322827739
F_L,22,35,104,0.3476250000000004,36.15300000000004,42.30769230769231,28.846153846153843,50.96153846153846,20.192307692307693,1.0291730313469079
A_L,22,35,134,1.149835820895523,154.0780000000001,43.28358208955223,32.08955223880597,50.0,17.91044776119403,1.099208025343189
F_S,22,35,116,1.1652672413793108,135.17100000000005,44.827586206896555,31.03448275862069,47.41379310344828,21.551724137931032,1.104610019641804
A_S,22,40,101,-1.9973861386138607,-201.73599999999993,36.633663366336634,22.772277227722775,52.475247524752476,24.752475247524753,0.841937591768745
F_L,22,40,104,1.1478173076923084,119.37300000000006,42.30769230769231,25.961538461538463,50.96153846153846,23.076923076923077,1.0963259555493154
A_L,22,40,134,0.8697313432835818,116.54399999999997,41.04477611940299,26.119402985074625,51.49253731343284,22.388059701492537,1.072797368041341
F_S,22,40,116,1.7690948275862068,205.215,43.96551724137931,26.72413793103448,47.41379310344828,25.862068965517242,1.1584693841304354
A_S,22,50,101,-2.736633663366337,-276.40000000000003,35.64356435643564,13.861386138613863,53.46534653465347,32.67326732673268,0.7871083475248264
F_L,22,50,104,1.6732307692307695,174.01600000000002,42.30769230769231,18.269230769230766,50.96153846153846,30.76923076923077,1.1404191691661403
A_L,22,50,134,2.4746268656716426,331.6000000000001,41.04477611940299,20.149253731343283,51.49253731343284,28.35820895522388,1.2071287002549134
F_S,22,50,116,1.993448275862069,231.24,41.37931034482759,20.689655172413794,49.137931034482754,30.17241379310345,1.1717096411057613
A_S,22,60,101,-1.5616237623762375,-157.724,35.64356435643564,12.871287128712872,53.46534653465347,33.663366336633665,0.8785161975579078
F_L,22,60,104,3.3130096153846162,344.5530000000001,42.30769230769231,16.346153846153847,50.96153846153846,32.69230769230769,1.2780310200998821
A_L,22,60,134,3.361440298507463,450.43300000000005,41.04477611940299,14.925373134328357,51.49253731343284,33.582089552238806,1.2813558559768436
F_S,22,60,116,1.436008620689655,166.57699999999997,38.793103448275865,14.655172413793101,50.86206896551724,34.48275862068966,1.118876073493541
A_S,22,75,101,-1.1443564356435638,-115.57999999999994,34.65346534653465,7.920792079207921,54.45544554455446,37.62376237623762,0.9124707585842344
F_L,22,75,104,2.6170961538461537,272.178,42.30769230769231,7.6923076923076925,50.96153846153846,41.34615384615385,1.21962927906228
A_L,22,75,134,4.099253731343285,549.3000000000002,40.298507462686565,11.194029850746269,52.23880597014925,36.56716417910448,1.3383324576807258
F_S,22,75,116,1.529301724137931,177.399,38.793103448275865,9.482758620689655,50.86206896551724,39.6551724137931,1.1265990896803322
A_S,25,3,101,-1.346475247524752,-135.99399999999994,84.15841584158416,84.15841584158416,15.841584158415841,0.0,0.6632995132482631
F_L,25,3,104,-2.156028846153846,-224.227,78.84615384615384,78.84615384615384,16.346153846153847,4.807692307692308,0.5338626120507575
A_L,25,3,134,-2.1352089552238804,-286.118,79.8507462686567,79.8507462686567,17.91044776119403,2.2388059701492535,0.539742748307724
F_S,25,3,116,-1.2834137931034484,-148.876,83.62068965517241,83.62068965517241,16.379310344827587,0.0,0.6882445695762247
A_S,25,4,101,-1.6324752475247521,-164.87999999999997,80.19801980198021,80.19801980198021,19.801980198019802,0.0,0.673246135552913
F_L,25,4,104,-1.9330865384615383,-201.041,76.92307692307693,76.92307692307693,18.269230769230766,4.807692307692308,0.6215570598156739
A_L,25,4,134,-1.5627089552238804,-209.403,79.1044776119403,79.1044776119403,18.65671641791045,2.2388059701492535,0.6762266566474634
F_S,25,4,116,-0.9177844827586206,-106.46299999999998,81.89655172413794,81.89655172413794,18.103448275862068,0.0,0.7983418507476256
A_S,25,5,101,-0.9156237623762375,-92.478,80.19801980198021,79.20792079207921,19.801980198019802,0.9900990099009901,0.8167300832342449
F_L,25,5,104,-2.002875,-208.299,74.03846153846155,74.03846153846155,21.153846153846153,4.807692307692308,0.6568888581410635
A_L,25,5,134,-1.445597014925373,-193.70999999999998,76.86567164179104,76.86567164179104,20.8955223880597,2.2388059701492535,0.7317288676412751
F_S,25,5,116,-0.6559224137931033,-76.08699999999999,80.17241379310344,80.17241379310344,19.82758620689655,0.0,0.8683877775183138
A_S,25,6,101,-0.08080198019802004,-8.161000000000024,80.19801980198021,79.20792079207921,19.801980198019802,0.9900990099009901,0.9838267934998017
F_L,25,6,104,-2.1865288461538466,-227.39900000000003,71.15384615384616,71.15384615384616,24.03846153846154,4.807692307692308,0.6668126992685671
A_L,25,6,134,-2.115492537313433,-283.476,71.64179104477611,71.64179104477611,25.37313432835821,2.9850746268656714,0.6778480473211395
F_S,25,6,116,-1.132146551724138,-131.329,75.86206896551724,75.86206896551724,23.275862068965516,0.8620689655172413,0.8105863603256677
A_S,25,8,101,-0.8106732673267331,-81.87800000000004,72.27722772277228,71.28712871287128,26.732673267326735,1.9801980198019802,0.8808972779388384
F_L,25,8,104,-2.210740384615385,-229.917,66.34615384615384,66.34615384615384,26.923076923076923,6.730769230769231,0.7100339256662168
A_L,25,8,134,-1.439701492537313,-192.91999999999996,69.40298507462687,69.40298507462687,27.611940298507463,2.9850746268656714,0.7980815021430029
F_S,25,8,116,-2.2568362068965517,-261.793,67.24137931034483,67.24137931034483,30.17241379310345,2.586206896551724,0.7140374448376806
A_S,25,10,101,-0.9589207920792084,-96.85100000000006,67.32673267326733,66.33663366336634,29.7029702970297,3.9603960396039604,0.8768385017815947
F_L,25,10,104,-1.878596153846154,-195.37400000000002,63.46153846153846,63.46153846153846,29.807692307692307,6.730769230769231,0.7749173396619854
A_L,25,10,134,-1.1680746268656723,-156.52200000000008,66.4179104477612,65.67164179104478,30.597014925373134,3.731343283582089,0.8517763036406766
F_S,25,10,116,-1.6824310344827587,-195.162,63.793103448275865,63.793103448275865,31.896551724137932,4.310344827586207,0.7991790669269342
A_S,25,12,101,-1.0990495049504951,-111.00400000000002,63.366336633663366,62.37623762376238,33.663366336633665,3.9603960396039604,0.8748020590371611
F_L,25,12,104,-1.374086538461538,-142.90499999999994,61.53846153846154,60.57692307692307,31.73076923076923,7.6923076923076925,0.844438517808935
A_L,25,12,134,-0.37919402985074613,-50.81199999999998,64.17910447761194,63.43283582089553,31.343283582089555,5.223880597014925,0.9532559048779926
F_S,25,12,116,-1.0539396551724136,-122.25699999999999,62.06896551724138,60.3448275862069,32.758620689655174,6.896551724137931,0.8781185168495865
A_S,25,15,101,-1.5058118811881187,-152.087,57.42574257425742,55.44554455445545,38.613861386138616,5.9405940594059405,0.8507120006988964
F_L,25,15,104,-1.5113653846153845,-157.182,56.730769230769226,52.88461538461539,35.57692307692308,11.538461538461538,0.8458189793852455
A_L,25,15,134,0.7401567164179106,99.18100000000001,61.940298507462686,61.19402985074627,32.83582089552239,5.970149253731343,1.0864424137044442
F_S,25,15,116,-0.6691896551724138,-77.626,57.758620689655174,56.03448275862068,35.3448275862069,8.620689655172415,0.9293548049489678
A_S,25,18,101,-0.2675940594059405,-27.02699999999999,56.43564356435643,53.46534653465347,39.603960396039604,6.9306930693069315,0.9741156888021406
F_L,25,18,104,-2.627192307692307,-273.22799999999995,50.0,46.15384615384615,41.34615384615385,12.5,0.7673776303556409
A_L,25,18,134,1.546761194029851,207.26600000000002,59.70149253731343,58.2089552238806,35.07462686567165,6.7164179104477615,1.1695290115565284
F_S,25,18,116,-1.467715517241379,-170.25499999999997,52.58620689655172,49.137931034482754,40.51724137931034,10.344827586206897,0.8637236099816221
A_S,25,20,101,-0.773326732673267,-78.10599999999997,53.46534653465347,47.524752475247524,41.584158415841586,10.891089108910892,0.929266099329574
F_L,25,20,104,-2.1479615384615376,-223.38799999999992,49.03846153846153,45.19230769230769,41.34615384615385,13.461538461538462,0.8134166794737301
A_L,25,20,134,1.650679104477612,221.191,57.46268656716418,55.970149253731336,37.3134328358209,6.7164179104477615,1.170330880427785
F_S,25,20,116,-0.5680603448275859,-65.89499999999997,52.58620689655172,49.137931034482754,40.51724137931034,10.344827586206897,0.9472559823778393
A_S,25,22,101,-0.9194950495049498,-92.86899999999993,51.48514851485149,43.56435643564357,42.57425742574257,13.861386138613863,0.918802563163228
F_L,25,22,104,-2.061298076923077,-214.37500000000003,47.11538461538461,41.34615384615385,42.30769230769231,16.346153846153847,0.8250908099957901
A_L,25,22,134,2.453029850746269,328.706,57.46268656716418,52.98507462686567,37.3134328358209,9.701492537313433,1.2531241433055391
F_S,25,22,116,-1.5115,-175.334,48.275862068965516,43.96551724137931,43.103448275862064,12.931034482758621,0.86935428226968
A_S,25,25,101,-0.5691287128712869,-57.48199999999997,50.495049504950494,40.5940594059406,43.56435643564357,15.841584158415841,0.9508218740936626
F_L,25,25,104,-1.4991442307692309,-155.911,46.15384615384615,38.46153846153847,43.269230769230774,18.269230769230766,0.8753625343348396
A_L,25,25,134,3.176746268656716,425.68399999999997,55.970149253731336,50.74626865671642,38.80597014925373,10.44776119402985,1.3156364164837062
F_S,25,25,116,-0.8236810344827583,-95.54699999999997,47.41379310344828,41.37931034482759,43.103448275862064,15.517241379310345,0.9293874809051988
A_S,25,30,101,-1.305623762376237,-131.86799999999994,44.554455445544555,34.65346534653465,47.524752475247524,17.82178217821782,0.8961541732685273
F_L,25,30,104,-0.3289615384615384,-34.211999999999996,45.19230769230769,35.57692307692308,44.230769230769226,20.192307692307693,0.973186953052872
A_L,25,30,134,1.9280149253731338,258.3539999999999,49.25373134328358,41.04477611940299,43.28358208955223,15.671641791044777,1.1699804724508918
F_S,25,30,116,0.16784482758620697,19.47000000000001,46.55172413793103,37.93103448275862,43.96551724137931,18.103448275862068,1.0141274913580676
A_S,25,35,101,-2.3500693069306924,-237.3569999999999,40.5940594059406,27.722772277227726,50.495049504950494,21.782178217821784,0.8245916249866979
F_L,25,35,104,-0.1454038461538456,-15.121999999999943,43.269230769230774,29.807692307692307,46.15384615384615,24.03846153846154,0.9885968603285058
A_L,25,35,134,1.5115895522388063,202.55300000000005,46.26865671641791,34.32835820895522,46.26865671641791,19.402985074626866,1.124931151650171
F_S,25,35,116,0.5821724137931032,67.53199999999998,45.689655172413794,31.896551724137932,43.96551724137931,24.137931034482758,1.0484012230031234
A_S,25,40,101,-3.183445544554455,-321.52799999999996,37.62376237623762,22.772277227722775,51.48514851485149,25.742574257425744,0.771931666321461
F_L,25,40,104,0.6972884615384617,72.51800000000001,43.269230769230774,26.923076923076923,46.15384615384615,26.923076923076923,1.0546840948748462
A_L,25,40,134,1.071134328358209,143.532,44.02985074626866,27.611940298507463,47.76119402985074,24.62686567164179,1.0856579661156536
F_S,25,40,116,1.2253103448275862,142.136,44.827586206896555,27.586206896551722,43.96551724137931,28.448275862068968,1.101664122727084
A_S,25,50,101,-3.9534158415841585,-399.295,36.633663366336634,13.861386138613863,52.475247524752476,33.663366336633665,0.7217258648349917
F_L,25,50,104,1.3245288461538465,137.75100000000003,43.269230769230774,19.230769230769234,46.15384615384615,34.61538461538461,1.1038747449337396
A_L,25,50,134,2.585731343283582,346.488,44.02985074626866,20.149253731343283,47.76119402985074,32.08955223880597,1.2067793757732115
F_S,25,50,116,1.4850689655172415,172.26800000000003,42.241379310344826,21.551724137931032,45.689655172413794,32.758620689655174,1.1183326761890764
A_S,25,60,101,-2.7784059405940593,-280.61899999999997,36.633663366336634,12.871287128712872,52.475247524752476,34.65346534653465,0.8044327889508521
F_L,25,60,104,2.753153846153846,286.328,43.269230769230774,16.346153846153847,46.15384615384615,37.5,1.2159131183613021
A_L,25,60,134,3.472544776119403,465.321,44.02985074626866,14.925373134328357,47.76119402985074,37.3134328358209,1.2776973110588723
F_S,25,60,116,0.9639224137931032,111.81499999999997,39.6551724137931,15.517241379310345,47.41379310344828,37.06896551724138,1.0737294584183397
A_S,25,75,101,-2.3899504950495056,-241.38500000000005,35.64356435643564,7.920792079207921,53.46534653465347,38.613861386138616,0.8346641844204805
F_L,25,75,104,2.057240384615384,213.95299999999997,43.269230769230774,7.6923076923076925,46.15384615384615,46.15384615384615,1.161336856377147
A_L,25,75,134,4.191977611940299,561.725,43.28358208955223,11.194029850746269,48.507462686567166,40.298507462686565,1.330286972913793
F_S,25,75,116,1.182732758620689,137.19699999999992,39.6551724137931,10.344827586206897,47.41379310344828,42.241379310344826,1.090466042182363
A_S,30,3,101,-1.1653465346534653,-117.7,86.13861386138613,86.13861386138613,11.881188118811881,1.9801980198019802,0.6995210718188039
F_L,30,3,104,-2.5252596153846154,-262.627,79.8076923076923,79.8076923076923,14.423076923076922,5.769230769230769,0.49732803534036923
A_L,30,3,134,-0.8020298507462688,-107.47200000000001,85.07462686567165,85.07462686567165,10.44776119402985,4.477611940298507,0.7691608798657991
F_S,30,3,116,-1.9669482758620693,-228.16600000000005,83.62068965517241,83.62068965517241,15.517241379310345,0.8620689655172413,0.5902419225941082
A_S,30,4,101,-1.2820396039603963,-129.48600000000002,83.16831683168317,83.16831683168317,14.85148514851485,1.9801980198019802,0.7312486768533393
F_L,30,4,104,-2.3875096153846154,-248.30100000000002,77.88461538461539,77.88461538461539,16.346153846153847,5.769230769230769,0.5738068183768679
A_L,30,4,134,-0.2199552238805972,-29.474000000000025,84.32835820895522,84.32835820895522,11.194029850746269,4.477611940298507,0.9405671467834594
F_S,30,4,116,-1.6889913793103446,-195.92299999999997,81.89655172413794,81.89655172413794,17.24137931034483,0.8620689655172413,0.6826633711155526
A_S,30,5,101,-0.5391386138613864,-54.453000000000024,83.16831683168317,82.17821782178217,14.85148514851485,2.9702970297029703,0.886981482173323
F_L,30,5,104,-2.38375,-247.91,75.0,75.0,18.269230769230766,6.730769230769231,0.6197116122104616
A_L,30,5,134,0.07967164179104463,10.67599999999998,82.83582089552239,82.83582089552239,12.686567164179104,4.477611940298507,1.0191000642274544
F_S,30,5,116,-1.5145689655172412,-175.68999999999997,80.17241379310344,80.17241379310344,18.96551724137931,0.8620689655172413,0.7407623819936906
A_S,30,6,101,0.33210891089108896,33.542999999999985,83.16831683168317,82.17821782178217,14.85148514851485,2.9702970297029703,1.069619307356073
F_L,30,6,104,-2.699711538461538,-280.77,72.11538461538461,72.11538461538461,21.153846153846153,6.730769230769231,0.6215884739275174
A_L,30,6,134,-0.7353134328358208,-98.532,77.61194029850746,77.61194029850746,17.16417910447761,5.223880597014925,0.8679666499612739
F_S,30,6,116,-1.536137931034483,-178.192,77.58620689655173,77.58620689655173,20.689655172413794,1.7241379310344827,0.7632905944303046
A_S,30,8,101,-0.6800693069306935,-68.68700000000004,75.24752475247524,74.25742574257426,21.782178217821784,3.9603960396039604,0.9017530459459383
F_L,30,8,104,-2.4713557692307693,-257.021,68.26923076923077,68.26923076923077,23.076923076923077,8.653846153846153,0.6928881331872381
A_L,30,8,134,0.08306716417910427,11.130999999999972,75.3731343283582,75.3731343283582,17.91044776119403,6.7164179104477615,1.0136321439856173
F_S,30,8,116,-2.974155172413793,-345.002,68.96551724137932,68.96551724137932,27.586206896551722,3.4482758620689653,0.6600526767494128
A_S,30,10,101,-0.7632673267326736,-77.09000000000003,70.29702970297029,69.3069306930693,23.762376237623762,6.9306930693069315,0.903254508786659
F_L,30,10,104,-1.8609423076923077,-193.538,66.34615384615384,66.34615384615384,25.0,8.653846153846153,0.7842739261235893
A_L,30,10,134,0.5451940298507462,73.05599999999998,72.38805970149254,71.64179104477611,20.149253731343283,8.208955223880597,1.0805214673212196
F_S,30,10,116,-2.45176724137931,-284.405,65.51724137931035,65.51724137931035,29.310344827586203,5.172413793103448,0.7369591757459169
A_S,30,12,101,-1.0266633663366338,-103.69300000000001,66.33663366336634,65.34653465346535,27.722772277227726,6.9306930693069315,0.8870725866261829
F_L,30,12,104,-1.396173076923077,-145.202,64.42307692307693,63.46153846153846,26.923076923076923,9.615384615384617,0.8483651967413587
A_L,30,12,134,0.7952985074626865,106.57,68.65671641791045,67.91044776119402,22.388059701492537,9.701492537313433,1.1061331559301912
F_S,30,12,116,-1.8326982758620687,-212.59299999999996,63.793103448275865,62.06896551724138,30.17241379310345,7.758620689655173,0.8097511559832369
A_S,30,15,101,-1.1721683168316828,-118.38899999999995,61.386138613861384,59.4059405940594,31.683168316831683,8.91089108910891,0.8867579637878772
F_L,30,15,104,-1.6415288461538464,-170.71900000000002,59.61538461538461,55.769230769230774,30.76923076923077,13.461538461538462,0.8417350288451464
A_L,30,15,134,1.8989701492537314,254.46200000000002,66.4179104477612,64.92537313432835,23.88059701492537,11.194029850746269,1.2366500599386012
F_S,30,15,116,-1.5304568965517242,-177.53300000000002,59.48275862068966,57.758620689655174,32.758620689655174,9.482758620689655,0.8556227925575388
A_S,30,18,101,-0.3350396039603957,-33.83899999999997,59.4059405940594,56.43564356435643,33.663366336633665,9.900990099009901,0.9693899888556007
F_L,30,18,104,-2.4151634615384614,-251.17699999999996,53.84615384615385,50.0,34.61538461538461,15.384615384615385,0.7950152814105416
A_L,30,18,134,2.584805970149254,346.36400000000003,64.17910447761194,61.19402985074627,26.119402985074625,12.686567164179104,1.2970699885242216
F_S,30,18,116,-2.5398879310344835,-294.62700000000007,54.310344827586206,50.86206896551724,37.93103448275862,11.206896551724139,0.7910606847135112
A_S,30,20,101,-0.917405940594059,-92.65799999999996,56.43564356435643,49.504950495049506,35.64356435643564,14.85148514851485,0.9212391877924057
F_L,30,20,104,-1.8574423076923074,-193.17399999999998,52.88461538461539,49.03846153846153,34.61538461538461,16.346153846153847,0.8452187220813352
A_L,30,20,134,2.615835820895523,350.52200000000005,61.19402985074627,58.2089552238806,27.611940298507463,14.17910447761194,1.2827814265004018
F_S,30,20,116,-1.8284827586206895,-212.10399999999998,53.44827586206896,50.0,37.93103448275862,12.068965517241379,0.8501608920945641
A_S,30,22,101,-1.0818217821782177,-109.26399999999998,54.45544554455446,45.54455445544555,36.633663366336634,17.82178217821782,0.9105425869160838
F_L,30,22,104,-1.8979615384615387,-197.38800000000003,50.96153846153846,44.230769230769226,35.57692307692308,20.192307692307693,0.8459621124919522
A_L,30,22,134,3.4641567164179095,464.1969999999999,61.19402985074627,55.223880597014926,27.611940298507463,17.16417910447761,1.374488020258949
F_S,30,22,116,-2.749215517241379,-318.909,49.137931034482754,44.827586206896555,39.6551724137931,15.517241379310345,0.7885866531606364
A_S,30,25,101,-0.6021485148514854,-60.81700000000002,53.46534653465347,42.57425742574257,36.633663366336634,20.792079207920793,0.950934960202272
F_L,30,25,104,-1.2961634615384616,-134.80100000000002,50.0,41.34615384615385,36.53846153846153,22.115384615384613,0.897211854099867
A_L,30,25,134,4.283298507462686,573.962,59.70149253731343,52.98507462686567,28.35820895522388,18.65671641791045,1.446274758614684
F_S,30,25,116,-2.0403620689655178,-236.68200000000004,48.275862068965516,42.241379310344826,39.6551724137931,18.103448275862068,0.8442391752143108
A_S,30,30,101,-1.8640891089108902,-188.2729999999999,46.53465346534654,35.64356435643564,40.5940594059406,23.762376237623762,0.862974427201184
F_L,30,30,104,-0.03603846153846117,-3.747999999999962,49.03846153846153,38.46153846153847,37.5,24.03846153846154,0.9972090356354324
A_L,30,30,134,2.9438432835820896,394.475,52.98507462686567,43.28358208955223,32.83582089552239,23.88059701492537,1.265639909521825
F_S,30,30,116,-1.0498448275862065,-121.78199999999994,47.41379310344828,38.793103448275865,40.51724137931034,20.689655172413794,0.921407440679016
A_S,30,35,101,-2.787663366336634,-281.55400000000003,42.57425742574257,28.71287128712871,41.584158415841586,29.7029702970297,0.8058108995403807
F_L,30,35,104,0.188865384615385,19.64200000000004,47.11538461538461,32.69230769230769,39.42307692307692,27.884615384615387,1.0139991518689175
A_L,30,35,134,2.590798507462687,347.16700000000003,50.0,35.82089552238806,35.07462686567165,29.1044776119403,1.219757104804732
F_S,30,35,116,-0.5928448275862068,-68.77,46.55172413793103,32.758620689655174,40.51724137931034,26.72413793103448,0.956103115868114
A_S,30,40,101,-3.6244851485148515,-366.073,39.603960396039604,23.762376237623762,42.57425742574257,33.663366336633665,0.7578294466977105
F_L,30,40,104,1.1780576923076926,122.51800000000004,47.11538461538461,29.807692307692307,39.42307692307692,30.76923076923077,1.0873204403154482
A_L,30,40,134,2.1519850746268663,288.3660000000001,47.76119402985074,29.1044776119403,36.56716417910448,34.32835820895522,1.1754392582497812
F_S,30,40,116,0.09391379310344856,10.894000000000034,45.689655172413794,28.448275862068968,40.51724137931034,31.03448275862069,1.0069412144003116
A_S,30,50,101,-4.4957425742574255,-454.06999999999994,38.613861386138616,13.861386138613863,43.56435643564357,42.57425742574257,0.7054807803945301
F_L,30,50,104,2.0969038461538463,218.07800000000003,47.11538461538461,22.115384615384613,39.42307692307692,38.46153846153847,1.1554275043921076
A_L,30,50,134,3.814865671641792,511.1920000000001,47.76119402985074,21.641791044776117,36.56716417910448,41.7910447761194,1.311004575099776
F_S,30,50,116,0.23444827586206987,27.196000000000105,43.103448275862064,21.551724137931032,42.241379310344826,36.206896551724135,1.0166053440437275
A_S,30,60,101,-3.320732673267327,-335.394,38.613861386138616,12.871287128712872,43.56435643564357,43.56435643564357,0.7824564953853878
F_L,30,60,104,3.446173076923077,358.40200000000004,47.11538461538461,17.307692307692307,39.42307692307692,43.269230769230774,1.255438551477637
A_L,30,60,134,4.84929104477612,649.8050000000001,47.76119402985074,16.417910447761194,36.56716417910448,47.01492537313433,1.39533546675752
F_S,30,60,116,-0.371612068965517,-43.10699999999997,40.51724137931034,15.517241379310345,43.96551724137931,40.51724137931034,0.9747676188246313
A_S,30,75,101,-2.982079207920792,-301.19,37.62376237623762,7.920792079207921,44.554455445544555,47.524752475247524,0.8083829516239958
F_L,30,75,104,2.8944230769230765,301.02,47.11538461538461,8.653846153846153,39.42307692307692,51.92307692307693,1.2145415281326508
A_L,30,75,134,5.809022388059702,778.4090000000001,47.76119402985074,11.940298507462686,36.56716417910448,51.49253731343284,1.4735769736201696
F_S,30,75,116,-0.1528017241379308,-17.724999999999973,40.51724137931034,10.344827586206897,43.96551724137931,45.689655172413794,0.989624795129946
A_S,35,3,101,-0.9964851485148516,-100.64500000000001,88.11881188118812,88.11881188118812,9.900990099009901,1.9801980198019802,0.7364610445721108
F_L,35,3,104,-2.8816057692307693,-299.687,80.76923076923077,80.76923076923077,13.461538461538462,5.769230769230769,0.4678210437339734
A_L,35,3,134,-0.4754253731343284,-63.70700000000001,87.31343283582089,87.31343283582089,8.208955223880597,4.477611940298507,0.8522115948954806
F_S,35,3,116,-2.0860603448275863,-241.983,85.34482758620689,85.34482758620689,13.793103448275861,0.8620689655172413,0.5804645727719715
A_S,35,4,101,-0.8626336633663368,-87.12600000000002,86.13861386138613,86.13861386138613,11.881188118811881,1.9801980198019802,0.8078902456771666
F_L,35,4,104,-2.8409423076923073,-295.45799999999997,78.84615384615384,78.84615384615384,15.384615384615385,5.769230769230769,0.5338249772796123
A_L,35,4,134,0.09776865671641771,13.100999999999974,86.56716417910447,86.56716417910447,8.955223880597014,4.477611940298507,1.0281041447231523
F_S,35,4,116,-1.8713793103448277,-217.08,83.62068965517241,83.62068965517241,15.517241379310345,0.8620689655172413,0.6644537016284229
A_S,35,5,101,-0.10121782178217814,-10.222999999999992,86.13861386138613,85.14851485148515,11.881188118811881,2.9702970297029703,0.9774586458870795
F_L,35,5,104,-2.612105769230769,-271.659,75.96153846153845,75.96153846153845,16.346153846153847,7.6923076923076925,0.6009410223151262
A_L,35,5,134,0.36005223880597015,48.247,85.07462686567165,85.07462686567165,10.44776119402985,4.477611940298507,1.0898461068611311
F_S,35,5,116,-1.7658620689655173,-204.84,81.89655172413794,81.89655172413794,17.24137931034483,0.8620689655172413,0.7143140063402095
A_S,35,6,101,0.3897326732673266,39.362999999999985,85.14851485148515,84.15841584158416,12.871287128712872,2.9702970297029703,1.0805613486448264
F_L,35,6,104,-3.080086538461538,-320.32899999999995,73.07692307692307,73.07692307692307,19.230769230769234,7.6923076923076925,0.5932531595260679
A_L,35,6,134,-0.34320149253731325,-45.988999999999976,80.59701492537313,80.59701492537313,14.17910447761194,5.223880597014925,0.9359828838535271
F_S,35,6,116,-1.8588362068965514,-215.62499999999997,79.3103448275862,79.3103448275862,18.96551724137931,1.7241379310344827,0.7312417658709138
A_S,35,8,101,-0.5554554455445546,-56.10100000000002,77.22772277227723,76.23762376237624,17.82178217821782,5.9405940594059405,0.9201821692136308
F_L,35,8,104,-2.921634615384615,-303.84999999999997,69.23076923076923,69.23076923076923,21.153846153846153,9.615384615384617,0.6595769948664861
A_L,35,8,134,0.4949552238805971,66.32400000000001,78.35820895522389,78.35820895522389,14.925373134328357,6.7164179104477615,1.0835719037922624
F_S,35,8,116,-3.0063706896551725,-348.73900000000003,71.55172413793103,71.55172413793103,24.137931034482758,4.310344827586207,0.6658176490260733
A_S,35,10,101,-0.5730396039603961,-57.87700000000001,72.27722772277228,71.28712871287128,18.81188118811881,9.900990099009901,0.9274469738755453
F_L,35,10,104,-2.395644230769231,-249.14700000000002,67.3076923076923,67.3076923076923,23.076923076923077,9.615384615384617,0.7412416809990275
A_L,35,10,134,1.1753134328358208,157.492,75.3731343283582,74.6268656716418,15.671641791044777,9.701492537313433,1.1824839000470426
F_S,35,10,116,-2.6437241379310343,-306.67199999999997,67.24137931034483,67.24137931034483,25.862068965517242,6.896551724137931,0.7270775857465783
A_S,35,12,101,-1.4201980198019803,-143.44000000000003,67.32673267326733,66.33663366336634,22.772277227722775,10.891089108910892,0.8521593759855869
F_L,35,12,104,-2.0077019230769233,-208.80100000000002,65.38461538461539,64.42307692307693,25.0,10.576923076923077,0.7979135252113284
A_L,35,12,134,1.5736716417910452,210.87200000000007,71.64179104477611,70.8955223880597,17.16417910447761,11.940298507462686,1.2224113690609915
F_S,35,12,116,-1.6085431034482762,-186.59100000000004,66.37931034482759,64.65517241379311,25.862068965517242,9.482758620689655,0.8348518374283085
A_S,35,15,101,-1.7328019801980201,-175.01300000000003,62.37623762376238,60.396039603960396,26.732673267326735,12.871287128712872,0.8433292303560639
F_L,35,15,104,-1.925461538461539,-200.24800000000005,61.53846153846154,57.692307692307686,27.884615384615387,14.423076923076922,0.8242606146771277
A_L,35,15,134,2.7061268656716417,362.621,69.40298507462687,67.91044776119402,18.65671641791045,13.432835820895523,1.3527472516782733
F_S,35,15,116,-1.3631293103448276,-158.12300000000002,62.06896551724138,60.3448275862069,28.448275862068968,11.206896551724139,0.8740624753597378
A_S,35,18,101,-0.9648811881188112,-97.45299999999993,60.396039603960396,57.42574257425742,28.71287128712871,13.861386138613863,0.9179240865387855
F_L,35,18,104,-2.8322019230769224,-294.5489999999999,55.769230769230774,51.92307692307693,31.73076923076923,16.346153846153847,0.774242996757151
A_L,35,18,134,3.6544179104477617,489.69200000000006,67.91044776119402,64.17910447761194,20.149253731343283,15.671641791044777,1.445338510997231
F_S,35,18,116,-2.224637931034483,-258.058,56.896551724137936,53.44827586206896,32.758620689655174,13.793103448275861,0.819791647753698
A_S,35,20,101,-1.4433861386138611,-145.78199999999998,57.42574257425742,50.495049504950494,29.7029702970297,19.801980198019802,0.8833437894103415
F_L,35,20,104,-2.220701923076923,-230.95299999999997,54.807692307692314,50.96153846153846,31.73076923076923,17.307692307692307,0.8260132271923591
A_L,35,20,134,4.084156716417911,547.277,65.67164179104478,61.940298507462686,20.8955223880597,17.16417910447761,1.4766341058968209
F_S,35,20,116,-1.4902413793103448,-172.868,56.03448275862068,52.58620689655172,32.758620689655174,14.655172413793101,0.8797385620915033
A_S,35,22,101,-1.6372079207920793,-165.358,55.44554455445545,46.53465346534654,30.693069306930692,22.772277227722775,0.8727547513624241
F_L,35,22,104,-2.2927884615384615,-238.45000000000002,52.88461538461539,46.15384615384615,32.69230769230769,21.153846153846153,0.8255014500686797
A_L,35,22,134,5.008597014925374,671.152,65.67164179104478,58.95522388059702,20.8955223880597,20.149253731343283,1.5845192351238278
F_S,35,22,116,-2.4481551724137924,-283.98599999999993,51.724137931034484,47.41379310344828,34.48275862068966,18.103448275862068,0.8156117058576035
A_S,35,25,101,-1.1276336633663362,-113.89099999999996,54.45544554455446,43.56435643564357,30.693069306930692,25.742574257425744,0.913563878230037
F_L,35,25,104,-1.6762788461538458,-174.33299999999997,51.92307692307693,43.269230769230774,33.65384615384615,23.076923076923077,0.8756156501972436
A_L,35,25,134,5.892514925373134,789.597,64.17910447761194,56.71641791044776,21.641791044776117,21.641791044776117,1.65716016841874
F_S,35,25,116,-1.662577586206896,-192.85899999999995,50.86206896551724,44.827586206896555,34.48275862068966,20.689655172413794,0.875672055141399
A_S,35,30,101,-2.541287128712871,-256.66999999999996,47.524752475247524,36.633663366336634,34.65346534653465,28.71287128712871,0.8256798736218136
F_L,35,30,104,-0.36403846153846164,-37.860000000000014,50.96153846153846,40.38461538461539,34.61538461538461,25.0,0.9736601716889284
A_L,35,30,134,4.302962686567164,576.597,57.46268656716418,46.26865671641791,26.119402985074625,27.611940298507463,1.4011463969338507
F_S,35,30,116,-0.393318965517241,-45.62499999999996,50.0,41.37931034482759,34.48275862068966,24.137931034482758,0.970829292058087
A_S,35,35,101,-3.07139603960396,-310.21099999999996,44.554455445544555,29.7029702970297,34.65346534653465,35.64356435643564,0.7956816725318833
F_L,35,35,104,-0.1466346153846151,-15.249999999999972,49.03846153846153,34.61538461538461,36.53846153846153,28.846153846153843,0.9898872477863021
A_L,35,35,134,3.70439552238806,496.389,54.47761194029851,37.3134328358209,28.35820895522388,34.32835820895522,1.321335214951093
F_S,35,35,116,0.013879310344828194,1.6100000000000705,49.137931034482754,34.48275862068966,34.48275862068966,31.03448275862069,1.0010182404173142
A_S,35,40,101,-3.9490396039603963,-398.853,41.584158415841586,23.762376237623762,35.64356435643564,40.5940594059406,0.7483661429617812
F_L,35,40,104,0.7454423076923073,77.52599999999997,49.03846153846153,30.76923076923077,36.53846153846153,32.69230769230769,1.0514099165979776
A_L,35,40,134,3.5999850746268662,482.3980000000001,52.98507462686567,30.597014925373134,29.1044776119403,40.298507462686565,1.3046915364374443
F_S,35,40,116,0.7527068965517243,87.31400000000002,48.275862068965516,30.17241379310345,34.48275862068966,35.3448275862069,1.055122509547039
A_S,35,50,101,-4.87128712871287,-491.99999999999994,40.5940594059406,13.861386138613863,36.633663366336634,49.504950495049506,0.696353089514739
F_L,35,50,104,1.6991923076923077,176.716,49.03846153846153,22.115384615384613,36.53846153846153,41.34615384615385,1.1171859095210404
A_L,35,50,134,4.887940298507463,654.984,52.23880597014925,22.388059701492537,29.1044776119403,48.507462686567166,1.4086233486222508
F_S,35,50,116,1.1250344827586214,130.50400000000008,45.689655172413794,23.275862068965516,35.3448275862069,41.37931034482759,1.0791970574795233
A_S,35,60,101,-3.6962772277227725,-373.324,40.5940594059406,12.871287128712872,36.633663366336634,50.495049504950494,0.7695961804674807
F_L,35,60,104,3.048461538461538,317.03999999999996,49.03846153846153,17.307692307692307,36.53846153846153,46.15384615384615,1.210239145038087
A_L,35,60,134,5.997440298507463,803.657,52.23880597014925,17.16417910447761,29.1044776119403,53.73134328358209,1.5013756282347541
F_S,35,60,116,0.586724137931035,68.06000000000006,43.103448275862064,17.24137931034483,37.06896551724138,45.689655172413794,1.0393789854154265
A_S,35,75,101,-3.121188118811881,-315.23999999999995,39.603960396039604,7.920792079207921,36.633663366336634,55.44554455445545,0.8061878006028812
F_L,35,75,104,2.496711538461539,259.658,49.03846153846153,8.653846153846153,36.53846153846153,54.807692307692314,1.1721873452002889
A_L,35,75,134,6.714037313432837,899.6810000000002,52.23880597014925,11.940298507462686,29.1044776119403,58.95522388059702,1.561281898354487
F_S,35,75,116,0.4639224137931037,53.81500000000003,43.103448275862064,10.344827586206897,37.06896551724138,52.58620689655172,1.031136939467105
A_S,40,3,101,-0.4815346534653465,-48.635,90.0990099009901,90.0990099009901,6.9306930693069315,2.9702970297029703,0.855381239258039
F_L,40,3,104,-3.295942307692308,-342.778,80.76923076923077,80.76923076923077,12.5,6.730769230769231,0.43456780755596525
A_L,40,3,134,-0.39864925373134336,-53.41900000000001,88.05970149253731,88.05970149253731,6.7164179104477615,5.223880597014925,0.874370606592962
F_S,40,3,116,-1.659508620689655,-192.503,87.93103448275862,87.93103448275862,11.206896551724139,0.8620689655172413,0.6412862807650451
A_S,40,4,101,-0.416792079207921,-42.09600000000002,88.11881188118812,88.11881188118812,8.91089108910891,2.9702970297029703,0.8989490664503028
F_L,40,4,104,-3.3454711538461535,-347.929,78.84615384615384,78.84615384615384,14.423076923076922,6.730769230769231,0.4930092398978234
A_L,40,4,134,0.13666417910447762,18.313000000000002,87.31343283582089,87.31343283582089,7.462686567164178,5.223880597014925,1.0393508918575691
F_S,40,4,116,-1.5021293103448277,-174.247,86.20689655172413,86.20689655172413,12.931034482758621,0.8620689655172413,0.7178103977119982
A_S,40,5,101,0.36719801980197997,37.086999999999975,88.11881188118812,87.12871287128714,8.91089108910891,3.9603960396039604,1.0890268902641018
F_L,40,5,104,-3.164903846153846,-329.15,75.96153846153845,75.96153846153845,15.384615384615385,8.653846153846153,0.5541422843519721
A_L,40,5,134,0.32579104477611925,43.65599999999998,85.82089552238806,85.82089552238806,8.955223880597014,5.223880597014925,1.0798687149764816
F_S,40,5,116,-1.4612155172413794,-169.501,84.48275862068965,84.48275862068965,14.655172413793101,0.8620689655172413,0.7570546888885065
A_S,40,6,101,0.9074554455445545,91.653,87.12871287128714,86.13861386138613,8.91089108910891,4.9504950495049505,1.2043367466374164
F_L,40,6,104,-3.782596153846154,-393.39,73.07692307692307,73.07692307692307,18.269230769230766,8.653846153846153,0.5428886823146641
A_L,40,6,134,0.130402985074627,17.474000000000018,82.83582089552239,82.83582089552239,11.194029850746269,5.970149253731343,1.0259413269358384
F_S,40,6,116,-1.4439310344827587,-167.496,81.89655172413794,81.89655172413794,15.517241379310345,2.586206896551724,0.7838181086020507
A_S,40,8,101,-0.2157821782178216,-21.793999999999983,79.20792079207921,78.21782178217822,12.871287128712872,8.91089108910891,0.9681823623362328
F_L,40,8,104,-3.7266057692307695,-387.567,69.23076923076923,69.23076923076923,20.192307692307693,10.576923076923077,0.6030177725106348
A_L,40,8,134,0.9672089552238805,129.606,80.59701492537313,80.59701492537313,11.940298507462686,7.462686567164178,1.1716574374161455
F_S,40,8,116,-2.3119568965517243,-268.187,75.0,75.0,18.96551724137931,6.0344827586206895,0.7309026436434457
A_S,40,10,101,-0.2456435643564363,-24.810000000000066,74.25742574257426,73.26732673267327,13.861386138613863,12.871287128712872,0.9683897904501749
F_L,40,10,104,-3.2957115384615387,-342.754,67.3076923076923,67.3076923076923,22.115384615384613,10.576923076923077,0.6755645962045046
A_L,40,10,134,1.726723880597015,231.38100000000003,77.61194029850746,76.86567164179104,11.940298507462686,11.194029850746269,1.2823830497676925
F_S,40,10,116,-1.973163793103448,-228.88699999999997,70.6896551724138,70.6896551724138,20.689655172413794,8.620689655172415,0.7893480831795613
A_S,40,12,101,-0.7216435643564357,-72.88600000000001,70.29702970297029,69.3069306930693,16.831683168316832,13.861386138613863,0.9221854605124787
F_L,40,12,104,-3.0018076923076924,-312.188,65.38461538461539,64.42307692307693,24.03846153846154,11.538461538461538,0.7253348325243508
A_L,40,12,134,1.7092388059701495,229.03800000000004,73.13432835820896,72.38805970149254,14.17910447761194,13.432835820895523,1.239757309552796
F_S,40,12,116,-0.9240172413793101,-107.18599999999996,69.82758620689656,67.24137931034483,20.689655172413794,12.068965517241379,0.9019112418725319
A_S,40,15,101,-1.1481683168316834,-115.96500000000003,65.34653465346535,63.366336633663366,20.792079207920793,15.841584158415841,0.8949354473386183
F_L,40,15,104,-1.9981249999999997,-207.80499999999998,63.46153846153846,59.61538461538461,25.0,15.384615384615385,0.8234612486375495
A_L,40,15,134,2.799082089552239,375.077,70.8955223880597,69.40298507462687,15.671641791044777,14.925373134328357,1.3587211109463992
F_S,40,15,116,-0.7297241379310342,-84.64799999999997,65.51724137931035,62.93103448275862,23.275862068965516,13.793103448275861,0.9313652992916631
A_S,40,18,101,-0.4040099009900991,-40.80500000000001,63.366336633663366,60.396039603960396,22.772277227722775,16.831683168316832,0.9655682193103182
F_L,40,18,104,-2.613105769230769,-271.763,58.65384615384615,53.84615384615385,27.884615384615387,18.269230769230766,0.7946682019537132
A_L,40,18,134,3.6738656716417917,492.29800000000006,69.40298507462687,64.92537313432835,17.16417910447761,17.91044776119403,1.4369965265603177
F_S,40,18,116,-1.7247068965517243,-200.066,60.3448275862069,56.03448275862068,27.586206896551722,16.379310344827587,0.8605467829694573
A_S,40,20,101,-0.8705346534653463,-87.92399999999998,60.396039603960396,53.46534653465347,23.762376237623762,22.772277227722775,0.9297920607631971
F_L,40,20,104,-1.9734326923076924,-205.237,57.692307692307686,52.88461538461539,27.884615384615387,19.230769230769234,0.8475469663081594
A_L,40,20,134,4.082708955223881,547.083,67.16417910447761,62.68656716417911,17.91044776119403,19.402985074626866,1.4636233745983107
F_S,40,20,116,-0.9421206896551723,-109.28599999999999,59.48275862068966,55.172413793103445,27.586206896551722,17.24137931034483,0.9241113185837208
A_S,40,22,101,-0.4339603960396038,-43.829999999999984,59.4059405940594,50.495049504950494,23.762376237623762,25.742574257425744,0.9654003822298637
F_L,40,22,104,-2.1567692307692305,-224.30399999999997,55.769230769230774,47.11538461538461,27.884615384615387,25.0,0.8377455203588487
A_L,40,22,134,5.0215522388059695,672.8879999999999,67.16417910447761,59.70149253731343,17.91044776119403,22.388059701492537,1.5702363357784983
F_S,40,22,116,-1.9363275862068963,-224.61399999999998,55.172413793103445,50.0,29.310344827586203,20.689655172413794,0.8553956093478402
A_S,40,25,101,0.20584158415841608,20.790000000000024,58.415841584158414,47.524752475247524,23.762376237623762,28.71287128712871,1.016180411195693
F_L,40,25,104,-1.584586538461539,-164.79700000000005,54.807692307692314,43.269230769230774,28.846153846153843,27.884615384615387,0.8841652895815043
A_L,40,25,134,5.7979328358208955,776.923,65.67164179104478,56.71641791044776,18.65671641791045,24.62686567164179,1.6270043733248971
F_S,40,25,116,-1.0728189655172413,-124.447,54.310344827586206,47.41379310344828,29.310344827586203,23.275862068965516,0.9204486179651743
A_S,40,30,101,-1.579128712871286,-159.4919999999999,50.495049504950494,39.603960396039604,26.732673267326735,33.663366336633665,0.8912422058687148
F_L,40,30,104,-0.31426923076923063,-32.68399999999998,53.84615384615385,40.38461538461539,29.807692307692307,29.807692307692307,0.9776573280532329
A_L,40,30,134,4.011283582089552,537.5120000000001,58.95522388059702,46.26865671641791,23.134328358208954,30.597014925373134,1.3580172084206434
F_S,40,30,116,0.3216982758620693,37.317000000000036,53.44827586206896,43.96551724137931,29.310344827586203,26.72413793103448,1.0236600290258093
A_S,40,35,101,-2.567425742574257,-259.30999999999995,46.53465346534654,31.683168316831683,26.732673267326735,41.584158415841586,0.8313546066772676
F_L,40,35,104,0.29777884615384637,30.969000000000023,52.88461538461539,34.61538461538461,30.76923076923077,34.61538461538461,1.0206048178374156
A_L,40,35,134,3.283634328358209,440.00699999999995,55.970149253731336,37.3134328358209,25.37313432835821,37.3134328358209,1.2705983572481077
F_S,40,35,116,0.8688189655172414,100.783,52.58620689655172,37.06896551724138,29.310344827586203,33.62068965517241,1.0632142993789782
A_S,40,40,101,-3.3907128712871284,-342.462,43.56435643564357,25.742574257425744,27.722772277227726,46.53465346534654,0.7872014664533266
F_L,40,40,104,1.1898557692307696,123.74500000000003,52.88461538461539,30.76923076923077,30.76923076923077,38.46153846153847,1.0823321122183795
A_L,40,40,134,3.141738805970149,420.99299999999994,54.47761194029851,30.597014925373134,26.119402985074625,43.28358208955223,1.252161225344242
F_S,40,40,116,1.7262586206896553,200.246,51.724137931034484,32.758620689655174,29.310344827586203,37.93103448275862,1.1253773134219955
A_S,40,50,101,-4.171940594059405,-421.366,42.57425742574257,15.841584158415841,28.71287128712871,55.44554455445545,0.7445902901322311
F_L,40,50,104,2.1436057692307693,222.935,52.88461538461539,22.115384615384613,30.76923076923077,47.11538461538461,1.1483268773478077
A_L,40,50,134,4.429694029850746,593.579,53.73134328358209,22.388059701492537,26.119402985074625,51.49253731343284,1.3513946468435822
F_S,40,50,116,1.8691034482758624,216.81600000000003,49.137931034482754,24.137931034482758,29.310344827586203,46.55172413793103,1.1315601530790875
A_S,40,60,101,-2.7919108910891084,-281.98299999999995,42.57425742574257,14.85148514851485,28.71287128712871,56.43564356435643,0.8290768685236989
F_L,40,60,104,3.4928749999999997,363.25899999999996,52.88461538461539,17.307692307692307,30.76923076923077,51.92307692307693,1.2416896097000796
A_L,40,60,134,5.539194029850746,742.252,53.73134328358209,17.16417910447761,26.119402985074625,56.71641791044776,1.4394080306226171
F_S,40,60,116,1.0178620689655178,118.07200000000006,46.55172413793103,17.24137931034483,31.03448275862069,51.724137931034484,1.0678804491865352
A_S,40,75,101,-1.9260297029702962,-194.5289999999999,41.584158415841586,9.900990099009901,28.71287128712871,61.386138613861384,0.8825297330591763
F_L,40,75,104,2.9411249999999995,305.87699999999995,52.88461538461539,8.653846153846153,30.76923076923077,60.57692307692307,1.2035112488506308
A_L,40,75,134,6.25579104477612,838.2760000000001,53.73134328358209,11.940298507462686,26.119402985074625,61.940298507462686,1.4962535719381085
F_S,40,75,116,0.8950603448275869,103.82700000000008,46.55172413793103,10.344827586206897,31.03448275862069,58.620689655172406,1.0596908953663053
A_S,50,3,101,-0.9649603960396043,-97.46100000000003,90.0990099009901,90.0990099009901,5.9405940594059405,3.9603960396039604,0.7469360517651458
F_L,50,3,104,-3.3162499999999997,-344.89,82.6923076923077,82.6923076923077,9.615384615384617,7.6923076923076925,0.43912846916174164
A_L,50,3,134,-0.6832985074626866,-91.56200000000001,88.80597014925374,88.80597014925374,5.970149253731343,5.223880597014925,0.8037357134895523
F_S,50,3,116,-1.8611465517241375,-215.89299999999994,88.79310344827587,88.79310344827587,8.620689655172415,2.586206896551724,0.6166114384551726
A_S,50,4,101,-0.8304158415841586,-83.87200000000001,88.11881188118812,88.11881188118812,6.9306930693069315,4.9504950495049505,0.8170163932995607
F_L,50,4,104,-3.0155576923076923,-313.618,81.73076923076923,81.73076923076923,10.576923076923077,7.6923076923076925,0.5283429183310072
A_L,50,4,134,-0.138089552238806,-18.504000000000005,88.05970149253731,88.05970149253731,5.970149253731343,5.970149253731343,0.963450621600161
F_S,50,4,116,-1.8762068965517242,-217.64000000000001,87.06896551724138,87.06896551724138,10.344827586206897,2.586206896551724,0.6726602744876855
A_S,50,5,101,-0.04642574257425763,-4.6890000000000205,88.11881188118812,87.12871287128714,6.9306930693069315,5.9405940594059405,0.9897700051051799
F_L,50,5,104,-2.9085480769230774,-302.48900000000003,78.84615384615384,78.84615384615384,11.538461538461538,9.615384615384617,0.5838901154832896
A_L,50,5,134,-0.08436567164179067,-11.30499999999995,86.56716417910447,86.56716417910447,7.462686567164178,5.970149253731343,0.9813635824123652
F_S,50,5,116,-1.991862068965517,-231.05599999999998,85.34482758620689,85.34482758620689,12.068965517241379,2.586206896551724,0.6981877365908966
A_S,50,6,101,0.49383168316831666,49.87699999999998,87.12871287128714,86.13861386138613,6.9306930693069315,6.9306930693069315,1.1017244016601573
F_L,50,6,104,-3.540278846153846,-368.18899999999996,75.96153846153845,75.96153846153845,13.461538461538462,10.576923076923077,0.5687769742043158
A_L,50,6,134,-0.49249253731343284,-65.994,83.5820895522388,83.5820895522388,9.701492537313433,6.7164179104477615,0.9135213759213759
F_S,50,6,116,-1.990094827586207,-230.851,82.75862068965517,82.75862068965517,12.068965517241379,5.172413793103448,0.7266294990183099
A_S,50,8,101,-0.7840297029702972,-79.18700000000001,79.20792079207921,78.21782178217822,9.900990099009901,11.881188118811881,0.8933305853367444
F_L,50,8,104,-3.5972403846153846,-374.113,72.11538461538461,72.11538461538461,15.384615384615385,12.5,0.621642586535758
A_L,50,8,134,0.2929701492537312,39.25799999999998,81.34328358208955,81.34328358208955,10.44776119402985,8.208955223880597,1.0460032224989013
F_S,50,8,116,-2.167646551724138,-251.447,77.58620689655173,77.58620689655173,13.793103448275861,8.620689655172415,0.7498843655223247
A_S,50,10,101,-1.0910198019801982,-110.19300000000001,74.25742574257426,73.26732673267327,10.891089108910892,15.841584158415841,0.873378638009965
F_L,50,10,104,-3.1482692307692313,-327.4200000000001,70.1923076923077,70.1923076923077,16.346153846153847,13.461538461538462,0.6946882354915832
A_L,50,10,134,1.0676343283582095,143.06300000000007,78.35820895522389,77.61194029850746,10.44776119402985,11.940298507462686,1.1558870480040533
F_S,50,10,116,-1.947956896551724,-225.963,72.41379310344827,72.41379310344827,14.655172413793101,12.931034482758621,0.7955851834697227
A_S,50,12,101,-1.8627623762376242,-188.13900000000004,70.29702970297029,69.3069306930693,13.861386138613863,16.831683168316832,0.8211463652991301
F_L,50,12,104,-2.567990384615385,-267.071,68.26923076923077,66.34615384615384,17.307692307692307,16.346153846153847,0.7621324721314746
A_L,50,12,134,0.8469253731343279,113.48799999999994,73.88059701492537,73.13432835820896,12.686567164179104,14.17910447761194,1.1047970738671256
F_S,50,12,116,-0.8783620689655174,-101.89000000000001,71.55172413793103,68.96551724137932,14.655172413793101,16.379310344827587,0.9083388359418998
A_S,50,15,101,-2.031267326732673,-205.15799999999996,66.33663366336634,64.35643564356435,16.831683168316832,18.81188118811881,0.830295480319924
F_L,50,15,104,-1.6208750000000005,-168.57100000000005,66.34615384615384,61.53846153846154,18.269230769230766,20.192307692307693,0.8564664230319915
A_L,50,15,134,1.8059999999999998,242.004,71.64179104477611,70.1492537313433,14.17910447761194,15.671641791044777,1.2027397902934487
F_S,50,15,116,-0.6421034482758616,-74.48399999999995,67.24137931034483,64.65517241379311,16.379310344827587,18.96551724137931,0.9406029181794913
A_S,50,18,101,-1.453346534653465,-146.78799999999998,64.35643564356435,61.386138613861384,18.81188118811881,19.801980198019802,0.887871912979047
F_L,50,18,104,-2.5072307692307687,-260.75199999999995,61.53846153846154,54.807692307692314,21.153846153846153,24.03846153846154,0.8068407839500183
A_L,50,18,134,2.7906865671641796,373.95200000000006,70.1492537313433,65.67164179104478,14.925373134328357,19.402985074626866,1.296081171491799
F_S,50,18,116,-1.5563706896551728,-180.53900000000004,62.06896551724138,57.758620689655174,18.103448275862068,24.137931034482758,0.8756579921554045
A_S,50,20,101,-1.9955148514851488,-201.54700000000003,61.386138613861384,54.45544554455446,19.801980198019802,25.742574257425744,0.8546277462817906
F_L,50,20,104,-1.843423076923077,-191.716,60.57692307692307,53.84615384615385,21.153846153846153,25.0,0.8603297458242659
A_L,50,20,134,3.133358208955224,419.87,67.91044776119402,63.43283582089553,15.671641791044777,20.8955223880597,1.3163293827632998
F_S,50,20,116,-0.7439827586206893,-86.30199999999996,61.206896551724135,56.896551724137936,18.103448275862068,25.0,0.9407832621559612
A_S,50,22,101,-1.5400297029702972,-155.543,60.396039603960396,51.48514851485149,19.801980198019802,28.71287128712871,0.8889660637037248
F_L,50,22,104,-2.0082980769230767,-208.863,58.65384615384615,48.07692307692308,21.153846153846153,30.76923076923077,0.8517464578587941
A_L,50,22,134,4.0869776119402985,547.655,67.91044776119402,60.447761194029844,15.671641791044777,23.88059701492537,1.4126023962589254
F_S,50,22,116,-1.87051724137931,-216.97999999999996,56.896551724137936,51.724137931034484,19.82758620689655,28.448275862068968,0.8635284971844656
A_S,50,25,101,-0.8738910891089107,-88.26299999999998,59.4059405940594,48.51485148514851,19.801980198019802,31.683168316831683,0.9377978392777859
F_L,50,25,104,-1.4486153846153846,-150.656,57.692307692307686,44.230769230769226,21.153846153846153,34.61538461538461,0.8963111930585984
A_L,50,25,134,4.8283805970149265,647.0030000000002,66.4179104477612,57.46268656716418,16.417910447761194,26.119402985074625,1.4641098421675194
F_S,50,25,116,-0.9557413793103448,-110.86599999999999,56.03448275862068,49.137931034482754,19.82758620689655,31.03448275862069,0.9307515541955631
A_S,50,30,101,-2.5482970297029692,-257.3779999999999,51.48514851485149,40.5940594059406,21.782178217821784,37.62376237623762,0.8385731506766835
F_L,50,30,104,-0.22118269230769178,-23.002999999999943,56.730769230769226,41.34615384615385,22.115384615384613,36.53846153846153,0.9846955103148789
A_L,50,30,134,2.5266119402985083,338.5660000000001,59.70149253731343,46.26865671641791,20.8955223880597,32.83582089552239,1.1974175701789067
F_S,50,30,116,0.12305172413793168,14.274000000000076,54.310344827586206,44.827586206896555,19.82758620689655,35.3448275862069,1.0087473794324437
A_S,50,35,101,-3.4821386138613857,-351.69599999999997,47.524752475247524,32.67326732673268,21.782178217821784,45.54455445544555,0.7888359788677469
F_L,50,35,104,-0.09423076923076866,-9.79999999999994,54.807692307692314,34.61538461538461,23.076923076923077,42.30769230769231,0.9937306762489231
A_L,50,35,134,1.8517985074626868,248.14100000000005,56.71641791044776,37.3134328358209,21.641791044776117,41.04477611940299,1.1354046845226533
F_S,50,35,116,0.7166379310344833,83.13000000000005,53.44827586206896,37.93103448275862,19.82758620689655,42.241379310344826,1.0504156424946922
A_S,50,40,101,-3.8455247524752485,-388.3980000000001,45.54455445544555,26.732673267326735,21.782178217821784,51.48514851485149,0.7711403151609716
F_L,50,40,104,0.7978461538461541,82.97600000000003,54.807692307692314,30.76923076923077,23.076923076923077,46.15384615384615,1.0530819803642224
A_L,50,40,134,1.630798507462687,218.52700000000004,55.223880597014926,30.597014925373134,22.388059701492537,47.01492537313433,1.1158265202008824
F_S,50,40,116,1.6013189655172415,185.75300000000001,52.58620689655172,33.62068965517241,19.82758620689655,46.55172413793103,1.112459459246743
A_S,50,50,101,-4.620415841584157,-466.66199999999986,44.554455445544555,16.831683168316832,22.772277227722775,60.396039603960396,0.7329133926767554
F_L,50,50,104,1.7515961538461533,182.16599999999994,54.807692307692314,22.115384615384613,23.076923076923077,54.807692307692314,1.1165364929019104
A_L,50,50,134,2.918753731343284,391.11300000000006,54.47761194029851,22.388059701492537,22.388059701492537,55.223880597014926,1.205163808229885
F_S,50,50,116,1.8305172413793112,212.3400000000001,50.0,25.0,19.82758620689655,55.172413793103445,1.1247134568251458
A_S,50,60,101,-3.1451386138613855,-317.65899999999993,44.554455445544555,15.841584158415841,22.772277227722775,61.386138613861384,0.8181929006525183
F_L,50,60,104,3.1008653846153846,322.49,54.807692307692314,17.307692307692307,23.076923076923077,59.61538461538461,1.2063055322943743
A_L,50,60,134,4.028253731343284,539.7860000000001,54.47761194029851,17.16417910447761,22.388059701492537,60.447761194029844,1.283152315032169
F_S,50,60,116,1.765,204.73999999999998,48.275862068965516,18.103448275862068,20.689655172413794,61.206896551724135,1.1161238874107617
A_S,50,75,101,-2.1314356435643553,-215.2749999999999,43.56435643564357,10.891089108910892,22.772277227722775,66.33663366336634,0.8772278210226575
F_L,50,75,104,2.5491153846153844,265.108,54.807692307692314,8.653846153846153,23.076923076923077,68.26923076923077,1.1695967225510777
A_L,50,75,134,4.744850746268657,635.8100000000001,54.47761194029851,11.940298507462686,22.388059701492537,65.67164179104478,1.333523050654525
F_S,50,75,116,1.781879310344828,206.69800000000006,48.275862068965516,11.206896551724139,20.689655172413794,68.10344827586206,1.117234420631189
A_both,3,3,235,-0.8076042553191488,-189.78699999999998,37.87234042553192,37.87234042553192,62.12765957446808,0.0,
Flip_both,3,3,220,-0.7926318181818182,-174.379,36.36363636363637,36.36363636363637,63.63636363636363,0.0,
ALL,3,3,455,-0.800364835164835,-364.16599999999994,37.142857142857146,37.142857142857146,62.857142857142854,0.0,
A_both,3,4,235,-0.6424170212765957,-150.968,34.8936170212766,34.8936170212766,65.1063829787234,0.0,
Flip_both,3,4,220,-0.8225045454545455,-180.95100000000002,30.90909090909091,30.90909090909091,69.0909090909091,0.0,
ALL,3,4,455,-0.7294923076923078,-331.919,32.967032967032964,32.967032967032964,67.03296703296704,0.0,
A_both,3,5,235,-0.4699914893617021,-110.448,32.765957446808514,32.765957446808514,67.23404255319149,0.0,
Flip_both,3,5,220,-0.7017590909090909,-154.387,28.636363636363637,28.636363636363637,71.36363636363636,0.0,
ALL,3,5,455,-0.5820549450549451,-264.83500000000004,30.76923076923077,30.76923076923077,69.23076923076923,0.0,
A_both,3,6,235,-0.3568553191489362,-83.861,30.21276595744681,30.21276595744681,69.7872340425532,0.0,
Flip_both,3,6,220,-0.7196318181818181,-158.319,25.454545454545453,25.454545454545453,74.54545454545455,0.0,
ALL,3,6,455,-0.5322637362637362,-242.18,27.912087912087912,27.912087912087912,72.08791208791209,0.0,
A_both,3,8,235,-0.14021276595744683,-32.95,26.382978723404257,26.382978723404257,73.61702127659575,0.0,
Flip_both,3,8,220,-0.6270590909090908,-137.95299999999997,21.818181818181817,21.818181818181817,78.18181818181819,0.0,
ALL,3,8,455,-0.37561098901098894,-170.90299999999996,24.175824175824175,24.175824175824175,75.82417582417582,0.0,
A_both,3,10,235,-0.15840851063829786,-37.226,22.5531914893617,22.5531914893617,77.44680851063829,0.0,
Flip_both,3,10,220,-0.5901772727272727,-129.839,18.636363636363637,18.636363636363637,81.36363636363636,0.0,
ALL,3,10,455,-0.3671758241758242,-167.065,20.65934065934066,20.65934065934066,79.34065934065934,0.0,
A_both,3,12,235,-0.09390212765957444,-22.066999999999993,20.0,20.0,80.0,0.0,
Flip_both,3,12,220,-0.81135,-178.497,15.0,15.0,85.0,0.0,
ALL,3,12,455,-0.4408,-200.56400000000002,17.582417582417584,17.582417582417584,82.41758241758242,0.0,
A_both,3,15,235,0.17982978723404258,42.260000000000005,18.29787234042553,18.29787234042553,81.70212765957447,0.0,
Flip_both,3,15,220,-0.49896363636363633,-109.77199999999999,14.090909090909092,14.090909090909092,85.9090909090909,0.0,
ALL,3,15,455,-0.14837802197802194,-67.51199999999999,16.263736263736263,16.263736263736263,83.73626373626374,0.0,
A_both,3,18,235,0.4606765957446809,108.25900000000001,17.02127659574468,17.02127659574468,82.97872340425532,0.0,
Flip_both,3,18,220,-0.43914545454545456,-96.61200000000001,12.727272727272727,12.272727272727273,87.27272727272727,0.45454545454545453,
ALL,3,18,455,0.025597802197802198,11.647,14.945054945054945,14.725274725274724,85.05494505494505,0.21978021978021978,
A_both,3,20,235,0.45270638297872345,106.38600000000001,15.74468085106383,15.319148936170214,84.25531914893617,0.425531914893617,
Flip_both,3,20,220,-0.2269545454545454,-49.92999999999999,12.727272727272727,12.272727272727273,87.27272727272727,0.45454545454545453,
ALL,3,20,455,0.12407912087912092,56.45600000000002,14.285714285714286,13.846153846153847,85.71428571428571,0.43956043956043955,
A_both,3,22,235,0.4288085106382978,100.76999999999998,14.893617021276595,13.617021276595745,85.1063829787234,1.2765957446808511,
Flip_both,3,22,220,-0.40436818181818174,-88.96099999999998,11.363636363636363,10.454545454545455,88.63636363636364,0.9090909090909091,
ALL,3,22,455,0.025953846153846133,11.80899999999999,13.186813186813186,12.087912087912088,86.81318681318682,1.098901098901099,
A_both,3,25,235,0.5497021276595746,129.18000000000004,14.46808510638298,12.340425531914894,85.53191489361703,2.127659574468085,
Flip_both,3,25,220,-0.1841681818181818,-40.516999999999996,11.363636363636363,10.0,88.63636363636364,1.3636363636363635,
ALL,3,25,455,0.19486373626373635,88.66300000000004,12.967032967032967,11.208791208791208,87.03296703296704,1.7582417582417582,
A_both,3,30,235,0.6715872340425534,157.82300000000004,13.191489361702128,10.638297872340425,86.80851063829788,2.5531914893617023,
Flip_both,3,30,220,0.13817727272727276,30.399000000000008,10.909090909090908,9.545454545454545,89.09090909090911,1.3636363636363635,
ALL,3,30,455,0.4136747252747254,188.22200000000004,12.087912087912088,10.10989010989011,87.91208791208791,1.978021978021978,
A_both,3,35,235,0.23548936170212761,55.33999999999999,11.48936170212766,7.659574468085107,88.51063829787235,3.8297872340425534,
Flip_both,3,35,220,0.21693181818181811,47.72499999999999,10.0,8.181818181818182,90.0,1.8181818181818181,
ALL,3,35,455,0.22651648351648346,103.06499999999997,10.76923076923077,7.912087912087912,89.23076923076923,2.857142857142857,
A_both,3,40,235,-0.027323404255319116,-6.420999999999992,10.638297872340425,5.957446808510638,89.36170212765957,4.680851063829787,
Flip_both,3,40,220,0.15791818181818165,34.74199999999996,9.545454545454545,6.363636363636363,90.45454545454545,3.1818181818181817,
ALL,3,40,455,0.062243956043955974,28.32099999999997,10.10989010989011,6.153846153846154,89.89010989010988,3.956043956043956,
A_both,3,50,235,0.29544255319148943,69.42900000000002,10.638297872340425,4.25531914893617,89.36170212765957,6.382978723404255,
Flip_both,3,50,220,-0.4179909090909091,-91.958,7.7272727272727275,3.1818181818181817,92.27272727272727,4.545454545454546,
ALL,3,50,455,-0.04951428571428564,-22.528999999999968,9.23076923076923,3.7362637362637363,90.76923076923077,5.4945054945054945,
A_both,3,60,235,0.2889872340425534,67.91200000000005,10.212765957446809,3.404255319148936,89.7872340425532,6.808510638297872,
Flip_both,3,60,220,-0.4556272727272727,-100.238,7.2727272727272725,2.272727272727273,92.72727272727273,5.0,
ALL,3,60,455,-0.07104615384615377,-32.325999999999965,8.791208791208792,2.857142857142857,91.20879120879121,5.934065934065934,
A_both,3,75,235,0.6123063829787236,143.89200000000005,10.212765957446809,2.5531914893617023,89.7872340425532,7.659574468085107,
Flip_both,3,75,220,-0.5898409090909091,-129.76500000000001,6.818181818181818,1.3636363636363635,93.18181818181819,5.454545454545454,
ALL,3,75,455,0.031048351648351732,14.127000000000038,8.571428571428571,1.978021978021978,91.42857142857143,6.593406593406593,
A_both,4,3,235,-0.9838978723404256,-231.216,43.829787234042556,43.829787234042556,56.170212765957444,0.0,
Flip_both,4,3,220,-0.7291272727272728,-160.40800000000002,45.9090909090909,45.9090909090909,54.09090909090909,0.0,
ALL,4,3,455,-0.860712087912088,-391.624,44.83516483516483,44.83516483516483,55.16483516483517,0.0,
A_both,4,4,235,-0.7137191489361702,-167.72400000000002,41.702127659574465,41.702127659574465,58.297872340425535,0.0,
Flip_both,4,4,220,-0.6894818181818181,-151.68599999999998,40.90909090909091,40.90909090909091,59.09090909090909,0.0,
ALL,4,4,455,-0.7020000000000001,-319.41,41.31868131868132,41.31868131868132,58.68131868131868,0.0,
A_both,4,5,235,-0.5801617021276597,-136.33800000000002,38.723404255319146,38.723404255319146,61.276595744680854,0.0,
Flip_both,4,5,220,-0.574740909090909,-126.44299999999998,37.72727272727273,37.72727272727273,62.27272727272727,0.0,
ALL,4,5,455,-0.5775406593406593,-262.781,38.24175824175824,38.24175824175824,61.75824175824176,0.0,
A_both,4,6,235,-0.5164978723404255,-121.37700000000001,35.319148936170215,35.319148936170215,64.68085106382979,0.0,
Flip_both,4,6,220,-0.6305636363636363,-138.724,33.63636363636363,33.63636363636363,66.36363636363636,0.0,
ALL,4,6,455,-0.5716505494505495,-260.101,34.505494505494504,34.505494505494504,65.49450549450549,0.0,
A_both,4,8,235,-0.2918212765957446,-68.57799999999997,31.06382978723404,31.06382978723404,68.93617021276596,0.0,
Flip_both,4,8,220,-0.5799727272727274,-127.59400000000002,28.636363636363637,28.636363636363637,71.36363636363636,0.0,
ALL,4,8,455,-0.4311472527472528,-196.17200000000003,29.89010989010989,29.89010989010989,70.10989010989012,0.0,
A_both,4,10,235,-0.3095063829787234,-72.734,26.80851063829787,26.80851063829787,73.19148936170214,0.0,
Flip_both,4,10,220,-0.4954863636363636,-109.00699999999999,25.0,25.0,74.54545454545455,0.45454545454545453,
ALL,4,10,455,-0.3994307692307692,-181.74099999999999,25.934065934065934,25.934065934065934,73.84615384615384,0.21978021978021978,
A_both,4,12,235,-0.18548085106382967,-43.58799999999997,24.25531914893617,24.25531914893617,75.74468085106383,0.0,
Flip_both,4,12,220,-0.6280181818181819,-138.16400000000002,21.363636363636363,21.363636363636363,78.18181818181819,0.45454545454545453,
ALL,4,12,455,-0.39945494505494494,-181.75199999999995,22.857142857142858,22.857142857142858,76.92307692307692,0.21978021978021978,
A_both,4,15,235,0.1956808510638299,45.98500000000002,22.5531914893617,22.5531914893617,77.44680851063829,0.0,
Flip_both,4,15,220,-0.48626818181818177,-106.97899999999998,18.636363636363637,18.636363636363637,80.9090909090909,0.45454545454545453,
ALL,4,15,455,-0.13405274725274716,-60.99399999999997,20.65934065934066,20.65934065934066,79.12087912087912,0.21978021978021978,
A_both,4,18,235,0.5904553191489363,138.75700000000003,21.27659574468085,21.27659574468085,78.72340425531915,0.0,
Flip_both,4,18,220,-0.4008272727272726,-88.18199999999997,16.818181818181817,16.363636363636363,82.72727272727273,0.9090909090909091,
ALL,4,18,455,0.11115384615384626,50.575000000000045,19.12087912087912,18.9010989010989,80.65934065934066,0.43956043956043955,
A_both,4,20,235,0.6529361702127662,153.44000000000005,20.0,19.574468085106382,80.0,0.425531914893617,
Flip_both,4,20,220,-0.10682727272727267,-23.50199999999999,16.818181818181817,16.363636363636363,82.72727272727273,0.9090909090909091,
ALL,4,20,455,0.2855780219780221,129.93800000000007,18.46153846153846,18.021978021978022,81.31868131868131,0.6593406593406593,
A_both,4,22,235,0.548276595744681,128.84500000000003,18.72340425531915,17.02127659574468,81.27659574468085,1.702127659574468,
Flip_both,4,22,220,-0.21031363636363623,-46.26899999999997,15.454545454545455,14.545454545454545,84.0909090909091,1.3636363636363635,
ALL,4,22,455,0.18148571428571442,82.57600000000006,17.142857142857142,15.824175824175825,82.63736263736264,1.5384615384615385,
A_both,4,25,235,0.6423446808510641,150.95100000000008,17.872340425531913,15.319148936170214,82.12765957446808,2.5531914893617023,
Flip_both,4,25,220,-0.02420454545454534,-5.324999999999974,15.454545454545455,13.181818181818182,84.0909090909091,2.727272727272727,
ALL,4,25,455,0.3200571428571431,145.62600000000012,16.703296703296704,14.285714285714286,83.07692307692308,2.6373626373626373,
A_both,4,30,235,0.6897531914893618,162.092,16.170212765957448,12.76595744680851,83.82978723404256,3.404255319148936,
Flip_both,4,30,220,0.40626363636363655,89.37800000000004,15.0,12.272727272727273,84.54545454545455,3.1818181818181817,
ALL,4,30,455,0.5526813186813189,251.47000000000008,15.604395604395604,12.527472527472527,84.17582417582418,3.2967032967032965,
A_both,4,35,235,0.347744680851064,81.72000000000003,14.46808510638298,9.787234042553191,85.53191489361703,4.680851063829787,
Flip_both,4,35,220,0.6333363636363637,139.334,14.545454545454545,10.909090909090908,85.0,4.090909090909091,
ALL,4,35,455,0.4858329670329671,221.054,14.505494505494505,10.32967032967033,85.27472527472527,4.395604395604396,
A_both,4,40,235,0.18532765957446823,43.552000000000035,13.617021276595745,8.085106382978724,86.38297872340425,5.531914893617022,
Flip_both,4,40,220,0.7109681818181819,156.413,14.090909090909092,9.090909090909092,85.45454545454545,5.454545454545454,
ALL,4,40,455,0.4394835164835166,199.96500000000003,13.846153846153847,8.571428571428571,85.93406593406593,5.4945054945054945,
A_both,4,50,235,0.48324255319148945,113.56200000000003,13.191489361702128,5.957446808510638,86.80851063829788,7.23404255319149,
Flip_both,4,50,220,0.2096499999999999,46.122999999999976,12.272727272727273,5.454545454545454,87.27272727272727,7.2727272727272725,
ALL,4,50,455,0.35095604395604396,159.685,12.747252747252746,5.714285714285714,87.03296703296704,7.252747252747253,
A_both,4,60,235,0.6015234042553194,141.35800000000006,12.76595744680851,4.680851063829787,87.23404255319149,8.085106382978722,
Flip_both,4,60,220,0.2697363636363637,59.34200000000001,11.818181818181818,4.090909090909091,87.72727272727273,8.181818181818182,
ALL,4,60,455,0.44109890109890126,200.70000000000007,12.307692307692308,4.395604395604396,87.47252747252747,8.131868131868131,
A_both,4,75,235,0.6314382978723407,148.38800000000006,12.340425531914892,2.978723404255319,87.65957446808511,9.361702127659575,
Flip_both,4,75,220,-0.06629090909090911,-14.584000000000003,11.363636363636363,1.8181818181818181,88.18181818181819,10.0,
ALL,4,75,455,0.2940747252747254,133.80400000000006,11.868131868131869,2.4175824175824174,87.91208791208791,9.67032967032967,
A_both,5,3,235,-0.9919914893617021,-233.118,50.638297872340424,50.638297872340424,49.361702127659576,0.0,
Flip_both,5,3,220,-0.6636863636363636,-146.011,52.72727272727273,52.72727272727273,47.27272727272727,0.0,
ALL,5,3,455,-0.8332505494505494,-379.129,51.64835164835165,51.64835164835165,48.35164835164835,0.0,
A_both,5,4,235,-0.8462510638297872,-198.869,46.808510638297875,46.808510638297875,53.191489361702125,0.0,
Flip_both,5,4,220,-0.6457954545454545,-142.075,47.27272727272727,47.27272727272727,52.72727272727273,0.0,
ALL,5,4,455,-0.7493274725274726,-340.944,47.032967032967036,47.032967032967036,52.967032967032964,0.0,
A_both,5,5,235,-0.6994680851063831,-164.375,43.829787234042556,43.829787234042556,56.170212765957444,0.0,
Flip_both,5,5,220,-0.45459090909090905,-100.00999999999999,44.54545454545455,44.54545454545455,55.45454545454545,0.0,
ALL,5,5,455,-0.5810659340659341,-264.385,44.175824175824175,44.175824175824175,55.824175824175825,0.0,
A_both,5,6,235,-0.7595489361702127,-178.49399999999997,39.148936170212764,39.148936170212764,60.851063829787236,0.0,
Flip_both,5,6,220,-0.481990909090909,-106.03799999999998,40.45454545454545,40.45454545454545,59.54545454545455,0.0,
ALL,5,6,455,-0.6253450549450549,-284.532,39.78021978021978,39.78021978021978,60.21978021978022,0.0,
A_both,5,8,235,-0.5548127659574467,-130.38099999999997,34.46808510638298,34.46808510638298,65.53191489361703,0.0,
Flip_both,5,8,220,-0.4062227272727273,-89.369,35.0,35.0,65.0,0.0,
ALL,5,8,455,-0.4829670329670329,-219.74999999999997,34.72527472527472,34.72527472527472,65.27472527472527,0.0,
A_both,5,10,235,-0.609195744680851,-143.16100000000003,29.78723404255319,29.78723404255319,70.2127659574468,0.0,
Flip_both,5,10,220,-0.36682272727272724,-80.701,30.454545454545453,30.454545454545453,69.0909090909091,0.45454545454545453,
ALL,5,10,455,-0.4920043956043956,-223.86200000000002,30.10989010989011,30.10989010989011,69.67032967032966,0.21978021978021978,
A_both,5,12,235,-0.3766851063829788,-88.52100000000002,27.659574468085108,27.659574468085108,72.34042553191489,0.0,
Flip_both,5,12,220,-0.49819545454545444,-109.60299999999998,26.363636363636363,26.363636363636363,73.18181818181819,0.45454545454545453,
ALL,5,12,455,-0.43543736263736255,-198.12399999999997,27.032967032967033,27.032967032967033,72.74725274725274,0.21978021978021978,
A_both,5,15,235,0.07450638297872365,17.509000000000057,25.95744680851064,25.53191489361702,74.04255319148936,0.425531914893617,
Flip_both,5,15,220,-0.4246681818181817,-93.42699999999998,22.727272727272727,22.727272727272727,76.81818181818181,0.45454545454545453,
ALL,5,15,455,-0.16685274725274707,-75.91799999999992,24.395604395604394,24.175824175824175,75.38461538461539,0.43956043956043955,
A_both,5,18,235,0.448217021276596,105.33100000000006,24.25531914893617,23.829787234042552,75.74468085106383,0.425531914893617,
Flip_both,5,18,220,-0.34367272727272724,-75.60799999999999,20.454545454545453,20.0,79.0909090909091,0.9090909090909091,
ALL,5,18,455,0.06532527472527487,29.723000000000066,22.417582417582416,21.978021978021978,77.36263736263736,0.6593406593406593,
A_both,5,20,235,0.5472978723404256,128.615,22.97872340425532,22.127659574468087,77.02127659574468,0.851063829787234,
Flip_both,5,20,220,0.019904545454545446,4.378999999999998,20.454545454545453,20.0,79.0909090909091,0.9090909090909091,
ALL,5,20,455,0.2922945054945055,132.994,21.75824175824176,21.0989010989011,78.02197802197803,0.8791208791208791,
A_both,5,22,235,0.4800425531914893,112.80999999999999,21.70212765957447,19.574468085106382,78.29787234042553,2.127659574468085,
Flip_both,5,22,220,-0.10625000000000007,-23.375000000000014,19.09090909090909,17.272727272727273,80.45454545454545,2.272727272727273,
ALL,5,22,455,0.1965604395604395,89.43499999999997,20.439560439560438,18.46153846153846,79.34065934065934,2.197802197802198,
A_both,5,25,235,0.6391319148936171,150.19600000000003,20.851063829787233,17.872340425531913,79.14893617021276,2.978723404255319,
Flip_both,5,25,220,0.1604363636363638,35.296000000000035,19.09090909090909,15.909090909090908,80.45454545454545,3.6363636363636362,
ALL,5,25,455,0.4076747252747254,185.49200000000008,20.0,16.923076923076923,79.78021978021978,3.2967032967032965,
A_both,5,30,235,0.7703063829787236,181.02200000000005,19.148936170212767,14.893617021276595,80.85106382978724,4.25531914893617,
Flip_both,5,30,220,0.56245,123.739,18.181818181818183,14.545454545454545,81.36363636363636,4.090909090909091,
ALL,5,30,455,0.6698043956043958,304.761,18.681318681318682,14.725274725274724,81.0989010989011,4.175824175824176,
A_both,5,35,235,0.1809234042553192,42.51700000000001,16.595744680851062,11.063829787234043,83.40425531914893,5.531914893617022,
Flip_both,5,35,220,0.752859090909091,165.62900000000002,17.727272727272727,12.272727272727273,81.81818181818181,5.909090909090909,
ALL,5,35,455,0.4574637362637363,208.14600000000002,17.142857142857142,11.648351648351648,82.63736263736264,5.714285714285714,
A_both,5,40,235,0.07553617021276604,17.75100000000002,15.74468085106383,9.361702127659575,84.25531914893617,6.382978723404255,
Flip_both,5,40,220,0.8861772727272728,194.959,17.272727272727273,10.454545454545455,82.27272727272727,7.2727272727272725,
ALL,5,40,455,0.46749450549450544,212.70999999999998,16.483516483516482,9.89010989010989,83.2967032967033,6.813186813186813,
A_both,5,50,235,0.6475191489361704,152.16700000000003,15.74468085106383,7.23404255319149,84.25531914893617,8.51063829787234,
Flip_both,5,50,220,0.09649545454545468,21.229000000000013,15.454545454545455,5.454545454545454,84.0909090909091,10.454545454545455,
ALL,5,50,455,0.38109010989011005,173.39600000000007,15.604395604395604,6.373626373626373,84.17582417582418,9.45054945054945,
A_both,5,60,235,0.8856170212765957,208.11999999999998,15.319148936170214,5.957446808510638,84.68085106382979,9.361702127659575,
Flip_both,5,60,220,0.1565818181818181,34.44799999999998,15.0,4.090909090909091,84.54545454545455,11.363636363636363,
ALL,5,60,455,0.5331164835164834,242.56799999999998,15.164835164835164,5.054945054945055,84.61538461538461,10.32967032967033,
A_both,5,75,235,1.1201999999999999,263.24699999999996,14.893617021276595,4.25531914893617,85.1063829787234,10.638297872340425,
Flip_both,5,75,220,-0.18379545454545462,-40.43500000000002,14.545454545454545,1.8181818181818181,85.0,13.181818181818182,
ALL,5,75,455,0.4896967032967033,222.81199999999998,14.725274725274724,3.076923076923077,85.05494505494505,11.868131868131869,
A_both,6,3,235,-0.9792255319148934,-230.11799999999994,55.744680851063826,55.744680851063826,44.255319148936174,0.0,
Flip_both,6,3,220,-0.6389318181818182,-140.565,58.18181818181818,58.18181818181818,41.81818181818182,0.0,
ALL,6,3,455,-0.8146879120879119,-370.68299999999994,56.92307692307692,56.92307692307692,43.07692307692308,0.0,
A_both,6,4,235,-0.8632127659574469,-202.85500000000002,51.48936170212766,51.48936170212766,48.51063829787234,0.0,
Flip_both,6,4,220,-0.6129772727272728,-134.85500000000002,52.72727272727273,52.72727272727273,47.27272727272727,0.0,
ALL,6,4,455,-0.7422197802197802,-337.71,52.08791208791209,52.08791208791209,47.91208791208791,0.0,
A_both,6,5,235,-0.6949276595744679,-163.30799999999996,48.51063829787234,48.51063829787234,51.48936170212766,0.0,
Flip_both,6,5,220,-0.4559090909090908,-100.29999999999998,49.54545454545455,49.54545454545455,50.45454545454545,0.0,
ALL,6,5,455,-0.5793582417582417,-263.60799999999995,49.010989010989015,49.010989010989015,50.989010989010985,0.0,
A_both,6,6,235,-0.6556765957446807,-154.08399999999997,44.680851063829785,44.680851063829785,55.319148936170215,0.0,
Flip_both,6,6,220,-0.47004999999999986,-103.41099999999997,45.45454545454545,45.45454545454545,54.54545454545455,0.0,
ALL,6,6,455,-0.5659230769230769,-257.49499999999995,45.05494505494506,45.05494505494506,54.94505494505494,0.0,
A_both,6,8,235,-0.4509702127659575,-105.97800000000001,39.57446808510638,39.57446808510638,60.42553191489362,0.0,
Flip_both,6,8,220,-0.3473136363636363,-76.40899999999999,40.0,40.0,60.0,0.0,
ALL,6,8,455,-0.40085054945054943,-182.387,39.78021978021978,39.78021978021978,60.21978021978022,0.0,
A_both,6,10,235,-0.5871574468085109,-137.98200000000006,34.04255319148936,34.04255319148936,65.95744680851064,0.0,
Flip_both,6,10,220,-0.24898636363636367,-54.77700000000001,35.45454545454545,35.45454545454545,64.0909090909091,0.45454545454545453,
ALL,6,10,455,-0.42364615384615395,-192.75900000000004,34.72527472527472,34.72527472527472,65.05494505494505,0.21978021978021978,
A_both,6,12,235,-0.2910638297872338,-68.39999999999993,31.914893617021278,31.914893617021278,68.08510638297872,0.0,
Flip_both,6,12,220,-0.23865909090909082,-52.50499999999998,31.818181818181817,31.818181818181817,67.72727272727273,0.45454545454545453,
ALL,6,12,455,-0.2657252747252745,-120.90499999999992,31.86813186813187,31.86813186813187,67.91208791208791,0.21978021978021978,
A_both,6,15,235,0.1829063829787236,42.98300000000006,29.78723404255319,29.361702127659573,70.2127659574468,0.425531914893617,
Flip_both,6,15,220,-0.0400272727272726,-8.80599999999997,28.181818181818183,28.181818181818183,71.36363636363636,0.45454545454545453,
ALL,6,15,455,0.07511428571428588,34.17700000000009,29.01098901098901,28.791208791208792,70.76923076923077,0.43956043956043955,
A_both,6,18,235,0.649731914893617,152.687,28.085106382978722,27.659574468085108,71.91489361702128,0.425531914893617,
Flip_both,6,18,220,0.06835909090909108,15.039000000000037,25.454545454545453,25.0,74.0909090909091,0.9090909090909091,
ALL,6,18,455,0.3686285714285715,167.72600000000006,26.813186813186814,26.373626373626372,72.96703296703296,0.6593406593406593,
A_both,6,20,235,0.6951744680851063,163.36599999999999,26.382978723404257,25.53191489361702,73.61702127659575,0.851063829787234,
Flip_both,6,20,220,0.5297863636363638,116.55300000000004,25.454545454545453,25.0,74.0909090909091,0.9090909090909091,
ALL,6,20,455,0.6152065934065934,279.91900000000004,25.934065934065934,25.274725274725274,73.84615384615384,0.8791208791208791,
A_both,6,22,235,0.6931531914893618,162.89100000000002,25.106382978723403,22.97872340425532,74.8936170212766,2.127659574468085,
Flip_both,6,22,220,0.3680590909090911,80.97300000000004,23.636363636363637,21.818181818181817,75.9090909090909,2.272727272727273,
ALL,6,22,455,0.5359648351648353,243.86400000000006,24.395604395604394,22.417582417582416,75.38461538461539,2.197802197802198,
A_both,6,25,235,0.9542127659574469,224.24,24.25531914893617,21.27659574468085,75.74468085106383,2.978723404255319,
Flip_both,6,25,220,0.7700136363636364,169.40300000000002,23.636363636363637,20.454545454545453,75.9090909090909,3.6363636363636362,
ALL,6,25,455,0.8651494505494506,393.64300000000003,23.956043956043956,20.87912087912088,75.82417582417582,3.2967032967032965,
A_both,6,30,235,0.7676085106382983,180.3880000000001,21.27659574468085,17.02127659574468,78.72340425531915,4.25531914893617,
Flip_both,6,30,220,1.1133454545454546,244.936,22.272727272727273,18.181818181818183,77.27272727272727,4.545454545454546,
ALL,6,30,455,0.9347780219780222,425.32400000000007,21.75824175824176,17.582417582417584,78.02197802197803,4.395604395604396,
A_both,6,35,235,0.25314893617021306,59.490000000000066,18.72340425531915,13.191489361702128,81.27659574468085,5.531914893617022,
Flip_both,6,35,220,1.280031818181818,281.60699999999997,21.363636363636363,15.454545454545455,78.18181818181819,6.363636363636363,
ALL,6,35,455,0.7496637362637364,341.09700000000004,20.0,14.285714285714286,79.78021978021978,5.934065934065934,
A_both,6,40,235,0.1810510638297874,42.547000000000054,17.872340425531913,10.638297872340425,82.12765957446808,7.23404255319149,
Flip_both,6,40,220,1.4589227272727272,320.96299999999997,20.90909090909091,13.181818181818182,78.63636363636364,8.181818181818182,
ALL,6,40,455,0.798923076923077,363.51,19.34065934065934,11.868131868131869,80.43956043956044,7.6923076923076925,
A_both,6,50,235,0.8871319148936173,208.47600000000006,17.872340425531913,8.51063829787234,82.12765957446808,9.361702127659575,
Flip_both,6,50,220,0.5558772727272728,122.29300000000002,18.636363636363637,7.2727272727272725,80.9090909090909,11.818181818181818,
ALL,6,50,455,0.7269648351648353,330.76900000000006,18.24175824175824,7.912087912087912,81.53846153846153,10.54945054945055,
A_both,6,60,235,1.164931914893617,273.759,17.4468085106383,6.808510638297872,82.55319148936171,10.638297872340425,
Flip_both,6,60,220,0.48200909090909105,106.04200000000003,17.727272727272727,5.0,81.81818181818181,13.181818181818182,
ALL,6,60,455,0.8347274725274726,379.80100000000004,17.582417582417584,5.934065934065934,82.1978021978022,11.868131868131869,
A_both,6,75,235,1.5144255319148938,355.89000000000004,17.02127659574468,5.1063829787234045,82.97872340425532,11.914893617021276,
Flip_both,6,75,220,0.27640454545454557,60.809000000000026,17.272727272727273,2.727272727272727,82.27272727272727,15.0,
ALL,6,75,455,0.9158219780219782,416.69900000000007,17.142857142857142,3.956043956043956,82.63736263736264,13.406593406593407,
A_both,8,3,235,-1.0636468085106383,-249.95699999999997,62.97872340425532,62.97872340425532,37.02127659574468,0.0,
Flip_both,8,3,220,-0.8594772727272729,-189.08500000000004,63.63636363636363,63.63636363636363,35.90909090909091,0.45454545454545453,
ALL,8,3,455,-0.9649274725274726,-439.042,63.2967032967033,63.2967032967033,36.48351648351648,0.21978021978021978,
A_both,8,4,235,-0.8934212765957444,-209.95399999999995,59.148936170212764,59.148936170212764,40.851063829787236,0.0,
Flip_both,8,4,220,-0.8343909090909092,-183.56600000000003,58.63636363636363,58.63636363636363,40.90909090909091,0.45454545454545453,
ALL,8,4,455,-0.8648791208791209,-393.52,58.9010989010989,58.9010989010989,40.879120879120876,0.21978021978021978,
A_both,8,5,235,-0.6737234042553191,-158.325,56.59574468085106,56.170212765957444,43.40425531914894,0.425531914893617,
Flip_both,8,5,220,-0.8011863636363638,-176.26100000000002,54.54545454545455,54.54545454545455,45.0,0.45454545454545453,
ALL,8,5,455,-0.7353538461538461,-334.586,55.604395604395606,55.38461538461539,44.175824175824175,0.43956043956043955,
A_both,8,6,235,-0.5132936170212764,-120.62399999999997,53.61702127659574,53.191489361702125,46.38297872340426,0.425531914893617,
Flip_both,8,6,220,-0.8501727272727272,-187.03799999999998,50.45454545454545,50.45454545454545,49.09090909090909,0.45454545454545453,
ALL,8,6,455,-0.6761802197802196,-307.6619999999999,52.08791208791209,51.86813186813187,47.69230769230769,0.43956043956043955,
A_both,8,8,235,-0.3742808510638301,-87.95600000000007,47.659574468085104,47.234042553191486,52.3404255319149,0.425531914893617,
Flip_both,8,8,220,-0.6631636363636364,-145.89600000000002,45.45454545454545,45.45454545454545,54.09090909090909,0.45454545454545453,
ALL,8,8,455,-0.5139604395604398,-233.85200000000006,46.59340659340659,46.37362637362637,53.18681318681319,0.43956043956043955,
A_both,8,10,235,-0.5356595744680852,-125.88000000000002,41.702127659574465,41.276595744680854,58.297872340425535,0.425531914893617,
Flip_both,8,10,220,-0.7017727272727272,-154.39,40.0,40.0,59.09090909090909,0.9090909090909091,
ALL,8,10,455,-0.615978021978022,-280.27,40.879120879120876,40.65934065934066,58.68131868131868,0.6593406593406593,
A_both,8,12,235,-0.4837319148936172,-113.67700000000004,37.87234042553192,37.4468085106383,62.12765957446808,0.425531914893617,
Flip_both,8,12,220,-0.6728181818181818,-148.01999999999998,36.36363636363637,36.36363636363637,62.72727272727273,0.9090909090909091,
ALL,8,12,455,-0.5751582417582419,-261.697,37.142857142857146,36.92307692307692,62.417582417582416,0.6593406593406593,
A_both,8,15,235,0.11132765957446818,26.16200000000002,35.744680851063826,34.8936170212766,64.25531914893617,0.851063829787234,
Flip_both,8,15,220,-0.4434727272727271,-97.56399999999995,32.72727272727273,32.27272727272727,65.9090909090909,1.8181818181818181,
ALL,8,15,455,-0.15692747252747236,-71.40199999999992,34.285714285714285,33.62637362637363,65.05494505494505,1.3186813186813187,
A_both,8,18,235,0.5796553191489364,136.21900000000005,33.61702127659575,32.340425531914896,66.38297872340425,1.2765957446808511,
Flip_both,8,18,220,-0.5167681818181817,-113.689,29.09090909090909,28.181818181818183,69.54545454545455,2.272727272727273,
ALL,8,18,455,0.04951648351648364,22.530000000000058,31.428571428571427,30.32967032967033,67.91208791208791,1.7582417582417582,
A_both,8,20,235,0.6816340425531915,160.184,31.914893617021278,30.21276595744681,68.08510638297872,1.702127659574468,
Flip_both,8,20,220,-0.1224454545454543,-26.937999999999946,28.636363636363637,27.727272727272727,70.0,2.272727272727273,
ALL,8,20,455,0.2928483516483517,133.24600000000004,30.32967032967033,29.01098901098901,69.01098901098901,1.978021978021978,
A_both,8,22,235,0.7527914893617024,176.90600000000006,30.638297872340427,27.659574468085108,69.36170212765958,2.978723404255319,
Flip_both,8,22,220,-0.2684681818181819,-59.06300000000002,26.818181818181817,24.545454545454547,71.81818181818181,3.6363636363636362,
ALL,8,22,455,0.2589956043956045,117.84300000000003,28.791208791208792,26.153846153846153,70.54945054945055,3.2967032967032965,
A_both,8,25,235,1.2727063829787235,299.086,30.21276595744681,26.382978723404257,69.7872340425532,3.8297872340425534,
Flip_both,8,25,220,0.06072272727272738,13.359000000000023,26.363636363636363,22.727272727272727,72.27272727272727,5.0,
ALL,8,25,455,0.6866923076923079,312.44500000000005,28.35164835164835,24.615384615384617,70.98901098901099,4.395604395604396,
A_both,8,30,235,0.9619106382978724,226.04899999999998,26.382978723404257,21.27659574468085,73.61702127659575,5.1063829787234045,
Flip_both,8,30,220,0.6810863636363638,149.83900000000003,25.454545454545453,20.90909090909091,73.18181818181819,5.909090909090909,
ALL,8,30,455,0.8261274725274727,375.88800000000003,25.934065934065934,21.0989010989011,73.4065934065934,5.4945054945054945,
A_both,8,35,235,0.43148936170212754,101.39999999999998,23.404255319148938,17.02127659574468,76.59574468085107,6.382978723404255,
Flip_both,8,35,220,0.7563000000000001,166.38600000000002,24.09090909090909,17.727272727272727,74.54545454545455,7.7272727272727275,
ALL,8,35,455,0.5885406593406594,267.786,23.736263736263737,17.36263736263736,75.6043956043956,7.032967032967033,
A_both,8,40,235,0.3219191489361698,75.65099999999988,22.127659574468087,14.042553191489361,77.87234042553192,8.085106382978724,
Flip_both,8,40,220,0.8136909090909091,179.012,23.181818181818183,15.0,75.45454545454545,9.545454545454545,
ALL,8,40,455,0.5596989010989009,254.6629999999999,22.63736263736264,14.505494505494505,76.7032967032967,8.791208791208792,
A_both,8,50,235,1.0508936170212764,246.95999999999995,21.70212765957447,11.063829787234043,78.29787234042553,10.638297872340425,
Flip_both,8,50,220,-0.01806818181818163,-3.974999999999959,20.90909090909091,8.636363636363637,77.72727272727273,13.636363636363637,
ALL,8,50,455,0.534032967032967,242.98499999999999,21.318681318681318,9.89010989010989,78.02197802197803,12.087912087912088,
A_both,8,60,235,1.4943404255319144,351.1699999999999,21.27659574468085,8.936170212765957,78.72340425531915,12.340425531914894,
Flip_both,8,60,220,-0.06222272727272737,-13.689000000000021,20.0,5.909090909090909,78.63636363636364,15.454545454545455,
ALL,8,60,455,0.7417164835164832,337.4809999999999,20.65934065934066,7.472527472527473,78.68131868131869,13.846153846153847,
A_both,8,75,235,1.8494085106382978,434.611,20.851063829787233,5.531914893617022,79.14893617021276,15.319148936170214,
Flip_both,8,75,220,-0.06769090909090923,-14.892000000000031,20.0,3.6363636363636362,78.63636363636364,17.727272727272727,
ALL,8,75,455,0.9224593406593405,419.71899999999994,20.439560439560438,4.615384615384615,78.9010989010989,16.483516483516482,
A_both,10,3,235,-1.0847744680851064,-254.92199999999997,68.51063829787236,68.51063829787236,31.48936170212766,0.0,
Flip_both,10,3,220,-0.9147454545454544,-201.244,68.63636363636364,68.63636363636364,30.454545454545453,0.9090909090909091,
ALL,10,3,455,-1.0025626373626373,-456.16599999999994,68.57142857142857,68.57142857142857,30.98901098901099,0.43956043956043955,
A_both,10,4,235,-0.929804255319149,-218.50400000000002,64.68085106382978,64.68085106382978,35.319148936170215,0.0,
Flip_both,10,4,220,-0.8708409090909089,-191.58499999999998,64.0909090909091,64.0909090909091,35.0,0.9090909090909091,
ALL,10,4,455,-0.9012945054945056,-410.08900000000006,64.3956043956044,64.3956043956044,35.16483516483517,0.43956043956043955,
A_both,10,5,235,-0.5791574468085108,-136.10200000000003,62.97872340425532,62.5531914893617,37.02127659574468,0.425531914893617,
Flip_both,10,5,220,-0.6561227272727271,-144.34699999999998,61.36363636363637,61.36363636363637,37.72727272727273,0.9090909090909091,
ALL,10,5,455,-0.6163714285714286,-280.449,62.1978021978022,61.97802197802198,37.362637362637365,0.6593406593406593,
A_both,10,6,235,-0.5493148936170212,-129.089,59.148936170212764,58.723404255319146,40.851063829787236,0.425531914893617,
Flip_both,10,6,220,-0.8697090909090911,-191.33600000000004,56.36363636363637,56.36363636363637,42.72727272727273,0.9090909090909091,
ALL,10,6,455,-0.7042307692307693,-320.42500000000007,57.8021978021978,57.582417582417584,41.75824175824176,0.6593406593406593,
A_both,10,8,235,-0.3051404255319151,-71.70800000000006,53.61702127659574,53.191489361702125,45.95744680851064,0.851063829787234,
Flip_both,10,8,220,-0.8323136363636363,-183.10899999999998,50.45454545454545,50.45454545454545,48.63636363636363,0.9090909090909091,
ALL,10,8,455,-0.5600373626373628,-254.81700000000006,52.08791208791209,51.86813186813187,47.252747252747255,0.8791208791208791,
A_both,10,10,235,-0.41824255319148934,-98.28699999999999,48.08510638297872,47.659574468085104,51.48936170212766,0.851063829787234,
Flip_both,10,10,220,-0.6873136363636364,-151.209,45.90909090909091,45.90909090909091,52.72727272727273,1.3636363636363635,
ALL,10,10,455,-0.5483428571428571,-249.49599999999998,47.032967032967036,46.81318681318681,52.08791208791209,1.098901098901099,
A_both,10,12,235,-0.3188680851063827,-74.93399999999994,44.255319148936174,43.829787234042556,55.319148936170215,0.851063829787234,
Flip_both,10,12,220,-0.6176681818181818,-135.887,42.27272727272727,42.27272727272727,56.36363636363637,1.3636363636363635,
ALL,10,12,455,-0.463342857142857,-210.82099999999994,43.2967032967033,43.07692307692308,55.824175824175825,1.098901098901099,
A_both,10,15,235,-0.013344680851063691,-3.1359999999999673,40.42553191489362,39.57446808510638,59.148936170212764,1.2765957446808511,
Flip_both,10,15,220,-0.39486818181818184,-86.87100000000001,38.18181818181818,37.27272727272727,60.0,2.727272727272727,
ALL,10,15,455,-0.19781758241758243,-90.007,39.34065934065934,38.46153846153846,59.56043956043956,1.978021978021978,
A_both,10,18,235,0.798795744680851,187.71699999999998,39.14893617021276,37.87234042553192,60.42553191489362,1.702127659574468,
Flip_both,10,18,220,-0.6581590909090907,-144.79499999999996,33.63636363636363,32.27272727272727,64.54545454545455,3.1818181818181817,
ALL,10,18,455,0.09433406593406606,42.922000000000054,36.48351648351648,35.16483516483517,62.417582417582416,2.4175824175824174,
A_both,10,20,235,0.9029021276595748,212.18200000000007,37.4468085106383,35.319148936170215,62.12765957446808,2.5531914893617023,
Flip_both,10,20,220,-0.1934454545454542,-42.55799999999992,33.18181818181818,31.818181818181817,65.0,3.1818181818181817,
ALL,10,20,455,0.3728000000000003,169.62400000000014,35.38461538461539,33.62637362637363,63.51648351648352,2.857142857142857,
A_both,10,22,235,1.1909659574468086,279.877,36.59574468085106,33.191489361702125,62.97872340425532,3.8297872340425534,
Flip_both,10,22,220,-0.437240909090909,-96.19299999999998,30.90909090909091,28.181818181818183,67.27272727272727,4.545454545454546,
ALL,10,22,455,0.403701098901099,183.68400000000005,33.84615384615385,30.76923076923077,65.05494505494505,4.175824175824176,
A_both,10,25,235,1.568408510638298,368.576,35.319148936170215,31.06382978723404,64.25531914893617,4.680851063829787,
Flip_both,10,25,220,-0.16324090909090902,-35.91299999999998,30.0,25.90909090909091,68.18181818181819,5.909090909090909,
ALL,10,25,455,0.7311274725274726,332.663,32.747252747252745,28.571428571428573,66.15384615384616,5.274725274725275,
A_both,10,30,235,1.3037829787234043,306.389,31.06382978723404,25.53191489361702,67.65957446808511,6.808510638297872,
Flip_both,10,30,220,0.46517727272727294,102.33900000000004,29.09090909090909,23.636363636363637,69.0909090909091,7.2727272727272725,
ALL,10,30,455,0.8983032967032969,408.72800000000007,30.10989010989011,24.615384615384617,68.35164835164835,7.032967032967033,
A_both,10,35,235,0.7201574468085107,169.23700000000002,27.659574468085108,20.851063829787233,71.06382978723404,8.085106382978722,
Flip_both,10,35,220,0.4479272727272728,98.54400000000001,27.272727272727273,20.0,70.9090909090909,9.090909090909092,
ALL,10,35,455,0.5885296703296705,267.78100000000006,27.47252747252747,20.439560439560438,70.98901098901099,8.571428571428571,
A_both,10,40,235,0.6682765957446808,157.045,26.382978723404257,17.4468085106383,72.34042553191489,10.212765957446809,
Flip_both,10,40,220,0.4669954545454546,102.73900000000002,26.363636363636363,16.818181818181817,71.81818181818181,11.363636363636363,
ALL,10,40,455,0.5709538461538461,259.784,26.373626373626372,17.142857142857142,72.08791208791209,10.76923076923077,
A_both,10,50,235,1.3398680851063829,314.86899999999997,25.95744680851064,12.76595744680851,72.76595744680851,14.46808510638298,
Flip_both,10,50,220,-0.22623636363636362,-49.772,24.09090909090909,10.454545454545455,74.09090909090908,15.454545454545455,
ALL,10,50,455,0.5826307692307692,265.097,25.054945054945055,11.648351648351648,73.4065934065934,14.945054945054945,
A_both,10,60,235,1.7823276595744675,418.84699999999987,25.53191489361702,9.787234042553191,73.19148936170212,17.02127659574468,
Flip_both,10,60,220,-0.42363181818181805,-93.19899999999998,22.727272727272727,7.2727272727272725,75.45454545454545,17.272727272727273,
ALL,10,60,455,0.71570989010989,325.6479999999999,24.175824175824175,8.571428571428571,74.28571428571429,17.142857142857142,
A_both,10,75,235,1.8879957446808515,443.6790000000001,24.680851063829788,5.957446808510638,74.04255319148936,20.0,
Flip_both,10,75,220,-0.6097500000000001,-134.14500000000004,22.727272727272727,4.090909090909091,75.45454545454545,20.454545454545453,
ALL,10,75,455,0.6802945054945057,309.53400000000005,23.736263736263737,5.054945054945055,74.72527472527473,20.21978021978022,
A_both,12,3,235,-0.9816468085106382,-230.687,73.19148936170212,73.19148936170212,26.80851063829787,0.0,
Flip_both,12,3,220,-0.9642272727272727,-212.13,72.27272727272727,72.27272727272727,26.818181818181817,0.9090909090909091,
ALL,12,3,455,-0.9732241758241758,-442.81699999999995,72.74725274725274,72.74725274725274,26.813186813186814,0.43956043956043955,
A_both,12,4,235,-0.7886170212765959,-185.32500000000005,69.7872340425532,69.7872340425532,30.21276595744681,0.0,
Flip_both,12,4,220,-0.8995772727272726,-197.90699999999998,68.18181818181819,68.18181818181819,30.90909090909091,0.9090909090909091,
ALL,12,4,455,-0.8422681318681318,-383.23199999999997,69.01098901098901,69.01098901098901,30.54945054945055,0.43956043956043955,
A_both,12,5,235,-0.4282553191489362,-100.64000000000001,68.08510638297874,67.65957446808511,31.914893617021278,0.425531914893617,
Flip_both,12,5,220,-0.698540909090909,-153.679,65.45454545454545,65.45454545454545,33.63636363636363,0.9090909090909091,
ALL,12,5,455,-0.5589428571428572,-254.31900000000002,66.81318681318682,66.5934065934066,32.747252747252745,0.6593406593406593,
A_both,12,6,235,-0.32035319148936164,-75.28299999999999,64.68085106382979,64.25531914893617,35.319148936170215,0.425531914893617,
Flip_both,12,6,220,-0.8926863636363634,-196.39099999999996,60.90909090909091,60.90909090909091,38.18181818181818,0.9090909090909091,
ALL,12,6,455,-0.5970857142857142,-271.674,62.857142857142854,62.637362637362635,36.7032967032967,0.6593406593406593,
A_both,12,8,235,-0.252804255319149,-59.40900000000001,58.297872340425535,57.87234042553192,41.276595744680854,0.851063829787234,
Flip_both,12,8,220,-1.0990363636363634,-241.78799999999995,54.09090909090909,54.09090909090909,45.0,0.9090909090909091,
ALL,12,8,455,-0.6619714285714285,-301.197,56.26373626373626,56.043956043956044,43.07692307692308,0.8791208791208791,
A_both,12,10,235,-0.29392340425531915,-69.072,53.191489361702125,52.765957446808514,46.38297872340426,0.851063829787234,
Flip_both,12,10,220,-0.9780909090909091,-215.18,49.54545454545455,49.54545454545455,49.09090909090909,1.3636363636363635,
ALL,12,10,455,-0.6247296703296703,-284.252,51.42857142857143,51.20879120879121,47.69230769230769,1.098901098901099,
A_both,12,12,235,-0.07954042553191493,-18.692000000000007,49.787234042553195,49.361702127659576,49.787234042553195,0.851063829787234,
Flip_both,12,12,220,-0.8933000000000001,-196.526,45.90909090909091,45.90909090909091,52.72727272727273,1.3636363636363635,
ALL,12,12,455,-0.4730065934065934,-215.218,47.91208791208791,47.69230769230769,51.20879120879121,1.098901098901099,
A_both,12,15,235,0.43671489361702126,102.628,46.38297872340426,45.53191489361702,53.191489361702125,1.2765957446808511,
Flip_both,12,15,220,-0.6463727272727271,-142.20199999999997,41.81818181818182,40.90909090909091,56.36363636363637,2.727272727272727,
ALL,12,15,455,-0.08697582417582411,-39.57399999999997,44.175824175824175,43.2967032967033,54.72527472527472,1.978021978021978,
A_both,12,18,235,1.5303702127659573,359.63699999999994,45.53191489361702,44.255319148936174,54.04255319148936,1.702127659574468,
Flip_both,12,18,220,-1.0113090909090907,-222.48799999999997,36.81818181818182,35.45454545454545,61.36363636363637,3.1818181818181817,
ALL,12,18,455,0.30142637362637364,137.149,41.31868131868132,40.0,57.582417582417584,2.4175824175824174,
A_both,12,20,235,1.7235446808510644,405.03300000000013,43.829787234042556,41.702127659574465,55.744680851063826,2.5531914893617023,
Flip_both,12,20,220,-0.4979136363636361,-109.54099999999994,36.36363636363637,35.0,61.81818181818182,3.1818181818181817,
ALL,12,20,455,0.6494329670329675,295.4920000000002,40.21978021978022,38.46153846153846,58.68131868131868,2.857142857142857,
A_both,12,22,235,2.07928085106383,488.63100000000003,42.97872340425532,39.148936170212764,56.59574468085106,4.255319148936171,
Flip_both,12,22,220,-0.8816363636363634,-193.95999999999995,33.63636363636363,30.90909090909091,64.54545454545455,4.545454545454546,
ALL,12,22,455,0.6476285714285716,294.67100000000005,38.46153846153846,35.16483516483517,60.43956043956044,4.395604395604396,
A_both,12,25,235,2.6815446808510637,630.163,42.12765957446808,37.02127659574468,57.4468085106383,5.53191489361702,
Flip_both,12,25,220,-0.540940909090909,-119.00699999999996,32.72727272727273,28.636363636363637,65.45454545454545,5.909090909090909,
ALL,12,25,455,1.1234197802197803,511.15600000000006,37.582417582417584,32.967032967032964,61.31868131868132,5.714285714285714,
A_both,12,30,235,2.2973702127659577,539.8820000000001,37.02127659574468,30.638297872340427,61.702127659574465,7.659574468085107,
Flip_both,12,30,220,0.20378181818181829,44.83200000000002,31.818181818181817,26.363636363636363,66.36363636363636,7.2727272727272725,
ALL,12,30,455,1.2850857142857144,584.714,34.505494505494504,28.571428571428573,63.956043956043956,7.472527472527473,
A_both,12,35,235,1.6854680851063835,396.0850000000001,33.19148936170213,25.106382978723403,65.1063829787234,9.787234042553191,
Flip_both,12,35,220,0.07471363636363629,16.436999999999983,29.545454545454547,22.272727272727273,68.63636363636364,9.090909090909092,
ALL,12,35,455,0.9066417582417585,412.5220000000001,31.428571428571427,23.736263736263737,66.81318681318682,9.45054945054945,
A_both,12,40,235,1.3765957446808512,323.50000000000006,31.06382978723404,20.425531914893618,67.2340425531915,12.340425531914894,
Flip_both,12,40,220,0.19341818181818152,42.55199999999994,28.636363636363637,19.09090909090909,69.54545454545455,11.363636363636363,
ALL,12,40,455,0.8045098901098902,366.052,29.89010989010989,19.78021978021978,68.35164835164835,11.868131868131869,
A_both,12,50,235,2.0537744680851064,482.637,30.21276595744681,15.319148936170214,68.08510638297872,16.595744680851062,
Flip_both,12,50,220,-0.033254545454545384,-7.315999999999985,26.818181818181817,13.181818181818182,71.36363636363636,15.454545454545455,
ALL,12,50,455,1.0446615384615385,475.321,28.571428571428573,14.285714285714286,69.67032967032966,16.043956043956044,
A_both,12,60,235,2.704004255319149,635.4409999999999,29.78723404255319,11.914893617021276,68.51063829787233,19.574468085106382,
Flip_both,12,60,220,0.004668181818181694,1.0269999999999726,25.454545454545453,10.0,72.72727272727272,17.272727272727273,
ALL,12,60,455,1.3988307692307689,636.4679999999998,27.692307692307693,10.989010989010989,70.54945054945055,18.46153846153846,
A_both,12,75,235,3.10788085106383,730.352,28.93617021276596,8.085106382978724,69.36170212765957,22.5531914893617,
Flip_both,12,75,220,-0.4495136363636365,-98.89300000000003,25.454545454545453,5.454545454545454,72.72727272727272,21.818181818181817,
ALL,12,75,455,1.3878219780219778,631.459,27.252747252747252,6.813186813186813,70.98901098901099,22.197802197802197,
A_both,15,3,235,-1.0082978723404254,-236.94999999999996,77.02127659574468,77.02127659574468,22.5531914893617,0.42553191489361697,
Flip_both,15,3,220,-1.0937090909090912,-240.61600000000004,75.9090909090909,75.9090909090909,23.181818181818183,0.9090909090909091,
ALL,15,3,455,-1.0495956043956045,-477.566,76.48351648351648,76.48351648351648,22.857142857142858,0.6593406593406593,
A_both,15,4,235,-0.8001063829787235,-188.02500000000003,74.04255319148936,74.04255319148936,25.53191489361702,0.42553191489361697,
Flip_both,15,4,220,-0.7575045454545455,-166.651,73.63636363636364,73.63636363636364,25.454545454545453,0.9090909090909091,
ALL,15,4,455,-0.7795076923076925,-354.67600000000004,73.84615384615384,73.84615384615384,25.494505494505493,0.6593406593406593,
A_both,15,5,235,-0.35511914893617036,-83.45300000000003,72.76595744680851,72.34042553191489,26.80851063829787,0.851063829787234,
Flip_both,15,5,220,-0.4943,-108.74600000000001,71.36363636363636,71.36363636363636,27.727272727272727,0.9090909090909091,
ALL,15,5,455,-0.4224153846153847,-192.19900000000004,72.08791208791209,71.86813186813187,27.252747252747252,0.8791208791208791,
A_both,15,6,235,-0.3022978723404255,-71.03999999999999,69.36170212765957,68.93617021276596,30.21276595744681,0.851063829787234,
Flip_both,15,6,220,-0.4778409090909091,-105.125,68.18181818181819,68.18181818181819,30.90909090909091,0.9090909090909091,
ALL,15,6,455,-0.38717582417582413,-176.165,68.79120879120879,68.57142857142857,30.54945054945055,0.8791208791208791,
A_both,15,8,235,-0.12444680851063847,-29.24500000000004,63.829787234042556,63.40425531914894,35.319148936170215,1.2765957446808511,
Flip_both,15,8,220,-0.8519772727272727,-187.435,60.90909090909091,60.90909090909091,38.18181818181818,0.9090909090909091,
ALL,15,8,455,-0.47621978021978023,-216.68,62.417582417582416,62.1978021978022,36.7032967032967,1.098901098901099,
A_both,15,10,235,-0.010055319148936108,-2.3629999999999853,59.57446808510638,58.72340425531914,39.57446808510638,1.702127659574468,
Flip_both,15,10,220,-0.6427636363636363,-141.408,56.36363636363637,56.36363636363637,41.81818181818182,1.8181818181818181,
ALL,15,10,455,-0.31598021978021973,-143.771,58.02197802197802,57.582417582417584,40.65934065934066,1.7582417582417582,
A_both,15,12,235,0.2840723404255318,66.75699999999998,56.17021276595745,55.319148936170215,42.5531914893617,2.127659574468085,
Flip_both,15,12,220,-0.5605909090909091,-123.33000000000001,52.72727272727273,51.81818181818182,45.45454545454545,2.727272727272727,
ALL,15,12,455,-0.12433626373626382,-56.573000000000036,54.505494505494504,53.62637362637363,43.956043956043956,2.4175824175824174,
A_both,15,15,235,0.8856382978723403,208.12499999999997,52.765957446808514,51.48936170212766,45.95744680851064,2.5531914893617023,
Flip_both,15,15,220,-0.23925000000000002,-52.635000000000005,48.63636363636363,46.81818181818182,49.09090909090909,4.090909090909091,
ALL,15,15,455,0.34173626373626365,155.48999999999995,50.76923076923077,49.23076923076923,47.472527472527474,3.2967032967032965,
A_both,15,18,235,1.933791489361702,454.441,51.48936170212766,49.361702127659576,47.234042553191486,3.404255319148936,
Flip_both,15,18,220,-1.0223545454545455,-224.918,42.27272727272727,40.0,55.45454545454545,4.545454545454546,
ALL,15,18,455,0.5044461538461538,229.52299999999997,47.032967032967036,44.83516483516483,51.20879120879121,3.956043956043956,
A_both,15,20,235,1.7125531914893617,402.45,48.51063829787234,45.53191489361702,50.212765957446805,4.25531914893617,
Flip_both,15,20,220,-0.4448636363636362,-97.86999999999998,41.81818181818182,39.54545454545455,55.90909090909091,4.545454545454546,
ALL,15,20,455,0.6694065934065935,304.58000000000004,45.27472527472528,42.637362637362635,52.967032967032964,4.395604395604396,
A_both,15,22,235,2.121991489361702,498.66799999999995,47.659574468085104,42.97872340425532,51.06382978723404,5.957446808510638,
Flip_both,15,22,220,-0.8232863636363635,-181.123,39.09090909090909,35.45454545454545,58.63636363636363,5.909090909090909,
ALL,15,22,455,0.697901098901099,317.545,43.51648351648352,39.34065934065934,54.72527472527472,5.934065934065934,
A_both,15,25,235,2.806102127659575,659.4340000000001,46.808510638297875,40.851063829787236,51.91489361702127,7.234042553191489,
Flip_both,15,25,220,-0.37204545454545423,-81.84999999999994,38.18181818181818,33.18181818181818,59.54545454545455,7.2727272727272725,
ALL,15,25,455,1.2694153846153848,577.5840000000001,42.637362637362635,37.142857142857146,55.604395604395606,7.252747252747253,
A_both,15,30,235,2.2560978723404257,530.183,41.276595744680854,33.61702127659574,56.170212765957444,10.212765957446809,
Flip_both,15,30,220,0.6713590909090907,147.69899999999996,37.72727272727273,30.454545454545453,60.0,9.545454545454545,
ALL,15,30,455,1.4898505494505494,677.882,39.56043956043956,32.08791208791209,58.02197802197802,9.89010989010989,
A_both,15,35,235,1.76128085106383,413.90100000000007,37.87234042553192,27.659574468085108,59.148936170212764,13.191489361702128,
Flip_both,15,35,220,0.7220181818181818,158.844,35.90909090909091,25.0,61.81818181818182,13.181818181818182,
ALL,15,35,455,1.25878021978022,572.7450000000001,36.92307692307692,26.373626373626372,60.43956043956044,13.186813186813186,
A_both,15,40,235,1.5626765957446807,367.229,35.744680851063826,22.97872340425532,60.851063829787236,16.170212765957448,
Flip_both,15,40,220,0.9468727272727272,208.31199999999998,35.0,21.363636363636363,62.27272727272727,16.363636363636363,
ALL,15,40,455,1.2649252747252746,575.5409999999999,35.38461538461539,22.197802197802197,61.53846153846154,16.263736263736263,
A_both,15,50,235,2.370353191489362,557.033,35.319148936170215,16.595744680851062,61.276595744680854,22.127659574468087,
Flip_both,15,50,220,0.9154272727272728,201.394,33.18181818181818,15.454545454545455,63.63636363636363,20.90909090909091,
ALL,15,50,455,1.6668725274725276,758.427,34.285714285714285,16.043956043956044,62.417582417582416,21.53846153846154,
A_both,15,60,235,3.1330382978723406,736.264,34.8936170212766,13.191489361702128,61.702127659574465,25.106382978723403,
Flip_both,15,60,220,1.1292136363636363,248.42699999999996,31.818181818181817,12.272727272727273,65.0,22.727272727272727,
ALL,15,60,455,2.164156043956044,984.691,33.40659340659341,12.747252747252746,63.2967032967033,23.956043956043956,
A_both,15,75,235,3.664021276595745,861.0450000000001,34.04255319148936,8.936170212765957,62.5531914893617,28.51063829787234,
Flip_both,15,75,220,0.8281727272727271,182.19799999999995,31.818181818181817,7.2727272727272725,65.0,27.727272727272723,
ALL,15,75,455,2.2928417582417584,1043.2430000000002,32.967032967032964,8.131868131868131,63.73626373626374,28.13186813186813,
A_both,18,3,235,-1.3245531914893616,-311.27,78.72340425531915,78.72340425531915,20.851063829787233,0.42553191489361697,
Flip_both,18,3,220,-1.2127454545454548,-266.80400000000003,78.63636363636364,78.63636363636364,20.454545454545453,0.9090909090909091,
ALL,18,3,455,-1.2704923076923076,-578.074,78.68131868131869,78.68131868131869,20.65934065934066,0.6593406593406593,
A_both,18,4,235,-1.0932936170212766,-256.924,76.17021276595744,76.17021276595744,23.404255319148938,0.42553191489361697,
Flip_both,18,4,220,-0.7145227272727274,-157.19500000000002,77.27272727272727,77.27272727272727,21.818181818181817,0.9090909090909091,
ALL,18,4,455,-0.9101516483516484,-414.119,76.7032967032967,76.7032967032967,22.63736263736264,0.6593406593406593,
A_both,18,5,235,-0.6715148936170212,-157.80599999999998,74.8936170212766,74.46808510638297,24.680851063829788,0.851063829787234,
Flip_both,18,5,220,-0.3655454545454545,-80.41999999999999,75.45454545454545,75.45454545454545,23.636363636363637,0.9090909090909091,
ALL,18,5,455,-0.5235736263736263,-238.22599999999997,75.16483516483517,74.94505494505495,24.175824175824175,0.8791208791208791,
A_both,18,6,235,-0.5925234042553192,-139.24300000000002,71.91489361702128,71.48936170212765,27.659574468085108,0.851063829787234,
Flip_both,18,6,220,-0.5189681818181817,-114.17299999999997,71.81818181818181,71.81818181818181,27.272727272727273,0.9090909090909091,
ALL,18,6,455,-0.5569582417582417,-253.41599999999997,71.86813186813187,71.64835164835165,27.47252747252747,0.8791208791208791,
A_both,18,8,235,-0.40707234042553225,-95.66200000000008,66.80851063829788,66.38297872340426,32.340425531914896,1.2765957446808511,
Flip_both,18,8,220,-0.98575,-216.865,64.54545454545455,64.54545454545455,34.09090909090909,1.3636363636363635,
ALL,18,8,455,-0.6868725274725277,-312.5270000000001,65.71428571428571,65.49450549450549,33.18681318681319,1.3186813186813187,
A_both,18,10,235,-0.46386382978723406,-109.00800000000001,62.12765957446808,61.276595744680854,36.59574468085106,2.127659574468085,
Flip_both,18,10,220,-0.6815863636363637,-149.949,60.45454545454545,60.45454545454545,37.27272727272727,2.272727272727273,
ALL,18,10,455,-0.5691362637362638,-258.95700000000005,61.31868131868132,60.879120879120876,36.92307692307692,2.197802197802198,
A_both,18,12,235,0.048263829787234126,11.34200000000002,59.57446808510638,58.72340425531914,38.723404255319146,2.5531914893617023,
Flip_both,18,12,220,-0.44273636363636343,-97.40199999999996,57.27272727272727,56.36363636363637,40.0,3.6363636363636362,
ALL,18,12,455,-0.18914285714285697,-86.05999999999992,58.46153846153846,57.582417582417584,39.34065934065934,3.076923076923077,
A_both,18,15,235,0.6508468085106384,152.949,56.170212765957444,54.8936170212766,42.12765957446808,2.978723404255319,
Flip_both,18,15,220,-0.14791363636363636,-32.541,53.18181818181818,50.90909090909091,43.63636363636363,5.454545454545454,
ALL,18,15,455,0.26463296703296707,120.40800000000002,54.72527472527472,52.967032967032964,42.857142857142854,4.175824175824176,
A_both,18,18,235,1.7804851063829792,418.4140000000001,54.8936170212766,52.765957446808514,43.40425531914894,3.8297872340425534,
Flip_both,18,18,220,-1.0521636363636362,-231.47599999999994,46.81818181818182,43.63636363636363,50.0,6.363636363636363,
ALL,18,18,455,0.4108527472527476,186.93800000000016,50.989010989010985,48.35164835164835,46.59340659340659,5.054945054945055,
A_both,18,20,235,1.5796340425531914,371.214,51.91489361702128,48.93617021276596,45.95744680851064,5.1063829787234045,
Flip_both,18,20,220,-0.41504999999999975,-91.31099999999995,46.36363636363637,43.18181818181818,50.45454545454545,6.363636363636363,
ALL,18,20,455,0.6151714285714286,279.903,49.23076923076923,46.15384615384615,48.13186813186813,5.714285714285714,
A_both,18,22,235,2.0244510638297872,475.74600000000004,51.06382978723404,46.38297872340426,46.38297872340426,7.23404255319149,
Flip_both,18,22,220,-1.035331818181818,-227.773,42.72727272727273,38.18181818181818,53.18181818181818,8.636363636363637,
ALL,18,22,455,0.5449956043956045,247.973,47.032967032967036,42.417582417582416,49.67032967032967,7.912087912087912,
A_both,18,25,235,2.781476595744681,653.647,50.212765957446805,44.255319148936174,47.234042553191486,8.51063829787234,
Flip_both,18,25,220,-0.5305136363636362,-116.71299999999997,41.81818181818182,35.90909090909091,54.09090909090909,10.0,
ALL,18,25,455,1.1800747252747255,536.9340000000001,46.15384615384615,40.21978021978022,50.54945054945055,9.23076923076923,
A_both,18,30,235,1.8589702127659575,436.858,43.829787234042556,36.170212765957444,52.340425531914896,11.48936170212766,
Flip_both,18,30,220,0.8518363636363641,187.40400000000008,41.81818181818182,33.63636363636363,54.09090909090909,12.272727272727273,
ALL,18,30,455,1.3720043956043957,624.2620000000001,42.857142857142854,34.94505494505494,53.18681318681319,11.868131868131869,
A_both,18,35,235,1.3583063829787236,319.2020000000001,40.42553191489362,29.78723404255319,55.319148936170215,14.893617021276595,
Flip_both,18,35,220,1.0247545454545455,225.446,40.45454545454545,27.727272727272727,55.45454545454545,16.818181818181817,
ALL,18,35,455,1.1970285714285718,544.6480000000001,40.43956043956044,28.791208791208792,55.38461538461539,15.824175824175825,
A_both,18,40,235,1.1113489361702127,261.167,38.297872340425535,24.680851063829788,57.02127659574468,18.29787234042553,
Flip_both,18,40,220,1.3585772727272727,298.887,39.54545454545455,23.636363636363637,55.90909090909091,20.454545454545453,
ALL,18,40,455,1.230887912087912,560.054,38.9010989010989,24.175824175824175,56.48351648351648,19.34065934065934,
A_both,18,50,235,1.7256425531914892,405.52599999999995,37.87234042553192,17.4468085106383,57.4468085106383,25.106382978723403,
Flip_both,18,50,220,1.7807499999999998,391.765,38.18181818181818,17.727272727272727,56.81818181818182,25.454545454545453,
ALL,18,50,455,1.752287912087912,797.2909999999999,38.02197802197802,17.582417582417584,57.142857142857146,25.274725274725274,
A_both,18,60,235,2.568872340425532,603.6850000000001,37.4468085106383,14.042553191489361,57.87234042553192,28.085106382978726,
Flip_both,18,60,220,2.1366,470.052,36.81818181818182,13.636363636363637,57.72727272727273,28.636363636363637,
ALL,18,60,455,2.3598615384615385,1073.737,37.142857142857146,13.846153846153847,57.8021978021978,28.35164835164835,
A_both,18,75,235,3.205417021276596,753.273,36.59574468085106,9.787234042553191,58.723404255319146,31.48936170212766,
Flip_both,18,75,220,1.886195454545455,414.963,36.81818181818182,7.7272727272727275,57.72727272727273,34.54545454545455,
ALL,18,75,455,2.5675516483516487,1168.236,36.7032967032967,8.791208791208792,58.24175824175824,32.967032967032964,
A_both,20,3,235,-1.6050425531914896,-377.18500000000006,79.14893617021276,79.14893617021276,20.0,0.8510638297872339,
Flip_both,20,3,220,-1.5096590909090912,-332.12500000000006,79.0909090909091,79.0909090909091,19.545454545454547,1.3636363636363635,
ALL,20,3,455,-1.5589230769230773,-709.3100000000002,79.12087912087912,79.12087912087912,19.78021978021978,1.098901098901099,
A_both,20,4,235,-1.318876595744681,-309.93600000000004,77.02127659574468,77.02127659574468,22.127659574468087,0.8510638297872339,
Flip_both,20,4,220,-1.0355272727272726,-227.81599999999997,77.72727272727273,77.72727272727273,20.90909090909091,1.3636363636363635,
ALL,20,4,455,-1.1818725274725275,-537.752,77.36263736263736,77.36263736263736,21.53846153846154,1.098901098901099,
A_both,20,5,235,-0.9213106382978724,-216.508,75.74468085106383,75.31914893617021,23.404255319148938,1.2765957446808511,
Flip_both,20,5,220,-0.7244136363636364,-159.371,75.9090909090909,75.9090909090909,22.727272727272727,1.3636363636363635,
ALL,20,5,455,-0.8261076923076923,-375.879,75.82417582417582,75.6043956043956,23.076923076923077,1.3186813186813187,
A_both,20,6,235,-0.8945319148936173,-210.21500000000006,72.76595744680853,72.34042553191489,26.382978723404257,1.2765957446808511,
Flip_both,20,6,220,-0.9468772727272731,-208.31300000000007,72.27272727272727,72.27272727272727,26.363636363636363,1.3636363636363635,
ALL,20,6,455,-0.9198417582417585,-418.52800000000013,72.52747252747253,72.3076923076923,26.373626373626372,1.3186813186813187,
A_both,20,8,235,-0.7921446808510639,-186.15400000000002,67.65957446808511,67.23404255319149,31.06382978723404,1.702127659574468,
Flip_both,20,8,220,-1.4206863636363636,-312.551,65.45454545454545,65.45454545454545,32.72727272727273,1.8181818181818181,
ALL,20,8,455,-1.096054945054945,-498.70500000000004,66.5934065934066,66.37362637362638,31.86813186813187,1.7582417582417582,
A_both,20,10,235,-0.7404468085106385,-174.00500000000005,63.40425531914894,62.5531914893617,34.46808510638298,2.978723404255319,
Flip_both,20,10,220,-0.8732000000000002,-192.10400000000004,62.27272727272727,62.27272727272727,35.00000000000001,2.727272727272727,
ALL,20,10,455,-0.8046351648351651,-366.1090000000001,62.857142857142854,62.417582417582416,34.72527472527472,2.857142857142857,
A_both,20,12,235,-0.24537021276595763,-57.66200000000004,60.851063829787236,60.0,36.59574468085106,3.404255319148936,
Flip_both,20,12,220,-0.5092136363636365,-112.02700000000003,59.54545454545455,58.63636363636363,37.27272727272727,4.090909090909091,
ALL,20,12,455,-0.37294285714285724,-169.68900000000005,60.21978021978022,59.34065934065934,36.92307692307692,3.7362637362637363,
A_both,20,15,235,0.07029361702127655,16.519000000000005,56.59574468085106,55.319148936170215,40.42553191489362,4.25531914893617,
Flip_both,20,15,220,-0.2844227272727273,-62.57300000000001,55.0,52.72727272727273,40.90909090909091,6.363636363636363,
ALL,20,15,455,-0.10121758241758248,-46.054,55.824175824175825,54.065934065934066,40.65934065934066,5.274725274725275,
A_both,20,18,235,1.186076595744681,278.72800000000007,55.319148936170215,53.191489361702125,41.702127659574465,5.1063829787234045,
Flip_both,20,18,220,-1.2391727272727273,-272.618,48.63636363636363,45.45454545454545,46.81818181818182,7.7272727272727275,
ALL,20,18,455,0.013428571428571583,6.1100000000000705,52.08791208791209,49.45054945054945,44.175824175824175,6.373626373626373,
A_both,20,20,235,1.091706382978723,256.55099999999993,52.765957446808514,49.361702127659576,43.829787234042556,6.808510638297872,
Flip_both,20,20,220,-0.7587863636363633,-166.93299999999994,47.72727272727273,44.54545454545455,47.72727272727273,7.7272727272727275,
ALL,20,20,455,0.19696263736263742,89.61800000000002,50.32967032967033,47.032967032967036,45.714285714285715,7.252747252747253,
A_both,20,22,235,1.5380680851063828,361.44599999999997,51.91489361702128,46.808510638297875,44.255319148936174,8.936170212765957,
Flip_both,20,22,220,-1.2131727272727277,-266.8980000000001,44.54545454545455,40.0,50.0,10.0,
ALL,20,22,455,0.20779780219780183,94.54799999999985,48.35164835164835,43.51648351648352,47.032967032967036,9.45054945054945,
A_both,20,25,235,2.2886553191489365,537.8340000000001,51.06382978723404,44.680851063829785,45.1063829787234,10.212765957446809,
Flip_both,20,25,220,-0.6464499999999999,-142.21899999999997,43.63636363636363,37.27272727272727,50.45454545454545,12.272727272727273,
ALL,20,25,455,0.8694835164835166,395.61500000000007,47.472527472527474,41.0989010989011,47.69230769230769,11.208791208791208,
A_both,20,30,235,1.3729489361702132,322.6430000000001,44.680851063829785,36.59574468085106,49.787234042553195,13.617021276595745,
Flip_both,20,30,220,0.8046727272727273,177.02800000000002,43.63636363636363,35.0,50.45454545454545,14.545454545454545,
ALL,20,30,455,1.0981780219780222,499.67100000000005,44.175824175824175,35.824175824175825,50.10989010989011,14.065934065934066,
A_both,20,35,235,0.7224978723404252,169.78699999999992,41.276595744680854,29.78723404255319,52.765957446808514,17.4468085106383,
Flip_both,20,35,220,1.0455318181818185,230.01700000000005,42.27272727272727,29.09090909090909,51.81818181818182,19.09090909090909,
ALL,20,35,455,0.8786901098901099,399.804,41.75824175824176,29.45054945054945,52.30769230769231,18.24175824175824,
A_both,20,40,235,0.4506468085106374,105.9019999999998,39.148936170212764,24.680851063829788,54.04255319148936,21.27659574468085,
Flip_both,20,40,220,1.6973227272727276,373.41100000000006,41.81818181818182,25.454545454545453,51.81818181818182,22.727272727272727,
ALL,20,40,455,1.0534351648351645,479.3129999999998,40.43956043956044,25.054945054945055,52.967032967032964,21.978021978021978,
A_both,20,50,235,1.0554936170212763,248.04099999999994,38.723404255319146,17.4468085106383,54.46808510638298,28.085106382978722,
Flip_both,20,50,220,1.9841772727272728,436.519,40.45454545454545,18.636363636363637,52.72727272727273,28.636363636363637,
ALL,20,50,455,1.5045274725274724,684.56,39.56043956043956,18.021978021978022,53.62637362637363,28.35164835164835,
A_both,20,60,235,1.8872340425531913,443.49999999999994,38.297872340425535,14.042553191489361,54.8936170212766,31.06382978723404,
Flip_both,20,60,220,2.3979227272727273,527.543,39.09090909090909,14.545454545454543,53.63636363636363,31.818181818181817,
ALL,20,60,455,2.1341604395604397,971.043,38.68131868131868,14.285714285714286,54.285714285714285,31.428571428571427,
A_both,20,75,235,2.5064595744680847,589.0179999999999,37.4468085106383,9.787234042553191,55.744680851063826,34.46808510638298,
Flip_both,20,75,220,2.200713636363636,484.1569999999999,39.09090909090909,8.181818181818182,53.63636363636363,38.18181818181818,
ALL,20,75,455,2.3586263736263735,1073.175,38.24175824175824,9.010989010989011,54.72527472527472,36.26373626373626,
A_both,22,3,235,-1.6103744680851064,-378.438,80.42553191489361,80.42553191489361,18.29787234042553,1.2765957446808511,
Flip_both,22,3,220,-1.4110000000000003,-310.4200000000001,80.9090909090909,80.9090909090909,17.272727272727273,1.8181818181818181,
ALL,22,3,455,-1.5139736263736268,-688.8580000000002,80.65934065934066,80.65934065934066,17.802197802197803,1.5384615384615385,
A_both,22,4,235,-1.3544510638297875,-318.29600000000005,78.29787234042553,78.29787234042553,20.425531914893618,1.2765957446808511,
Flip_both,22,4,220,-1.068640909090909,-235.101,79.0909090909091,79.0909090909091,19.09090909090909,1.8181818181818181,
ALL,22,4,455,-1.216257142857143,-553.397,78.68131868131869,78.68131868131869,19.78021978021978,1.5384615384615385,
A_both,22,5,235,-0.9584170212765958,-225.228,77.02127659574468,76.59574468085107,21.70212765957447,1.702127659574468,
Flip_both,22,5,220,-0.9012818181818182,-198.282,76.81818181818181,76.81818181818181,21.363636363636363,1.8181818181818181,
ALL,22,5,455,-0.9307912087912089,-423.51000000000005,76.92307692307692,76.7032967032967,21.53846153846154,1.7582417582417582,
A_both,22,6,235,-0.9829106382978724,-230.984,74.04255319148936,73.61702127659575,24.680851063829788,1.702127659574468,
Flip_both,22,6,220,-1.1828954545454546,-260.237,73.18181818181819,73.18181818181819,25.0,1.8181818181818181,
ALL,22,6,455,-1.0796065934065935,-491.221,73.62637362637362,73.4065934065934,24.835164835164836,1.7582417582417582,
A_both,22,8,235,-0.9402468085106382,-220.958,68.93617021276594,68.51063829787233,29.36170212765957,2.127659574468085,
Flip_both,22,8,220,-1.7012045454545457,-374.26500000000004,66.36363636363636,66.36363636363636,30.90909090909091,2.727272727272727,
ALL,22,8,455,-1.3081824175824177,-595.223,67.6923076923077,67.47252747252747,30.10989010989011,2.4175824175824174,
A_both,22,10,235,-1.0732297872340426,-252.20900000000003,64.25531914893617,63.40425531914894,33.191489361702125,3.404255319148936,
Flip_both,22,10,220,-1.185309090909091,-260.76800000000003,63.18181818181818,63.18181818181818,33.18181818181818,3.6363636363636362,
ALL,22,10,455,-1.127421978021978,-512.977,63.73626373626374,63.2967032967033,33.18681318681319,3.5164835164835164,
A_both,22,12,235,-0.6751872340425533,-158.66900000000004,61.276595744680854,60.42553191489362,35.319148936170215,4.25531914893617,
Flip_both,22,12,220,-0.5815181818181817,-127.93399999999997,61.36363636363637,60.0,34.54545454545455,5.454545454545454,
ALL,22,12,455,-0.6298967032967033,-286.603,61.31868131868132,60.21978021978022,34.94505494505494,4.835164835164835,
A_both,22,15,235,-0.1960893617021282,-46.08100000000013,57.4468085106383,56.17021276595745,38.297872340425535,5.531914893617022,
Flip_both,22,15,220,-0.38828636363636354,-85.42299999999997,56.81818181818182,54.09090909090909,38.18181818181818,7.7272727272727275,
ALL,22,15,455,-0.2890197802197805,-131.5040000000001,57.142857142857146,55.16483516483517,38.24175824175824,6.593406593406593,
A_both,22,18,235,0.756782978723404,177.84399999999997,55.744680851063826,53.61702127659574,40.0,6.382978723404255,
Flip_both,22,18,220,-1.3987863636363633,-307.73299999999995,50.45454545454545,46.81818181818182,44.09090909090909,9.090909090909092,
ALL,22,18,455,-0.28547032967032965,-129.889,53.18681318681319,50.32967032967033,41.97802197802198,7.6923076923076925,
A_both,22,20,235,0.6101148936170209,143.3769999999999,53.191489361702125,49.787234042553195,42.12765957446808,8.085106382978724,
Flip_both,22,20,220,-0.7181772727272726,-157.99899999999997,50.0,46.36363636363637,44.54545454545455,9.090909090909092,
ALL,22,20,455,-0.03213626373626387,-14.62200000000006,51.64835164835165,48.13186813186813,43.2967032967033,8.571428571428571,
A_both,22,22,235,1.0534851063829789,247.56900000000002,52.340425531914896,47.234042553191486,42.5531914893617,10.212765957446809,
Flip_both,22,22,220,-1.1731272727272726,-258.08799999999997,46.81818181818182,41.81818181818182,46.81818181818182,11.363636363636363,
ALL,22,22,455,-0.023118681318681236,-10.518999999999963,49.67032967032967,44.61538461538461,44.61538461538461,10.76923076923077,
A_both,22,25,235,1.798923404255319,422.74699999999996,51.48936170212766,45.1063829787234,43.40425531914894,11.48936170212766,
Flip_both,22,25,220,-0.5611090909090911,-123.44400000000005,45.90909090909091,39.09090909090909,47.27272727272727,13.636363636363637,
ALL,22,25,455,0.657808791208791,299.3029999999999,48.79120879120879,42.1978021978022,45.27472527472528,12.527472527472527,
A_both,22,30,235,0.8210042553191488,192.93599999999995,45.1063829787234,37.02127659574468,47.659574468085104,15.319148936170214,
Flip_both,22,30,220,0.4968727272727274,109.31200000000003,45.0,35.90909090909091,48.18181818181818,15.909090909090908,
ALL,22,30,455,0.6642813186813187,302.248,45.05494505494506,36.48351648351648,47.91208791208791,15.604395604395604,
A_both,22,35,235,0.1446510638297877,33.993000000000094,41.702127659574465,30.21276595744681,50.638297872340424,19.148936170212767,
Flip_both,22,35,220,0.778745454545455,171.3240000000001,43.63636363636363,30.0,49.09090909090909,20.90909090909091,
ALL,22,35,455,0.4512461538461543,205.31700000000018,42.637362637362635,30.10989010989011,49.89010989010989,20.0,
A_both,22,40,235,-0.36251914893617004,-85.19199999999996,39.148936170212764,24.680851063829788,51.91489361702128,23.404255319148938,
Flip_both,22,40,220,1.4754000000000003,324.5880000000001,43.18181818181818,26.363636363636363,49.09090909090909,24.545454545454547,
ALL,22,40,455,0.5261450549450553,239.3960000000001,41.0989010989011,25.494505494505493,50.54945054945055,23.956043956043956,
A_both,22,50,235,0.23489361702127678,55.200000000000045,38.723404255319146,17.4468085106383,52.3404255319149,30.21276595744681,
Flip_both,22,50,220,1.8420727272727273,405.25600000000003,41.81818181818182,19.545454545454547,50.0,30.454545454545453,
ALL,22,50,455,1.0119912087912089,460.4560000000001,40.21978021978022,18.46153846153846,51.20879120879121,30.32967032967033,
A_both,22,60,235,1.2455702127659578,292.70900000000006,38.723404255319146,14.042553191489361,52.3404255319149,33.61702127659574,
Flip_both,22,60,220,2.3233181818181823,511.1300000000001,40.45454545454545,15.454545454545455,50.90909090909091,33.63636363636363,
ALL,22,60,455,1.7666791208791213,803.8390000000002,39.56043956043956,14.725274725274724,51.64835164835165,33.62637362637363,
A_both,22,75,235,1.8456170212765968,433.72000000000025,37.87234042553192,9.787234042553191,53.191489361702125,37.02127659574468,
Flip_both,22,75,220,2.043531818181818,449.577,40.45454545454545,8.636363636363637,50.90909090909091,40.45454545454545,
ALL,22,75,455,1.9413120879120884,883.2970000000003,39.120879120879124,9.23076923076923,52.08791208791209,38.68131868131868,
A_both,25,3,235,-1.7962212765957446,-422.11199999999997,81.70212765957447,81.70212765957447,17.02127659574468,1.2765957446808511,
Flip_both,25,3,220,-1.6959227272727273,-373.103,81.36363636363636,81.36363636363636,16.363636363636363,2.272727272727273,
ALL,25,3,455,-1.7477252747252745,-795.2149999999999,81.53846153846153,81.53846153846153,16.703296703296704,1.7582417582417582,
A_both,25,4,235,-1.5926936170212762,-374.28299999999996,79.57446808510639,79.57446808510639,19.148936170212767,1.2765957446808511,
Flip_both,25,4,220,-1.3977454545454544,-307.50399999999996,79.54545454545455,79.54545454545455,18.181818181818183,2.272727272727273,
ALL,25,4,455,-1.4984329670329666,-681.7869999999999,79.56043956043956,79.56043956043956,18.681318681318682,1.7582417582417582,
A_both,25,5,235,-1.2178212765957446,-286.188,78.29787234042553,77.87234042553192,20.425531914893618,1.702127659574468,
Flip_both,25,5,220,-1.2926636363636361,-284.38599999999997,77.27272727272727,77.27272727272727,20.454545454545453,2.272727272727273,
ALL,25,5,455,-1.2540087912087912,-570.574,77.8021978021978,77.58241758241758,20.439560439560438,1.978021978021978,
A_both,25,6,235,-1.241008510638298,-291.637,75.31914893617021,74.8936170212766,22.97872340425532,2.127659574468085,
Flip_both,25,6,220,-1.6305818181818186,-358.72800000000007,73.63636363636364,73.63636363636364,23.636363636363637,2.727272727272727,
ALL,25,6,455,-1.4293736263736263,-650.365,74.50549450549451,74.28571428571429,23.296703296703296,2.4175824175824174,
A_both,25,8,235,-1.1693531914893618,-274.798,70.63829787234043,70.2127659574468,27.23404255319149,2.5531914893617023,
Flip_both,25,8,220,-2.2350454545454546,-491.71000000000004,66.81818181818181,66.81818181818181,28.636363636363637,4.545454545454546,
ALL,25,8,455,-1.6846329670329672,-766.508,68.79120879120879,68.57142857142857,27.912087912087912,3.5164835164835164,
A_both,25,10,235,-1.0781829787234047,-253.37300000000013,66.80851063829788,65.95744680851064,30.21276595744681,3.8297872340425534,
Flip_both,25,10,220,-1.7751636363636367,-390.53600000000006,63.63636363636363,63.63636363636363,30.90909090909091,5.454545454545454,
ALL,25,10,455,-1.415184615384616,-643.9090000000002,65.27472527472527,64.83516483516483,30.54945054945055,4.615384615384615,
A_both,25,12,235,-0.6885787234042552,-161.816,63.829787234042556,62.97872340425532,32.340425531914896,4.680851063829787,
Flip_both,25,12,220,-1.205281818181818,-265.1619999999999,61.81818181818182,60.45454545454545,32.27272727272727,7.2727272727272725,
ALL,25,12,455,-0.9384131868131864,-426.97799999999995,62.857142857142854,61.75824175824176,32.30769230769231,5.934065934065934,
A_both,25,15,235,-0.22513191489361692,-52.90599999999998,60.0,58.723404255319146,35.319148936170215,5.957446808510638,
Flip_both,25,15,220,-1.067309090909091,-234.808,57.27272727272727,54.54545454545455,35.45454545454545,10.0,
ALL,25,15,455,-0.6323384615384615,-287.714,58.68131868131868,56.7032967032967,35.38461538461539,7.912087912087912,
A_both,25,18,235,0.7669744680851065,180.23900000000003,58.297872340425535,56.17021276595745,37.02127659574468,6.808510638297872,
Flip_both,25,18,220,-2.015831818181818,-443.48299999999995,51.36363636363637,47.72727272727273,40.90909090909091,11.363636363636363,
ALL,25,18,455,-0.5785582417582416,-263.2439999999999,54.94505494505494,52.08791208791209,38.9010989010989,9.010989010989011,
A_both,25,20,235,0.6088723404255321,143.08500000000004,55.744680851063826,52.340425531914896,39.148936170212764,8.51063829787234,
Flip_both,25,20,220,-1.3149227272727269,-289.2829999999999,50.90909090909091,47.27272727272727,40.90909090909091,11.818181818181818,
ALL,25,20,455,-0.32131428571428544,-146.19799999999987,53.40659340659341,49.89010989010989,40.0,10.10989010989011,
A_both,25,22,235,1.00356170212766,235.8370000000001,54.8936170212766,48.93617021276596,39.57446808510638,11.48936170212766,
Flip_both,25,22,220,-1.7714045454545457,-389.70900000000006,47.72727272727273,42.72727272727273,42.72727272727273,14.545454545454545,
ALL,25,22,455,-0.33818021978021967,-153.87199999999996,51.42857142857143,45.934065934065934,41.0989010989011,12.967032967032967,
A_both,25,25,235,1.5668170212765957,368.202,53.61702127659574,46.38297872340426,40.851063829787236,12.76595744680851,
Flip_both,25,25,220,-1.142990909090909,-251.45799999999997,46.81818181818182,40.0,43.18181818181818,16.818181818181817,
ALL,25,25,455,0.25658021978021983,116.74400000000003,50.32967032967033,43.2967032967033,41.97802197802198,14.725274725274724,
A_both,25,30,235,0.5382382978723403,126.48599999999999,47.234042553191486,38.297872340425535,45.1063829787234,16.595744680851062,
Flip_both,25,30,220,-0.06700909090909085,-14.741999999999987,45.90909090909091,36.81818181818182,44.09090909090909,19.09090909090909,
ALL,25,30,455,0.24559120879120883,111.74400000000001,46.59340659340659,37.582417582417584,44.61538461538461,17.802197802197803,
A_both,25,35,235,-0.148102127659574,-34.80399999999986,43.829787234042556,31.48936170212766,48.08510638297872,20.425531914893618,
Flip_both,25,35,220,0.2382272727272729,52.41000000000004,44.54545454545455,30.90909090909091,45.0,24.09090909090909,
ALL,25,35,455,0.03869450549450586,17.606000000000165,44.175824175824175,31.208791208791208,46.59340659340659,22.197802197802197,
A_both,25,40,235,-0.7574297872340423,-177.99599999999995,41.276595744680854,25.53191489361702,49.361702127659576,25.106382978723403,
Flip_both,25,40,220,0.9757,214.654,44.09090909090909,27.272727272727273,45.0,27.727272727272727,
ALL,25,40,455,0.08056703296703313,36.65800000000007,42.637362637362635,26.373626373626372,47.252747252747255,26.373626373626372,
A_both,25,50,235,-0.2247106382978724,-52.807000000000016,40.851063829787236,17.4468085106383,49.787234042553195,32.765957446808514,
Flip_both,25,50,220,1.4091772727272731,310.01900000000006,42.72727272727273,20.454545454545453,45.90909090909091,33.63636363636363,
ALL,25,50,455,0.565301098901099,257.21200000000005,41.75824175824176,18.9010989010989,47.91208791208791,33.18681318681319,
A_both,25,60,235,0.7859659574468087,184.70200000000006,40.851063829787236,14.042553191489361,49.787234042553195,36.170212765957444,
Flip_both,25,60,220,1.8097409090909087,398.1429999999999,41.36363636363637,15.909090909090908,46.81818181818182,37.27272727272727,
ALL,25,60,455,1.280978021978022,582.845,41.0989010989011,14.945054945054945,48.35164835164835,36.7032967032967,
A_both,25,75,235,1.3631489361702125,320.34,39.99999999999999,9.787234042553191,50.638297872340424,39.57446808510638,
Flip_both,25,75,220,1.596136363636363,351.14999999999986,41.36363636363637,9.090909090909092,46.81818181818182,44.09090909090909,
ALL,25,75,455,1.4758021978021973,671.4899999999998,40.65934065934066,9.45054945054945,48.79120879120879,41.75824175824176,
A_both,30,3,235,-0.9581787234042554,-225.17200000000003,85.53191489361703,85.53191489361703,11.063829787234043,3.404255319148936,
Flip_both,30,3,220,-2.230877272727273,-490.79300000000006,81.81818181818181,81.81818181818181,15.0,3.1818181818181817,
ALL,30,3,455,-1.5735494505494507,-715.965,83.73626373626374,83.73626373626374,12.967032967032967,3.2967032967032965,
A_both,30,4,235,-0.6764255319148937,-158.96000000000004,83.82978723404256,83.82978723404256,12.76595744680851,3.404255319148936,
Flip_both,30,4,220,-2.0191999999999997,-444.224,80.0,80.0,16.818181818181817,3.1818181818181817,
ALL,30,4,455,-1.325679120879121,-603.1840000000001,81.97802197802197,81.97802197802197,14.725274725274724,3.2967032967032965,
A_both,30,5,235,-0.1862851063829789,-43.777000000000044,82.97872340425532,82.55319148936171,13.617021276595745,3.8297872340425534,
Flip_both,30,5,220,-1.9254545454545453,-423.59999999999997,77.72727272727273,77.72727272727273,18.636363636363637,3.6363636363636362,
ALL,30,5,455,-1.0272021978021977,-467.37699999999995,80.43956043956044,80.21978021978022,16.043956043956044,3.7362637362637363,
A_both,30,6,235,-0.2765489361702128,-64.989,80.0,79.57446808510639,16.170212765957448,4.25531914893617,
Flip_both,30,6,220,-2.086190909090909,-458.962,75.0,75.0,20.90909090909091,4.090909090909091,
ALL,30,6,455,-1.1515406593406594,-523.951,77.58241758241758,77.36263736263736,18.46153846153846,4.175824175824176,
A_both,30,8,235,-0.2449191489361705,-57.55600000000007,75.31914893617021,74.8936170212766,19.574468085106382,5.531914893617022,
Flip_both,30,8,220,-2.7364681818181817,-602.023,68.63636363636364,68.63636363636364,25.454545454545453,5.909090909090909,
ALL,30,8,455,-1.4496241758241761,-659.5790000000002,72.08791208791209,71.86813186813187,22.417582417582416,5.714285714285714,
A_both,30,10,235,-0.017165957446808718,-4.034000000000049,71.48936170212765,70.63829787234043,21.70212765957447,7.659574468085107,
Flip_both,30,10,220,-2.1724681818181817,-477.943,65.9090909090909,65.9090909090909,27.272727272727273,6.818181818181818,
ALL,30,10,455,-1.05929010989011,-481.97700000000003,68.79120879120879,68.35164835164835,24.395604395604394,7.252747252747253,
A_both,30,12,235,0.01224255319148928,2.876999999999981,67.65957446808511,66.80851063829788,24.680851063829788,8.51063829787234,
Flip_both,30,12,220,-1.626340909090909,-357.79499999999996,64.0909090909091,62.72727272727273,28.636363636363637,8.636363636363637,
ALL,30,12,455,-0.7800395604395605,-354.918,65.93406593406593,64.83516483516483,26.593406593406595,8.571428571428571,
A_both,30,15,235,0.5790340425531918,136.07300000000006,64.25531914893618,62.5531914893617,27.23404255319149,10.212765957446809,
Flip_both,30,15,220,-1.5829636363636366,-348.25200000000007,59.54545454545455,56.81818181818182,31.818181818181817,11.363636363636363,
ALL,30,15,455,-0.4663274725274724,-212.17899999999995,61.97802197802198,59.78021978021978,29.45054945054945,10.76923076923077,
A_both,30,18,235,1.329893617021277,312.5250000000001,62.12765957446808,59.148936170212764,29.361702127659573,11.48936170212766,
Flip_both,30,18,220,-2.480927272727273,-545.8040000000001,54.09090909090909,50.45454545454545,36.36363636363637,13.181818181818182,
ALL,30,18,455,-0.5127010989010989,-233.279,58.24175824175824,54.94505494505494,32.747252747252745,12.307692307692308,
A_both,30,20,235,1.097293617021277,257.8640000000001,59.148936170212764,54.46808510638298,31.06382978723404,14.46808510638298,
Flip_both,30,20,220,-1.842172727272727,-405.27799999999996,53.18181818181818,49.54545454545455,36.36363636363637,14.090909090909092,
ALL,30,20,455,-0.3239868131868129,-147.41399999999987,56.26373626373626,52.08791208791209,33.62637362637363,14.285714285714286,
A_both,30,22,235,1.510353191489361,354.9329999999999,58.297872340425535,51.06382978723404,31.48936170212766,17.4468085106383,
Flip_both,30,22,220,-2.3468045454545456,-516.297,50.0,44.54545454545455,37.72727272727273,17.727272727272727,
ALL,30,22,455,-0.35464615384615417,-161.36400000000015,54.285714285714285,47.91208791208791,34.505494505494504,17.582417582417584,
A_both,30,25,235,2.183595744680851,513.145,57.02127659574468,48.51063829787234,31.914893617021278,19.574468085106382,
Flip_both,30,25,220,-1.6885590909090913,-371.48300000000006,49.09090909090909,41.81818181818182,38.18181818181818,20.0,
ALL,30,25,455,0.31134505494505466,141.6619999999999,53.18681318681319,45.27472527472528,34.94505494505494,19.78021978021978,
A_both,30,30,235,0.8774553191489366,206.2020000000001,50.212765957446805,39.99999999999999,36.170212765957444,23.829787234042552,
Flip_both,30,30,220,-0.5705909090909087,-125.5299999999999,48.18181818181818,38.63636363636363,39.09090909090909,22.272727272727273,
ALL,30,30,455,0.17730109890109932,80.67200000000021,49.23076923076923,39.34065934065934,37.582417582417584,23.076923076923077,
A_both,30,35,235,0.27920425531914894,65.613,46.808510638297875,32.765957446808514,37.87234042553192,29.361702127659573,
Flip_both,30,35,220,-0.2233090909090907,-49.12799999999996,46.81818181818182,32.72727272727273,40.0,27.272727272727273,
ALL,30,35,455,0.03623076923076935,16.485000000000056,46.81318681318681,32.747252747252745,38.9010989010989,28.35164835164835,
A_both,30,40,235,-0.33066808510638246,-77.70699999999988,44.255319148936174,26.80851063829787,39.148936170212764,34.04255319148936,
Flip_both,30,40,220,0.6064181818181821,133.4120000000001,46.36363636363637,29.09090909090909,40.0,30.90909090909091,
ALL,30,40,455,0.12242857142857183,55.70500000000018,45.27472527472528,27.912087912087912,39.56043956043956,32.527472527472526,
A_both,30,50,235,0.24307234042553247,57.122000000000185,43.829787234042556,18.29787234042553,39.57446808510638,42.12765957446808,
Flip_both,30,50,220,1.1148818181818188,245.27400000000014,45.0,21.818181818181817,40.90909090909091,37.27272727272727,
ALL,30,50,455,0.6646065934065939,302.3960000000003,44.395604395604394,20.0,40.21978021978022,39.78021978021978,
A_both,30,60,235,1.3379191489361704,314.41100000000006,43.829787234042556,14.893617021276595,39.57446808510638,45.53191489361702,
Flip_both,30,60,220,1.4331590909090912,315.2950000000001,43.63636363636363,16.363636363636363,41.81818181818182,41.81818181818182,
ALL,30,60,455,1.383969230769231,629.7060000000001,43.73626373626374,15.604395604395604,40.65934065934066,43.73626373626374,
A_both,30,75,235,2.030719148936171,477.2190000000001,43.40425531914894,10.212765957446809,40.0,49.787234042553195,
Flip_both,30,75,220,1.2877045454545455,283.295,43.63636363636363,9.545454545454545,41.81818181818182,48.63636363636363,
ALL,30,75,455,1.6714593406593408,760.514,43.51648351648352,9.89010989010989,40.879120879120876,49.23076923076923,
A_both,35,3,235,-0.6993702127659576,-164.35200000000003,87.65957446808511,87.65957446808511,8.936170212765957,3.404255319148936,
Flip_both,35,3,220,-2.462136363636364,-541.6700000000001,83.18181818181819,83.18181818181819,13.636363636363637,3.1818181818181817,
ALL,35,3,455,-1.551696703296703,-706.0219999999999,85.49450549450549,85.49450549450549,11.208791208791208,3.2967032967032965,
A_both,35,4,235,-0.3150000000000002,-74.02500000000005,86.38297872340425,86.38297872340425,10.212765957446809,3.404255319148936,
Flip_both,35,4,220,-2.329718181818182,-512.538,81.36363636363636,81.36363636363636,15.454545454545455,3.1818181818181817,
ALL,35,4,455,-1.2891494505494505,-586.563,83.95604395604396,83.95604395604396,12.747252747252746,3.2967032967032965,
A_both,35,5,235,0.16180425531914897,38.02400000000001,85.53191489361703,85.1063829787234,11.063829787234043,3.8297872340425534,
Flip_both,35,5,220,-2.1659045454545454,-476.499,79.0909090909091,79.0909090909091,16.818181818181817,4.090909090909091,
ALL,35,5,455,-0.9636813186813187,-438.475,82.41758241758242,82.1978021978022,13.846153846153847,3.956043956043956,
A_both,35,6,235,-0.028195744680851023,-6.625999999999991,82.55319148936171,82.12765957446808,13.617021276595745,4.25531914893617,
Flip_both,35,6,220,-2.4361545454545452,-535.954,76.36363636363636,76.36363636363636,19.09090909090909,4.545454545454546,
ALL,35,6,455,-1.1924835164835164,-542.5799999999999,79.56043956043956,79.34065934065934,16.263736263736263,4.395604395604396,
A_both,35,8,235,0.043502127659574466,10.222999999999992,77.87234042553192,77.44680851063829,16.170212765957444,6.382978723404255,
Flip_both,35,8,220,-2.966313636363636,-652.5889999999999,70.45454545454545,70.45454545454545,22.727272727272727,6.818181818181819,
ALL,35,8,455,-1.4117934065934066,-642.366,74.28571428571429,74.06593406593407,19.34065934065934,6.593406593406593,
A_both,35,10,235,0.42389361702127654,99.61499999999998,74.04255319148936,73.19148936170212,17.02127659574468,9.787234042553191,
Flip_both,35,10,220,-2.5264499999999996,-555.819,67.27272727272727,67.27272727272727,24.545454545454547,8.181818181818182,
ALL,35,10,455,-1.002646153846154,-456.20399999999995,70.76923076923077,70.32967032967034,20.65934065934066,9.010989010989011,
A_both,35,12,235,0.286944680851064,67.43200000000004,69.7872340425532,68.93617021276596,19.574468085106382,11.48936170212766,
Flip_both,35,12,220,-1.797236363636364,-395.39200000000005,65.9090909090909,64.54545454545455,25.454545454545453,10.0,
ALL,35,12,455,-0.7207912087912088,-327.96000000000004,67.91208791208791,66.81318681318682,22.417582417582416,10.76923076923077,
A_both,35,15,235,0.7983319148936168,187.60799999999995,66.38297872340425,64.68085106382978,22.127659574468087,13.191489361702128,
Flip_both,35,15,220,-1.6289590909090914,-358.3710000000001,61.81818181818182,59.09090909090909,28.181818181818183,12.727272727272727,
ALL,35,15,455,-0.375303296703297,-170.76300000000012,64.17582417582418,61.97802197802198,25.054945054945055,12.967032967032967,
A_both,35,18,235,1.669102127659575,392.23900000000015,64.68085106382978,61.276595744680854,23.829787234042552,14.893617021276595,
Flip_both,35,18,220,-2.51185,-552.607,56.36363636363637,52.72727272727273,32.27272727272727,15.0,
ALL,35,18,455,-0.35245714285714236,-160.36799999999977,60.65934065934066,57.142857142857146,27.912087912087912,14.945054945054945,
A_both,35,20,235,1.708489361702128,401.49500000000006,62.12765957446808,57.02127659574468,24.680851063829788,18.29787234042553,
Flip_both,35,20,220,-1.8355499999999998,-403.82099999999997,55.45454545454545,51.81818181818182,32.27272727272727,15.909090909090908,
ALL,35,20,455,-0.0051120879120877104,-2.325999999999908,58.9010989010989,54.505494505494504,28.35164835164835,17.142857142857142,
A_both,35,22,235,2.1523148936170213,505.79400000000004,61.276595744680854,53.61702127659574,25.106382978723403,21.27659574468085,
Flip_both,35,22,220,-2.3747090909090907,-522.4359999999999,52.27272727272727,46.81818181818182,33.63636363636363,19.545454545454547,
ALL,35,22,455,-0.03657582417582392,-16.641999999999882,56.92307692307692,50.32967032967033,29.23076923076923,20.439560439560438,
A_both,35,25,235,2.875344680851064,675.706,60.0,51.06382978723404,25.53191489361702,23.404255319148938,
Flip_both,35,25,220,-1.669054545454545,-367.1919999999999,51.36363636363637,44.09090909090909,34.09090909090909,21.818181818181817,
ALL,35,25,455,0.6780527472527476,308.5140000000001,55.824175824175825,47.69230769230769,29.67032967032967,22.63736263736264,
A_both,35,30,235,1.3613914893617023,319.927,53.191489361702125,42.12765957446808,29.78723404255319,28.085106382978722,
Flip_both,35,30,220,-0.3794772727272726,-83.48499999999997,50.45454545454545,40.90909090909091,34.54545454545455,24.545454545454547,
ALL,35,30,455,0.5196527472527473,236.44200000000006,51.86813186813187,41.53846153846154,32.08791208791209,26.373626373626372,
A_both,35,35,235,0.7922468085106386,186.17800000000005,50.212765957446805,34.04255319148936,31.06382978723404,34.8936170212766,
Flip_both,35,35,220,-0.06199999999999955,-13.639999999999901,49.09090909090908,34.54545454545455,35.45454545454545,30.0,
ALL,35,35,455,0.379204395604396,172.53800000000018,49.67032967032967,34.285714285714285,33.18681318681319,32.527472527472526,
A_both,35,40,235,0.35551063829787266,83.54500000000007,48.08510638297872,27.659574468085108,31.914893617021278,40.42553191489362,
Flip_both,35,40,220,0.7492727272727272,164.83999999999997,48.63636363636363,30.454545454545453,35.45454545454545,34.09090909090909,
ALL,35,40,455,0.5459010989010991,248.38500000000005,48.35164835164835,29.01098901098901,33.62637362637363,37.362637362637365,
A_both,35,50,235,0.6935489361702134,162.9840000000001,47.234042553191486,18.72340425531915,32.340425531914896,48.93617021276596,
Flip_both,35,50,220,1.3964545454545458,307.2200000000001,47.27272727272727,22.727272727272727,35.90909090909091,41.36363636363637,
ALL,35,50,455,1.033415384615385,470.2040000000002,47.252747252747255,20.65934065934066,34.065934065934066,45.27472527472528,
A_both,35,60,235,1.831204255319149,430.333,47.234042553191486,15.319148936170214,32.340425531914896,52.340425531914896,
Flip_both,35,60,220,1.7504545454545455,385.1,45.9090909090909,17.272727272727273,36.81818181818182,45.90909090909091,
ALL,35,60,455,1.7921604395604398,815.4330000000001,46.59340659340659,16.263736263736263,34.505494505494504,49.23076923076923,
A_both,35,75,235,2.4869829787234052,584.4410000000003,46.808510638297875,10.212765957446809,32.340425531914896,57.4468085106383,
Flip_both,35,75,220,1.424877272727273,313.47300000000007,45.9090909090909,9.545454545454545,36.81818181818182,53.63636363636363,
ALL,35,75,455,1.9734373626373631,897.9140000000002,46.37362637362637,9.89010989010989,34.505494505494504,55.604395604395606,
A_both,40,3,235,-0.4342723404255319,-102.054,88.93617021276596,88.93617021276596,6.808510638297872,4.25531914893617,
Flip_both,40,3,220,-2.4330954545454544,-535.281,84.54545454545455,84.54545454545455,11.818181818181818,3.6363636363636362,
ALL,40,3,455,-1.400736263736264,-637.335,86.81318681318682,86.81318681318682,9.23076923076923,3.956043956043956,
A_both,40,4,235,-0.101204255319149,-23.783000000000015,87.65957446808511,87.65957446808511,8.085106382978722,4.25531914893617,
Flip_both,40,4,220,-2.3735272727272725,-522.1759999999999,82.72727272727273,82.72727272727273,13.636363636363637,3.6363636363636362,
ALL,40,4,455,-1.1999098901098901,-545.9590000000001,85.27472527472527,85.27472527472527,10.76923076923077,3.956043956043956,
A_both,40,5,235,0.343587234042553,80.74299999999995,86.80851063829788,86.38297872340425,8.936170212765957,4.680851063829787,
Flip_both,40,5,220,-2.2665954545454543,-498.65099999999995,80.45454545454545,80.45454545454545,15.0,4.545454545454546,
ALL,40,5,455,-0.9184791208791209,-417.908,83.73626373626374,83.51648351648352,11.868131868131869,4.615384615384615,
A_both,40,6,235,0.4643702127659575,109.12700000000002,84.68085106382979,84.25531914893617,10.212765957446809,5.531914893617022,
Flip_both,40,6,220,-2.549481818181818,-560.886,77.72727272727273,77.72727272727273,16.818181818181817,5.454545454545454,
ALL,40,6,455,-0.9928769230769229,-451.7589999999999,81.31868131868131,81.0989010989011,13.406593406593407,5.4945054945054945,
A_both,40,8,235,0.4587744680851064,107.81200000000001,80.0,79.57446808510639,12.340425531914894,8.085106382978722,
Flip_both,40,8,220,-2.9807,-655.754,72.27272727272727,72.27272727272727,19.545454545454547,8.181818181818182,
ALL,40,8,455,-1.2042681318681319,-547.942,76.26373626373626,76.04395604395604,15.824175824175825,8.131868131868131,
A_both,40,10,235,0.8790255319148935,206.57099999999997,76.17021276595744,75.31914893617021,12.76595744680851,11.914893617021276,
Flip_both,40,10,220,-2.5983681818181816,-571.641,69.0909090909091,69.0909090909091,21.363636363636363,9.545454545454545,
ALL,40,10,455,-0.8023516483516485,-365.07000000000005,72.74725274725274,72.3076923076923,16.923076923076923,10.76923076923077,
A_both,40,12,235,0.664476595744681,156.15200000000004,71.91489361702128,71.06382978723404,15.319148936170214,13.617021276595745,
Flip_both,40,12,220,-1.9062454545454544,-419.37399999999997,67.72727272727273,65.9090909090909,22.272727272727273,11.818181818181818,
ALL,40,12,455,-0.57850989010989,-263.2219999999999,69.89010989010988,68.57142857142857,18.681318681318682,12.747252747252746,
A_both,40,15,235,1.1026042553191489,259.11199999999997,68.51063829787235,66.80851063829788,17.872340425531913,15.319148936170214,
Flip_both,40,15,220,-1.3293318181818181,-292.453,64.54545454545455,61.36363636363637,24.09090909090909,14.545454545454545,
ALL,40,15,455,-0.07327692307692298,-33.34099999999995,66.5934065934066,64.17582417582418,20.87912087912088,14.945054945054945,
A_both,40,18,235,1.9212468085106384,451.49300000000005,66.80851063829788,62.97872340425532,19.574468085106382,17.4468085106383,
Flip_both,40,18,220,-2.1446772727272725,-471.82899999999995,59.54545454545455,55.0,27.727272727272727,17.272727272727273,
ALL,40,18,455,-0.044694505494505335,-20.335999999999927,63.2967032967033,59.120879120879124,23.516483516483518,17.36263736263736,
A_both,40,20,235,1.953868085106383,459.159,64.25531914893617,58.723404255319146,20.425531914893618,20.851063829787233,
Flip_both,40,20,220,-1.4296499999999999,-314.52299999999997,58.63636363636363,54.09090909090909,27.727272727272727,18.181818181818183,
ALL,40,20,455,0.31788131868131875,144.63600000000002,61.53846153846154,56.48351648351648,23.956043956043956,19.560439560439566,
A_both,40,22,235,2.6768425531914892,629.058,63.829787234042556,55.744680851063826,20.425531914893618,23.829787234042552,
Flip_both,40,22,220,-2.0405363636363636,-448.91799999999995,55.45454545454545,48.63636363636363,28.636363636363637,22.727272727272727,
ALL,40,22,455,0.3959120879120879,180.14,59.78021978021978,52.30769230769231,24.395604395604394,23.296703296703296,
A_both,40,25,235,3.3945234042553194,797.7130000000001,62.5531914893617,52.765957446808514,20.851063829787233,26.382978723404257,
Flip_both,40,25,220,-1.3147454545454547,-289.244,54.54545454545455,45.45454545454545,29.090909090909086,25.454545454545453,
ALL,40,25,455,1.1175142857142857,508.46899999999994,58.68131868131868,49.23076923076923,24.835164835164836,25.934065934065934,
A_both,40,30,235,1.6085957446808516,378.02000000000015,55.319148936170215,43.40425531914894,24.680851063829788,31.914893617021278,
Flip_both,40,30,220,0.02105909090909115,4.633000000000052,53.63636363636363,42.27272727272727,29.545454545454547,28.181818181818183,
ALL,40,30,455,0.840995604395605,382.65300000000025,54.505494505494504,42.857142857142854,27.032967032967033,30.10989010989011,
A_both,40,35,235,0.7689234042553194,180.697,51.91489361702128,34.8936170212766,25.95744680851064,39.148936170212764,
Flip_both,40,35,220,0.5988727272727273,131.752,52.72727272727273,35.90909090909091,30.0,34.09090909090909,
ALL,40,35,455,0.6867010989010991,312.449,52.30769230769231,35.38461538461539,27.912087912087912,36.7032967032967,
A_both,40,40,235,0.33417446808510615,78.53099999999995,49.787234042553195,28.51063829787234,26.80851063829787,44.680851063829785,
Flip_both,40,40,220,1.4726863636363638,323.99100000000004,52.27272727272727,31.818181818181817,30.0,38.18181818181818,
ALL,40,40,455,0.8846637362637364,402.522,50.989010989010985,30.10989010989011,28.35164835164835,41.53846153846154,
A_both,40,50,235,0.7328212765957453,172.21299999999997,48.93617021276596,19.574468085106382,27.23404255319149,53.19148936170213,
Flip_both,40,50,220,1.998868181818182,439.75100000000003,50.90909090909091,23.181818181818183,30.0,46.81818181818182,
ALL,40,50,455,1.3449758241758245,611.9639999999999,49.89010989010989,21.318681318681318,28.571428571428573,50.10989010989011,
A_both,40,60,235,1.9585914893617022,460.269,48.93617021276596,16.170212765957448,27.23404255319149,56.59574468085106,
Flip_both,40,60,220,2.1878681818181818,481.331,49.54545454545455,17.272727272727273,30.90909090909091,51.81818181818182,
ALL,40,60,455,2.0694505494505497,941.6000000000001,49.23076923076923,16.703296703296704,29.01098901098901,54.285714285714285,
A_both,40,75,235,2.7393489361702135,643.7470000000002,48.51063829787234,11.063829787234043,27.23404255319149,61.702127659574465,
Flip_both,40,75,220,1.8622909090909094,409.70400000000006,49.54545454545455,9.545454545454545,30.90909090909091,59.54545454545455,
ALL,40,75,455,2.3152769230769237,1053.4510000000002,49.010989010989015,10.32967032967033,29.01098901098901,60.65934065934066,
A_both,50,3,235,-0.8043531914893618,-189.02300000000002,89.36170212765957,89.36170212765957,5.957446808510638,4.680851063829787,
Flip_both,50,3,220,-2.549013636363636,-560.7829999999999,85.9090909090909,85.9090909090909,9.090909090909092,5.0,
ALL,50,3,455,-1.6479252747252746,-749.8059999999999,87.6923076923077,87.6923076923077,7.472527472527473,4.835164835164835,
A_both,50,4,235,-0.4356425531914894,-102.37600000000002,88.08510638297872,88.08510638297872,6.382978723404255,5.531914893617022,
Flip_both,50,4,220,-2.414809090909091,-531.258,84.54545454545455,84.54545454545455,10.454545454545455,5.0,
ALL,50,4,455,-1.3926021978021978,-633.634,86.37362637362638,86.37362637362638,8.351648351648352,5.274725274725275,
A_both,50,5,235,-0.06805957446808499,-15.993999999999971,87.23404255319149,86.80851063829788,7.23404255319149,5.957446808510638,
Flip_both,50,5,220,-2.425204545454546,-533.5450000000001,82.27272727272727,82.27272727272727,11.818181818181818,5.909090909090909,
ALL,50,5,455,-1.2077780219780219,-549.539,84.83516483516483,84.61538461538461,9.45054945054945,5.934065934065934,
A_both,50,6,235,-0.06858297872340434,-16.11700000000002,85.1063829787234,84.68085106382979,8.51063829787234,6.808510638297872,
Flip_both,50,6,220,-2.722909090909091,-599.04,79.54545454545455,79.54545454545455,12.727272727272727,7.7272727272727275,
ALL,50,6,455,-1.3519934065934067,-615.157,82.41758241758242,82.1978021978022,10.54945054945055,7.252747252747253,
A_both,50,8,235,-0.16991063829787248,-39.92900000000003,80.42553191489361,80.0,10.212765957446809,9.787234042553191,
Flip_both,50,8,220,-2.843454545454545,-625.56,75.0,75.0,14.545454545454545,10.454545454545455,
ALL,50,8,455,-1.4626131868131869,-665.489,77.8021978021978,77.58241758241758,12.307692307692308,10.10989010989011,
A_both,50,10,235,0.13987234042553212,32.87000000000006,76.59574468085107,75.74468085106383,10.638297872340425,13.617021276595745,
Flip_both,50,10,220,-2.5153772727272727,-553.383,71.36363636363636,71.36363636363636,15.454545454545455,13.181818181818182,
ALL,50,10,455,-1.1439846153846154,-520.5129999999999,74.06593406593407,73.62637362637362,12.967032967032967,13.406593406593407,
A_both,50,12,235,-0.31766382978723445,-74.6510000000001,72.34042553191489,71.48936170212765,13.191489361702128,15.319148936170214,
Flip_both,50,12,220,-1.6770954545454546,-368.961,70.0,67.72727272727273,15.909090909090908,16.363636363636363,
ALL,50,12,455,-0.9749714285714287,-443.6120000000001,71.20879120879121,69.67032967032966,14.505494505494505,15.824175824175825,
A_both,50,15,235,0.15679148936170215,36.84600000000003,69.36170212765957,67.65957446808511,15.319148936170214,17.02127659574468,
Flip_both,50,15,220,-1.1047954545454546,-243.055,66.81818181818181,63.18181818181818,17.272727272727273,19.545454545454547,
ALL,50,15,455,-0.4532065934065934,-206.209,68.13186813186813,65.49450549450549,16.263736263736263,18.24175824175824,
A_both,50,18,235,0.9666553191489364,227.16400000000007,67.65957446808511,63.829787234042556,16.595744680851062,19.574468085106382,
Flip_both,50,18,220,-2.005868181818182,-441.291,61.81818181818182,56.36363636363637,19.545454545454547,24.09090909090909,
ALL,50,18,455,-0.4706087912087911,-214.12699999999995,64.83516483516483,60.21978021978022,18.021978021978022,21.75824175824176,
A_both,50,20,235,0.9290340425531914,218.32299999999998,65.1063829787234,59.57446808510638,17.4468085106383,22.97872340425532,
Flip_both,50,20,220,-1.2637181818181817,-278.018,60.90909090909091,55.45454545454545,19.545454545454547,25.0,
ALL,50,20,455,-0.1311978021978022,-59.69499999999999,63.07692307692308,57.582417582417584,18.46153846153846,23.956043956043956,
A_both,50,22,235,1.6685617021276595,392.11199999999997,64.68085106382978,56.59574468085106,17.4468085106383,25.957446808510635,
Flip_both,50,22,220,-1.9356499999999999,-425.84299999999996,57.72727272727273,50.0,20.454545454545453,29.545454545454547,
ALL,50,22,455,-0.0741340659340658,-33.730999999999995,61.31868131868132,53.40659340659341,18.9010989010989,27.692307692307693,
A_both,50,25,235,2.377617021276597,558.7400000000002,63.404255319148945,53.61702127659574,17.872340425531913,28.51063829787234,
Flip_both,50,25,220,-1.1887363636363637,-261.522,56.81818181818181,46.81818181818182,20.454545454545453,32.72727272727273,
ALL,50,25,455,0.653226373626374,297.2180000000002,60.21978021978022,50.32967032967033,19.12087912087912,30.54945054945055,
A_both,50,30,235,0.345480851063831,81.18800000000022,56.170212765957444,43.829787234042556,21.27659574468085,34.8936170212766,
Flip_both,50,30,220,-0.039677272727272124,-8.728999999999868,55.45454545454545,43.18181818181818,20.90909090909091,35.90909090909091,
ALL,50,30,455,0.15925054945055037,72.45900000000036,55.824175824175825,43.51648351648352,21.0989010989011,35.38461538461539,
A_both,50,35,235,-0.4406595744680849,-103.55499999999992,52.765957446808514,35.319148936170215,21.70212765957447,42.97872340425533,
Flip_both,50,35,220,0.33331818181818235,73.33000000000011,54.09090909090909,36.36363636363637,21.363636363636363,42.27272727272727,
ALL,50,35,455,-0.0664285714285711,-30.224999999999824,53.40659340659341,35.824175824175825,21.53846153846154,42.637362637362635,
A_both,50,40,235,-0.7228553191489363,-169.87100000000004,51.06382978723404,28.93617021276596,22.127659574468087,48.93617021276596,
Flip_both,50,40,220,1.2214954545454548,268.72900000000004,53.63636363636363,32.27272727272727,21.363636363636363,46.36363636363637,
ALL,50,40,455,0.21727032967032975,98.85800000000003,52.30769230769231,30.54945054945055,21.75824175824176,47.69230769230769,
A_both,50,50,235,-0.32148510638297817,-75.54899999999981,50.212765957446805,20.0,22.5531914893617,57.4468085106383,
Flip_both,50,50,220,1.793209090909091,394.50600000000003,52.27272727272727,23.636363636363637,21.363636363636363,55.0,
ALL,50,50,455,0.701004395604396,318.9570000000002,51.20879120879121,21.75824175824176,21.978021978021978,56.26373626373626,
A_both,50,60,235,0.9452212765957452,222.12700000000012,50.212765957446805,16.595744680851062,22.5531914893617,60.851063829787236,
Flip_both,50,60,220,2.3965,527.23,51.36363636363637,17.727272727272727,21.818181818181817,60.45454545454545,
ALL,50,60,455,1.646938461538462,749.3570000000002,50.76923076923077,17.142857142857142,22.197802197802197,60.65934065934066,
A_both,50,75,235,1.7895106382978732,420.5350000000002,49.787234042553195,11.48936170212766,22.5531914893617,65.95744680851064,
Flip_both,50,75,220,2.1445727272727275,471.80600000000004,51.36363636363637,10.0,21.818181818181817,68.18181818181819,
ALL,50,75,455,1.9611890109890115,892.3410000000002,50.54945054945055,10.76923076923077,22.197802197802197,67.03296703296704,
