set,sl,tp,n_tr,net_tr,exp_tr,pf_tr,dd_tr,mar_tr,r2_tr,t_tr,n_te,net_te,exp_te,pf_te,dd_te,mar_te,r2_te,n_f,net_f,exp_f,pf_f,dd_f,mar_f,r2_f,t_f
A_short_only,2,3,65,-65.41799999999999,-1.006430769230769,0.42196971035750264,68.42099999999999,-0.9561099662384356,0.9493396253938731,-3.367161505939651,36,-12.417000000000002,-0.3449166666666667,0.7523040095751047,27.110000000000007,-0.45802286978974543,0.8123944782559018,101,-77.83500000000001,-0.7706435643564358,0.5233735854602458,88.018,-0.8843077552318844,0.9649158552447857,-3.158626116515918
A_short_only,2,4,65,-62.841,-0.9667846153846154,0.46445828823684815,62.841,-1.0,0.9447806442556167,-2.8993418650064267,36,-12.07,-0.3352777777777778,0.778125,33.980000000000004,-0.3552089464390818,0.7704378560796699,101,-74.91100000000003,-0.741693069306931,0.5638141154412749,86.76100000000001,-0.8634178951372162,0.9627025528346899,-2.700228578557612
A_short_only,2,5,65,-57.735,-0.8882307692307693,0.5174998746427318,58.647,-0.9844493324466724,0.883855199944856,-2.404524337665439,36,-2.9770000000000003,-0.08269444444444446,0.9452757352941177,31.09,-0.09575426182052107,0.618890552117193,101,-60.71200000000001,-0.6011089108910892,0.6511967275276058,75.58399999999999,-0.8032387806943271,0.920556420780499,-1.9486621329649836
A_short_only,2,6,65,-60.059000000000005,-0.9239846153846154,0.5155555555555557,64.15100000000001,-0.9362129974591198,0.8574106225589093,-2.3137094270906586,36,6.560000000000001,0.18222222222222226,1.1205882352941177,29.64,0.22132253711201083,0.40320340894399925,101,-53.499,-0.5296930693069307,0.7000756832515767,75.601,-0.7076493697173318,0.8774402592695576,-1.5521518691801508
A_short_only,2,8,65,-45.259,-0.6962923076923077,0.642772011523738,59.68300000000001,-0.7583231405927985,0.7374349309000157,-1.3733838962175793,36,8.370000000000001,0.23250000000000004,1.143003587903639,35.629999999999995,0.23491439797923105,0.31069955020643125,101,-36.88899999999999,-0.3652376237623761,0.8008422189229315,76.46300000000001,-0.482442488523861,0.8174099357681016,-0.8722121891682953
A_short_only,2,10,65,-54.932,-0.8451076923076923,0.5806685547217917,58.752,-0.9349809368191722,0.8479859596953305,-1.6207791007894614,36,-2.2299999999999995,-0.061944444444444434,0.9646144081244051,36.49999999999999,-0.061095890410958906,0.29303187194898883,101,-57.162000000000006,-0.565960396039604,0.7053793700616949,91.43200000000003,-0.6251859305276051,0.9146971935153229,-1.3070700552744046
A_short_only,2,12,65,-42.419000000000004,-0.6526000000000001,0.6761883678501363,51.733000000000004,-0.8199601801558,0.6867745202644293,-1.1135985804262811,36,11.980000000000004,0.3327777777777779,1.1900983814662014,31.67,0.37827597095042637,0.049065427443929686,101,-30.439000000000004,-0.3013762376237624,0.8431133033362712,76.81300000000002,-0.3962740681915821,0.8118898925441469,-0.6034389998494193
A_short_only,2,15,65,-59.229,-0.9112153846153846,0.5620225832452137,68.00899999999999,-0.8708994397800293,0.8617100421276096,-1.5511507980558334,36,28.150000000000002,0.7819444444444446,1.4466835925103148,28.75,0.9791304347826087,0.011566904009096709,101,-31.078999999999997,-0.3077128712871287,0.8432356635208544,85.869,-0.36193504058507725,0.785950922236577,-0.5647924336176456
A_short_only,2,20,65,-31.153999999999996,-0.47929230769230763,0.7696272359557207,56.54900000000001,-0.5509204406797643,0.5855256593709239,-0.6193884192993263,36,-8.420000000000005,-0.23388888888888903,0.8787267751692351,46.019999999999996,-0.18296392872664072,0.28163572214880933,101,-39.57399999999999,-0.3918217821782177,0.8066382296751246,81.061,-0.488200244260495,0.7389199426848083,-0.6323737144068193
A_short_only,2,25,65,-35.178000000000004,-0.5412,0.7437555997465088,61.309000000000005,-0.5737819895936975,0.31486802934834485,-0.6452492337173265,36,5.82,0.16166666666666668,1.0838254356906236,46.019999999999996,0.12646675358539766,0.06169462667350633,101,-29.358000000000004,-0.2906732673267327,0.8579770019302124,95.21900000000001,-0.308320818324074,0.6715271320501144,-0.41433169004228637
A_short_only,2,30,65,-15.244999999999996,-0.23453846153846147,0.8889520188224325,56.549,-0.26958920582149987,0.02232236835163977,-0.23741242802900678,36,21.892999999999994,0.6081388888888887,1.3153247875558114,46.02,0.475727944372012,0.0010634940103582185,101,6.648000000000004,0.06582178217821787,1.0321605317517526,84.132,0.07901868492369139,0.29927368943983595,0.07912447720656396
A_short_only,2,40,65,-86.54999999999998,-1.3315384615384613,0.3880927299336127,89.45999999999998,-0.9674714956405097,0.7783565061609141,-1.8695688993024455,36,50.82,1.4116666666666666,1.731960247731528,46.019999999999996,1.1043024771838332,0.11828407496535798,101,-35.73,-0.35376237623762374,0.8305615228123089,108.30999999999999,-0.3298864370787554,0.6655244986107317,-0.4196011572389188
A_short_only,2,50,65,-103.03999999999999,-1.585230769230769,0.27150866426758474,103.03999999999999,-1.0,0.9274967813352964,-3.2676138613245387,36,65.6,1.822222222222222,1.9448365259974072,46.02,1.4254671881790524,0.17841633168484847,101,-37.43999999999999,-0.3706930693069306,0.8224523765489181,115.97999999999999,-0.3228142783238489,0.6433459845622982,-0.4300577257109249
A_short_only,3,3,65,-66.273,-1.0195846153846153,0.5229481291660067,72.61900000000001,-0.91261240171305,0.8941726135618987,-2.596112093454956,36,-12.814,-0.35594444444444445,0.7964319189159133,31.517000000000003,-0.4065742297807532,0.7590680519262076,101,-79.087,-0.7830396039603961,0.6082261268446367,91.18300000000002,-0.8673436934516301,0.9386422497669231,-2.483956377976294
A_short_only,3,4,65,-57.985,-0.8920769230769231,0.6009071387275281,68.44900000000001,-0.8471270581016521,0.906972981350388,-2.019048653602132,36,-10.417000000000003,-0.2893611111111112,0.849175438342479,37.137,-0.2805019253036057,0.6990428174111618,101,-68.40200000000002,-0.6772475247524754,0.6808997989354308,89.28600000000002,-0.7660999484801649,0.9327786082396373,-1.9009218863462032
A_short_only,3,5,65,-45.92499999999999,-0.7065384615384613,0.6904050856484133,64.02900000000001,-0.7172531196801447,0.8182251954985826,-1.4402305572347482,36,2.426,0.06738888888888889,1.0351253131017708,29.657000000000004,0.08180193546211686,0.41563006821167214,101,-43.49899999999998,-0.4306831683168315,0.7999181255347138,72.63300000000001,-0.5988875579970533,0.8417950588667519,-1.082820402758441
A_short_only,3,6,65,-51.37799999999999,-0.7904307692307692,0.674732203904885,71.119,-0.722422981200523,0.859068140836622,-1.4906027515752795,36,7.143000000000003,0.19841666666666677,1.099047381338658,28.527,0.2503943632348303,0.07972958484555001,101,-44.235,-0.43797029702970297,0.8077349363028254,81.435,-0.5431939583717075,0.8484743982650621,-1.0094608886132563
A_short_only,3,8,65,-42.10499999999999,-0.6477692307692307,0.74797988866942,66.194,-0.6360848415264222,0.8401926165632673,-1.010321538810123,36,13.206999999999997,0.366861111111111,1.1689652525459289,27.987000000000002,0.47189766677385914,0.00018852823250730823,101,-28.897999999999996,-0.2861188118811881,0.8821615273575442,71.95499999999998,-0.40161211868528945,0.7465434059029709,-0.5498192413038383
A_short_only,3,10,65,-45.821000000000005,-0.7049384615384616,0.7353330214235791,67.35700000000001,-0.6802707959083688,0.8449328505497025,-1.0345492634828475,36,-6.733999999999994,-0.1870555555555554,0.9231576785265994,37.59399999999999,-0.17912432835026856,0.14495481481160521,101,-52.555000000000014,-0.5203465346534655,0.7984552904767199,93.47800000000001,-0.5622178480498086,0.8913109813617554,-0.9500661391552677
A_short_only,3,12,65,-38.545,-0.593,0.7812478717849763,67.471,-0.5712824769160083,0.7700861163084805,-0.796468094075255,36,11.596000000000004,0.32211111111111124,1.1323230709541958,33.343999999999994,0.3477687140115165,0.009386512837628804,101,-26.949,-0.26682178217821784,0.897857776362768,83.905,-0.3211846731422442,0.7723980483518036,-0.4333019423404209
A_short_only,3,15,65,-45.918000000000006,-0.7064307692307693,0.7484510329186319,68.142,-0.6738575327991548,0.7740065722360331,-0.8838972407619893,36,33.96600000000001,0.9435000000000002,1.3875892918273731,32.023999999999994,1.0606420184861358,0.2318348492078248,101,-11.951999999999995,-0.11833663366336629,0.9557620061071526,92.97900000000001,-0.12854515535766134,0.7054394155784104,-0.17144583202133812
A_short_only,3,20,65,-12.106000000000003,-0.1862461538461539,0.9336806525657249,56.642,-0.21372832880194914,0.0653017305267961,-0.1860426127023891,36,3.8660000000000014,0.10738888888888892,1.0397597548182733,37.56699999999999,0.10290946841642937,0.04566786239132614,101,-8.239999999999998,-0.08158415841584157,0.9705477615941381,68.191,-0.12083706060917127,0.30694656794561986,-0.10153337183691827
A_short_only,3,25,65,-28.602000000000007,-0.44003076923076934,0.845961622352314,75.83500000000001,-0.3771609415177689,0.10524824553662672,-0.41932247608603324,36,0.12600000000000833,0.0035000000000002312,1.0012569330832768,40.277,0.003128336271321308,0.006145896113194195,101,-28.475999999999992,-0.28194059405940586,0.9004074495059894,100.78199999999998,-0.2825504554384711,0.5413164395738348,-0.3289586053350949
A_short_only,3,30,65,-33.69699999999999,-0.5184153846153844,0.8214141863817519,75.83500000000001,-0.44434627810377775,0.2545166247386745,-0.4615410325052253,36,-11.940999999999999,-0.3316944444444444,0.8843643476913542,68.41699999999999,-0.17453264539515034,0.2740623898299858,101,-45.63799999999999,-0.45186138613861376,0.8436797829780238,112.905,-0.4042159337496124,0.6558890305775845,-0.49697852460100245
A_short_only,3,40,65,-101.039,-1.5544461538461538,0.49192165539436294,104.56800000000001,-0.9662516257363628,0.8684797219719083,-1.581082170254273,36,16.985999999999997,0.47183333333333327,1.1644910133250699,68.417,0.24827162839645112,0.019916802026093656,101,-84.053,-0.8322079207920792,0.7217976427287681,150.546,-0.5583210447305142,0.8300663473895452,-0.869497245608005
A_short_only,3,50,65,-106.48899999999999,-1.6382923076923075,0.4645161290322581,121.058,-0.8796527284442167,0.8822601928229281,-1.6864734196417095,36,31.766000000000002,0.8823888888888889,1.307619305856833,68.417,0.4642998085271205,2.101194461882695e-05,101,-74.723,-0.7398316831683168,0.752678491637678,146.09599999999998,-0.5114650640674626,0.7410379557503638,-0.7222329712016492
A_short_only,4,3,65,-91.28999999999999,-1.4044615384615384,0.4632273390093607,98.55600000000001,-0.9262754170217945,0.9355472367763332,-3.090841684477188,36,-31.651,-0.8791944444444444,0.6129927614203268,49.794,-0.6356388319877897,0.8893144689520166,101,-122.941,-1.2172376237623763,0.5118599517184422,135.39700000000002,-0.9080038701005191,0.9698644192690228,-3.3546447052933943
A_short_only,4,4,65,-73.669,-1.1333692307692307,0.5769115907237455,90.07299999999998,-0.8178810520355713,0.9063693761169989,-2.210116049445925,36,-31.254000000000005,-0.8681666666666668,0.652362520021356,57.414,-0.5443620022990909,0.8586176941342638,101,-104.923,-1.0388415841584158,0.6026035314703855,131.187,-0.7997972360066165,0.9585179713905108,-2.54481552783683
A_short_only,4,5,65,-69.569,-1.0702923076923077,0.6181702424272362,86.10299999999998,-0.807974170470251,0.8604079579136898,-1.9220817040107236,36,-18.410999999999998,-0.5114166666666666,0.7952148958889481,49.934,-0.36870669283454155,0.7588141184155044,101,-87.98,-0.8710891089108911,0.6766665564142991,115.53399999999999,-0.7615074350407673,0.9281161992742976,-1.9474424491461204
A_short_only,4,6,65,-65.632,-1.009723076923077,0.6553230820939419,81.77699999999999,-0.8025728505570028,0.8489989564072173,-1.6617543785001379,36,-14.654000000000007,-0.4070555555555557,0.8439636262963988,43.194,-0.33926008241885464,0.5852387352477441,101,-80.286,-0.794910891089109,0.7176309218161996,110.34899999999999,-0.7275643639724874,0.9297273728409602,-1.628843683257862
A_short_only,4,8,65,-53.56499999999998,-0.8240769230769228,0.7358936178605237,69.27299999999997,-0.7732449872244599,0.824919523364821,-1.134542003241309,36,-10.722999999999995,-0.29786111111111097,0.8949693419789604,41.013,-0.26145368541681896,0.4608231190313532,101,-64.28799999999997,-0.6365148514851482,0.7891574562985798,94.21199999999999,-0.6823759181420623,0.9070202649735634,-1.1009361982996513
A_short_only,4,10,65,-51.870999999999995,-0.7980153846153846,0.754041148829027,70.77799999999999,-0.7328689705840798,0.7984738881410735,-1.0137480228185625,36,-33.76099999999999,-0.9378055555555552,0.7055581235119178,62.12099999999999,-0.5434716118542843,0.5934363161160516,101,-85.63199999999999,-0.8478415841584157,0.736965296079913,124.055,-0.6902744750312361,0.9109973659252724,-1.375977065621187
A_short_only,4,12,65,-56.597999999999985,-0.8707384615384614,0.7416678077502398,81.03799999999998,-0.6984130901552358,0.8058300597136867,-1.0372685464286493,36,-15.43099999999999,-0.4286388888888886,0.8654206748589321,52.38099999999999,-0.2945915503713177,0.2868168154892339,101,-72.02899999999997,-0.7131584158415838,0.7841834181770242,120.99500000000002,-0.5953055911401294,0.9003266771666939,-1.0530437311177328
A_short_only,4,15,65,-60.54799999999999,-0.9315076923076921,0.7339333031590697,82.48299999999998,-0.7340664136852443,0.7550691475993144,-1.022213674498753,36,6.939000000000003,0.1927500000000001,1.060517525575392,46.17099999999999,0.15028914253535777,0.006760629439295927,101,-53.60899999999997,-0.5307821782178215,0.8433529693654523,125.703,-0.4264735129630953,0.848824818104539,-0.7003818074387208
A_short_only,4,20,65,-16.63299999999999,-0.25589230769230753,0.9269094376601178,70.939,-0.23446905087469502,0.04963393916558831,-0.22571946782702204,36,-1.737999999999996,-0.04827777777777767,0.9858734790418675,40.951,-0.04244096603257542,0.13091015202228806,101,-18.37099999999998,-0.1818910891089107,0.9476009560807535,86.00199999999998,-0.2136113113648518,0.3337900192124364,-0.2005920895664775
A_short_only,4,25,65,-53.14499999999998,-0.8176153846153843,0.7744145474920092,85.765,-0.6196583687984607,0.29886883728602054,-0.7062749937916223,36,-1.180999999999992,-0.03280555555555534,0.9907089079623321,37.14,-0.0317985998922992,0.05254309252221883,101,-54.32599999999996,-0.5378811881188115,0.8502169849296106,107.462,-0.5055368409298167,0.6291338270801685,-0.5610596632258802
A_short_only,4,30,65,-54.26699999999998,-0.8348769230769228,0.7735799460934436,89.6,-0.605658482142857,0.3304166546474145,-0.6661148290167557,36,-9.788,-0.2718888888888889,0.9253855360151242,56.034000000000006,-0.1746796587785987,0.0981541244793047,101,-64.05499999999998,-0.634207920792079,0.8272775073815912,109.61699999999999,-0.5843527919939424,0.6508881348599863,-0.6143909685187366
A_short_only,4,40,65,-111.68799999999999,-1.7182769230769228,0.5546854752857776,125.95700000000001,-0.8867153076049762,0.7471324851532228,-1.4204637896094148,36,29.109,0.8085833333333334,1.2218995128867751,49.46,0.588536190861302,0.12872004019266925,101,-82.57899999999998,-0.8176138613861385,0.7838178162664795,144.332,-0.5721461630130531,0.6678357533395882,-0.715921869775491
A_short_only,4,50,65,-108.37799999999999,-1.667353846153846,0.567882874082462,142.447,-0.7608303439173867,0.6392299721171333,-1.3021462700619844,36,-0.3210000000000086,-0.008916666666666906,0.9976283884123501,90.274,-0.003555841105966376,0.16439753989598224,101,-108.69899999999997,-1.076227722772277,0.7185115936999881,175.33200000000008,-0.6199609882964885,0.7054489072661657,-0.9251086229514114
A_short_only,5,3,65,-106.53,-1.638923076923077,0.452065363309519,118.65300000000003,-0.8978281206543448,0.925280929263444,-3.143850966994468,36,-19.221,-0.5339166666666667,0.7670859386360332,40.674,-0.4725623248266706,0.7757306526573905,101,-125.75099999999999,-1.245059405940594,0.5459351134701836,145.204,-0.866029861436324,0.9530284327167544,-2.9690392980256477
A_short_only,5,4,65,-106.83200000000001,-1.643569230769231,0.4945615404631798,127.32600000000002,-0.8390430862510405,0.9404650848836055,-2.8433695914859025,36,-26.384000000000007,-0.7328888888888891,0.7300151446932175,55.794,-0.47288238878732497,0.7625683847823264,101,-133.216,-1.318970297029703,0.5690043967918627,166.82,-0.7985613235823044,0.9607560231158961,-2.8302573154879043
A_short_only,5,5,65,-104.492,-1.6075692307692309,0.529595015576324,125.05600000000004,-0.8355616683725688,0.918485390381553,-2.5772539893317594,36,-11.14,-0.30944444444444447,0.886005484834841,46.883,-0.23761278075208497,0.5708849038150242,101,-115.632,-1.144871287128713,0.6384873192936822,151.43600000000004,-0.7635700890145011,0.9334603259098886,-2.2571583785996747
A_short_only,5,6,65,-101.51800000000001,-1.5618153846153848,0.5630288995445976,119.88600000000002,-0.8467877817259729,0.9189243533985568,-2.3140052281690378,36,-5.092999999999998,-0.14147222222222217,0.9504205443713253,39.113,-0.13021246132999253,0.24612589762230214,101,-106.61100000000002,-1.0555544554455447,0.6818019018284056,145.54900000000004,-0.7324749740637173,0.9280565623004235,-1.9161458638405202
A_short_only,5,8,65,-90.085,-1.3859230769230768,0.6358230314594568,110.031,-0.8187238141978169,0.9225223198812755,-1.7470793298390779,36,2.6400000000000023,0.0733333333333334,1.023366140338455,34.86,0.07573149741824448,0.05209322535338664,101,-87.445,-0.8657920792079207,0.7573331483280142,134.93800000000005,-0.6480383583571712,0.9067979399900616,-1.3418680637307028
A_short_only,5,10,65,-88.418,-1.3602769230769232,0.6565757787617496,114.19400000000005,-0.774278858784174,0.9351547692030424,-1.5868121849503831,36,-32.778,-0.9105,0.7553296309566464,73.558,-0.44560754778542094,0.4915723406791296,101,-121.19600000000003,-1.1999603960396041,0.6903747304740592,182.05900000000005,-0.6656962852701597,0.9567556970306497,-1.7503275510314997
A_short_only,5,12,65,-75.438,-1.1605846153846153,0.7125733445096398,108.727,-0.6938294995723233,0.9083916412998715,-1.2401637381144421,36,-28.27799999999999,-0.7854999999999998,0.797374568279855,61.76800000000001,-0.4578098691879288,0.4750538811744893,101,-103.71600000000002,-1.0268910891089111,0.7420115517215649,161.22200000000004,-0.643311706839017,0.9504958153269574,-1.3639597016910645
A_short_only,5,15,65,-78.128,-1.2019692307692307,0.7136143867276132,105.59100000000001,-0.7399115454915665,0.8798574113809647,-1.186401019512361,36,-2.957999999999995,-0.08216666666666653,0.978804511385947,48.37799999999999,-0.06114349497705559,0.03452476288523433,101,-81.08599999999998,-0.8028316831683167,0.8033635250324347,153.969,-0.5266384791743792,0.911798850809298,-0.9579114184767682
A_short_only,5,20,65,-29.403000000000002,-0.45235384615384616,0.8922205075382962,72.891,-0.4033831337202124,0.31574333723326337,-0.36584919911180896,36,-8.294999999999998,-0.2304166666666666,0.9445625150372924,36.151,-0.22945423363115813,0.23135973609222307,101,-37.698000000000015,-0.3732475247524754,0.9107602353024725,97.588,-0.38629749559372073,0.6143382984842376,-0.37537476629370836
A_short_only,5,25,65,-63.09199999999999,-0.9706461538461537,0.7770813385295398,83.834,-0.7525824844335233,0.47194924898117546,-0.7577473522853678,36,-4.017999999999993,-0.11161111111111091,0.9741038167545341,47.0,-0.08548936170212751,0.14228744190313558,101,-67.11,-0.6644554455445545,0.8468455104579117,115.20500000000001,-0.582526800052081,0.7025410381913327,-0.6239557884466039
A_short_only,5,30,65,-59.461,-0.9147846153846153,0.7936055592966184,91.38300000000001,-0.6506790103192059,0.36892703445770675,-0.654622468851852,36,-8.504999999999995,-0.23624999999999988,0.9468961900123627,62.38000000000001,-0.13634177621032373,0.0027367577667045976,101,-67.966,-0.6729306930693069,0.8483754673710324,117.709,-0.5774069952170182,0.6287499742808759,-0.5807487622074319
A_short_only,5,40,65,-108.199,-1.6646,0.6397701432609428,131.983,-0.8197949735950841,0.5992370291985507,-1.1708871721348975,36,40.141999999999996,1.1150555555555555,1.2506399930069054,62.38,0.6435075344661749,0.3696091493611637,101,-68.05699999999999,-0.6738316831683168,0.8522167380716106,153.66600000000003,-0.442889123163224,0.4437327040373128,-0.5134562449760909
A_short_only,5,50,65,-94.009,-1.4462923076923078,0.6870132940028831,148.47299999999998,-0.6331723613047491,0.3783835304071212,-0.9247325094276568,36,53.974999999999994,1.4993055555555554,1.3370109516852104,62.38,0.8652613016992624,0.42748099311275967,101,-40.034,-0.39637623762376234,0.9130676475889159,148.47299999999998,-0.2696382507257212,0.1388182745328167,-0.27674650729568084
A_short_only,6,3,65,-120.349,-1.851523076923077,0.439593393340256,132.47200000000004,-0.9084863216377799,0.9478728294208906,-3.1974338184818643,36,-25.480999999999998,-0.7078055555555555,0.7227734621494007,44.634000000000015,-0.5708876641125598,0.7835573572133616,101,-145.82999999999996,-1.4438613861386134,0.5244679081870565,164.15300000000008,-0.8883785249127332,0.9682025144306032,-3.1064593233698226
A_short_only,6,4,65,-131.091,-2.0167846153846156,0.45409229846668947,147.688,-0.8876212014517091,0.9574341536973858,-3.176800469035848,36,-35.224,-0.9784444444444443,0.6815017089534695,63.504000000000005,-0.554673721340388,0.7612745999435205,101,-166.315,-1.6466831683168317,0.5258006204238043,194.892,-0.8533700716294152,0.9714210708567852,-3.2064147117594834
A_short_only,6,5,65,-129.481,-1.9920153846153845,0.48665707228691163,145.141,-0.892104918665298,0.9457522978972919,-2.928561513358538,36,-18.72,-0.52,0.8307322277881262,53.282999999999994,-0.3513315691684027,0.5822117654038401,101,-148.20099999999996,-1.467336633663366,0.5915358643974369,177.921,-0.8329595719448518,0.9533754753631029,-2.642487759137352
A_short_only,6,6,65,-116.144,-1.7868307692307692,0.5515692989602357,140.758,-0.8251324969095895,0.9065036498320124,-2.4121664622413803,36,-13.003,-0.36119444444444443,0.8885336122207556,49.413,-0.26314937364661123,0.2925493987630083,101,-129.14699999999996,-1.2786831683168314,0.656208489172246,177.781,-0.7264387082984118,0.9369220045269445,-2.1201794898537454
A_short_only,6,8,65,-104.034,-1.600523076923077,0.6249472754474827,123.41199999999999,-0.8429812335915471,0.916171384421207,-1.852120724829867,36,-5.446999999999998,-0.1513055555555555,0.9578049592922822,44.224,-0.1231684153400868,0.08525034501323374,101,-109.481,-1.083970297029703,0.7306581446383058,162.85999999999996,-0.672239960702444,0.9245904734288595,-1.5453296518855968
A_short_only,6,10,65,-100.45200000000001,-1.5454153846153849,0.6530778582085429,123.328,-0.8145108977685522,0.9377197738751041,-1.6504170421795024,36,-59.07100000000001,-1.6408611111111115,0.6314075164887276,97.67099999999999,-0.604795691658732,0.6939595453034687,101,-159.52300000000005,-1.579435643564357,0.6453570706048959,218.20600000000007,-0.7310660568453663,0.9580661502962599,-2.1281578806870547
A_short_only,6,12,65,-84.04,-1.292923076923077,0.7156699552054999,114.42899999999997,-0.7344292093787417,0.8934701103579163,-1.2631999287140117,36,-55.401,-1.5389166666666667,0.6676225844577366,86.20100000000001,-0.6426955603763297,0.7240315901133975,101,-139.44099999999995,-1.3806039603960392,0.6983448457879127,194.25700000000003,-0.7178171185594338,0.9541743569461171,-1.6973731141537411
A_short_only,6,15,65,-81.887,-1.2598,0.7338384380109146,112.64,-0.7269797585227272,0.8359832677361946,-1.1268468237964477,36,-30.081,-0.8355833333333333,0.8195295204612403,72.49100000000001,-0.4149618573340138,0.3888094806932999,101,-111.96799999999993,-1.10859405940594,0.7639499093477253,185.13099999999997,-0.6048041656988832,0.9244336794549147,-1.2242723530024824
A_short_only,6,20,65,-23.883999999999993,-0.36744615384615376,0.9223685964005605,71.303,-0.33496486823836297,0.11796452115008699,-0.27124020779008917,36,-37.73799999999999,-1.0482777777777776,0.789256775245573,47.92700000000001,-0.7874058463913867,0.10151308887168836,101,-61.622000000000014,-0.6101188118811882,0.8733959279271877,117.24900000000001,-0.5255652500234544,0.6738313619275059,-0.5701520880922328
A_short_only,6,25,65,-46.55999999999999,-0.7163076923076921,0.8543948913121662,85.217,-0.5463698557799499,0.15126913562142102,-0.49385990462697243,36,-33.94099999999999,-0.9428055555555552,0.8166154278397028,55.2,-0.6148731884057969,0.07632990705456129,101,-80.50099999999999,-0.797039603960396,0.8405447162523523,138.007,-0.583310991471447,0.6849743002510809,-0.6850884705908967
A_short_only,6,30,65,-71.317,-1.0971846153846152,0.7852434481741012,112.00100000000002,-0.6367532432746135,0.2391500701717684,-0.7200608873961717,36,-39.54800000000001,-1.0985555555555557,0.793160077614657,73.55000000000001,-0.5377022433718559,0.29401054324842485,101,-110.86499999999995,-1.0976732673267322,0.788136079069874,155.27800000000002,-0.713977511302309,0.6769120430372089,-0.8890870893112374
A_short_only,6,40,65,-112.76799999999999,-1.7348923076923075,0.6733539958868,153.481,-0.7347358956483212,0.3394607005521638,-1.0892846942615335,36,9.098999999999997,0.2527499999999999,1.047588663239209,73.55000000000001,0.12371176070700197,0.07403558537458224,101,-103.66899999999998,-1.0264257425742573,0.8067430853175899,167.382,-0.6193557252273242,0.4931351871983368,-0.7322431227017462
A_short_only,6,50,65,-86.94500000000001,-1.3376153846153847,0.7481534049763926,169.97099999999998,-0.5115284372039938,0.0975127329191399,-0.7444922565413762,36,22.931999999999995,0.6369999999999999,1.1199366112101925,73.55000000000001,0.3117878993881712,0.14298103283708527,101,-64.01299999999998,-0.6337920792079206,0.8806687160138025,169.97099999999998,-0.3766113042813185,0.11059210054773211,-0.40878300066077916
A_short_only,8,3,65,-125.66,-1.933230769230769,0.4733952720399961,144.225,-0.8712775177673774,0.8947539633559526,-2.728769458277772,36,-10.94400000000001,-0.30400000000000027,0.8777302333895675,50.007000000000005,-0.21884936108944764,0.34625627202329645,101,-136.60399999999998,-1.3525148514851484,0.5836893913997502,172.03900000000002,-0.7940292608071424,0.9390779627722899,-2.43242896117729
A_short_only,8,4,65,-137.622,-2.1172615384615385,0.4926639731036924,162.09599999999995,-0.8490153982824996,0.9283403343804641,-2.7249746309319276,36,-9.456999999999997,-0.26269444444444434,0.910417081095418,48.537000000000006,-0.1948410490965654,0.49856169991313287,101,-147.07899999999998,-1.456227722772277,0.6096950622427559,182.12299999999996,-0.8075805911389556,0.9430101715487212,-2.358919944634546
A_short_only,8,5,65,-111.487,-1.7151846153846153,0.5890092308599741,144.062,-0.7738820785495133,0.8822614572119231,-2.0641363001811346,36,-1.6029999999999989,-0.04452777777777775,0.985894920235466,49.93600000000001,-0.03210108939442484,0.2729306629683136,101,-113.08999999999999,-1.1197029702970296,0.7061918209664053,168.44500000000005,-0.6713764136661816,0.9228248449651277,-1.6905713129480504
A_short_only,8,6,65,-92.979,-1.430446153846154,0.6672118943141228,136.35899999999998,-0.6818691835522409,0.7845085765682052,-1.5981070517048583,36,20.387,0.5663055555555556,1.1793888092074583,46.866000000000014,0.43500618785473466,0.0032499712415911585,101,-72.59199999999998,-0.7187326732673266,0.8153068000539383,152.452,-0.47616298900637566,0.8543453882401089,-1.0062135575825202
A_short_only,8,8,65,-89.504,-1.3769846153846155,0.7129543216884585,106.552,-0.8400030032284705,0.8246437315535781,-1.3384858472481889,36,34.62999999999999,0.9619444444444442,1.2669513736856712,40.597,0.8530186959627556,0.0942073818215532,101,-54.874000000000045,-0.5433069306930698,0.875719931602251,121.669,-0.45101052856520596,0.7972578628016497,-0.6572859762049623
A_short_only,8,10,65,-78.265,-1.204076923076923,0.7612911293569364,98.62800000000001,-0.793537332197753,0.6948120280853932,-1.0742920667697058,36,-16.90800000000001,-0.4696666666666669,0.90047736489867,67.651,-0.24992978669938373,0.4270494451861599,101,-95.173,-0.9423069306930694,0.8087970282807542,156.166,-0.6094348321657723,0.8813071739522375,-1.0479789734558314
A_short_only,8,12,65,-111.50000000000003,-1.7153846153846157,0.690293263114622,136.202,-0.8186370244196123,0.870993474696156,-1.4453224280500083,36,-5.922999999999998,-0.16452777777777772,0.9667118152542278,54.443,-0.10879268225483531,0.3162795258882002,101,-117.42300000000002,-1.1626039603960399,0.7817209438069409,178.189,-0.6589800717215991,0.929240646441267,-1.2006668362259039
A_short_only,8,15,65,-81.501,-1.2538615384615386,0.7785948688971714,109.244,-0.7460455494123247,0.5404490531270443,-0.9501351300825175,36,10.878999999999996,0.3021944444444443,1.0583853465070223,47.17099999999999,0.2306289881494986,0.05849964740577192,101,-70.622,-0.6992277227722772,0.8726244005201654,156.41500000000002,-0.45150401176357763,0.7911867790707667,-0.6469235453369937
A_short_only,8,20,65,-40.67100000000001,-0.6257076923076924,0.8918683948155534,70.267,-0.578806552151081,0.03547930718300346,-0.40885975577526146,36,19.551999999999992,0.5431111111111109,1.0966289580460709,32.489999999999995,0.6017851646660509,0.6434842500373181,101,-21.11900000000002,-0.2090990099009903,0.963491372008035,102.757,-0.20552371128001032,0.31062857221566476,-0.1667682584161853
A_short_only,8,25,65,-56.64699999999999,-0.8714923076923076,0.8555715615160051,96.87799999999999,-0.5847251181898883,0.005550545278018106,-0.5263757446463689,36,40.74900000000001,1.131916666666667,1.1934431832747057,32.489999999999995,1.2542012927054482,0.7755090950871875,101,-15.898000000000007,-0.15740594059405946,0.9736292973894696,129.368,-0.12288974089419337,0.19830736855530598,-0.11334810158334324
A_short_only,8,30,65,-75.19400000000002,-1.1568307692307696,0.8158372969027827,96.878,-0.7761720927351929,0.020851980955034443,-0.6561958736986746,36,53.754999999999995,1.4931944444444443,1.2457247864107406,48.233999999999995,1.1144628270514576,0.5904898981680213,101,-21.438999999999997,-0.21226732673267323,0.9658104528572088,129.368,-0.16572104384391811,0.03506976736182717,-0.1405517893603456
A_short_only,8,40,65,-148.51100000000002,-2.284784615384616,0.6565814697224414,163.35399999999998,-0.9091359868751303,0.43264983715919997,-1.26629883387454,36,93.24900000000001,2.59025,1.410262614885763,73.13400000000001,1.275043071621954,0.5136375214493033,101,-55.26200000000004,-0.5471485148514855,0.9162366993057871,195.844,-0.28217356671636634,0.10990809158582038,-0.3254866176633002
A_short_only,8,50,65,-127.26800000000003,-1.9579692307692311,0.705704025214534,168.26799999999994,-0.756341074951863,0.21435452160319549,-0.9957464585651454,36,136.92200000000003,3.8033888888888896,1.6024083663673443,73.13400000000001,1.8722071813383652,0.6113624716078913,101,9.653999999999991,0.09558415841584149,1.014633037257101,174.60099999999994,0.05529177954307246,0.043027929187798485,0.05114193815919975
A_short_only,10,3,65,-117.68200000000002,-1.8104923076923078,0.5224836272449136,143.477,-0.8202150867386411,0.8680887237059751,-2.2356064725058107,36,-19.204,-0.5334444444444445,0.809691804578337,63.849999999999994,-0.3007674236491778,0.2969983052120934,101,-136.886,-1.3553069306930692,0.6059201510841903,185.134,-0.7393887670552141,0.9305307107578846,-2.145012901101992
A_short_only,10,4,65,-131.479,-2.0227538461538463,0.5425926441324221,164.183,-0.8008076353824697,0.914671452054132,-2.2533066825220494,36,-20.486999999999995,-0.5690833333333332,0.8305879434383527,62.38,-0.3284225713369669,0.4846193186853401,101,-151.966,-1.5046138613861386,0.6278754279165666,198.053,-0.7672996622116303,0.9485575070864828,-2.13204603799888
A_short_only,10,5,65,-101.58099999999999,-1.5627846153846152,0.6466059475932703,143.386,-0.7084443390568116,0.8515445451227305,-1.6447710222634855,36,-13.346000000000004,-0.37072222222222234,0.898067669747193,65.699,-0.2031385561424071,0.28281786457757147,101,-114.927,-1.137891089108911,0.7253008074115503,183.53199999999998,-0.6261959767234053,0.9217584467173149,-1.5141656917312778
A_short_only,10,6,65,-62.27499999999999,-0.9580769230769229,0.7833491045212285,115.965,-0.5370154788082611,0.6933834597571736,-0.9417183387334844,36,9.273999999999997,0.257611111111111,1.070831742152295,62.629000000000005,0.1480783662520557,0.03148527163644687,101,-53.00099999999999,-0.5247623762376237,0.8733166975003225,147.821,-0.35854851475771365,0.8274042100881045,-0.6535714457831884
A_short_only,10,8,65,-65.44000000000001,-1.0067692307692309,0.8042658323637353,92.14600000000002,-0.7101773272849609,0.6978929792239219,-0.8575237952580921,36,20.643999999999995,0.5734444444444443,1.1360216116492061,57.489999999999995,0.3590885371368933,0.01142525532401289,101,-44.79600000000002,-0.44352475247524775,0.9078463117747134,127.59600000000003,-0.3510768362644598,0.7245058335449139,-0.4769557303155227
A_short_only,10,10,65,-52.382999999999996,-0.8058923076923076,0.8521707474008602,79.79399999999998,-0.6564779306714792,0.3355789861560207,-0.6334799549854497,36,-18.86400000000001,-0.5240000000000004,0.9019782069868587,61.837,-0.30506007729999857,0.4560347433683042,101,-71.24699999999999,-0.7054158415841583,0.8697007105039369,123.08,-0.578867403314917,0.7250890014051691,-0.6935926768599113
A_short_only,10,12,65,-84.72399999999999,-1.3034461538461537,0.7854806202335497,110.91999999999999,-0.7638297872340425,0.7005550516543098,-0.9542226151289014,36,-6.086000000000007,-0.16905555555555576,0.9699392957516906,57.39,-0.10604634953824721,0.32708036476553837,101,-90.80999999999997,-0.8991089108910888,0.8479925678559772,145.982,-0.6220629940677616,0.8270818071882426,-0.8162855169787611
A_short_only,10,15,65,-118.55199999999998,-1.8238769230769227,0.7279369916833429,151.218,-0.7839807430332367,0.8523918519898303,-1.2393599839267526,36,-10.471000000000004,-0.29086111111111124,0.9529824340829083,66.997,-0.15629058017523179,0.00016460808699949643,101,-129.02300000000002,-1.2774554455445546,0.8040522069811802,218.21500000000003,-0.5912654950392962,0.8949130588859908,-1.0649446718257936
A_short_only,10,20,65,-55.65899999999999,-0.8562923076923076,0.8722690888395237,93.83200000000001,-0.5931771677039814,0.45725637256796375,-0.5063916878594185,36,-1.008000000000008,-0.028000000000000223,0.9958526028208884,41.454,-0.024316109422492595,0.4643237439529412,101,-56.66699999999999,-0.5610594059405939,0.916518364869563,135.286,-0.4188681755687949,0.6274928685286456,-0.40635221221161544
A_short_only,10,25,65,-101.33800000000002,-1.5590461538461542,0.782854277645163,141.895,-0.7141759751929244,0.4029018048064485,-0.8656835803185131,36,58.896000000000015,1.6360000000000003,1.2423264923223778,40.487,1.4546891594832911,0.7843327391008571,101,-42.44200000000002,-0.4202178217821784,0.9401994572553353,182.382,-0.23270936824905977,0.47081930436210856,-0.27436841028255643
A_short_only,10,30,65,-109.35499999999999,-1.6823846153846151,0.7707052979646438,144.128,-0.7587352908525755,0.3694521585944207,-0.8782985989642614,36,80.022,2.2228333333333334,1.3161875108659578,41.64699999999999,1.921434917280957,0.7736776459707808,101,-29.332999999999974,-0.2904257425742572,0.9598179733507948,184.615,-0.15888741434877973,0.3123452378691106,-0.1741502809250708
A_short_only,10,40,65,-178.806,-2.7508615384615385,0.6474457433656761,223.55200000000002,-0.7998407529344402,0.6903805275933844,-1.3757948997206977,36,113.23600000000003,3.145444444444445,1.430172394143614,41.287,2.7426550730254085,0.8366803565754992,101,-65.57000000000002,-0.6492079207920795,0.9148891430114212,264.03900000000004,-0.2483345263389121,0.383185716444423,-0.35096683290192743
A_short_only,10,50,65,-191.706,-2.949323076923077,0.6220106354242044,206.549,-0.9281381173474574,0.5440268421102388,-1.4403083552444598,36,165.009,4.583583333333333,1.6268529141372314,41.28699999999999,3.9966333228376976,0.8669880692498783,101,-26.69700000000004,-0.26432673267326773,0.9653468880734469,247.03600000000003,-0.10806926925630286,0.05000049323188,-0.13201920928456726
A_short_only,12,3,65,-102.258,-1.5732,0.5799716580066131,130.09,-0.7860558075178722,0.736077357776435,-1.7806702193185255,36,-9.214000000000002,-0.25594444444444453,0.9053226469379368,53.13,-0.1734236777715039,0.21018721815782213,101,-111.472,-1.1036831683168316,0.672886802142176,154.877,-0.7197453463070694,0.8885882106045955,-1.6097425429166874
A_short_only,12,4,65,-119.03800000000001,-1.8313538461538463,0.5918925683018895,147.865,-0.8050451425286579,0.8742152721699451,-1.854033058010283,36,-12.386999999999997,-0.34408333333333324,0.8984255842558424,55.797000000000004,-0.22200118285929343,0.4399129488087915,101,-131.42500000000004,-1.3012376237623766,0.6822666470035029,166.302,-0.7902791307380551,0.928228043424254,-1.6802612718921532
A_short_only,12,5,65,-85.58999999999999,-1.3167692307692307,0.7065650037883593,126.468,-0.6767719897523483,0.7569738813407426,-1.2670349102602447,36,-6.176000000000003,-0.17155555555555563,0.9538932437476672,50.259,-0.12288346365825031,0.2624091077446196,101,-91.76599999999999,-0.9085742574257425,0.7844011155150095,147.954,-0.6202333157603038,0.8895090593926952,-1.1066636012837396
A_short_only,12,6,65,-41.303999999999995,-0.6354461538461538,0.85839421563821,98.65700000000001,-0.4186626392450611,0.45028932547022116,-0.5746284739113281,36,18.324000000000005,0.5090000000000001,1.1367973124300113,48.189,0.3802527547780615,0.001640324860116249,101,-22.980000000000004,-0.22752475247524756,0.9460098253659842,109.97300000000001,-0.20896038118447258,0.6884056656891422,-0.26112726524928814
A_short_only,12,8,65,-45.78900000000001,-0.7044461538461539,0.8681230379309351,73.977,-0.6189626505535505,0.6089860193924446,-0.5504326006185892,36,30.47399999999999,0.8464999999999997,1.1918534374213046,48.370000000000005,0.6300186065743226,0.1605573898707691,101,-15.315000000000033,-0.15163366336633696,0.9697361920758816,85.05100000000002,-0.18006842953051735,0.5270919572932934,-0.1498187142294785
A_short_only,12,10,65,-27.93299999999998,-0.4297384615384612,0.9247739826188122,55.035,-0.5075497410738617,0.0213460707587281,-0.30865341785441186,36,-13.796999999999999,-0.38325,0.9336076223473365,68.26000000000002,-0.202124230881922,0.4288369668555131,101,-41.73,-0.41316831683168315,0.9279437640188489,90.66300000000001,-0.46027596704278473,0.43457385031857143,-0.37017454437820624
A_short_only,12,12,65,-61.74700000000002,-0.9499538461538465,0.853029174233751,98.36899999999997,-0.6277079161117836,0.5602872505155418,-0.630313549202671,36,0.9510000000000041,0.02641666666666678,1.0043235133660666,62.627,0.015185143787823208,0.173755280498265,101,-60.796000000000035,-0.6019405940594063,0.9050197550035856,109.96199999999999,-0.5528819046579732,0.6408194524735724,-0.4960182391451259
A_short_only,12,15,65,-90.23800000000001,-1.3882769230769232,0.8074462591595218,138.316,-0.6524046386535182,0.5315620927964905,-0.8436771534452513,36,25.104,0.6973333333333334,1.1081230080110258,46.089999999999996,0.5446734649598611,0.10642038889392763,101,-65.134,-0.6448910891089109,0.9070600355584477,153.822,-0.42343747968431045,0.7291402811278829,-0.4820011612170774
A_short_only,12,20,65,-8.404999999999987,-0.1293076923076921,0.982065048075487,107.03600000000002,-0.07852498224896283,0.01087069105156569,-0.06861483263507143,36,46.086000000000006,1.280166666666667,1.1796304957904584,44.76000000000001,1.0296246648793563,0.6227009316605999,101,37.68100000000001,0.3730792079207922,1.0519596027567644,107.58200000000002,0.35025375992266367,0.11852446906713732,0.2420041589883212
A_short_only,12,25,65,-16.441000000000003,-0.25293846153846156,0.9666291165575686,92.97699999999999,-0.17682867806016547,0.030286064245678496,-0.12341168528773752,36,97.83,2.7175,1.3813143124415344,36.59,2.6736813336977314,0.7926444807051914,101,81.38900000000001,0.8058316831683169,1.1086294687247662,103.72399999999999,0.7846689290810229,0.27401499607679897,0.4722600407387842
A_short_only,12,30,65,-46.63799999999998,-0.717507692307692,0.9097600334351091,91.16199999999999,-0.5115947434237947,0.16623437648634456,-0.32938711736710696,36,127.36900000000003,3.5380277777777787,1.4733903968304118,56.007,2.2741621583016416,0.7446059401768195,101,80.731,0.7993168316831682,1.102727010137693,91.16199999999999,0.885577323884952,0.3544051596261556,0.42968034909147934
A_short_only,12,40,65,-190.002,-2.9231076923076924,0.6685061474015517,232.34799999999996,-0.8177475166560506,0.6493285993242921,-1.3208567725235785,36,178.303,4.952861111111111,1.6344015626723405,49.96700000000001,3.56841515400164,0.7010688907246446,101,-11.698999999999993,-0.11583168316831675,0.9863045610880493,232.34799999999996,-0.05035119734191813,0.04700477703012851,-0.05651707445664042
A_short_only,12,50,65,-196.392,-3.0214153846153846,0.6573576030804179,211.23499999999999,-0.9297322886832201,0.5451299939255054,-1.3186180824726315,36,187.45600000000002,5.207111111111112,1.6388723216446217,49.967,3.7515960533952413,0.8045877478191764,101,-8.935999999999966,-0.08847524752475214,0.9896882709852226,211.23499999999999,-0.04230359552157534,0.001535017251168333,-0.04042650241008173
A_short_only,15,3,65,-105.883,-1.6289692307692307,0.5876075449946058,145.99099999999999,-0.7252707358672795,0.5051972685517956,-1.6248871737125221,36,2.195999999999996,0.060999999999999895,1.0237945606241197,69.94999999999999,0.03139385275196564,0.03468745297736827,101,-103.68699999999998,-1.0266039603960395,0.7029391794134245,187.59799999999998,-0.5527084510495847,0.8029221502732952,-1.3357591832808844
A_short_only,15,4,65,-132.706,-2.041630769230769,0.5820994224604319,174.47,-0.7606236029116753,0.7592284184265301,-1.8066307462759732,36,14.413000000000002,0.40036111111111117,1.1343243243243244,68.46000000000001,0.2105316973415133,0.021770484982471035,101,-118.29300000000003,-1.1712178217821785,0.7215678797892922,205.57000000000002,-0.5754390232037749,0.8693691039775476,-1.3499048300832805
A_short_only,15,5,65,-95.88800000000002,-1.4752000000000003,0.6980419078329985,147.92200000000003,-0.6482335284812266,0.5715638541064861,-1.2490990866478136,36,41.413999999999994,1.1503888888888887,1.3859645852749305,67.07900000000001,0.6173914339808284,0.06571436911189386,101,-54.47400000000001,-0.5393465346534655,0.8717818356423618,169.12800000000001,-0.3220874130835817,0.7442498439542322,-0.5941305850383749
A_short_only,15,6,65,-47.91199999999999,-0.7371076923076921,0.8491217241791946,117.68299999999999,-0.40712762251132273,0.2172187431050745,-0.5915141503935517,36,69.55699999999999,1.9321388888888886,1.6482479030754895,65.009,1.0699595440631295,0.2913895240069852,101,21.645000000000003,0.21430693069306933,1.0509469135279412,127.79599999999999,0.16937149832545623,0.4103091004113869,0.22436438854942137
A_short_only,15,8,65,-58.86,-0.9055384615384615,0.8469037413125808,89.578,-0.6570809797048383,0.3611567479361586,-0.6314614434602114,36,61.374,1.7048333333333334,1.4025316455696202,67.38000000000001,0.9108637577916294,0.2951453147696544,101,2.514000000000001,0.024891089108910903,1.0046821397043213,105.30800000000002,0.023872830174345733,0.3575143149833662,0.022202001688993438
A_short_only,15,10,65,-66.077,-1.0165692307692307,0.8461862562297627,87.17599999999999,-0.7579723777186382,0.08708283194994283,-0.6502605805701451,36,36.673000000000016,1.0186944444444448,1.185198464801535,62.09,0.5906426155580611,0.06566082843995082,101,-29.403999999999996,-0.2911287128712871,0.9531493233866198,106.75699999999999,-0.2754292458574145,0.30767300310410334,-0.23396453076721094
A_short_only,15,12,65,-107.711,-1.6570923076923076,0.7802345557600414,138.33,-0.7786524976505457,0.5209107158723683,-0.9800337376317051,36,56.40400000000002,1.5667777777777783,1.2646832473017362,55.8,1.010824372759857,0.33103259150127884,101,-51.30700000000001,-0.5079900990099011,0.9270396946608304,150.38700000000003,-0.3411664572070724,0.4138303490557776,-0.37438761789193886
A_short_only,15,15,65,-141.64900000000003,-2.179215384615385,0.7425897489482722,169.475,-0.8358105915326747,0.5086409223180598,-1.1824238086761494,36,62.474,1.7353888888888889,1.2563035897435897,47.13,1.3255675790367067,0.5362178981534182,101,-79.17500000000004,-0.7839108910891093,0.9002877706902088,200.44400000000002,-0.39499810420865694,0.6259762315632712,-0.52182644935789
A_short_only,15,20,65,-84.989,-1.307523076923077,0.8496820806692666,143.299,-0.5930885770312424,0.2268822165688107,-0.6304742657630567,36,54.02599999999999,1.5007222222222218,1.1867021460414002,55.4,0.9751985559566785,0.7423921316754242,101,-30.963,-0.30656435643564356,0.9637760086105538,159.30800000000002,-0.19435935420694503,0.16721597358725282,-0.17987094183252408
A_short_only,15,25,65,-94.205,-1.4493076923076922,0.8417897964873152,145.885,-0.6457483634369537,0.16977016190572394,-0.6458134879775278,36,115.08000000000001,3.196666666666667,1.3976915367868126,50.640000000000015,2.2725118483412317,0.8313180819034084,101,20.87500000000007,0.2066831683168324,1.0235925823790817,166.875,0.12509363295880194,0.01086255874822703,0.11008523429887616
A_short_only,15,30,65,-170.88199999999998,-2.6289538461538458,0.7334408625632929,201.82500000000002,-0.8466840084231386,0.8261088223949461,-1.1252032689354348,36,152.209,4.228027777777778,1.5000509220170377,46.05,3.3052985884907713,0.8416327635061597,101,-18.672999999999966,-0.18488118811881155,0.9802496792542836,216.435,-0.08627532515535827,0.06520218701231038,-0.09115221300796189
A_short_only,15,40,65,-327.066,-5.031784615384615,0.5394947855140495,366.902,-0.8914260483725899,0.858483794921661,-2.138924141688543,36,219.823,6.106194444444444,1.6875764371752888,46.05,4.7735722041259505,0.8698020868341144,101,-107.24300000000001,-1.061811881188119,0.8958745169621533,372.6719999999999,-0.2877677958097202,0.3558839941544938,-0.47393400838089966
A_short_only,15,50,65,-333.45599999999996,-5.1300923076923075,0.5304977380662402,348.299,-0.9573843163488841,0.8302159323468712,-2.1155344315308535,36,220.98600000000002,6.1385000000000005,1.6600793937637959,46.137,4.7897782690682105,0.8587578320420381,101,-112.46999999999998,-1.1135643564356434,0.892375265545157,348.299,-0.3229122104858182,0.3262964315306435,-0.470284942687067
A_short_only,18,3,65,-135.58499999999998,-2.0859230769230765,0.5319086499456249,172.723,-0.7849852075288176,0.5873739817403388,-1.8229470336011515,36,6.088999999999999,0.16913888888888884,1.066577735985217,84.237,0.07228415067013307,0.11918175810996068,101,-129.49599999999995,-1.2821386138613857,0.6602153697600704,228.61700000000002,-0.5664320676065207,0.8398534585920828,-1.4834329341747163
A_short_only,18,4,65,-151.111,-2.3247846153846154,0.5606714753793329,189.90499999999997,-0.7957189120876228,0.7329637949969288,-1.8333920345500576,36,16.126,0.4479444444444445,1.14712563978578,82.747,0.19488319818241145,0.13780895001561938,101,-134.98499999999999,-1.3364851485148512,0.7023917136646044,235.29200000000003,-0.5736914132227189,0.8813744183697935,-1.3860055907995987
A_short_only,18,5,65,-112.11,-1.7247692307692308,0.6740599897080757,160.94500000000002,-0.6965733635714063,0.5380827172843312,-1.3085929163885777,36,44.397,1.23325,1.4050562464076202,81.366,0.545645601356832,0.0012530611976979088,101,-67.71299999999998,-0.6704257425742572,0.85070970928156,196.43800000000002,-0.3447041814720165,0.7857672096489453,-0.6681520935037828
A_short_only,18,6,65,-61.417,-0.9448769230769231,0.8214409275524115,132.10500000000002,-0.4649104878694977,0.18756098237950405,-0.6837071848504022,36,73.58,2.0438888888888886,1.671307489485161,79.29599999999999,0.9279156577885392,0.08160191729156771,101,12.162999999999995,0.12042574257425738,1.0268163839441227,156.505,0.07771636688923673,0.5447442960194431,0.11475287403744469
A_short_only,18,8,65,-81.21500000000002,-1.2494615384615386,0.8079383435140318,108.87900000000002,-0.7459197825108607,0.34494878846626853,-0.7880784577750154,36,57.817,1.6060277777777778,1.3522698885619064,84.67699999999999,0.6827946195543064,0.04589282574089573,101,-23.398000000000025,-0.2316633663366339,0.9601387426616652,144.946,-0.1614256343741809,0.6088870142878178,-0.18777434341465174
A_short_only,18,10,65,-89.67200000000001,-1.3795692307692309,0.8107570814146369,110.03500000000004,-0.8149407006861451,0.08471521142121437,-0.8010203205650274,36,25.65600000000001,0.7126666666666669,1.1171308956934216,85.00699999999999,0.30181043914030625,0.060586922210610177,101,-64.01600000000005,-0.6338217821782183,0.9076092211816426,159.15900000000002,-0.4022141380631949,0.5568730270024712,-0.4631328678574002
A_short_only,18,12,65,-108.43600000000002,-1.6682461538461542,0.7948514207119923,133.26500000000001,-0.81368701459498,0.279387326785354,-0.8946870312908921,36,74.85700000000001,2.0793611111111114,1.341755045951141,73.201,1.0226226417671893,0.08825217320475973,101,-33.578999999999986,-0.3324653465346533,0.955084870453846,157.11200000000002,-0.21372651356993724,0.43938437924253604,-0.22407978642429516
A_short_only,18,15,65,-146.77499999999998,-2.258076923076923,0.7557088645517791,182.49200000000002,-0.8042818315323409,0.3283490846159889,-1.1075318702283534,36,81.15700000000001,2.2543611111111113,1.3181541983715361,64.347,1.2612398402411926,0.22092649604157696,101,-65.618,-0.6496831683168316,0.9233351286997303,221.93100000000004,-0.295668473534567,0.6442699298903136,-0.3945745157999439
A_short_only,18,20,65,-65.51300000000002,-1.007892307692308,0.8927528402579971,147.18699999999998,-0.4451004504473902,0.005665341343926001,-0.441139421156652,36,74.39,2.066388888888889,1.2403499759294618,54.45,1.3662075298438934,0.6257958520733128,101,8.877000000000013,0.08789108910891102,1.0096450655010447,177.38599999999997,0.0500434081607343,0.11579923652201446,0.047097428174045275
A_short_only,18,25,65,-66.64000000000001,-1.0252307692307694,0.8964139710568447,155.818,-0.4276784453657473,0.05988208334075198,-0.415159559587858,36,145.15400000000002,4.032055555555556,1.4689845463915192,63.887,2.272042825613975,0.7606230758419354,101,78.51400000000004,0.7773663366336637,1.08240024264381,185.20800000000003,0.42392337264049085,0.000555700670370501,0.37948019042355363
A_short_only,18,30,65,-185.111,-2.8478615384615384,0.7416278293979629,211.85399999999998,-0.8737668394271527,0.6578671186308336,-1.1057069305769867,36,188.289,5.23025,1.5733578564968622,58.836999999999996,3.2001801587436476,0.7470098224053361,101,3.178000000000047,0.03146534653465393,1.0030415907385573,235.944,0.013469297799478043,0.2345602113726661,0.014186987423299031
A_short_only,18,40,65,-357.174,-5.494984615384615,0.5515559829950508,393.89,-0.9067861585721901,0.7552156140970774,-2.1171343341218467,36,258.663,7.185083333333334,1.746616365562409,54.45,4.7504683195592285,0.8033786616727211,101,-98.51100000000004,-0.9753564356435648,0.9138076909952658,408.06,-0.24141302749595656,0.49098479411179036,-0.40104929212598944
A_short_only,18,50,65,-394.03400000000005,-6.062061538461539,0.5052770084145873,408.8770000000001,-0.9636981292662584,0.8157283749114353,-2.3537466278682393,36,224.82600000000005,6.245166666666668,1.6168285837354968,60.424,3.7208063021316042,0.750793060098113,101,-169.208,-1.6753267326732673,0.8542517793448703,413.05700000000013,-0.4096480631002499,0.6006037641098533,-0.6732396060200729
A_short_only,22,3,65,-149.159,-2.294753846153846,0.5179057395328992,188.736,-0.79030497626314,0.5561550940330149,-1.7689767669348713,36,11.506000000000002,0.3196111111111112,1.129164795689268,78.82,0.14597817812737887,0.059009216412011664,101,-137.653,-1.36290099009901,0.6545530744482757,239.21299999999997,-0.5754411340520792,0.829621055772135,-1.4085158958613269
A_short_only,22,4,65,-174.779,-2.6889076923076924,0.5352932417988546,210.584,-0.8299728374425407,0.7375017982949602,-1.859305912523515,36,18.423000000000002,0.51175,1.1655107357829486,76.36999999999999,0.2412334686395182,0.11069437810727076,101,-156.356,-1.5480792079207921,0.6792144697753046,249.59400000000005,-0.6264413407373574,0.8849069769636208,-1.4231294453596461
A_short_only,22,5,65,-133.13800000000003,-2.0482769230769238,0.6460093696989679,190.797,-0.6977992316441036,0.5580923170567494,-1.3696327246183655,36,47.714000000000006,1.325388888888889,1.428658700925344,73.969,0.6450540091119253,0.00323548021265913,101,-85.42400000000002,-0.845782178217822,0.8247410835918395,218.89299999999997,-0.3902545992791,0.7990066497175471,-0.7513274713371618
A_short_only,22,6,65,-81.36800000000001,-1.2518153846153848,0.7836567350693687,164.70900000000003,-0.4940106490841423,0.24884352601468385,-0.8045803947478666,36,77.887,2.163527777777778,1.6997304824364392,70.90899999999999,1.0984078184715622,0.15988874954000884,101,-3.481000000000016,-0.03446534653465362,0.992858256602163,180.72200000000004,-0.019261628357366646,0.6008763314454061,-0.02947978253475318
A_short_only,22,8,65,-112.39500000000002,-1.7291538461538465,0.7613896908967391,142.97,-0.786143946282437,0.46284774911319393,-0.9690283405564295,36,52.163999999999994,1.4489999999999998,1.2930891111360827,78.06,0.6682551883166794,0.06724908728770508,101,-60.231000000000016,-0.5963465346534655,0.9071970047148008,176.71999999999997,-0.34082729741964707,0.7130455822509619,-0.4318664030368261
A_short_only,22,10,65,-112.057,-1.7239538461538462,0.7831533970512251,132.42000000000002,-0.8462241353269898,0.15844882343290217,-0.9038973728954695,36,42.373000000000005,1.177027777777778,1.1905260791366907,70.94999999999999,0.5972233967582806,0.09075500176341601,101,-69.684,-0.6899405940594059,0.9057250354119626,175.58700000000002,-0.3968630935092005,0.5819048474680663,-0.4579887851561646
A_short_only,22,12,65,-173.35700000000003,-2.6670307692307698,0.7137797869161285,197.65299999999996,-0.8770775045154896,0.6661385933175136,-1.2835594033214013,36,96.18,2.671666666666667,1.4324640287769783,62.016999999999996,1.5508650853798154,0.5289760517689177,101,-77.17700000000004,-0.7641287128712875,0.9067997299768015,230.13299999999995,-0.33535824936015285,0.5792607839618044,-0.46548651396541774
A_short_only,22,15,65,-209.216,-3.2187076923076923,0.6915419364731137,236.95899999999995,-0.8829206740406571,0.6478300316604747,-1.4324108807141402,36,100.507,2.7918611111111113,1.3768442523068387,87.937,1.142943243458385,0.28323810623349005,101,-108.70900000000006,-1.076326732673268,0.884960490851042,266.47799999999995,-0.4079473727662324,0.7308886765662637,-0.5943591568077697
A_short_only,22,20,65,-164.98399999999998,-2.538215384615384,0.7677364496270049,191.82600000000002,-0.8600711061065756,0.3150648251364622,-1.021647116033505,36,129.393,3.59425,1.4157111326010337,72.41399999999999,1.7868506089982603,0.679036303658625,101,-35.59100000000006,-0.352386138613862,0.9651611021272762,216.27600000000004,-0.16456287336551467,0.411433285453563,-0.1731230674617309
A_short_only,22,25,65,-170.461,-2.622476923076923,0.7718520084962744,208.978,-0.8156887327852693,0.17398370761877416,-0.985120037027556,36,209.73399999999998,5.825944444444444,1.6738290223191767,83.517,2.511273153968653,0.780383566800322,101,39.272999999999996,0.3888415841584158,1.037105728603714,228.44799999999998,0.17191220759209974,0.134202416928082,0.17525004617349377
A_short_only,22,30,65,-282.7249999999999,-4.349615384615383,0.6526997229950924,305.58799999999997,-0.9251835805070878,0.8016457184950414,-1.580483722293702,36,259.492,7.208111111111112,1.7781942936656925,78.46699999999998,3.3070207858080476,0.7936008771801951,101,-23.23300000000004,-0.23002970297029743,0.979753712138971,319.758,-0.07265807266745489,0.34096295644604535,-0.09617628068098821
A_short_only,22,40,65,-471.962,-7.260953846153846,0.4820786996494972,504.79800000000006,-0.9349521987012626,0.8157877734279931,-2.6233513415554515,36,270.226,7.506277777777778,1.7402559691434454,68.717,3.9324475748359213,0.7841712985700637,101,-201.73599999999993,-1.9973861386138607,0.841937591768745,523.798,-0.3851408367347717,0.6685392966579352,-0.7766998899534634
A_short_only,22,50,65,-508.82199999999995,-7.828030769230768,0.4416293009035821,523.6650000000002,-0.9716555431430395,0.8605400952338546,-2.853421737251225,36,232.42200000000003,6.456166666666667,1.600494508475627,80.05399999999999,2.903315262198017,0.6955365499492104,101,-276.40000000000003,-2.736633663366337,0.7871083475248264,532.6750000000002,-0.5188905054676866,0.7419230259459153,-1.0425510641025195
A_short_only,26,3,65,-118.43599999999999,-1.8220923076923077,0.5899570001177129,157.043,-0.754162872589036,0.5092921943345259,-1.321476055550628,36,25.118999999999993,0.6977499999999998,1.3200402614445703,68.227,0.3681680273205621,0.007653055228410431,101,-93.317,-0.9239306930693069,0.7459552167698904,190.827,-0.48901360918528297,0.785333006415061,-0.90970063710547
A_short_only,26,4,65,-152.967,-2.3533384615384616,0.5831780132103853,187.764,-0.814676934875695,0.7522014851117419,-1.5055850901447139,36,29.32599999999999,0.8146111111111108,1.2802105926980516,67.20400000000001,0.4363728349503004,0.06238589278532826,101,-123.64100000000002,-1.2241683168316833,0.7378493387979415,209.32800000000003,-0.5906567683253077,0.8622571514544843,-1.0521089875227982
A_short_only,26,5,65,-108.88600000000001,-1.675169230769231,0.7032949665380506,159.287,-0.6835837199520363,0.5754258252390879,-1.041115924259728,36,59.557999999999986,1.6543888888888885,1.5690780358695546,63.376000000000005,0.9397563746528651,0.04420483083830426,101,-49.32800000000001,-0.4883960396039605,0.8954119764821125,166.59900000000002,-0.2960882118139965,0.7270690471259004,-0.40747064864275845
A_short_only,26,6,65,-53.652,-0.8254153846153847,0.8538028905892354,130.82500000000002,-0.41010510223581115,0.25765175252400635,-0.4955284528985276,36,91.2,2.533333333333333,1.8714180609037139,60.316,1.512036607202069,0.30909916192666637,101,37.54799999999997,0.3717623762376235,1.079611399348233,130.82500000000002,0.28700936365373564,0.35608754943905396,0.2999935056185041
A_short_only,26,8,65,-94.04899999999999,-1.4469076923076922,0.803365712302475,128.125,-0.734040975609756,0.5310622030913479,-0.7468853563071354,36,55.506999999999984,1.5418611111111107,1.3038366167269702,71.467,0.776680146081408,0.09735733910636826,101,-38.54200000000002,-0.38160396039603983,0.9416897006116669,133.11899999999997,-0.289530420150392,0.537859963947911,-0.25589679252703057
A_short_only,26,10,65,-93.151,-1.4330923076923077,0.8235612774670377,138.21,-0.6739816221691628,0.18045295806301506,-0.693337626259153,36,39.57599999999999,1.099333333333333,1.1682388399784047,64.357,0.614944761253632,0.08369033384794929,101,-53.575000000000024,-0.5304455445544557,0.9298010450898074,155.48100000000002,-0.34457586457509287,0.31462271224074106,-0.3254887161567171
A_short_only,26,12,65,-163.288,-2.512123076923077,0.7418012308431845,222.077,-0.7352765031948378,0.6514299691449492,-1.1051675157350938,36,98.01299999999999,2.722583333333333,1.4166563933394831,55.424,1.7684216224018474,0.5661563608151431,101,-65.27500000000002,-0.6462871287128715,0.9247679649259088,227.61399999999998,-0.2867793720948625,0.2500306837812914,-0.36233644529344916
A_short_only,26,15,65,-202.70499999999996,-3.118538461538461,0.7173555055753633,249.40799999999996,-0.812744579163459,0.6668285130570722,-1.2632793968569038,36,136.157,3.7821388888888894,1.521181104472013,89.22,1.5260815960546963,0.4790705333854075,101,-66.548,-0.6588910891089109,0.9319842194558574,267.517,-0.2487617609348191,0.4742135488511991,-0.33594176143584936
A_short_only,26,20,65,-193.933,-2.9835846153846153,0.7511765460610725,208.77599999999998,-0.9289046633712688,0.3761810437445821,-1.0962182153592546,36,164.496,4.569333333333334,1.5243451900917064,84.137,1.9550970441066358,0.7543735436353404,101,-29.436999999999976,-0.2914554455445542,0.9730705862227007,240.776,-0.12225886300960218,0.2928728688449954,-0.1321347930390283
A_short_only,26,25,65,-255.56,-3.9316923076923076,0.6978981960895572,273.29200000000003,-0.9351170176953587,0.3377515664975833,-1.366045822629634,36,249.57399999999998,6.932611111111111,1.7955386542648306,78.77000000000001,3.1683889805763608,0.830682538465443,101,-5.986000000000008,-0.05926732673267334,0.9948381288605166,300.312,-0.019932603425770558,0.2531865945258126,-0.024843594822106917
A_short_only,26,30,65,-380.34399999999994,-5.851446153846153,0.5889834812735174,398.817,-0.9536805101086462,0.8097354025009972,-1.971289542797134,36,257.879,7.1633055555555565,1.731910074729591,84.49700000000001,3.0519308377812226,0.7182917317746821,101,-122.46499999999992,-1.2125247524752467,0.9041528170298289,420.537,-0.29121099926998084,0.5577394948656991,-0.47541795548517274
A_short_only,26,40,65,-584.421,-8.991092307692309,0.43665432504571483,612.8670000000001,-0.9535853619137594,0.8177731445723152,-3.0187697800543716,36,268.61299999999994,7.461472222222221,1.6996460264581545,78.33000000000001,3.429248053108642,0.7155303874826086,101,-315.80800000000005,-3.1268118811881194,0.7778093599129833,639.417,-0.49389991195104294,0.7390189955785772,-1.1474954086997522
A_short_only,26,50,65,-621.281,-9.55816923076923,0.4011235662625518,636.1239999999999,-0.9766664989844748,0.8573513964863058,-3.239493006850135,36,226.526,6.2923888888888895,1.5522101716896177,86.084,2.631452999395939,0.5855795341572986,101,-394.75499999999994,-3.908465346534653,0.7273090876937999,652.6839999999999,-0.6048179517193619,0.7943884296053488,-1.4082761802133164
A_short_only,30,3,65,-130.926,-2.0142461538461536,0.5655033717410928,181.18000000000004,-0.7226294292968317,0.45540041979554374,-1.376552390083112,36,13.225999999999999,0.3673888888888889,1.1463376853286125,80.12,0.1650773839241138,0.08143534647102667,101,-117.7,-1.1653465346534653,0.6995210718188039,226.85700000000003,-0.5188290420837796,0.788550149497655,-1.0654398097567497
A_short_only,30,4,65,-177.40900000000002,-2.729369230769231,0.5467623509935468,223.85299999999998,-0.7925245585272479,0.7240037483406659,-1.6236141328683305,36,47.923,1.3311944444444446,1.5302389909271967,77.67,0.6170078537401829,0.02302970898424474,101,-129.48600000000002,-1.2820396039603963,0.7312486768533393,255.88299999999998,-0.5060359617481428,0.82728252194854,-1.0389761346707098
A_short_only,30,5,65,-133.328,-2.0512,0.6593787842401884,190.78300000000002,-0.6988463332686874,0.573046063206976,-1.1883057706120583,36,78.875,2.1909722222222223,1.8727041380836467,75.269,1.0479081693658743,0.22351144931544328,101,-54.453000000000024,-0.5391386138613864,0.886981482173323,209.988,-0.25931481798959954,0.7003416058376293,-0.4252906396530455
A_short_only,30,6,65,-78.09400000000001,-1.201446153846154,0.8004884703622139,162.44899999999998,-0.480729336591792,0.32452483954909794,-0.6742337071257012,36,111.63699999999999,3.1010277777777775,2.235195839787564,72.209,1.5460261186278716,0.4555348325943792,101,33.542999999999985,0.33210891089108896,1.069619307356073,167.01199999999997,0.20084185567504126,0.4155752214034032,0.25410807765696114
A_short_only,30,8,65,-134.08100000000002,-2.0627846153846154,0.7413191697888973,164.327,-0.8159401680795001,0.6381087050333544,-0.9898957401706941,36,65.39399999999999,1.8164999999999998,1.3616924778761061,87.75999999999999,0.7451458523245214,0.22066866447536662,101,-68.68700000000004,-0.6800693069306935,0.9017530459459383,193.42400000000004,-0.3551110513690133,0.643998261053324,-0.4257910717707518
A_short_only,30,10,65,-121.18300000000004,-1.8643538461538467,0.7820382997321859,162.41199999999998,-0.7461456050045566,0.3931149779201092,-0.8547250245295634,36,44.093,1.2248055555555557,1.1830724517334443,80.65,0.5467203967761934,0.21074437949323005,101,-77.09000000000003,-0.7632673267326736,0.903254508786659,199.88299999999998,-0.38567562023783936,0.570379661355174,-0.4420513420991482
A_short_only,30,12,65,-208.253,-3.2038923076923074,0.6925596824220485,263.21200000000005,-0.7911987295412062,0.7987722288600796,-1.3254741830766488,36,104.56,2.9044444444444446,1.4341291260120408,71.717,1.4579527866475175,0.6191455619789603,101,-103.69300000000001,-1.0266633663366338,0.8870725866261829,280.539,-0.3696206231575646,0.4991438497128308,-0.5408951690649344
A_short_only,30,15,65,-259.943,-3.999123076923077,0.6643345716938424,302.816,-0.8584189738983409,0.7533276273628199,-1.5224294806737735,36,141.55400000000003,3.9320555555555563,1.522262396694215,105.82,1.337686637686638,0.49807861637428313,101,-118.38899999999995,-1.1721683168316828,0.8867579637878772,332.71500000000003,-0.3558270591948062,0.62651695655541,-0.5610446909118679
A_short_only,30,20,65,-259.02099999999996,-3.984938461538461,0.6932804255359459,273.86400000000003,-0.9458015657406593,0.5527076950300852,-1.3824797564038738,36,166.36299999999997,4.621194444444444,1.5011537534642725,100.707,1.6519507084909686,0.7052663746198,101,-92.65799999999996,-0.917405940594059,0.9212391877924057,313.82400000000007,-0.2952546650351788,0.5052174469037352,-0.39141114272054905
A_short_only,30,25,65,-317.178,-4.879661538461538,0.6505148982213809,332.0210000000001,-0.9552949964008298,0.5047544140107869,-1.6140781242763365,36,256.36100000000005,7.12113888888889,1.7722647306904444,97.84,2.6202064595257566,0.7895342539295446,101,-60.81700000000002,-0.6021485148514854,0.950934960202272,367.0010000000001,-0.16571344492249343,0.4161569674969643,-0.2392238996454704
A_short_only,30,30,65,-454.32899999999995,-6.989676923076923,0.5453795883161106,469.1720000000001,-0.968363414696529,0.8482908015338482,-2.2399578552092985,36,266.05600000000004,7.390444444444445,1.7101644245142,100.9,2.636828543111992,0.6899194563958001,101,-188.2729999999999,-1.8640891089108902,0.862974427201184,498.8520000000001,-0.37741253918997997,0.6366957993943908,-0.692084719415707
A_short_only,30,40,65,-652.413,-10.037123076923077,0.4097962462558904,677.1989999999998,-0.9633992371518566,0.8466373497308528,-3.2217727611801847,36,286.34,7.953888888888888,1.7048716244492037,90.82,3.152829773177714,0.7411442657464489,101,-366.073,-3.6244851485148515,0.7578294466977105,711.7089999999998,-0.5143576939451378,0.7457005535448871,-1.2638376896391537
A_short_only,30,50,65,-689.2729999999999,-10.604199999999999,0.37645094142136404,704.1159999999999,-0.9789196666458369,0.882079848788921,-3.4364993721378845,36,235.20300000000003,6.5334166666666675,1.5390484266495539,102.157,2.3023679238818686,0.5892825924722359,101,-454.06999999999994,-4.4957425742574255,0.7054807803945301,741.513,-0.6123560881602884,0.8010451640148689,-1.544872929082499
A_short_only,40,3,65,-90.16099999999999,-1.3870923076923074,0.6672510130721369,140.41500000000002,-0.6421037638428941,0.4733266263837692,-0.8698082565901435,36,41.52600000000001,1.1535000000000002,1.6355371900826443,62.3,0.6665489566613164,0.03977338469788115,101,-48.635,-0.4815346534653465,0.855381239258039,157.792,-0.3082222165889272,0.7338856373033747,-0.4202503557737604
A_short_only,40,4,65,-119.25900000000001,-1.8347538461538464,0.660464864680192,190.238,-0.6268936805475248,0.6359276483116971,-0.99593383320034,36,77.16299999999998,2.143416666666666,2.1809458218549134,61.339999999999996,1.2579556569938048,0.3678398818769905,101,-42.09600000000002,-0.416792079207921,0.8989490664503028,193.02800000000002,-0.21808235074704194,0.6799799413909355,-0.31974500569460146
A_short_only,40,5,65,-71.89800000000002,-1.1061230769230772,0.7953035229272126,160.558,-0.4478007947283849,0.3903789839549602,-0.5880956414400371,36,108.985,3.027361111111111,2.6679675543311903,60.31999999999999,1.80678050397878,0.6092723016091618,101,37.086999999999975,0.36719801980197997,1.0890268902641018,160.558,0.23098817872669053,0.35238890463531125,0.27567501717435683
A_short_only,40,6,65,-51.084,-0.7859076923076923,0.8666906750800498,123.429,-0.4138735629390176,0.38026150820984617,-0.39562520814206076,36,142.73700000000002,3.9649166666666673,3.1845270890725432,59.33,2.4058149334232266,0.7497954104832011,101,91.653,0.9074554455445545,1.2043367466374164,123.429,0.7425564494567728,0.0369996103119469,0.6466568576274383
A_short_only,40,8,65,-124.13799999999998,-1.9098153846153842,0.7670895670805613,174.53299999999996,-0.7112580428916022,0.5895782697326495,-0.8124060698762736,36,102.344,2.8428888888888886,1.6734043953151734,89.02,1.1496742305099978,0.5004418173280146,101,-21.793999999999983,-0.2157821782178216,0.9681823623362328,174.53299999999996,-0.12487036835440855,0.2566678724941722,-0.12345292316933967
A_short_only,40,10,65,-105.61300000000004,-1.6248153846153852,0.8149228151401139,185.981,-0.5678698361660602,0.24703779694115183,-0.6649936418213078,36,80.80300000000003,2.2445277777777783,1.3771787331372822,85.36,0.9466143392689788,0.45833903310597424,101,-24.810000000000066,-0.2456435643564363,0.9683897904501749,185.981,-0.13340072372984374,0.06951468974246877,-0.13075539370391437
A_short_only,40,12,65,-216.32600000000002,-3.328092307692308,0.7005590829876264,261.325,-0.8278044580503205,0.7840795623359509,-1.2088850046673296,36,143.44,3.9844444444444442,1.6695607524623064,80.597,1.779718848096083,0.7257559913118725,101,-72.88600000000001,-0.7216435643564357,0.9221854605124787,291.52199999999993,-0.25001886650064153,0.33387917950687646,-0.3447294432632731
A_short_only,40,15,65,-289.3190000000001,-4.4510615384615395,0.6594283763581358,332.0819999999999,-0.8712275883667292,0.7616615942866464,-1.4709487223708644,36,173.35399999999998,4.815388888888888,1.6818517935808681,130.35,1.3299117759877253,0.5617887407323879,101,-115.96500000000003,-1.1481683168316834,0.8949354473386183,365.00099999999986,-0.31771145832477193,0.5999297341626117,-0.49187244449899487
A_short_only,40,20,65,-294.907,-4.5370307692307685,0.6865682428576136,309.75,-0.9520807102502017,0.526406027909688,-1.365522081318219,36,206.983,5.749527777777778,1.6645999229386081,125.26699999999998,1.652334613266064,0.777067799223937,101,-87.92399999999998,-0.8705346534653463,0.9297920607631971,352.62,-0.24934490386251482,0.44683390584632837,-0.33382186712876344
A_short_only,40,25,65,-281.131,-4.325092307692307,0.7112005070640722,295.97400000000005,-0.9498503246906821,0.4332631947702528,-1.2417734752412768,36,301.921,8.386694444444444,1.969435525301824,119.89999999999998,2.5181067556296917,0.84772496973584,101,20.790000000000024,0.20584158415841608,1.016180411195693,333.86400000000003,0.06227086478326511,0.16640231439034553,0.07412536277863016
A_short_only,40,30,65,-466.01800000000003,-7.169507692307692,0.5772343120071702,480.86099999999993,-0.9691324519975629,0.8530147065834547,-1.983981471460989,36,306.526,8.514611111111112,1.841688176176616,125.43999999999997,2.4436065051020415,0.7636931691702614,101,-159.4919999999999,-1.579128712871286,0.8912422058687148,513.4509999999999,-0.3106274990213281,0.5471931090609522,-0.5287604711895069
A_short_only,40,40,65,-675.4920000000001,-10.392184615384616,0.4433775148221547,690.3349999999997,-0.9784988447637747,0.8338993790245682,-2.862707208696606,36,333.03000000000003,9.250833333333334,1.8414735831417237,105.53999999999996,3.15548607163161,0.7929527331037458,101,-342.462,-3.3907128712871284,0.7872014664533266,727.7549999999998,-0.4705732011459902,0.7065153901724863,-1.070698577119795
A_short_only,40,50,65,-692.919,-10.660292307692307,0.42901722624850125,707.7619999999997,-0.979028260912567,0.8557688764498342,-2.9001472701367796,36,271.553,7.543138888888889,1.622528140115999,110.44999999999999,2.4586057039384337,0.6872650461448968,101,-421.366,-4.171940594059405,0.7445902901322311,735.1919999999998,-0.5731373573161842,0.7707879140757747,-1.2856087181578357
Flip_short_only,2,3,80,-74.829,-0.9353624999999999,0.4835140563634985,74.829,-1.0,0.7759543504338664,-2.239967369598991,36,-28.693999999999996,-0.7970555555555554,0.4948861936029009,28.694,-0.9999999999999999,0.7177694999897135,116,-103.52300000000001,-0.8924396551724139,0.4867171076117567,103.52300000000005,-0.9999999999999996,0.9080615960338518,-2.872852847141411
Flip_short_only,2,4,80,-66.882,-0.836025,0.5448377239844563,75.99499999999999,-0.8800842160668467,0.6450845839876692,-1.9135960972281463,36,-32.17699999999999,-0.8938055555555553,0.47092095960011177,32.177,-0.9999999999999998,0.6828555729545257,116,-99.059,-0.8539568965517241,0.5232000693114104,99.05900000000004,-0.9999999999999996,0.8567849999217154,-2.6148935994113596
Flip_short_only,2,5,80,-53.278999999999996,-0.6659875,0.6374122947305381,71.202,-0.7482795427094744,0.45049182335951155,-1.4388517023664549,36,-32.447,-0.9013055555555556,0.48371441755374156,33.217,-0.9768190986543036,0.6336047915536092,116,-85.726,-0.7390172413793104,0.5913684290807864,86.49600000000004,-0.9910978542360336,0.7563398392115356,-2.125895989853545
Flip_short_only,2,6,80,-47.795,-0.5974375000000001,0.6792518673118092,66.755,-0.7159763313609468,0.2714269156448295,-1.2328070907809037,36,-34.777,-0.9660277777777778,0.463954868443362,36.486999999999995,-0.9531339929289886,0.7393458465220935,116,-82.572,-0.7118275862068966,0.6139474865350089,84.28200000000001,-0.9797109703139459,0.6968476258174261,-1.9534968152169614
Flip_short_only,2,8,80,-35.126000000000005,-0.43907500000000005,0.7675791201011045,60.08500000000001,-0.5846051427144878,0.04830237786744342,-0.8306247660495586,36,-34.032,-0.9453333333333332,0.4911254990504957,38.126999999999995,-0.8925957982532065,0.7645878227959635,116,-69.158,-0.5961896551724138,0.6827731092436976,73.25300000000003,-0.9440978526476728,0.5224586474843996,-1.4850777999391858
Flip_short_only,2,10,80,-24.641,-0.30801249999999997,0.8392607861811637,51.07400000000001,-0.48245682734855294,0.036178258669120805,-0.5349355565542009,36,-25.586999999999993,-0.7107499999999998,0.6174020963859025,32.187,-0.7949482710411033,0.5003930199791217,116,-50.228,-0.433,0.7718723742477575,61.876,-0.81175253733273,0.2603230500186983,-0.9719229313525615
Flip_short_only,2,12,80,-46.304,-0.5788,0.7100236720481958,70.27399999999999,-0.6589065657284345,0.1138061361408077,-0.9973805141989458,36,-18.656999999999993,-0.5182499999999998,0.721025165602524,31.487,-0.5925302505796041,0.19713033971103447,116,-64.96100000000001,-0.5600086206896553,0.7132711567406282,77.79099999999998,-0.8350708950906921,0.5263470800507137,-1.2136805922080627
Flip_short_only,2,15,80,-43.045,-0.5380625,0.7337839843653367,64.79400000000001,-0.6643362039695032,0.14499485041963983,-0.8602102148500334,36,-6.22599999999999,-0.17294444444444418,0.9069037187672893,31.487,-0.19773239749737956,0.02002156840842055,116,-49.271000000000015,-0.4247500000000001,0.7844370846440243,74.53200000000001,-0.6610717544142114,0.484818127687914,-0.8251495145802646
Flip_short_only,2,20,80,-14.208999999999989,-0.17761249999999987,0.9121230487593698,55.715,-0.2550300637171316,0.04445860863053089,-0.23801105252598598,36,14.403000000000004,0.40008333333333346,1.215365521778788,31.487,0.45742687458316145,0.3853287261893947,116,0.19400000000000484,0.00167241379310349,1.0008487590180646,62.28699999999999,0.0031146146065793,0.0038477059378689304,0.002649854252348704
Flip_short_only,2,25,80,-34.855,-0.43568749999999995,0.7899782476394773,46.97600000000001,-0.7419746253405992,0.375903596916716,-0.5596870286741557,36,34.78300000000001,0.9661944444444447,1.5201040716539318,31.487,1.1046781211293553,0.5951291026011756,116,-0.07199999999999696,-0.0006206896551723876,0.9996907694686389,68.96,-0.0010440835266820904,0.19874654903236103,-0.0008844990828066147
Flip_short_only,2,30,80,-47.589,-0.5948625,0.7172622760894751,76.446,-0.6225178557413076,0.558071685771625,-0.7464436331904505,36,54.06300000000002,1.5017500000000004,1.8083945153042154,31.487,1.7169943151141747,0.6832366525301119,116,6.473999999999995,0.055810344827586164,1.0275264464777711,86.67099999999999,0.0746962651867406,0.13417237989497446,0.07280666533021578
Flip_short_only,2,40,80,-35.23600000000001,-0.4404500000000001,0.7906544277099486,86.348,-0.40806967156158813,0.20325558050099204,-0.47725041441869737,36,69.00300000000001,1.9167500000000004,2.0317897034855035,31.487,2.1914758471750253,0.7081323508311832,116,33.76699999999999,0.2910948275862068,1.1435720602741588,86.348,0.39105711770973256,0.024486806774910545,0.33093650700474536
Flip_short_only,2,50,80,-57.256,-0.7157,0.6645516594897033,86.348,-0.6630842636772132,0.09399054217715802,-0.759686499982465,36,-16.516999999999992,-0.45880555555555536,0.7695634582920603,31.487,-0.5245656937783845,0.005087285262816428,116,-73.773,-0.6359741379310344,0.6956082224111039,88.74300000000001,-0.8313106385855784,0.4030936559640198,-0.8603287933722742
Flip_short_only,3,3,80,-64.07300000000001,-0.8009125000000001,0.6281311665699362,69.13099999999997,-0.9268345604721475,0.7437429978686529,-1.6604091574532558,36,-24.623000000000005,-0.6839722222222223,0.6378278200244163,28.234000000000005,-0.8721045547920946,0.4985265233959642,116,-88.696,-0.7646206896551724,0.6308747456167,95.30699999999993,-0.9306346858048209,0.8937489228127711,-2.082270880939433
Flip_short_only,3,4,80,-52.349999999999994,-0.6543749999999999,0.7065369113220132,72.15899999999999,-0.7254812289527294,0.5449400413006339,-1.2757679635505994,36,-24.457,-0.6793611111111111,0.6702886339431361,29.317,-0.8342258757717366,0.30839927353453417,116,-76.807,-0.6621293103448276,0.6958909424937837,86.65299999999996,-0.886374389807624,0.793198873064828,-1.675950561389665
Flip_short_only,3,5,80,-35.721999999999994,-0.44652499999999995,0.8031021254078843,63.318999999999996,-0.5641592570950267,0.2565617524693848,-0.8149259992165209,36,-21.914,-0.6087222222222223,0.7184991072231427,24.877,-0.8808939984724847,0.09065795105440466,116,-57.63600000000001,-0.4968620689655173,0.7776997813099036,67.56499999999998,-0.8530452157181977,0.6247957247306104,-1.168447750409432
Flip_short_only,3,6,80,-12.732,-0.15914999999999999,0.9298218537789927,53.34899999999999,-0.2386548951245572,0.00017634061379559674,-0.2714782715555395,36,-38.516999999999996,-1.0699166666666666,0.558174747926632,38.516999999999996,-1.0,0.7159930657454152,116,-51.248999999999995,-0.441801724137931,0.8092002635879987,60.20500000000001,-0.851241591229964,0.39427310258934545,-0.9785149470906624
Flip_short_only,3,8,80,-1.6240000000000023,-0.02030000000000003,0.9914765868558891,47.909000000000006,-0.033897597528648106,0.13108716844331497,-0.03139569424943148,36,-32.802,-0.9111666666666667,0.6364502864996066,35.277,-0.9298409728718428,0.5951556913580399,116,-34.42599999999998,-0.29677586206896533,0.8773832547967845,60.879,-0.5654823502357131,0.1594816409827996,-0.5891932992926011
Flip_short_only,3,10,80,-8.720999999999993,-0.10901249999999992,0.9570981611389329,47.016000000000005,-0.18549004594180687,0.25126642141446515,-0.1547625775855237,36,-44.657,-1.2404722222222222,0.5365944773625826,49.187,-0.9079024945615711,0.8414597244569882,116,-53.378,-0.4601551724137931,0.8218625373358475,94.34899999999999,-0.5657505643938993,0.16734355656579408,-0.8459218745364834
Flip_short_only,3,12,80,-41.885000000000005,-0.5235625,0.805802060440834,80.792,-0.5184300425784731,0.03486507723431764,-0.7364027907950272,36,-35.986999999999995,-0.9996388888888887,0.6265630350638703,41.927,-0.8583251842488133,0.6781485272207706,116,-77.872,-0.6713103448275862,0.7504494486442835,97.40599999999998,-0.799457938936,0.5098217091865291,-1.197315471645742
Flip_short_only,3,15,80,1.176000000000009,0.014700000000000112,1.005452471694439,69.445,0.016934264525883924,0.183202662519498,0.0174727747669333,36,-38.775999999999996,-1.077111111111111,0.6100053305440172,47.666,-0.8134938950195107,0.5198657083234257,116,-37.599999999999994,-0.3241379310344827,0.8806762104541606,100.285,-0.3749314453806651,0.05741989796928017,-0.4962908839724555
Flip_short_only,3,20,80,42.63200000000002,0.5329000000000003,1.19766137183446,50.38999999999999,0.8460408811272083,0.5341988036238989,0.5465771076322433,36,-18.146999999999995,-0.5040833333333332,0.8174841843764772,46.597,-0.3894456724681845,0.023010042512643106,116,24.485000000000014,0.21107758620689668,1.0777032709316463,94.066,0.2602959624093723,0.20991006232398737,0.2727986012311031
Flip_short_only,3,25,80,-8.521999999999991,-0.1065249999999999,0.9621045703969192,57.894999999999996,-0.1471975127385783,0.0909363193423431,-0.10753832141845009,36,2.233000000000004,0.06202777777777789,1.0224586882838664,46.597,0.04792154001330566,0.150180614374449,116,-6.288999999999994,-0.05421551724137926,0.9806080003946853,89.23599999999999,-0.07047604105966196,0.028133747412779037,-0.06565746689360288
Flip_short_only,3,30,80,-7.762999999999991,-0.09703749999999989,0.9659774205423978,80.719,-0.09617314386947301,0.011456832515455335,-0.09086421191447784,36,21.512999999999998,0.5975833333333332,1.2163697989479718,46.597,0.46168208253750237,0.38232749277839195,116,13.750000000000007,0.11853448275862075,1.0419720450917125,84.236,0.16323187235861158,0.0020112631371077753,0.12951760234470958
Flip_short_only,3,40,80,-32.010000000000005,-0.40012500000000006,0.8616453868828936,131.44600000000003,-0.24352205468405275,0.023853395556221162,-0.3619672308651098,36,36.45299999999999,1.012583333333333,1.3666307944522111,46.597,0.7823035817756505,0.47546334453921074,116,4.442999999999984,0.03830172413793089,1.0134315228136366,131.44600000000003,0.033800952482388076,0.0027235364571648146,0.039044081628494265
Flip_short_only,3,50,80,-60.24699999999997,-0.7530874999999997,0.7433666014934466,131.44600000000003,-0.45834030704623924,0.01774948025663566,-0.6886479104293757,36,-50.307,-1.3974166666666668,0.5230071965638541,50.307,-1.0,0.5180712499250056,116,-110.55399999999997,-0.9530517241379308,0.6750571678825253,131.44600000000003,-0.8410602072333883,0.30691540068002654,-1.1377402618804595
Flip_short_only,4,3,80,-71.012,-0.88765,0.6432472080019693,80.91199999999999,-0.8776448487245403,0.7495722539042259,-1.662445685301982,36,-26.103,-0.7250833333333334,0.6697369586396246,31.624000000000002,-0.8254174045029091,0.5032402801741686,116,-97.115,-0.837198275862069,0.6507760133482926,111.66199999999994,-0.8697229137934127,0.8924301383594868,-2.025957755789936
Flip_short_only,4,4,80,-55.822,-0.697775,0.7306382034182919,76.20899999999997,-0.7324856644228375,0.617064418308185,-1.2229665117276853,36,-25.287,-0.7024166666666667,0.7100014908769797,33.657000000000004,-0.7513147339335056,0.22326691998206025,116,-81.109,-0.6992155172413793,0.7245266357600153,101.61499999999995,-0.7981990847807906,0.829737036976408,-1.5663177040089398
Flip_short_only,4,5,80,-35.74399999999999,-0.4467999999999999,0.8312648995680602,62.337999999999994,-0.5733902274696011,0.2666188640265754,-0.7319556198841649,36,-19.700999999999997,-0.5472499999999999,0.7843515001587182,33.657000000000004,-0.5853462875479096,0.00618471496003272,116,-55.444999999999986,-0.4779741379310344,0.8171290799229531,84.497,-0.6561771423837531,0.6349300454303325,-0.9929230748223177
Flip_short_only,4,6,80,-6.737000000000002,-0.08421250000000002,0.9681969457360681,55.912,-0.12049291744169413,0.021902692114327466,-0.12889046780601404,36,-46.861,-1.3016944444444443,0.5659571709088215,54.871,-0.854021249840535,0.7946356776722416,116,-53.59799999999999,-0.46205172413793094,0.8324009768635927,79.714,-0.6723787540457133,0.3974750150995012,-0.9025453616431584
Flip_short_only,4,8,80,1.833999999999996,0.022924999999999952,1.0080352253061404,54.082,0.03391146777116224,0.12807869926359017,0.03160842470064412,36,-50.749,-1.4096944444444446,0.5636896676238458,62.964000000000006,-0.8060002541134617,0.8527843405952702,116,-48.91500000000001,-0.42168103448275873,0.8580359241813448,91.71600000000001,-0.5333311526887349,0.30492255685177017,-0.7405498676356169
Flip_short_only,4,10,80,-12.443000000000001,-0.15553750000000002,0.9498737073636464,63.412,-0.19622468933324924,0.25995931259032545,-0.19693150185064776,36,-62.604000000000006,-1.739,0.49688991754665135,79.034,-0.7921147860414506,0.9197864180917319,116,-75.04699999999998,-0.646956896551724,0.7986218259196549,125.30599999999997,-0.5989098686415655,0.2067161205761398,-1.051484315754263
Flip_short_only,4,12,80,-41.81700000000001,-0.5227125000000001,0.8418819739324754,81.42,-0.5135961680176861,0.00043462383034534785,-0.6410804065554515,36,-51.794000000000004,-1.4387222222222222,0.5837632801324398,71.77399999999999,-0.7216262156212558,0.8644832718597756,116,-93.611,-0.8069913793103448,0.7592934962882585,129.07299999999995,-0.7252562503389558,0.4364178242682526,-1.2517715240280372
Flip_short_only,4,15,80,-25.44299999999999,-0.31803749999999986,0.9066496914372932,92.154,-0.27609219350218106,0.0011671614368217436,-0.34517008297462576,36,-52.852999999999994,-1.4681388888888887,0.5888014066317083,78.553,-0.6728323552251346,0.7569961296736267,116,-78.29599999999999,-0.6749655172413792,0.8047909685655018,129.99899999999997,-0.6022815560119694,0.34943262244349027,-0.931770057022738
Flip_short_only,4,20,80,25.92000000000001,0.3240000000000001,1.0951004204671366,72.09199999999998,0.35954058702768704,0.33182267519051845,0.302069142860211,36,-27.244000000000003,-0.7567777777777779,0.7880405184620413,63.404,-0.4296889786133367,0.4007553222494637,116,-1.3239999999999803,-0.011413793103448106,0.9966989787777247,104.60299999999998,-0.012657380763457841,0.03421001421713246,-0.013272547285958376
Flip_short_only,4,25,80,-36.444999999999965,-0.45556249999999954,0.8719992975678287,91.84800000000001,-0.3967968818047204,0.19626485074992073,-0.4222144994663891,36,-1.833999999999996,-0.050944444444444334,0.9857314018080818,62.62400000000001,-0.02928589678078685,0.03717711882079136,116,-38.27899999999997,-0.32999137931034456,0.9073728581833671,107.12899999999999,-0.35731687964976777,0.4691725411070969,-0.36165167480461574
Flip_short_only,4,30,80,-30.775999999999954,-0.38469999999999943,0.8934773203191247,115.57200000000002,-0.2662928737064336,0.19789668229536425,-0.327684036736803,36,22.41599999999999,0.6226666666666664,1.1743974356979476,62.62400000000001,0.3579458354624423,0.04365398056374522,116,-8.359999999999953,-0.07206896551724097,0.9799736015657003,115.57200000000002,-0.07233585989686042,0.1691680040033252,-0.07082410216904898
Flip_short_only,4,40,80,-39.32299999999999,-0.4915374999999999,0.8638942249450531,160.61900000000003,-0.24482159644873885,0.19251168991580198,-0.39149933689540456,36,47.346,1.3151666666666666,1.3683538985793642,62.62400000000001,0.7560360245273376,0.15263603536420198,116,8.023000000000025,0.06916379310344849,1.0192191141911946,160.61900000000003,0.049950503987697736,0.013966640024214822,0.06143490782901727
Flip_short_only,4,50,80,-59.64299999999997,-0.7455374999999996,0.7964923654354686,160.61900000000003,-0.3713321587109866,0.169834345536947,-0.5753629840681476,36,-31.463999999999984,-0.8739999999999996,0.7697879625971289,81.514,-0.38599504379615757,0.6530983656506905,116,-91.10700000000001,-0.7854051724137933,0.7879995066887883,160.61900000000003,-0.5672243009855621,0.3603950633840298,-0.7360054081560273
Flip_short_only,5,3,80,-80.21799999999999,-1.0027249999999999,0.6365127554488197,95.44399999999999,-0.8404718997527346,0.8059964984227568,-1.736859323216904,36,-10.873,-0.3020277777777778,0.85750979595581,24.384,-0.4459071522309711,0.0003690078235214002,116,-91.091,-0.7852672413793103,0.693293198247794,113.62799999999997,-0.8016598021614393,0.8534927554424567,-1.7429534591014435
Flip_short_only,5,4,80,-62.427,-0.7803375,0.7296561102040993,83.663,-0.746172143002283,0.6953168887352164,-1.2603077243864946,36,-7.926999999999998,-0.2201944444444444,0.9083234066175536,31.637,-0.2505610519328633,0.11175578689898163,116,-70.354,-0.6065,0.7783316109192652,106.19999999999999,-0.662467043314501,0.7547668599881245,-1.2394630101653406
Flip_short_only,5,5,80,-39.98999999999999,-0.49987499999999985,0.8307186941761137,65.77399999999999,-0.6079909994830783,0.39187569836298586,-0.7561814344922638,36,0.5389999999999997,0.014972222222222213,1.0058921914798256,30.617,0.017604598752327127,0.35160795027080444,116,-39.45099999999999,-0.34009482758620685,0.8796164913597654,85.70299999999999,-0.46032227576630924,0.4606944730898087,-0.6454303059395775
Flip_short_only,5,6,80,-17.549999999999997,-0.21937499999999996,0.9272701654344728,58.522999999999996,-0.2998820976368265,0.0001141043731655372,-0.31094322481891085,36,-14.881,-0.4133611111111111,0.8609564209896844,29.577,-0.503127430097711,0.032171331314307605,116,-32.43099999999999,-0.2795775862068965,0.9068952251900508,65.233,-0.4971563472475586,0.28708812887071816,-0.4951797900745324
Flip_short_only,5,8,80,-7.506,-0.093825,0.9713209335024683,54.75,-0.1370958904109589,0.058604981885579235,-0.11959070168068878,36,-10.879000000000012,-0.30219444444444477,0.9072026886398146,34.6,-0.3144219653179194,0.07936312137293276,116,-18.384999999999994,-0.1584913793103448,0.9514853888821453,73.52600000000001,-0.2500476022087424,0.13607323885017514,-0.25013048399049354
Flip_short_only,5,10,80,-19.865000000000006,-0.24831250000000007,0.9305351572881263,67.84900000000002,-0.2927825023213312,0.1989410748109684,-0.28925615366417307,36,-30.440999999999995,-0.8455833333333332,0.770880845394811,56.550999999999995,-0.5382928683842902,0.5670627656770638,116,-50.30599999999999,-0.43367241379310334,0.8798900755193598,119.23,-0.4219240124129832,0.12983328253284054,-0.627616562391203
Flip_short_only,5,12,80,-64.59,-0.8073750000000001,0.7925639024578239,83.59000000000002,-0.7727000837420743,0.0977064062194258,-0.9134490768404936,36,-11.577999999999994,-0.32161111111111096,0.9128562934194382,43.929999999999986,-0.26355565672661047,0.17632264981894835,116,-76.16799999999998,-0.6566206896551722,0.8285408140754649,119.61800000000002,-0.6367603537929071,0.5229201865370194,-0.9006854094782035
Flip_short_only,5,15,80,-44.114999999999995,-0.5514374999999999,0.8628307577500699,89.579,-0.49247033344868774,0.05024548578028361,-0.5520758571076866,36,-21.769999999999996,-0.6047222222222222,0.8478165129918701,61.88,-0.35180995475113114,0.4040695058143399,116,-65.88499999999998,-0.5679741379310342,0.8582084573484755,130.733,-0.5039660988426792,0.4873149836910535,-0.6968388129480821
Flip_short_only,5,20,80,16.950999999999993,0.21188749999999992,1.0527066944435808,77.029,0.22005997741110483,0.26224795842055265,0.18191805385891077,36,18.429000000000013,0.511916666666667,1.1288281801595235,56.666999999999994,0.32521573402509424,4.823976165214479e-05,116,35.379999999999995,0.30499999999999994,1.0761415311377542,110.52000000000001,0.32012305465074187,0.060619733046715224,0.31435771545595187
Flip_short_only,5,25,80,-57.340999999999994,-0.7167625,0.8297294247603663,100.81,-0.5688026981450253,0.5597405330468578,-0.6173111087579521,36,58.92900000000001,1.636916666666667,1.4119439920028525,56.666999999999994,1.0399174122505164,0.2352979549842612,116,1.588000000000033,0.013689655172414076,1.0033096089117681,118.551,0.013395078911186182,0.4163298547634971,0.013179459124276071
Flip_short_only,5,30,80,-47.56199999999997,-0.5945249999999996,0.8608378636174784,126.096,-0.37718880852683645,0.490907112772164,-0.46889326008188387,36,62.869000000000014,1.7463611111111115,1.423100995349651,56.667,1.1094464150210883,0.06339692393394249,116,15.307000000000016,0.13195689655172427,1.0312155231307292,126.096,0.12139163811699036,0.30410290685285685,0.11575141609479685
Flip_short_only,5,40,80,-70.75899999999999,-0.8844874999999999,0.7929655269271508,169.77500000000006,-0.4167810337211012,0.4239140817196531,-0.6790978281228374,36,107.319,2.9810833333333333,1.7222442812821774,56.667,1.8938535655672613,0.21819222825445286,116,36.56000000000002,0.31517241379310357,1.0745567077585063,169.77500000000006,0.21534383743189517,0.03200997338058955,0.25042999845863334
Flip_short_only,5,50,80,-91.93899999999996,-1.1492374999999995,0.7348887235649983,169.77500000000006,-0.5415343837431891,0.393801353277241,-0.8571993939283699,36,-10.830999999999989,-0.3008611111111108,0.9317220467626127,82.804,-0.1308028597652286,0.6598710749114409,116,-102.77,-0.8859482758620689,0.7966661720334374,169.77500000000006,-0.6053305845972609,0.5065905885375361,-0.7761176083447924
Flip_short_only,6,3,80,-59.352000000000004,-0.7419,0.7322288993557469,82.66799999999998,-0.7179561619973874,0.7172806737903537,-1.1937982306603685,36,-16.856,-0.46822222222222226,0.8025998360463751,30.416999999999998,-0.5541637899858632,0.0007319006984743125,116,-76.20799999999998,-0.6569655172413792,0.7517994280912709,98.95499999999996,-0.7701278358849984,0.8113459683692478,-1.3477894975645437
Flip_short_only,6,4,80,-33.954,-0.424425,0.8548329171939666,74.494,-0.45579509759175235,0.4343681615346342,-0.6316174013917986,36,-14.999999999999998,-0.41666666666666663,0.846295727021211,38.81,-0.3864983251739242,0.08364282889103539,116,-48.95400000000002,-0.4220172413793105,0.8523195549736641,86.92000000000002,-0.5632075471698115,0.5887826577034501,-0.7923228932894473
Flip_short_only,6,5,80,-7.059999999999997,-0.08824999999999997,0.9705910531818732,56.95599999999999,-0.12395533394199028,0.015672334384887483,-0.12330750565293115,36,-6.653999999999997,-0.18483333333333327,0.935846509834169,37.79,-0.17607832759989409,0.30112416507413,116,-13.713999999999988,-0.11822413793103438,0.9601085568512695,63.975999999999985,-0.21436163561335486,0.05952390487001774,-0.20667323165400042
Flip_short_only,6,6,80,9.097000000000012,0.11371250000000015,1.0360801640404071,60.708999999999996,0.1498459865917741,0.30400116955569817,0.1487705696343749,36,-23.567000000000004,-0.654638888888889,0.806780355825203,36.75,-0.6412789115646259,0.047217133311106885,116,-14.469999999999988,-0.12474137931034472,0.961320812717353,60.708999999999996,-0.23835016224941918,0.004768175528343866,-0.2029238319161658
Flip_short_only,6,8,80,12.254000000000001,0.153175,1.0433570392385803,55.105999999999995,0.22237142960839115,0.38177664885980395,0.17932864064441564,36,-19.385000000000005,-0.5384722222222224,0.8554544776675864,38.31999999999999,-0.5058716075156579,0.08861193576440657,116,-7.131000000000002,-0.0614741379310345,0.9828886116043578,75.90599999999999,-0.0939451426764683,0.0016030248965310603,-0.08895814164447884
Flip_short_only,6,10,80,22.282000000000004,0.278525,1.0731130295543068,61.59599999999998,0.3617442691083838,0.616053763315207,0.2939482884045282,36,-39.62,-1.1005555555555555,0.739889705882353,64.57,-0.6135976459656187,0.491312154320851,116,-17.338,-0.14946551724137933,0.9620679923252115,121.95599999999999,-0.14216602709173803,0.0022694348382321055,-0.1959546755499012
Flip_short_only,6,12,80,-16.472000000000005,-0.20590000000000006,0.9509535648885645,80.943,-0.20350122926009667,0.1715441302066798,-0.20577337055419775,36,-18.316999999999993,-0.5088055555555554,0.8797465861344538,48.6,-0.3768930041152262,0.09468917221418328,116,-34.789,-0.2999051724137931,0.9287351612671945,123.533,-0.2816170577902261,0.17815664891610303,-0.36754483870070703
Flip_short_only,6,15,80,20.42200000000001,0.25527500000000014,1.058626292551573,75.003,0.27228244203565205,0.39818238087531527,0.22408051940547752,36,-27.888999999999996,-0.7746944444444444,0.8305547117078801,70.39,-0.3962068475635743,0.2613200678459455,116,-7.4670000000000005,-0.06437068965517243,0.9854425147972831,136.39,-0.05474741549967007,0.06815933819983866,-0.06998044217315415
Flip_short_only,6,20,80,84.31500000000001,1.0539375000000002,1.237748809352609,68.00800000000001,1.2397806140454064,0.7291124700850857,0.7976743648577614,36,16.960000000000008,0.4711111111111113,1.103043927334589,67.12,0.25268176400476766,0.022707738935647967,116,101.27500000000002,0.8730603448275864,1.195048812758918,116.533,0.869067131198888,0.39427457287739465,0.8047810484438532
Flip_short_only,6,25,80,1.3560000000000016,0.01695000000000002,1.0035798861089331,68.00800000000001,0.019938830725796986,0.00011586689989793672,0.012460056465978694,36,62.55000000000001,1.7375000000000003,1.3800352390789234,67.12,0.9319129916567344,0.31819384173507476,116,63.906000000000006,0.5509137931034483,1.1176098186696801,95.32300000000001,0.670415324737996,0.0008278574053514877,0.4691247430097069
Flip_short_only,6,30,80,4.111999999999995,0.05139999999999993,1.010678772045094,101.06,0.040688699782307484,0.14605500255068304,0.035014242524364386,36,70.92,1.97,1.415709261430246,67.12,1.0566150178784266,0.22313416648093912,116,75.03200000000001,0.6468275862068966,1.1350314849108185,101.06,0.7424500296853356,0.001991320826213761,0.5048008933013408
Flip_short_only,6,40,80,9.585000000000008,0.1198125000000001,1.024892030654724,123.25,0.07776876267748485,0.06106954972122609,0.07473986964474733,36,125.35999999999999,3.4822222222222217,1.7348182883939038,67.12,1.8676996424314656,0.4274647996081369,116,134.945,1.1633189655172413,1.2428540320302057,123.25,1.0948884381338742,0.22867739736519058,0.7983605640182455
Flip_short_only,6,50,80,18.145000000000017,0.22681250000000022,1.0463979870765816,123.25,0.14722109533468575,0.007351471988055955,0.12842133715097648,36,-40.94000000000001,-1.1372222222222226,0.7830878457136803,105.11000000000001,-0.3894967177242889,0.8019150847843286,116,-22.795,-0.1965086206896552,0.9606856003573566,123.25,-0.18494929006085195,0.05074662946663657,-0.14059840253440423
Flip_short_only,8,3,80,-98.429,-1.2303625,0.6353117277203694,116.74499999999999,-0.8431110540065957,0.8967168064377987,-1.7198547727280025,36,-12.520000000000005,-0.3477777777777779,0.861648286074215,23.569000000000003,-0.5312062454919599,0.1489152905146083,116,-110.94900000000001,-0.9564568965517243,0.692144409020153,123.05499999999998,-0.9016212262809316,0.8183319630469903,-1.6969031775001904
Flip_short_only,8,4,80,-74.108,-0.92635,0.7412276566695648,106.94200000000001,-0.6929737614781845,0.8218998890807986,-1.201982411851996,36,0.7759999999999954,0.021555555555555425,1.0078730570999552,25.380000000000003,0.030575256107170816,0.32291271130871024,116,-73.33200000000001,-0.6321724137931035,0.8095010481962451,107.63400000000004,-0.6813088800936505,0.6313328636877054,-1.0327502356345732
Flip_short_only,8,5,80,-59.20100000000001,-0.7400125000000001,0.8043052125996227,97.14600000000002,-0.6094023428653779,0.7905521948275787,-0.9031620589734334,36,10.195,0.28319444444444447,1.095285716956091,24.729999999999997,0.412252325111201,0.45958114788895704,116,-49.006,-0.4224655172413793,0.8803304428940858,97.14600000000002,-0.5044572087373643,0.41485979369400666,-0.6437794104035575
Flip_short_only,8,6,80,-45.324,-0.56655,0.857729842392891,81.85899999999998,-0.5536837733175339,0.4485965694566267,-0.6506507116080052,36,-8.558000000000009,-0.23772222222222247,0.9348165525435864,33.03,-0.2590977898879809,0.008690061719359784,116,-53.882,-0.46449999999999997,0.880227088834947,82.40799999999999,-0.6538442869624309,0.4363388709286769,-0.6591755347272049
Flip_short_only,8,8,80,-15.476999999999983,-0.1934624999999998,0.9548570195190816,64.641,-0.23943008307420957,0.0015987384020498285,-0.19962618956917472,36,-16.66600000000001,-0.46294444444444477,0.8929340040215592,40.93000000000001,-0.40718299535792835,0.028408797976474158,116,-32.14300000000001,-0.27709482758620696,0.9355212084131549,72.97400000000002,-0.4404719489133116,0.20651613085780623,-0.35038998015873063
Flip_short_only,8,10,80,-2.4890000000000025,-0.031112500000000032,0.993282740231771,67.51700000000001,-0.036864789608543065,0.3364235169209306,-0.02906434821387849,36,-36.597,-1.0165833333333334,0.7964243398545929,59.666999999999994,-0.6133541153401378,0.5275112566135068,116,-39.08600000000001,-0.3369482758620691,0.9289744489005268,93.413,-0.4184214188603301,0.011541462024665727,-0.3860239167400334
Flip_short_only,8,12,80,-43.39499999999999,-0.5424374999999999,0.8945112805715519,83.20200000000001,-0.5215619816831324,0.07964540764836833,-0.47680516080800883,36,-8.837999999999992,-0.24549999999999977,0.9508374543168808,48.45,-0.18241486068111437,0.013965255244942113,116,-52.23300000000001,-0.45028448275862076,0.9116405195367612,92.64300000000001,-0.5638094621288171,0.2546704086342554,-0.48003747099671473
Flip_short_only,8,15,80,3.0250000000000057,0.03781250000000007,1.0070607457547998,88.652,0.03412218562468986,0.023418122682933962,0.02928016234303193,36,-9.516999999999998,-0.26436111111111105,0.9503808634991475,53.681,-0.17728805350123877,0.0937396255232167,116,-6.491999999999971,-0.055965517241379055,0.9895328477039017,88.652,-0.07323015837206122,0.009738447839653983,-0.05302693884639788
Flip_short_only,8,20,80,26.107999999999986,0.3263499999999998,1.057583216437728,84.717,0.30817899595122566,0.3445942628094598,0.22368256018163876,36,49.85900000000001,1.3849722222222225,1.259951720793948,52.513999999999996,0.9494420535476257,0.368709737880657,116,75.96700000000003,0.654887931034483,1.1177423329618705,84.717,0.896714945052351,0.5161285636632711,0.5371449201263416
Flip_short_only,8,25,80,-56.307,-0.7038375,0.8842981490005262,117.51199999999997,-0.47915957519232094,0.6785755999585783,-0.4636279209077695,36,77.342,2.148388888888889,1.3870757866183545,56.309999999999995,1.3735038181495294,0.45094095520796884,116,21.035000000000004,0.18133620689655175,1.0306424052430778,117.51199999999997,0.17900299543876377,0.009182906940715494,0.1375058471592085
Flip_short_only,8,30,80,-42.121,-0.5265125,0.9148702671457966,149.052,-0.2825926522287524,0.5612748195314327,-0.31828337793632766,36,132.38899999999998,3.677472222222222,1.6625711297175831,52.514,2.5210229653044895,0.6823641259255417,116,90.26800000000001,0.7781724137931035,1.1299573709647466,149.052,0.6056141480825485,0.05957699468718822,0.5287488486079986
Flip_short_only,8,40,80,-68.428,-0.8553499999999999,0.864026738414215,190.29299999999995,-0.35959283841234313,0.636304004213632,-0.4863941437381368,36,216.30900000000003,6.008583333333334,2.082568026785312,56.38999999999997,3.835946089732224,0.7799606538647768,116,147.88100000000003,1.274836206896552,1.2103399866582651,190.29299999999995,0.777122647706432,0.12696457251228072,0.7650497773057241
Flip_short_only,8,50,80,-51.29799999999999,-0.6412249999999998,0.8996647537680973,170.109,-0.30155958826399537,0.516667757406677,-0.3288022844247864,36,58.77900000000001,1.6327500000000004,1.2617273945703331,79.09,0.7431913010494374,0.026904567613124927,116,7.481000000000023,0.06449137931034503,1.0101665155935948,170.109,0.04397768489615495,0.025802601725163955,0.038541195134485576
Flip_short_only,10,3,80,-113.464,-1.4183,0.6202893409678835,131.78000000000003,-0.8610107755349824,0.790120491645274,-1.7555888827585067,36,-7.143000000000004,-0.1984166666666668,0.922263214600542,22.559,-0.31663637572587455,0.16942748003655592,116,-120.607,-1.0397155172413792,0.6913085097669847,140.89700000000002,-0.8559940949771818,0.7769746664838914,-1.6394483219181626
Flip_short_only,10,4,80,-90.633,-1.1329125,0.7163588225353172,116.10899999999998,-0.7805854843293802,0.6265384216262788,-1.306996907698315,36,5.972999999999997,0.1659166666666666,1.0586237694700993,32.77,0.18227036924015858,0.5806339937840913,116,-84.66,-0.7298275862068965,0.7991082551652622,131.529,-0.6436603334625823,0.5533428422481588,-1.0640156120815722
Flip_short_only,10,5,80,-45.568999999999996,-0.5696125,0.8573891980196162,86.55000000000001,-0.5265049104563835,0.2111357216271365,-0.6251622544762588,36,30.671999999999997,0.8519999999999999,1.3010393867716195,30.739999999999995,0.9977878985035785,0.7827785253328354,116,-14.896999999999995,-0.1284224137931034,0.9646505513488887,86.55000000000001,-0.1721201617562102,0.004886579557978114,-0.17747147452499992
Flip_short_only,10,6,80,-62.44500000000001,-0.7805625,0.8265855019981062,97.43299999999999,-0.6409019531370276,0.293687772982818,-0.7991605971169847,36,8.475999999999999,0.23544444444444443,1.063807523506252,28.769999999999996,0.294612443517553,0.49757697516541843,116,-53.96900000000003,-0.4652500000000003,0.8905134218384834,103.31100000000004,-0.5223935495736176,0.2879519622052983,-0.5905647870606938
Flip_short_only,10,8,80,-30.417999999999992,-0.3802249999999999,0.9220792528133496,89.67999999999999,-0.33918376449598564,0.01300937195719901,-0.35105990384125,36,0.03799999999999315,0.0010555555555553653,1.0002327048261754,34.800000000000004,0.0010919540229883088,0.42981879828468955,116,-30.38000000000001,-0.261896551724138,0.9451295722346243,89.67999999999999,-0.3387600356824265,0.10936601176227433,-0.29634747601677963
Flip_short_only,10,10,80,4.559999999999997,0.05699999999999996,1.0110122317881596,94.546,0.04823049097793663,0.457907110580709,0.04780796943854719,36,0.3270000000000053,0.00908333333333348,1.0017837952835797,40.45299999999999,0.0080834548735571,0.3330506583096268,116,4.887000000000015,0.04212931034482771,1.0081804212238996,94.546,0.05168912487043359,0.16676388319731758,0.0431340891018887
Flip_short_only,10,12,80,-36.8,-0.45999999999999996,0.9209964748970596,109.47900000000001,-0.3361375240913782,0.06392754884872413,-0.3592301912234381,36,36.41600000000001,1.0115555555555558,1.1986504252197014,30.43,1.1967137693066057,0.7468505927114534,116,-0.38400000000001455,-0.003310344827586332,0.9994084289629482,109.47900000000001,-0.0035075219905188622,0.0854738689317746,-0.00312902372534833
Flip_short_only,10,15,80,22.03400000000001,0.27542500000000014,1.045344072899539,100.12800000000001,0.22005832534356032,0.41040748823261386,0.19062055914400347,36,20.247000000000003,0.5624166666666668,1.0976055380669791,44.63399999999999,0.45362279876327477,0.2830697196708612,116,42.281000000000006,0.36449137931034487,1.0609793384734756,100.12800000000001,0.4222694950463407,0.47836762129245763,0.3076301280774262
Flip_short_only,10,20,80,63.007000000000026,0.7875875000000003,1.1218579139856069,115.48600000000002,0.5455812825797067,0.610599418865962,0.47967685431327745,36,64.35300000000001,1.7875833333333335,1.2956624413641646,51.529999999999994,1.2488453328158358,0.6520243581681461,116,127.36000000000003,1.0979310344827589,1.173347307100761,115.48600000000002,1.1028176575515647,0.7208693438960277,0.8049312583868217
Flip_short_only,10,25,80,-35.17999999999999,-0.4397499999999999,0.9380287942390382,116.13199999999998,-0.30293114731512416,0.14641336729896606,-0.25336359309460404,36,99.70600000000002,2.7696111111111117,1.4378889489101745,76.69,1.3001173555874301,0.6337250217845634,116,64.52600000000001,0.5562586206896553,1.0811260026653926,116.13199999999998,0.5556263562153414,0.23246198162365947,0.3737073740791616
Flip_short_only,10,30,80,-32.62200000000001,-0.4077750000000001,0.9435325152800785,139.53,-0.23379918297140403,0.3891129513443717,-0.2186833404649516,36,164.723,4.575638888888889,1.7234306995700426,71.66999999999999,2.298353564950468,0.7777678838026117,116,132.101,1.1388017241379311,1.164017084466297,139.53,0.9467569698272773,0.27888885541546193,0.6934642939998038
Flip_short_only,10,40,80,-81.86200000000002,-1.0232750000000004,0.863071073843802,238.32399999999998,-0.3434903744482303,0.5423005157439039,-0.5170803848541599,36,218.36299999999997,6.065638888888888,1.9183906934099348,76.77000000000002,2.8443793148365235,0.7642481612741524,116,136.501,1.1767327586206897,1.1633549143739301,238.32399999999998,0.5727538980547491,0.1447030287418396,0.6429892366607066
Flip_short_only,10,50,80,-46.855999999999995,-0.5856999999999999,0.9229143051741979,192.081,-0.24393875500439918,0.33393868394738846,-0.26402732535630885,36,65.496,1.8193333333333332,1.2445121404892034,106.96699999999998,0.612300990024961,0.15493575525488246,116,18.640000000000008,0.16068965517241385,1.0212856583309258,192.081,0.09704239357354454,0.13264028139562994,0.08490412630355602
Flip_short_only,12,3,80,-110.367,-1.3795875,0.6419016038130712,128.683,-0.8576657367329019,0.722525885554784,-1.5684696436977275,36,5.9840000000000035,0.16622222222222233,1.0704995287464658,26.967,0.22190084176957037,0.5530549810597072,116,-104.383,-0.899853448275862,0.7344504850120711,143.17999999999998,-0.729033384550915,0.6247591663306579,-1.3133428519071808
Flip_short_only,12,4,80,-87.41600000000003,-1.0927000000000002,0.7375919310779577,112.89200000000002,-0.7743329908230876,0.5298970641847103,-1.1567213050311322,36,19.71,0.5475,1.2034475639966968,40.15,0.49090909090909096,0.7208532076103881,116,-67.70600000000003,-0.5836724137931038,0.8425478477244712,135.69200000000004,-0.4989682516286886,0.31790833390016193,-0.7860222240185748
Flip_short_only,12,5,80,-55.07900000000001,-0.6884875000000001,0.8405633068951545,110.57000000000002,-0.49813692683368,0.1401154271481373,-0.690107756601784,36,46.48199999999999,1.2911666666666664,1.4797894302229566,38.12,1.2193599160545645,0.829182883413373,116,-8.597000000000016,-0.07411206896551738,0.9805647239679883,110.57000000000002,-0.07775165053812078,0.018206059209168863,-0.09432261154577427
Flip_short_only,12,6,80,-60.152000000000015,-0.7519000000000002,0.8425987225145687,105.363,-0.5709024989797179,0.21402594308574352,-0.7052316537936416,36,20.40300000000001,0.5667500000000003,1.153359891761876,36.15,0.564398340248963,0.6671890442564892,116,-39.749,-0.3426637931034483,0.9228469886276511,108.39800000000005,-0.3666949574715399,0.09938646101471266,-0.4004634717921563
Flip_short_only,12,8,80,-74.952,-0.9369,0.8341945988036668,124.54,-0.6018307371125742,0.054215237305750744,-0.7749713035833243,36,10.497999999999983,0.29161111111111065,1.061958131931042,44.137,0.2378503296553908,0.6845898971195494,116,-64.454,-0.5556379310344827,0.8962903368544695,143.175,-0.4501763576043303,0.25858930338903036,-0.5673616875113219
Flip_short_only,12,10,80,-40.34600000000001,-0.5043250000000001,0.9159374270760411,131.66600000000003,-0.3064268679841417,0.2220292564873462,-0.3820683039334711,36,10.230000000000004,0.2841666666666668,1.052849917599591,42.083,0.24309103438443086,0.6362970394559683,116,-30.11600000000002,-0.2596206896551726,0.9552855969913246,131.66600000000003,-0.22873027205201052,0.028450962312882393,-0.24129176594627952
Flip_short_only,12,12,80,-84.991,-1.0623875,0.8427964479332942,148.696,-0.5715755635659332,0.005279519882167141,-0.7501702798187707,36,50.446000000000005,1.4012777777777778,1.260612604421208,36.027,1.4002276070724735,0.841407805726143,116,-34.544999999999995,-0.297801724137931,0.9529494286375833,148.696,-0.23231963200086078,0.0002472722488028257,-0.2558339041892717
Flip_short_only,12,15,80,-26.33099999999998,-0.32913749999999975,0.95338878788898,139.345,-0.18896264666834103,0.11107378715098722,-0.20828647181069262,36,35.70000000000001,0.9916666666666669,1.1607840134752314,39.194,0.91085370209726,0.6783655917241547,116,9.369000000000018,0.08076724137931049,1.0119055485523747,139.345,0.06723599698589844,0.21549871146028285,0.062391708866778965
Flip_short_only,12,20,80,-13.744,-0.1718,0.9776154164372943,156.72299999999998,-0.0876961262865055,0.27949744305983354,-0.0968335946844736,36,87.93299999999998,2.442583333333333,1.3754659538764373,48.779999999999994,1.8026445264452642,0.8172028099975163,116,74.18900000000002,0.6395603448275864,1.0874673275241071,156.72299999999998,0.4733765943735127,0.5309858022424699,0.43272996147871434
Flip_short_only,12,25,80,-117.26199999999997,-1.4657749999999996,0.8263346060087261,190.05399999999997,-0.6169930651288581,0.5607646467404896,-0.7826371977255933,36,131.31599999999997,3.647666666666666,1.5332261326121648,58.97,2.226827200271324,0.8089813653841714,116,14.054000000000013,0.12115517241379321,1.0152514690960788,190.05399999999997,0.07394740442190122,0.020190265569168715,0.07501744888436779
Flip_short_only,12,30,80,-111.73700000000002,-1.3967125000000002,0.8374091276839709,225.25100000000003,-0.4960555114072746,0.5736223731027917,-0.6961858388022434,36,206.17299999999997,5.727027777777777,1.8371929653587367,49.059999999999974,4.202466367713006,0.8808532819075005,116,94.43600000000002,0.8141034482758622,1.1011639055377909,225.25100000000003,0.4192478612747558,0.11062639150029846,0.45817994297433223
Flip_short_only,12,40,80,-154.29700000000003,-1.9287125000000003,0.7830646544573137,302.59899999999993,-0.5099058489948746,0.6098467991673122,-0.9006338179581101,36,226.52299999999997,6.292305555555554,1.8378662287272018,96.22999999999999,2.3539748519172816,0.7807890705319465,116,72.22599999999997,0.6226379310344825,1.0735787452310732,302.59899999999993,0.2386855211021847,0.058242204899993134,0.3161217508729784
Flip_short_only,12,50,80,-48.27799999999999,-0.6034749999999999,0.9321230833256006,267.96999999999997,-0.18016195842818225,0.27091310506522814,-0.24302763337502442,36,77.08299999999998,2.141194444444444,1.2515377863056256,134.19,0.5744317758402264,0.22118408789207156,116,28.805000000000003,0.24831896551724142,1.0283038798079995,267.96999999999997,0.10749337612419303,0.21125367358232133,0.11792898355174111
Flip_short_only,15,3,80,-109.58600000000001,-1.369825,0.6571955892703528,127.90199999999997,-0.8567966099044584,0.8345461238633861,-1.4066883093251978,36,21.113999999999997,0.5864999999999999,1.278108535300316,35.68000000000001,0.5917600896860985,0.5612857577392194,116,-88.47200000000002,-0.7626896551724139,0.7763571329263514,130.682,-0.6770021885186944,0.5791599384272782,-1.0149553085855736
Flip_short_only,15,4,80,-66.866,-0.835825,0.8003237057741466,94.79299999999999,-0.7053896384754149,0.7114397697315498,-0.8078548485161422,36,33.723,0.93675,1.3705824175824175,33.010000000000005,1.0215995152983943,0.7461390689021026,116,-33.143,-0.28571551724137934,0.9221761468234587,107.773,-0.3075260037300623,0.2658527523413387,-0.3535622574327901
Flip_short_only,15,5,80,-33.532000000000004,-0.41915,0.9041592353775095,74.339,-0.45106875260630364,0.28550683402498533,-0.38460245452792297,36,62.542,1.737277777777778,1.6872747252747253,30.33,2.062050774810419,0.8379126437278482,116,29.009999999999998,0.2500862068965517,1.0658014117476275,84.296,0.34414444338995914,0.06869368597744996,0.29358326486340575
Flip_short_only,15,6,80,-20.105,-0.2513125,0.9470909913892923,69.475,-0.2893846707448723,0.038021118105502155,-0.21636449994655568,36,50.562999999999995,1.4045277777777776,1.4174964907934933,42.22,1.1976077688299382,0.7257771284368492,116,30.457999999999995,0.26256896551724135,1.0607820363917924,81.202,0.3750892835151843,0.08787443425873846,0.2839077830487652
Flip_short_only,15,8,80,-108.297,-1.3537124999999999,0.787483344551436,133.46300000000002,-0.8114383761791656,0.15225253084587115,-1.0029310307352826,36,83.98499999999999,2.3329166666666663,1.6169923596826326,36.989999999999995,2.270478507704785,0.8373230644039065,116,-24.311999999999998,-0.2095862068965517,0.962348597596765,154.623,-0.15723404668128285,0.0023651740755909084,-0.19437778208524917
Flip_short_only,15,10,80,-85.968,-1.0746,0.8425237813489745,151.89,-0.5659885443412997,0.041440385420443766,-0.7361181205516049,36,113.62700000000002,3.1563055555555564,1.7510542666402276,35.19999999999999,3.2280397727272745,0.8968818150184725,116,27.659000000000027,0.23843965517241403,1.039671486414965,151.89,0.18209888735268964,0.23859194586513827,0.20223817511235712
Flip_short_only,15,12,80,-114.429,-1.4303625,0.8112327632709823,171.78300000000004,-0.6661252859712543,0.006732457882862617,-0.9124624425327241,36,135.42299999999997,3.7617499999999993,1.8140358259196923,32.97,4.107461328480436,0.9074243519868963,116,20.994,0.18098275862068966,1.0271749049577308,171.78300000000004,0.12221232601596196,0.10763260901129348,0.14138586107413117
Flip_short_only,15,15,80,-51.528000000000006,-0.6441000000000001,0.919036380834462,162.43200000000002,-0.31722813238770686,0.07976183614952288,-0.3702241627672078,36,157.477,4.374361111111111,1.848841095299698,34.307,4.590229399247967,0.8755257943072489,116,105.949,0.9133534482758621,1.1288989408166392,162.43200000000002,0.6522667947202521,0.4294961969832579,0.6422803989698468
Flip_short_only,15,20,80,-70.35499999999999,-0.8794374999999999,0.9012096915742842,182.897,-0.38467006019781624,0.060715144438611604,-0.4522373729953366,36,196.141,5.448361111111111,1.909702703956217,60.360000000000014,3.249519549370443,0.8904372765312674,116,125.78600000000003,1.0843620689655176,1.1355781304734442,182.897,0.6877422811746504,0.4703168452839916,0.6673006611703911
Flip_short_only,15,25,80,-179.78599999999997,-2.2473249999999996,0.7718362016779847,236.02799999999996,-0.7617147118138526,0.6193293490890998,-1.091377082235932,36,256.853,7.134805555555555,2.1137015999653124,60.360000000000014,4.255351225977468,0.8982867289566248,116,77.06700000000004,0.6643706896551728,1.0756598033180866,236.02799999999996,0.32651634551832853,0.09354664413376136,0.371281304836955
Flip_short_only,15,30,80,-167.38099999999997,-2.0922624999999995,0.7915525617411945,258.561,-0.6473559430849973,0.5804917715785388,-0.9488029007163564,36,342.68000000000006,9.51888888888889,2.4858431253522957,60.35999999999996,5.67726971504308,0.9204972415084736,116,175.299,1.511198275862069,1.1695973080990187,258.561,0.6779792776172742,0.19241770802753974,0.7716626902917898
Flip_short_only,15,40,80,-197.301,-2.4662625,0.7596320305447298,331.672,-0.5948678212209652,0.5655140613592439,-1.0521003261130655,36,386.853,10.745916666666666,2.4828771849126037,64.95999999999998,5.955249384236455,0.867013644173019,116,189.552,1.6340689655172413,1.175233819816605,331.672,0.5715043778190501,0.18626571387246924,0.7493487922496828
Flip_short_only,15,50,80,-80.40199999999999,-1.0050249999999998,0.9020478077650766,310.642,-0.2588252715344351,0.2175394403868369,-0.373171224217806,36,267.113,7.4198055555555555,1.894641122684798,107.86000000000004,2.476478768774336,0.6502222835139522,116,186.711,1.6095775862068966,1.1667957537928837,310.642,0.6010487957198318,0.38680103432688184,0.6801655367090681
Flip_short_only,18,3,80,-86.933,-1.0866625,0.7189072260951667,114.519,-0.7591142081226696,0.8560523956192243,-1.0442058278080224,36,6.546999999999992,0.1818611111111109,1.0723529346756993,44.41,0.14742175185768955,0.3627929224631801,116,-80.38600000000001,-0.6929827586206897,0.7989118334980173,114.519,-0.7019446554720178,0.46857756629776387,-0.8520059079238504
Flip_short_only,18,4,80,-20.749000000000017,-0.2593625000000002,0.9329093213652883,63.152000000000015,-0.3285564986065368,0.36697907011732117,-0.23925223489201106,36,16.196000000000005,0.449888888888889,1.1492347526421995,41.739999999999995,0.38802108289410653,0.6127932745433553,116,-4.55300000000001,-0.03925000000000008,0.9891023109419689,69.75900000000001,-0.06526756404191586,0.007051898620052416,-0.045527280946625344
Flip_short_only,18,5,80,15.755,0.19693750000000002,1.0481086329880789,67.381,0.2338196227423161,0.0240261733665108,0.1718786806239263,36,45.015,1.2504166666666667,1.4147815750919126,38.91,1.1569005397070162,0.7579957655420393,116,60.77000000000001,0.5238793103448277,1.1393759389011846,67.381,0.9018862884195843,0.508821111819155,0.5764449884077839
Flip_short_only,18,6,80,2.7849999999999895,0.03481249999999987,1.0072996527095208,68.254,0.04080346939373501,0.011983058666229632,0.02790726270201842,36,26.926000000000005,0.7479444444444446,1.1860211265173026,53.959999999999994,0.4989992587101558,0.5547335771728509,116,29.710999999999988,0.2561293103448275,1.056455597105679,68.254,0.43530049520907177,0.25048792447177126,0.254617169067724
Flip_short_only,18,8,80,-115.92499999999998,-1.4490624999999997,0.7859124184648114,146.36100000000005,-0.7920484282015013,0.49600741422868966,-0.9873484901850487,36,57.087999999999994,1.5857777777777775,1.3501966052620273,47.405,1.2042611538867207,0.7204731788385976,116,-58.837,-0.5072155172413794,0.9164841497740955,168.16800000000006,-0.34987036772751046,0.09682851036720151,-0.4307261547342423
Flip_short_only,18,10,80,-93.513,-1.1689125,0.8398673224058686,149.414,-0.6258650461134835,0.009862606557705227,-0.7371755885167042,36,113.01000000000002,3.139166666666667,1.6932405822705605,44.25999999999999,2.553321283325803,0.8554074916517596,116,19.497,0.16807758620689656,1.0261007859553488,149.414,0.13048978007415638,0.24196391938095463,0.13156159418826407
Flip_short_only,18,12,80,-98.634,-1.232925,0.8457450635104831,171.48999999999998,-0.5751589013936673,0.016938680235520878,-0.7222042491483338,36,144.856,4.023777777777777,1.8561381111958253,41.99999999999997,3.448952380952383,0.8988000920804449,116,46.222000000000016,0.39846551724137946,1.0571616546235003,171.48999999999998,0.26953175112251454,0.2542058937886666,0.2892480896954193
Flip_short_only,18,15,80,-29.826999999999998,-0.3728375,0.9558573678103762,158.92899999999997,-0.1876749995280912,0.06559522952076222,-0.197483413384523,36,166.99999999999997,4.638888888888888,1.872896815233356,40.38,4.135710747894996,0.903974831372167,116,137.173,1.1825258620689656,1.1582133139872182,158.92899999999997,0.8631086837518642,0.5504216324555777,0.7745451122669267
Flip_short_only,18,20,80,-58.522999999999996,-0.7315375,0.9236281303422984,177.54699999999997,-0.3296197626543958,0.049519355606369886,-0.3469034230019368,36,204.36399999999998,5.676777777777777,1.898512620522583,72.33000000000001,2.8254389603207515,0.8741952267153991,116,145.84100000000004,1.2572500000000004,1.1467601588750345,177.54699999999997,0.8214219333472267,0.5456601728339128,0.7212018887588836
Flip_short_only,18,25,80,-196.34799999999996,-2.4543499999999994,0.7722402921293053,272.66700000000003,-0.7201018091664922,0.6822539093900677,-1.0981280668268742,36,267.05,7.418055555555556,2.0876161230283015,72.33000000000001,3.692105626987418,0.8642928005449961,116,70.70200000000003,0.6095000000000003,1.0638323036489918,272.66700000000003,0.2592979715183723,0.10304050260496679,0.3177660299020974
Flip_short_only,18,30,80,-129.71299999999997,-1.6214124999999995,0.849535544100111,236.0279999999999,-0.5495661531682683,0.4753909371613352,-0.6708633759429907,36,357.7830000000001,9.938416666666669,2.4571449516773445,72.33000000000004,4.9465367067606785,0.8924895997727788,116,228.07000000000005,1.9661206896551728,1.2059097832200725,236.0279999999999,0.966283661260529,0.33070026067972336,0.9364886363850715
Flip_short_only,18,40,80,-166.56300000000002,-2.0820375,0.8113613764391703,332.062,-0.5016021104492535,0.5322750331744915,-0.8138991830646406,36,435.84599999999995,12.106833333333332,2.64770506243455,89.92000000000007,4.847041814946615,0.8448210387209685,116,269.283,2.3214051724137934,1.234671121603568,332.062,0.810941932530672,0.3068996780613592,0.9982061158965679
Flip_short_only,18,50,80,-39.340999999999994,-0.49176249999999994,0.9554448941871448,291.89399999999995,-0.1347783784524519,0.13701266444031332,-0.1692961024967688,36,319.949,8.887472222222222,2.0373909350003405,141.71000000000004,2.2577729165196523,0.6098213074306478,116,280.608,2.4190344827586205,1.2355297295346366,291.89399999999995,0.9613352792452057,0.4869466558822764,0.9560766789657081
Flip_short_only,22,3,80,-78.627,-0.9828374999999999,0.7465754307705201,106.213,-0.7402766139738074,0.6178450799249542,-0.866108629624846,36,-13.226000000000004,-0.367388888888889,0.8800471612552149,56.839000000000006,-0.2326923415260649,0.12919846703963328,116,-91.85300000000001,-0.7918362068965518,0.7815717757622739,106.47299999999998,-0.8626881932508713,0.4585129056992485,-0.8768516136780653
Flip_short_only,22,4,80,-36.09300000000001,-0.45116250000000013,0.8915621385329511,78.21200000000002,-0.46147649976985633,0.35403704678568904,-0.3737693672973847,36,-7.777000000000005,-0.2160277777777779,0.9413056603773585,53.76,-0.14466145833333344,0.3918046691667549,116,-43.87000000000002,-0.37818965517241393,0.9057258593086849,92.81200000000001,-0.4726759470758093,0.1903512962748176,-0.38831118664619224
Flip_short_only,22,5,80,-29.385000000000005,-0.36731250000000004,0.9222353660376159,76.935,-0.38194579840124787,0.4574650725998976,-0.2815470566908637,36,21.04199999999999,0.5844999999999998,1.1588075471698114,50.93,0.41315531121146654,0.6132312607594701,116,-8.343,-0.07192241379310345,0.9836530680622525,85.692,-0.09736031368155722,0.00024128024081290742,-0.06903391937791517
Flip_short_only,22,6,80,-53.678000000000026,-0.6709750000000003,0.8791093214059696,90.59800000000001,-0.5924854853308023,0.6109272840925556,-0.4722111811774077,36,-5.196999999999999,-0.14436111111111108,0.9706168372250804,70.17,-0.07406298988171582,0.2618209427563142,116,-58.87500000000001,-0.5075431034482759,0.905176592992973,120.31800000000001,-0.48932828005784673,0.384594575869748,-0.44025047608128753
Flip_short_only,22,8,80,-186.377,-2.3297125000000003,0.6993720552488147,212.813,-0.8757782654255145,0.8406223054266233,-1.4168703690208733,36,20.834999999999972,0.5787499999999992,1.1045566317057256,63.614999999999995,0.3275170950247579,0.4595353749408758,116,-165.54200000000003,-1.427086206896552,0.7979295166552941,246.613,-0.6712622611135667,0.7216066961459487,-1.0754000582415888
Flip_short_only,22,10,80,-170.038,-2.1254750000000002,0.7464654748236836,188.38799999999995,-0.9025946450941676,0.45280716983040603,-1.2023578848696181,36,76.757,2.132138888888889,1.3851909469563908,57.480000000000004,1.3353688239387613,0.7404881091727988,116,-93.28099999999998,-0.8041465517241377,0.8927730648090673,214.19799999999995,-0.43548959374037105,0.1648497881298397,-0.5624125549214701
Flip_short_only,22,12,80,-125.94899999999998,-1.5743624999999999,0.8181819494167919,157.67099999999996,-0.798808912228628,0.21044423999323117,-0.8418390697722161,36,108.603,3.01675,1.5286103674860068,54.2,2.003745387453874,0.8292697598403796,116,-17.345999999999968,-0.1495344827586204,0.9806873977086744,170.06899999999993,-0.10199389659491133,0.0073597542047168975,-0.09880850579682836
Flip_short_only,22,15,80,-95.97500000000001,-1.1996875,0.8735252297235148,152.16999999999996,-0.6307090753762242,0.2184496211749164,-0.5812690921705455,36,126.56700000000001,3.51575,1.5461359223300972,51.360000000000014,2.464310747663551,0.8383432740481745,116,30.59200000000002,0.26372413793103466,1.0308823870857675,152.16999999999996,0.20103831241374798,0.03524460200549182,0.15755473802513992
Flip_short_only,22,20,80,-141.601,-1.7700125,0.8375242822605536,173.521,-0.8160453201629775,0.2857778496755447,-0.7690585803733093,36,155.44799999999998,4.318,1.562477610968183,88.87000000000002,1.7491616968605823,0.785980947696126,116,13.847000000000019,0.11937068965517258,1.0120630656059324,173.871,0.07963950284981405,0.04194703628265319,0.06275103664579877
Flip_short_only,22,25,80,-245.599,-3.0699875,0.7454726910568937,301.87800000000004,-0.8135703827373971,0.8770751418405671,-1.2501460995346274,36,225.164,6.254555555555555,1.7833889424297986,88.87,2.533633397096883,0.8129130142048965,116,-20.434999999999974,-0.17616379310344804,0.9836826114209745,301.87800000000004,-0.06769290905597616,0.016999324106187937,-0.08470629103274924
Flip_short_only,22,30,80,-223.31499999999997,-2.7914375,0.7738877655475893,309.5899999999999,-0.7213249781969703,0.8128513796979158,-1.0652313238927715,36,315.89699999999993,8.774916666666664,2.0990665326017752,88.86999999999995,3.554596601777879,0.8604407601694006,116,92.58200000000004,0.7981206896551727,1.0726103719691433,309.5899999999999,0.29904712684518253,0.06216724249704759,0.35393334468847804
Flip_short_only,22,40,80,-190.63500000000002,-2.3829375,0.8075305738998392,336.09400000000005,-0.567207388409195,0.6324906416069351,-0.8451811170352586,36,395.85,10.995833333333334,2.299944501548374,105.64299999999997,3.7470537565196,0.8173799302646917,116,205.215,1.7690948275862068,1.1584693841304354,336.09400000000005,0.6105881092789517,0.2262600576322534,0.7088249241570599
Flip_short_only,22,50,80,-40.90299999999999,-0.5112874999999999,0.9587034021256596,284.836,-0.14360193234001317,0.1661361307843464,-0.16016048884936276,36,272.143,7.559527777777777,1.7639680761770011,169.25299999999996,1.607906506827058,0.530472500988099,116,231.24,1.993448275862069,1.1717096411057613,284.836,0.8118355825808535,0.46044304350589954,0.7328180070898637
Flip_short_only,26,3,80,-133.22600000000003,-1.6653250000000004,0.6348542031535641,160.81200000000004,-0.8284580752680147,0.8003581828878635,-1.2843037496957972,36,-34.146,-0.9485,0.7397011739594449,73.73899999999999,-0.46306567759259015,0.011979795862033106,116,-167.37199999999999,-1.4428620689655172,0.6625816219354603,179.47800000000004,-0.9325488360690444,0.7501479318371869,-1.3910035687993396
Flip_short_only,26,4,80,-94.38199999999998,-1.1797749999999998,0.7586965081020828,132.14800000000002,-0.714214365711172,0.7370743287449126,-0.8588380149529308,36,-32.577000000000005,-0.9049166666666668,0.7928989192625557,66.61,-0.48907071010358816,0.17535513170036066,116,-126.95899999999999,-1.0944741379310343,0.7685063289292786,154.648,-0.8209546841860224,0.7001274636996041,-0.9828384171863827
Flip_short_only,26,5,80,-94.72500000000001,-1.1840625,0.7862756113905116,140.29100000000003,-0.675203683771589,0.8202659470079394,-0.8009907383473426,36,-3.7579999999999947,-0.10438888888888874,0.9761093452002544,63.78,-0.05892129194104727,0.4310469567418302,116,-98.48299999999999,-0.8489913793103447,0.8360013388597378,156.94800000000004,-0.6274880852256797,0.49531641531010284,-0.7161073439059958
Flip_short_only,26,6,80,-119.82800000000003,-1.4978500000000003,0.7651218905033803,145.19800000000004,-0.8252730753867134,0.8379977145973881,-0.9445550472993289,36,-37.657000000000004,-1.0460277777777778,0.8201070080733769,86.75,-0.43408645533141216,0.041394797463794646,116,-157.485,-1.3576293103448278,0.7811191367350427,186.86800000000002,-0.8427606652824453,0.7913826227121856,-1.0479411221076398
Flip_short_only,26,8,80,-285.231,-3.5653875,0.6031916506796622,309.31699999999995,-0.9221316642796873,0.9052250389798888,-1.9378927051940285,36,-15.43500000000002,-0.4287500000000006,0.9344697291330558,80.195,-0.19246835837645765,0.1433098110341236,116,-300.66600000000005,-2.5919482758620696,0.6849530519629529,353.36699999999996,-0.850860436882901,0.8788167131929804,-1.7403160662493167
Flip_short_only,26,10,80,-277.009,-3.4626125,0.6437829281120722,291.30899999999997,-0.9509112317161503,0.7220032236412275,-1.7609895947765024,36,40.487,1.124638888888889,1.1718901248195635,74.06,0.5466783688900891,0.5563419714450095,116,-236.52200000000002,-2.0389827586206897,0.766555038043548,329.069,-0.7187611108916367,0.6628357950873277,-1.279052041704214
Flip_short_only,26,12,80,-236.95,-2.961875,0.7051837640176132,259.6700000000001,-0.9125043324219199,0.6379543226774144,-1.430944723941811,36,72.333,2.0092499999999998,1.2992429256991562,68.63000000000001,1.0539559959201514,0.71885703809425,116,-164.61700000000002,-1.4191120689655174,0.8425382207125989,288.9700000000001,-0.5696681316399625,0.4380653664256982,-0.8458258771414107
Flip_short_only,26,15,80,-209.456,-2.6182,0.759888482313992,250.01800000000003,-0.8377636810149668,0.6519368532490324,-1.1610492514079418,36,86.157,2.39325,1.3165674603174602,62.989999999999995,1.367788537863153,0.7298922286995925,116,-123.299,-1.0629224137931035,0.8922671098342664,261.53600000000006,-0.4714417900403768,0.39603855255523424,-0.5796439722733939
Flip_short_only,26,20,80,-225.92799999999994,-2.824099999999999,0.7688853244513368,280.004,-0.8068741875116067,0.6642835166871673,-1.1305268418325074,36,107.32099999999998,2.9811388888888883,1.3307374649449906,104.44999999999999,1.027486835806606,0.6451224860141117,116,-118.60699999999996,-1.022474137931034,0.9089073521099073,280.004,-0.4235903772803244,0.14848915406675256,-0.49537979506447466
Flip_short_only,26,25,80,-328.20599999999996,-4.102575,0.6941768877616153,413.092,-0.7945106659049315,0.9134997307391968,-1.5496467122153033,36,177.037,4.917694444444445,1.5276024437490683,104.44999999999999,1.6949449497367164,0.7195613345627985,116,-151.16899999999995,-1.3031810344827581,0.892691974879662,413.092,-0.36594511634212223,0.19705731931814363,-0.5831988481546324
Flip_short_only,26,30,80,-304.95199999999994,-3.811899999999999,0.7225857981598632,424.174,-0.718931381932886,0.8564069594639575,-1.3546629879241776,36,267.77,7.438055555555555,1.79800327819997,104.45000000000002,2.5636189564384866,0.8042147260639931,116,-37.18199999999996,-0.32053448275862034,0.9740858758196173,424.174,-0.08765742360446412,0.0011369596971161113,-0.13306460752052315
Flip_short_only,26,40,80,-262.239,-3.2779874999999996,0.7620564628084776,450.678,-0.5818766391969432,0.7063632979274795,-1.0846977644970242,36,347.72299999999996,9.658972222222221,1.9860566016333938,129.04000000000008,2.694691568505888,0.7645722452775667,116,85.48400000000002,0.7369310344827589,1.0587621481688212,450.678,0.18967866192714095,0.09499878985560159,0.27819238914378125
Flip_short_only,26,50,80,-102.40999999999995,-1.2801249999999995,0.9070779035773329,360.1619999999999,-0.2843442673019363,0.3391685995933776,-0.3764222400515045,36,215.6959999999999,5.9915555555555535,1.522683984782029,205.92,1.0474747474747472,0.4043933230576844,116,113.28600000000004,0.9766034482758624,1.0747872952832631,360.1619999999999,0.3145417895280459,0.31989633510257115,0.33918842297515694
Flip_short_only,30,3,80,-174.47000000000003,-2.1808750000000003,0.5703778124161231,202.0560000000001,-0.8634734924971292,0.8620975680894362,-1.5232805264882274,36,-53.69600000000001,-1.491555555555556,0.6437603662177404,89.269,-0.6015078022605833,0.008620953078582985,116,-228.16600000000005,-1.9669482758620693,0.5902419225941082,240.27200000000002,-0.9496154358393821,0.8479423016619971,-1.7059319496602254
Flip_short_only,30,4,80,-139.63600000000002,-1.7454500000000004,0.680018698955975,181.335,-0.7700443929743294,0.835565480256807,-1.1520562251942994,36,-56.287,-1.5635277777777778,0.6890392795978123,78.18,-0.7199667434126374,0.04046080515943178,116,-195.92299999999997,-1.6889913793103446,0.6826633711155526,216.07199999999995,-0.906748676367137,0.8402107779450275,-1.365789718893886
Flip_short_only,30,5,80,-148.22199999999998,-1.8527749999999998,0.7015912769675544,195.35199999999995,-0.7587431917768952,0.8996058373257289,-1.1355423571410157,36,-27.468,-0.763,0.8482514778189051,75.35,-0.3645388188453882,0.24983065121013334,116,-175.68999999999997,-1.5145689655172412,0.7407623819936906,220.1889999999999,-0.7979054357847124,0.7607063969294958,-1.1514356272054598
Flip_short_only,30,6,80,-108.57500000000003,-1.3571875000000004,0.7877313303277822,173.115,-0.6271842416890507,0.8490585496674329,-0.808242639518227,36,-69.61699999999999,-1.9338055555555553,0.7114799618716067,102.52999999999999,-0.6789915146786306,0.009647019788110042,116,-178.192,-1.536137931034483,0.7632905944303046,212.50199999999998,-0.838542696068743,0.804371884463921,-1.099806596300543
Flip_short_only,30,8,80,-293.637,-3.6704625,0.6050075396926818,350.13300000000004,-0.8386441723573612,0.8868855323230334,-1.8606620654133292,36,-51.365000000000016,-1.426805555555556,0.8107894058275316,95.975,-0.5351914561083617,9.409748975541076e-06,116,-345.002,-2.974155172413793,0.6600526767494128,377.22800000000035,-0.9145715588450478,0.8839090532592591,-1.8459630425094202
Flip_short_only,30,10,80,-288.962,-3.612025,0.6431466502006792,339.3949999999999,-0.8514032322220423,0.7187683573838717,-1.7127461626497662,36,4.557000000000011,0.12658333333333363,1.0167863852359378,89.84,0.050723508459483646,0.30173115472327283,116,-284.405,-2.45176724137931,0.7369591757459169,349.202,-0.8144426435129237,0.6988405116183314,-1.4254144674198226
Flip_short_only,30,12,80,-248.996,-3.11245,0.7035045374060637,309.78600000000006,-0.8037677622616902,0.6491556129801404,-1.403748732296162,36,36.403000000000006,1.0111944444444445,1.1311111111111114,84.41,0.43126406823836044,0.5485148061862704,116,-212.59299999999996,-1.8326982758620687,0.8097511559832369,309.78600000000006,-0.6862576100921278,0.5168653025542863,-1.0150769140846982
Flip_short_only,30,15,80,-223.57000000000002,-2.7946250000000004,0.7562916477265914,300.98199999999997,-0.7428018951299414,0.6642394293034667,-1.157730922825839,36,46.03700000000002,1.2788055555555562,1.1474221852183937,75.67999999999999,0.6083113107822413,0.5512964786777408,116,-177.53300000000002,-1.5304568965517242,0.8556227925575388,300.98199999999997,-0.5898459044062436,0.5025242171438551,-0.7770908292005676
Flip_short_only,30,20,80,-271.47499999999997,-3.3934374999999997,0.7397433623652462,367.10100000000017,-0.7395103799771721,0.7934629398780785,-1.2757043596379019,36,59.37099999999995,1.649194444444443,1.1594109118247231,120.97999999999999,0.49075053727888873,0.429272803979655,116,-212.10399999999998,-1.8284827586206895,0.8501608920945641,367.10100000000017,-0.5777810466329427,0.3757243454745626,-0.8294199174725253
Flip_short_only,30,25,80,-365.76900000000006,-4.572112500000001,0.6780264818815129,497.1150000000001,-0.7357834706255091,0.9272757676296735,-1.6290326393405938,36,129.087,3.5857499999999995,1.3366023468057366,120.98,1.067011076210944,0.5814107820471703,116,-236.68200000000004,-2.0403620689655178,0.8442391752143108,497.1150000000001,-0.4761111614012854,0.3109829219152486,-0.8614268416488164
Flip_short_only,30,30,80,-341.602,-4.2700249999999995,0.7070399198652529,508.4240000000002,-0.6718840967381552,0.8920232889121081,-1.433846600204395,36,219.82000000000002,6.106111111111112,1.573194263363755,120.97999999999999,1.816994544552819,0.7239094878325771,116,-121.78199999999994,-1.0498448275862065,0.921407440679016,508.4240000000002,-0.2395284250940158,0.03673869613890613,-0.4127658969423856
Flip_short_only,30,40,80,-288.87899999999996,-3.6109874999999994,0.7528574459566283,534.9280000000001,-0.5400334250590731,0.791259506104792,-1.1299646863072232,36,299.77299999999997,8.327027777777777,1.7483287151451605,153.52,1.9526641479937463,0.6946928134879943,116,10.894000000000034,0.09391379310344856,1.0069412144003116,534.9280000000001,0.020365357580833368,0.036683621454136554,0.03373548904062483
Flip_short_only,30,50,80,-132.25999999999993,-1.6532499999999992,0.8868485622084804,444.4120000000001,-0.297606725290946,0.5323806301230812,-0.4653648102596819,36,159.45600000000002,4.429333333333334,1.340056727303747,241.77999999999994,0.6595086442220203,0.26609443120072573,116,27.196000000000105,0.23444827586206987,1.0166053440437275,444.4120000000001,0.06119546726911087,0.2087308207474294,0.07796637918148337
Flip_short_only,40,3,80,-175.407,-2.1925875,0.5786301462003757,227.84,-0.7698692064606741,0.8051594664773982,-1.324541891017462,36,-17.096000000000018,-0.47488888888888936,0.85797125529617,67.29,-0.25406449695348515,0.4050777719577207,116,-192.503,-1.659508620689655,0.6412862807650451,246.19,-0.7819285917380884,0.7399255027376332,-1.2767715490741949
Flip_short_only,40,4,80,-147.823,-1.8477875000000001,0.6765608760817005,223.96200000000005,-0.6600360775488698,0.8438844565063433,-1.0489189598397548,36,-26.424000000000007,-0.7340000000000002,0.835310102401416,80.16700000000002,-0.329611935085509,0.5157424764773605,116,-174.247,-1.5021293103448277,0.7178103977119982,274.48900000000003,-0.6348050377246447,0.7822468867211169,-1.063293479185039
Flip_short_only,40,5,80,-172.94600000000003,-2.1618250000000003,0.6780872786159015,255.29899999999992,-0.6774252934794107,0.8973590247796674,-1.1261451502539357,36,3.4450000000000047,0.09569444444444458,1.0214712646543718,80.167,0.04297279429191568,0.6725338166225963,116,-169.501,-1.4612155172413794,0.7570546888885065,299.9829999999999,-0.5650353520032804,0.7046620051564049,-0.9633384610706623
Flip_short_only,40,6,80,-130.822,-1.635275,0.7630186491798527,231.49200000000002,-0.5651253607036096,0.8633663905339619,-0.8331767541050055,36,-36.673999999999985,-1.0187222222222219,0.8353631984628989,80.16700000000002,-0.45747003130964087,0.28685895145750007,116,-167.496,-1.4439310344827587,0.7838181086020507,269.099,-0.6224326363160028,0.7729809059176707,-0.9043158257330989
Flip_short_only,40,8,80,-241.64499999999998,-3.0205624999999996,0.6706756977758396,323.551,-0.7468528918161279,0.8998329671942236,-1.3569119676721482,36,-26.542000000000016,-0.7372777777777783,0.8990249451222528,87.26700000000001,-0.30414704298302925,0.22334512921745855,116,-268.187,-2.3119568965517243,0.7309026436434457,353.048,-0.7596332510026965,0.8489978682871742,-1.2803734668455855
Flip_short_only,40,10,80,-262.577,-3.2822125,0.6812256284994196,333.05000000000007,-0.7884011409698242,0.7667805267435903,-1.3728998743332805,36,33.69,0.9358333333333333,1.128168547917689,80.167,0.4202477328576596,0.5915475858642458,116,-228.88699999999997,-1.973163793103448,0.7893480831795613,342.6640000000001,-0.6679633693647419,0.6601801756499622,-1.0221817086899565
Flip_short_only,40,12,80,-176.28199999999998,-2.203525,0.785989695377488,261.602,-0.6738557044670912,0.5039115050633014,-0.8909565786666468,36,69.09599999999998,1.9193333333333327,1.2568271278671705,80.167,0.8619007821173298,0.71611440281898,116,-107.18599999999996,-0.9240172413793101,0.9019112418725319,261.602,-0.4097292834152643,0.28337862530246954,-0.4626165049372608
Flip_short_only,40,15,80,-160.038,-2.0004750000000002,0.8260900748178454,272.84999999999997,-0.5865420560747665,0.5402425041361938,-0.7419962830266654,36,75.38999999999999,2.0941666666666663,1.24080338063799,104.431,0.721912075916155,0.5962701521983144,116,-84.64799999999997,-0.7297241379310342,0.9313652992916631,272.84999999999997,-0.31023639362286964,0.32198071601262523,-0.333587078574115
Flip_short_only,40,20,80,-227.36999999999995,-2.8421249999999993,0.7906615746094412,363.33599999999996,-0.6257843979126758,0.7000293136392722,-0.9434307014696304,36,118.08399999999999,3.2801111111111108,1.3336205703113746,84.1,1.404090368608799,0.7297297713442824,116,-109.28599999999999,-0.9421206896551723,0.9241113185837208,363.33599999999996,-0.3007849483673514,0.23132547300494846,-0.38305079161737
Flip_short_only,40,25,80,-322.12699999999995,-4.0265875,0.7314160218050898,499.263,-0.6452050322174885,0.8990888877256228,-1.2569311978877558,36,197.68,5.4911111111111115,1.541578654655938,84.1,2.350535077288942,0.8302303005786773,116,-124.447,-1.0728189655172413,0.9204486179651743,499.263,-0.24926141132028612,0.208417804342998,-0.40511293755363553
Flip_short_only,40,30,80,-261.10599999999994,-3.2638249999999993,0.7846033278062382,477.90799999999996,-0.5463520175431253,0.8321310740211616,-0.9689260667660355,36,298.423,8.289527777777778,1.8175815806272215,84.10000000000001,3.5484304399524373,0.8900986035384556,116,37.317000000000036,0.3216982758620693,1.0236600290258093,477.90799999999996,0.07808406638934698,0.0002541168687827606,0.11429327334058433
Flip_short_only,40,40,80,-198.13999999999996,-2.4767499999999996,0.8369285214600223,494.51900000000006,-0.40067216830900315,0.7080150314591644,-0.6899234833165636,36,398.38599999999997,11.066277777777778,2.0426305362250945,84.1,4.73705112960761,0.8809907590039335,116,200.246,1.7262586206896553,1.1253773134219955,494.51900000000006,0.4049308519996198,0.10519594938772711,0.5639145323159231
Flip_short_only,40,50,80,-36.702999999999946,-0.45878749999999935,0.9697930126332254,381.065,-0.09631690131604831,0.37088391901983847,-0.11694111308980851,36,253.519,7.042194444444444,1.5855118052043131,120.55000000000001,2.1030194939858977,0.6774686656330334,116,216.81600000000003,1.8691034482758624,1.1315601530790875,381.065,0.5689737971212261,0.3293565880374059,0.5735748849847235
Flip_long_only,2,3,67,-60.096999999999994,-0.8969701492537313,0.4627913005390232,71.26899999999999,-0.8432418021860837,0.9396298654465061,-3.097448719099699,37,-40.78699999999999,-1.1023513513513512,0.35714848613803657,40.787,-0.9999999999999998,0.8507330051311965,104,-100.884,-0.9700384615384615,0.42455908188642216,107.89299999999999,-0.9350374908474137,0.9535281053868121,-4.338894755808561
Flip_long_only,2,4,67,-67.08000000000001,-1.0011940298507465,0.44274606233800745,75.423,-0.8893838749453086,0.9658773068894678,-3.186063308307247,37,-39.876999999999995,-1.0777567567567565,0.390790900896772,40.42999999999999,-0.9863220380905269,0.7160550546854727,104,-106.957,-1.0284326923076923,0.4244456043867343,111.137,-0.9623887634181235,0.952101970405334,-4.199609985552485
Flip_long_only,2,5,67,-53.854,-0.8037910447761194,0.5526184621519238,68.599,-0.7850551757314246,0.942001792056227,-2.2146187383818035,37,-47.78399999999999,-1.2914594594594593,0.3125989009408176,47.784,-0.9999999999999999,0.8967837498924206,104,-101.63799999999999,-0.9772884615384615,0.46475327821370266,108.877,-0.9335121283650357,0.9604880059054037,-3.5932635529001944
Flip_long_only,2,6,67,-49.449999999999996,-0.7380597014925373,0.5992057059491002,70.69599999999998,-0.699473803326921,0.9154887959429182,-1.8371262040737892,37,-45.133999999999986,-1.2198378378378374,0.3507207181287222,45.134,-0.9999999999999997,0.8660850773484837,104,-94.58399999999999,-0.9094615384615383,0.5096581542194158,104.86699999999999,-0.9019424604499032,0.9316189121756805,-3.037680560481351
Flip_long_only,2,8,67,-46.22399999999999,-0.6899104477611939,0.6374588235294116,68.003,-0.6797347175859887,0.9019709691431236,-1.5030052641343359,37,-46.68399999999999,-1.2617297297297294,0.3472047431272199,46.684,-0.9999999999999999,0.8521805418252569,104,-92.90799999999999,-0.8933461538461537,0.5331584712633282,108.90400000000001,-0.8531183427605963,0.9570908438503986,-2.6283272053515114
Flip_long_only,2,10,67,-25.714,-0.38379104477611936,0.7983215686274509,60.219,-0.42700808714857436,0.7974753054778246,-0.6999938439875152,37,-41.11399999999999,-1.111189189189189,0.4250915904578125,41.114,-0.9999999999999998,0.7282602972123869,104,-66.828,-0.6425769230769232,0.6642045283246405,89.12700000000001,-0.7498064559561075,0.9017692197964479,-1.587241496585307
Flip_long_only,2,12,67,-34.701,-0.5179253731343284,0.7364147360425372,65.809,-0.5272986977465088,0.8437443233600176,-0.8987700588672806,37,-49.53399999999999,-1.3387567567567564,0.3267458613097018,49.534,-0.9999999999999999,0.8974539294350338,104,-84.235,-0.8099519230769231,0.589546056991385,112.38400000000001,-0.7495284026195899,0.9504760138098137,-1.942308439034541
Flip_long_only,2,15,67,-10.093999999999996,-0.1506567164179104,0.9233270034181543,57.32899999999999,-0.1760714472605487,0.6225327298697027,-0.21568724180059817,37,-43.27399999999999,-1.1695675675675672,0.4118302661266208,43.274,-0.9999999999999997,0.7918506249936794,104,-53.368,-0.5131538461538462,0.7399524422094883,90.46699999999998,-0.5899167652293102,0.8701950847734049,-1.0134716732511642
Flip_long_only,2,20,67,-37.46799999999998,-0.5592238805970147,0.7280927741532836,67.39999999999999,-0.5559050445103856,0.7857797983726662,-0.7727014717474924,37,-55.68399999999999,-1.5049729729729726,0.26445101976117513,55.68399999999999,-1.0,0.8566222562986849,104,-93.15199999999999,-0.8956923076923076,0.5636929101034656,123.08400000000002,-0.7568164830522243,0.9332383400999636,-1.7473735225434814
Flip_long_only,2,25,67,-27.733999999999988,-0.4139402985074625,0.7987329187137602,56.41199999999999,-0.4916329858895269,0.6888562489625883,-0.5091004153272879,37,-50.69399999999999,-1.370108108108108,0.33036563457677276,50.69399999999999,-1.0,0.734104906918865,104,-78.42799999999998,-0.7541153846153844,0.632657458278884,105.13000000000002,-0.7460097022733755,0.8999877710805225,-1.2898871572733166
Flip_long_only,2,30,67,-6.9039999999999795,-0.10304477611940267,0.9498973127136295,51.321999999999996,-0.13452320642219673,0.34347403973157375,-0.10717626365917354,37,-45.70399999999999,-1.235243243243243,0.39628024939237033,45.703999999999986,-1.0000000000000002,0.5602961032678222,104,-52.60799999999998,-0.5058461538461537,0.7535936599828572,89.53999999999999,-0.5875362966272055,0.7861544260692185,-0.7315415900225342
Flip_long_only,2,40,67,-9.010999999999989,-0.13449253731343266,0.9355699035443346,67.257,-0.13397861932586924,0.3670453178291603,-0.12272534482480228,37,-35.684000000000005,-0.9644324324324326,0.5286378526894221,44.13399999999999,-0.8085376353831515,0.16726624941886276,104,-44.694999999999986,-0.42975961538461527,0.7926572988620391,93.004,-0.48057072814072493,0.6658934778243546,-0.5295801033209481
Flip_long_only,2,50,67,-61.47399999999998,-0.9175223880597012,0.5671058468948714,81.67299999999999,-0.7526844856929462,0.6853130924035007,-1.0599415342745178,37,-24.844000000000005,-0.6714594594594596,0.6718271161365318,44.13399999999999,-0.5629220102415373,4.4379427957046384e-05,104,-86.31799999999998,-0.829980769230769,0.6035202631010836,125.80699999999999,-0.6861144451421621,0.8205940033433922,-1.1048415677415704
Flip_long_only,3,3,67,-46.138999999999996,-0.6886417910447761,0.6445678717520086,61.413000000000004,-0.7512904433914642,0.8225509634608328,-1.7852212594215664,37,-39.544,-1.0687567567567566,0.4928565932233821,39.544,-1.0,0.7995975410584861,104,-85.68299999999999,-0.8238749999999999,0.5876362586327213,88.70200000000001,-0.9659646907623276,0.918789211618825,-2.715340899074066
Flip_long_only,3,4,67,-40.193,-0.5998955223880597,0.7112799994253327,58.988000000000014,-0.681375873058927,0.7629844976621591,-1.372744878289158,37,-63.95099999999999,-1.7284054054054052,0.3164049555857233,63.950999999999986,-1.0000000000000002,0.8943341580521323,104,-104.144,-1.0013846153846155,0.5525730144954933,106.31400000000002,-0.9795887653554564,0.8943453365222064,-3.014404092569895
Flip_long_only,3,5,67,-23.9,-0.3567164179104477,0.8322583361992126,56.803,-0.42075242504797283,0.5560490779795223,-0.7236834105565781,37,-72.851,-1.968945945945946,0.26908529060609404,72.85099999999998,-1.0000000000000002,0.969048433692593,104,-96.751,-0.930298076923077,0.600453434206614,102.626,-0.942753298384425,0.8101371436081584,-2.530005526278847
Flip_long_only,3,6,67,-38.029,-0.5675970149253732,0.754432979039403,71.45100000000001,-0.5322388769926243,0.710895345848922,-1.0869977014711136,37,-69.04100000000001,-1.8659729729729733,0.30731105336557274,69.041,-1.0000000000000002,0.9615772297439253,104,-107.07,-1.0295192307692307,0.5793472752059655,113.28,-0.9451800847457626,0.864939404759013,-2.650861212807732
Flip_long_only,3,8,67,-22.66600000000001,-0.33829850746268675,0.8592890577469862,73.244,-0.3094587952596801,0.5605557400381687,-0.5542334166667102,37,-80.861,-2.1854324324324326,0.23493012650083736,80.86099999999998,-1.0000000000000004,0.9441054314561551,104,-103.52699999999999,-0.995451923076923,0.6119284935132117,125.15299999999999,-0.8272035029124352,0.8327060492773223,-2.2553716083031277
Flip_long_only,3,10,67,-1.1700000000000075,-0.01746268656716429,0.9928698534968189,69.507,-0.01683283698044812,0.2951305817176375,-0.024778348526513685,37,-75.291,-2.034891891891892,0.28763092410895913,75.29099999999998,-1.0000000000000002,0.9089300871566011,104,-76.461,-0.7352019230769231,0.7165833280821995,114.94599999999997,-0.6651906112435406,0.7105613384432806,-1.443886530369415
Flip_long_only,3,12,67,-15.957000000000011,-0.2381641791044778,0.9080759725558646,65.785,-0.24256289427681102,0.5551808466004845,-0.3183703098697958,37,-84.66799999999999,-2.288324324324324,0.22114287816904002,84.66799999999999,-1.0,0.9601926996946886,104,-100.62500000000003,-0.9675480769230772,0.6435491698459425,124.701,-0.8069301769833445,0.8388037901963002,-1.8258104517846698
Flip_long_only,3,15,67,6.2359999999999935,0.09307462686567154,1.0353096388066292,69.392,0.08986626700484197,0.2628080432533271,0.10673994776183968,37,-78.408,-2.119135135135135,0.27872833646097805,78.40799999999999,-1.0000000000000002,0.929634183871191,104,-72.172,-0.6939615384615384,0.7470462678354253,105.198,-0.6860586703169262,0.6543639146788327,-1.1203461725807864
Flip_long_only,3,20,67,17.35300000000001,0.2590000000000001,1.0945982043076992,72.907,0.23801555406202435,0.0777665229094132,0.25321172974968875,37,-91.768,-2.480216216216216,0.17908898987368949,91.768,-1.0,0.9387093127373339,104,-74.415,-0.7155288461538463,0.7479397209604816,104.428,-0.7125962385567091,0.43997850521352294,-1.014738643000963
Flip_long_only,3,25,67,52.54999999999999,0.7843283582089551,1.2864712520238335,67.907,0.7738524747080565,0.049427877493288294,0.6550045225309205,37,-86.77799999999999,-2.345351351351351,0.22372705478226645,86.77799999999999,-1.0,0.8956894653521831,104,-34.228,-0.32911538461538464,0.8840620945916194,99.43799999999999,-0.344214485407993,0.001206939135043316,-0.3974912426021307
Flip_long_only,3,30,67,98.437,1.4692089552238805,1.5366198027682225,62.81699999999999,1.5670439530700289,0.29436967951846676,1.0427655437010699,37,-81.788,-2.2104864864864866,0.26836511969084337,81.78799999999998,-1.0000000000000002,0.8339867694696623,104,16.649,0.16008653846153847,1.05639389351245,94.44800000000001,0.17627689310520075,0.2668253831566331,0.16431346426233387
Flip_long_only,3,40,67,102.06699999999998,1.5233880597014922,1.538464379167722,55.522,1.8383163430712146,0.26663364643347476,0.9283203404713178,37,-71.768,-1.9396756756756757,0.3579990696675851,71.76799999999999,-1.0000000000000002,0.641169050377663,104,30.298999999999978,0.29133653846153823,1.1005475542576495,84.42800000000001,0.35887383332543676,0.32576073940283284,0.2548022034690108
Flip_long_only,3,50,67,79.524,1.1869253731343283,1.4128286058391128,49.82799999999999,1.5959701372722168,0.3050351705060986,0.6969108573411741,37,-60.928,-1.6467027027027026,0.45496833291587646,64.988,-0.937526928048255,0.3505596642288052,104,18.595999999999982,0.17880769230769214,1.0610866565928654,77.64800000000001,0.23949103647228492,0.3775500382573701,0.14698694553590977
Flip_long_only,4,3,67,-42.786,-0.6385970149253731,0.7060734919315504,68.757,-0.6222784589205462,0.7479774516149618,-1.3941057942437567,37,-20.506999999999998,-0.5542432432432431,0.736098420991674,23.527,-0.8716368427763844,0.022870119230828496,104,-63.293000000000006,-0.6085865384615385,0.7165231957146823,77.31100000000002,-0.8186803947691789,0.7750704297290362,-1.673412704092439
Flip_long_only,4,4,67,-26.279999999999994,-0.39223880597014915,0.8290587171598249,59.88699999999999,-0.4388264564930619,0.5997102298164597,-0.758651785329173,37,-44.297000000000004,-1.1972162162162163,0.5513182817263766,44.297,-1.0000000000000002,0.5367129749452038,104,-70.577,-0.678625,0.7204472716902212,78.51200000000003,-0.8989326472386383,0.7210873165337977,-1.6650111529172633
Flip_long_only,4,5,67,-13.163999999999989,-0.19647761194029834,0.9187878638320975,71.143,-0.18503577302053595,0.44997907274896726,-0.3411975544562868,37,-57.833999999999996,-1.563081081081081,0.4789917480451156,57.83399999999998,-1.0000000000000002,0.7965894546630378,104,-70.99799999999999,-0.6826730769230769,0.7400273894352942,91.06600000000005,-0.7796323545560357,0.7003427940018271,-1.519991574954338
Flip_long_only,4,6,67,-24.971999999999994,-0.3727164179104477,0.8600600735228189,86.666,-0.28814067800521537,0.5930758668396051,-0.6006192657882662,37,-60.153999999999996,-1.6257837837837836,0.4789786408439725,60.154,-0.9999999999999999,0.8688859162317498,104,-85.12599999999999,-0.8185192307692307,0.7103592353913888,107.20500000000004,-0.7940487850380109,0.7586441489392617,-1.708310807152912
Flip_long_only,4,8,67,-12.004999999999997,-0.1791791044776119,0.937134747910601,88.89,-0.13505456181797723,0.49479179230499665,-0.24976623543002138,37,-66.67399999999999,-1.8019999999999998,0.4604528460679431,66.674,-0.9999999999999998,0.7821440876713798,104,-78.679,-0.7565288461538462,0.7498585226586295,110.39900000000003,-0.712678556870986,0.7410347411924216,-1.3861766604974841
Flip_long_only,4,10,67,18.413999999999994,0.27483582089552233,1.0944433616789933,83.38300000000001,0.220836381516616,0.21011705553780774,0.333582623335282,37,-52.373999999999995,-1.4155135135135133,0.5761729813714858,52.373999999999995,-1.0,0.453946259648481,104,-33.96000000000001,-0.3265384615384616,0.8933912628552055,86.682,-0.3917768394822455,0.4198374616342848,-0.5196577899452871
Flip_long_only,4,12,67,10.360999999999997,0.15464179104477607,1.0498498874155617,77.243,0.1341351319860699,0.3446346213924406,0.17291350231116406,37,-54.913999999999994,-1.484162162162162,0.5701246242484967,54.914000000000016,-0.9999999999999997,0.4922942676996995,104,-44.553000000000004,-0.42839423076923083,0.8672389954348784,83.912,-0.5309490895223568,0.6009346391650022,-0.6314388579635507
Flip_long_only,4,15,67,27.841,0.41553731343283584,1.1289353031074885,68.149,0.40853130640214824,0.09065070179772022,0.4061361695724519,37,-56.523999999999994,-1.5276756756756755,0.5714112401807648,58.04400000000001,-0.9738129694714351,0.6006150347817245,104,-28.682999999999993,-0.27579807692307684,0.9175335092894479,74.744,-0.3837498662099967,0.427348437478819,-0.3592667530096352
Flip_long_only,4,20,67,32.90800000000001,0.49116417910447774,1.1441834584226047,101.643,0.3237606131263344,0.09304982949882164,0.41460509362047404,37,-55.08599999999999,-1.4888108108108107,0.5946399399531987,66.756,-0.8251842531008448,0.27934035795746326,104,-22.178000000000008,-0.21325000000000008,0.9390933482730115,101.643,-0.21819505524236799,0.2729259727910668,-0.2406693291473206
Flip_long_only,4,25,67,67.738,1.0110149253731344,1.2967879879248327,96.643,0.7009095330236024,0.011533270830178076,0.7485353266422965,37,-34.78399999999999,-0.9401081081081079,0.7440357926030582,65.654,-0.5298077801809485,0.005270869232149182,104,32.95399999999999,0.31686538461538455,1.090500396835205,96.643,0.34098693128317614,0.08217617855721332,0.30930970174806177
Flip_long_only,4,30,67,112.42200000000004,1.6779402985074632,1.4925669369996977,91.553,1.2279444693237802,0.16258217132354744,1.08979605068326,37,-14.683999999999997,-0.3968648648648648,0.891945192576567,65.654,-0.22365735522588112,0.08917904670309153,104,97.738,0.9397884615384615,1.268414389326918,91.553,1.0675564973294158,0.48268075679685674,0.7991744119846261
Flip_long_only,4,40,67,124.08399999999999,1.8519999999999999,1.524605966312656,81.5,1.5225030674846625,0.18055140562421454,1.0292593681907665,37,24.30600000000001,0.6569189189189192,1.1788599938187114,65.654,0.3702135437292475,0.3997184386334999,104,148.39,1.426826923076923,1.3984458490636962,82.35400000000001,1.8018554047162245,0.5874299851893587,1.0115833701664672
Flip_long_only,4,50,67,110.444,1.6484179104477612,1.4590586396661511,71.50299999999999,1.5446065200061538,0.22500642786681,0.863270886945929,37,26.78600000000001,0.7239459459459462,1.1971095118253934,65.654,0.40798732750479805,0.4925801737842478,104,137.23,1.3195192307692307,1.364506138407679,82.35400000000001,1.6663428613060685,0.6556960136614298,0.8734433150768568
Flip_long_only,5,3,67,-31.778999999999996,-0.47431343283582084,0.7894858868964418,68.49199999999999,-0.4639811948840741,0.670254773636082,-0.9296989928456078,37,-23.140999999999995,-0.6254324324324323,0.7329494310706949,30.354000000000006,-0.7623706924952227,0.0022359259151713794,104,-54.92,-0.5280769230769231,0.7688678649737177,68.49199999999999,-0.801845471003913,0.6706160745630781,-1.2951198993804418
Flip_long_only,5,4,67,-22.08,-0.3295522388059701,0.8671504124474285,69.79499999999999,-0.31635503975929513,0.5181603074046686,-0.5745799622661693,37,-49.641000000000005,-1.3416486486486487,0.5573064369415164,53.64100000000002,-0.9254301746798156,0.5353963664314153,104,-71.721,-0.689625,0.7423231550243053,75.72099999999999,-0.947174495846595,0.5501411986584978,-1.5063703930597387
Flip_long_only,5,5,67,-6.641000000000002,-0.09911940298507466,0.9623248425710558,79.813,-0.08320699635397744,0.36022571881738347,-0.15573420854269898,37,-53.918,-1.4572432432432432,0.5595330485005432,59.048000000000016,-0.9131215282482046,0.5756058208246154,104,-60.559,-0.5822980769230769,0.7972452214904865,79.813,-0.7587611040807888,0.4356286724070779,-1.1507211117202873
Flip_long_only,5,6,67,-7.739,-0.11550746268656716,0.9595918985385414,85.063,-0.09097962686479433,0.40449589047085294,-0.16676457977378878,37,-65.86800000000001,-1.7802162162162165,0.5056736311239192,71.86800000000002,-0.9165136082818499,0.8609473883883241,104,-73.607,-0.7077596153846154,0.7733558313755315,90.69600000000001,-0.8115793419775954,0.5754355273556663,-1.3017596185092233
Flip_long_only,5,8,67,-0.516000000000008,-0.007701492537313552,0.997569717550313,93.57000000000001,-0.0055145880089773214,0.35767417410280833,-0.009626238874892655,37,-70.468,-1.9045405405405407,0.5092347549934535,78.61800000000004,-0.896334172835737,0.7433072190959642,104,-70.98400000000001,-0.6825384615384616,0.8005557600397853,98.91000000000003,-0.7176625214841774,0.536846835941115,-1.1015004105398936
Flip_long_only,5,10,67,36.95299999999998,0.5515373134328355,1.1700387905448622,101.18300000000002,0.36520957077769955,0.09525148781870717,0.6032808849767316,37,-67.34800000000001,-1.8202162162162165,0.5470210791105611,67.34800000000001,-1.0,0.43093709552550774,104,-30.395000000000007,-0.2922596153846154,0.9169533250090849,101.18300000000002,-0.30039631163337716,0.020407151171471596,-0.41560688829214804
Flip_long_only,5,12,67,35.492999999999974,0.529746268656716,1.1526902443955929,97.10399999999998,0.36551532377656926,0.1006913948022898,0.5280038505286243,37,-68.92800000000001,-1.8629189189189193,0.5528453174870902,68.92800000000001,-1.0,0.5012520020093504,104,-33.435,-0.32149038461538465,0.9135150375453636,97.10399999999998,-0.34432155215027194,0.025233096434482294,-0.4195593187127734
Flip_long_only,5,15,67,41.25599999999998,0.6157611940298504,1.1663830164785975,101.77800000000002,0.4053528267405527,0.06330837442611323,0.544086401346128,37,-68.798,-1.8594054054054054,0.5678734736947891,68.79800000000003,-0.9999999999999996,0.5925569405696232,104,-27.542,-0.26482692307692307,0.9323568274364757,101.77800000000002,-0.27060857945725003,0.032280476631902436,-0.30911408223716524
Flip_long_only,5,20,67,32.368999999999986,0.4831194029850744,1.1203536730012014,127.61699999999999,0.25364175619235674,0.3341745604329141,0.372622189998152,37,-63.370000000000005,-1.7127027027027029,0.6141340088170105,71.668,-0.8842161076073003,0.2366377819862283,104,-31.000999999999998,-0.29808653846153843,0.9284334117462377,127.61699999999999,-0.24292218121410156,0.3472992525257891,-0.303726049540527
Flip_long_only,5,25,67,71.826,1.0720298507462687,1.267061784948076,122.61699999999999,0.5857752187706435,0.07435677862925723,0.7315119140749847,37,-38.117999999999995,-1.030216216216216,0.7678958521080449,71.668,-0.5318691745269855,0.009545706092928426,104,33.708000000000006,0.3241153846153847,1.0778157658416767,122.61699999999999,0.274904784817766,0.034182709758127094,0.287777461953421
Flip_long_only,5,30,67,121.38999999999997,1.811791044776119,1.4513495123610798,117.52699999999999,1.0328690428582368,0.005364353278934733,1.0925996510836722,37,-12.958000000000009,-0.35021621621621646,0.9210974985995081,71.668,-0.18080593849416765,0.2438736181864548,104,108.43199999999999,1.0426153846153845,1.250317999339762,117.52699999999999,0.92261352710441,0.41939656042100365,0.8114059763786787
Flip_long_only,5,40,67,140.10699999999997,2.0911492537313427,1.5000874484678672,108.41499999999999,1.2923211732693813,0.017999385578867565,1.0763992538114406,37,18.29199999999999,0.4943783783783781,1.1113817375843338,71.668,0.255232460791427,0.4517419028840973,104,158.39899999999997,1.5230673076923074,1.3564390078151547,108.41499999999999,1.461043213577457,0.5221844471680587,1.0071226955641999
Flip_long_only,5,50,67,103.227,1.5407014925373135,1.3618889025223933,98.378,1.0492894752891908,0.021027693498936545,0.7787698396902377,37,20.771999999999995,0.5614054054054053,1.1264826947901696,71.668,0.2898364681587318,0.5187971582940866,104,123.99900000000001,1.192298076923077,1.275876415268548,98.378,1.2604342434284088,0.5088903174239078,0.7591516304875602
Flip_long_only,6,3,67,-41.57999999999999,-0.620597014925373,0.750723907843384,71.315,-0.5830470448012338,0.6883844766676412,-1.1026881201405798,37,-22.776999999999997,-0.6155945945945945,0.7536023366508003,41.407,-0.5500760740937523,0.12892482026706323,104,-64.357,-0.6188173076923077,0.7517502883395115,82.98699999999998,-0.7755070071215975,0.7865495671859251,-1.3724494806133793
Flip_long_only,6,4,67,-33.343999999999994,-0.49767164179104467,0.8203157838012607,77.919,-0.42793156996368015,0.5487834953807881,-0.7887853994003168,37,-52.55700000000001,-1.4204594594594597,0.5734702158740463,64.727,-0.8119795448576329,0.7052448999421007,104,-85.90099999999998,-0.8259711538461537,0.7218141779202696,98.07100000000001,-0.8759062311998447,0.7154128902943935,-1.6271798725639735
Flip_long_only,6,5,67,-17.965000000000003,-0.268134328358209,0.9091424034148092,81.39900000000002,-0.22070295703878426,0.4056462899787232,-0.3850955956705713,37,-68.62100000000001,-1.8546216216216218,0.5173788893265064,78.821,-0.8705928623082683,0.7567551285833821,104,-86.586,-0.8325576923076923,0.7452686144314248,100.27600000000004,-0.863476804020902,0.6433535832599003,-1.4901344592486567
Flip_long_only,6,6,67,-20.223,-0.30183582089552236,0.9064001332975404,82.38800000000002,-0.24546050395688684,0.4608395598279688,-0.3991438982986901,37,-68.71799999999999,-1.8572432432432429,0.5366940622029248,80.868,-0.8497551565514171,0.8175324303485572,104,-88.94099999999999,-0.855201923076923,0.7559107412886034,101.09100000000007,-0.879811259162536,0.6628304729041572,-1.4239177564626182
Flip_long_only,6,8,67,-12.22,-0.18238805970149255,0.9492014399853673,87.86700000000002,-0.13907382748927355,0.4042194145244479,-0.20965899199772423,37,-57.057999999999986,-1.5421081081081076,0.6302881469050289,73.21799999999999,-0.7792892458138708,0.6094432009726629,104,-69.27799999999999,-0.6661346153846153,0.8245633583108164,93.03700000000002,-0.744628481141911,0.4808471185747685,-0.9706737774467191
Flip_long_only,6,10,67,27.598999999999997,0.4119253731343283,1.1117377468643468,92.55000000000001,0.2982063749324689,0.09966240204486475,0.41726952481152096,37,-65.03799999999998,-1.7577837837837833,0.6096416203011806,69.01799999999999,-0.9423338839143411,0.3485321929676577,104,-37.43900000000001,-0.3599903846153847,0.9094821437637962,92.55000000000001,-0.404527282549973,0.04652329641795111,-0.4668898197516125
Flip_long_only,6,12,67,45.472,0.6786865671641791,1.1754876156808867,82.36,0.5521126760563381,0.007988494561387201,0.6209866433630514,37,-63.188,-1.707783783783784,0.633949519467504,69.178,-0.9134117783110238,0.4116726385855316,104,-17.71599999999998,-0.17034615384615365,0.9589659493351308,82.36,-0.21510441962117507,2.0918191927491744e-05,-0.20084442590394147
Flip_long_only,6,15,67,56.746,0.8469552238805971,1.2044296820399016,74.314,0.7635977070269399,0.005492603574316612,0.685614160527962,37,-58.085,-1.569864864864865,0.6748452177028404,67.03500000000001,-0.866487655702245,0.42831217748681105,104,-1.3389999999999702,-0.012874999999999713,0.9970650124939723,74.314,-0.018018139246978634,0.007488686643263249,-0.01352011258720082
Flip_long_only,6,20,67,58.845000000000006,0.8782835820895524,1.194531497937163,102.80999999999997,0.5723665013131021,0.06865140862038409,0.6131866541588087,37,-43.567,-1.1774864864864865,0.7641814796371272,73.68400000000001,-0.5912681179089082,0.07586707872577111,104,15.278000000000016,0.1469038461538463,1.0313559530748455,102.80999999999997,0.14860422137924345,0.09887039279121929,0.13280177616455596
Flip_long_only,6,25,67,113.97200000000001,1.7010746268656718,1.3767719242568497,92.58999999999999,1.2309320660978509,0.10871534637458863,1.0429404655248309,37,-8.475000000000007,-0.22905405405405424,0.9541267023188343,73.68400000000001,-0.11501818576624512,0.15674149155389286,104,105.49700000000001,1.0143942307692309,1.216517802168934,92.58999999999999,1.1393995031860895,0.4624787049455872,0.7952542926695817
Flip_long_only,6,30,67,143.15600000000003,2.136656716417911,1.463579075536097,81.19999999999999,1.7630049261083751,0.18775193989194183,1.1804818339721235,37,26.748000000000005,0.722918918918919,1.1447809989823976,73.68400000000001,0.3630096085988817,0.47835688008983807,104,169.904,1.6336923076923076,1.344246019685789,81.19999999999999,2.0924137931034483,0.6755955647416992,1.1388304112277312
Flip_long_only,6,40,67,108.093,1.6133283582089553,1.3294795044990122,125.765,0.8594839581759631,0.0012753521407337849,0.807882230683621,37,77.92500000000001,2.1060810810810815,1.421790763634789,73.68400000000001,1.057556593018837,0.679359276519228,104,186.01799999999997,1.788634615384615,1.3627354627354624,125.765,1.4790919572218024,0.47566188097514034,1.0919482240258256
Flip_long_only,6,50,67,69.943,1.0439253731343283,1.2091459293945972,115.72799999999998,0.6043740494953685,0.003227635430101334,0.5140767933502924,37,75.14499999999998,2.0309459459459456,1.4067432394396695,73.68400000000001,1.019827913794039,0.6426203765803072,104,145.08800000000002,1.3950769230769233,1.2794614480805904,115.72799999999998,1.253698327111849,0.39970646888966416,0.8250631223147047
Flip_long_only,8,3,67,-37.132000000000005,-0.5542089552238807,0.7908303806310238,76.19799999999998,-0.4873093781989031,0.6503909960131746,-0.8544696557011925,37,-41.004000000000005,-1.1082162162162164,0.6395157674488119,57.744,-0.7100997506234414,0.2336736149569339,104,-78.13600000000001,-0.7513076923076925,0.7317384676655176,99.86699999999996,-0.782400592788409,0.8167909509880792,-1.425168523318231
Flip_long_only,8,4,67,-18.032999999999998,-0.26914925373134324,0.9072619837388339,67.89800000000001,-0.26558956081180585,0.3697928004190875,-0.37288623786068775,37,-92.20100000000001,-2.4919189189189193,0.4338773455152765,104.37100000000002,-0.8833967289764397,0.8441080905587922,104,-110.23400000000001,-1.0599423076923078,0.6914935001329362,122.40400000000004,-0.9005751446031174,0.6853038159143979,-1.7766223244289296
Flip_long_only,8,5,67,-13.766999999999996,-0.20547761194029845,0.9370875756301752,80.16100000000002,-0.17174186948765602,0.3775376130077106,-0.2567455070472876,37,-113.488,-3.0672432432432433,0.3932777691645593,123.68800000000002,-0.9175344414979625,0.8762185269644384,104,-127.25500000000001,-1.2236057692307694,0.6864705983803053,137.45499999999998,-0.9257938961842059,0.6907448015274055,-1.8695547636479923
Flip_long_only,8,6,67,-17.15799999999999,-0.2560895522388058,0.929458294961189,84.56,-0.20290917691579932,0.449556857953611,-0.29385996180646934,37,-115.99800000000002,-3.1350810810810814,0.4069662220540795,128.148,-0.9051877516621408,0.9129517542894301,104,-133.15599999999998,-1.2803461538461536,0.6965679427025772,145.30599999999998,-0.9163833565028284,0.7138235835654846,-1.8245806520768455
Flip_long_only,8,8,67,-7.314999999999998,-0.10917910447761191,0.9735243872424828,91.82000000000002,-0.07966673927248961,0.2977921994708205,-0.10887061574766554,37,-106.438,-2.8767027027027026,0.47750489664279305,122.59800000000001,-0.8681870829866718,0.8383474579284693,104,-113.753,-1.0937788461538462,0.7630160644829304,132.483,-0.8586233705456549,0.47373210941553995,-1.375574842904607
Flip_long_only,8,10,67,3.0939999999999905,0.046179104477611796,1.0102537589935807,119.12,0.025973807924781652,0.33279123128119403,0.041145848261708015,37,-118.398,-3.199945945945946,0.46175632242431963,120.35800000000002,-0.9837152495056414,0.7369238249883083,104,-115.30399999999997,-1.1086923076923074,0.7789900213526951,127.72300000000006,-0.9027661423549393,0.41720540737290945,-1.2620382921809448
Flip_long_only,8,12,67,22.750999999999998,0.33956716417910443,1.0715285048212813,117.696,0.19330308591625883,0.16328664664335144,0.2749040514650926,37,-118.53800000000001,-3.20372972972973,0.4800303547381026,122.50800000000002,-0.9675939530479641,0.797988925159472,104,-95.78699999999998,-0.921028846153846,0.8245787854369643,122.50800000000004,-0.7818836320893325,0.2776476164073207,-0.96028824586747
Flip_long_only,8,15,67,24.426000000000002,0.3645671641791045,1.0710818550076826,123.96800000000002,0.19703471863706762,0.15216846703425568,0.26502476592279134,37,-115.49800000000002,-3.1215675675675683,0.510707431868537,122.42800000000003,-0.9433953017283627,0.8199901710654434,104,-91.07199999999997,-0.8756923076923074,0.8428934434854912,128.26800000000003,-0.7100134094240181,0.28960645510757427,-0.8261442548758866
Flip_long_only,8,20,67,0.07500000000000817,0.0011194029850747488,1.0001949642045722,141.129,0.0005314286928980448,0.41738853783519236,0.0007154021304380118,37,-102.98000000000002,-2.783243243243244,0.5782291193106188,114.90000000000002,-0.8962576153176676,0.6382609867806431,104,-102.90499999999997,-0.9894711538461536,0.8363592415961275,165.08100000000002,-0.6233606532550685,0.710089808729863,-0.8209765840223405
Flip_long_only,8,25,67,60.21200000000001,0.8986865671641793,1.1565224624758896,128.672,0.46794951504600857,0.024968267373743032,0.5081297966758018,37,-67.88800000000002,-1.8348108108108114,0.7219539566105971,97.454,-0.6966158392677574,0.1969116290178959,104,-7.675999999999981,-0.07380769230769212,0.9877935332441755,128.672,-0.05965555831882601,0.03506934016337975,-0.05359811319549724
Flip_long_only,8,30,67,92.23600000000002,1.3766567164179107,1.2345742435262939,128.16199999999998,0.719682901328007,0.003624397522106326,0.7040871181270302,37,-32.665,-0.8828378378378379,0.8662153251338256,97.454,-0.3351837790136885,0.01566709656388289,104,59.57100000000001,0.572798076923077,1.0934642050812169,128.16199999999998,0.4648101621385436,0.2275840656975981,0.3721550149557086
Flip_long_only,8,40,67,12.618999999999993,0.18834328358208943,1.0295557387646503,195.30599999999998,0.0646114302683993,0.3757349957750807,0.0901462368698757,37,18.511999999999986,0.5003243243243239,1.0758188244641858,97.454,0.18995628706877077,0.35118156117701255,104,31.130999999999972,0.2993365384615382,1.0463868446187472,195.30599999999998,0.15939602469970188,0.008065929687689164,0.17480716633698254
Flip_long_only,8,50,67,-27.187999999999974,-0.405791044776119,0.9374935339327714,185.26900000000003,-0.14674878150149226,0.4583813025956039,-0.19168787547382912,37,15.731999999999998,0.42518918918918913,1.0644328946883412,97.454,0.16143000800377613,0.29075563459939135,104,-11.455999999999982,-0.11015384615384598,0.983131210206089,185.26900000000003,-0.0618344137443392,0.13491817004435533,-0.06257332157586258
Flip_long_only,10,3,67,-50.613,-0.7554179104477612,0.7431789927692503,81.008,-0.6247901441832906,0.7099465469739962,-1.0286038761326486,37,-30.02400000000001,-0.8114594594594597,0.7314418097086685,50.96700000000001,-0.5890870563305669,0.00013357780749043808,104,-80.637,-0.7753557692307692,0.738930689735554,101.58,-0.7938275251033668,0.8033097486324094,-1.3096096534790629
Flip_long_only,10,4,67,-32.52399999999998,-0.4854328358208952,0.8502061024755324,78.709,-0.4132183104854588,0.4530653347242701,-0.5985977524788616,37,-74.401,-2.0108378378378378,0.5414337399150676,86.57100000000003,-0.8594217463122752,0.592723384643465,104,-106.925,-1.028125,0.7181526311904939,119.095,-0.8978126705571182,0.699066709751303,-1.5314885038103654
Flip_long_only,10,5,67,-17.67199999999999,-0.2637611940298506,0.9257038833931026,80.38599999999998,-0.219839275495733,0.35053749754693103,-0.29624449954877063,37,-111.77800000000002,-3.0210270270270274,0.44825781994264297,121.97800000000001,-0.9163783633114169,0.7592651969830693,104,-129.45,-1.2447115384615384,0.7060960381428084,139.64999999999992,-0.9269602577873259,0.7297474940612602,-1.6785002771030029
Flip_long_only,10,6,67,-24.049000000000007,-0.3589402985074628,0.9103238171946783,85.831,-0.2801901410912142,0.490107720338389,-0.3696609001649786,37,-113.31799999999998,-3.0626486486486484,0.4669921590208889,125.46799999999999,-0.9031625593776899,0.822012576313859,104,-137.36700000000002,-1.3208365384615386,0.7142812572148834,149.51699999999997,-0.9187383374465783,0.7872563179671452,-1.6619030079105845
Flip_long_only,10,8,67,-15.39099999999999,-0.2297164179104476,0.9501215283404087,90.13599999999998,-0.17075308422827717,0.358751273131141,-0.2063492691534565,37,-137.338,-3.711837837837838,0.4347788510212733,153.49799999999996,-0.8947217553323172,0.8161600321588398,104,-152.72899999999998,-1.4685480769230768,0.7230917902424254,169.46899999999997,-0.9012208722539227,0.6315828266085713,-1.6410378376952082
Flip_long_only,10,10,67,-4.950999999999997,-0.07389552238805966,0.9854314223416244,112.93000000000002,-0.043841317630390474,0.37088520803159264,-0.05950025641297849,37,-151.145,-4.085,0.42652091759688576,151.24499999999998,-0.9993388211180537,0.7370299261876289,104,-156.096,-1.500923076923077,0.7413055043180384,162.23000000000002,-0.9621894840658324,0.6021950299691988,-1.5226764943883424
Flip_long_only,10,12,67,16.46200000000001,0.24570149253731358,1.0456743641463735,107.213,0.15354481266264364,0.16199901381103857,0.1802940109539405,37,-151.96500000000003,-4.1071621621621635,0.44454800649151294,154.075,-0.9863053707609933,0.8045805566251639,104,-135.503,-1.3029134615384614,0.7862759046007235,154.07500000000002,-0.8794613013142948,0.48567829209012275,-1.2162940948936896
Flip_long_only,10,15,67,18.433000000000014,0.2751194029850748,1.0471970585373598,108.22399999999999,0.17032266410408056,0.1337764550836225,0.1824537646348545,37,-147.585,-3.988783783783784,0.4796529256631927,152.65499999999997,-0.9667878549670829,0.8017469370150335,104,-129.15200000000002,-1.241846153846154,0.8084315511241772,158.31799999999998,-0.815775843555376,0.48171625392328177,-1.0554669889752393
Flip_long_only,10,20,67,-37.460999999999984,-0.5591194029850743,0.9173316444075668,150.583,-0.24877310187736987,0.5910490892682034,-0.3291981526999831,37,-132.457,-3.579918918918919,0.5489105633467058,142.51699999999997,-0.9294119298048655,0.7176074722339827,104,-169.91799999999995,-1.6338269230769227,0.7724676145508889,225.579,-0.7532527407249786,0.845788860207748,-1.2358933055546726
Flip_long_only,10,25,67,27.686000000000007,0.41322388059701504,1.0610970367297219,134.76299999999998,0.20544214658326107,0.13078921524681905,0.2168876493995637,37,-128.12500000000003,-3.4628378378378386,0.5790872476166072,143.65499999999997,-0.8918937732762525,0.6330644571181997,104,-100.439,-0.9657596153846153,0.8674153120734582,164.42699999999996,-0.610842501535636,0.5528054274481289,-0.6521002353488292
Flip_long_only,10,30,67,63.14000000000003,0.942388059701493,1.1362867158225554,129.428,0.4878387984052912,0.003749749500729762,0.4492406234558546,37,-92.902,-2.510864864864865,0.6948008856825604,123.56199999999998,-0.751865460254771,0.2800036262824868,104,-29.76199999999996,-0.28617307692307653,0.9612315451890487,134.002,-0.2221011626692136,0.026306564927303905,-0.17395657201888162
Flip_long_only,10,40,67,7.963000000000003,0.11885074626865676,1.0161296203270083,196.109,0.04060496968522609,0.34806099293210613,0.05253413087680809,37,-41.724999999999994,-1.1277027027027025,0.8629261690287059,122.31800000000001,-0.34111905034418477,0.005058031042096856,104,-33.761999999999986,-0.32463461538461524,0.9576962883699252,196.109,-0.17215936035572046,0.18838723500957855,-0.17748166914210972
Flip_long_only,10,50,67,-23.90700000000001,-0.3568208955223882,0.9525455151770189,176.042,-0.13580281978164307,0.349017332089008,-0.1528780228921347,37,-44.50499999999998,-1.2028378378378373,0.8537933889184556,122.31800000000001,-0.363846694681077,7.226167389856177e-05,104,-68.412,-0.6578076923076923,0.9153511691615545,176.042,-0.388611808545688,0.38449521673411713,-0.3468686603839951
Flip_long_only,12,3,67,-70.30299999999998,-1.0492985074626864,0.6808688349712884,98.52300000000001,-0.7135694203383979,0.8120878745969956,-1.2734537977036837,37,-37.444,-1.012,0.6945516245605163,68.72399999999999,-0.5448460508701474,0.04552312709893156,104,-107.74699999999999,-1.036028846153846,0.6857606990159881,139.02700000000004,-0.7750077323109896,0.8848134262553883,-1.5580058810491808
Flip_long_only,12,4,67,-55.55999999999998,-0.8292537313432833,0.7727467942818577,98.31500000000001,-0.5651223109393274,0.6487957598619537,-0.9154624779885876,37,-74.641,-2.0173243243243246,0.5631120242087951,91.06100000000002,-0.8196813125267677,0.5107043545966203,104,-130.20099999999996,-1.2519326923076919,0.6865134398505293,146.621,-0.8880105851140011,0.8321467814248192,-1.6727623753294687
Flip_long_only,12,5,67,-26.458,-0.3948955223880597,0.8969792307512595,85.74199999999998,-0.30857689347111106,0.40727693876937165,-0.4042180826367458,37,-118.624,-3.206054054054054,0.4603020059418463,139.18400000000003,-0.8522818714794802,0.7963244090150974,104,-145.082,-1.3950192307692306,0.6956017280049682,165.64199999999994,-0.8758768911266469,0.7828806363066724,-1.694964172322931
Flip_long_only,12,6,67,-36.908,-0.550865671641791,0.8741453800224375,93.10000000000001,-0.39643394199785176,0.54311952940081,-0.5161222652155646,37,-119.73399999999998,-3.2360540540540534,0.4834977590081832,145.554,-0.8226087912389902,0.8287622287364595,104,-156.64199999999997,-1.5061730769230766,0.7016774714517519,182.462,-0.8584910830748319,0.8209823494744382,-1.7059097753228316
Flip_long_only,12,8,67,-30.929999999999993,-0.461641791044776,0.9094642496480138,101.78400000000002,-0.3038788021692996,0.33545589205781223,-0.3776942224744293,37,-146.404,-3.9568648648648646,0.454097327610958,178.70399999999995,-0.819254185692542,0.8639406126397188,104,-177.33399999999997,-1.7051346153846152,0.7092027155554096,209.63399999999996,-0.8459219401432975,0.6985848716085228,-1.715958726143869
Flip_long_only,12,10,67,-24.18999999999999,-0.36104477611940283,0.9362303405442168,121.288,-0.19944264890178742,0.44425693847895154,-0.265974659758774,37,-160.87399999999997,-4.347945945945945,0.45155406764464234,178.92399999999998,-0.8991191790927991,0.8053913394017647,104,-185.064,-1.7794615384615384,0.724877761606515,205.947,-0.8986001252749494,0.7371697390349433,-1.6301323189475376
Flip_long_only,12,12,67,-2.347000000000005,-0.03502985074626873,0.9941850381800432,107.56099999999999,-0.021820176458009922,0.1904679210200209,-0.02361827602526244,37,-159.63400000000001,-4.314432432432433,0.47722174372947085,183.75399999999996,-0.8687375512914007,0.8422744317996245,104,-161.98100000000002,-1.5575096153846155,0.7715266209760341,192.79399999999998,-0.8401765615112505,0.6326573452695555,-1.3172306139046102
Flip_long_only,12,15,67,-0.49000000000001975,-0.00731343283582119,0.9988855556642202,105.96400000000004,-0.004624211996527307,0.12929295035929633,-0.004465629960049134,37,-151.08099999999996,-4.083270270270269,0.5239504165563834,184.301,-0.8197513849626424,0.8189940421286694,104,-151.571,-1.4574134615384615,0.7997860100786612,203.37700000000007,-0.7452710975184015,0.6052566924759837,-1.1234011387839913
Flip_long_only,12,20,67,-56.11699999999997,-0.837567164179104,0.8904623781006739,142.618,-0.3934776816390636,0.6106569653287874,-0.4529461167824772,37,-127.613,-3.449,0.612841080779336,180.263,-0.7079267514686874,0.6899336048822748,104,-183.72999999999996,-1.766634615384615,0.7817731333781514,274.9560000000001,-0.6682160054699657,0.8646401172628343,-1.2069656939316216
Flip_long_only,12,25,67,19.130000000000024,0.28552238805970187,1.0373408184139228,105.89399999999999,0.18065235046367145,0.04658992477519696,0.13807781221287638,37,-152.19099999999997,-4.113270270270269,0.5696126284592805,192.97099999999998,-0.7886729094008944,0.7190554492965868,104,-133.06099999999998,-1.2794326923076922,0.8463360441240666,205.07099999999997,-0.6488533239707224,0.5900822367063404,-0.7895393150878585
Flip_long_only,12,30,67,62.38400000000001,0.9311044776119404,1.1189585407060778,138.05700000000002,0.45187132850923895,0.021857863962158164,0.40918481395490564,37,-111.98800000000001,-3.026702702702703,0.6833043940567963,172.878,-0.6477863001654347,0.47322935657106485,104,-49.604,-0.47696153846153844,0.9435054758824278,184.978,-0.26816161921958287,0.08517060900994412,-0.26560588258328455
Flip_long_only,12,40,67,21.256999999999977,0.3172686567164176,1.0379076179029103,178.49399999999997,0.11909083778726444,0.09365444374915247,0.12698805912940195,37,-50.93100000000001,-1.3765135135135138,0.8559700690583518,150.651,-0.33807276420335747,0.061164675498930586,104,-29.674000000000028,-0.28532692307692337,0.9675471252400555,178.49399999999997,-0.16624648447566884,0.18196800995900267,-0.14136047412399863
Flip_long_only,12,50,67,7.139999999999981,0.1065671641791042,1.0124651273223721,178.45399999999998,0.04001031078036907,0.007333499794931993,0.04031892007438639,37,-43.26099999999998,-1.1692162162162156,0.8776603867493935,148.297,-0.29171864569074213,0.06473075455407443,104,-36.12099999999999,-0.34731730769230756,0.9610097883015333,178.45399999999998,-0.20241070527979194,0.17648390764403613,-0.16218958217060273
Flip_long_only,15,3,67,-122.167,-1.8233880597014926,0.5511190149875624,150.38700000000003,-0.8123508015985422,0.8852809834982533,-1.855991182126135,37,-29.977000000000015,-0.8101891891891896,0.7531944673143423,62.74,-0.4777972585272556,0.007667148860024839,104,-152.144,-1.462923076923077,0.6134739430769347,184.907,-0.8228136306359413,0.8910840763335213,-1.8924015219453811
Flip_long_only,15,4,67,-75.124,-1.1212537313432835,0.7239701791967196,112.034,-0.6705464412589035,0.7730767862943707,-1.0823906378263837,37,-58.384000000000015,-1.5779459459459464,0.6499760191846521,74.80400000000002,-0.7804930217635421,0.3416655416880569,104,-133.508,-1.2837307692307693,0.6958531434598675,149.92799999999994,-0.8904807641001018,0.8685124826857432,-1.5200209708590386
Flip_long_only,15,5,67,-46.769000000000005,-0.6980447761194031,0.8371626632499225,100.71900000000001,-0.4643513140519664,0.6702737232013526,-0.6290306425672622,37,-90.98700000000002,-2.4591081081081088,0.5731115698601857,111.54699999999998,-0.8156830752956157,0.755091995197633,104,-137.756,-1.324576923076923,0.7246823742437839,159.629,-0.862976025659498,0.8836579758984583,-1.4297155843657003
Flip_long_only,15,6,67,-43.18600000000002,-0.6445671641791048,0.864031207397589,105.69499999999998,-0.40859075642177994,0.6709066185838064,-0.5376701663507975,37,-92.39699999999999,-2.497216216216216,0.5959020336759239,117.34700000000001,-0.787382719626407,0.8090879590466081,104,-135.583,-1.3036826923076923,0.7518008592867591,173.42200000000003,-0.7818096896587513,0.8897671693465977,-1.3144148397897149
Flip_long_only,15,8,67,-42.509000000000015,-0.6344626865671644,0.8875244747843574,111.821,-0.38015220754598883,0.6291851084529468,-0.46203519492783807,37,-120.614,-3.259837837837838,0.5608287212350713,152.914,-0.7887701583896832,0.8616460470322641,104,-163.123,-1.5684903846153846,0.7500337123417821,210.87700000000004,-0.773545716223201,0.8343753832084329,-1.3945978022975214
Flip_long_only,15,10,67,-37.88000000000003,-0.5653731343283587,0.9105134843989189,161.493,-0.23456125033283196,0.6102211375089719,-0.3723827792566238,37,-131.18699999999998,-3.5455945945945944,0.5695399658747867,146.25699999999998,-0.8969621966811845,0.7844931088211078,104,-169.067,-1.625644230769231,0.7677855243495075,226.11200000000005,-0.7477135225021228,0.8091446500847139,-1.3155117522931161
Flip_long_only,15,12,67,-16.74699999999999,-0.24995522388059685,0.9630671042069143,156.67700000000002,-0.10688869457546409,0.45917396114683534,-0.1513960626776609,37,-127.57700000000003,-3.448027027027028,0.6034533134402588,148.717,-0.8578508173241796,0.8473202486669268,104,-144.324,-1.3877307692307694,0.8138148830441041,222.50300000000004,-0.6486384453243327,0.7662113749526698,-1.0380031392346443
Flip_long_only,15,15,67,-48.43699999999998,-0.7229402985074624,0.9057940995135764,161.48000000000002,-0.2999566509784492,0.5792460428049808,-0.3980821785845953,37,-110.147,-2.976945945945946,0.6729019421512146,140.38699999999997,-0.7845954397486948,0.7803621012129268,104,-158.584,-1.524846153846154,0.8136281424043454,239.70600000000007,-0.6615770986124667,0.8094394391436978,-1.041564982306328
Flip_long_only,15,20,67,-118.77699999999999,-1.7727910447761193,0.8041043791479201,214.629,-0.5534061100783212,0.7757859313325036,-0.8685406059562175,37,-104.87900000000002,-2.834567567567568,0.7144828900443743,150.689,-0.6959963899156543,0.7466722208089631,104,-223.656,-2.1505384615384617,0.7702930597807444,345.165,-0.6479683629568467,0.9163041969513542,-1.3052714935392444
Flip_long_only,15,25,67,-38.480000000000004,-0.5743283582089553,0.9365360003166603,169.0,-0.22769230769230772,0.526692701978897,-0.25413251676493337,37,-120.43700000000004,-3.2550540540540553,0.6969680958132045,155.567,-0.7741808995481049,0.7747400784139792,104,-158.91699999999997,-1.5280480769230766,0.8416795514501358,265.049,-0.599575927470015,0.8166857472783156,-0.8403229053381893
Flip_long_only,15,30,67,51.894,0.7745373134328358,1.0855873388660924,132.52300000000002,0.3915848569682243,0.05408532250233399,0.3098146170739362,37,-79.49400000000003,-2.148486486486487,0.7999849033816426,125.514,-0.6333476743630195,0.4482100018135348,104,-27.600000000000044,-0.26538461538461583,0.9725036064110433,154.162,-0.1790324463875666,0.34589429366734425,-0.13226968335843636
Flip_long_only,15,40,67,15.387000000000013,0.22965671641791063,1.0241562502943589,186.44400000000002,0.0825288022140697,0.34167757338199467,0.08517016675541164,37,3.3729999999999816,0.09116216216216166,1.008486815619968,102.57999999999998,0.03288165334373155,0.04048539682808998,104,18.75999999999999,0.1803846153846153,1.01813580196787,186.44400000000002,0.10062002531591249,0.3294726400926285,0.08055772194732495
Flip_long_only,15,50,67,-1.9499999999999922,-0.029104477611940183,0.997010293788464,163.926,-0.011895611434427683,0.1924533808285735,-0.010268145702606993,37,16.63299999999998,0.44954054054054005,1.041850342190016,102.57999999999998,0.16214661727432234,0.0538554139092049,104,14.682999999999979,0.1411826923076921,1.0139880992075665,171.41899999999998,0.08565561577188048,0.3609334683164703,0.05972271644668874
Flip_long_only,18,3,67,-153.524,-2.291402985074627,0.49931186526909,181.74400000000006,-0.8447266484725765,0.9130647382692262,-2.0398182582529074,37,-32.894000000000005,-0.8890270270270272,0.7417587162517567,64.17399999999999,-0.512575186212485,0.19981104838394,104,-186.418,-1.7924807692307694,0.5704684069004131,217.69800000000004,-0.8563147112054312,0.9098279075989546,-2.0469999309071865
Flip_long_only,18,4,67,-105.591,-1.5759850746268655,0.655635856059173,142.501,-0.7409842737945698,0.8404873893865605,-1.340676660969755,37,-47.05100000000001,-1.271648648648649,0.7126779313250733,66.031,-0.7125592524723237,0.45361577782369567,104,-152.64200000000002,-1.4677115384615387,0.6754942249188428,171.622,-0.8894081178403702,0.8868026556543469,-1.5569035429940228
Flip_long_only,18,5,67,-78.65599999999999,-1.173970149253731,0.7577056957151217,125.56600000000002,-0.6264116082378987,0.7905001364833353,-0.9367396131604292,37,-62.533999999999985,-1.6901081081081077,0.6871375896176148,90.75399999999999,-0.6890495184785242,0.4595678598118171,104,-141.19,-1.3575961538461538,0.7308138880891961,169.40999999999997,-0.8334218759223188,0.8902138490464349,-1.327211087357258
Flip_long_only,18,6,67,-56.212999999999994,-0.8389999999999999,0.8359783728265593,109.671,-0.512560293970147,0.6781173360777066,-0.6316198322860298,37,-87.67099999999998,-2.369486486486486,0.6291318730593839,125.67099999999999,-0.6976231588831153,0.7847093311851631,104,-143.88399999999996,-1.3834999999999995,0.7515433138033986,185.722,-0.7747278189982875,0.8820941505794686,-1.26206664788749
Flip_long_only,18,8,67,-37.72,-0.5629850746268656,0.905043374937694,107.87100000000001,-0.3496769289243633,0.5722807938928931,-0.3741458735211712,37,-120.30799999999996,-3.251567567567567,0.5862348846487186,152.60799999999995,-0.7883466135458168,0.8960438534886337,104,-158.02800000000002,-1.5195000000000003,0.7703074718240459,218.23499999999996,-0.7241184961165719,0.8100927485343364,-1.2257526529391691
Flip_long_only,18,10,67,-36.115,-0.5390298507462686,0.9201740852566851,160.9,-0.2244561839651958,0.5477519739932454,-0.3229712884395785,37,-133.33099999999996,-3.6035405405405396,0.5925016962413735,147.01100000000002,-0.9069457387542424,0.8451214452412554,104,-169.44600000000003,-1.6292884615384617,0.7826545376185197,236.17700000000005,-0.7174534353472184,0.8077033185529696,-1.1927626336342956
Flip_long_only,18,12,67,-16.64300000000002,-0.24840298507462713,0.9660172864058937,159.825,-0.10413264508055699,0.40738268616743906,-0.136974261820575,37,-126.981,-3.4319189189189188,0.632167293331093,150.80100000000002,-0.8420434877752799,0.8627278329123252,104,-143.62399999999997,-1.3809999999999998,0.827987587473936,236.61900000000003,-0.6069842235830595,0.7663354614587881,-0.9370320452169961
Flip_long_only,18,15,67,-63.07299999999999,-0.9413880597014924,0.8877936226686307,153.298,-0.41144046236741505,0.656329648469548,-0.4735437713734568,37,-106.64099999999998,-2.8821891891891886,0.7065093545137799,154.351,-0.6908993139014323,0.7838527204320692,104,-169.714,-1.6318653846153846,0.8166185829902642,251.57500000000005,-0.6746059823114379,0.8536419471868885,-1.0141303091331761
Flip_long_only,18,20,67,-140.35899999999995,-2.0949104477611935,0.7908408003421441,225.91999999999996,-0.6212774433427761,0.7912748534795647,-0.9356331731739969,37,-96.79299999999999,-2.6160270270270267,0.7576624755266466,185.37300000000002,-0.5221526327998144,0.7183499876848396,104,-237.152,-2.280307692307692,0.7784613774980685,381.53,-0.6215815270096716,0.922516089358301,-1.2565137264614494
Flip_long_only,18,25,67,-50.681999999999974,-0.7564477611940295,0.924475049287474,155.33999999999997,-0.32626496716879094,0.5480887405813054,-0.3071371545079513,37,-136.73299999999998,-3.695486486486486,0.6884174881618108,200.66099999999994,-0.6814129302654727,0.8465321441039023,104,-187.415,-1.8020673076923077,0.8311419888512178,295.6829999999999,-0.6338375895807337,0.8283347837174498,-0.9096030092886185
Flip_long_only,18,30,67,50.022000000000006,0.7465970149253732,1.074541436497021,124.95899999999999,0.4003073007946607,0.0020768297664638976,0.27554169271074763,37,-90.68799999999999,-2.4510270270270267,0.7933432687531049,164.148,-0.5524770329215098,0.6835671377733219,104,-40.66599999999997,-0.39101923076923045,0.9633605640883792,171.801,-0.2367040936897921,0.3750696521083071,-0.17976030772634938
Flip_long_only,18,40,67,27.385000000000044,0.40873134328358274,1.0387070967486605,159.64499999999998,0.17153684738012495,0.14053159703877868,0.13844710228752125,37,2.219000000000001,0.05997297297297301,1.0050565817598454,132.74099999999999,0.016716764225069885,0.08130748991677045,104,29.603999999999985,0.28465384615384604,1.0258250917931795,165.64799999999997,0.17871631411185157,0.2720036594231367,0.11686198331135834
Flip_long_only,18,50,67,85.88800000000002,1.2819104477611942,1.1213976675387602,149.945,0.5727966921204444,0.151575350246017,0.4016461574979698,37,25.269000000000013,0.6829459459459463,1.0575821381205652,126.85099999999998,0.19920221362070473,0.04853609171106842,104,111.15699999999997,1.0688173076923073,1.096967968127768,149.945,0.7413184834439293,0.12785399704918282,0.40744648186122634
Flip_long_only,22,3,67,-154.24300000000005,-2.3021343283582096,0.5077848515309622,185.648,-0.8308357752305441,0.9195720667532286,-1.8698433195806272,37,-64.32399999999997,-1.7384864864864857,0.5949548823414584,95.60399999999998,-0.6728170369440607,0.5016177964173868,104,-218.56700000000004,-2.1016057692307695,0.5371030048372202,249.84699999999998,-0.8748033796683572,0.9396629117143982,-2.122189551816584
Flip_long_only,22,4,67,-104.21,-1.555373134328358,0.6674485025449555,152.42500000000004,-0.6836804986058715,0.8501277107854629,-1.214222761248314,37,-87.021,-2.351918918918919,0.5728548498726237,103.441,-0.841262168772537,0.7100141136111789,104,-191.231,-1.8387596153846153,0.6301799292969144,207.65100000000004,-0.9209250136045575,0.9222011782204519,-1.7250212924206765
Flip_long_only,22,5,67,-79.22500000000001,-1.1824626865671644,0.763882431481945,144.982,-0.5464471451628479,0.7815984872486831,-0.8645106660788558,37,-110.71400000000003,-2.992270270270271,0.5536751633697093,134.98399999999998,-0.8202009127007649,0.6930784770232356,104,-189.93900000000002,-1.8263365384615386,0.6745329332800997,214.209,-0.8866994383989469,0.9058037572433941,-1.577951600817611
Flip_long_only,22,6,67,-57.458,-0.8575820895522388,0.8393915337999506,111.4,-0.5157809694793536,0.7393789344731929,-0.5901423596341491,37,-143.904,-3.889297297297297,0.5082340317195612,177.954,-0.808658417343808,0.867915028823883,104,-201.36200000000002,-1.9361730769230772,0.6903928324869038,235.41199999999992,-0.8553599646577069,0.8729678903739589,-1.559382817602909
Flip_long_only,22,8,67,-50.61200000000001,-0.755402985074627,0.8814224063201398,127.25099999999999,-0.3977336130953785,0.6506387181411046,-0.4552060126695709,37,-158.111,-4.27327027027027,0.5306565897939011,190.411,-0.8303669430862712,0.9161960758509621,104,-208.723,-2.0069519230769233,0.7266961109227015,263.197,-0.7930295558080069,0.8385174168395529,-1.4394891655946718
Flip_long_only,22,10,67,8.866999999999987,0.13234328358208935,1.0197542250916753,121.61300000000003,0.07291161306768178,0.20269789321240728,0.07365016516896798,37,-176.354,-4.766324324324325,0.5373920890201643,184.23400000000004,-0.9572283074785326,0.8563141305410258,104,-167.48700000000002,-1.6104519230769232,0.7982286108738523,221.65200000000007,-0.7556304477288721,0.6607459772079777,-1.0613057936232302
Flip_long_only,22,12,67,62.446,0.9320298507462687,1.1326053903456241,90.135,0.6928052365895601,0.08891738388118826,0.48225148196302964,37,-173.03400000000002,-4.6765945945945955,0.5709195148623615,192.86400000000003,-0.8971814335490294,0.8489859478014506,104,-110.588,-1.0633461538461537,0.873495595315855,200.23600000000005,-0.5522882998062285,0.3918209521961171,-0.6543307627327731
Flip_long_only,22,15,67,37.489000000000004,0.5595373134328359,1.069726221031879,100.506,0.3730026068095437,0.026981353731170832,0.26222073082628233,37,-153.504,-4.1487567567567565,0.6392359993137436,200.50400000000002,-0.7655907114072537,0.779075821428912,104,-116.015,-1.1155288461538462,0.8795471558634783,225.49400000000003,-0.5144926250809334,0.48588087098202476,-0.6291870108197157
Flip_long_only,22,20,67,18.510000000000034,0.2762686567164184,1.0292682001242832,137.449,0.13466813145239348,0.16822446302635233,0.11305109904343355,37,-190.356,-5.144756756756757,0.6138643384985505,262.94599999999997,-0.7239357130361368,0.8541835815427374,104,-171.84599999999998,-1.6523653846153843,0.8473028352484976,336.461,-0.5107456733469852,0.6835170945228305,-0.8219564475349851
Flip_long_only,22,25,67,135.34699999999998,2.02010447761194,1.2140120519838653,128.51999999999998,1.0531201369436662,0.34680621645153337,0.7538156650139143,37,-238.356,-6.442054054054054,0.5589732393141361,294.2539999999999,-0.8100348678352718,0.9184651032501596,104,-103.00900000000007,-0.9904711538461546,0.9121746055023342,294.254,-0.3500683083322574,0.20057579581656793,-0.4513945555192468
Flip_long_only,22,30,67,209.041,3.1200149253731344,1.3193674403824325,149.24200000000002,1.4006847938247944,0.5616696018082442,1.0644393215465615,37,-192.311,-5.1975945945945945,0.6441696564203998,254.21100000000004,-0.756501488920621,0.8596036621793698,104,16.729999999999986,0.1608653846153845,1.0139999531382322,254.21099999999996,0.06581147157282725,0.02586377046142563,0.06742994023458262
Flip_long_only,22,40,67,218.77700000000004,3.265328358208956,1.3130734798312549,156.74200000000002,1.395777774942262,0.39292900616908166,1.0003282192952176,37,-99.40400000000001,-2.686594594594595,0.8160741742636324,205.92399999999998,-0.48272178085118794,0.5872402836814357,104,119.37300000000006,1.1478173076923084,1.0963259555493154,205.92399999999998,0.5796944503797521,0.22585058330188992,0.4285791329639741
Flip_long_only,22,50,67,250.37,3.736865671641791,1.3582835816623835,156.97200000000004,1.5949978340086126,0.5540828169804602,1.0801259031053867,37,-76.35399999999998,-2.063621621621621,0.8587232656807111,200.034,-0.3817051101312776,0.5422638272150935,104,174.01600000000002,1.6732307692307695,1.1404191691661403,200.03400000000002,0.869932111541038,0.44404223305211277,0.5892490164662741
Flip_long_only,26,3,67,-184.04700000000003,-2.7469701492537317,0.4636840740276656,215.267,-0.8549708036995918,0.9358233835461676,-2.001112265031978,37,-60.43699999999998,-1.633432432432432,0.6177776372375413,91.71700000000001,-0.6589509033221755,0.630948877842179,104,-244.484,-2.3508076923076926,0.5122893181378405,275.76399999999995,-0.8865696755196474,0.9342022406104319,-2.1556522019863213
Flip_long_only,26,4,67,-134.014,-2.0002089552238806,0.6094810428680911,178.639,-0.7501945263912135,0.889271571979203,-1.4075291730028645,37,-89.444,-2.4174054054054053,0.5750475104522995,105.86400000000002,-0.8448953374140405,0.7536315622050687,104,-223.458,-2.148634615384615,0.5963904928935119,239.878,-0.9315485371730631,0.914024036149813,-1.8302956723089592
Flip_long_only,26,5,67,-112.87900000000002,-1.684761194029851,0.6942489693542009,175.046,-0.6448533528329697,0.8455444743767688,-1.1124660408524614,37,-120.17699999999999,-3.248027027027027,0.5424617376075536,140.73699999999997,-0.8539119066059389,0.8124197283646357,104,-233.05599999999998,-2.240923076923077,0.6311506284759262,253.616,-0.9189325594599709,0.9235509204080007,-1.7549544109260016
Flip_long_only,26,6,67,-95.00200000000001,-1.4179402985074627,0.7596687039585525,144.622,-0.6568986737840716,0.8408737411578142,-0.8828671873367254,37,-163.447,-4.417486486486487,0.4864194815396701,193.23699999999997,-0.8458369773904585,0.9128832867689534,104,-258.449,-2.4850865384615384,0.6377963018501961,288.239,-0.8966482675834986,0.8983476780129847,-1.8047882242608266
Flip_long_only,26,8,67,-50.868999999999986,-0.759238805970149,0.8830847657857056,144.341,-0.35242238864910164,0.6453677891046744,-0.43177565492332537,37,-178.63100000000003,-4.827864864864866,0.5111491201663885,210.93099999999995,-0.846869355381618,0.9333562476439837,104,-229.49999999999997,-2.206730769230769,0.7133052593182037,276.377,-0.8303874779739268,0.7688811102312398,-1.4652347711294402
Flip_long_only,26,10,67,6.702999999999999,0.10004477611940298,1.0145359364868702,142.70299999999997,0.04697168244535855,0.2642702638051819,0.05258723611814847,37,-206.497,-5.581,0.5099738965353584,214.04700000000003,-0.9647273729601442,0.9147371602557225,104,-199.79399999999998,-1.9210961538461537,0.7736129980408665,242.66199999999998,-0.8233427565914729,0.5860421834008535,-1.1681279170744614
Flip_long_only,26,12,67,58.309,0.8702835820895523,1.1196934022781344,108.699,0.5364262780706354,0.009635374735565338,0.42565124740281723,37,-207.997,-5.621540540540541,0.5381641761218554,218.24699999999999,-0.9530348641676634,0.8495430538616173,104,-149.68800000000002,-1.4393076923076924,0.8403367170725412,221.52299999999997,-0.6757221597757346,0.44363898971675386,-0.8169705832121501
Flip_long_only,26,15,67,24.31200000000002,0.36286567164179134,1.042933810375671,123.196,0.1973440696126499,0.01518410158460891,0.15981109492570073,37,-189.69699999999997,-5.126945945945946,0.6021705849044734,220.42699999999996,-0.86058876634895,0.7948379877021917,104,-165.38499999999993,-1.590240384615384,0.8414481107701393,255.43699999999993,-0.6474590603553909,0.5618930509258485,-0.8273679379435298
Flip_long_only,26,20,67,-4.743999999999936,-0.07080597014925277,0.9929796626272105,175.515,-0.027029028857932007,0.3687756358658246,-0.027208893558150468,37,-230.349,-6.225648648648648,0.5836664979757085,286.669,-0.8035364828425815,0.8515151016801249,104,-235.09299999999996,-2.260509615384615,0.8087167858255815,380.281,-0.6182086404527177,0.7460387063288534,-1.040248581089094
Flip_long_only,26,25,67,117.14600000000002,1.7484477611940301,1.1733567541890428,140.46200000000002,0.834004926599365,0.08983756621079138,0.6163345492259333,37,-281.47600000000006,-7.607459459459461,0.5375837636169781,329.234,-0.8549420776712007,0.907842428661909,104,-164.33000000000004,-1.5800961538461542,0.8720627688877333,329.234,-0.4991282795823033,0.310591515927335,-0.6688195486406644
Flip_long_only,26,30,67,191.96699999999998,2.865179104477612,1.2735542948994731,175.822,1.09182582384457,0.3094393021315485,0.9261757178695502,37,-230.56100000000004,-6.23137837837838,0.6212282756728605,284.321,-0.8109179413409492,0.8406472400606729,104,-38.59400000000003,-0.37109615384615413,0.9705492278272178,284.321,-0.13574094069731052,0.00040881171877640355,-0.14510882511798273
Flip_long_only,26,40,67,203.53900000000004,3.03789552238806,1.26988191116686,183.77100000000002,1.1075686588199445,0.15120036634567754,0.8813510346175075,37,-127.64400000000003,-3.4498378378378387,0.7903030522073837,211.344,-0.6039632069043835,0.5665945578303108,104,75.89500000000004,0.7297596153846158,1.0556870168796337,211.344,0.35910648043001003,0.14850376701583295,0.25487333095892883
Flip_long_only,26,50,67,245.546,3.664865671641791,1.3255809636451874,183.77100000000002,1.3361520588123261,0.33960248684420846,1.0013653556038735,37,-94.00400000000003,-2.5406486486486495,0.8455677362014892,207.83399999999997,-0.4523032805027091,0.4751220138110944,104,151.54199999999997,1.4571346153846152,1.1111920668288224,207.83400000000006,0.7291492248621493,0.43951495702222443,0.4787058502626018
Flip_long_only,30,3,67,-178.0,-2.656716417910448,0.4767045320915355,209.22000000000003,-0.8507790842175699,0.918423898390983,-1.839224663292194,37,-84.62699999999998,-2.2872162162162155,0.5358071416817509,115.90699999999998,-0.730128465062507,0.7215373866115996,104,-262.627,-2.5252596153846154,0.49732803534036923,293.907,-0.8935717761060472,0.9558482925716261,-2.1422308930054763
Flip_long_only,30,4,67,-126.887,-1.8938358208955224,0.6269697076601047,167.817,-0.7561033745091379,0.8499233231494311,-1.2704184409626935,37,-121.414,-3.2814594594594597,0.49922045782635593,137.834,-0.880871192884194,0.8161939928896211,104,-248.30100000000002,-2.3875096153846154,0.5738068183768679,264.721,-0.9379724313522539,0.9182411086026849,-1.8771245631064488
Flip_long_only,30,5,67,-109.11200000000002,-1.6285373134328363,0.7055952339194698,165.009,-0.6612487803695558,0.78185627797023,-1.0194331552787617,37,-138.798,-3.7512972972972976,0.5065503891126667,159.35799999999998,-0.8709823165451375,0.8158880258259656,104,-247.91,-2.38375,0.6197116122104616,268.47,-0.9234178865422579,0.9050053731438916,-1.7465106549407319
Flip_long_only,30,6,67,-94.25200000000001,-1.4067462686567165,0.7647516903823546,143.87199999999999,-0.6551100978647688,0.747416073517095,-0.8278372868122753,37,-186.518,-5.041027027027027,0.4535408017672513,212.488,-0.877781333534129,0.9170625431515587,104,-280.77,-2.699711538461538,0.6215884739275174,306.7399999999999,-0.9153354632587862,0.8602340601564671,-1.8331553272633747
Flip_long_only,30,8,67,-51.29899999999999,-0.7656567164179103,0.8845646675487628,126.60799999999999,-0.40517976747124984,0.4769821524606382,-0.41166970953097776,37,-205.72199999999998,-5.560054054054054,0.47586885128955086,238.02199999999996,-0.8642982581442052,0.9264839788345007,104,-257.021,-2.4713557692307693,0.6928881331872381,295.925,-0.8685342569907916,0.7165590477720929,-1.536938978333801
Flip_long_only,30,10,67,3.889999999999983,0.05805970149253706,1.0081999005050633,140.522,0.027682498114174173,0.1332376138919713,0.028872187037509243,37,-197.428,-5.335891891891892,0.5329922341993276,197.428,-1.0,0.8971005680601201,104,-193.538,-1.8609423076923077,0.7842739261235893,224.25300000000001,-0.8630341623077507,0.3857671703626056,-1.072925594069034
Flip_long_only,30,12,67,53.135999999999996,0.7930746268656715,1.1052727510470612,133.119,0.3991616523561625,0.0496331400643846,0.36690996376216817,37,-198.338,-5.3604864864864865,0.5620043680755071,204.34799999999993,-0.9705893867324371,0.8690807927497465,104,-145.202,-1.396173076923077,0.8483651967413587,204.824,-0.7089110651095574,0.26359150171496204,-0.7524249246219942
Flip_long_only,30,15,67,10.248999999999977,0.152970149253731,1.0172090133655716,151.306,0.06773690402231225,7.281489629145754e-05,0.06344190808701126,37,-180.96799999999996,-4.891027027027026,0.6254266441192968,196.258,-0.922092347827859,0.7987613762719409,104,-170.71900000000002,-1.6415288461538464,0.8417350288451464,240.718,-0.7092074543656894,0.4294916460073629,-0.8080004803046212
Flip_long_only,30,20,67,30.31300000000003,0.452432835820896,1.044478257552192,182.039,0.16651926235586897,0.05119810293364294,0.16567928382210292,37,-223.48700000000002,-6.0401891891891895,0.6055097692759845,263.54699999999997,-0.8479967520024894,0.8439393711502768,104,-193.17399999999998,-1.8574423076923074,0.8452187220813352,318.30899999999997,-0.6068757088238158,0.49931253176472534,-0.8114545696455314
Flip_long_only,30,25,67,161.40599999999998,2.4090447761194027,1.2368309846755212,162.35200000000003,0.994173154626983,0.34278980845695506,0.8126098574359376,37,-296.207,-8.005594594594594,0.5297711935306173,335.5450000000001,-0.8827638617771086,0.9172372075338813,104,-134.80100000000002,-1.2961634615384616,0.897211854099867,335.545,-0.4017374718741153,0.040884598572700714,-0.523184686339225
Flip_long_only,30,30,67,241.544,3.605134328358209,1.3387789908328938,203.17200000000003,1.1888646073277813,0.42690884718019145,1.1132996500803927,37,-245.29200000000003,-6.629513513513515,0.6105987893720006,290.63199999999995,-0.843995155385505,0.8645084862339447,104,-3.747999999999962,-0.03603846153846117,0.9972090356354324,290.632,-0.012896033471881837,0.13933035190357834,-0.013454273129364296
Flip_long_only,30,40,67,264.89300000000003,3.9536268656716422,1.342609071296646,212.648,1.2456877092660172,0.3245475417287279,1.088904982178381,37,-142.375,-3.847972972972973,0.7739795942665825,217.655,-0.6541315384438676,0.66072735203434,104,122.51800000000004,1.1780576923076926,1.0873204403154482,217.65499999999997,0.5629000022972137,0.38971577268118346,0.39284805691555963
Flip_long_only,30,50,67,326.81300000000005,4.877805970149255,1.422695572996156,212.648,1.5368731424701858,0.47197590635991266,1.2576295787223992,37,-108.73500000000001,-2.938783783783784,0.8273831162955355,214.14499999999998,-0.5077634313199002,0.5899198638201816,104,218.07800000000003,2.0969038461538463,1.1554275043921076,214.145,1.0183660603796494,0.5892276670765084,0.6561176005993004
Flip_long_only,40,3,67,-199.334,-2.975134328358209,0.4540230514713939,230.55400000000003,-0.8645870381776068,0.9200938837899009,-1.7745095686025214,37,-143.44400000000002,-3.8768648648648654,0.40511017015929374,174.724,-0.8209747945330923,0.8218429980089991,104,-342.778,-3.295942307692308,0.43456780755596525,374.05800000000005,-0.9163766046976671,0.96530054016904,-2.3055209311989815
Flip_long_only,40,4,67,-147.798,-2.2059402985074628,0.5951804456909965,188.728,-0.783127039972871,0.8612139235549656,-1.2832143015686521,37,-200.131,-5.408945945945946,0.37686312728269084,216.55099999999996,-0.9241749056804173,0.8803027519884257,104,-347.929,-3.3454711538461535,0.4930092398978234,364.349,-0.9549333194272523,0.9124578236373341,-2.1628203764560183
Flip_long_only,40,5,67,-101.60600000000001,-1.5165074626865673,0.7240564564531942,152.76500000000004,-0.6651130821850554,0.7358526802803428,-0.8607394309994634,37,-227.544,-6.149837837837838,0.38506109013666573,248.10400000000004,-0.9171315254893109,0.8826142089839311,104,-329.15,-3.164903846153846,0.5541422843519721,349.7100000000001,-0.9412084298418687,0.8641405211289156,-1.951667564334358
Flip_long_only,40,6,67,-95.83600000000001,-1.4303880597014926,0.7652476588698396,145.45599999999996,-0.6588659113408869,0.6835107241081352,-0.7544903527779101,37,-297.55400000000003,-8.042000000000002,0.34221422460578704,322.50399999999996,-0.9226366184605465,0.9418795351741102,104,-393.39,-3.782596153846154,0.5428886823146641,418.34,-0.9403595161830091,0.7986001169140159,-2.1399924254958096
Flip_long_only,40,8,67,-60.80900000000001,-0.9075970149253733,0.8685909764752154,135.30599999999998,-0.4494183554313927,0.4218905697780269,-0.43540406282301974,37,-326.75800000000004,-8.831297297297299,0.36371089132818085,359.058,-0.9100423886948628,0.9494123725914932,104,-387.567,-3.7266057692307695,0.6030177725106348,429.7540000000001,-0.9018345378984255,0.7125390248153829,-1.9441516961580283
Flip_long_only,40,10,67,-14.38000000000003,-0.21462686567164221,0.9713982250191938,163.588,-0.08790375822187464,0.15012096463624294,-0.09506847300874934,37,-328.374,-8.874972972972973,0.40694278639761455,328.374,-1.0,0.9380542962860648,104,-342.754,-3.2957115384615387,0.6755645962045046,376.752,-0.9097602667006413,0.5657106003121091,-1.601755916219114
Flip_long_only,40,12,67,27.116,0.40471641791044777,1.049954312326829,156.185,0.17361462368345232,0.016280453486969007,0.16666256770054994,37,-339.304,-9.170378378378377,0.42858586351901407,339.304,-1.0,0.9292239200211052,104,-312.188,-3.0018076923076924,0.7253348325243508,369.08299999999997,-0.8458476819577169,0.5079952114096478,-1.3694124301483828
Flip_long_only,40,15,67,67.88899999999998,1.0132686567164175,1.1163857982890744,144.372,0.4702366109771976,0.10803022170528719,0.3861258726442793,37,-275.69399999999996,-7.451189189189188,0.535710015375625,280.89399999999995,-0.981487678626101,0.883067342790771,104,-207.80499999999998,-1.9981249999999997,0.8234612486375495,286.077,-0.7263953411144551,0.3594935554949914,-0.8575099773379332
Flip_long_only,40,20,67,83.20299999999999,1.2418358208955222,1.120635808984724,175.10500000000002,0.47516061791496517,0.0001440155687216396,0.41434830019958113,37,-288.44000000000005,-7.795675675675677,0.5606578251922617,309.39000000000004,-0.9322861113804584,0.8407989568020884,104,-205.237,-1.9734326923076924,0.8475469663081594,343.88500000000005,-0.5968187039271848,0.39308961941332765,-0.7603945172655362
Flip_long_only,40,25,67,205.27599999999993,3.063820895522387,1.2976291278577479,164.724,1.24618149146451,0.5043871946573178,0.9562128869354003,37,-370.073,-10.001972972972972,0.4951165573195704,390.401,-0.9479304612436955,0.913749319159379,104,-164.79700000000005,-1.584586538461539,0.8841652895815043,390.401,-0.42212238185865314,0.04247405842789794,-0.5700944480279053
Flip_long_only,40,30,67,281.47399999999993,4.201104477611939,1.3856526695384348,204.938,1.3734592901267697,0.5356075658981678,1.20530824264339,37,-314.158,-8.490756756756758,0.5714003113288503,340.488,-0.9226698150889312,0.8617297988642433,104,-32.68399999999998,-0.31426923076923063,0.9776573280532329,340.48800000000006,-0.09599163553487929,0.11157642630478144,-0.10547010268548729
Flip_long_only,40,40,67,325.006,4.850835820895522,1.422079684575935,212.438,1.5298863668458562,0.48787775561907765,1.266997724086833,37,-201.261,-5.439486486486486,0.7254235068289069,257.531,-0.7815020327649875,0.6769475871426044,104,123.74500000000003,1.1898557692307696,1.0823321122183795,257.531,0.480505259560985,0.4444678512566783,0.3636590097345522
Flip_long_only,40,50,67,386.9260000000001,5.775014925373136,1.5024941202138673,212.668,1.8193898470855987,0.5953254579800763,1.421990350741018,37,-163.991,-4.43218918918919,0.7762702476305854,250.39100000000002,-0.6549396743493177,0.5850987990964662,104,222.935,2.1436057692307693,1.1483268773478077,250.39100000000002,0.8903474965154498,0.6255928663756604,0.6200105590780265
Flip_both,2,3,147,-134.926,-0.9178639455782313,0.4744849074975656,134.926,-1.0,0.9494416492794368,-3.5036904982674466,73,-69.481,-0.9517945205479451,0.4222146456666723,69.48100000000002,-0.9999999999999996,0.9848020751074872,220,-204.407,-0.9291227272727273,0.4578121187043108,204.40699999999998,-1.0000000000000002,0.9796238635367314,-4.776451017731598
Flip_both,2,4,147,-133.962,-0.9113061224489796,0.4988646438498112,133.96199999999996,-1.0000000000000002,0.9312134271129908,-3.292715095098328,73,-72.054,-0.987041095890411,0.4293837211144021,72.05400000000002,-0.9999999999999998,0.9617412198781846,220,-206.01600000000002,-0.9364363636363637,0.4765733972575592,206.016,-1.0000000000000002,0.9742944466006495,-4.521303439490411
Flip_both,2,5,147,-107.133,-0.7287959183673469,0.5992286311757203,110.438,-0.9700737065140621,0.8831788364570916,-2.4257916000672606,73,-80.231,-1.0990547945205478,0.3938471301969613,80.23100000000004,-0.9999999999999994,0.9635873611706302,220,-187.364,-0.8516545454545454,0.5312126261640621,187.36399999999998,-1.0000000000000002,0.9585652160971824,-3.809853442873515
Flip_both,2,6,147,-97.245,-0.661530612244898,0.6429948126039405,100.33599999999997,-0.9691935098070487,0.8686826981886644,-2.0668169342381004,73,-79.911,-1.0946712328767123,0.405384289126504,79.91100000000002,-0.9999999999999998,0.9763184310092957,220,-177.156,-0.8052545454545454,0.5644940041594759,177.24500000000006,-0.9994978701796945,0.9536606275173101,-3.3806550461001352
Flip_both,2,8,147,-81.35,-0.5534013605442176,0.7080367941829876,91.237,-0.8916338766070783,0.8173739869485367,-1.5602515742207594,73,-80.716,-1.1056986301369862,0.4167539796663078,82.37100000000004,-0.9799079773221153,0.9592651855391853,220,-162.06600000000003,-0.7366636363636365,0.6113730210876164,169.52300000000005,-0.9560118685960016,0.9325366640724986,-2.776230750995615
Flip_both,2,10,147,-50.355,-0.34255102040816326,0.8206717996566928,67.57,-0.7452271718218144,0.5456032731505053,-0.8575142287565901,73,-66.701,-0.9137123287671232,0.5180250160776351,70.591,-0.9448938249918545,0.9137134932963972,220,-117.05600000000001,-0.5320727272727274,0.7207560312889891,133.05100000000004,-0.8797829403762465,0.8520760039864824,-1.75952288817889
Flip_both,2,12,147,-81.00499999999998,-0.5510544217687073,0.7219495283731275,98.95999999999998,-0.8185630557801131,0.6633825403378333,-1.346049992816145,73,-68.191,-0.9341232876712329,0.5144854789214743,73.49100000000003,-0.9278823257269594,0.8837224612713537,220,-149.196,-0.6781636363636363,0.654465321700947,172.45100000000008,-0.8651501006082883,0.8938333962328187,-2.169845171309076
Flip_both,2,15,147,-53.13899999999999,-0.3614897959183673,0.8188496703506489,85.28899999999999,-0.6230463482981392,0.5461650393027775,-0.7778129799956696,73,-49.5,-0.678082191780822,0.6475639190892197,57.74999999999999,-0.8571428571428572,0.6889425709458117,220,-102.639,-0.46654090909090906,0.7633917559757765,137.79400000000004,-0.7448727811080306,0.8490815047280059,-1.2920930058667477
Flip_both,2,20,147,-51.676999999999985,-0.3515442176870747,0.827449422182451,86.45799999999998,-0.5977121839505887,0.31612057316410236,-0.6738702463128752,73,-41.28099999999999,-0.5654931506849314,0.7104733449758381,68.491,-0.6027215254558992,0.26674870335800666,220,-92.958,-0.42253636363636365,0.7897210848960573,139.906,-0.6644318328020242,0.7528250405579505,-1.025936275592505
Flip_both,2,25,147,-62.58899999999997,-0.42577551020408144,0.7939497491407578,86.26099999999998,-0.7255770278573166,0.7081324455706665,-0.7590325994832142,73,-15.910999999999985,-0.21795890410958885,0.8884072912940715,68.491,-0.23230789446788608,0.0006372816739912059,220,-78.49999999999997,-0.3568181818181817,0.8241239242993523,147.68700000000004,-0.5315295185087378,0.8262794725986291,-0.7731639080688978
Flip_both,2,30,147,-54.49299999999999,-0.3707006802721088,0.8219834570353336,98.50199999999998,-0.5532171935595216,0.5874414730331151,-0.6030325625317311,73,8.359000000000009,0.11450684931506862,1.0586263246856171,68.491,0.12204523222029184,0.15549283470785932,220,-46.13399999999999,-0.20969999999999997,0.8971813689984018,149.418,-0.3087579809661486,0.6751086927645255,-0.40404552122070697
Flip_both,2,40,147,-44.247,-0.301,0.8564210895214358,139.685,-0.3167627161112503,0.2911196706641623,-0.4263549066907398,73,33.318999999999996,0.4564246575342465,1.233684712549358,68.491,0.48647267524200255,0.34615769438484895,220,-10.928000000000022,-0.049672727272727375,0.9757561236419945,142.88400000000004,-0.07648162145516656,0.1970011391766505,-0.08264649826249175
Flip_both,2,50,147,-118.72999999999998,-0.8076870748299319,0.6202972893454262,139.685,-0.849983892329169,0.36191746281566467,-1.2525375609387774,73,-41.36099999999999,-0.5665890410958903,0.7193600260549187,68.491,-0.6038895621322508,0.006206353165897929,220,-160.091,-0.7276863636363636,0.6520313080750229,197.70699999999997,-0.8097386536642609,0.7214244798709807,-1.383092139443815
Flip_both,3,3,147,-110.212,-0.7497414965986394,0.6351936870885204,115.34599999999996,-0.9554904374664058,0.92172544848554,-2.380490261974594,73,-64.167,-0.879,0.5603825679462321,64.39800000000001,-0.9964129320786358,0.8287969693563507,220,-174.37900000000002,-0.7926318181818183,0.6108237069042475,174.60999999999993,-0.9986770517152517,0.9690081285237286,-3.2967343870424113
Flip_both,3,4,147,-92.543,-0.6295442176870749,0.7086159232740762,109.42299999999999,-0.8457362711678533,0.8181638644662965,-1.8418517445527411,73,-88.40800000000002,-1.2110684931506852,0.47290851855384897,88.40800000000002,-1.0,0.9353150752054429,220,-180.95100000000002,-0.8225045454545455,0.6271557674635193,185.01000000000008,-0.9780606453705202,0.9372668875935004,-3.1568617413312605
Flip_both,3,5,147,-59.622,-0.4055918367346939,0.815927509609299,85.288,-0.699066691679955,0.6714737412918979,-1.0899044882074065,73,-94.765,-1.2981506849315068,0.46616681125294335,94.76500000000001,-0.9999999999999999,0.9471651199732698,220,-154.387,-0.7017590909090909,0.6921022769198859,162.45900000000003,-0.9503136175896686,0.8842730390456731,-2.475824424046712
Flip_both,3,6,147,-50.760999999999996,-0.345312925170068,0.8490540789684972,82.84499999999998,-0.6127225541674212,0.5805575133139343,-0.8696532363984378,73,-107.55800000000002,-1.4733972602739729,0.4243556259633498,107.55800000000002,-1.0,0.9747443761764308,220,-158.31900000000002,-0.7196318181818182,0.6973643464198466,170.245,-0.9299480160944522,0.8468762876183502,-2.3938436686394926
Flip_both,3,8,147,-24.290000000000003,-0.16523809523809527,0.930918957044048,72.763,-0.333823509201105,0.2154676081028484,-0.36943895636154617,73,-113.663,-1.557027397260274,0.4198440163741973,113.66300000000003,-0.9999999999999998,0.94356995684333,220,-137.95299999999997,-0.6270590909090908,0.7480466966434961,166.962,-0.8262538781279571,0.7308568765095984,-1.8562524541486005
Flip_both,3,10,147,-9.891000000000005,-0.06728571428571432,0.9730761902169476,68.408,-0.14458835223950423,0.002039746618634578,-0.1349890573208947,73,-119.94800000000001,-1.643123287671233,0.40636846845955127,120.96800000000002,-0.9915680179882282,0.947264511246991,220,-129.83900000000003,-0.5901772727272728,0.7719834641078417,174.439,-0.7443232304702505,0.5713611447328764,-1.5792419430858455
Flip_both,3,12,147,-57.84200000000002,-0.39348299319727903,0.851409429420635,94.30199999999999,-0.6133698118809784,0.47332901571514846,-0.7653924989767535,73,-120.655,-1.6528082191780822,0.4116542728270145,123.08500000000002,-0.9802575455985699,0.954730471340969,220,-178.497,-0.81135,0.6996749368213128,204.74200000000008,-0.8718142833419619,0.8215034099151908,-2.097862662448089
Flip_both,3,15,147,7.411999999999978,0.05042176870748284,1.0188941372603502,89.46199999999999,0.08285081934229034,0.018481148527800965,0.08344739712858953,73,-117.184,-1.6052602739726027,0.43698080572705217,122.56400000000001,-0.9561045657778793,0.9292355947422922,220,-109.77200000000002,-0.49896363636363644,0.8171764713719928,172.23200000000003,-0.6373496214408473,0.4570877952539932,-1.1058985007377262
Flip_both,3,20,147,59.98500000000001,0.408061224489796,1.1502927683584674,81.80799999999999,0.7332412477997263,0.40132516806101615,0.57963328462898,73,-109.91499999999999,-1.5056849315068492,0.47960608858272374,120.77500000000002,-0.9100807286276131,0.7937415856356842,220,-49.92999999999999,-0.2269545454545454,0.9181926021076916,143.152,-0.34879009723929805,0.01864460901920292,-0.43099576461378214
Flip_both,3,25,147,44.027999999999984,0.29951020408163254,1.1078269302827923,84.89099999999999,0.5186415521079972,0.10322914096455067,0.3913479160656327,73,-84.54499999999999,-1.1581506849315066,0.5997206637786143,102.348,-0.8260542462969476,0.5569887916813667,220,-40.51699999999998,-0.18416818181818173,0.9346010562743734,124.725,-0.32485067147724983,0.04697071225097527,-0.3152472835373267
Flip_both,3,30,147,90.67400000000002,0.6168299319727892,1.2202905170172809,106.779,0.8491744631435022,0.21172562959577343,0.7127140514803469,73,-60.27499999999998,-0.825684931506849,0.714627275524939,102.348,-0.5889221088834171,0.24348045623970418,220,30.398999999999987,0.13817727272727268,1.048808174353672,124.72500000000002,0.24372820204449774,0.18775117050640716,0.20761435893956015
Flip_both,3,40,147,70.05699999999999,0.4765782312925169,1.1664401754277596,168.68999999999997,0.41530025490544786,0.04164274792627414,0.49660657668106756,73,-35.315,-0.4837671232876712,0.8328007007078098,102.348,-0.34504826669793254,0.014082952627362207,220,34.741999999999976,0.1579181818181817,1.0549603008246735,168.68999999999997,0.20595174580591608,0.1753490275319227,0.21155964646048284
Flip_both,3,50,147,19.276999999999987,0.13113605442176862,1.0451038978359395,168.65,0.11430180847909864,0.038366524665699286,0.13410595511448414,73,-111.23500000000001,-1.5237671232876715,0.4879979747301558,111.235,-1.0000000000000002,0.5962163839533641,220,-91.958,-0.4179909090909091,0.8573511663765851,168.65,-0.5452594129854729,0.005608100214198156,-0.5770148603427157
Flip_both,4,3,147,-113.798,-0.7741360544217687,0.6697850953809725,129.19899999999998,-0.8807962909929644,0.9433655899814353,-2.1697955318543856,73,-46.61,-0.6384931506849315,0.7026361455621903,51.42100000000001,-0.9064390035199625,0.2900281685425389,220,-160.40800000000002,-0.7291272727272728,0.6800555287397131,169.14799999999997,-0.9483292737720815,0.9485613510883283,-2.6319244221764717
Flip_both,4,4,147,-82.102,-0.5585170068027211,0.7725548860724428,118.43900000000001,-0.693200719357644,0.8653618066754472,-1.4368385632157528,73,-69.58399999999999,-0.9532054794520547,0.6257395494933412,73.664,-0.9446133796698521,0.6337177812082083,220,-151.68599999999998,-0.6894818181818181,0.7226434862744309,164.0050000000001,-0.9248864363891337,0.9332980437517386,-2.2717856608556746
Flip_both,4,5,147,-48.908,-0.3327074829931973,0.8692051164793316,95.76399999999997,-0.5107138381855396,0.7485201634247365,-0.7882528990246489,73,-77.535,-1.0621232876712328,0.6168481080840675,82.84500000000001,-0.9359043997827265,0.5590806042492625,220,-126.44299999999998,-0.574740909090909,0.780591368928838,144.9849999999999,-0.8721109080249686,0.8957825062763207,-1.7403896009760615
Flip_both,4,6,147,-31.709000000000003,-0.2157074829931973,0.9187538273509218,88.73899999999998,-0.35732879568171844,0.651217578313525,-0.4761965488410837,73,-107.01499999999999,-1.4659589041095888,0.5210099454833541,113.33500000000002,-0.9442361141747913,0.903218458369646,220,-138.724,-0.6305636363636363,0.7739550693252901,163.29599999999996,-0.8495247893396043,0.8687766825082566,-1.7924704305824277
Flip_both,4,8,147,-10.171,-0.06919047619047619,0.975737639220532,83.89000000000001,-0.12124210275360589,0.40703175753068593,-0.1354311496777024,73,-117.423,-1.6085342465753425,0.5105090708997532,125.56299999999997,-0.9351719853778583,0.9087437812294723,220,-127.594,-0.5799727272727272,0.8064108924786487,167.75899999999996,-0.7605791641581079,0.7869514200124336,-1.4678126015727404
Flip_both,4,10,147,5.9709999999999885,0.04061904761904754,1.0134722601402957,74.409,0.08024566920668183,2.16984846106528e-06,0.0713754253023579,73,-114.978,-1.5750410958904109,0.5363939872907325,127.228,-0.9037161631087497,0.9028440107525816,220,-109.00700000000002,-0.4954863636363637,0.8422965358101312,164.033,-0.6645431102278202,0.565404266516241,-1.1286649089482916
Flip_both,4,12,147,-31.456000000000003,-0.21398639455782315,0.9333998149524362,100.64099999999996,-0.3125565127532518,0.3965175457553632,-0.355979455154684,73,-106.70799999999998,-1.461753424657534,0.5768544440831476,122.50800000000002,-0.8710288307702351,0.8418890461843733,220,-138.16400000000002,-0.6280181818181819,0.8092945510559857,182.35500000000002,-0.7576649941049053,0.7910555520666499,-1.3463864385146511
Flip_both,4,15,147,2.397999999999989,0.01631292517006795,1.0049090655988733,109.07099999999998,0.02198567905309376,0.08461868679244659,0.02388137520221329,73,-109.37699999999998,-1.4983150684931503,0.5799944704283114,130.89700000000002,-0.8355959265682175,0.8504907847458527,220,-106.97900000000004,-0.486268181818182,0.857152204160224,171.81999999999996,-0.6226225119310911,0.6207840273808016,-0.9247660822112224
Flip_both,4,20,147,58.82800000000001,0.40019047619047626,1.1174701622033942,103.566,0.5680242550644035,0.10973751789227981,0.5049993366778844,73,-82.33,-1.1278082191780823,0.6886487058859123,121.65999999999998,-0.6767220121650502,0.500375745244193,220,-23.501999999999995,-0.1068272727272727,0.969287223657541,136.79500000000002,-0.17180452501918925,0.11274710860691634,-0.17344228783477184
Flip_both,4,25,147,31.292999999999992,0.21287755102040812,1.0610045188532484,120.551,0.2595830810196514,0.11258750740869547,0.25046955871808785,73,-36.617999999999995,-0.5016164383561643,0.8615199600647434,115.838,-0.31611388318168476,0.06368572955613469,220,-5.3249999999999815,-0.02420454545454537,0.9931501562922086,123.89800000000001,-0.04297890200003213,0.1434142629797281,-0.035521005247477144
Flip_both,4,30,147,81.64599999999999,0.5554149659863945,1.157876214343172,128.695,0.6344147014258518,0.0035258179153977187,0.5849610889762632,73,7.731999999999996,0.10591780821917803,1.0292404737773608,115.838,0.06674838999292111,0.054091708185252024,220,89.37800000000004,0.40626363636363655,1.1143555362215003,128.695,0.6944947356152147,0.14493073981017965,0.5265429568520023
Flip_both,4,40,147,84.76100000000002,0.5766054421768709,1.161313406021205,187.57000000000002,0.45188996108119645,0.010622544172808699,0.5398965520411858,73,71.65200000000002,0.9815342465753427,1.2709697913987927,115.838,0.6185534971252958,0.36270759000732616,220,156.413,0.7109681818181819,1.1980234747192897,187.57000000000002,0.8338913472303673,0.2775146163903603,0.7972063565426605
Flip_both,4,50,147,50.801000000000016,0.3455850340136056,1.0951930338059785,187.53,0.27089532341492034,0.012307552862713525,0.3084325318626875,73,-4.677999999999997,-0.06408219178082188,0.9828373103225619,115.838,-0.040383984530119627,0.035848148144322446,220,46.123,0.20964999999999998,1.0572081698669487,187.53,0.2459499813363195,0.13568693249385755,0.23043277915734856
Flip_both,5,3,147,-111.997,-0.7618843537414965,0.6986484559355736,145.62900000000002,-0.7690569872758859,0.9354993427522527,-1.9525824531688267,73,-34.01400000000001,-0.4659452054794522,0.7912752130877939,48.40500000000001,-0.7026960024790828,0.06340080119727469,220,-146.011,-0.6636863636363636,0.7268831484633659,162.407,-0.8990437604290454,0.8906689483644411,-2.1734954064299288
Flip_both,5,4,147,-84.507,-0.5748775510204082,0.7872003424657534,143.17700000000002,-0.5902274806707781,0.8557326556094386,-1.3511943227198042,73,-57.568,-0.7886027397260273,0.7101323759699093,69.028,-0.8339804137451468,0.3651634242475046,220,-142.075,-0.6457954545454545,0.7615074842082115,159.52100000000013,-0.8906350887970855,0.8418822220466243,-1.9219662959771913
Flip_both,5,5,147,-46.631,-0.31721768707482995,0.886956247696992,117.95599999999999,-0.39532537556376957,0.7524515559422743,-0.6882736635762726,73,-53.379,-0.7312191780821917,0.7504348070017954,68.929,-0.774405547737527,0.10064576724371557,220,-100.00999999999998,-0.454590909090909,0.8403395956525624,125.73200000000001,-0.7954220087169532,0.7333433140493721,-1.2424300531861308
Flip_both,5,6,147,-25.289,-0.17203401360544218,0.9415722289608963,101.16899999999998,-0.24996787553499594,0.5686972959521296,-0.3472499098993052,73,-80.749,-1.1061506849315068,0.6639267163880934,100.20899999999999,-0.8058058657406022,0.6655341495160062,220,-106.038,-0.4819909090909091,0.8424625276891742,143.74399999999991,-0.7376864425645596,0.7991293045341379,-1.2274619169018415
Flip_both,5,8,147,-8.021999999999984,-0.054571428571428465,0.9830775559282345,107.194,-0.0748362781498963,0.4000836459494164,-0.09751910665024464,73,-81.34700000000002,-1.1143424657534249,0.6881129659307881,109.282,-0.7443769330722354,0.5987107178722705,220,-89.36899999999999,-0.4062227272727272,0.8783875177413056,151.26599999999996,-0.5908069229040235,0.7297807630360906,-0.9155942760824967
Flip_both,5,10,147,17.08800000000001,0.11624489795918375,1.0339523895623424,87.552,0.19517543859649134,0.005253931359442733,0.1860676380714958,73,-97.789,-1.3395753424657535,0.6526626861642616,118.80900000000001,-0.8230773762930417,0.6841859435652101,220,-80.701,-0.36682272727272724,0.8971741723069395,128.909,-0.6260307658891155,0.3956919597024896,-0.7454183080448762
Flip_both,5,12,147,-29.096999999999987,-0.197938775510204,0.9464955573862133,153.42199999999997,-0.18965337435309143,0.4911923213353895,-0.2982373459957658,73,-80.506,-1.1028219178082193,0.7195000853631767,106.83600000000003,-0.7535474933542998,0.5056401010965984,220,-109.60299999999998,-0.49819545454545444,0.8680805889992333,169.30499999999995,-0.6473701308289773,0.6719471607118782,-0.9451797644306903
Flip_both,5,15,147,-2.8589999999999947,-0.0194489795918367,0.9949804062025955,149.545,-0.01911799124009492,0.28422890607358037,-0.025989636259000994,73,-90.56800000000001,-1.2406575342465755,0.7003629337753386,125.58800000000004,-0.7211517023919481,0.7805078343381178,220,-93.427,-0.42466818181818183,0.8928376845406254,179.85000000000002,-0.5194717820405893,0.5884738494107834,-0.7206718329323917
Flip_both,5,20,147,49.32000000000001,0.3355102040816327,1.0835140942733916,124.72600000000001,0.3954267754918782,0.040636821256591835,0.38845915826824096,73,-44.94099999999999,-0.6156301369863012,0.853745293365313,107.93199999999999,-0.4163825371530222,0.21442239021671794,220,4.3790000000000475,0.01990454545454567,1.0048772718463688,134.678,0.0325145903562575,0.25374591131796315,0.028874267494958777
Flip_both,5,25,147,14.485000000000028,0.09853741496598659,1.023913965855116,188.06399999999996,0.07702165220350535,0.5013085543926219,0.1071982919951016,73,20.810999999999986,0.2850821917808217,1.0677267239219081,102.812,0.20241800568027066,0.11020172867966659,220,35.29600000000004,0.16043636363636382,1.0386597034804248,188.06399999999996,0.18768078951846207,0.13128079501012396,0.21050618277512967
Flip_both,5,30,147,73.82800000000003,0.502231292517007,1.1208862282900756,183.968,0.4013089232910073,0.24175721563540795,0.490173055021521,73,49.911,0.6837123287671233,1.1595523289825747,97.792,0.5103791721204188,0.19340607366158774,220,123.73900000000005,0.5624500000000002,1.1339830781924374,183.968,0.6726115411375895,0.050081438569922705,0.6592608234672759
Flip_both,5,40,147,69.348,0.47175510204081633,1.1115028965863212,231.124,0.3000467281632371,0.2077617773992306,0.4150025756537977,73,125.611,1.7206986301369864,1.4015453025551519,87.932,1.4285015693945322,0.512474456598127,220,194.959,0.8861772727272728,1.2085662813262898,231.124,0.8435255533825998,0.18737699612129177,0.9098271661192189
Flip_both,5,50,147,11.28800000000004,0.07678911564625877,1.0178596573945595,231.08400000000003,0.048848037942912696,0.2775094162485289,0.06613793603854226,73,9.941000000000003,0.13617808219178085,1.030790530850929,95.482,0.10411386439328882,0.0513878528006995,220,21.229000000000013,0.0964954545454546,1.0222316938563074,231.08400000000003,0.09186702670890244,0.0037883474036325875,0.10092614471678692
Flip_both,6,3,147,-100.93199999999999,-0.6866122448979591,0.7401706761400931,136.41299999999998,-0.739900156143476,0.8954127440842233,-1.6227954681696315,73,-39.63300000000001,-0.5429178082191782,0.777129843108587,65.26400000000001,-0.6072720029418975,0.11554421606067408,220,-140.565,-0.6389318181818182,0.7517769321101565,172.2669999999999,-0.8159717183209789,0.9030365653728873,-1.9178679494892985
Flip_both,6,4,147,-67.298,-0.45780952380952383,0.8395626820767358,125.01,-0.538340932725382,0.7333167383442478,-0.987349978198547,73,-67.557,-0.9254383561643836,0.6940491825551381,84.06700000000004,-0.8036090261339167,0.498560035277853,220,-134.85500000000002,-0.6129772727272728,0.7893798924213931,157.16999999999987,-0.8580199783673738,0.8386090529736789,-1.6620253694183258
Flip_both,6,5,147,-25.025000000000013,-0.17023809523809533,0.9428378903127069,103.43599999999998,-0.24193704319579273,0.5257707824827258,-0.3399483363920389,73,-75.275,-1.031164383561644,0.6938846053744551,94.73499999999999,-0.7945848947062861,0.28508781426239976,220,-100.29999999999998,-0.4559090909090908,0.8532969427843451,134.64799999999997,-0.7449052343889252,0.7100409089994246,-1.1376938115761492
Flip_both,6,6,147,-11.125999999999996,-0.07568707482993195,0.9762361942027933,85.09599999999999,-0.13074645106703014,0.2061961397701568,-0.1405094412358698,73,-92.285,-1.2641780821917807,0.6585716875515647,116.73500000000003,-0.7905512485544179,0.6681652080160368,220,-103.41099999999999,-0.47004999999999997,0.8599681508824862,139.917,-0.739088173702981,0.626282910616565,-1.09156507968512
Flip_both,6,8,147,0.03399999999999537,0.0002312925170067712,1.0000649861999893,90.53699999999998,0.0003755370732407234,0.088955996839019,0.0003797502933145507,73,-76.443,-1.0471643835616438,0.7349787304856108,111.22800000000001,-0.6872639982738159,0.5182206944714091,220,-76.409,-0.3473136363636364,0.9058572327997153,138.83200000000002,-0.5503702316468825,0.525425757918193,-0.7129035953340719
Flip_both,6,10,147,49.880999999999986,0.3393265306122448,1.0904036001225177,72.705,0.6860738601196614,0.38305810544161223,0.4975013796799401,73,-104.65799999999999,-1.433671232876712,0.6718475156068242,133.588,-0.7834386322124741,0.6384395070828434,220,-54.776999999999994,-0.24898636363636362,0.93708782689591,145.628,-0.3761433240860274,0.049061015595723706,-0.45973634007862163
Flip_both,6,12,147,29.000000000000014,0.19727891156462596,1.048742526846207,100.15599999999999,0.28954830464475434,0.009175892237119869,0.26789958241318246,73,-81.505,-1.1165068493150685,0.7491698492957183,117.75500000000002,-0.6921574455437135,0.41862279278173825,220,-52.504999999999995,-0.23865909090909088,0.9429233920061223,129.79499999999996,-0.40452251627566554,0.27657129747624454,-0.40673118637789935
Flip_both,6,15,147,77.16800000000002,0.5249523809523811,1.1232865331893327,94.079,0.8202468138479366,0.30673982881815587,0.6287042433125486,73,-85.97399999999999,-1.17772602739726,0.749513442959199,133.87400000000002,-0.6422008754500499,0.6996756219094282,220,-8.80599999999999,-0.04002727272727268,0.9909137060027737,145.914,-0.060350617487012835,0.06064038996098232,-0.06062704116895922
Flip_both,6,20,147,143.16000000000003,0.9738775510204083,1.2178547786984413,110.589,1.2945229634050406,0.5552044193682554,1.006177901863371,73,-26.60699999999998,-0.36447945205479426,0.9238359411229239,106.84099999999998,-0.24903361069252428,0.03760597664034224,220,116.55300000000005,0.5297863636363639,1.1158034045622682,121.40099999999998,0.9600662268020862,0.18988058055045076,0.684800968635203
Flip_both,6,25,147,115.32799999999997,0.7845442176870746,1.1692816012235807,118.44200000000001,0.9737086506475741,0.05215326881524414,0.7487566733430804,73,54.07500000000003,0.7407534246575347,1.1547927794857702,96.87099999999998,0.5582165973304708,0.3463412531259427,220,169.40300000000002,0.7700136363636364,1.1643704693402108,118.44200000000001,1.4302612249033282,0.36664107430660875,0.8928150686740424
Flip_both,6,30,147,147.26800000000006,1.001823129251701,1.212241792038555,141.48000000000002,1.0409103760248801,0.015037032645568807,0.8729820153080301,73,97.66800000000002,1.3379178082191783,1.2748516946767672,86.80799999999996,1.1251036770804541,0.5017562564764818,220,244.93600000000004,1.1133454545454546,1.2334464653165174,141.48000000000002,1.7312411648289512,0.5053718894963882,1.165029912385672
Flip_both,6,40,147,117.67800000000001,0.8005306122448981,1.1650150392281964,190.43699999999998,0.6179366404637755,0.0374587339564445,0.6364249769370107,73,203.285,2.78472602739726,1.5720730101196567,70.27399999999999,2.8927483848934177,0.7316798288604628,220,320.96299999999997,1.4589227272727272,1.3003913024353217,190.43699999999998,1.6854025215688127,0.4349519308012121,1.3402846546472478
Flip_both,6,50,147,88.08800000000004,0.5992380952380955,1.121417790611927,159.44299999999998,0.5524732976675053,0.003487890520847544,0.45050080629797823,73,34.20500000000001,0.4685616438356166,1.0915825943537676,89.74099999999999,0.3811524275414807,0.048988188800929165,220,122.29300000000003,0.5558772727272728,1.1112783364255863,159.44299999999998,0.7670013735316072,0.25091598334149284,0.5118539273277549
Flip_both,8,3,147,-135.561,-0.9221836734693878,0.6970162263644897,175.99300000000008,-0.7702635900291486,0.9313760335462051,-1.8896608908438517,73,-53.52400000000001,-0.7332054794520549,0.7379370449615895,74.33500000000001,-0.7200376673168764,0.22525703173440065,220,-189.08500000000004,-0.8594772727272729,0.7098414666521398,207.5010000000001,-0.9112486204885757,0.9008780264969818,-2.2206383029553285
Flip_both,8,4,147,-92.14099999999999,-0.6268095238095237,0.8083725360519433,159.0710000000001,-0.5792444883102509,0.8115000558471775,-1.1782980287684017,73,-91.425,-1.2523972602739726,0.6502861208439801,108.04500000000003,-0.8461752047757876,0.621718099101243,220,-183.56599999999997,-0.834390909090909,0.7526937927578132,198.86200000000005,-0.9230823385060993,0.846883003287131,-1.9500089998100323
Flip_both,8,5,147,-72.968,-0.4963809523809524,0.8600389377475569,153.27600000000004,-0.4760562645162973,0.782726807174201,-0.8638940012716559,73,-103.293,-1.414972602739726,0.6487170331071774,125.88600000000004,-0.8205280968495303,0.4814020767807965,220,-176.261,-0.8011863636363636,0.7838322765793057,201.38300000000007,-0.8752526280768482,0.8027290868336358,-1.7270726744653913
Flip_both,8,6,147,-62.481999999999985,-0.42504761904761895,0.888784266538984,138.9360000000001,-0.449717855703345,0.6676640881223943,-0.6896002843009724,73,-124.55600000000001,-1.7062465753424658,0.6189689561078278,153.13600000000005,-0.813368509037718,0.7597194902566439,220,-187.038,-0.8501727272727273,0.7895377635447693,220.28800000000004,-0.8490612289366646,0.7984093645248581,-1.7081424115541084
Flip_both,8,8,147,-22.79199999999998,-0.1550476190476189,0.9631874095513746,115.37300000000005,-0.1975505534223776,0.38138136400331496,-0.22291360659537018,73,-123.104,-1.6863561643835616,0.6574468795565597,156.00900000000004,-0.7890826811273707,0.649864869877171,220,-145.89600000000002,-0.6631636363636364,0.8508995327580356,197.457,-0.7388747929929049,0.6329543432230923,-1.1825483399851187
Flip_both,8,10,147,0.6049999999999969,0.00411564625850338,1.0008999213126655,113.55600000000001,0.0053277677973862835,0.1642522245578793,0.0053267019413073356,73,-154.995,-2.123219178082192,0.6122624092539689,180.02500000000006,-0.8609637550340228,0.758781429133042,220,-154.39,-0.7017727272727272,0.8559825675381963,182.2680000000001,-0.8470493997849317,0.5046710764158931,-1.133637063997011
Flip_both,8,12,147,-20.64399999999999,-0.14043537414965981,0.9716988374643563,164.92200000000008,-0.12517432483234486,0.3642332765415996,-0.16823597207619348,73,-127.37599999999996,-1.7448767123287665,0.6876063785432946,159.72600000000003,-0.7974656599426514,0.6544598541684006,220,-148.01999999999998,-0.6728181818181818,0.8698361388062772,195.0420000000002,-0.7589134647921977,0.5073495173213846,-1.0047689075426784
Flip_both,8,15,147,27.450999999999993,0.18674149659863942,1.0355556649314752,143.06100000000004,0.19188318269828944,0.12408530867636385,0.19893579723572818,73,-125.01500000000001,-1.7125342465753426,0.7078078400942382,169.01500000000004,-0.7396680767979172,0.8084912876040419,220,-97.56400000000001,-0.4434727272727273,0.9186905006963028,174.26700000000008,-0.5598535580459867,0.24035245775726216,-0.5931545570777248
Flip_both,8,20,147,26.18300000000002,0.17811564625850354,1.031241573020301,126.74899999999997,0.20657362188261863,0.08826740669018208,0.1674487287322826,73,-53.12099999999998,-0.7276849315068491,0.8781522242764279,117.62100000000002,-0.45162853572066186,0.1483254803948461,220,-26.93799999999995,-0.12244545454545432,0.978856303235995,142.15399999999997,-0.18949871266373056,0.35985644389032956,-0.14257096228020438
Flip_both,8,25,147,3.9050000000000296,0.026564625850340338,1.0044815927615103,200.643,0.01946242829303803,0.4368107881373811,0.02305602061674841,73,9.454,0.1295068493150685,1.0212941356662133,105.084,0.08996612234022307,0.1375234036508213,220,13.359000000000037,0.06072272727272744,1.0101565101565102,200.643,0.06658094227060021,0.03881955099204184,0.06389378468690193
Flip_both,8,30,147,50.11500000000001,0.3409183673469388,1.0564363192461192,229.776,0.21810371840401088,0.24076002137812538,0.26954949726466393,73,99.72400000000003,1.3660821917808224,1.2246177686881157,100.064,0.9966021746082511,0.6286419657507999,220,149.83899999999997,0.6810863636363635,1.1124947821412592,229.776,0.6521090105145879,0.1680612013021606,0.6417199206942141
Flip_both,8,40,147,-55.809,-0.3796530612244898,0.9400033541101824,365.01800000000003,-0.15289382989332032,0.6154714158855839,-0.28204468179113046,73,234.82100000000003,3.2167260273972604,1.5289094807780672,90.204,2.6032215866258706,0.8311041905814074,220,179.01200000000009,0.8136909090909095,1.1302688014763778,365.01800000000003,0.4904196505377819,0.045871292266198675,0.682395219645508
Flip_both,8,50,147,-78.48599999999999,-0.5339183673469388,0.9170539055556318,318.64099999999996,-0.24631481824372883,0.643586144472487,-0.37350757738089063,73,74.51100000000001,1.0206986301369865,1.1589595129090202,97.75399999999999,0.7622296785809278,0.5039173358662542,220,-3.9750000000000227,-0.01806818181818192,0.9971907551462186,318.64099999999996,-0.012474854146202224,0.012309132421426401,-0.014931393507038598
Flip_both,10,3,147,-164.077,-1.1161700680272109,0.6691275519669606,192.824,-0.850915861096129,0.9193500001565273,-2.024159732846078,73,-37.16700000000001,-0.5091369863013699,0.8175261679857032,62.99400000000001,-0.5900085722449758,0.022770534703096628,220,-201.24400000000003,-0.9147454545454546,0.7123343282216656,223.89100000000013,-0.8988481001916107,0.8759141793155897,-2.102052489468977
Flip_both,10,4,147,-123.15699999999998,-0.8378027210884352,0.77051162842699,177.19700000000006,-0.6950286968741003,0.7457452699336147,-1.401280040560652,73,-68.42800000000001,-0.9373698630136987,0.7409345256574316,82.73800000000006,-0.8270444052309697,0.1679794281379548,220,-191.58499999999998,-0.8708409090909089,0.7607559007134176,202.58100000000013,-0.9457204772412016,0.8003604617994211,-1.813590340125904
Flip_both,10,5,147,-63.240999999999985,-0.4302108843537414,0.8865414527990126,143.06999999999994,-0.44202837771720144,0.5139539578680403,-0.6735563884836344,73,-81.10600000000001,-1.1110410958904111,0.7336227904807573,103.141,-0.7863604192319252,0.07336447432210937,220,-144.34699999999998,-0.6561227272727271,0.8325190196676765,166.03499999999994,-0.8693769385972839,0.6673597627052086,-1.265844404122186
Flip_both,10,6,147,-86.49399999999999,-0.5883945578231291,0.8623292326351694,159.84500000000003,-0.5411117019612748,0.592725967794216,-0.8532920288701024,73,-104.84199999999998,-1.4361917808219176,0.6964954637301048,131.25199999999995,-0.7987840185292416,0.4897460291406524,220,-191.336,-0.869709090909091,0.8034969523623685,220.42600000000002,-0.8680282725268343,0.8086207903243781,-1.554256652780008
Flip_both,10,8,147,-45.80899999999998,-0.31162585034013596,0.9344594178907805,132.82199999999997,-0.34489015373959125,0.25500908194641464,-0.40203339342217326,73,-137.3,-1.8808219178082193,0.6620540615046838,168.035,-0.8170916773291279,0.6297173797513594,220,-183.109,-0.8323136363636364,0.8343233332036457,230.51000000000002,-0.7943646696455685,0.6725048974027037,-1.3227123955623254
Flip_both,10,10,147,-0.39099999999997337,-0.00265986394557805,0.9994813814618412,126.908,-0.0030809720427394127,0.00313848907812025,-0.003099533439758463,73,-150.81799999999998,-2.066,0.6625051748251747,171.81800000000004,-0.8777776484419557,0.5542429107175728,220,-151.20899999999995,-0.6873136363636361,0.8740765539002715,189.78600000000006,-0.7967342164332454,0.3174124062445247,-0.9891044583936859
Flip_both,10,12,147,-20.337999999999987,-0.13835374149659854,0.9753843695951334,150.26300000000006,-0.13534935413242102,0.07709475002837834,-0.1486428212112577,73,-115.549,-1.5828630136986301,0.7471049780588963,145.95900000000003,-0.7916538205934542,0.32951866654112916,220,-135.88699999999997,-0.6176681818181817,0.8940970815070671,168.6790000000001,-0.8055952430355877,0.3470916854509666,-0.8203210540219918
Flip_both,10,15,147,40.467000000000006,0.2752857142857143,1.0461697488713415,115.792,0.3494801022523145,0.03659336392082763,0.2644966339022481,73,-127.33800000000002,-1.744356164383562,0.7406901326708275,172.23800000000006,-0.7393142047631764,0.6270669783014898,220,-86.87099999999998,-0.39486818181818173,0.9364768183639621,172.238,-0.504366051626238,0.06555933301578246,-0.47215479576799096
Flip_both,10,20,147,25.54600000000003,0.17378231292517027,1.0263306263341307,148.517,0.17200724496185643,0.0370048785797225,0.14733147591664847,73,-68.104,-0.932931506849315,0.8668009661741264,128.57399999999998,-0.5296871840340972,0.04096195730335325,220,-42.55799999999992,-0.1934454545454542,0.9712736315184112,182.98799999999994,-0.23257262771329232,0.12502273068629025,-0.20254288030868794
Flip_both,10,25,147,-7.493999999999971,-0.0509795918367345,0.9926589219959033,196.05600000000007,-0.03822377279960812,0.2957967171442102,-0.039854063594979956,73,-28.419000000000004,-0.3893013698630138,0.9465903645025794,138.07800000000003,-0.20581845044105504,0.05090442242623553,220,-35.91299999999996,-0.1632409090909089,0.9768739785411541,196.05600000000007,-0.18317725547802644,0.11214677091289335,-0.15538002659191458
Flip_both,10,30,147,30.518000000000058,0.20760544217687113,1.0293160141056543,233.48700000000002,0.13070534976251377,0.17935069079925425,0.14929591425120844,73,71.82100000000004,0.9838493150684937,1.1349777765248688,133.05800000000002,0.5397721294473089,0.4903730596807049,220,102.33900000000003,0.46517727272727283,1.0650557880765064,233.48700000000002,0.4383070577805189,0.15077622432841695,0.40025784611994525
Flip_both,10,40,147,-73.89900000000003,-0.5027142857142859,0.9322978458697004,404.10499999999985,-0.1828707885326835,0.5088251238400441,-0.33816221627326565,73,176.638,2.4196986301369865,1.3258011859858163,123.19800000000001,1.4337732755401873,0.7075080353614298,220,102.739,0.46699545454545455,1.0628874649873659,404.10499999999985,0.25423837863921517,0.01844969000504941,0.36096648018617
Flip_both,10,50,147,-70.76299999999998,-0.48138095238095224,0.9363430850704956,337.79499999999985,-0.2094850427034148,0.4124339135448999,-0.3001824538129611,73,20.991000000000028,0.2875479452054798,1.036680751124485,130.74800000000002,0.16054547679505632,0.25439235221603007,220,-49.77199999999995,-0.2262363636363634,0.970442302450334,337.79499999999985,-0.14734380319424495,0.002969207265661099,-0.16899686721285198
Flip_both,12,3,147,-180.67000000000002,-1.2290476190476192,0.6581444016817471,208.56000000000014,-0.8662734944380509,0.9277598507706424,-2.026316959448068,73,-31.459999999999994,-0.430958904109589,0.848361426154521,81.784,-0.3846718184485962,0.16987672977408363,220,-212.13,-0.9642272727272727,0.7117661845332318,259.27400000000017,-0.8181691955228826,0.8737991021559428,-2.017964137038328
Flip_both,12,4,147,-142.976,-0.972625850340136,0.7524718021519524,191.16000000000003,-0.7479388993513286,0.756455671922794,-1.4798752659687213,73,-54.93100000000001,-0.7524794520547947,0.7948245787686712,88.717,-0.6191710720605973,0.008378890437124219,220,-197.90700000000004,-0.899577272727273,0.7658852866650421,227.68300000000008,-0.8692216810214201,0.7830943067059518,-1.707016645940675
Flip_both,12,5,147,-81.537,-0.5546734693877552,0.8646198956634933,154.21599999999995,-0.5287194584219538,0.47006665599574526,-0.7924847819549471,73,-72.14200000000001,-0.9882465753424658,0.7721905916754297,130.547,-0.5526132350800862,0.002108064423782268,220,-153.679,-0.698540909090909,0.8327683824849641,209.74699999999999,-0.7326874758637788,0.649775232749368,-1.228104591065298
Flip_both,12,6,147,-97.06000000000002,-0.6602721088435375,0.8562959716678313,159.07099999999997,-0.6101677867115944,0.5478506759738981,-0.8749223998604526,73,-99.33099999999999,-1.360698630136986,0.7277536130593629,130.571,-0.7607431971877369,0.32544875910540727,220,-196.39100000000008,-0.892686363636364,0.8112120568350808,228.32099999999997,-0.8601530301636735,0.8040864783179377,-1.4527631213359546
Flip_both,12,8,147,-105.88199999999999,-0.7202857142857142,0.8665937574415918,177.40800000000002,-0.5968276515151514,0.38528303717332046,-0.8381194290282468,73,-135.906,-1.8617260273972605,0.6894457342376101,176.86099999999993,-0.7684339679183091,0.5807470666700062,220,-241.78799999999998,-1.0990363636363636,0.8036327311267311,297.41900000000015,-0.8129541152380979,0.764450571031267,-1.5755361358251598
Flip_both,12,10,147,-64.536,-0.4390204081632653,0.9248957855708111,159.81600000000003,-0.4038143865445261,0.08291929029970296,-0.46463776200312545,73,-150.64399999999998,-2.063616438356164,0.6906020612289328,185.46399999999994,-0.812254669369797,0.49941531448880383,220,-215.17999999999998,-0.978090909090909,0.840155105557949,250.00000000000003,-0.8607199999999998,0.5936279100785015,-1.2754191933743617
Flip_both,12,12,147,-87.33800000000001,-0.5941360544217688,0.907506113272128,196.9910000000001,-0.4433603565645129,0.25350638123974956,-0.581026880793433,73,-109.18799999999999,-1.4957260273972601,0.7811530413449744,157.64800000000002,-0.6926063127981323,0.20805015370851057,220,-196.526,-0.8933000000000001,0.8638244267351081,244.98600000000008,-0.802192778362845,0.6079069298003369,-1.0771106832893278
Flip_both,12,15,147,-26.82100000000004,-0.18245578231292545,0.9733014927512572,146.069,-0.18361870075101522,0.013211466206176557,-0.16076054436719892,73,-115.381,-1.5805616438356165,0.7860942044972108,184.471,-0.6254695860053884,0.4765631237320767,220,-142.20200000000006,-0.6463727272727275,0.9078996029116786,211.29200000000006,-0.6730117562425459,0.3486240605000936,-0.704882917070161
Flip_both,12,20,147,-69.86099999999996,-0.4752448979591834,0.9379731191101501,172.83,-0.4042180177052592,0.12962980134224605,-0.371990390906959,73,-39.67999999999999,-0.5435616438356163,0.9296218058888529,144.58400000000003,-0.2744425385934819,0.01845199605058577,220,-109.54100000000001,-0.4979136363636364,0.9351871738753564,232.25100000000003,-0.47164920710782726,0.5052718215549359,-0.47741260054146056
Flip_both,12,25,147,-98.13199999999998,-0.6675646258503399,0.9173643356019153,238.93500000000017,-0.41070584050055414,0.4893771598150289,-0.4818828871080079,73,-20.87499999999995,-0.28595890410958835,0.9652014316172708,171.46400000000003,-0.12174567256100376,0.1339179787831959,220,-119.00699999999993,-0.5409409090909088,0.9334191932783077,277.05200000000013,-0.4295475217648668,0.3556485837433049,-0.47293756808346094
Flip_both,12,30,147,-49.35299999999992,-0.3357346938775505,0.9592678059433202,320.56499999999994,-0.15395629591502483,0.22935321560596805,-0.22326244840632098,73,94.18500000000004,1.2902054794520554,1.157006139551011,166.44400000000002,0.5658659969719547,0.584954471399815,220,44.83200000000005,0.20378181818181842,1.0247481820585616,320.56499999999994,0.13985307191989163,0.036363757614763396,0.16145787942121778
Flip_both,12,40,147,-133.03999999999994,-0.9050340136054418,0.8954101206274133,431.3529999999998,-0.30842488634598575,0.42410442973250295,-0.5564675788864467,73,175.59199999999998,2.4053698630136986,1.2814105142706953,156.58400000000003,1.1213917130741324,0.6640572170493124,220,42.552000000000106,0.1934181818181823,1.022443191857328,431.3529999999998,0.0986477432636382,0.004267668673412085,0.1374265815055644
Flip_both,12,50,147,-41.138000000000034,-0.27985034013605464,0.9679624564660732,410.2829999999998,-0.10026737642066587,0.13026148480603486,-0.15509028856457327,73,33.822,0.46331506849315074,1.0512407186608512,164.13400000000001,0.20606333849172018,0.2571234130009228,220,-7.3159999999999314,-0.03325454545454514,0.9962368520001624,410.2829999999998,-0.017831594289794934,0.07351518309342142,-0.022181582014203748
Flip_both,15,3,147,-231.75300000000004,-1.5765510204081636,0.6084155354373016,259.6430000000001,-0.8925832778083752,0.9470126953541355,-2.2792257441179156,73,-8.862999999999998,-0.12141095890410956,0.9550967676562975,71.71700000000001,-0.12358297195922859,0.5532497043241625,220,-240.61599999999999,-1.0937090909090907,0.6951194479570812,300.2900000000001,-0.8012787638616002,0.8466506649603542,-2.031760432497678
Flip_both,15,4,147,-141.98999999999998,-0.9659183673469386,0.7660910233579504,181.26300000000006,-0.7833369192830304,0.8601803112828567,-1.3187829374746343,73,-24.661,-0.3378219178082192,0.9043405740884406,85.17,-0.289550311142421,0.3334032758699099,220,-166.651,-0.7575045454545455,0.8073022359281755,223.15000000000012,-0.7468115617297778,0.7615363673341847,-1.298105542946205
Flip_both,15,5,147,-80.30099999999999,-0.546265306122449,0.8739555946223816,149.77800000000005,-0.536133477546769,0.7878298044502284,-0.7031104289258504,73,-28.444999999999997,-0.3896575342465753,0.9064739922404158,102.67999999999999,-0.2770257109466303,0.3102515141554823,220,-108.74600000000001,-0.4943,0.884463332359425,189.196,-0.5747795936489144,0.6750448749575705,-0.7869168623355013
Flip_both,15,6,147,-63.29100000000001,-0.43055102040816334,0.9092743929622469,132.54400000000004,-0.47750935538387246,0.6789355769548546,-0.5169538339688341,73,-41.833999999999996,-0.5730684931506849,0.8803922689844466,99.46000000000002,-0.4206113010255378,0.13628030892047716,220,-105.12500000000003,-0.4778409090909092,0.8996294524661318,188.29699999999997,-0.5582935468966582,0.7571063122483388,-0.7058198469958364
Flip_both,15,8,147,-150.806,-1.0258911564625852,0.830084064479856,204.04500000000002,-0.739082065230709,0.8102193615395703,-1.066162961205684,73,-36.62900000000002,-0.5017671232876715,0.910826273249586,89.60700000000001,-0.4087738681129824,0.012145361775669286,220,-187.43500000000006,-0.851977272727273,0.8556296614092506,244.02200000000002,-0.7681069739613643,0.8065128268986858,-1.0951289822735517
Flip_both,15,10,147,-123.84800000000004,-0.8425034013605445,0.8722182384713403,192.47099999999995,-0.6434631710751234,0.5822099102351629,-0.8022286477426808,73,-17.560000000000002,-0.24054794520547948,0.9614954500603006,106.4,-0.16503759398496243,0.30009898662204415,220,-141.40800000000004,-0.6427636363636365,0.9007847663416981,220.15799999999993,-0.6423023464966073,0.5591262940931322,-0.7531496477758479
Flip_both,15,12,147,-131.17600000000002,-0.8923537414965987,0.8762064295724471,217.74699999999999,-0.6024239139919265,0.6136185037846678,-0.7864035678460791,73,7.845999999999984,0.1074794520547943,1.0160752335682675,106.04000000000002,0.07399094681252341,0.4869313806586522,220,-123.33000000000004,-0.5605909090909093,0.9203147866370746,231.391,-0.5329939366699658,0.5123883190007827,-0.606665758295139
Flip_both,15,15,147,-99.96499999999997,-0.680034013605442,0.9131188645874526,202.903,-0.49267383922366836,0.4199998670104743,-0.5425811658887368,73,47.33000000000001,0.6483561643835618,1.0906253590165818,91.9,0.5150163220892275,0.6079997553054213,220,-52.634999999999984,-0.23924999999999993,0.9685358264762935,204.284,-0.2576560083021675,0.20859249704210736,-0.23424413546404496
Flip_both,15,20,147,-189.13199999999995,-1.286612244897959,0.8565544147750501,259.55400000000003,-0.7286807369564712,0.6605005920550635,-0.9158995259942506,73,91.26199999999999,1.2501643835616436,1.1565547054585374,101.9,0.8956035328753679,0.7034527899819307,220,-97.87000000000003,-0.4448636363636365,0.9485282941865425,321.3210000000001,-0.3045863793527345,0.4875903992626936,-0.38336541558376547
Flip_both,15,25,147,-218.266,-1.4848027210884354,0.8434580293868522,344.748,-0.6331175235244294,0.8052183139760136,-0.9778404146275423,73,136.416,1.8687123287671232,1.2171987198879106,121.50000000000001,1.1227654320987652,0.7259214706583969,220,-81.85000000000008,-0.3720454545454549,0.9595276228300796,358.6179999999999,-0.22823728870274249,0.2112040280176763,-0.29166018612869943
Flip_both,15,30,147,-115.48699999999997,-0.7856258503401359,0.9180546321374111,345.90299999999996,-0.33387105633660297,0.4886902824825425,-0.47516447282993646,73,263.186,3.6052876712328765,1.4190392790612514,120.81000000000002,2.178511712606572,0.8513296591724535,220,147.69900000000004,0.6713590909090911,1.0724943272927534,345.90299999999996,0.4269954293544724,0.06398984342618146,0.4794810751291257
Flip_both,15,40,147,-181.91400000000007,-1.237510204081633,0.8752139343548219,461.0929999999999,-0.39452778506722097,0.5705347637438646,-0.6996454698460259,73,390.226,5.345561643835617,1.5927603597034872,107.97,3.614207650273224,0.8839087284635537,220,208.31200000000004,0.9468727272727274,1.0984402164898424,461.0929999999999,0.4517787084167404,0.057866882594367244,0.6069438582237501
Flip_both,15,50,147,-82.35199999999992,-0.5602176870748293,0.9440948714484814,405.6739999999999,-0.2030004387759628,0.2394438885366414,-0.2876558650237451,73,283.74600000000004,3.8869315068493155,1.4076751770807887,115.52,2.4562500000000003,0.8022591144999824,220,201.39400000000006,0.915427272727273,1.0928477873307405,405.6739999999999,0.4964429566597813,0.2338274558510225,0.5475154002339105
Flip_both,18,3,147,-240.457,-1.6357619047619048,0.6095805447041213,284.057,-0.8465096793953325,0.9327070388528818,-2.145328504310034,73,-26.347,-0.3609178082191781,0.8790667572430507,68.84400000000001,-0.3827058276683516,0.3138440113031759,220,-266.804,-1.2127454545454543,0.6799982728801403,306.1209999999999,-0.8715638587355982,0.8506480785638278,-2.0353551759778337
Flip_both,18,4,147,-126.34000000000003,-0.8594557823129254,0.7948672985935893,184.81000000000012,-0.6836210161787779,0.8105339536193502,-1.079634280055562,73,-30.85500000000001,-0.4226712328767125,0.8866808185570948,84.09700000000001,-0.36689774902790834,0.27339947407038884,220,-157.19500000000005,-0.7145227272727275,0.8230140805108886,206.42700000000016,-0.761504066812965,0.7190695350378098,-1.1217933524982373
Flip_both,18,5,147,-62.90099999999998,-0.42789795918367335,0.9035435304653454,136.26100000000002,-0.4616214470758322,0.6950714522908348,-0.506608734146577,73,-17.519000000000002,-0.23998630136986304,0.9431946407958393,105.877,-0.16546558742691994,0.43247029664465997,220,-80.42,-0.36554545454545456,0.9162746923027272,165.57899999999998,-0.48568961039745384,0.44876229189746425,-0.5358644841111339
Flip_both,18,6,147,-53.42800000000001,-0.36345578231292525,0.9262290781258198,140.19700000000006,-0.38109232009244126,0.5710621893298374,-0.4006195957953728,73,-60.745,-0.8321232876712329,0.8406232863953234,101.587,-0.5979603689448453,0.0005758084542219386,220,-114.17300000000003,-0.5189681818181819,0.8967118184375915,179.99400000000006,-0.6343155882973877,0.7617089374544195,-0.6995141708499513
Flip_both,18,8,147,-153.645,-1.045204081632653,0.8363246470185933,200.59099999999992,-0.7659615835206967,0.8641587317653919,-0.9956031144007598,73,-63.22000000000001,-0.8660273972602741,0.8606816944737662,101.70400000000001,-0.6216078030362622,0.11988497084326148,220,-216.86499999999998,-0.9857499999999999,0.8442620066513514,254.54599999999994,-0.8519678172118204,0.8878543563613077,-1.1562878441234967
Flip_both,18,10,147,-129.62800000000004,-0.8818231292517009,0.8749240153841107,208.0939999999999,-0.6229300220092847,0.6324841176233118,-0.7689886930433821,73,-20.321000000000005,-0.2783698630136987,0.9585464218469191,104.867,-0.193778786462853,0.21441257111026002,220,-149.94899999999996,-0.6815863636363634,0.9017761634476502,224.40499999999994,-0.6682070363851073,0.5605558401091536,-0.7305543444924306
Flip_both,18,12,147,-115.277,-0.7841972789115647,0.8979100596809519,208.93600000000004,-0.551733545200444,0.538313012600514,-0.6324404801576333,73,17.874999999999993,0.24486301369863003,1.0347484793287858,96.67700000000002,0.18489402856935971,0.5323867893683332,220,-97.40200000000003,-0.44273636363636376,0.9407379735236818,208.93600000000004,-0.46618103151204204,0.3741766720145204,-0.44010806600050884
Flip_both,18,15,147,-92.90000000000003,-0.6319727891156465,0.92494821507628,202.47099999999995,-0.4588311412498583,0.4160525022319146,-0.46283577982667007,73,60.358999999999995,0.8268356164383561,1.1088194623479506,85.307,0.7075503768741134,0.6591322315571639,220,-32.54100000000004,-0.14791363636363655,0.9818458529313807,202.47099999999995,-0.1607193128892535,0.09035389132560331,-0.13336478043002806
Flip_both,18,20,147,-198.88199999999995,-1.3529387755102038,0.8616331548339207,257.334,-0.7728555107370186,0.657287493049682,-0.8833922578344056,73,107.571,1.4735753424657534,1.171602635991073,87.487,1.2295655354509814,0.6782583084408327,220,-91.31099999999991,-0.4150499999999996,0.9557647608242169,307.328,-0.29711253123698433,0.4573678218473469,-0.3293716646557893
Flip_both,18,25,147,-247.02999999999997,-1.6804761904761902,0.8388738979367277,369.8850000000001,-0.6678562255836271,0.8239220395419904,-1.0178713866119649,73,130.317,1.785164383561644,1.190418647195746,105.08900000000001,1.2400631845388195,0.629279798317085,220,-116.71299999999997,-0.5305136363636362,0.9473677327534658,369.8850000000001,-0.31553861335279865,0.2135256272770348,-0.38508640970234365
Flip_both,18,30,147,-79.69099999999995,-0.5421156462585031,0.9480212921526768,288.953,-0.27579225687222475,0.38825770368698925,-0.30106609421847297,73,267.095,3.6588356164383566,1.3902780801641215,99.29700000000001,2.689859713787929,0.8106160603385246,220,187.40400000000005,0.8518363636363638,1.0845107007023167,288.953,0.6485622229220671,0.220070095029907,0.5643006271559138
Flip_both,18,40,147,-139.17800000000003,-0.9467891156462587,0.912492368593627,395.07000000000005,-0.3522869364922672,0.49605543225412446,-0.4900095197762217,73,438.06500000000005,6.000890410958905,1.6228255877932922,81.80999999999999,5.3546632441021895,0.8600361123181668,220,298.88700000000017,1.3585772727272736,1.1303010962508797,395.07000000000005,0.756541878654416,0.21843018002133782,0.8088336400462338
Flip_both,18,50,147,46.54699999999997,0.31664625850340117,1.0292662469576546,356.234,0.1306641140374023,0.007014014352810661,0.1478169193195867,73,345.218,4.729013698630137,1.4619839919919815,115.56000000000006,2.9873485635167865,0.7362192157665728,220,391.7650000000001,1.7807500000000005,1.1675843707410392,356.234,1.0997406199295972,0.5518480652944989,0.9796023460193575
Flip_both,22,3,147,-232.87000000000003,-1.5841496598639457,0.6265852927169137,282.65,-0.8238811250663366,0.9094704920271534,-1.9009385558549992,73,-77.55000000000001,-1.0623287671232877,0.7117818238579982,91.524,-0.8473187360692278,0.004256297970893476,220,-310.42,-1.411,0.6522645039151328,321.21399999999994,-0.966396234286177,0.9005771349515497,-2.113315597940685
Flip_both,22,4,147,-140.303,-0.9544421768707483,0.7828832732393491,206.86300000000006,-0.6782411547739323,0.7963783525178775,-1.0882531029584568,73,-94.798,-1.2986027397260274,0.7180535768989403,110.97699999999999,-0.8542130351334061,0.0071304965154769355,220,-235.101,-1.068640909090909,0.760696105704488,247.2700000000001,-0.9507865895579727,0.8450258834737988,-1.485257002106452
Flip_both,22,5,147,-108.60999999999999,-0.7388435374149659,0.8477578591623527,193.156,-0.5622916192093437,0.811876879931983,-0.7841432367376574,73,-89.672,-1.2283835616438357,0.7643664418208047,140.967,-0.6361205104740825,0.020552658334449914,220,-198.28199999999998,-0.9012818181818181,0.818748400307141,244.56399999999996,-0.8107571024353544,0.8031826838880927,-1.1617379571481263
Flip_both,22,6,147,-111.13600000000001,-0.7560272108843538,0.8613872006166332,179.99599999999998,-0.6174359430209562,0.7712547353695309,-0.745042591789452,73,-149.10100000000003,-2.042479452054795,0.6824239558506229,163.71099999999998,-0.9107573712212377,0.49255656849967394,220,-260.2370000000001,-1.1828954545454549,0.7952936826952576,285.2559999999999,-0.9122928176795586,0.907172936261257,-1.4008138427557986
Flip_both,22,8,147,-236.98900000000003,-1.612170068027211,0.7736029843759702,283.99199999999996,-0.8344918166708923,0.933110792528461,-1.378499782294001,73,-137.276,-1.8804931506849316,0.7439582800985551,166.521,-0.8243765050654274,0.5528791108896562,220,-374.26500000000004,-1.7012045454545457,0.7635621744964407,405.9260000000001,-0.9220030251819296,0.9610562026723043,-1.7734906754132207
Flip_both,22,10,147,-161.17100000000005,-1.096401360544218,0.8560376798959567,239.89800000000002,-0.6718313616620398,0.7669929964429821,-0.8683673819902107,73,-99.59699999999998,-1.3643424657534244,0.8284250982364808,140.967,-0.7065270595245694,0.020289055666369276,220,-260.76800000000003,-1.185309090909091,0.8466091341117151,292.0480000000001,-0.8928943187421243,0.834527723010121,-1.1412396559914977
Flip_both,22,12,147,-63.503,-0.43199319727891156,0.9454270923209662,165.3,-0.38416817906836054,0.2595255351133791,-0.32108266282423353,73,-64.431,-0.8826164383561643,0.8941527836416595,135.58700000000002,-0.4752004248194885,0.03949345972619948,220,-127.93399999999997,-0.5815181818181817,0.9278168626678771,198.62699999999995,-0.6440916894480609,0.5488990519902562,-0.5259970007178774
Flip_both,22,15,147,-58.486,-0.3978639455782313,0.9548895609510785,195.16299999999995,-0.299677705302747,0.25302353370553526,-0.26837480365441435,73,-26.937000000000012,-0.36900000000000016,0.9590154082103077,120.257,-0.22399527678222483,0.07069610296869124,220,-85.42300000000003,-0.38828636363636376,0.9562775047421528,217.32399999999996,-0.39306749369604854,0.5121106172035624,-0.3195142002463783
Flip_both,22,20,147,-123.09099999999997,-0.8373537414965984,0.918154750031251,231.72299999999996,-0.5311988883278742,0.5106465446279285,-0.5006469590470839,73,-34.90799999999997,-0.47819178082191743,0.9546260431018795,131.717,-0.26502273814314,0.00023316154632559708,220,-157.99900000000008,-0.718177272727273,0.9304975876351785,290.92699999999996,-0.5430881286370811,0.710630578013984,-0.520470877406212
Flip_both,22,25,147,-110.252,-0.7500136054421769,0.9309781394047263,300.336,-0.36709551968461984,0.658480109884211,-0.4128995727255117,73,-13.191999999999972,-0.1807123287671229,0.9840653234768323,155.96300000000002,-0.08458416419278912,0.06674916192542964,220,-123.44400000000007,-0.5611090909090912,0.9491000643650557,308.971,-0.3995326422220858,0.34924896273153766,-0.37252227582504993
Flip_both,22,30,147,-14.274000000000001,-0.09710204081632653,0.9913078744300247,286.26399999999995,-0.04986306346589164,0.2883597850152625,-0.049476747927222946,73,123.58600000000003,1.6929589041095894,1.1492800889017731,147.59699999999998,0.8373205417454287,0.5594640592035097,220,109.31200000000004,0.49687272727272747,1.0442548670961307,286.26399999999995,0.381857306542213,0.17933742265212835,0.3038657914393696
Flip_both,22,40,147,28.14199999999994,0.19144217687074788,1.0166592374352754,364.2350000000001,0.07726330528367656,0.14756829304913643,0.08935304101353442,73,296.446,4.060904109589042,1.3508361243594447,124.71700000000001,2.3769494134721008,0.7483373374069305,220,324.5879999999999,1.4753999999999996,1.1280808509681193,364.2350000000001,0.8911499444040243,0.3987785001985697,0.8097469673181856
Flip_both,22,50,147,209.4670000000001,1.4249455782312932,1.1239983116997667,329.59500000000014,0.6355284515845204,0.056727057608097174,0.6077211228649335,73,195.789,2.6820410958904106,1.2183487977873937,172.33300000000003,1.136108580480813,0.5143468458209001,220,405.25600000000003,1.8420727272727273,1.1567143718389314,329.59500000000014,1.2295574872191626,0.6548119624858891,0.9398217560288818
Flip_both,26,3,147,-317.273,-2.158319727891157,0.5518907497747256,367.053,-0.8643792585811859,0.9291444540392759,-2.293803713707936,73,-94.58300000000001,-1.2956575342465755,0.6730625648116143,100.84300000000003,-0.9379233065259858,0.13168841221360594,220,-411.856,-1.8720727272727273,0.5870397442761945,414.93600000000015,-0.9925771685271941,0.9122337610030774,-2.4944170353834574
Flip_both,26,4,147,-228.39600000000002,-1.5537142857142858,0.6889621859096313,294.956,-0.7743392234774,0.8782293909726343,-1.5751981898170206,73,-122.021,-1.6715205479452055,0.6682228506172168,130.11099999999996,-0.9378223209413503,0.1399568319341412,220,-350.417,-1.5928045454545454,0.6820411892752178,354.4970000000003,-0.9884907347593905,0.8963043825131649,-1.9740945494363906
Flip_both,26,5,147,-207.604,-1.4122721088435375,0.7444549893709603,289.23299999999995,-0.7177742512092329,0.9044971879070901,-1.336580117294675,73,-123.935,-1.6977397260273972,0.7048885608153158,138.81,-0.8928391326273323,0.04991204801635301,220,-331.539,-1.5069954545454545,0.7309716259168406,341.4009999999999,-0.971113148467638,0.8935937275085972,-1.7356330472094248
Flip_both,26,6,147,-214.83,-1.4614285714285715,0.7627412153065766,265.09000000000003,-0.8104040137311855,0.8913142268864775,-1.2957977556657674,73,-201.104,-2.754849315068493,0.6188179991660031,213.43399999999997,-0.9422303850370608,0.7604310464433212,220,-415.934,-1.8906090909090911,0.7097555069722067,424.78400000000033,-0.9791658819541219,0.9568351153229869,-2.006649960485848
Flip_both,26,8,147,-336.1,-2.2863945578231295,0.7087284406182135,393.376,-0.854398844871065,0.9508266215122716,-1.7814492041413694,73,-194.06599999999997,-2.658438356164383,0.6770679757051336,216.14099999999996,-0.8978675956898506,0.7637749380583514,220,-530.1660000000002,-2.4098454545454553,0.6978863222965302,554.6570000000002,-0.9558447833525945,0.9695178444657342,-2.278480480137421
Flip_both,26,10,147,-270.3060000000001,-1.838816326530613,0.7817955494706865,359.9229999999999,-0.7510106328298002,0.8683718150231082,-1.3319838297869016,73,-166.01,-2.2741095890410956,0.7472980789722045,186.22000000000008,-0.8914724519385668,0.4401555972645837,220,-436.31600000000003,-1.9832545454545456,0.7698408093203933,446.436,-0.9773315772025555,0.9109020576011834,-1.7361073084992242
Flip_both,26,12,147,-178.64100000000002,-1.215244897959184,0.861612364955836,275.41800000000006,-0.6486177374027841,0.7463602653943509,-0.829194650307987,73,-135.66400000000002,-1.8584109589041098,0.8039792512534497,175.48999999999998,-0.7730582939198817,0.06975564479094273,220,-314.305,-1.428659090909091,0.8414973746371595,341.9810000000001,-0.9190715273655551,0.8527262716795728,-1.1785471563504073
Flip_both,26,15,147,-185.14399999999998,-1.2594829931972789,0.871302208057167,277.0369999999999,-0.6683006241043616,0.7530652717745894,-0.7849122331187207,73,-103.54000000000002,-1.4183561643835618,0.8617605041455827,157.67000000000004,-0.6566880192807762,0.0872320274874187,220,-288.68399999999997,-1.3121999999999998,0.8680352991998023,329.98999999999995,-0.8748265098942393,0.8628561461178059,-0.9911611259931351
Flip_both,26,20,147,-230.67199999999997,-1.5691972789115645,0.8604785917212089,330.299,-0.698373292077784,0.7808446417019642,-0.8710035307688653,73,-123.028,-1.6853150684931508,0.8598402770657462,175.78,-0.699897599271817,0.20609678091413539,220,-353.69999999999993,-1.6077272727272724,0.8602572262659522,408.2410000000002,-0.866399994121119,0.853566828264053,-1.0763284182759676
Flip_both,26,25,147,-211.06,-1.4357823129251701,0.87932118883438,396.96899999999994,-0.5316787960772756,0.8077352339340604,-0.7384643788256106,73,-104.439,-1.4306712328767122,0.8893955776870068,214.52,-0.4868497109826589,0.02866159156663266,220,-315.4989999999999,-1.4340863636363632,0.882853352354098,402.80099999999993,-0.7832627029227831,0.6077580178403563,-0.8853846666552763
Flip_both,26,30,147,-112.9849999999999,-0.7686054421768701,0.9372660002654059,402.84399999999994,-0.28046836989008134,0.5431931345411631,-0.3672862993686933,73,37.20900000000002,0.5097123287671236,1.0394055855556275,195.59700000000004,0.19023297903342082,0.2560934081667312,220,-75.77599999999988,-0.3444363636363631,0.9723976550245989,402.84399999999994,-0.18810259058096904,8.038105888254705e-05,-0.1968784430843023
Flip_both,26,40,147,-58.69999999999999,-0.3993197278911564,0.9683776835872099,442.95699999999994,-0.13251850631099632,0.3620201734239151,-0.17502889090167453,73,220.07900000000004,3.0147808219178085,1.2289277440924036,172.717,1.274217361348333,0.5818481829391752,220,161.37900000000008,0.7335409090909094,1.0572747105635907,442.95699999999994,0.36432204480344615,0.1940950116441173,0.37801315839011673
Flip_both,26,50,147,143.13600000000014,0.9737142857142866,1.077108890665437,408.3169999999999,0.35055116490373944,0.011253553073698066,0.3908320330718467,73,121.692,1.667013698630137,1.1191450365535938,247.85999999999996,0.49097070927136294,0.30366998415573154,220,264.828,1.2037636363636361,1.0920289082000973,408.3169999999999,0.6485843107193676,0.4963092929392561,0.5767908811751506
Flip_both,30,3,147,-352.47,-2.3977551020408163,0.5276802907324994,402.25,-0.8762461155997515,0.9181008074174157,-2.358134317089032,73,-138.32299999999998,-1.894835616438356,0.5846655056449676,144.58299999999997,-0.9567030702088074,0.3934319777545444,220,-490.793,-2.2308772727272728,0.545264353609261,493.87300000000016,-0.9937635788957887,0.9351014977584136,-2.710544626508327
Flip_both,30,4,147,-266.523,-1.8130816326530614,0.6567813634841734,333.0829999999999,-0.8001699276156397,0.8858363184296356,-1.7027022818833444,73,-177.70100000000002,-2.434260273972603,0.5803594200160582,185.791,-0.9564564483747868,0.3795414823140279,220,-444.22400000000005,-2.0192,0.6298133333333332,448.3040000000002,-0.9908990327991717,0.9312841760352916,-2.280958674338656
Flip_both,30,5,147,-257.33399999999995,-1.7505714285714282,0.7033022147356187,338.96299999999997,-0.7591802055091558,0.9104804624768705,-1.5295762209832906,73,-166.26600000000002,-2.277616438356165,0.6403434200536027,176.58899999999994,-0.9415422251669134,0.18220489384911615,220,-423.5999999999999,-1.925454545454545,0.6814122552492521,428.91000000000025,-0.9876197803735042,0.9195190198939648,-2.0363025662859657
Flip_both,30,6,147,-202.827,-1.3797755102040816,0.7776378149574575,285.177,-0.7112319717228247,0.8718965963731566,-1.1557340697595968,73,-256.135,-3.508698630136986,0.5603670373542551,268.465,-0.9540722254297581,0.7933971396805883,220,-458.962,-2.086190909090909,0.6929523039849927,467.8120000000006,-0.9810821441091708,0.9446754357907885,-2.0616908721041156
Flip_both,30,8,147,-344.936,-2.346503401360544,0.7095997204904887,436.32200000000006,-0.7905537653384426,0.941492701545456,-1.7145707348081298,73,-257.087,-3.521739726027397,0.6128038724582849,276.07199999999995,-0.9312317076704629,0.7952742466971602,220,-602.023,-2.7364681818181817,0.6748925080166716,623.4240000000005,-0.9656718381069698,0.9623613629828082,-2.405707163841435
Flip_both,30,10,147,-285.072,-1.939265306122449,0.7780065506570127,396.112,-0.7196752433655127,0.8587648917945374,-1.3177546104678606,73,-192.871,-2.6420684931506853,0.7221763674679965,216.42000000000004,-0.8911884299048146,0.49157107277740814,220,-477.9430000000001,-2.172468181818182,0.7584154001760037,488.06300000000033,-0.9792649719400974,0.8591467394254169,-1.7807097491911708
Flip_both,30,12,147,-195.85999999999999,-1.3323809523809522,0.8543296867411456,311.66700000000003,-0.6284271353720476,0.7638703021624179,-0.8536307404554164,73,-161.935,-2.218287671232877,0.7783173005184253,186.34500000000006,-0.8690064128364053,0.21415299841056068,220,-357.795,-1.6263409090909091,0.8275706690621407,370.05500000000006,-0.9668697896258663,0.8264618911411964,-1.2591453592490989
Flip_both,30,15,147,-213.32099999999994,-1.451163265306122,0.8590011282765131,323.73399999999987,-0.6589391290380375,0.7974729903319081,-0.8479989348247794,73,-134.93099999999998,-1.8483698630136984,0.8303631707381467,165.02099999999996,-0.8176595706001055,0.31878348822883984,220,-348.2519999999999,-1.582963636363636,0.849133012583079,365.5179999999997,-0.9527629282278853,0.8620859224401425,-1.1216755682734736
Flip_both,30,20,147,-241.16199999999995,-1.6405578231292512,0.8601658675576025,397.4870000000002,-0.6067166976530046,0.7834443789295088,-0.8592672450212857,73,-164.11600000000004,-2.2481643835616443,0.8252153177821016,217.291,-0.7552820871550135,0.3770774527269775,220,-405.2779999999999,-1.8421727272727269,0.8478452014011167,435.6940000000002,-0.9301895366931832,0.7574992431149313,-1.1626380950161075
Flip_both,30,25,147,-204.36299999999997,-1.3902244897959182,0.8875610300922233,448.05300000000017,-0.4561134508640716,0.7732318914935115,-0.6772919092219828,73,-167.11999999999998,-2.2893150684931505,0.8350932139752383,273.75,-0.6104840182648401,0.1972302576483752,220,-371.483,-1.6885590909090908,0.8687787600491279,448.05300000000017,-0.8291050389128068,0.4505711803418796,-0.9883921378701208
Flip_both,30,30,147,-100.05799999999999,-0.6806666666666666,0.9467499015444221,455.9410000000001,-0.2194538328424072,0.4780813238382343,-0.30820215843643395,73,-25.47199999999997,-0.3489315068493146,0.9748653323742058,237.95999999999998,-0.1070432005379054,0.05299214268928314,220,-125.53000000000003,-0.5705909090909093,0.9566006705063302,455.9410000000001,-0.2753207103550679,0.009682956433579318,-0.31001582318026905
Flip_both,30,40,147,-23.98599999999999,-0.16317006802721082,0.9876490700500508,514.6999999999999,-0.04660190402176023,0.2991449862936806,-0.0676323651716392,73,157.3979999999999,2.1561369863013686,1.1527378164813378,222.5,0.7074067415730333,0.410699120216733,220,133.412,0.6064181818181819,1.0448813157452974,514.6999999999999,0.25920341946765113,0.22243836446387164,0.29780795962649337
Flip_both,30,50,147,194.55299999999994,1.323489795918367,1.100179707935985,477.30899999999997,0.4076038792480342,0.007220975747366342,0.5042645576363545,73,50.72099999999999,0.694808219178082,1.0461590544860857,322.71000000000004,0.1571720739983266,0.1222908771085088,220,245.27400000000006,1.1148818181818185,1.0806591269409325,477.30899999999997,0.513868374574961,0.48781275603457064,0.5100169837786883
Flip_both,40,3,147,-374.74100000000004,-2.5492585034013606,0.5204076408992364,424.52100000000013,-0.8827384275453981,0.9059617861163661,-2.164490960677715,73,-160.54,-2.199178082191781,0.5559022619828103,166.79999999999998,-0.9624700239808154,0.3786178622735005,220,-535.281,-2.4330954545454544,0.5316348039280022,538.3610000000003,-0.9942789317948358,0.9363244302140664,-2.5295493401262514
Flip_both,40,4,147,-295.62100000000004,-2.011027210884354,0.6404210521194311,365.931,-0.8078599517395357,0.9070045918810805,-1.6295833640680362,73,-226.555,-3.1034931506849315,0.529592163018517,234.64499999999992,-0.9655223848792861,0.4997092993420243,220,-522.1759999999999,-2.3735272727272725,0.5994799596546871,530.0060000000003,-0.9852265823405766,0.9517840504652382,-2.2750885607005125
Flip_both,40,5,147,-274.552,-1.867700680272109,0.6967810765380612,366.3249999999999,-0.7494765577014949,0.9015002438413126,-1.4218533560656172,73,-224.09899999999996,-3.0698493150684927,0.5775495123229413,235.23200000000008,-0.952672255475445,0.3038623834126161,220,-498.65099999999995,-2.2665954545454543,0.6527335556279823,514.9150000000001,-0.9684142042861441,0.9396212285849954,-2.047881454142724
Flip_both,40,6,147,-226.65800000000002,-1.5418911564625852,0.7639662681015288,337.85699999999997,-0.6708696282746843,0.8742474911474177,-1.1260439196079752,73,-334.228,-4.578465753424657,0.504931019057522,355.90799999999996,-0.9390853816154738,0.8661654445114273,220,-560.886,-2.549481818181818,0.6570326869643485,607.9350000000006,-0.922608502553726,0.944172620770739,-2.14952082241512
Flip_both,40,8,147,-302.45399999999995,-2.057510204081632,0.747218985947417,435.3,-0.6948173673328738,0.9404234030587537,-1.3387406548762002,73,-353.3,-4.83972602739726,0.5449475395224589,394.58500000000015,-0.8953710860777776,0.8784239818324329,220,-655.754,-2.9807,0.6676192407116428,715.5950000000003,-0.9163758830064489,0.9665691528920587,-2.271477544740109
Flip_both,40,10,147,-276.957,-1.8840612244897958,0.7912081201742363,408.84299999999996,-0.6774165144077311,0.8797587230737896,-1.1362990152313774,73,-294.68399999999997,-4.036767123287671,0.6391126612569408,314.8939999999999,-0.9358196726517497,0.7502669359843896,220,-571.641,-2.5983681818181816,0.7332554684306506,581.7610000000002,-0.9826045403524811,0.9313079220756193,-1.8489326830163857
Flip_both,40,12,147,-149.16600000000003,-1.0147346938775512,0.890842751389657,274.2950000000001,-0.5438159645636996,0.6632149698761173,-0.583163136274405,73,-270.20799999999997,-3.701479452054794,0.6868366336977911,299.0779999999999,-0.903469997793218,0.5787909849769676,220,-419.3740000000001,-1.906245454545455,0.8118857536564337,440.7330000000001,-0.9515375522141523,0.8643792110849329,-1.291713153483801
Flip_both,40,15,147,-92.14899999999999,-0.6268639455782312,0.9387121768886199,266.518,-0.34575150646485414,0.5881898086508118,-0.3315503963857455,73,-200.304,-2.743890410958904,0.779126979051114,255.77400000000003,-0.7831288559431372,0.37261825751125555,220,-292.453,-1.3293318181818181,0.8786713015454988,346.44200000000006,-0.8441615046674477,0.808524708878221,-0.8350966480613508
Flip_both,40,20,147,-144.167,-0.9807278911564626,0.9188175736552844,380.6080000000001,-0.3787807928367243,0.6508724797642497,-0.45969402770268114,73,-170.356,-2.333643835616438,0.8314098136122255,250.866,-0.6790716956462812,0.3525291448956025,220,-314.5229999999999,-1.4296499999999996,0.8871186090297074,402.43200000000013,-0.7815556416984728,0.6812751101852903,-0.8025127212536013
Flip_both,40,25,147,-116.85099999999997,-0.7949047619047617,0.938143211136562,422.60700000000014,-0.27650038925053283,0.6828444401082128,-0.34783010604485826,73,-172.39300000000006,-2.3615479452054804,0.8429927668092903,267.07300000000004,-0.6454901843316249,0.18027033123799932,220,-289.244,-1.3147454545454547,0.9031673714308863,422.60700000000014,-0.684427849041781,0.4319073131188467,-0.687255577792982
Flip_both,40,30,147,20.36800000000011,0.13855782312925244,1.010487756903187,430.8039999999999,0.04727904104882989,0.32791470075474266,0.056855225806829626,73,-15.734999999999975,-0.2155479452054791,0.9856693205973802,219.04400000000004,-0.07183488248936273,0.14640062089921702,220,4.633000000000067,0.02105909090909121,1.0015239790688895,430.8039999999999,0.010754310544934744,0.0592417266301595,0.010315148188673144
Flip_both,40,40,147,126.86599999999993,0.8630340136054417,1.063910378572749,499.1389999999999,0.2541696801892859,0.148317999162888,0.32840008505425083,73,197.125,2.7003424657534247,1.1767804039875023,205.17000000000002,0.9607886143198323,0.580813737110911,220,323.9910000000001,1.472686363636364,1.1045083375132454,499.1389999999999,0.6490997497691027,0.3501444610323297,0.6602516685486989
Flip_both,40,50,147,350.22299999999996,2.3824693877551018,1.1764293389472669,457.2699999999999,0.7658997966190654,0.021859766220213236,0.84249885080159,73,89.52800000000006,1.2264109589041103,1.076783873396834,241.01,0.3714700634828433,0.34803656164221897,220,439.751,1.9988681818181817,1.1395576374112,457.2699999999999,0.9616878430686466,0.6044367079186486,0.8448335073357216
A_short_plus_Flip,2,3,212,-200.344,-0.9450188679245283,0.4584184859592782,203.34700000000004,-0.9852321401348432,0.9818794515725275,-4.653310853202236,109,-81.89800000000001,-0.7513577981651377,0.5193328012019907,82.15400000000007,-0.9968839009664769,0.9642175596261532,321,-282.242,-0.8792585669781932,0.4776275753829298,285.24499999999995,-0.9894722081018075,0.9886775010612088,-5.721326369034664
A_short_plus_Flip,2,4,212,-196.803,-0.928316037735849,0.48836888872712897,196.803,-1.0,0.9745241159996165,-4.277694628910302,109,-84.12400000000001,-0.7717798165137616,0.5343879030740447,86.89400000000003,-0.9681220797753582,0.9533410694633956,321,-280.927,-0.8751619937694705,0.5030760685756334,283.69699999999995,-0.99023606171373,0.9878792303832964,-5.271235726701608
A_short_plus_Flip,2,5,212,-164.86800000000002,-0.777679245283019,0.5739569739647264,164.86800000000002,-1.0,0.9659816769773308,-3.2856295386195016,109,-83.20800000000001,-0.7633761467889909,0.5544680099164172,84.33100000000007,-0.9866834260236442,0.9494895398271127,321,-248.07600000000002,-0.7728224299065422,0.5676129787916394,248.07599999999994,-1.0000000000000004,0.9854833792435208,-4.264819733847975
A_short_plus_Flip,2,6,212,-157.304,-0.742,0.6031344767210104,157.30400000000003,-0.9999999999999998,0.9599202549282727,-2.931782675265888,109,-73.35100000000001,-0.6729449541284405,0.6114698264218104,82.36100000000002,-0.8906035623656827,0.9315520101605876,321,-230.65499999999997,-0.7185514018691588,0.6058237361938762,235.5649999999999,-0.9791564960838837,0.9827182956848951,-3.680565183169099
A_short_plus_Flip,2,8,212,-126.60900000000001,-0.5972122641509434,0.6876366184256623,131.97999999999996,-0.9593044400666771,0.9294538587048189,-2.0571045016211373,109,-72.346,-0.6637247706422019,0.6326140939767725,88.75100000000002,-0.8151570123153541,0.8986727625761047,321,-198.955,-0.619797507788162,0.6696455108950311,220.73099999999988,-0.9013459822136453,0.9725319451070742,-2.7619182053123046
A_short_plus_Flip,2,10,212,-105.287,-0.4966367924528302,0.7443230523777494,109.32699999999998,-0.9630466398968235,0.8595464591187147,-1.5542535894642109,109,-68.931,-0.632394495412844,0.6577595066803701,97.12100000000001,-0.7097435158204712,0.796347595859448,321,-174.21800000000002,-0.5427352024922119,0.7158908559575218,202.40799999999996,-0.8607268487411568,0.9383678105040292,-2.1916140531829185
A_short_plus_Flip,2,12,212,-123.424,-0.5821886792452831,0.7077552914656987,127.15899999999998,-0.9706273248452727,0.8494814062508321,-1.7368303895527715,109,-56.21099999999999,-0.5156972477064219,0.7237395009608248,95.90100000000001,-0.5861357024431444,0.6551873837502937,321,-179.635,-0.5596105919003115,0.7129523395578794,223.0599999999999,-0.805321438178069,0.937192179076358,-2.108545745667266
A_short_plus_Flip,2,15,212,-112.368,-0.5300377358490566,0.7378101849151256,130.08,-0.8638376383763836,0.8934882537566684,-1.4371116832320725,109,-21.349999999999998,-0.1958715596330275,0.8950710420649625,78.86000000000001,-0.270732944458534,0.2085534694599267,321,-133.718,-0.41656697819314636,0.788436284700797,203.91499999999994,-0.6557536228330433,0.9314251593023548,-1.3858308876399439
A_short_plus_Flip,2,20,212,-82.831,-0.3907122641509434,0.8094621390221798,99.006,-0.8366260630668849,0.732851748419823,-0.9052668797730068,109,-49.701,-0.45597247706422017,0.7655734843946774,93.35100000000003,-0.5324099366905548,0.40970541484052064,321,-132.532,-0.4128722741433022,0.7950746289427012,190.17099999999996,-0.6969096234441636,0.8844712475450113,-1.2054492060094546
A_short_plus_Flip,2,25,212,-97.76699999999997,-0.4611650943396225,0.7783257262963139,122.446,-0.7984499289482708,0.7497583083996735,-0.9913339458427708,109,-10.090999999999998,-0.09257798165137612,0.9524034130304558,81.85100000000001,-0.12328499346373283,0.017130883675174336,321,-107.858,-0.33600623052959505,0.8348395988056045,204.297,-0.5279470574702517,0.8564437670024122,-0.8725373747654502
A_short_plus_Flip,2,30,212,-69.73800000000001,-0.3289528301886793,0.8427181181564971,119.81899999999999,-0.58202789207054,0.6138910634162853,-0.6306372824211569,109,30.252000000000013,0.2775412844036698,1.1426907094443208,76.41800000000002,0.3958753173336126,0.10883996383528255,321,-39.48600000000005,-0.12300934579439267,0.9397533742443617,195.992,-0.2014674068329322,0.7183704980042444,-0.27896480402297513
A_short_plus_Flip,2,40,212,-130.79700000000003,-0.6169669811320756,0.7090911112840985,173.07400000000004,-0.7557287634191155,0.7411239030639114,-1.1508930520177358,109,84.139,0.7719174311926605,1.3968614836022655,71.371,1.1788961903294055,0.41044337087512867,321,-46.65800000000005,-0.14535202492211854,0.9294797967431752,219.48999999999995,-0.21257460476559326,0.5681237809995909,-0.29707892230250044
A_short_plus_Flip,2,50,212,-221.76999999999998,-1.0460849056603774,0.5116650335252734,224.01200000000003,-0.9899916075924502,0.7581517448737947,-2.2201761785100356,109,24.238999999999994,0.22237614678899076,1.1117978331357727,71.37100000000001,0.3396197335052051,0.12763756715786265,321,-197.53099999999998,-0.6153613707165109,0.705593296628939,280.90299999999996,-0.7032000370234565,0.8236546118337341,-1.3658640677157192
A_short_plus_Flip,3,3,212,-176.575,-0.8329009433962263,0.5996331340285194,179.5780000000001,-0.9832774616044276,0.9522156900555935,-3.3451507820965047,109,-76.98100000000001,-0.7062477064220184,0.6315076493001703,80.538,-0.9558345129007426,0.8797860655470429,321,-253.556,-0.7898940809968847,0.6098784351194955,259.48,-0.9771697240635117,0.9772428879232652,-4.113246372886942
A_short_plus_Flip,3,4,212,-150.47799999999998,-0.7098018867924527,0.6749162868068005,156.95999999999998,-0.9587028542303772,0.9260241886661553,-2.6042361294044274,109,-98.82500000000002,-0.9066513761467891,0.5826558837813298,98.82500000000003,-0.9999999999999999,0.9281670135962615,321,-249.303,-0.7766448598130841,0.6436925187763064,255.34500000000006,-0.9763378957880512,0.9728125097591387,-3.68829747412421
A_short_plus_Flip,3,5,212,-105.737,-0.49875943396226413,0.776096678835517,127.43199999999999,-0.8297523385021032,0.8591465045442563,-1.6730815408230402,109,-92.349,-0.8472385321100918,0.6255033557046981,94.48200000000001,-0.9774242712897694,0.9127911777256709,321,-198.08599999999998,-0.6170903426791277,0.7244362089424754,210.31099999999998,-0.9418717993828188,0.950332054352779,-2.673740819362462
A_short_plus_Flip,3,6,212,-102.369,-0.482872641509434,0.7928767688703104,128.29800000000003,-0.7979002010943271,0.8374695641760233,-1.512468318781843,109,-100.42500000000001,-0.921330275229358,0.612221256878077,100.42500000000004,-0.9999999999999997,0.9334791061714419,321,-202.79399999999998,-0.6317570093457944,0.7307628478911126,220.75600000000009,-0.9186341481092243,0.9457397120953396,-2.5595855820863673
A_short_plus_Flip,3,8,212,-66.605,-0.3141745283018868,0.8715889767605064,110.597,-0.6022315252674124,0.6861157955248701,-0.8570908241603309,109,-100.46600000000002,-0.9217064220183488,0.6334588386381216,107.47100000000003,-0.9348196257595072,0.8963041629462289,321,-167.07099999999997,-0.5204704049844235,0.7892587836695772,203.38500000000005,-0.8214519261499124,0.8973017483642992,-1.8379034415536857
A_short_plus_Flip,3,10,212,-55.642000000000024,-0.26246226415094354,0.8970540077003202,95.77100000000003,-0.5809900700629628,0.36168349725945215,-0.6504330267521489,109,-126.69200000000001,-1.1623119266055046,0.5626816521805166,139.542,-0.9079130297688152,0.8980110562995473,321,-182.334,-0.568018691588785,0.7803731394521071,222.37700000000015,-0.8199319174195168,0.8006464198483696,-1.8427148551023467
A_short_plus_Flip,3,12,212,-96.33700000000002,-0.4544198113207548,0.829635262390026,133.34799999999996,-0.7224480307166216,0.7319660064676248,-1.0757947894914783,109,-109.069,-1.0006330275229358,0.6273935070835855,131.41900000000004,-0.8299332668792182,0.8122651962070953,321,-205.406,-0.6398940809968847,0.7606531856433392,251.53400000000002,-0.816613261030318,0.9066564835100199,-1.9502570527427845
A_short_plus_Flip,3,15,212,-38.50599999999999,-0.18163207547169807,0.9330134717621841,104.213,-0.36949324940266565,0.3469768573494939,-0.3745575925945008,109,-83.228,-0.7635596330275228,0.7186142356286283,123.15800000000003,-0.6757823283911721,0.5740585862492515,321,-121.734,-0.3792336448598131,0.8601740616647388,199.34100000000012,-0.6106821978418886,0.7804183417690957,-1.0048849939103706
A_short_plus_Flip,3,20,212,47.87900000000001,0.22584433962264155,1.0823141274485868,94.21700000000001,0.508177929672989,0.3566526945123579,0.39234339761538056,109,-106.059,-0.9730183486238532,0.6561650008591094,138.74200000000002,-0.7644332646206627,0.5381980334662013,321,-58.17999999999999,-0.1812461059190031,0.9346380997639647,169.1,-0.3440567711413365,0.12187934194653043,-0.411967463224014
A_short_plus_Flip,3,25,212,15.415999999999979,0.07271698113207538,1.0259527745697825,100.60099999999998,0.15323903340921047,0.014413709695321523,0.11734986220915941,109,-84.42899999999999,-0.774577981651376,0.728932895408532,133.96200000000002,-0.6302458906256997,0.3943037603762637,321,-69.01299999999996,-0.21499376947040486,0.9237822083755307,168.959,-0.4084600406015658,0.38503444757723165,-0.44605913311505113
A_short_plus_Flip,3,30,212,56.976999999999975,0.26875943396226404,1.0949143676734427,111.947,0.5089640633514071,0.07721322464079282,0.38872854375350746,109,-72.22599999999998,-0.662623853211009,0.770338549202039,136.65600000000003,-0.52852417749678,0.3941709546190585,321,-15.248999999999995,-0.047504672897196246,0.9833305640213909,171.65299999999996,-0.08883619860998641,0.035718008420121385,-0.08832328928271586
A_short_plus_Flip,3,40,212,-31.632000000000005,-0.14920754716981136,0.9489624527452526,201.947,-0.15663515674904804,0.0979573530366981,-0.20389287326259184,109,-18.33899999999999,-0.16824770642201828,0.9416863546896713,118.902,-0.1542362617954281,0.028173946292425023,321,-49.971000000000046,-0.15567289719626182,0.9465132060607878,201.947,-0.2474461120987192,0.10606315671270089,-0.2624223669509447
A_short_plus_Flip,3,50,212,-87.862,-0.4144433962264151,0.8597027413709408,218.39699999999993,-0.4023040609532183,0.16605533534860253,-0.5591982623495507,109,-79.479,-0.7291651376146789,0.7520380371198865,129.26900000000003,-0.6148341829827721,0.34962195614877306,321,-167.34099999999998,-0.5213115264797508,0.8232534313492502,226.59999999999997,-0.738486319505737,0.41987389400419334,-0.8821826758035649
A_short_plus_Flip,4,3,212,-205.108,-0.9674905660377359,0.6014534431835846,214.18300000000008,-0.9576296904983118,0.9630761007990098,-3.4066654542129244,109,-78.261,-0.7179908256880734,0.6719001542795816,81.341,-0.962134716809481,0.7224660498889891,321,-283.369,-0.8827694704049845,0.6237638880037388,295.524,-0.9588696687917057,0.9713652243927611,-3.9840767092097615
A_short_plus_Flip,4,4,212,-155.711,-0.7344858490566039,0.708976968378479,182.21000000000006,-0.8545689040118543,0.9469507456719478,-2.354908179083684,109,-100.838,-0.9251192660550458,0.6344171005119134,104.91800000000002,-0.9611124878476522,0.8050226423956302,321,-256.549,-0.7992180685358254,0.6836146138430708,276.95400000000006,-0.9263235049863874,0.9728782178743816,-3.2718274475596503
A_short_plus_Flip,4,5,212,-118.60699999999997,-0.5594669811320754,0.7867079798157813,154.70500000000004,-0.7666655893474674,0.8868181559145971,-1.6511624222655175,109,-96.09599999999999,-0.8816146788990825,0.671371167689756,101.40600000000002,-0.9476362345423345,0.6975922006431249,321,-214.70299999999997,-0.6688566978193146,0.746959609566608,235.46100000000007,-0.9118410267517759,0.9502135205723323,-2.512469531685931
A_short_plus_Flip,4,6,212,-97.52099999999996,-0.4600047169811319,0.8320482770141686,146.37099999999998,-0.6662590267197736,0.8513848190212705,-1.2597258301388876,109,-121.81900000000002,-1.117605504587156,0.6162963569588198,128.13899999999998,-0.950678560001249,0.8770359569457234,321,-219.33999999999997,-0.6833021806853582,0.7557817289460002,247.86500000000007,-0.88491719282674,0.9468828361871849,-2.394132980389567
A_short_plus_Flip,4,8,212,-63.936,-0.3015849056603774,0.8972048715784394,118.00999999999998,-0.5417845945258878,0.7777389639170547,-0.721408567518226,109,-128.296,-1.1770275229357798,0.6250102299697193,136.99099999999996,-0.9365286770663769,0.8753940675337009,321,-192.23199999999997,-0.598853582554517,0.800611342931853,227.08399999999995,-0.8465237533247609,0.9132783974319163,-1.8388194608230277
A_short_plus_Flip,4,10,212,-45.81999999999998,-0.21613207547169802,0.9299441938689703,103.39400000000002,-0.443159177515136,0.38367165648208684,-0.46750623245992473,109,-148.88899999999998,-1.365954128440367,0.5896328472323666,165.26900000000006,-0.9008888539290486,0.8460278272688826,321,-194.70899999999997,-0.6065700934579439,0.8085210582680757,229.69600000000008,-0.8476812830872105,0.792924183175821,-1.6965872169178045
A_short_plus_Flip,4,12,212,-87.734,-0.4138396226415094,0.8730977462967434,141.70500000000004,-0.6191312938851838,0.776484731295344,-0.8456590439837244,109,-122.28899999999997,-1.1219174311926603,0.6667774783440377,154.28900000000007,-0.7925970095081303,0.7057482444425858,321,-210.023,-0.6542772585669782,0.8015543209176633,258.44700000000006,-0.8126346987970452,0.9072374856676793,-1.7051743927938505
A_short_plus_Flip,4,15,212,-58.01999999999998,-0.2736792452830188,0.9189665936220758,123.22999999999996,-0.47082690903189156,0.6851459427432736,-0.4979705464526215,109,-102.58799999999998,-0.9411743119266053,0.7265989569036507,161.008,-0.6371608864155817,0.572443144483841,321,-160.60799999999995,-0.5003364485981306,0.8528192956571943,249.078,-0.6448100594994337,0.8649553736027763,-1.1595287994984587
A_short_plus_Flip,4,20,212,42.34800000000003,0.1997547169811322,1.0581457295539798,108.839,0.3890884701255986,0.051748106593179036,0.30773699536686494,109,-84.21799999999996,-0.772642201834862,0.7827243433460007,156.93900000000002,-0.536628881285085,0.24747956204158483,321,-41.86999999999998,-0.13043613707165103,0.9624792883341683,177.231,-0.23624535211108658,0.3048380226821592,-0.2563810804087467
A_short_plus_Flip,4,25,212,-21.728999999999978,-0.10249528301886782,0.9709674574713136,146.691,-0.14812769699572556,0.34816508595676365,-0.1491448907601111,109,-37.94899999999998,-0.34815596330275206,0.9031144607073469,152.15900000000002,-0.2494035844084147,0.021619868432570036,321,-59.67799999999998,-0.18591277258566974,0.947656616599057,193.116,-0.309026698978852,0.5481949957188675,-0.33480489204315794
A_short_plus_Flip,4,30,212,27.502000000000052,0.12972641509433988,1.0363440300351654,142.43300000000002,0.19308727612280896,0.11702571388724589,0.17025445728827424,109,-2.2059999999999853,-0.02023853211009161,0.9944259006112304,146.726,-0.015034826820059058,0.0015692866390884456,321,25.296000000000063,0.07880373831775721,1.02194934020089,158.786,0.1593087551799281,0.03037798082957904,0.12704697371499843
A_short_plus_Flip,4,40,212,-28.354000000000042,-0.13374528301886812,0.9634677898360727,248.0920000000001,-0.11428824790803424,0.24356003406158647,-0.16127766589035428,109,100.61100000000003,0.9230366972477068,1.2542228982790031,137.099,0.7338565562112054,0.36401382631042517,321,72.257,0.22509968847352027,1.0616582017516913,248.0920000000001,0.2912508263063701,0.008343912016888843,0.31754961628344225
A_short_plus_Flip,4,50,212,-59.00399999999996,-0.278320754716981,0.9247740505917588,263.81,-0.22366096812099603,0.2554285559724638,-0.31968394353418306,109,-5.14899999999998,-0.047238532110091554,0.9873820358811869,136.65899999999996,-0.03767772338448241,0.009487864332961875,321,-64.15299999999996,-0.19985358255451702,0.9461995964529455,263.81,-0.24317880292634836,0.0781446085380946,-0.2766038477568043
A_short_plus_Flip,5,3,211,-222.177,-1.0529715639810426,0.6078352808274792,250.21900000000008,-0.8879301731683042,0.9703911297954466,-3.334282765998635,109,-61.675,-0.5658256880733945,0.7539907938508668,75.336,-0.818665710948285,0.5536584166349495,320,-283.852,-0.8870374999999999,0.6526708123175264,316.6020000000002,-0.896557823387091,0.9525302274139588,-3.57573884835648
A_short_plus_Flip,5,4,211,-195.769,-0.9278151658767773,0.6785164749447827,245.51100000000002,-0.7973940067858466,0.9605829641953754,-2.680995147919658,109,-93.232,-0.8553394495412844,0.6908158730790406,100.49200000000002,-0.9277554432193605,0.6860845212500258,320,-289.001,-0.903128125,0.6825898382971056,323.4900000000001,-0.8933846486753837,0.9554964188176546,-3.30129302217121
A_short_plus_Flip,5,5,211,-156.906,-0.7436303317535545,0.7529451776553835,217.62700000000004,-0.7209859070795442,0.92963243860699,-1.9847194809030613,108,-69.51899999999999,-0.6436944444444443,0.7767741604025317,90.46499999999999,-0.7684629414690765,0.31750527321354266,319,-226.425,-0.7097962382445141,0.7607853909258506,272.85300000000007,-0.8298424426339456,0.9165327097187,-2.3811768150974344
A_short_plus_Flip,5,6,211,-134.02,-0.6351658767772512,0.7986529791156175,198.0630000000001,-0.6766533880633937,0.9102805119352363,-1.575648932627408,108,-80.31199999999998,-0.7436296296296295,0.762014543687364,95.192,-0.8436843432221194,0.5230651083769926,319,-214.332,-0.6718871473354232,0.7863267546155205,262.461,-0.8166241841645043,0.9440247100104577,-2.0940788014860847
A_short_plus_Flip,5,8,211,-106.107,-0.5028767772511848,0.8529174076913161,185.32100000000003,-0.5725578860463735,0.8837945043706875,-1.0949300722733768,108,-73.17699999999999,-0.6775648148148148,0.8012984826597441,103.532,-0.7068056253139126,0.422207565735276,319,-179.284,-0.5620188087774295,0.8354720208647071,247.68400000000003,-0.7238416692236881,0.9333387021031151,-1.5346383492884557
A_short_plus_Flip,5,10,211,-64.97999999999999,-0.3079620853080568,0.9140149765850263,145.91100000000006,-0.4453399675144435,0.7150252990313534,-0.6035043119716026,108,-125.037,-1.15775,0.695014598379909,151.727,-0.8240919546290377,0.7023085335197271,319,-190.017,-0.5956645768025078,0.8369918245845807,238.36900000000014,-0.7971548313748846,0.8903374798509852,-1.4792959212937569
A_short_plus_Flip,5,12,211,-99.50200000000002,-0.4715734597156399,0.8758156067315325,207.858,-0.4787018060406625,0.8245104943058249,-0.8667011459879331,108,-103.25399999999998,-0.9560555555555553,0.7547626455632167,137.984,-0.7483041512059367,0.5559845372626768,319,-202.75599999999997,-0.6355987460815046,0.8341167047511987,269.63000000000005,-0.7519786373919813,0.9127366150686634,-1.4653062872304343
A_short_plus_Flip,5,15,211,-75.73400000000001,-0.3589289099526067,0.9095535239778584,198.04500000000002,-0.3824080385770911,0.7868340211741459,-0.5911253346542387,108,-87.996,-0.8147777777777777,0.7983070776805177,147.03599999999997,-0.5984656818738269,0.5827327658619466,319,-163.73000000000002,-0.5132601880877744,0.8714453739021466,276.39200000000005,-0.5923832817158239,0.9096341177682865,-1.0597401246565028
A_short_plus_Flip,5,20,211,13.017000000000017,0.06169194312796217,1.015165566463092,127.13499999999999,0.10238722617689872,0.30787041693734163,0.08747901732124234,108,-47.70599999999999,-0.4417222222222221,0.8943100778285114,134.20999999999992,-0.3554578645406454,0.05485905305890133,319,-34.688999999999965,-0.10874294670846384,0.973513842451304,177.27899999999994,-0.1956746145905605,0.6154425144912545,-0.1921204235925735
A_short_plus_Flip,5,25,211,-45.25399999999998,-0.214473933649289,0.948798830566829,203.208,-0.22269792527853222,0.7031465463635688,-0.28573653842191926,108,22.323000000000015,0.20669444444444457,1.048856769539534,119.13999999999997,0.18736780258519406,0.1806174440987969,319,-22.930999999999997,-0.07188401253918494,0.9828969370965891,214.65200000000002,-0.10682872742858206,0.4998888754805063,-0.1153302055556466
A_short_plus_Flip,5,30,211,17.590000000000046,0.08336492890995283,1.019677288002112,205.53100000000006,0.08558319669538922,0.4358269591005922,0.10017162850813875,108,46.93599999999999,0.43459259259259253,1.1004092442565683,103.63699999999999,0.4528884471762015,0.14267894567870362,319,64.52600000000001,0.20227586206896556,1.0473978070636145,205.53100000000006,0.3139477743016868,0.04140203097586007,0.2921000724150154
A_short_plus_Flip,5,40,211,-37.77799999999999,-0.17904265402843597,0.9588208941069777,303.514,-0.12446872302430857,0.4245305513964559,-0.19796938341408854,108,171.28300000000002,1.585953703703704,1.3664222895857714,82.25,2.0824680851063833,0.663176882260449,319,133.50499999999997,0.4185109717868338,1.0964036642129784,303.514,0.439864388463135,0.02438853462442122,0.5305148806088367
A_short_plus_Flip,5,50,211,-81.6979999999999,-0.38719431279620803,0.9119165677455805,318.582,-0.2564426113214177,0.3988355485234474,-0.41216206398822414,108,69.44599999999997,0.6430185185185182,1.1454406088542726,88.09700000000001,0.7882901801423426,0.404513281489374,319,-12.251999999999981,-0.03840752351097173,0.9912796780626824,318.582,-0.03845791664312479,0.007887347588191228,-0.048114155768628875
A_short_plus_Flip,6,3,211,-206.02400000000003,-0.9764170616113745,0.651457195978352,237.15900000000013,-0.8687167680754259,0.9705158837142053,-2.8327241811683814,109,-74.24400000000001,-0.6811376146788992,0.7306594207893314,96.95499999999996,-0.7657573100923114,0.5492834235922947,320,-280.26800000000003,-0.8758375,0.6766456841172561,321.0680000000002,-0.8729241157636384,0.9644022159120931,-3.221492348860749
A_short_plus_Flip,6,4,211,-192.245,-0.9111137440758295,0.7059646750767802,245.73000000000008,-0.7823424083343505,0.9532209533474969,-2.4010358044201756,109,-102.26099999999998,-0.9381743119266054,0.691344386392242,122.491,-0.8348450090210708,0.6667218868519831,320,-294.506,-0.9203312499999999,0.701047682177019,340.96500000000003,-0.8637426128781545,0.9595268181409965,-3.0532251230832883
A_short_plus_Flip,6,5,211,-149.16500000000002,-0.7069431279620854,0.7820012363956289,212.49900000000008,-0.701956244499974,0.9242158130311453,-1.7268679590551324,108,-87.91799999999998,-0.8140555555555553,0.749040898814825,118.77399999999999,-0.7402125044201592,0.3452051400930971,319,-237.08299999999997,-0.743206896551724,0.7708402000821595,291.191,-0.8141838174943593,0.9270877587526428,-2.271295507938647
A_short_plus_Flip,6,6,211,-122.31600000000002,-0.579696682464455,0.8304505848204508,189.49500000000012,-0.6454840497110739,0.908403902411928,-1.3155159433261197,108,-98.49100000000001,-0.9119537037037039,0.7413406867572714,122.907,-0.8013457329525577,0.5175005281265882,319,-220.807,-0.6921849529780564,0.7996657572675567,275.45500000000004,-0.8016082481712075,0.9498183769124445,-1.9643760892074156
A_short_plus_Flip,6,8,211,-98.083,-0.46484834123222746,0.876611033464208,172.77999999999997,-0.5676756569047344,0.8800471902134699,-0.9262022303153588,108,-74.90299999999998,-0.693546296296296,0.8179146347985473,120.16499999999999,-0.6233345816169432,0.3607084998667924,319,-172.986,-0.5422758620689655,0.8565944136931088,250.23299999999995,-0.6912997086715182,0.9323286259811507,-1.348499407956925
A_short_plus_Flip,6,10,211,-27.438999999999986,-0.13004265402843596,0.9669221134453732,111.924,-0.2451574282548871,0.41544813787273155,-0.23252251913298874,108,-157.29199999999997,-1.4564074074074072,0.6674742400987691,188.31199999999998,-0.8352733760992395,0.7040050938509731,319,-184.731,-0.5790940438871474,0.8581773123314362,235.83400000000003,-0.7833094464750628,0.7875424435998343,-1.3081284618207623
A_short_plus_Flip,6,12,211,-30.716,-0.1455734597156398,0.9650458434755693,152.851,-0.20095387010879878,0.5960908106764514,-0.24079983055720525,108,-130.72899999999998,-1.2104537037037035,0.7307066404093505,172.8989999999999,-0.7561003823041201,0.5476424834852729,319,-161.445,-0.5060971786833856,0.8816561758037478,241.2249999999999,-0.6692714270908905,0.8404324218551377,-1.052761482545187
A_short_plus_Flip,6,15,211,22.44499999999998,0.10637440758293829,1.0243491260025235,135.454,0.16570200953829328,0.25883163900252104,0.15650169686135057,108,-109.80799999999996,-1.0167407407407405,0.7820140985708868,175.43799999999996,-0.6259077280862755,0.5175162755440651,319,-87.36299999999997,-0.2738652037617554,0.9387157690640303,236.1239999999999,-0.3699878030187529,0.7300937093930419,-0.5077222878234762
A_short_plus_Flip,6,20,211,113.09099999999998,0.5359763033175354,1.1178989178707701,115.93699999999998,0.9754521852385347,0.35413239515550243,0.6807382371562044,108,-65.76799999999996,-0.6089629629629626,0.8740653225821895,173.405,-0.37927395403823394,0.07643428751668609,319,47.32300000000002,0.14834796238244521,1.0319435097427605,214.69200000000004,0.22042274514187774,0.08785632344720945,0.23669669508134525
A_short_plus_Flip,6,25,211,70.66599999999997,0.3349099526066349,1.0709872884676046,162.69900000000004,0.434335798007363,0.004205194948279684,0.3922597596073732,108,13.861000000000036,0.12834259259259292,1.026239519620482,158.335,0.08754223639751182,0.10684619115066657,319,84.52700000000007,0.2649749216300943,1.055473993632701,207.17200000000003,0.40800397737145977,0.09585344195025644,0.38102260555786177
A_short_plus_Flip,6,30,211,57.49899999999998,0.27250710900473923,1.0563506857262701,168.98699999999997,0.340256942841757,0.05500224098017221,0.2973173197074644,108,46.80400000000003,0.43337037037037063,1.0866132843800371,142.832,0.3276856726783916,0.1134199370234044,319,104.30300000000003,0.32696865203761766,1.0668284684931735,168.98699999999997,0.6172249936385642,0.018533641717978236,0.43219074449955613
A_short_plus_Flip,6,40,211,2.3480000000000416,0.011127962085308253,1.002230262226786,273.7369999999999,0.008577576286727926,0.2141883960752263,0.011095864418098829,108,191.16100000000003,1.7700092592592596,1.3537535692541718,113.59500000000003,1.6828293498833573,0.6137793239476765,319,193.509,0.6066112852664577,1.1214616142658975,273.7369999999999,0.7069157622097124,0.09192817930986964,0.7023224328013837
A_short_plus_Flip,6,50,211,-5.646000000000015,-0.02675829383886263,0.9946993430978331,273.33399999999995,-0.02065604718037279,0.07587074307443571,-0.02489835085404663,108,51.06400000000002,0.472814814814815,1.09142750739008,122.58200000000002,0.4165701326459024,0.09617260585748638,319,45.418000000000035,0.14237617554858945,1.0279724328219404,273.33399999999995,0.1661630093585139,0.00989109116590113,0.160010816728862
A_short_plus_Flip,8,3,210,-244.678,-1.1651333333333334,0.634717907299282,289.52000000000004,-0.8451160541586072,0.9728171570890262,-2.886143466518685,108,-56.711,-0.5251018518518519,0.8014306822876912,101.40499999999999,-0.5592525023420937,0.1224441507439291,318,-301.389,-0.9477641509433963,0.6845517886691974,361.632,-0.8334135253517388,0.9406407615625584,-2.97900926934935
A_short_plus_Flip,8,4,210,-236.88600000000008,-1.1280285714285718,0.6850246915878406,305.8280000000001,-0.774572635599095,0.962260233964619,-2.542152018237237,108,-103.752,-0.9606666666666667,0.7170826947933312,121.222,-0.8558842454339971,0.6669666547000453,318,-340.63800000000003,-1.0711886792452832,0.6955327136217376,380.9670000000002,-0.8941404373607159,0.9520480393101708,-3.025723923187996
A_short_plus_Flip,8,5,209,-188.843,-0.9035550239234449,0.7600954826153293,281.7409999999999,-0.6702716324567602,0.9442978032801759,-1.8898718945877768,107,-88.526,-0.8273457943925233,0.7737366198767034,114.497,-0.7731730962383293,0.22598399558464688,316,-277.369,-0.8777500000000001,0.7646245664712906,333.9659999999999,-0.8305306528209462,0.9035310332491612,-2.29113170502557
A_short_plus_Flip,8,6,209,-162.70999999999998,-0.7785167464114832,0.8053132923244067,259.0600000000002,-0.6280784374276225,0.9244267383366696,-1.519661166027617,107,-86.16900000000001,-0.8053177570093459,0.7968186673394655,106.64900000000003,-0.8079681947322525,0.42972749617295547,316,-248.87900000000002,-0.7875917721518988,0.8024537802853035,305.90500000000003,-0.8135826482077769,0.9229629601615404,-1.9126809026809142
A_short_plus_Flip,8,8,209,-91.58199999999998,-0.4381913875598085,0.899291382222535,191.66000000000003,-0.4778357508087236,0.8353113232069034,-0.7535774144565426,107,-87.687,-0.8195046728971962,0.8176174015050355,112.49199999999998,-0.7794954307861894,0.44437259072915347,316,-179.269,-0.5673069620253165,0.8710445257459204,244.473,-0.7332875205032866,0.914057005503053,-1.2128182284607543
A_short_plus_Flip,8,10,209,-53.352000000000004,-0.2552727272727273,0.9454795170085266,171.90899999999993,-0.3103502434427518,0.6221331271286537,-0.39652719875315706,107,-155.80599999999998,-1.4561308411214953,0.7183921861359581,172.73600000000005,-0.901989162652834,0.779602668904065,316,-209.15800000000002,-0.6618924050632912,0.8634597193834084,256.46099999999984,-0.8155548017047431,0.8421720699340122,-1.2840936765988153
A_short_plus_Flip,8,12,209,-110.743,-0.5298708133971292,0.896296109008809,252.35000000000005,-0.43884683970675636,0.7585570935248264,-0.7662953634827495,107,-96.64899999999999,-0.9032616822429905,0.8278162094945244,121.161,-0.7976906760426209,0.42201402083989376,316,-207.392,-0.6563037974683544,0.8727023858481824,268.2300000000001,-0.7731871900980499,0.7929728575335898,-1.1767687472700261
A_short_plus_Flip,8,15,209,-32.88399999999997,-0.15733971291866014,0.9706057973190885,209.249,-0.15715248340493848,0.5858724995600927,-0.20308875071811733,107,-74.696,-0.6980934579439252,0.873358617754818,134.04300000000003,-0.5572540155024879,0.18619353677689773,316,-107.57999999999998,-0.3404430379746835,0.9370342167935678,212.02899999999994,-0.5073834239655897,0.6052246990949776,-0.5463431856007934
A_short_plus_Flip,8,20,209,-6.646000000000001,-0.03179904306220096,0.9944280305443866,134.20499999999998,-0.049521254796766154,0.2678516674722935,-0.03619364548380724,107,3.9610000000000056,0.037018691588785096,1.0064517390050864,122.628,0.03230094268845619,0.4075336984085401,316,-2.6850000000000023,-0.008496835443037982,0.9985138642352711,164.873,-0.01628526198953135,0.2508930425658977,-0.011881363189734869
A_short_plus_Flip,8,25,209,-37.394999999999996,-0.17892344497607654,0.9698931466351496,222.15599999999998,-0.16832766164316967,0.5673733817853018,-0.18725608257255763,107,54.24,0.5069158878504673,1.0849779799869337,103.48100000000001,0.5241541925570877,0.6499199669351136,316,16.845,0.05330696202531645,1.0089583957106063,222.15599999999998,0.07582509587857182,0.0548154466868542,0.06746085636348695
A_short_plus_Flip,8,30,209,-72.18099999999995,-0.34536363636363615,0.9437133835991275,271.02200000000005,-0.2663289327065697,0.4309833010554085,-0.33822400513126993,107,191.07999999999996,1.7857943925233641,1.2993656418861226,97.06,1.9686791675252415,0.8882741888629535,316,118.89899999999997,0.376262658227848,1.0619050891721933,271.02200000000005,0.4387060829010189,0.06055100427767921,0.4324630409152857
A_short_plus_Flip,8,40,209,-218.082,-1.0434545454545454,0.8372728832909259,459.85300000000007,-0.4742428558691581,0.7035985350164738,-0.9652402647926558,107,344.34700000000004,3.2181962616822433,1.5255898150536584,97.89999999999998,3.5173340143003076,0.9140846131804712,316,126.26499999999987,0.3995727848101262,1.0632801642633083,459.85300000000007,0.2745768756537412,0.015641580616682332,0.40837798363244837
A_short_plus_Flip,8,50,209,-206.02299999999997,-0.9857559808612438,0.8480877040724911,407.50000000000017,-0.5055779141104292,0.6276988911884501,-0.8444960393002392,107,211.15999999999997,1.9734579439252333,1.3105600110599132,111.394,1.8956137673483309,0.7921439944794226,316,5.137000000000057,0.01625632911392423,1.0025229233889783,407.50000000000017,0.012606134969325288,5.328190434149818e-05,0.015933273864342946
A_short_plus_Flip,10,3,209,-250.656,-1.199311004784689,0.6478502025884113,294.41400000000004,-0.851372557011555,0.9728574487939031,-2.6296766503718896,108,-84.29100000000001,-0.7804722222222223,0.7403242750330407,127.575,-0.6607172251616696,0.11493839765274269,317,-334.947,-1.056615141955836,0.6768134358817007,401.229,-0.8348025691064206,0.9516244951903975,-2.9277447556937055
A_short_plus_Flip,10,4,209,-250.43300000000002,-1.198244019138756,0.6921812793689072,313.6050000000001,-0.7985618851740245,0.9676904595661918,-2.385832741123518,108,-90.732,-0.8401111111111111,0.7643330796543385,119.73799999999999,-0.7577544305066062,0.2294539388878458,317,-341.16499999999996,-1.0762302839116717,0.7153575832614424,395.1399999999999,-0.8634028445614215,0.943581982736866,-2.689500809220647
A_short_plus_Flip,10,5,208,-158.89899999999997,-0.7639374999999998,0.8082960439244905,248.10999999999996,-0.6404377090806497,0.9392989487043638,-1.4243812757140086,107,-91.295,-0.8532242990654205,0.7852983646035679,140.04999999999995,-0.6518743305962159,0.024836046013535916,315,-250.194,-0.7942666666666667,0.8004983673485662,334.688,-0.7475439812601588,0.9037467023052683,-1.8450033762263691
A_short_plus_Flip,10,6,208,-161.264,-0.7753076923076924,0.822765584009513,248.7070000000001,-0.6484095743183744,0.9184971079362119,-1.3431102797192431,107,-90.56800000000004,-0.8464299065420564,0.8057222777565651,128.577,-0.7043872543300904,0.1098339844564108,315,-251.83200000000005,-0.7994666666666669,0.8169917351528159,328.43000000000006,-0.7667752641354322,0.911929236779542,-1.7223685826284885
A_short_plus_Flip,10,8,208,-94.731,-0.4554375,0.9059727936396075,193.08799999999997,-0.49061049883990726,0.8104210627486989,-0.6977465469085806,107,-170.00599999999997,-1.5888411214953269,0.7065750752953562,178.14600000000002,-0.9543071413335127,0.605865561674911,315,-264.73699999999997,-0.8404349206349205,0.8331703290124586,317.15899999999993,-0.8347138186209442,0.9182072389923747,-1.596477671965251
A_short_plus_Flip,10,10,208,-55.70700000000002,-0.2678221153846155,0.9490122712133098,184.67799999999994,-0.3016439424295262,0.6003827913533853,-0.3724970039265988,107,-171.525,-1.6030373831775702,0.7279678113085458,192.19500000000002,-0.8924529774447826,0.7626550625765608,315,-227.23200000000003,-0.7213714285714287,0.8681252100152691,278.2750000000001,-0.8165735333752582,0.8320565122335796,-1.2449977766102334
A_short_plus_Flip,10,12,208,-91.84199999999998,-0.44154807692307685,0.9231293957536276,258.11400000000003,-0.3558195216067318,0.7181742525860952,-0.5681559801250948,107,-124.42799999999998,-1.162878504672897,0.8087406159502712,171.217,-0.7267269021183642,0.5129674223700608,315,-216.27,-0.6865714285714286,0.8828016406794872,302.11999999999995,-0.7158413875281346,0.8204706164863322,-1.0940346114871091
A_short_plus_Flip,10,15,208,-53.55100000000001,-0.2574567307692308,0.9580247300660384,236.33300000000003,-0.22659129279448914,0.7111359976151024,-0.29906407697885007,107,-195.14600000000002,-1.8237943925233646,0.7309180962151266,250.41600000000003,-0.7792872659893937,0.6952213855219755,315,-248.69699999999995,-0.7895142857142855,0.8757138916264035,358.03499999999997,-0.6946164481126146,0.8831489453059505,-1.1441197454720067
A_short_plus_Flip,10,20,207,-35.055999999999955,-0.1693526570048307,0.9742194158920948,175.29,-0.19998859033601435,0.30361738300044977,-0.17448938546128337,107,-117.62200000000003,-1.0992710280373834,0.8443719080325329,178.261,-0.6598302489046961,0.08639391046644186,314,-152.67799999999997,-0.48623566878980884,0.9278313382858158,269.60800000000006,-0.5662962523367256,0.7103690667901056,-0.6195371580856951
A_short_plus_Flip,10,25,207,-175.74099999999999,-0.8489903381642512,0.8789097947183363,343.82500000000005,-0.5111350250854358,0.8062366107887112,-0.8206971726270541,107,-68.99300000000002,-0.6447943925233647,0.9122556899691722,159.949,-0.43134374081738563,0.006149283498462731,314,-244.73399999999998,-0.7794076433121019,0.8906274928841774,395.0519999999998,-0.6194981926429941,0.8061629678096143,-0.9140948448612919
A_short_plus_Flip,10,30,206,-227.18899999999996,-1.1028592233009706,0.8478094417645313,409.339,-0.5550143035479149,0.7810189797487724,-0.9997705895439623,107,73.12699999999995,0.6834299065420556,1.0930018720685342,133.28500000000003,0.5486513861274708,0.6330804610536056,313,-154.06199999999995,-0.4922108626198082,0.9324019377918107,429.3459999999999,-0.3588294755278959,0.5007153199888004,-0.5266579018551483
A_short_plus_Flip,10,40,206,-326.698,-1.5859126213592232,0.7896858529877732,601.0249999999999,-0.5435680712116802,0.7432393966535674,-1.334055741128378,107,197.16400000000002,1.8426542056074768,1.2444638420068541,122.16400000000002,1.613928817000098,0.7803192342127261,313,-129.53399999999993,-0.41384664536741195,0.945110316255328,601.0249999999999,-0.2155218168961357,0.21606235330430743,-0.39447772329019076
A_short_plus_Flip,10,50,206,-325.81899999999985,-1.5816456310679605,0.7929310871882151,525.4489999999998,-0.6200773053141218,0.6420611047787852,-1.2335463151350254,107,84.98999999999995,0.7942990654205603,1.1015881895213202,122.16400000000002,0.6957041354245108,0.6618913197638924,313,-240.82899999999995,-0.7694217252396165,0.9000748518522517,525.4489999999998,-0.45832992355109636,0.28948447373318087,-0.6972542054210539
A_short_plus_Flip,12,3,209,-261.365,-1.2505502392344499,0.6506063073071027,312.06899999999996,-0.8375231118758993,0.9577297714928221,-2.49642263038659,108,-104.78499999999998,-0.9702314814814813,0.7031678899524376,139.219,-0.7526630704142393,0.11873639522044756,317,-366.15,-1.1550473186119874,0.6674580224219482,419.382,-0.8730703749803281,0.9502825031968767,-2.8997979633524924
A_short_plus_Flip,12,4,209,-273.134,-1.3068612440191387,0.6859680488407788,346.36900000000014,-0.7885636416653913,0.9358893610619143,-2.362232638392735,108,-117.729,-1.0900833333333333,0.7234597306686773,130.285,-0.9036266646198718,0.1802659263566978,317,-390.863,-1.233006309148265,0.6982885187489483,426.378,-0.9167053647233206,0.9346026241577592,-2.7829614747253255
A_short_plus_Flip,12,5,208,-177.171,-0.8517836538461538,0.8007079849089204,277.4950000000001,-0.6384655579379805,0.8454381372264338,-1.4469306144169753,107,-123.76500000000001,-1.1566822429906543,0.7389204958960112,165.18000000000004,-0.7492735197965855,0.025541898255501717,315,-300.936,-0.9553523809523808,0.7792191499523493,376.08000000000004,-0.8001914486279513,0.8750532323971104,-2.009529076575274
A_short_plus_Flip,12,6,207,-139.063,-0.6718019323671497,0.8536373070519067,242.69900000000004,-0.5729854675956636,0.7526997169982421,-1.0627070200867796,107,-129.26399999999998,-1.20807476635514,0.7524773519764242,152.22000000000003,-0.8491919590067005,0.15278116449125365,314,-268.32700000000006,-0.8545445859872614,0.8177568347893888,333.86199999999997,-0.8037063217736672,0.8719981928038533,-1.6722897024332992
A_short_plus_Flip,12,8,207,-122.48599999999999,-0.591719806763285,0.8886360309527209,227.838,-0.5376012781011069,0.5884809048892802,-0.8216470437757546,107,-163.05899999999997,-1.523915887850467,0.73708557589673,187.99400000000006,-0.8673627881740902,0.5613587356063008,314,-285.545,-0.9093789808917198,0.833992124734531,350.8789999999999,-0.8137990589348467,0.8566243203194123,-1.5644657411467007
A_short_plus_Flip,12,10,207,-84.172,-0.4066280193236715,0.9299615492466697,208.26999999999992,-0.40414846113218433,0.427785162209065,-0.5137005980033326,107,-139.768,-1.3062429906542057,0.7912430454426648,182.8180000000001,-0.7645199050421727,0.7397265079701804,314,-223.94,-0.7131847133757961,0.8803305898183209,297.36299999999994,-0.7530862952014878,0.7543158380172744,-1.1158948279864807
A_short_plus_Flip,12,12,207,-145.72599999999997,-0.703990338164251,0.8908962951039365,278.6440000000002,-0.522982730652732,0.6434827682418296,-0.8220171208925204,107,-132.578,-1.2390467289719627,0.8153412019020507,194.73400000000004,-0.6808158821777398,0.46782903769226997,314,-278.30400000000003,-0.8863184713375797,0.8644817194164276,376.7860000000001,-0.738626169762146,0.85023422851148,-1.2815037925490136
A_short_plus_Flip,12,15,207,-104.48000000000005,-0.5047342995169084,0.9270606517767447,243.65600000000015,-0.42880126079390607,0.6363696648859498,-0.5340198224550833,107,-174.22299999999998,-1.628252336448598,0.7807796018567102,267.9730000000002,-0.6501513212151966,0.6246716718894324,314,-278.70300000000003,-0.8875891719745224,0.8748618196610752,419.8509999999999,-0.6638140673715202,0.8637795584351341,-1.1662205562718995
A_short_plus_Flip,12,20,206,-99.30000000000004,-0.4820388349514565,0.9357579686320332,193.65400000000002,-0.5127701983950759,0.17807578255575687,-0.4534187433626061,107,-168.658,-1.5762429906542055,0.8056059814962729,213.31800000000007,-0.7906412023364177,0.49919601004466535,313,-267.9579999999999,-0.8560958466453671,0.888967342165957,355.15999999999985,-0.7544712242369637,0.7254113377284193,-0.9964243486216003
A_short_plus_Flip,12,25,205,-170.81600000000003,-0.833248780487805,0.8952660135099091,312.8820000000002,-0.5459438382521205,0.5933156000418206,-0.7236794889271099,106,-84.62900000000002,-0.7983867924528304,0.9037915424684133,149.99499999999998,-0.5642121404046804,0.030945964138713058,311,-255.445,-0.8213665594855305,0.898253121872004,373.50300000000004,-0.6839168627828959,0.6911275681075938,-0.8704818870819455
A_short_plus_Flip,12,30,204,-240.30000000000004,-1.1779411764705885,0.8581964572128611,467.01799999999986,-0.5145411954143098,0.4930677157735207,-0.9586976674214478,106,72.50800000000001,0.6840377358490567,1.0824289881565456,145.431,0.49857320653780834,0.713637121915276,310,-167.79200000000003,-0.5412645161290324,0.9348188203120146,467.01799999999986,-0.35928379634189705,0.18416515802316885,-0.5248431625725397
A_short_plus_Flip,12,40,204,-420.816,-2.0628235294117645,0.7645278761982993,588.2169999999994,-0.7154094492338718,0.6974996187306395,-1.5801441338716256,106,171.26799999999997,1.6157358490566036,1.187028519261094,145.431,1.1776581334103455,0.7591729106376797,310,-249.54799999999992,-0.8049935483870965,0.9076722035423371,619.9019999999995,-0.4025604047091316,0.2933957472766169,-0.705267471208959
A_short_plus_Flip,12,50,204,-268.707,-1.3171911764705881,0.8496421049333116,554.5769999999998,-0.48452604417420864,0.3162768292054199,-0.9007579243738998,106,9.060999999999986,0.08548113207547156,1.0093976033570424,145.431,0.062304460534548925,0.3863519471264449,310,-259.64599999999996,-0.8375677419354838,0.9056278163979329,554.5769999999998,-0.4681874654015584,0.09178454285574762,-0.684238281203654
A_short_plus_Flip,15,3,209,-308.74300000000005,-1.477239234449761,0.622417244824706,360.511,-0.856403826790306,0.9134731319788303,-2.5983611109942215,107,-85.65099999999998,-0.8004766355140185,0.754963609731536,142.255,-0.6020948297072158,1.5643847565717916e-05,316,-394.39399999999995,-1.2480822784810124,0.6621102836037892,473.79000000000025,-0.8324236476075894,0.9236875666402434,-2.7733488423778274
A_short_plus_Flip,15,4,208,-252.08300000000003,-1.2119375000000001,0.7181124674035076,329.0050000000001,-0.7661980820960166,0.9309895369514025,-1.9613585233134057,106,-58.388999999999996,-0.5508396226415094,0.852065144136977,133.385,-0.437747872699329,0.15650118679024122,314,-310.47200000000004,-0.9887643312101912,0.759130214855054,418.03700000000015,-0.7426902403375776,0.8983834130247448,-2.007251125768854
A_short_plus_Flip,15,5,207,-170.69300000000004,-0.8246038647342997,0.8172377462894637,295.56100000000004,-0.5775220682025031,0.9183538761811428,-1.2531701323581659,105,-7.450999999999996,-0.07096190476190473,0.981847372729399,124.41300000000003,-0.0598892398704315,0.506280595564038,312,-178.14400000000006,-0.5709743589743592,0.8674943805014186,358.2020000000001,-0.4973283231249407,0.7954146003917111,-1.0858525834445452
A_short_plus_Flip,15,6,206,-136.74099999999999,-0.6637912621359222,0.8645552066721475,260.34900000000005,-0.5252219136620458,0.8788298563390737,-0.9393091153133185,105,3.673000000000002,0.0349809523809524,1.00805334105121,107.04000000000003,0.03431427503736922,0.553439199067011,311,-133.06799999999998,-0.4278713826366559,0.909209131213779,314.1650000000001,-0.4235608676969107,0.7621287327259588,-0.7560397278863855
A_short_plus_Flip,15,8,205,-186.83499999999998,-0.911390243902439,0.8470055388687083,286.46399999999994,-0.6522110980786417,0.9163352780347507,-1.1242425478042424,105,-7.478999999999985,-0.07122857142857128,0.9866798698442155,146.41800000000003,-0.05107978527230247,0.34477577555291344,310,-194.314,-0.6268193548387097,0.8909982728145271,365.5620000000001,-0.5315486839441734,0.8192954689499748,-0.9631596981041712
A_short_plus_Flip,15,10,205,-168.72799999999998,-0.8230634146341462,0.874838938436466,280.23400000000004,-0.6020968190869058,0.722054649697098,-0.9284080633234814,105,59.136,0.5632,1.0976452269653794,116.644,0.5069784986797435,0.5255640442570498,310,-109.59200000000008,-0.35352258064516157,0.9439056399420998,305.655,-0.3585480361845875,0.5144147453794482,-0.4945569733652527
A_short_plus_Flip,15,12,205,-224.26500000000004,-1.0939756097560978,0.8503883638284941,324.69599999999997,-0.6906922167196395,0.6913709446383278,-1.1412394691938168,105,101.62600000000002,0.9678666666666669,1.1561336690782325,125.51000000000008,0.8097044060234241,0.5747244548750526,310,-122.63900000000001,-0.3956096774193549,0.9429552084961335,374.256,-0.327687465264418,0.4966386143795441,-0.5100687007801791
A_short_plus_Flip,15,15,205,-192.39800000000002,-0.9385268292682928,0.8812261245978068,304.42900000000003,-0.6319962947025415,0.6462488443431249,-0.8912801706845775,105,-9.378000000000002,-0.08931428571428573,0.9881442862362217,187.34199999999996,-0.050058182361670124,0.10383214331283735,310,-201.77599999999998,-0.650890322580645,0.9163060443929371,416.3180000000001,-0.4846679701574276,0.7660337820242449,-0.7606846917726582
A_short_plus_Flip,15,20,204,-264.8379999999999,-1.298225490196078,0.8534544484690733,342.051,-0.7742646564401212,0.5245405417369419,-1.0993316373873843,105,63.24300000000001,0.6023142857142858,1.0729858016805325,127.86700000000002,0.4945998576646046,0.6604968338482793,309,-201.59500000000003,-0.652411003236246,0.924601219949606,419.45700000000005,-0.48060945460440524,0.6143677624737371,-0.6724028369784967
A_short_plus_Flip,15,25,203,-408.80499999999995,-2.0138177339901477,0.7896476847635369,490.4969999999999,-0.8334505613693867,0.8283560245681467,-1.585991430339755,104,217.54899999999998,2.0918173076923074,1.2467845823303467,112.09999999999998,1.940669045495094,0.8837658281613976,307,-191.25600000000003,-0.622983713355049,0.9322978983095008,556.9369999999999,-0.34340688444114875,0.4332293844471947,-0.5805013792834829
A_short_plus_Flip,15,30,202,-506.748,-2.5086534653465344,0.749805595588464,610.1789999999997,-0.8304907248528713,0.8162413043611437,-1.86721474624162,104,401.736,3.862846153846154,1.455723772423979,121.19999999999999,3.314653465346535,0.9392861660377454,306,-105.012,-0.3431764705882353,0.9638755520818891,673.3599999999998,-0.15595223951526677,0.15652468529052238,-0.2950469243086487
A_short_plus_Flip,15,40,202,-691.3230000000001,-3.4223910891089115,0.6727785727031718,761.3779999999995,-0.9079891985321359,0.8265525800620506,-2.4334481608037017,104,537.519,5.1684519230769235,1.579782850683418,121.19999999999999,4.434975247524753,0.9457560642466244,306,-153.80399999999997,-0.5026274509803921,0.9494034333055575,840.5779999999993,-0.18297409639557555,0.18954765850498514,-0.3929888064681302
A_short_plus_Flip,15,50,202,-487.454,-2.413138613861386,0.7692751526832636,631.31,-0.7721309657695903,0.5679847189663765,-1.5230015309216227,103,431.622,4.190504854368932,1.447335092457668,121.19999999999999,3.5612376237623766,0.9222121939956103,305,-55.83199999999988,-0.18305573770491765,0.9818584791107042,631.31,-0.08843832665410002,0.009833782254813133,-0.13175607524921537
A_short_plus_Flip,18,3,209,-361.65200000000004,-1.730392344497608,0.591671107658679,422.61200000000014,-0.8557542142674602,0.9113341138516481,-2.722095921566759,105,-75.948,-0.7233142857142857,0.7800209123217602,148.312,-0.512082636603916,0.09069448728872961,314,-437.59999999999997,-1.3936305732484076,0.6444990369140957,532.6380000000001,-0.8215711233520699,0.9368229117842035,-2.7798252736154123
A_short_plus_Flip,18,4,207,-270.805,-1.3082367149758454,0.7111071284173381,363.63300000000004,-0.7447206386659077,0.8681880241360262,-1.9173320261753806,104,-54.93199999999999,-0.5281923076923076,0.8625122327871232,140.46800000000002,-0.3910641569610159,2.7346975771687923e-06,311,-325.7370000000001,-1.0473858520900323,0.7563544837800034,447.6409999999999,-0.7276746321270843,0.9095338610806449,-1.9238748377496389
A_short_plus_Flip,18,5,206,-190.188,-0.9232427184466019,0.8071610428561437,320.7490000000001,-0.5929496272786507,0.8570785777743638,-1.2712089597980274,103,18.792000000000016,0.18244660194174772,1.047033971482276,127.56299999999996,0.14731544413348716,0.4261334561210806,309,-171.396,-0.5546796116504854,0.8763192797775139,374.50300000000016,-0.4576625554401431,0.8062898326109849,-0.9599472200718137
A_short_plus_Flip,18,6,205,-128.65900000000002,-0.6276048780487806,0.8770942195813948,270.0100000000001,-0.4764971667716009,0.8017758130628962,-0.8126800150725604,103,-48.278,-0.46871844660194173,0.9051037356632498,157.277,-0.3069616027772656,0.027532131466624758,308,-176.937,-0.5744707792207793,0.8862547450909805,358.9260000000001,-0.49296233764062775,0.8637407568251546,-0.9184373537179918
A_short_plus_Flip,18,8,203,-217.37400000000002,-1.070807881773399,0.8316573204910868,311.053,-0.6988326748174749,0.9209648295122466,-1.2061600015788432,103,-29.42,-0.28563106796116505,0.9509360016677089,170.75900000000004,-0.17228960113376157,0.0050445405221013805,306,-246.79400000000004,-0.8065163398692812,0.869482210437023,420.4420000000001,-0.586987027937266,0.9054965036415816,-1.1258277989382146
A_short_plus_Flip,18,10,203,-268.53700000000003,-1.32284236453202,0.8184545137414715,374.0930000000002,-0.7178348699387582,0.8651214589536362,-1.3556547085177677,103,56.578999999999986,0.5493106796116504,1.0890099551953283,117.05099999999999,0.4833704966211309,0.27569370109315433,306,-211.9579999999999,-0.6926732026143788,0.8997749217427485,405.87100000000027,-0.5222299696208889,0.7789454397820328,-0.8798230413276589
A_short_plus_Flip,18,12,203,-303.406,-1.4946108374384237,0.8136897842737391,394.5720000000002,-0.7689496467057974,0.7792810640381087,-1.4214767901143515,102,158.977,1.5585980392156864,1.2477261217461766,120.47500000000004,1.3195849761361274,0.4861685681022386,305,-144.429,-0.4735377049180328,0.9363817281314257,448.05700000000024,-0.3223451480503595,0.6113023682567967,-0.5569619494399147
A_short_plus_Flip,18,15,203,-194.978,-0.9604827586206897,0.8877650052094423,290.91599999999994,-0.6702209572522654,0.5464466501357124,-0.8309906576719297,102,68.57800000000005,0.6723333333333338,1.0867554318605903,144.97599999999997,0.4730300187617265,0.11254251190895516,305,-126.39999999999996,-0.4144262295081966,0.9499941646671587,371.02899999999994,-0.3406741791072935,0.6960713566556384,-0.44036413887076425
A_short_plus_Flip,18,20,202,-314.54200000000003,-1.5571386138613863,0.8411562884115629,355.3409999999999,-0.8851835279351387,0.4375576557441839,-1.2002430516004372,102,111.10300000000001,1.0892450980392159,1.1235738230773167,115.648,0.9606997094631988,0.5416059454425808,304,-203.439,-0.6692072368421053,0.9293437942819038,450.9589999999997,-0.4511252685942627,0.6652309034523785,-0.6266360873521586
A_short_plus_Flip,18,25,201,-507.42500000000007,-2.5245024875621893,0.7634061310881802,539.1040000000002,-0.9412376832670504,0.7874596378917138,-1.821590047693693,101,281.384,2.7859801980198022,1.3068119617673548,101.21999999999997,2.779924916024502,0.8881921609295186,302,-226.041,-0.7484801324503311,0.9261745667869976,595.2200000000001,-0.3797604247169113,0.5385556980479292,-0.6374211086246563
A_short_plus_Flip,18,30,200,-552.4169999999999,-2.7620849999999995,0.7519512359399207,601.4460000000001,-0.9184814596821657,0.8152972052441749,-1.8669271602349635,101,485.99800000000005,4.811861386138614,1.5299164124293174,95.96000000000004,5.0645894122551045,0.94481908060177,301,-66.41899999999987,-0.22066112956810588,0.9788755195326467,644.353,-0.10307859201400454,0.16655001585534635,-0.17286610676938177
A_short_plus_Flip,18,40,200,-736.489,-3.682445,0.6836958108932237,788.8809999999997,-0.9335869415032182,0.8104474630252269,-2.371306049822305,101,690.611,6.837732673267326,1.7226216958842822,124.88999999999999,5.52975418368164,0.9453882694257759,301,-45.878000000000156,-0.1524186046511633,0.986030360626067,821.7579999999997,-0.055829088369082104,0.11397088194259088,-0.10828213652099761
A_short_plus_Flip,18,50,200,-531.248,-2.6562400000000004,0.7718418498380876,637.145,-0.8337945051754311,0.5616862636052351,-1.5374775188031937,100,560.827,5.60827,1.561055910811611,140.11999999999995,4.002476448758209,0.8998220389983584,300,29.579000000000065,0.09859666666666689,1.0088878886254018,637.145,0.04642428332640147,0.0001282414655869826,0.06496404697612308
A_short_plus_Flip,22,3,209,-400.04800000000006,-1.914105263157895,0.5761655637698939,449.88300000000027,-0.8892267545117282,0.8885090799287235,-2.675731439342593,105,-154.77399999999997,-1.474038095238095,0.6350418664094867,202.758,-0.7633434932283805,0.38058368850634966,314,-554.822,-1.7669490445859872,0.5944179858402808,618.3550000000005,-0.8972548131736617,0.9438325568859813,-3.079821358725687
A_short_plus_Flip,22,4,207,-349.52699999999993,-1.6885362318840575,0.6620936010595618,424.846,-0.8227145836373649,0.8580036551960135,-2.1898773282292896,104,-146.50799999999998,-1.4087307692307691,0.7013740121930586,200.21400000000003,-0.731757019988612,0.3059576458922153,311,-496.0350000000001,-1.5949678456591643,0.6747305076665724,572.6,-0.8662853650017466,0.9319149640272788,-2.5557704095598233
A_short_plus_Flip,22,5,206,-290.792,-1.4116116504854368,0.7361258064808849,397.72399999999993,-0.73114018766783,0.8684250488835609,-1.7236406887748617,103,-73.423,-0.7128446601941748,0.8504157099870223,171.095,-0.42913586019462874,0.016736140034595823,309,-364.21500000000003,-1.1786893203883497,0.7713448225421364,499.0100000000001,-0.729875152802549,0.898017666831944,-1.786736424901161
A_short_plus_Flip,22,6,205,-227.011,-1.1073707317073171,0.8056778688945576,360.2469999999999,-0.6301537556176736,0.832641552636597,-1.2749439601643882,103,-163.12,-1.5836893203883495,0.7385172491732483,224.57000000000002,-0.7263659438037137,0.3711015633549073,308,-390.131,-1.266659090909091,0.7822986785502837,524.4560000000001,-0.7438774654117788,0.924504976182441,-1.7769874913637167
A_short_plus_Flip,22,8,203,-331.776,-1.6343645320197044,0.770948698600394,417.4550000000001,-0.794758716508366,0.9071909811680989,-1.6406914932636376,103,-133.88500000000005,-1.2998543689320392,0.8121168065540548,220.98,-0.6058693094397686,0.45062465508486843,306,-465.661,-1.521767973856209,0.7845235429017767,585.0650000000004,-0.7959132745934208,0.9515825111312435,-1.8804818850999323
A_short_plus_Flip,22,10,201,-322.124,-1.6026069651741295,0.7967305141495562,419.68000000000006,-0.7675467022493327,0.812947074245601,-1.4814811061422684,103,-86.28799999999998,-0.8377475728155338,0.8891898174010306,186.62800000000001,-0.46235291596116324,0.20004889789720656,304,-408.41200000000003,-1.3434605263157895,0.8271941237573595,529.0350000000001,-0.7719942914930014,0.9055773908040813,-1.5259732466896119
A_short_plus_Flip,22,12,201,-358.86300000000006,-1.7853880597014928,0.7946735493497994,438.00900000000024,-0.8193050827722714,0.800729577649581,-1.5355751265938697,102,49.92399999999999,0.4894509803921568,1.065445688494568,158.794,0.31439475043137644,0.15825649579681111,303,-308.93899999999996,-1.0196006600660066,0.8769460993173342,541.8330000000002,-0.5701738358497911,0.7952508708623589,-1.0808825110529872
A_short_plus_Flip,22,15,200,-355.258,-1.77629,0.8154509648281616,436.1440000000001,-0.814542903261308,0.8024007833485426,-1.3879944080813182,102,-5.011999999999974,-0.049137254901960525,0.9944302942209302,179.00499999999997,-0.02799921789894123,0.18713657905194578,302,-360.27000000000004,-1.1929470198675498,0.8724651081782762,552.3030000000001,-0.6523049847637981,0.881841765097407,-1.1449805337407017
A_short_plus_Flip,22,20,197,-383.578,-1.9470964467005074,0.8194259147148075,454.577,-0.8438130393750674,0.5539988016845699,-1.352347636869695,101,186.99699999999999,1.8514554455445542,1.1979681996567793,107.114,1.745775528875777,0.6543859091095844,298,-196.58100000000002,-0.6596677852348994,0.9359419576739404,463.85800000000006,-0.4237956443566781,0.5768635405134332,-0.5559261265380876
A_short_plus_Flip,22,25,196,-521.577,-2.661107142857143,0.7712406662207651,598.4500000000002,-0.8715464951123734,0.821970233277687,-1.723274476201997,100,360.86499999999995,3.6086499999999995,1.37761960421962,92.68,3.8936663789382813,0.9042607050489148,296,-160.71200000000005,-0.5429459459459461,0.9503309375285877,598.4500000000002,-0.2685470799565544,0.3260295485767188,-0.41940868141280846
A_short_plus_Flip,22,30,195,-621.3489999999999,-3.186405128205128,0.7416302581040326,723.2080000000002,-0.8591567018063956,0.8275739130516343,-1.9372110026073814,100,584.242,5.84242,1.6113677768929635,92.68,6.3038627535606375,0.9520607337030278,295,-37.107000000000085,-0.12578644067796638,0.9889579391724004,723.2080000000002,-0.05130889038838076,0.06784206533351328,-0.08964970525495777
A_short_plus_Flip,22,40,194,-645.3059999999999,-3.326319587628866,0.7374937455506966,748.8980000000001,-0.8616740864577016,0.7079520332187466,-1.8844205350477319,98,737.9520000000001,7.530122448979593,1.7347843446900413,150.74299999999994,4.89543129697565,0.9417032949281372,292,92.64600000000002,0.31728082191780826,1.026756496131043,748.8980000000001,0.12370977089002774,0.0023788609790877458,0.2036006854878317
A_short_plus_Flip,22,50,194,-440.038,-2.268237113402062,0.8209954235736802,637.0129999999998,-0.6907833906058435,0.44602940892917065,-1.169216399060499,97,595.168,6.135752577319588,1.5641076677083123,150.743,3.9482297685464665,0.891786872243026,291,155.12999999999977,0.5330927835051539,1.0441549296375985,637.0129999999998,0.24352721216050507,0.08724489327884956,0.3187723781204512
A_short_plus_Flip,26,3,208,-451.95,-2.1728365384615382,0.5481783173578704,506.8220000000002,-0.8917331923239319,0.9050673274827965,-2.7587900575840467,105,-122.71400000000001,-1.1687047619047621,0.69451864169656,145.788,-0.8417290860701842,0.4201673664271655,313,-574.664,-1.8359872204472842,0.5901086383578782,613.2870000000004,-0.937022959886643,0.9434960756337116,-2.946572934008712
A_short_plus_Flip,26,4,206,-401.69899999999996,-1.9499951456310678,0.6327907606012848,485.328,-0.8276856064352355,0.877980709805453,-2.301085697433693,104,-124.84200000000004,-1.2004038461538467,0.7400787413050401,144.298,-0.8651679163952379,0.3689792509692575,310,-526.541,-1.6985193548387099,0.6655249451954637,568.8560000000001,-0.9256138636139901,0.9291218966376072,-2.5013844811286687
A_short_plus_Flip,26,5,205,-403.0759999999999,-1.966224390243902,0.6693501946610536,514.271,-0.7837813137431431,0.9076711733543175,-2.150035448680039,103,-15.456000000000014,-0.1500582524271846,0.9659669666429593,109.168,-0.14157995016854769,0.4994535660584253,308,-418.53200000000004,-1.35887012987013,0.7498596990537232,542.8700000000001,-0.770961740379833,0.8471292117028059,-1.8829822343023888
A_short_plus_Flip,26,6,204,-414.3090000000001,-2.0309264705882355,0.6931299032969118,502.8959999999999,-0.8238462823327292,0.8843055745803037,-2.0689442033484404,103,-96.36400000000003,-0.9355728155339809,0.8360562584745834,136.974,-0.7035203761297767,0.11242492741362968,307,-510.67300000000006,-1.6634299674267103,0.7364811066004989,587.8290000000002,-0.8687441415785881,0.9200137612261079,-2.1119864903076735
A_short_plus_Flip,26,8,202,-581.7560000000001,-2.8799801980198025,0.6540920180066513,675.0460000000002,-0.8618020105296527,0.949743995192078,-2.5729619143812315,103,-136.519,-1.3254271844660195,0.8154268184688103,173.124,-0.7885619555925233,0.6520637592427848,305,-718.2750000000001,-2.3550000000000004,0.7033723316828208,787.1890000000006,-0.9124555856344531,0.9440512784925156,-2.618542491350569
A_short_plus_Flip,26,10,200,-625.958,-3.12979,0.6629012471336605,705.0340000000002,-0.8878408700856977,0.8994510202131879,-2.5949216144511373,103,-96.17100000000002,-0.9336990291262138,0.8825861304859006,167.761,-0.5732619619577853,0.23241073108564494,303,-722.129,-2.38326402640264,0.7301435925223517,814.0020000000009,-0.887134183945493,0.9188618678951345,-2.446603747617462
A_short_plus_Flip,26,12,200,-608.3040000000001,-3.0415200000000002,0.6939015197641804,675.0530000000001,-0.9011203564757138,0.9025692008621132,-2.371314973791658,102,52.62099999999996,0.5158921568627447,1.0658629420975358,119.667,0.43972858014323046,0.3741677791426907,302,-555.6830000000001,-1.8400099337748348,0.800560901490868,739.6240000000003,-0.751304716991336,0.8258771796447143,-1.7779689278015258
A_short_plus_Flip,26,15,198,-598.3030000000001,-3.0217323232323237,0.7231441193523742,675.1990000000001,-0.8861135754051769,0.8855823075028121,-2.151687126030667,101,64.16899999999997,0.635336633663366,1.0706787223660834,152.501,0.42077756867168065,0.04274349593021812,299,-534.134,-1.7864013377926422,0.8259560241906053,778.487,-0.6861180726203521,0.8714140380635266,-1.5630707072912522
A_short_plus_Flip,26,20,195,-500.38800000000003,-2.566092307692308,0.7815319327290825,598.3140000000002,-0.836330087546004,0.7331548103519502,-1.6424776395392295,100,229.547,2.29547,1.2390200829474567,130.76999999999998,1.7553490861818462,0.8061222639567802,295,-270.84099999999995,-0.9181050847457626,0.9166849954488224,598.3140000000002,-0.45267367970664213,0.49358815466821493,-0.7172828561681804
A_short_plus_Flip,26,25,194,-669.3470000000001,-3.4502422680412375,0.7292768563537007,717.29,-0.9331609251488242,0.8792079285685299,-2.0722151924520684,99,332.222,3.3557777777777775,1.3271038067360015,157.73000000000002,2.1062702085842893,0.8718570565943243,293,-337.125,-1.1505972696245734,0.903349628793769,721.1,-0.4675149077797809,0.43026267020451286,-0.8278733427103246
A_short_plus_Flip,26,30,193,-793.3050000000001,-4.11038860103627,0.6973449078878294,851.888,-0.9312315703472758,0.8758871116465801,-2.32521871665495,98,513.406,5.238836734693877,1.4992924989326701,152.11,3.375228453093156,0.929102625617679,291,-279.89899999999994,-0.9618522336769757,0.9233031340057145,851.888,-0.32856314445091367,0.23415151878153453,-0.6402899475677889
A_short_plus_Flip,26,40,192,-787.4169999999999,-4.101130208333333,0.7065860944784303,880.9750000000001,-0.8938017537387551,0.7902515480485373,-2.15638990115604,96,641.2520000000002,6.679708333333335,1.5954350585497707,179.30000000000007,3.5764194088120465,0.9285046632627966,288,-146.16500000000008,-0.5075173611111113,0.9611323873460147,880.9750000000001,-0.16591276710462846,0.0770303664980788,-0.3059671475036526
A_short_plus_Flip,26,50,192,-561.171,-2.9227656250000003,0.7908917704654016,726.9470000000003,-0.771955864732917,0.6002805146987336,-1.4026318711734238,95,513.7650000000001,5.408052631578949,1.4517580458946393,179.30000000000007,2.8653931957612935,0.8600130022670766,287,-47.40599999999995,-0.16517770034843188,0.9875929624883797,726.9470000000003,-0.06521245702919184,0.00841932998546554,-0.09266127511275941
A_short_plus_Flip,30,3,205,-480.411,-2.343468292682927,0.5323502270054745,531.3230000000002,-0.9041788140170853,0.8598221935651155,-2.7408941723660627,105,-149.88699999999997,-1.427495238095238,0.6529750879792554,182.861,-0.8196772411831937,0.28077732475927686,310,-630.298,-2.03321935483871,0.5680547255771623,678.8210000000003,-0.9285187111182474,0.9306421120402207,-2.992919091006112
A_short_plus_Flip,30,4,203,-508.837,-2.506586206896552,0.5735865816918699,588.998,-0.8639027636766168,0.8692614991391941,-2.663438326249147,103,-132.22499999999997,-1.2837378640776695,0.7314301383218571,185.64099999999996,-0.7122618387101987,0.0405285386323747,306,-641.0619999999999,-2.0949738562091498,0.6196888394512421,717.8089999999995,-0.8930815857700312,0.9190097211934494,-2.793431395975858
A_short_plus_Flip,30,5,202,-532.641,-2.636836633663366,0.6021412207781923,643.7860000000001,-0.827357227401652,0.9051670998990683,-2.593358260092167,102,-54.481000000000016,-0.5341274509803923,0.8893047335174157,177.703,-0.30658458213986267,0.28359034871016564,304,-587.1220000000001,-1.9313223684210528,0.6793330201972758,744.75,-0.7883477677072844,0.8851140504922786,-2.4086152372292715
A_short_plus_Flip,30,6,201,-477.3140000000001,-2.3746965174129357,0.6622744051413728,600.2359999999999,-0.795210550516797,0.8880330888968524,-2.2228496422304533,102,-114.90799999999999,-1.126549019607843,0.8123923453569114,163.038,-0.7047927477029894,0.011400104247781147,303,-592.222,-1.9545280528052804,0.7076616267073418,682.9729999999998,-0.8671235905372542,0.9174463198081462,-2.279841024354368
A_short_plus_Flip,30,8,199,-633.8140000000001,-3.1849949748743724,0.6367093171283359,757.3839999999999,-0.8368463025360982,0.9384873298834934,-2.632353123874734,102,-134.99300000000005,-1.323460784313726,0.8210332616987343,171.552,-0.786892603991793,0.3307322650466209,301,-768.8069999999998,-2.554176079734219,0.6923465087969368,837.6749999999998,-0.9177867311308084,0.9336987313760187,-2.6292847450316468
A_short_plus_Flip,30,10,196,-629.989,-3.2142295918367347,0.6666174521931663,741.368,-0.8497655685165801,0.874952711830255,-2.461674613152692,102,-31.49800000000002,-0.3088039215686276,0.9606472255781788,132.178,-0.23829986835933378,0.11665142780953794,298,-661.487,-2.219755033557047,0.7541021876971357,782.4500000000003,-0.8454048181992456,0.8620834346638099,-2.1145587456947865
A_short_plus_Flip,30,12,196,-628.0550000000001,-3.2043622448979594,0.6925317208001699,724.7139999999997,-0.8666246270942749,0.8758123862761944,-2.3008142913161893,101,124.807,1.2357128712871288,1.1607403429192569,114.49699999999999,1.0900460274068318,0.7340579945300492,297,-503.2480000000001,-1.6944377104377109,0.8214873664342418,740.2989999999999,-0.6797901928815252,0.723407469580395,-1.5194061930968465
A_short_plus_Flip,30,15,194,-660.3249999999999,-3.4037371134020615,0.706442244042488,778.591,-0.8481025339363027,0.8657145495384923,-2.23649721424868,100,110.541,1.10541,1.1227649517784875,113.943,0.9701429662199521,0.2864110119579588,294,-549.7840000000001,-1.8700136054421772,0.8254551457784028,794.8569999999997,-0.6916766160454022,0.8135288785738455,-1.5235559112887493
A_short_plus_Flip,30,20,191,-613.977,-3.2145392670157067,0.7463878535884363,737.1239999999998,-0.8329358425448095,0.7776894226108358,-1.90119539770214,99,233.47899999999998,2.358373737373737,1.240948897727343,106.74,2.1873618137530446,0.8205144519091376,290,-380.498,-1.3120620689655171,0.887756285017347,737.1239999999998,-0.5161926622929115,0.5250542249413316,-0.9575998118560867
A_short_plus_Flip,30,25,189,-799.523,-4.230280423280424,0.6945509378487301,898.6660000000002,-0.8896775887815939,0.8770472111977876,-2.345642692690722,97,354.19700000000006,3.6515154639175265,1.3481287674545004,186.30000000000007,1.9012184648416528,0.8689415557160768,286,-445.326,-1.557083916083916,0.8774881952063348,898.6660000000002,-0.49554116879908655,0.4663671836536466,-1.0424763327567794
A_short_plus_Flip,30,30,188,-900.1579999999999,-4.788074468085106,0.6739107360535271,1014.9310000000005,-0.8869154651892587,0.8728351813895012,-2.504845681346756,96,530.692,5.528041666666667,1.515209441085927,180.96000000000004,2.932648099027409,0.9254251966360731,284,-369.46599999999995,-1.3009366197183097,0.9025288377624575,1014.9310000000005,-0.3640306582417916,0.24771601834967674,-0.8090214679515214
A_short_plus_Flip,30,40,187,-864.127,-4.6209999999999996,0.6945294518351876,1009.0500000000002,-0.8563767900500469,0.786662375139792,-2.239716824123227,94,667.225,7.098138297872341,1.618527695968689,171.29999999999995,3.895067133683597,0.945457231171284,281,-196.90199999999987,-0.700718861209964,0.949610115749686,1009.0500000000002,-0.19513601902779826,0.07817907721876428,-0.39461140349874807
A_short_plus_Flip,30,50,187,-674.5609999999999,-3.6072780748663096,0.7615413956043452,883.41,-0.763587688615705,0.6808790450578348,-1.619814464683493,93,500.024,5.376602150537634,1.4359175318487858,161.24000000000007,3.1011163483006685,0.8906227465720787,280,-174.53699999999992,-0.6233464285714283,0.9561012600920543,883.41,-0.19757190885319378,0.00586591675028279,-0.33062991625815413
A_short_plus_Flip,40,3,202,-431.662,-2.1369405940594057,0.5661361409151443,509.6820000000002,-0.8469241605550124,0.9275949872369524,-2.1924962772468564,104,-103.73100000000002,-0.9974134615384618,0.7371682963105604,173.11799999999997,-0.5991924583232249,0.007091841959872067,306,-535.393,-1.7496503267973857,0.6147120881524938,656.9170000000004,-0.8150085931708263,0.9322437685165514,-2.2857007398113596
A_short_plus_Flip,40,4,200,-387.42499999999995,-1.9371249999999998,0.6483813790293083,501.2660000000001,-0.7728930348357955,0.92966755782846,-1.8513590204308468,102,-100.52600000000002,-0.9855490196078434,0.7882521948671284,183.57499999999993,-0.5476017976303966,0.08932545339395874,302,-487.951,-1.6157317880794704,0.6904997345514998,638.0409999999999,-0.7647643333265418,0.9172617259947703,-1.9325767030939671
A_short_plus_Flip,40,5,198,-331.14899999999994,-1.6724696969696966,0.7193010265060649,475.68999999999994,-0.6961445479198638,0.9356081711333253,-1.50263199509697,101,-36.544,-0.3618217821782178,0.9253356870244605,179.852,-0.20318928897093164,0.4952145024186233,299,-367.69300000000004,-1.229742474916388,0.7797155958575919,588.7600000000002,-0.6245210272436985,0.8528573370199203,-1.3860108077523594
A_short_plus_Flip,40,6,196,-267.383,-1.3641989795918366,0.7865234563682566,462.0150000000001,-0.5787322922415937,0.9142380739642767,-1.16007946388596,101,-136.788,-1.3543366336633664,0.7892014843489945,215.48800000000003,-0.6347824472824473,0.040547764533431445,297,-404.17100000000005,-1.360845117845118,0.7874373955057823,588.4420000000005,-0.6868493411415224,0.922182920396214,-1.418350069292037
A_short_plus_Flip,40,8,193,-372.0419999999999,-1.9276787564766835,0.7612317510518734,536.172,-0.693885544191043,0.9450089093672839,-1.439809153185617,100,-145.64299999999997,-1.4564299999999997,0.8116467764379677,243.562,-0.5979709478490075,0.33415561755230505,293,-517.685,-1.7668430034129692,0.7779525404303651,647.9130000000001,-0.7990038786071585,0.923254970974834,-1.6307579506750334
A_short_plus_Flip,40,10,190,-406.03400000000005,-2.1370210526315794,0.7675395607667116,548.326,-0.7404974413031664,0.9166172055688504,-1.4618392057154799,100,-21.526000000000003,-0.21526000000000003,0.9729906748441627,194.26600000000002,-0.11080683186970443,0.0886822657220779,290,-427.56000000000006,-1.474344827586207,0.831911761930821,620.5830000000003,-0.6889650538284159,0.8336359087393899,-1.2641901189207991
A_short_plus_Flip,40,12,188,-375.78000000000003,-1.9988297872340428,0.7999265257878511,478.60600000000005,-0.7851552216227962,0.7886749853803052,-1.2782709907045435,99,147.04999999999995,1.485353535353535,1.1926846654192285,153.541,0.9577246468370009,0.616026393078637,287,-228.7300000000001,-0.7969686411149829,0.9134049172892593,548.1250000000001,-0.41729532497149385,0.6078458526920492,-0.6454817009268319
A_short_plus_Flip,40,15,185,-374.52600000000007,-2.024464864864865,0.8193843773750873,560.158,-0.6686077856604745,0.8026487344030454,-1.1795115559846265,97,193.376,1.9935670103092784,1.2285603520313546,192.628,1.0038831322549162,0.43906663441290134,282,-181.15,-0.6423758865248227,0.937955295617414,584.5670000000001,-0.3098874893724756,0.606110640541423,-0.4713121717799478
A_short_plus_Flip,40,20,182,-364.25200000000007,-2.0013846153846155,0.8419844818117218,558.246,-0.6524937034927256,0.6934548868870681,-1.038636379542607,96,374.82200000000006,3.904395833333334,1.4133408174360476,147.404,2.542821090336762,0.8271526963444246,278,10.569999999999936,0.038021582733812724,1.003290808122225,558.246,0.01893430494799772,0.10893530207117182,0.024749446300348723
A_short_plus_Flip,40,25,180,-295.927,-1.644038888888889,0.8751119943583963,556.209,-0.5320428112454132,0.7216886638259619,-0.8025753811744739,93,500.8710000000001,5.385709677419356,1.5377129397821108,135.25,3.7032975970425146,0.8966464899552721,273,204.94400000000007,0.7507106227106229,1.0620849960754588,556.209,0.368465810513674,0.03769402909058728,0.451973766348773
A_short_plus_Flip,40,30,177,-362.23299999999995,-2.046514124293785,0.8560551089422883,686.1290000000006,-0.52793716633461,0.7105710813320264,-0.9276813686149912,92,698.905,7.596793478260869,1.740283909399812,135.25,5.167504621072089,0.9251070873493704,269,336.67199999999997,1.2515687732342007,1.0972879065727246,686.1290000000006,0.4906832388661603,0.07533528627793364,0.694227783879071
A_short_plus_Flip,40,40,174,-449.0859999999999,-2.580954022988505,0.8285711450018017,730.0950000000003,-0.6151062532958036,0.6396208566637818,-1.0837415204990106,90,835.435,9.28261111111111,1.8415073167980143,135.25,6.176968576709796,0.9335479523080579,264,386.34900000000005,1.463443181818182,1.1069493595478743,730.0950000000003,0.5291763400653339,0.07259690305757456,0.7355788984494089
A_short_plus_Flip,40,50,174,-255.96299999999997,-1.4710517241379308,0.9027149123490484,674.9119999999999,-0.3792538879142762,0.37930939889199405,-0.5746040168319406,89,609.2009999999999,6.844955056179774,1.5778831979692542,135.25,4.504258780036968,0.9136069961014011,263,353.23799999999994,1.3431102661596956,1.0958517117540039,674.9119999999999,0.5233837892940116,0.19183985359688838,0.6390592721993841
A_both,2,3,163,-148.94,-0.9137423312883436,0.4569743107358228,151.9430000000001,-0.9802360095562145,0.9446138655907245,-4.943624656946334,72,-37.873000000000005,-0.526013888888889,0.644431717896239,55.263999999999996,-0.6853105095541403,0.8793539152110078,235,-186.81300000000002,-0.7949489361702128,0.5094093363305952,195.79100000000005,-0.9541449811278351,0.9759345792647347,-5.104807434487263
A_both,2,4,163,-134.066,-0.8224907975460123,0.5255677997890876,134.06599999999997,-1.0000000000000002,0.9353227174522373,-3.9145625563583275,72,-27.698999999999998,-0.3847083333333333,0.7499729202772961,59.274,-0.46730438303472005,0.7709173976679823,235,-161.76500000000001,-0.6883617021276597,0.5887672040796612,177.35999999999993,-0.9120714930085706,0.9679754513943499,-3.859305519764368
A_both,2,5,163,-119.53099999999999,-0.7333190184049079,0.5865881791424709,128.118,-0.9329758503879236,0.8606390619370847,-3.1171758990969636,72,-15.061,-0.20918055555555556,0.8664615548304723,53.354,-0.28228436480863667,0.5631953679468117,235,-134.592,-0.5727319148936171,0.6651248889696131,166.339,-0.8091427746950506,0.9337710610265064,-2.852238297087012
A_both,2,6,163,-113.069,-0.6936748466257668,0.6200855461885578,126.77000000000004,-0.891922379111777,0.8564201526174224,-2.659133175105979,72,2.732999999999997,0.03795833333333329,1.0242321605901545,48.944,0.05583932657731278,0.2650097344582603,235,-110.33599999999998,-0.4695148936170212,0.7311507525566459,155.52400000000006,-0.7094467734883358,0.9094798243376033,-2.0925806565878866
A_both,2,8,163,-85.798,-0.5263680981595092,0.7182553756025798,109.52600000000001,-0.7833573763307342,0.7690769447985698,-1.6908809450077338,72,12.876000000000008,0.17883333333333346,1.1081253568909342,49.114,0.26216557397076207,0.12958570192890448,235,-72.922,-0.31030638297872337,0.8278549980170344,137.93,-0.5286884651634887,0.843851831274824,-1.161084206446391
A_both,2,10,163,-97.614,-0.5988588957055215,0.6905190671249034,112.00600000000004,-0.871506883559809,0.7940216653833034,-1.7877510300255526,72,17.896000000000008,0.24855555555555567,1.1448201077896645,41.873999999999995,0.4273773702058559,0.001425058420796053,235,-79.71799999999999,-0.3392255319148936,0.8184042315700274,149.98000000000005,-0.5315242032270967,0.8705533319053529,-1.1615847962798362
A_both,2,12,163,-100.297,-0.615319018404908,0.6890642196146514,117.15300000000003,-0.8561197749950916,0.7802429540124682,-1.7032556744170746,72,33.986000000000004,0.4720277777777778,1.269251489415642,47.373999999999995,0.7173977287119518,0.0052488026969250996,235,-66.31099999999999,-0.2821744680851064,0.8522445960128257,153.79700000000005,-0.4311592553820944,0.8397463126421129,-0.8734661393528967
A_both,2,15,163,-99.75999999999998,-0.6120245398773004,0.6966268899998783,129.906,-0.7679398950010005,0.7189498154355799,-1.533939287463041,72,71.009,0.9862361111111111,1.5625633793890226,41.19,1.723937848992474,0.19477883709801547,235,-28.750999999999976,-0.12234468085106373,0.9368193205291608,150.52700000000004,-0.19100227866097091,0.739088595076862,-0.3306982088969158
A_both,2,20,163,-67.13199999999998,-0.4118527607361962,0.798325487498235,108.62899999999999,-0.617993353524381,0.6044146249387603,-0.8510043000726809,72,47.11900000000001,0.6544305555555556,1.349804381556187,68.15099999999998,0.691391175477983,0.0007144855751920681,235,-20.012999999999987,-0.08516170212765953,0.9571982188915552,143.64900000000003,-0.13931875613474498,0.7191233261670831,-0.19797992437717604
A_both,2,25,163,-48.285999999999994,-0.2962331288343558,0.8558295488813846,102.50299999999999,-0.47106913943982126,0.11091527653478457,-0.543250427939005,72,77.519,1.076652777777778,1.5754894173020244,63.29099999999999,1.2248028945663683,0.10787407944866885,235,29.23300000000003,0.12439574468085118,1.062247670476807,132.69399999999996,0.2203038569942879,0.3773606624939188,0.2527714337881571
A_both,2,30,163,-12.015999999999984,-0.07371779141104284,0.9641230969506424,84.81499999999997,-0.1416730531156044,0.14032873768322104,-0.11893116665176237,72,120.20500000000001,1.669513888888889,1.8923838724285638,58.257999999999996,2.0633217755501394,0.284875780447177,235,108.189,0.4603787234042553,1.2303736606306321,99.65999999999997,1.085580975316075,0.022242140149369743,0.8064404802739992
A_both,2,40,163,-156.90699999999998,-0.9626196319018404,0.5450164268129664,161.93300000000005,-0.9689624721335363,0.6927934472913156,-1.9362506943776905,72,113.43900000000001,1.5755416666666668,1.8178082488050693,90.331,1.255814725841627,0.13646886710355954,235,-43.46799999999999,-0.1849702127659574,0.9101109654365206,189.134,-0.22982647223661526,0.6176139075402868,-0.3351951232229941
A_both,2,50,163,-166.86699999999996,-1.023723926380368,0.5161353928951496,171.8930000000001,-0.970760880315079,0.7491564821343594,-2.13730023004924,72,158.179,2.1969305555555554,2.1403493594595955,90.33099999999999,1.7511042720660683,0.23791947090670243,235,-8.687999999999967,-0.03697021276595731,0.9820337735279397,179.27400000000006,-0.04846213059339315,0.4824177124166909,-0.06067654100048425
A_both,3,3,163,-151.101,-0.927,0.5500951314719921,154.10400000000004,-0.9805131599439337,0.9302725151153824,-3.8291408002542098,72,-38.68599999999999,-0.5373055555555555,0.7068953760597635,69.76700000000001,-0.554502845184686,0.8459907937179454,235,-189.78699999999998,-0.8076042553191488,0.59433179861405,207.93500000000012,-0.9127227258518281,0.9720436395645171,-4.000286442243738
A_both,3,4,163,-128.77599999999998,-0.7900368098159508,0.6335114890516765,135.31099999999995,-0.9517038526062185,0.9303874460573438,-2.889473875668732,72,-22.192,-0.30822222222222223,0.8393129964447855,71.357,-0.3109996216208641,0.6915814080803498,235,-150.968,-0.6424170212765957,0.6915778828769011,185.368,-0.8144232014155626,0.9645201760880889,-2.799901367801662
A_both,3,5,163,-100.297,-0.615319018404908,0.7223781527491752,117.44800000000001,-0.8539694162522988,0.848292756934816,-2.014254101235303,72,-10.150999999999994,-0.14098611111111103,0.9296276525681645,59.244000000000014,-0.17134224562824915,0.5035351767617583,235,-110.448,-0.4699914893617021,0.7815156304708627,157.139,-0.7028681613094139,0.9295753673279624,-1.8317238873291877
A_both,3,6,163,-88.51400000000001,-0.5430306748466258,0.7654133505071307,106.55799999999996,-0.8306649899585206,0.8714770662653674,-1.6073980634568934,72,4.653000000000006,0.06462500000000009,1.0315892380700218,49.284000000000006,0.09441197954711479,0.1586364707137374,235,-83.86099999999998,-0.3568553191489361,0.8401478414688077,140.37199999999999,-0.5974197133331433,0.9196921845652809,-1.2589067166546104
A_both,3,8,163,-46.01700000000002,-0.2823128834355829,0.8827472863476531,87.731,-0.5245238285212754,0.7143701584924919,-0.7023309071692709,72,13.067000000000007,0.1814861111111112,1.0818867735345357,42.876,0.3047625711353673,0.00525586896721451,235,-32.95,-0.14021276595744683,0.940311647470989,94.25199999999997,-0.3495947035606673,0.7454936199666594,-0.4176628146842438
A_both,3,10,163,-50.45200000000001,-0.3095214723926381,0.8773325941972959,71.19800000000001,-0.7086154105452401,0.48723053769526553,-0.7056672034832041,72,13.226000000000003,0.1836944444444445,1.0782399848560138,44.24400000000001,0.2989331886809511,0.005333038835438808,235,-37.22599999999997,-0.15840851063829775,0.9358542910560278,107.81899999999997,-0.3452638217753826,0.7161873251936092,-0.42989250144671204
A_both,3,12,163,-58.70300000000002,-0.36014110429447865,0.8625528278251908,89.19699999999997,-0.6581275154994006,0.46737587032555933,-0.7611833617579278,72,36.63600000000001,0.5088333333333335,1.2128218235895531,41.36400000000002,0.8856977081520161,0.07449501176306489,235,-22.06699999999997,-0.09390212765957434,0.9631749602412389,115.67499999999995,-0.19076723578992852,0.632015909573308,-0.2316329524098635
A_both,3,15,163,-25.25200000000001,-0.15492024539877305,0.942144802952787,94.84700000000001,-0.26623931173363424,0.0029596683133292306,-0.28713827687859034,72,67.512,0.9376666666666666,1.385443666716147,35.864000000000004,1.8824447914343072,0.3859047942419225,235,42.260000000000026,0.17982978723404267,1.0690948509130627,122.408,0.3452388732762567,0.19333225875308133,0.3863617179367389
A_both,3,20,163,51.91,0.3184662576687116,1.1172765453686948,72.99000000000001,0.7111933141526235,0.5519916543766622,0.4814997238352854,72,54.476000000000006,0.7566111111111112,1.289898570622732,69.37700000000001,0.7852170027530737,0.19103156525392204,235,106.38600000000002,0.4527063829787235,1.168721245022148,113.58,0.9366613840464872,0.3023227858709458,0.8140494772447199
A_both,3,25,163,57.69399999999998,0.35395092024539865,1.1285405234393624,73.58699999999999,0.7840243521274137,0.6393749854431304,0.48804143416073903,72,71.48600000000002,0.9928611111111114,1.3744212356749286,69.37700000000001,1.0303991236288685,0.2693375208765472,235,129.18000000000004,0.5497021276595746,1.2019185229530311,105.095,1.2291736048337223,0.4329791223290398,0.8924632632512068
A_both,3,30,163,66.75099999999999,0.4095153374233128,1.1467438736724551,68.597,0.9730892021516976,0.690070527405244,0.5174583507908991,72,91.07199999999999,1.2648888888888887,1.4695788475023719,69.377,1.312711705608487,0.20898820989905342,235,157.82300000000004,0.6715872340425534,1.2432443262821253,102.44599999999997,1.5405481912422163,0.48840723006367665,0.9860456079273291
A_both,3,40,163,-107.29700000000003,-0.6582638036809817,0.7749100559069406,122.99799999999999,-0.8723475178458189,0.038970501525075196,-0.9034820471088677,72,100.876,1.4010555555555557,1.5122065155577222,87.697,1.1502788008711815,0.16691293946937275,235,-6.420999999999982,-0.02732340425531907,0.9904680469516605,155.64199999999997,-0.04125493118823957,0.16220972524697103,-0.039635986190089886
A_both,3,50,163,-86.20700000000002,-0.528877300613497,0.8191531094957886,107.375,-0.8028591385331784,0.001184088106093976,-0.6710713999003505,72,155.63599999999997,2.1616111111111107,1.790255097895849,77.677,2.00363041827053,0.3531848098214605,235,69.42900000000004,0.29544255319148954,1.1030671185474497,116.485,0.5960338240975237,0.013250844140282653,0.37858866530849
A_both,4,3,163,-196.39299999999997,-1.2048650306748465,0.5157259068750139,201.64600000000002,-0.9739493964670758,0.9144898571634837,-4.222496931287942,72,-34.823,-0.48365277777777776,0.7639822696958195,76.47899999999998,-0.4553276062710026,0.8194577729722885,235,-231.21599999999998,-0.9838978723404255,0.5819521411717907,263.279,-0.878216644700109,0.9657309127001714,-4.131932474510003
A_both,4,4,163,-153.39499999999998,-0.9410736196319017,0.6326906407290874,165.66699999999997,-0.9259236902943858,0.8722060750620478,-2.9264626219808076,72,-14.329,-0.1990138888888889,0.9079491725768319,73.584,-0.19472983257229834,0.641880346095202,235,-167.724,-0.7137191489361702,0.7074319444880529,219.041,-0.7657196597897197,0.9464051993158087,-2.652051531352875
A_both,4,5,163,-136.463,-0.8371963190184049,0.6886979254588674,163.30500000000004,-0.8356327117969442,0.7893960954525676,-2.36849234352946,72,0.1250000000000071,0.00173611111111121,1.0007607848865518,57.96799999999999,0.002156362130830926,0.39072690980024205,235,-136.33799999999997,-0.5801617021276594,0.7737751922291951,203.93999999999997,-0.6685201529861723,0.9083123938193416,-1.9523603703058925
A_both,4,6,163,-110.78299999999999,-0.6796503067484662,0.7563972038551442,142.816,-0.7757044028680259,0.7307060848519068,-1.7421793756109405,72,-10.593999999999998,-0.14713888888888885,0.9413899554090089,64.35099999999998,-0.16462836630355396,0.31121316915429276,235,-121.37699999999997,-0.5164978723404254,0.8090124196921277,194.87700000000007,-0.6228390215366612,0.8880086261530968,-1.5891693188392857
A_both,4,8,163,-68.24500000000002,-0.41868098159509215,0.8576696149811359,96.09200000000001,-0.710204803729759,0.6277122393076836,-0.9152614033233656,72,-0.33299999999999663,-0.004624999999999953,0.9983141289159797,54.17299999999999,-0.0061469735846269675,0.06070506518775832,235,-68.578,-0.2918212765957447,0.8987041492924003,137.479,-0.49882527513292935,0.8189980905377705,-0.7665114009608958
A_both,4,10,163,-75.13300000000001,-0.4609386503067485,0.852081175900806,88.07199999999997,-0.8530861113634303,0.45113281680813044,-0.9213881226842725,72,2.3990000000000027,0.033319444444444485,1.0114188613505577,63.85099999999999,0.037571846956194935,0.0008877803906068098,235,-72.73400000000001,-0.30950638297872346,0.898702691410466,151.923,-0.47875568544591673,0.7415303875015631,-0.7393231777617421
A_both,4,12,163,-74.717,-0.45838650306748463,0.8585462545058006,109.85100000000001,-0.6801667713539248,0.48815705591140357,-0.844963261927161,72,31.129000000000012,0.4323472222222224,1.1453600496845686,64.381,0.4835122163371183,0.04650734938720575,235,-43.58799999999999,-0.18548085106382972,0.9412844728763308,170.25500000000002,-0.25601597603594595,0.7105066597666673,-0.40226633372050835
A_both,4,15,163,-23.49999999999997,-0.14417177914110413,0.9565489914743575,111.43899999999996,-0.21087769990757257,0.00010424596085870254,-0.23244463926427247,72,69.48500000000001,0.9650694444444446,1.3184011437421814,56.738,1.2246642461842154,0.34060788707611356,235,45.98500000000003,0.1956808510638299,1.0605807106064,165.44699999999997,0.2779439941491839,0.2738142618471457,0.36965659312372473
A_both,4,20,163,61.978000000000044,0.3802331288343561,1.111953873082335,96.91,0.6395418429470647,0.4893386401232429,0.5064547032867014,72,91.46200000000002,1.2703055555555558,1.39530451093698,66.618,1.3729322405355913,0.4794551335061896,235,153.44,0.652936170212766,1.195471442366244,150.893,1.016879510646617,0.1655851304516445,1.0258046998958925
A_both,4,25,163,52.31200000000003,0.3209325153374235,1.0924812162998323,89.34600000000003,0.5854990710272425,0.6050281653707407,0.3945972109919229,72,98.639,1.3699861111111111,1.411800560261511,66.154,1.4910511836018987,0.4703542187682245,235,150.95100000000002,0.6423446808510639,1.1874746175083615,138.18700000000004,1.092367588846997,0.2827090013302457,0.9215752695640771
A_both,4,30,163,64.54700000000003,0.395993865030675,1.1124210577649898,93.33900000000006,0.691533014067003,0.7000672721988648,0.44853105566811763,72,97.545,1.3547916666666666,1.3938650009488776,66.154,1.47451401275811,0.4829159626301253,235,162.09200000000004,0.6897531914893619,1.1972366043452602,131.86700000000008,1.229208217370532,0.4401418751494848,0.9074282536794128
A_both,4,40,163,-82.60699999999997,-0.5067914110429446,0.8623287796797166,141.538,-0.5836383162119004,0.02165523829060819,-0.5778347451312127,72,126.15899999999999,1.7522083333333331,1.5007283162202174,66.154,1.907050216162288,0.5521595804374255,235,43.552,0.1853276595744681,1.0511184508592906,160.349,0.2716075560184348,0.0062631712338342025,0.22892906647178649
A_both,4,50,163,-32.93699999999998,-0.2020674846625766,0.945107836095135,115.10799999999995,-0.2861399728950203,0.27175561913393875,-0.2064641182075023,72,146.49899999999997,2.0347083333333327,1.5719913634571157,94.974,1.5425168993619303,0.40271073748945696,235,113.56200000000003,0.48324255319148945,1.1326423345387269,142.91899999999995,0.7945899425548741,0.14435439765042707,0.5326987514149333
A_both,5,3,163,-211.29500000000002,-1.2962883435582824,0.5323790364522818,227.997,-0.9267446501489055,0.8712539749225977,-3.933371367909926,72,-21.822999999999997,-0.3030972222222222,0.8581023967124854,65.224,-0.3345854286765607,0.6886178534187124,235,-233.118,-0.9919914893617021,0.615091348892503,278.065,-0.8383579378922195,0.9466967442472919,-3.625825105301145
A_both,5,4,163,-192.43,-1.180552147239264,0.6040526832359738,223.24400000000003,-0.8619716543333751,0.8542346509289017,-3.207579623063743,72,-6.4389999999999965,-0.08943055555555551,0.961898055552268,70.26400000000001,-0.09164010019355567,0.4216211741562899,235,-198.869,-0.8462510638297872,0.6963799613125635,274.1580000000001,-0.7253809846876617,0.9340347980386862,-2.7568376320341943
A_both,5,5,163,-175.111,-1.0743006134969324,0.6583819911703828,220.58800000000014,-0.7938373800932049,0.7798424877978916,-2.6722670684756897,72,10.736,0.1491111111111111,1.0599227523386396,57.083,0.18807701066867547,0.07026467005935712,235,-164.375,-0.699468085106383,0.7623804312786135,262.20800000000014,-0.6268878142543322,0.8947472001618877,-2.077327976957425
A_both,5,6,163,-157.68399999999997,-0.9673865030674845,0.7069195926568196,198.7470000000001,-0.7933905920592507,0.7763673682287234,-2.2044340640152282,72,-20.809999999999995,-0.2890277777777777,0.9005928126836119,77.797,-0.2674910343586513,0.3673938847441473,235,-178.49399999999997,-0.7595489361702127,0.7611685871944593,267.11400000000015,-0.668231541588984,0.9069063134717941,-2.0819985191324712
A_both,5,8,163,-122.07399999999998,-0.7489202453987729,0.7871487904477278,143.74100000000004,-0.8492636060692492,0.82060038811705,-1.4771519741708452,72,-8.306999999999999,-0.11537499999999998,0.9638434653167993,64.767,-0.12825976191579044,0.08444346799050496,235,-130.381,-0.5548127659574468,0.8376870014901608,204.58800000000005,-0.6372856668035269,0.9051469516385338,-1.3142749002191785
A_both,5,10,163,-125.20599999999999,-0.7681349693251533,0.7943700832662715,150.34900000000005,-0.8327690905825775,0.7262241610573649,-1.3843319700431436,72,-17.95499999999999,-0.24937499999999987,0.9283905318364009,89.39500000000001,-0.2008501594048883,0.08685557682388945,235,-143.161,-0.609195744680851,0.8334611022248072,239.74400000000006,-0.597141117191671,0.8519781576334503,-1.316227995951572
A_both,5,12,163,-84.146,-0.5162331288343558,0.8651404833376876,115.30799999999996,-0.7297498872584732,0.4934923827357191,-0.8436888933112867,72,-4.374999999999986,-0.060763888888888694,0.9832827038077224,77.98500000000001,-0.05610053215361909,0.04722242579128149,235,-88.521,-0.37668510638297875,0.9000505838596841,193.29299999999998,-0.45796278189070483,0.7748427482074407,-0.7361807299671932
A_both,5,15,163,-18.451999999999998,-0.11320245398773005,0.9711432297938489,122.63999999999997,-0.15045662100456622,0.034800683270663324,-0.1626832002203582,72,35.961,0.49945833333333334,1.1348090944874512,63.352000000000004,0.5676379593383002,0.12079775775799277,235,17.509000000000015,0.07450638297872346,1.0193215764040395,185.992,0.09413845756806753,0.3426632641240525,0.12763326872794992
A_both,5,20,163,67.907,0.41660736196319015,1.1027839625111817,100.74099999999997,0.6740751034831898,0.5149171251466251,0.5018120304709511,72,60.70800000000001,0.8431666666666668,1.2151507096911385,68.632,0.8845436531064228,0.3660996020817295,235,128.61500000000004,0.5472978723404257,1.1364120393448742,164.42299999999997,0.7822202489919297,0.043344978556860675,0.7880473754047811
A_both,5,25,163,79.62099999999997,0.4884723926380366,1.1177691298476358,98.72699999999993,0.8064764451467179,0.6975100309903761,0.5362087902826523,72,70.57500000000003,0.9802083333333338,1.2410307201038235,53.315000000000005,1.323736284347745,0.36140414549820365,235,150.196,0.639131914893617,1.1550199095452285,142.07199999999992,1.0571822737766772,0.2208757252096897,0.8334716253123388
A_both,5,30,163,108.581,0.6661411042944786,1.158211230008859,108.38499999999996,1.0018083683166494,0.7946889604552273,0.6704225414263207,72,72.44100000000003,1.0061250000000004,1.239059483540962,57.11999999999999,1.268224789915967,0.4096868402805882,235,181.02200000000002,0.7703063829787234,1.1829745211148164,136.13699999999994,1.3297046357713194,0.44154407845164734,0.9178819037412566
A_both,5,40,163,-92.164,-0.5654233128834356,0.8728365490750144,145.84900000000002,-0.6319138286858326,0.04492604853193756,-0.5757928029757269,72,109.915,1.5265972222222224,1.3566295160688504,51.42,2.137592376507196,0.5748934397090131,235,17.751000000000015,0.07553617021276603,1.0171843794561914,160.99900000000002,0.11025534320088953,0.004006421132714259,0.08507466410979705
A_both,5,50,163,-21.350999999999992,-0.13098773006134964,0.970540917921321,126.04900000000002,-0.16938650842132813,0.41062707992591296,-0.11827238412126535,72,173.518,2.409972222222222,1.5629954088999207,51.42,3.3745235316997277,0.7297480303054349,235,152.16699999999997,0.6475191489361701,1.1473097554340728,141.199,1.0776776039490361,0.47071752164419856,0.6405535215255471
A_both,6,3,163,-206.241,-1.2652822085889572,0.5665767208443139,219.728,-0.9386195660088837,0.8611244491833108,-3.459310838509283,72,-23.877000000000002,-0.33162500000000006,0.8553066938152201,61.86800000000001,-0.38593457037563844,0.7025540496219892,235,-230.118,-0.9792255319148936,0.6409231345379648,268.65,-0.856571747627024,0.9407694269885095,-3.2405214642528293
A_both,6,4,163,-193.932,-1.1897668711656442,0.6272330610283517,221.257,-0.8765010824516286,0.8446791089374334,-2.93171778807095,72,-8.922999999999998,-0.12393055555555553,0.9514257095885635,68.50800000000001,-0.13024756232848714,0.3890826598430101,235,-202.85500000000002,-0.8632127659574469,0.7118324080755966,271.455,-0.7472877640861285,0.9293735147604453,-2.5586373023939895
A_both,6,5,163,-172.54000000000002,-1.0585276073619634,0.6865838107659388,214.20000000000007,-0.8055088702147524,0.7255972881224257,-2.3943842841548726,72,9.232000000000001,0.12822222222222224,1.0470953129144815,52.836,0.17472935119993946,0.014068328313354824,235,-163.308,-0.694927659574468,0.7812474047006062,253.78300000000002,-0.6434946391208236,0.8768116786313845,-1.8834980838313347
A_both,6,6,163,-128.09000000000003,-0.7858282208588959,0.7751390788233291,185.69100000000003,-0.689801875158193,0.5634702543003416,-1.623352976984123,72,-25.993999999999996,-0.3610277777777777,0.8883539138838183,74.35100000000001,-0.34961197562911045,0.3179824782598916,235,-154.08400000000006,-0.6556765957446811,0.8079868804410404,253.88199999999992,-0.6069118724446795,0.8342917300567246,-1.6323054245023199
A_both,6,8,163,-79.24000000000001,-0.48613496932515343,0.8706678461724277,129.447,-0.6121424212225853,0.46284094375592477,-0.8683942606228506,72,-26.737999999999992,-0.37136111111111103,0.8987971324971046,72.43799999999997,-0.36911565752781694,0.17513639415638368,235,-105.97800000000001,-0.4509702127659575,0.8791430604592606,201.88499999999996,-0.5249424177130546,0.7897875121241673,-0.972002276487811
A_both,6,10,163,-69.30000000000001,-0.4251533742331289,0.8942205981344359,111.02300000000002,-0.6241949866243931,0.1937461398902,-0.6881171217886459,72,-68.68200000000002,-0.9539166666666669,0.7721702901194841,133.28199999999998,-0.5153133956573283,0.4412003179966997,235,-137.982,-0.5871574468085107,0.8557577417496778,244.30499999999995,-0.5647940074906368,0.7054843383266102,-1.1538102418828555
A_both,6,12,163,-11.81799999999999,-0.07250306748466252,0.9824456644445235,107.58500000000001,-0.10984802714133002,0.03789454844816738,-0.10631862757791195,72,-56.581999999999994,-0.785861111111111,0.8197520324167282,122.84199999999997,-0.4606079353966885,0.4011349031921569,235,-68.39999999999998,-0.29106382978723394,0.9307086358921162,230.427,-0.2968402140374174,0.5231154700701874,-0.5181774089535054
A_both,6,15,163,60.19900000000003,0.36931901840490816,1.086277741549442,147.85200000000003,0.4071571571571572,0.4280430480536589,0.47754561860058375,72,-17.216000000000008,-0.23911111111111122,0.9461885650700775,90.73199999999999,-0.1897456244764803,0.06299195891127275,235,42.98300000000003,0.18290638297872355,1.0422368024117907,238.58400000000003,0.1801587700767865,0.11961149785536722,0.28684108515365236
A_both,6,20,163,158.90500000000003,0.9748773006134971,1.2175225386778221,116.05300000000008,1.3692450862967775,0.6988920778663126,1.0595657486066132,72,4.4609999999999985,0.06195833333333331,1.0131821566611117,93.492,0.04771531254011037,0.01028808726183161,235,163.36599999999999,0.6951744680851063,1.1528307641070452,207.86500000000007,0.7859235561542344,0.053400703068308346,0.9200502507578265
A_both,6,25,163,211.41200000000003,1.2970061349693254,1.2823864440829105,125.62699999999992,1.6828548003215882,0.8392307480141945,1.259949050274019,72,12.828000000000003,0.1781666666666667,1.0365937150551132,78.175,0.1640933802366486,0.00021786336253895174,235,224.2400000000001,0.9542127659574472,1.2040003129508903,197.10199999999986,1.137685056468226,0.2611758025892833,1.1305664365503731
A_both,6,30,163,167.81399999999994,1.029533742331288,1.2153311177549946,141.42699999999996,1.1865768205505312,0.841751054149158,0.9378368584702427,72,12.573999999999984,0.17463888888888868,1.0346494273778424,76.90599999999998,0.1634982966218499,0.0004504019658868012,235,180.38799999999998,0.7676085106382978,1.1579272680792352,206.75299999999993,0.8724806895184111,0.3206930503645755,0.8461267458760481
A_both,6,40,163,-6.531000000000045,-0.040067484662576966,0.992088536676071,183.96700000000004,-0.035500932232411485,0.49368753756164224,-0.03539232979916837,72,49.078,0.6816388888888889,1.132987573230147,75.208,0.6525635570683971,0.17067466392867453,235,42.547,0.18105106382978722,1.035617507134468,225.78900000000004,0.18843699205895764,0.03350271783721432,0.1855466757731671
A_both,6,50,163,95.79499999999996,0.5876993865030672,1.1160432750139002,164.1670000000001,0.5835216578240444,0.7191184778972203,0.4577418854381241,72,112.68099999999997,1.5650138888888885,1.3053338102438203,63.678,1.7695436414460248,0.5103930980018992,235,208.476,0.887131914893617,1.1745221852860446,182.5870000000001,1.1417899412334935,0.5610871152841652,0.7978554825270784
A_both,8,3,163,-227.28400000000002,-1.3943803680981597,0.574273282222551,249.56,-0.9107389004648182,0.7463006495815452,-3.1902017496743786,72,-22.67300000000001,-0.3149027777777779,0.8733309496407701,71.384,-0.31762019500168115,0.4748614614962284,235,-249.957,-1.0636468085106383,0.6493637663126501,301.1379999999999,-0.8300413763789362,0.8945092131668615,-2.972167197131415
A_both,8,4,163,-214.575,-1.3164110429447853,0.6368127878458593,252.08099999999993,-0.8512144905804089,0.735340654674731,-2.7300152775599975,72,4.621000000000006,0.06418055555555563,1.0236908753473397,59.534000000000006,0.0776195115396245,0.27324944346361424,235,-209.954,-0.8934212765957447,0.7328370648902801,283.47499999999997,-0.7406437957491844,0.890107309426314,-2.2522497880768224
A_both,8,5,163,-169.71099999999998,-1.0411717791411041,0.7241597331820672,231.83,-0.7320493465039036,0.571586807834181,-1.9986465060328238,72,11.385999999999996,0.15813888888888883,1.0519235329527008,54.13600000000001,0.21032215161814677,0.00035990059044049936,235,-158.32500000000002,-0.6737234042553192,0.8102835710904875,271.813,-0.5824776592731032,0.8225142455445502,-1.5642469824474075
A_both,8,6,163,-103.817,-0.6369141104294478,0.8355968062228613,190.766,-0.5442112326095845,0.195430185086073,-1.1286723628070885,72,-16.807000000000006,-0.23343055555555564,0.9353877618492933,69.077,-0.2433081923071356,0.3070506732594752,235,-120.624,-0.5132936170212766,0.864710480832751,239.45000000000005,-0.5037544372520358,0.6980354413466974,-1.0984282493578343
A_both,8,8,163,-73.705,-0.45217791411042946,0.8953949954797239,138.207,-0.5332942615062913,0.06292911173655517,-0.6987899107407369,72,-14.25100000000001,-0.1979305555555557,0.9525958992509015,65.22399999999999,-0.21849319268980763,0.1229759271653627,235,-87.95600000000002,-0.37428085106382986,0.9125017035885283,186.43100000000004,-0.47178849011162305,0.6246991908422349,-0.697234568330097
A_both,8,10,163,-71.74799999999999,-0.4401717791411042,0.9067073741587174,121.03599999999999,-0.5927823127003536,0.030834781042982113,-0.6166698428736067,72,-54.13200000000001,-0.7518333333333335,0.8448028211413582,110.57500000000002,-0.48955007913181103,0.42014481467430015,235,-125.88000000000002,-0.5356595744680852,0.887391880371317,227.938,-0.5522554378822313,0.5264636778327931,-0.9055249319031948
A_both,8,12,163,-58.82,-0.3608588957055215,0.9281009080896868,159.51199999999997,-0.3687496865439591,0.05485296880051988,-0.463681541126435,72,-54.85699999999999,-0.7619027777777777,0.8528967727230066,119.42700000000002,-0.4593349912498847,0.49285935524577,235,-113.67699999999999,-0.483731914893617,0.9045537973780148,271.099,-0.41931914171575696,0.4731102433464806,-0.7499756759796392
A_both,8,15,163,52.21100000000003,0.320312883435583,1.061981224358,202.61500000000007,0.25768575870493304,0.5380030936427562,0.3639416198364264,72,-26.049,-0.3617916666666667,0.9331004815409311,100.54900000000002,-0.2590677182269341,0.10839114969760547,235,26.162000000000006,0.11132765957446811,1.0212398203196607,303.16400000000004,0.08629652597274083,0.038508120243812324,0.15296396978959245
A_both,8,20,163,150.13600000000002,0.9210797546012272,1.168408489521581,168.78799999999993,0.8894945138279978,0.7156567366929816,0.8928836302316095,72,10.047999999999988,0.13955555555555538,1.0243066390894686,105.28800000000001,0.09543347769926284,0.022012440624029444,235,160.18400000000005,0.6816340425531917,1.1227572719107601,258.71599999999995,0.6191499559362393,0.0916557853616685,0.799025245436723
A_both,8,25,163,232.051,1.4236257668711656,1.2533780869572808,166.5219999999999,1.3935155715160767,0.8280177046767452,1.2303116033040657,72,67.035,0.9310416666666667,1.1589656031017677,94.751,0.7074859368238857,0.3541796560394259,235,299.0859999999999,1.272706382978723,1.2236116884631603,226.39299999999994,1.321092083235789,0.424028138502296,1.3236068392847753
A_both,8,30,163,176.10500000000002,1.080398773006135,1.1825168157368349,178.9469999999999,0.9841182025963002,0.8024650052470329,0.8718651955341933,72,49.94399999999999,0.6936666666666665,1.11188548002285,85.191,0.5862591118780152,0.16863947790442038,235,226.04899999999998,0.9619106382978723,1.160175871830392,208.88199999999992,1.0821851571700771,0.43238629606960244,0.9289207712420405
A_both,8,40,163,0.27600000000000335,0.001693251533742352,1.0002678210140517,236.59800000000004,0.0011665356427357936,0.5549272343609636,0.0012927083584860517,72,75.375,1.046875,1.162802250612871,123.381,0.6109125392078196,0.11767515870572826,235,75.65099999999995,0.32191914893617,1.0506526845233155,261.50800000000004,0.2892875170166876,0.21256141786381275,0.2850960684585091
A_both,8,50,163,78.14200000000004,0.4793987730061352,1.0751137154479986,251.0589999999998,0.31124954691925044,0.6726068010612396,0.3296204286253056,72,168.818,2.3446944444444444,1.3646295236346753,97.00200000000005,1.740355868951155,0.4957236230349489,235,246.96000000000004,1.0508936170212768,1.1642784778297894,275.96899999999977,0.8948831209302504,0.5743142225177575,0.8250410934765006
A_both,10,3,163,-215.502,-1.3220981595092025,0.6128062036674369,247.26299999999998,-0.8715497264046785,0.7746201188722694,-2.6573033796785017,72,-39.42,-0.5475,0.8047393552733253,78.446,-0.502511281645973,0.599850210007484,235,-254.92199999999997,-1.0847744680851064,0.6638943751664562,307.5530000000002,-0.828871771694634,0.9002180731100597,-2.6677782572200317
A_both,10,4,163,-204.608,-1.2552638036809816,0.6741319284073861,252.28699999999998,-0.8110128544078768,0.7853625360579657,-2.282873744945866,72,-13.896000000000003,-0.19300000000000003,0.937378325762492,72.596,-0.19141550498650067,0.4998640943461053,235,-218.50400000000002,-0.929804255319149,0.7428729450805492,298.393,-0.7322691886203766,0.9095231559243996,-2.0655095694904277
A_both,10,5,163,-125.19800000000002,-0.7680858895705522,0.8038220832171187,197.83700000000005,-0.6328341008001537,0.4096884117403927,-1.3070320083350113,72,-10.903999999999993,-0.15144444444444435,0.9567703005938931,60.79599999999999,-0.17935390486216188,0.08956050887615698,235,-136.10200000000003,-0.5791574468085108,0.847148536645628,248.27000000000004,-0.5482015547589318,0.7760339479675862,-1.1947446050331332
A_both,10,6,163,-65.77200000000003,-0.4035092024539879,0.9016781623628816,165.68699999999998,-0.39696536240018854,0.0183878528266943,-0.63594005224916,72,-63.317,-0.8794027777777778,0.7975805703945957,102.20700000000002,-0.6194976860684688,0.6221749365552618,235,-129.08900000000003,-0.5493148936170213,0.8685109300053881,251.29099999999994,-0.5137032364867825,0.6180774766911594,-1.0427109020707679
A_both,10,8,163,-2.1240000000000308,-0.013030674846625956,0.9971534407985375,93.55499999999998,-0.022703222703223037,0.3262104957911162,-0.017925595424881372,72,-69.584,-0.9664444444444444,0.8088461929394182,102.51399999999998,-0.6787755818717445,0.5040898783337998,235,-71.708,-0.3051404255319149,0.93540896337097,186.29899999999998,-0.38490813155196757,0.32540966575009256,-0.5056683297000059
A_both,10,10,163,-18.89500000000004,-0.11592024539877324,0.9775092992114269,95.688,-0.19746467686648314,0.4077427386890501,-0.1440294443529768,72,-79.392,-1.1026666666666667,0.8038240861086539,121.84500000000001,-0.6515819278591652,0.6031231950646767,235,-98.287,-0.4182425531914894,0.9210433933177652,216.26,-0.45448534171830207,0.3001741974199629,-0.626992274313371
A_both,10,12,163,5.222999999999999,0.03204294478527607,1.0057961268156592,134.04700000000005,0.03896394548180859,0.4581025963169483,0.03647606818377988,72,-80.15699999999998,-1.1132916666666663,0.815615741337112,141.275,-0.5673827641125463,0.6487578038280055,235,-74.93400000000001,-0.31886808510638304,0.9439052526224935,260.994,-0.2871100485068622,0.2166638044515946,-0.438427471893022
A_both,10,15,163,68.54999999999995,0.42055214723926354,1.0712358034993354,206.73399999999998,0.33158551568682443,0.5188047162978519,0.4280139193235998,72,-71.68599999999998,-0.9956388888888886,0.8459243656840725,122.448,-0.585440350189468,0.3221288385272471,235,-3.1359999999999957,-0.01334468085106381,0.9978032477748777,329.18199999999996,-0.009526644834772242,0.067821851625171,-0.016450304603219622
A_both,10,20,163,244.22099999999998,1.498288343558282,1.2436185313719172,154.07500000000002,1.5850786954405318,0.8116722871135134,1.3031580597848207,72,-32.039,-0.44498611111111114,0.9353641929854648,112.47800000000002,-0.2848468144881665,0.002368992641116879,235,212.18200000000002,0.9029021276595746,1.141628586570976,266.55300000000005,0.7960218042940802,0.22460049978211735,0.9522112469347042
A_both,10,25,163,299.9709999999999,1.8403128834355822,1.2847186233472858,178.16900000000004,1.6836318326981676,0.8442274931319353,1.433345651016452,72,68.60500000000003,0.9528472222222226,1.1384044302329102,96.734,0.7092128930882631,0.5253183153394351,235,368.57599999999996,1.5684085106382977,1.2379053157808109,255.6399999999999,1.4417774996088253,0.462027510646785,1.4707228223108968
A_both,10,30,163,245.44199999999998,1.5057791411042944,1.2209202896854903,225.991,1.0860697992397925,0.8316300923855603,1.0907959531279081,72,60.94700000000003,0.8464861111111115,1.1158743286277866,82.191,0.7415288778576733,0.5689018409754644,235,306.38899999999995,1.303782978723404,1.1871680229301276,268.543,1.1409308751298672,0.4342489632107742,1.1302897702267853
A_both,10,40,163,68.82999999999998,0.42226993865030665,1.0570345198469027,310.341,0.22178829094447713,0.6277722887429498,0.28254433264761963,72,88.215,1.2252083333333335,1.1615112095718483,72.64799999999998,1.2142798149983485,0.5426789062622033,235,157.04500000000007,0.6682765957446811,1.0895865254837713,340.701,0.4609466951960812,0.19520579664823323,0.5250635653462601
A_both,10,50,163,125.911,0.7724601226993865,1.1034414485466884,332.59499999999997,0.378571535952134,0.7052028916677641,0.4758679155821523,72,188.958,2.624416666666667,1.3459597022986713,64.37499999999999,2.935269902912622,0.7715250981106324,235,314.869,1.339868085106383,1.1785573932250388,362.955,0.8675152567122647,0.519321133512578,0.9522642257620779
A_both,12,3,163,-195.95399999999995,-1.202171779141104,0.6522913346984693,215.23899999999995,-0.9104019253016414,0.7664471970312955,-2.206556072848467,72,-34.733000000000004,-0.48240277777777785,0.8321241970642398,75.799,-0.45822504254673546,0.6940032229731178,235,-230.687,-0.9816468085106383,0.7005834214847072,268.83199999999994,-0.8581084097131296,0.9047774700819351,-2.2042219528842435
A_both,12,4,163,-174.92600000000002,-1.0731656441717792,0.7249876585134247,207.92599999999993,-0.8412896896011084,0.7670178148038976,-1.7868975086651058,72,-10.399000000000012,-0.14443055555555573,0.9550851520556998,73.839,-0.14083343490567332,0.5452222603473985,235,-185.32500000000002,-0.7886170212765958,0.786391775867256,248.52500000000003,-0.7456996278040439,0.9083593376785725,-1.6027447828672607
A_both,12,5,163,-89.45300000000002,-0.5487914110429449,0.8620693377083155,161.461,-0.5540223335666199,0.2310698154077151,-0.8595582448361399,72,-11.187000000000005,-0.15537500000000007,0.958242972374742,49.29600000000001,-0.22693524829600786,0.11236140954113874,235,-100.64000000000006,-0.42825531914893644,0.8901841140147289,201.05400000000003,-0.500562038059427,0.7070258473489562,-0.8104959198621288
A_both,12,6,163,-1.8130000000000024,-0.011122699386503083,0.9973044740081717,127.91699999999997,-0.014173252968721928,0.13431815868745073,-0.016182500786888775,72,-73.47,-1.0204166666666667,0.784630086710794,104.32300000000001,-0.7042550540149344,0.7306122722725262,235,-75.28300000000004,-0.32035319148936187,0.9257366359878864,213.41699999999997,-0.35275071807775416,0.38188995694499245,-0.556287833227677
A_both,12,8,163,24.22799999999998,0.14863803680981583,1.0307293853235098,92.71199999999999,0.2613253947709033,0.4579742740920466,0.18805434209642155,72,-83.637,-1.161625,0.7924712292873201,114.65700000000001,-0.7294539365237185,0.676217718966389,235,-59.40899999999998,-0.25280425531914885,0.9501370184943494,189.279,-0.3138700014264656,0.1551100117736288,-0.3824492386847992
A_both,12,10,163,27.09599999999999,0.16623312883435576,1.0305252354789396,92.825,0.29190412065715043,0.6191494336997253,0.18975444007587133,72,-96.168,-1.3356666666666668,0.7872314064214664,138.75099999999998,-0.6930977074039107,0.7522234331968228,235,-69.07200000000003,-0.29392340425531926,0.9484399948344447,212.02700000000002,-0.32576983120074343,0.03547916762164876,-0.40203795381377616
A_both,12,12,163,54.300999999999995,0.33313496932515335,1.0565127390689413,92.94300000000004,0.584239802889943,0.7056651163068376,0.34843873868773734,72,-72.993,-1.0137916666666666,0.8467029574465406,136.38100000000003,-0.535213849436505,0.705784080492058,235,-18.69200000000002,-0.07954042553191498,0.9869924990448963,202.49600000000004,-0.09230799620733258,0.0037724377307778232,-0.09984564598032174
A_both,12,15,163,134.40000000000003,0.8245398773006137,1.1300577615162566,162.796,0.8255731099044205,0.6998604260588811,0.7708811848871827,72,-31.772000000000006,-0.4412777777777779,0.9365159289630588,82.675,-0.38429996976111286,0.21255743245047734,235,102.62799999999999,0.4367148936170212,1.066908366414384,228.07,0.44998465383434905,0.09258218674121559,0.4911617021860144
A_both,12,20,163,377.5490000000001,2.316251533742332,1.3529758782816652,104.32800000000003,3.6188655011118778,0.9205513135612683,1.8551269958353922,72,27.484,0.38172222222222224,1.0511928355362172,81.69399999999999,0.3364261757289398,0.2877893861153301,235,405.0330000000001,1.7235446808510642,1.2521231082192283,121.77700000000004,3.3260221552509908,0.7673146742458937,1.6601523588862859
A_both,12,25,163,499.79500000000013,3.0662269938650315,1.4471698197613816,105.72500000000014,4.727311421139745,0.9500521562690017,2.187337727646398,72,130.368,1.8106666666666666,1.2428288307082507,80.59400000000001,1.6175893987145442,0.7786601153593476,235,630.163,2.6815446808510637,1.3808650895677812,117.73500000000013,5.352384592517088,0.8906093162121005,2.298594515800476
A_both,12,30,163,402.9390000000001,2.472018404907976,1.333983719351526,157.57499999999993,2.557125178486437,0.9223287539222642,1.6343428885231586,72,136.943,1.9019861111111114,1.2387850719879199,70.56099999999998,1.9407746488853623,0.7675985123317044,235,539.882,2.297370212765957,1.3033109695600245,169.58499999999992,3.1835480732376107,0.8718248515505794,1.8119589770431868
A_both,12,40,163,126.37900000000008,0.7753312883435588,1.093669790253017,329.51700000000005,0.3835280122118132,0.7060575897972341,0.47493734332676246,72,197.12099999999998,2.7377916666666664,1.3299101755818838,80.04800000000003,2.462534979012591,0.7189393243689987,235,323.49999999999994,1.3765957446808508,1.1661790027821497,341.52700000000004,0.9472164719041244,0.6461758940973926,0.9813563618775021
A_both,12,50,163,217.423,1.3338834355828222,1.159600995675667,349.17299999999994,0.6226798750189735,0.7745719694111678,0.7467799994901071,72,265.21399999999994,3.683527777777777,1.4348775700612764,80.04799999999994,3.313187087747353,0.866874215902799,235,482.63699999999994,2.053774468085106,1.244726313921355,361.18299999999994,1.3362672108044953,0.7707031444508471,1.328119631738825
A_both,15,3,163,-223.60399999999998,-1.371803680981595,0.631578253619893,285.346,-0.783624091453884,0.6758416041422298,-2.219027392714827,72,-13.34599999999999,-0.18536111111111098,0.9325823398666395,76.71700000000001,-0.17396404968911697,0.4225151237090561,235,-236.95,-1.0082978723404254,0.7056097524612241,324.62700000000007,-0.7299146404950911,0.8731851374614052,-2.016116409938549
A_both,15,4,163,-216.466,-1.3280122699386503,0.6898243542604623,281.58500000000004,-0.7687412326650922,0.7216985388414915,-1.9470017562566007,72,28.440999999999995,0.39501388888888883,1.1335446306991595,72.104,0.39444413624764224,0.04666820635145212,235,-188.025,-0.8001063829787234,0.7935723915630639,304.25900000000007,-0.6179767895115673,0.877336604811924,-1.4531903143556357
A_both,15,5,163,-128.20299999999997,-0.7865214723926379,0.8202103013440438,234.088,-0.5476701069683195,0.33148524126042034,-1.0920027491573794,72,44.75,0.6215277777777778,1.1840049342105265,56.379000000000005,0.7937352560350485,0.3019978040259806,235,-83.45299999999997,-0.3551191489361701,0.9127308966486521,249.284,-0.3347707835240127,0.6981961226364674,-0.6049444789971059
A_both,15,6,163,-19.930000000000035,-0.12226993865030697,0.9726278374755535,201.61,-0.09885422350081859,0.003164220754606148,-0.15960634476718324,72,-51.11,-0.709861111111111,0.8538072750259577,131.033,-0.3900544137736296,0.5174095096763056,235,-71.04000000000008,-0.3022978723404259,0.9340830030833641,280.37699999999995,-0.2533731368835535,0.4718844664565594,-0.4714218965660158
A_both,15,8,163,59.80499999999998,0.36690184049079744,1.0724769408077717,143.79800000000006,0.41589590953977074,0.36972754909621364,0.42279002202821486,72,-89.05,-1.2368055555555555,0.7980895026947853,141.79999999999995,-0.6279971791255291,0.6429045163027616,235,-29.245000000000033,-0.12444680851063844,0.976903259842868,232.84800000000004,-0.12559695595409892,0.1340898702516509,-0.16991429665868946
A_both,15,10,163,77.37799999999999,0.4747116564417177,1.0830543495177938,125.37599999999998,0.6171675599795814,0.6148885696101565,0.4941236179495758,72,-79.741,-1.107513888888889,0.8361218035007101,147.454,-0.5407856009331723,0.6295482550480173,235,-2.363000000000028,-0.010055319148936289,0.9983338527557359,225.53699999999995,-0.010477216598607007,0.013123476603706675,-0.012436421726012987
A_both,15,12,163,119.48000000000005,0.7330061349693254,1.1185244558370417,143.00199999999995,0.8355127900309093,0.7340739130895618,0.7011873743000026,72,-52.722999999999985,-0.7322638888888887,0.8979634493049253,142.19100000000003,-0.37078999374081323,0.5597986207133628,235,66.757,0.2840723404255319,1.0437817138202574,218.96499999999992,0.30487520836663407,0.06282769046299548,0.32332493172066096
A_both,15,15,163,207.812,1.2749202453987731,1.189003161391012,226.1150000000001,0.9190544634367465,0.6723749851140759,1.0903782401438817,72,0.3129999999999953,0.004347222222222157,1.0005718388547147,107.398,0.0029143931916795034,0.12913639299981297,235,208.12500000000009,0.8856382978723408,1.126375865048489,270.5720000000001,0.7692037609213075,0.12625481680585074,0.903381730654888
A_both,15,20,163,365.541,2.2425828220858897,1.3070137422583261,148.65299999999974,2.459022017719122,0.8818196125360264,1.6597985777637474,72,36.909000000000006,0.5126250000000001,1.060674955244638,107.97,0.3418449569324813,0.13375172202006833,235,402.45000000000005,1.712553191489362,1.2237149522969344,192.02299999999974,2.0958426855116343,0.6470901476730901,1.5114278819282254
A_both,15,25,163,500.401,3.0699447852760735,1.4000526047337865,156.66199999999975,3.1941440808875208,0.9358381044843036,2.031247934102319,72,159.03300000000004,2.2087916666666674,1.2614354265198329,115.92999999999998,1.3718019494522562,0.7236098092659582,235,659.4340000000001,2.806102127659575,1.354697455012923,173.62199999999973,3.7981016230662075,0.8520965693740064,2.2142600682738762
A_both,15,30,163,399.295,2.4496625766871167,1.2971610457401546,211.4519999999996,1.8883481830391804,0.9049193382983238,1.508397892408965,72,130.88800000000003,1.8178888888888893,1.1954123892959732,105.89699999999999,1.235993465348405,0.634222657865793,235,530.1830000000001,2.256097872340426,1.2633137373026015,226.4619999999996,2.3411565737298137,0.8193201726200937,1.6439085254202892
A_both,15,40,163,152.70299999999997,0.9368282208588955,1.1023159672086111,379.9689999999999,0.4018827851745801,0.6944242331862204,0.5315269479956896,72,214.526,2.9795277777777778,1.306328304160705,104.9,2.0450524308865585,0.6507450874581637,235,367.2289999999999,1.5626765957446807,1.167471961378689,394.97899999999987,0.9297431002660902,0.5970077070768085,1.0243616786726595
A_both,15,50,163,284.74399999999997,1.7468957055214722,1.1907877236652114,367.2689999999996,0.7753009374600096,0.7991477007064143,0.9107834825784991,72,272.28900000000004,3.7817916666666673,1.3806140392566892,104.89999999999998,2.5957006673021934,0.7865364037416237,235,557.0329999999999,2.3703531914893614,1.252295549670518,382.2789999999996,1.4571373264029688,0.764294582058702,1.4244341766717956
A_both,18,3,163,-280.857,-1.7230490797546014,0.583071197521499,328.792,-0.8542087398720165,0.7971549604733761,-2.455941184131417,72,-30.413000000000004,-0.42240277777777785,0.8605464791574003,105.924,-0.2871209546467279,0.6237997917458425,235,-311.2699999999999,-1.3245531914893613,0.6509330283048491,397.28000000000014,-0.7835028191703579,0.9118525048703173,-2.339835436107738
A_both,18,4,163,-266.118,-1.6326257668711657,0.6518498070978065,319.197,-0.833710843147022,0.799073025622571,-2.1288717917479074,72,9.194000000000003,0.12769444444444447,1.0389185436658948,104.451,0.08802213478090208,0.3969668919667196,235,-256.924,-1.0932936170212766,0.7432336545361148,374.21799999999996,-0.6865623780790876,0.9134918408924809,-1.7691375814921497
A_both,18,5,163,-177.37199999999999,-1.0881717791411043,0.7733604048979259,258.15799999999996,-0.6870676097583651,0.49626404696951626,-1.3509159652343747,72,19.565999999999995,0.27174999999999994,1.0714938211156337,81.46000000000001,0.24019150503314501,0.04169641490666808,235,-157.8060000000001,-0.6715148936170217,0.8506036688753383,301.9219999999999,-0.5226714184458242,0.8016686541175503,-1.0223397972452557
A_both,18,6,163,-67.48900000000003,-0.41404294478527626,0.9157171330662486,222.51899999999995,-0.30329544892795696,0.025018995012656985,-0.4861426141715716,72,-71.75400000000002,-0.9965833333333336,0.8124671672490531,156.84999999999997,-0.4574689193496974,0.576257068339821,235,-139.24300000000008,-0.5925234042553195,0.8823330079899269,330.59000000000003,-0.42119543845851376,0.6099604236857342,-0.8308435524619435
A_both,18,8,163,1.511999999999972,0.00927607361963173,1.001650898331086,165.45400000000004,0.009138491665356968,0.20614333116435016,0.009670649048118995,72,-97.17400000000004,-1.3496388888888893,0.7947451687785548,179.997,-0.5398645532981107,0.6685102564670107,235,-95.66200000000008,-0.40707234042553225,0.9311435432046158,299.22800000000007,-0.31969601775234957,0.3681335356064087,-0.5033973903733833
A_both,18,10,163,10.516999999999982,0.06452147239263792,1.010108398322988,136.69499999999994,0.07693770803613875,0.45384938284139814,0.060963519651181484,72,-119.525,-1.6600694444444446,0.7812463968110748,213.61100000000002,-0.5595451545098332,0.7882618966962714,235,-109.00799999999998,-0.46386382978723395,0.9313038146271804,312.5,-0.34882559999999996,0.2687012654849649,-0.5196276831859576
A_both,18,12,163,75.31900000000002,0.4620797546012271,1.0676053025808296,126.29199999999999,0.5963877363570141,0.760894494584149,0.4037268191648309,72,-63.97699999999999,-0.8885694444444443,0.8866441881603356,205.37800000000001,-0.31150853548091806,0.6508025106610933,235,11.341999999999956,0.048263829787233856,1.006757263969401,274.92900000000003,0.04125428747058315,0.01744571870934858,0.05010983551817421
A_both,18,15,163,160.66999999999996,0.9857055214723924,1.1313822653975731,247.76600000000008,0.6484747705496311,0.6865733091273227,0.7736551352286453,72,-7.721000000000011,-0.10723611111111125,0.987141117944977,169.895,-0.04544571647193861,0.4171429118105791,235,152.94900000000007,0.6508468085106386,1.0838830050659196,366.60700000000014,0.41720152643021,0.008790493305446711,0.6086819464773178
A_both,18,20,163,338.338,2.0756932515337425,1.2556019493975559,158.10199999999998,2.139998228991411,0.9004448632499243,1.41996386107196,72,32.876000000000005,0.4566111111111112,1.0488578387881546,139.56400000000002,0.23556217935857385,0.09288930218411888,235,371.2140000000001,1.579634042553192,1.1859247453898716,247.943,1.497174753874883,0.48382462195207454,1.2856580659945458
A_both,18,25,163,483.95700000000005,2.9690613496932516,1.3474585884461192,163.565,2.9588053678965553,0.941066339699849,1.8271242164793373,72,169.69,2.3568055555555554,1.2521805166067017,147.524,1.1502535180716358,0.36519050340649223,235,653.647,2.781476595744681,1.3164228394777848,226.99599999999998,2.8795529436642058,0.7798551279360971,2.0369878623978117
A_both,18,30,163,292.147,1.7923128834355828,1.1894557379770732,216.48499999999996,1.3495022749844103,0.8791780508975896,1.0273687990758564,72,144.71099999999998,2.0098749999999996,1.1939407178879626,137.49099999999999,1.0525125280927479,0.28285581947142413,235,436.85799999999995,1.8589702127659573,1.1909182525607536,234.98199999999997,1.8591126128809867,0.6562099577427284,1.2567515912656801
A_both,18,40,163,23.06799999999997,0.14152147239263785,1.0134244045059166,433.67300000000006,0.05319215169032881,0.5550022188917559,0.0749820148159446,72,238.099,3.3069305555555553,1.3043339328008428,140.23999999999998,1.6977966343411297,0.4241725234384638,235,261.167,1.1113489361702127,1.1044365551736215,452.1700000000001,0.5775858637238205,0.2496870051725997,0.6783833821534164
A_both,18,50,163,134.65200000000004,0.8260858895705524,1.0783606257816307,410.96000000000004,0.32765232626046337,0.7119520784598358,0.4069341759267801,72,270.87399999999997,3.7621388888888885,1.3384228655386488,129.77100000000002,2.0873230536868785,0.5604967407650425,235,405.526,1.7256425531914894,1.1610019835125482,429.457,0.9442761440609887,0.5395440071338455,0.978356195397994
A_both,22,3,163,-325.47499999999997,-1.9967791411042943,0.552896232363458,369.78299999999996,-0.8801783748847297,0.8186003224076032,-2.5127939656166443,72,-52.96300000000001,-0.7355972222222223,0.7826508041382649,124.37899999999999,-0.4258194711325868,0.7723897901630636,235,-378.43800000000005,-1.6103744680851066,0.610516240582932,456.72600000000017,-0.8285886943156289,0.9198432016961555,-2.505819708272801
A_both,22,4,163,-301.82000000000005,-1.8516564417177916,0.6304716989217295,375.82900000000006,-0.803077995577776,0.7771656915493761,-2.148602422128644,72,-16.476000000000006,-0.22883333333333342,0.938038487140241,122.211,-0.1348160149250068,0.6297809436318292,235,-318.296,-1.3544510638297873,0.7060104666392037,448.6099999999998,-0.7095160607208938,0.912056243757728,-1.9448357331083779
A_both,22,5,163,-213.50100000000003,-1.3098220858895708,0.7458194338288342,315.131,-0.6774991987459186,0.5314996376250982,-1.4515728748430343,72,-11.726999999999997,-0.16287499999999996,0.9621693812966349,98.19999999999999,-0.11941955193482687,0.37527685627851454,235,-225.22800000000004,-0.9584170212765959,0.80414019800947,379.2179999999999,-0.5939275034412926,0.8250488818825775,-1.2983668828033508
A_both,22,6,163,-104.68400000000003,-0.642233128834356,0.8785762836112085,273.2219999999999,-0.3831463059343686,0.10969626694538141,-0.676968107806344,72,-126.30000000000001,-1.7541666666666669,0.7150122862874201,192.56299999999993,-0.6558892414430605,0.7613609316992405,235,-230.98399999999998,-0.9829106382978723,0.8230434799263016,420.58899999999994,-0.5491917287423114,0.6824199571341245,-1.225777135776445
A_both,22,8,163,-51.08800000000002,-0.3134233128834357,0.9489971238003772,230.32099999999994,-0.22181216649806154,0.015673601438100933,-0.2938498904625472,72,-169.87,-2.3593055555555558,0.6935563304691994,237.46999999999994,-0.7153324630479642,0.836341220107775,235,-220.958,-0.9402468085106382,0.8579957789094574,429.4509999999999,-0.5145127150711025,0.5416312863522604,-1.0360699894763912
A_both,22,10,163,-78.40800000000002,-0.48103067484662587,0.9324024094702835,243.963,-0.32139299811856725,0.0063777005474602525,-0.40952236806665365,72,-173.801,-2.4139027777777775,0.720013145452173,246.574,-0.7048634487009984,0.8636330579773654,235,-252.20900000000003,-1.0732297872340426,0.8583628634165792,464.4139999999999,-0.5430693303819439,0.5641012810735121,-1.078010704919268
A_both,22,12,163,-57.89200000000001,-0.3551656441717792,0.9544764341708256,188.18900000000002,-0.3076269069924385,0.04543064287130374,-0.2795696692854538,72,-100.77699999999999,-1.3996805555555554,0.8389827394200459,213.055,-0.47300931684306863,0.7464060799480309,235,-158.66899999999998,-0.6751872340425531,0.916383058332499,356.186,-0.44546669436754954,0.5204246452847183,-0.6321364763625327
A_both,22,15,163,0.4129999999999825,0.0025337423312882363,1.0002953839991984,315.019,0.0013110320329884307,0.3412101726817979,0.0018130772726682504,72,-46.493999999999986,-0.6457499999999998,0.9306250223819134,219.64500000000004,-0.211677934849416,0.5677501359324753,235,-46.080999999999904,-0.19608936170212726,0.977721039430197,461.403,-0.09987147894573703,0.2115241039638404,-0.1669812098047878
A_both,22,20,163,117.74099999999999,0.7223374233128833,1.0762429028782197,262.3849999999998,0.44873373096785285,0.6697128095837388,0.4541251397858793,72,25.636,0.35605555555555557,1.0347897362407106,185.444,0.1382411941071159,0.1366360554264272,235,143.377,0.6101148936170213,1.0628523408142831,375.4259999999999,0.38190482278797966,0.0063615556421248816,0.4561506282929085
A_both,22,25,163,250.72000000000003,1.5381595092024543,1.1541862817749382,232.7220000000001,1.077336908414331,0.836917800448226,0.877912295575735,72,172.02700000000002,2.3892638888888893,1.2334519408753615,191.59699999999998,0.8978585259685696,0.23796305075687904,235,422.747,1.7989234042553193,1.1789050131423644,312.9990000000001,1.3506337080949138,0.4845349738438942,1.220812324272583
A_both,22,30,163,52.47000000000011,0.32190184049079823,1.0294492369689792,329.922,0.15903759070325746,0.6435756533567409,0.17260206340336723,72,140.466,1.9509166666666669,1.1699186854182948,181.564,0.7736445550880131,0.14541817557197828,235,192.93600000000015,0.8210042553191496,1.0739678635288776,358.87,0.5376208654944692,0.13208727558204475,0.5169600965019939
A_both,22,40,163,-255.416,-1.5669693251533743,0.8720903504374646,568.336,-0.4494102080459446,0.024458672969023716,-0.7812045810736474,72,170.22400000000007,2.364222222222223,1.1933493564259716,164.29600000000002,1.0360812192627944,0.1379133810507533,235,-85.19200000000006,-0.3625191489361705,0.9703911000913028,590.4159999999999,-0.1442914826156474,0.2840732042342003,-0.20871641130744004
A_both,22,50,163,-143.8319999999999,-0.8824049079754596,0.9279704454071843,545.623,-0.2636105882633245,0.2768107688380949,-0.4115792242540728,72,199.03200000000004,2.764333333333334,1.2205577774010057,173.844,1.144888520742735,0.2611971510606924,235,55.19999999999993,0.2348936170212763,1.0190394067431232,567.703,0.09723394098674824,0.015828804751238393,0.1263758592507174
A_both,26,3,163,-303.024,-1.859042944785276,0.5807294729370549,340.011,-0.8912182252927111,0.8341286470435894,-2.1643620636182597,72,-38.19300000000001,-0.5304583333333335,0.8376265320958944,131.434,-0.29058691054065167,0.6914246027363432,235,-341.217,-1.451987234042553,0.6438079748799008,427.9090000000002,-0.7974055231369283,0.9271876496595648,-2.098962506456427
A_both,26,4,163,-291.25000000000006,-1.7868098159509207,0.6478306975551893,361.3220000000001,-0.8060677179911546,0.8192686282963628,-1.9085862023862326,72,-3.6960000000000015,-0.051333333333333356,0.9858600465975739,135.621,-0.02725241666113656,0.5366855158803017,235,-294.946,-1.2550893617021277,0.729010551229139,439.23299999999995,-0.6715023689021545,0.9255140773236461,-1.6662410439135857
A_both,26,5,163,-201.13400000000001,-1.2339509202453989,0.7643385312254315,299.797,-0.6709006427682732,0.5952479870761652,-1.2622183601383963,72,-4.896000000000022,-0.06800000000000031,0.9843776424152113,111.61,-0.0438670370038529,0.33673073486857885,235,-206.03,-0.8767234042553191,0.8234357485405576,371.0229999999999,-0.5553025014621736,0.8453303803161426,-1.0977245011061698
A_both,26,6,163,-89.89000000000001,-0.5514723926380369,0.8977996627809546,252.327,-0.3562440801024069,0.1326615523506954,-0.5379545253805798,72,-120.90000000000002,-1.679166666666667,0.7317607279068683,207.97299999999996,-0.5813254605165096,0.7347847285263646,235,-210.79,-0.8969787234042553,0.8415427313676084,406.2740000000001,-0.5188370410117308,0.6833505646809451,-1.0350593428805541
A_both,26,8,163,-16.42700000000005,-0.10077914110429478,0.983845796042235,196.17199999999997,-0.0837377403503051,0.14725579799234162,-0.08791290502913757,72,-181.02000000000004,-2.514166666666667,0.6887214399083806,265.42999999999995,-0.681987718042422,0.8323568691118032,235,-197.44699999999997,-0.8401999999999998,0.876473951842565,413.97199999999987,-0.47695737875991623,0.43202778060293495,-0.8565751802820495
A_both,26,10,163,17.348999999999947,0.10643558282208557,1.0151550887344463,153.215,0.11323303854061252,0.4787509133531453,0.08520396840727242,72,-192.97100000000003,-2.6801527777777783,0.7076759472040984,287.13399999999996,-0.6720590386370129,0.8476632324155423,235,-175.62199999999996,-0.7473276595744679,0.9026966171364366,405.606,-0.43298669151836994,0.26276896299168295,-0.6983429097484732
A_both,26,12,163,35.37799999999999,0.21704294478527603,1.0277204480028084,138.698,0.25507217119208636,0.5660099640148076,0.15981461688528445,72,-112.357,-1.560513888888889,0.83110737654771,255.215,-0.4402444997355171,0.7218322159305265,235,-76.97900000000001,-0.3275702127659575,0.9603507392998916,333.57499999999993,-0.23076969197331942,0.08398796802281464,-0.28495146603441035
A_both,26,15,163,96.9649999999999,0.5948773006134963,1.0681380905734523,220.99200000000005,0.43877153924123896,0.6856848374941521,0.397245921466371,72,-22.37700000000001,-0.3107916666666668,0.9676290058689335,228.39799999999997,-0.09797371255440071,0.4153712991583807,235,74.58799999999994,0.3173957446808508,1.035277319135633,357.499,0.20863834584152663,0.0001265580058060076,0.25192033815856013
A_both,26,20,163,187.40000000000003,1.1496932515337426,1.1159655618172561,235.8520000000001,0.7945660838152738,0.7830229212111788,0.6729118977383827,72,33.37599999999999,0.46355555555555544,1.0433597013044547,195.137,0.17103880863188423,0.11861156859559252,235,220.77599999999998,0.9394723404255318,1.0925396857332552,345.3500000000001,0.639281887939771,0.22159697268028233,0.6552681887918391
A_both,26,25,163,277.23600000000005,1.700834355828221,1.1607198758930621,295.14099999999996,0.9393340809985739,0.8107944109426157,0.9103959726385911,72,184.504,2.5625555555555555,1.2396943411276693,189.387,0.9742168153041126,0.21886037490190005,235,461.74,1.9648510638297874,1.1850875712657698,363.578,1.26998883320773,0.5318146671611006,1.2538496357127538
A_both,26,30,163,79.27899999999994,0.486374233128834,1.0417069993729142,354.10200000000003,0.22388746745288063,0.6776111406324112,0.2437461231013867,72,100.285,1.3928472222222221,1.1130408710070483,191.534,0.5235885012582623,0.006417204238870429,235,179.56400000000002,0.7641021276595745,1.064405725511323,408.42,0.43965525684344553,0.16581364762272366,0.4523788658681101
A_both,26,40,163,-227.72100000000006,-1.3970613496932518,0.8928244162716785,588.0290000000001,-0.3872615126124732,0.19192445325475474,-0.6505112044029563,72,125.90599999999998,1.748694444444444,1.1332304788026548,225.954,0.5572196110712799,0.004364759250757548,235,-101.81500000000023,-0.4332553191489371,0.966833030867775,652.1930000000002,-0.15611176446236036,0.1118514977982321,-0.23531935484147867
A_both,26,50,163,-118.14699999999999,-0.7248282208588956,0.9443947914739967,575.166,-0.2054137414242149,0.4058168538186857,-0.3182964617094444,72,150.43099999999998,2.089319444444444,1.1548737071636976,205.12100000000004,0.7333768848630806,0.046433708356968154,235,32.28399999999988,0.1373787234042548,1.0104274431285432,637.657,0.0506290999706737,0.0001515138798460384,0.07017246401462175
A_both,30,3,163,-184.279,-1.1305460122699387,0.7010117759295975,248.92499999999998,-0.7402992869338154,0.3000628962998538,-1.353786778234362,72,-40.892999999999994,-0.5679583333333332,0.8302751341637026,161.92399999999998,-0.2525444035473432,0.5740941956200025,235,-225.172,-0.9581787234042554,0.7373410523295216,367.31300000000005,-0.6130248589077979,0.7475735816551126,-1.385743678190956
A_both,30,4,163,-184.13400000000001,-1.1296564417177914,0.7500861846659155,279.43999999999994,-0.6589393071858004,0.4189411755031281,-1.2110208453706182,72,25.17399999999999,0.3496388888888887,1.1044837447133482,137.02100000000002,0.1837236627962136,0.21744961128686888,235,-158.96000000000004,-0.6764255319148937,0.8374188295914912,358.751,-0.44309284155305506,0.7764308240296209,-0.8945409209576183
A_both,30,5,163,-96.411,-0.591478527607362,0.8747583787996882,265.56300000000005,-0.3630437975169733,0.023340527982655707,-0.603353964836385,72,52.63400000000001,0.7310277777777778,1.1942522245227103,112.29,0.46873274556950756,0.0014827386475866219,235,-43.77700000000006,-0.18628510638297896,0.9579373475268482,341.48900000000003,-0.12819446600036913,0.5470181982821548,-0.23267972056866093
A_both,30,6,163,14.926000000000016,0.09157055214723936,1.0186595992049106,237.62599999999986,0.0628129918443269,0.16490508327333744,0.08888994769910563,72,-79.915,-1.1099305555555556,0.8133533569069652,221.668,-0.3605166284714077,0.44053612680916476,235,-64.989,-0.2765489361702128,0.9470804643375959,409.2879999999998,-0.15878550067434188,0.34877589686838956,-0.3130914468021628
A_both,30,8,163,91.57899999999995,0.5618343558282206,1.0972258790555462,176.94699999999997,0.5175504529604907,0.5912763234078807,0.4851270200367935,72,-149.13500000000005,-2.071319444444445,0.740061561844206,255.53499999999994,-0.5836186823722781,0.6287706355063547,235,-57.55600000000004,-0.2449191489361704,0.9620255837091891,392.852,-0.14650809974239673,0.12088919568536051,-0.24280778629866315
A_both,30,10,163,162.2419999999999,0.9953496932515331,1.155951388828812,132.795,1.2217478067698326,0.787794691184749,0.7963579536664601,72,-166.276,-2.309388888888889,0.7495020955675207,286.18899999999996,-0.5810006673911298,0.6976102904274616,235,-4.034000000000049,-0.017165957446808718,0.997632794423394,396.221,-0.010181186761933489,0.010341286148971968,-0.015645826079736642
A_both,30,12,163,82.44899999999998,0.5058220858895704,1.0657786507593956,116.268,0.7091289090721435,0.7507505473857051,0.3612062189338276,72,-79.57200000000002,-1.1051666666666669,0.8810426483603224,262.44,-0.3032007315957934,0.48582681450108184,235,2.8769999999999953,0.012242553191489342,1.0014966111666856,330.35,0.008708945058271515,0.03713488084796641,0.010225326855807073
A_both,30,15,163,128.99500000000006,0.7913803680981599,1.0907382865696504,248.33300000000003,0.5194436502599334,0.6788992217143259,0.509648420217558,72,7.077999999999996,0.0983055555555555,1.0101244167517756,251.67299999999997,0.028123795560111717,0.1852632043168291,235,136.07300000000004,0.5790340425531917,1.0641636464631312,420.09499999999997,0.3239100679608185,0.00020296158444756251,0.44042357722556524
A_both,30,20,163,227.63299999999998,1.396521472392638,1.1408674966907746,234.67000000000007,0.9700132100396297,0.8310758928457054,0.7900600959081792,72,30.23100000000001,0.4198750000000001,1.037785821598826,231.71699999999998,0.13046517950776168,0.04918369709472742,235,257.864,1.0972936170212766,1.1067318322565534,401.0110000000001,0.6430347297206309,0.157826052322709,0.7350237125586669
A_both,30,25,163,326.866,2.005312883435583,1.1894245045416774,285.3589999999998,1.145455373757268,0.8541567307522311,1.040415185489287,72,186.279,2.5872083333333333,1.2328307056203145,229.87,0.8103667290207508,0.18281215235468293,235,513.1450000000001,2.1835957446808516,1.203174566722996,410.6389999999998,1.2496255835417494,0.4790174660253825,1.3436502288978724
A_both,30,30,163,114.92200000000008,0.7050429447852766,1.0596905618668506,345.6229999999999,0.332506806549333,0.7252533420753512,0.3406661870428044,72,91.28000000000002,1.267777777777778,1.09776138425322,227.947,0.4004439628510137,0.010954296385321883,235,206.2020000000002,0.877455319148937,1.0721238699712279,452.7139999999999,0.4554796184787752,0.11554617388636322,0.49852478977892317
A_both,30,40,163,-200.03499999999997,-1.227208588957055,0.9073749514382381,604.514,-0.33090217927128235,0.2285138908402547,-0.5507870592149855,72,122.32800000000005,1.6990000000000007,1.1228572691153489,244.202,0.5009295583164759,0.01703716693620329,235,-77.707,-0.33066808510638296,0.9753726492427219,703.2860000000001,-0.11049132216480918,0.12051177851585963,-0.1725000851777802
A_both,30,50,163,-80.68100000000004,-0.4949754601226996,0.9626411300871771,581.8710000000001,-0.13865788121422107,0.4585321725751279,-0.20972388810461937,72,137.80300000000003,1.913930555555556,1.1343381504242573,228.609,0.6027890415512951,0.03938915908364816,235,57.1219999999999,0.2430723404255315,1.0179323685814057,688.02,0.08302374930961295,0.00012629850195610074,0.11961072557045267
A_both,40,3,163,-82.891,-0.5085337423312883,0.8453243316875101,221.08199999999994,-0.3749332826733973,0.08584448259877749,-0.5763175549910826,72,-19.162999999999997,-0.26615277777777774,0.9150602596550639,169.844,-0.1128270648359671,0.4312300864377223,235,-102.05399999999999,-0.43427234042553187,0.8659845123301236,333.7399999999999,-0.30578893749625463,0.4611404127150155,-0.5892427989358446
A_both,40,4,163,-72.577,-0.44525766871165645,0.8894236629125837,273.462,-0.26540067724217625,0.0015411709933793108,-0.44525593143807835,72,48.794,0.6776944444444444,1.2162787502160834,151.511,0.32204922414874165,0.08847413031721482,235,-23.782999999999973,-0.10120425531914883,0.9730338938658146,350.183,-0.06791591824845859,0.4318028623543566,-0.12465961263253024
A_both,40,5,163,12.579000000000008,0.07717177914110435,1.0180330642016655,264.79200000000003,0.047505211637813856,0.14889820940162843,0.07320341172961159,72,68.16399999999997,0.9467222222222218,1.2566154796010949,132.281,0.5152969814259037,0.03726490114727714,235,80.743,0.34358723404255315,1.0838296931307683,350.50800000000004,0.23035993472331584,0.18334241432357246,0.39645890634277325
A_both,40,6,163,129.17700000000002,0.7924969325153376,1.1770738949073964,197.06799999999984,0.6554945501045331,0.5015692964797817,0.7195483311906079,72,-20.05000000000001,-0.2784722222222224,0.948933720808808,208.304,-0.09625355250019207,0.07439212739074072,235,109.12699999999998,0.46437021276595736,1.0972493530195984,353.1149999999999,0.3090409639919007,0.027783567084186004,0.48922930598264464
A_both,40,8,163,196.422,1.205042944785276,1.2196116752347368,175.59499999999997,1.118608160824625,0.7233214019629615,0.9649078480440457,72,-88.60999999999999,-1.2306944444444443,0.8375877724359267,274.24999999999994,-0.32309936189608024,0.25387974495621185,235,107.81199999999995,0.4587744680851062,1.0748698083949022,412.2249999999999,0.26153678209715564,0.002389331961043505,0.419018187275039
A_both,40,10,163,300.95199999999994,1.8463312883435579,1.3095854082807243,164.13499999999993,1.833563834648308,0.8448812138922507,1.3954687298226136,72,-94.38099999999999,-1.310847222222222,0.8506977016421812,249.60400000000004,-0.3781229467476482,0.3566027581728521,235,206.57100000000005,0.8790255319148939,1.1287640407415256,379.72599999999983,0.5440001474747586,0.15776832826109582,0.7498832289049288
A_both,40,12,163,208.399,1.2785214723926381,1.1718602976891934,188.09799999999996,1.1079277823262346,0.8293246062280979,0.8488412741175554,72,-52.246999999999986,-0.7256527777777776,0.9230923224802644,288.44500000000005,-0.1811333183102497,0.21689118313739875,235,156.152,0.6644765957446808,1.0825347762154893,410.59499999999997,0.3803066281859253,0.0392580713224335,0.510703520068081
A_both,40,15,163,227.13899999999995,1.393490797546012,1.1588397944598134,281.195,0.8077632959334269,0.7236746932741708,0.8220923068703395,72,31.973,0.4440694444444444,1.0444466377612232,313.601,0.10195439427807947,0.044729933850210686,235,259.11199999999997,1.1026042553191489,1.1205539361991674,488.72499999999997,0.5301795488260269,0.017289969732674736,0.7652154910358974
A_both,40,20,163,403.963,2.4783006134969328,1.2516000488298278,337.24599999999987,1.197828884553116,0.8818919143197216,1.29298247726203,72,55.195999999999984,0.7666111111111109,1.0667604444729353,333.164,0.16567216145802063,0.0024837883140389786,235,459.1589999999999,1.9538680851063825,1.188771531105888,554.2839999999999,0.8283822011820655,0.23138803544236364,1.2030033016059292
A_both,40,25,163,576.559,3.537171779141104,1.3397092763253635,340.87199999999996,1.6914237602384474,0.9309457282616527,1.7025294132012805,72,221.154,3.0715833333333333,1.2674892988072963,298.76,0.7402396572499665,0.19233554685322532,235,797.713,3.394523404255319,1.316052361538675,487.8220000000001,1.635254252575734,0.6025163756667653,1.934699508359043
A_both,40,30,163,281.2449999999999,1.72542944785276,1.1429076650174617,407.0039999999999,0.6910128647384299,0.8111738872081021,0.7644556208139476,72,96.77500000000008,1.3440972222222234,1.0967917449718803,304.44100000000003,0.31787768401759314,0.01962736982355494,235,378.02000000000004,1.6085957446808512,1.1273718380266362,545.9689999999999,0.6923836335030013,0.20891721494933102,0.8362921562572029
A_both,40,40,163,-35.061999999999955,-0.21510429447852733,0.9841162770785946,593.0539999999999,-0.05912109183986612,0.5863688481862523,-0.08848417609751441,72,113.59300000000002,1.5776805555555558,1.1060183098184044,317.247,0.358058547440953,0.006057575477421084,235,78.531,0.3341744680851064,1.0239506731599726,704.281,0.11150520885839603,0.004890966667294581,0.16027922533014188
A_both,40,50,163,53.48499999999993,0.3281288343558278,1.0240156760827035,620.7710000000002,0.08615898616397981,0.6725500108881088,0.1281094608481163,72,118.72800000000004,1.6490000000000005,1.1067806350825218,302.967,0.39188426462287984,0.012457400579541075,235,172.21300000000002,0.7328212765957448,1.0515766220401839,762.3650000000001,0.22589310894387857,0.010082386802382836,0.33313638419467273
All_four,2,3,310,-283.32599999999996,-0.9139548387096773,0.4659144033418287,286.32900000000006,-0.9895120647925983,0.9896742191968323,-5.8062025207972905,145,-107.354,-0.7403724137931035,0.526591053411416,111.51300000000006,-0.9627038999937222,0.9620984139054547,455,-390.68,-0.8586373626373627,0.4840846424458835,393.683,-0.992372035368558,0.9940460561307274,-6.945493161548198
All_four,2,4,310,-267.488,-0.8628645161290323,0.5130907111742958,267.4879999999999,-1.0000000000000004,0.9911139772703029,-5.039062933021694,145,-99.753,-0.687951724137931,0.5792042453745498,105.98300000000005,-0.9412169876300912,0.9492382119403161,455,-367.241,-0.8071230769230769,0.5330200135551495,369.80099999999965,-0.993077357822181,0.9944970117036506,-5.934071163167249
All_four,2,5,310,-226.12400000000002,-0.7294322580645162,0.5932363152308826,226.1239999999999,-1.0000000000000004,0.9820699207800098,-3.8735266026101582,145,-95.292,-0.6571862068965517,0.6112831181545617,100.39500000000001,-0.9491707754370237,0.9351022527620941,455,-321.416,-0.7064087912087912,0.5987591363888871,324.41599999999994,-0.9907526139277966,0.9919974498494091,-4.7174869511851245
All_four,2,6,310,-209.774,-0.6766903225806452,0.6316316281160662,209.774,-1.0,0.9696253264198608,-3.3139804094061716,145,-77.178,-0.5322620689655172,0.6877596844341055,95.58500000000002,-0.8074279437150178,0.8926419150901578,455,-286.952,-0.6306637362637363,0.6486200212332682,299.25899999999996,-0.9588750881343586,0.9857792555310898,-3.860490958742248
All_four,2,8,310,-166.608,-0.5374451612903226,0.7140341391828223,183.595,-0.9074756937825105,0.9343012781405367,-2.2941660696369177,145,-67.83999999999999,-0.4678620689655172,0.7365181085542286,100.095,-0.6777561316749088,0.8295713048039166,455,-234.44799999999998,-0.5152703296703296,0.7209251389732055,280.18999999999994,-0.8367464934508727,0.9727784820330011,-2.7337564795200358
All_four,2,10,310,-147.42899999999997,-0.4755774193548386,0.7524988668222339,158.07200000000006,-0.932669922566931,0.8911853781615944,-1.8411931895646547,145,-48.80499999999999,-0.33658620689655167,0.8136964861718168,94.89500000000002,-0.5143052847884502,0.601018368280983,455,-196.23399999999998,-0.4312835164835164,0.7711917074279849,252.9569999999999,-0.7757603070877661,0.9472312933588304,-2.055082904744745
All_four,2,12,310,-180.76199999999997,-0.5831032258064516,0.7052907197602701,191.00499999999994,-0.946373131593414,0.9141058059313739,-2.1506479269666463,145,-34.205,-0.23589655172413793,0.871735258273179,97.50500000000001,-0.3508025229475411,0.45493888234656055,455,-214.96699999999998,-0.472454945054945,0.7557282007926983,288.5099999999999,-0.7450937575820598,0.9515438658011324,-2.099462620043165
All_four,2,15,310,-152.35899999999998,-0.49148064516129025,0.7549071967929888,181.96200000000002,-0.8373121860608257,0.8739609887529962,-1.6176617049624775,145,21.509000000000004,0.14833793103448278,1.0806562294928284,72.04100000000001,0.29856609430740827,0.0075128621980650135,455,-130.85,-0.2875824175824176,0.8526983169220759,253.42299999999992,-0.5163304041069675,0.9079001206775641,-1.1118741240199772
All_four,2,20,310,-118.26899999999998,-0.3815129032258064,0.8128127858795673,154.32500000000002,-0.7663631945569412,0.7755790456858648,-1.076833215989426,145,5.838000000000001,0.04026206896551725,1.0210543778535932,99.04200000000002,0.05894469013145938,0.07414324803429484,455,-112.43099999999998,-0.24710109890109885,0.8763276808813951,247.7069999999999,-0.4538870520413231,0.8615880140315912,-0.8288862420091039
All_four,2,25,310,-110.335,-0.3559193548387097,0.8270987982242115,156.408,-0.7054306685080047,0.5829337960231978,-0.9115344610586682,145,61.60800000000002,0.4248827586206898,1.2221853564241456,93.20200000000003,0.6610158580287977,0.06469193821413646,455,-48.727000000000004,-0.1070923076923077,0.9467709392727498,238.92999999999995,-0.2039383919976563,0.7378819004457179,-0.31681315287896367
All_four,2,30,310,-65.969,-0.21280322580645158,0.8970030991654893,111.99699999999996,-0.5890247060189114,0.2172585055543617,-0.48740423976726416,145,128.564,0.886648275862069,1.463657936685396,93.03200000000001,1.3819330982887605,0.31578776575483114,455,62.59500000000001,0.1375714285714286,1.0682028423026508,184.20600000000002,0.33980977818312114,0.3455672657778145,0.355425880056973
All_four,2,40,310,-200.61400000000003,-0.6471419354838711,0.6925432378792175,230.79299999999995,-0.8692378018397442,0.8519174480427474,-1.5247357002974076,145,146.75799999999998,1.0121241379310344,1.5217283107944768,95.042,1.5441383809263272,0.33897333162823573,455,-53.855999999999995,-0.11836483516483515,0.9423251769407799,282.1109999999999,-0.19090358050554576,0.6287834824611211,-0.2911162610096799
All_four,2,50,310,-285.057,-0.9195387096774194,0.5661331933060889,292.39200000000005,-0.9749138143314453,0.792864331186772,-2.324925009571145,145,116.818,0.8056413793103449,1.4083231967339178,99.822,1.1702630682615054,0.19665127806452337,455,-168.23900000000006,-0.3697560439560441,0.8216119697977007,331.8539999999999,-0.5069669191873538,0.7654146931386597,-0.9140424414996756
All_four,3,3,310,-261.11,-0.8422903225806452,0.5905370799872666,264.1130000000001,-0.9886298667615752,0.9691647702972551,-4.298971607058292,145,-102.85300000000001,-0.7093310344827587,0.6299559629858821,118.78800000000003,-0.8658534532107619,0.9009209694721767,455,-363.96299999999997,-0.7999186813186813,0.6025029569578336,379.2820000000001,-0.9596105272594003,0.9869960822310963,-5.128937645517554
All_four,3,4,310,-220.986,-0.712858064516129,0.6695304193341438,225.01900000000006,-0.9820770690475024,0.9561904649054318,-3.2953043422893815,145,-110.60000000000001,-0.7627586206896553,0.6383670933673388,127.32000000000002,-0.8686773484134463,0.909235412027151,455,-331.586,-0.7287604395604396,0.6597505689875612,349.409,-0.948991010534932,0.9812839281383314,-4.217246625185707
All_four,3,5,310,-159.926,-0.5158903225806452,0.7664986625862894,165.72799999999998,-0.9649908283452404,0.9047212500661581,-2.1657557989147773,145,-104.92599999999999,-0.7236275862068965,0.6739150027192916,118.18900000000002,-0.8877814348204991,0.8925611820572816,455,-264.852,-0.5820923076923077,0.7369052101017306,282.734,-0.936753273394781,0.962217204191835,-3.056368025841444
All_four,3,6,310,-139.242,-0.44916774193548387,0.8048005697206913,154.82399999999996,-0.8993566888854443,0.8790759889763482,-1.7382677078312587,145,-102.915,-0.7097586206896552,0.6920141850338917,120.77200000000003,-0.8521428808001853,0.8842326841797871,455,-242.15699999999998,-0.5322131868131867,0.7688209973011597,271.8059999999999,-0.890918522769917,0.9528750440262382,-2.581052751659025
All_four,3,8,310,-70.244,-0.22659354838709678,0.9055610154839383,130.74300000000005,-0.537267769593783,0.6391060489208894,-0.7581803455361126,145,-100.606,-0.6938344827586207,0.7170029985766607,125.27100000000002,-0.8031068643181581,0.8268473327015967,455,-170.85,-0.37549450549450547,0.8445836232892602,231.572,-0.7377834971412779,0.8622122438326355,-1.5766042640806797
All_four,3,10,310,-59.86,-0.1930967741935484,0.9230974783783924,111.084,-0.5388714846422527,0.15649274894497847,-0.5854696366571244,145,-106.732,-0.7360827586206896,0.7123994912587037,144.902,-0.736580585499165,0.7658755078150951,455,-166.59199999999998,-0.3661362637362637,0.8550743801652891,248.29000000000008,-0.6709573482621126,0.7128320382614629,-1.3955168058864864
All_four,3,12,310,-116.23200000000001,-0.374941935483871,0.8575750557840833,154.755,-0.751071047785209,0.6063026594577926,-1.0782384610311808,145,-84.029,-0.5795103448275862,0.7772467122092948,139.17899999999997,-0.6037476918213237,0.6201945506630189,455,-200.26100000000002,-0.440134065934066,0.832181925750133,278.9950000000001,-0.7177942257029694,0.8538467374758996,-1.566750982557012
All_four,3,15,310,-17.556999999999995,-0.05663548387096773,0.9788083578861225,121.486,-0.14451870997481187,0.00220658527333187,-0.1406833634869637,145,-49.682,-0.3426344827586207,0.8703831734494482,116.63199999999998,-0.4259722889087044,0.2931012960076013,455,-67.23900000000002,-0.147778021978022,0.9445124799263233,225.09199999999998,-0.29871785758712005,0.5056684016626245,-0.45519277065965513
All_four,3,20,310,112.33800000000002,0.36238064516129037,1.1335009750712144,110.05900000000001,1.0207070752959777,0.6486281447474017,0.752920437539119,145,-55.448999999999984,-0.38240689655172405,0.8610784714097094,156.512,-0.3542795440605192,0.19778087347170467,455,56.888999999999996,0.12503076923076922,1.045855446004243,208.84700000000012,0.27239558145436593,0.07823890148259643,0.32581600252655907
All_four,3,25,310,102.15500000000003,0.32953225806451625,1.1192164194345346,112.80499999999998,0.9055892912548207,0.6478739574560496,0.6269866183342796,145,-13.068999999999988,-0.09013103448275854,0.9675020949946412,150.44200000000004,-0.08687068770689027,0.01700852918072763,455,89.08600000000003,0.19579340659340666,1.0707573095606482,194.00600000000006,0.4591919837530798,0.19584414129527006,0.4603480160684742
All_four,3,30,310,157.86800000000005,0.509251612903226,1.1822495235038712,102.828,1.535262768895632,0.7382232803074203,0.8726974831266726,145,30.786999999999992,0.21232413793103444,1.0759855763891115,145.00900000000001,0.21231096000937866,0.005417637972935396,455,188.65500000000003,0.41462637362637367,1.1483850720629736,183.693,1.027012461008313,0.5357126175707707,0.8703213710391046
All_four,3,40,310,-37.447,-0.1207967741935484,0.9582682325041288,213.86399999999998,-0.17509725807054954,0.00022007583013978216,-0.20315755072257405,145,65.55099999999999,0.45207586206896544,1.160597693602405,140.798,0.4655676927229079,0.07538708221022483,455,28.103999999999957,0.06176703296703287,1.0215274665931315,213.86399999999998,0.1314106160924698,0.004624663642429572,0.1219823377599993
All_four,3,50,310,-67.13699999999997,-0.2165709677419354,0.9257172193497921,220.354,-0.30467792733510607,0.010985803734635266,-0.3487470008119603,145,44.39099999999999,0.3061448275862068,1.107170534681767,140.798,0.3152814670662935,0.03113101906907197,455,-22.745999999999952,-0.049991208791208684,0.9827421905111642,220.354,-0.10322481098595873,0.0005048039367011141,-0.09368965962080149
All_four,4,3,309,-298.18100000000004,-0.9649870550161813,0.5976431885098356,305.4660000000001,-0.9761511919493493,0.9548807665367591,-4.258968299086756,145,-81.43299999999999,-0.5616068965517241,0.7323818224839626,105.46900000000002,-0.7721036513098634,0.7862343823418123,454,-379.614,-0.8361541850220264,0.6368629791825702,410.93499999999995,-0.9237811332692519,0.9759698052513369,-4.595153784551803
All_four,4,4,309,-223.121,-0.722074433656958,0.7103114734942417,239.2160000000001,-0.9327177111898867,0.944070968050024,-2.8799256442104917,145,-83.91299999999998,-0.5787103448275861,0.7543444149091889,110.52800000000006,-0.7592012883613196,0.7988234551978313,454,-307.034,-0.6762863436123348,0.7238401220365569,349.7439999999999,-0.8778821080561784,0.9756586456852426,-3.3428401266824075
All_four,4,5,309,-181.38100000000003,-0.5869935275080908,0.7755318990951032,207.333,-0.8748293807546316,0.8785424536795371,-2.1452258210492454,145,-77.56,-0.534896551724138,0.7885582650654962,107.38000000000005,-0.722294654498044,0.6446178510069663,454,-258.941,-0.5703546255506607,0.7795989830303619,309.41999999999985,-0.8368592851140848,0.9497903362730025,-2.574435931212159
All_four,4,6,309,-139.086,-0.450116504854369,0.834580743070067,188.58100000000007,-0.7375398369931221,0.8414653747738247,-1.5139134918742034,145,-117.75899999999999,-0.8121310344827585,0.7087494620624155,147.31599999999992,-0.7993632735072908,0.812140682931173,454,-256.84499999999997,-0.565737885462555,0.7937205000919584,323.6789999999999,-0.7935176517475648,0.9392100738062832,-2.3670396301239642
All_four,4,8,309,-74.52200000000002,-0.24117152103559877,0.9166839026037258,138.744,-0.5371187222510524,0.7461164606521897,-0.7057249490159426,145,-117.936,-0.8133517241379311,0.7304886743816157,150.38099999999997,-0.7842480100544619,0.7712298525599531,454,-192.458,-0.42391629955947135,0.855516459328204,268.619,-0.7164720291565376,0.8938189901981114,-1.5450405648098444
All_four,4,10,309,-64.059,-0.20731067961165048,0.9322593641840383,129.62999999999997,-0.49416801666280963,0.20892415945880813,-0.5494851467225534,145,-112.75899999999999,-0.7776482758620689,0.7539511956690138,162.77899999999997,-0.6927122048912944,0.600553374482357,454,-176.81799999999996,-0.3894669603524228,0.8740549742508531,263.352,-0.6714131656490172,0.7287432556487631,-1.2848175591625965
All_four,4,12,309,-116.43700000000003,-0.3768187702265373,0.8834518130296304,165.41900000000004,-0.7038913305001239,0.6502444891888824,-0.9374847395563162,145,-75.75900000000001,-0.5224758620689656,0.8376044192073465,154.739,-0.48959215194618044,0.33162829074399225,454,-192.196,-0.4233392070484581,0.8688578729559789,288.3449999999999,-0.6665487523626213,0.8510533646531847,-1.2931457208942527
All_four,4,15,309,-44.06599999999998,-0.14260841423948215,0.9571279856010118,132.13,-0.3335048815560432,0.14908377027042397,-0.31313222185723094,145,-40.07199999999999,-0.2763586206896551,0.9163125040463297,152.656,-0.26249868986479397,0.1089665814833071,454,-84.13799999999998,-0.18532599118942727,0.9441566518150182,267.147,-0.31495019595952783,0.6628497035201921,-0.4991748580836817
All_four,4,20,309,114.73500000000001,0.37131067961165054,1.1094203444497321,134.82999999999998,0.8509604687384116,0.5320742410811129,0.6843919918411973,145,8.951999999999998,0.061737931034482746,1.01804915127455,174.629,0.05126296319626178,0.014028602001305995,454,123.68700000000003,0.2724383259911895,1.0800796348451005,237.23800000000003,0.5213625135939437,0.00814465760895922,0.61564364808032
All_four,4,25,309,83.83399999999997,0.27130744336569573,1.0781504317039021,134.48099999999997,0.6233891776533488,0.46348348477304696,0.46193579276736335,145,61.84100000000004,0.42648965517241405,1.122666566165284,164.829,0.3751827651687509,0.11838215224240282,454,145.67500000000004,0.3208700440528635,1.0923826706788473,201.16699999999992,0.7241495871589282,0.07747910805226202,0.6573866083081329
All_four,4,30,309,146.422,0.4738576051779935,1.1348989331318753,106.65,1.372920768870136,0.6942515809162505,0.7328367198462544,145,105.09700000000004,0.7248068965517244,1.2051597890951824,155.68900000000002,0.6750444796999148,0.27592539438228814,454,251.51900000000003,0.5540066079295155,1.157426758273982,180.072,1.396769070149718,0.5969471596427797,1.0229345588602052
All_four,4,40,309,0.83299999999997,0.0026957928802588027,1.0007440236944303,201.317,0.004137752897171973,0.004684172727323728,0.003933542180061568,145,197.63100000000003,1.3629724137931036,1.3825913400018197,146.062,1.3530623981596857,0.5148838378799855,454,198.464,0.4371453744493392,1.1212996142767124,201.317,0.9858283205094452,0.18677855297821436,0.727730672331807
All_four,4,50,309,16.543000000000063,0.053537216828479166,1.0146682768698219,198.98199999999997,0.08313817330210806,0.06125572822248418,0.07237359528837486,145,141.64100000000002,0.9768344827586208,1.2678186847782724,145.475,0.9736449561780376,0.2994996720482577,454,158.18400000000008,0.34842290748898697,1.0954827042326294,198.98199999999997,0.7949663788684409,0.2637458710366932,0.5420847181707859
All_four,5,3,308,-306.341,-0.9946136363636364,0.6214876768285827,321.63300000000004,-0.9524551274278447,0.9535656554931059,-3.9058345309692655,145,-64.03399999999999,-0.4416137931034482,0.8011193519933412,99.03999999999998,-0.6465468497576737,0.6504758102195356,453,-370.375,-0.8176048565121413,0.6726114446995096,420.6730000000001,-0.8804344467080129,0.9696942950856734,-3.9909298922227268
All_four,5,4,308,-266.153,-0.864133116883117,0.6954509826358098,291.80100000000004,-0.9121044821642146,0.9444482199490778,-3.072164004679199,145,-82.96700000000001,-0.5721862068965519,0.7806973953404771,120.07199999999999,-0.6909770804184158,0.7701562344962316,453,-349.12,-0.7706843267108168,0.7212051616015052,411.34699999999987,-0.8487238268420582,0.9726592368229251,-3.38575850336977
All_four,5,5,308,-232.774,-0.7557597402597402,0.7486594754516106,271.60799999999995,-0.8570218844805751,0.9062614242848076,-2.475299934136551,144,-58.736000000000004,-0.4078888888888889,0.8525625095700325,101.19499999999996,-0.5804239339888336,0.40980907371403197,452,-291.51000000000005,-0.6449336283185841,0.7799108952827046,359.2610000000001,-0.8114156560272336,0.9453736490966549,-2.5952814607903276
All_four,5,6,308,-197.28899999999996,-0.6405487012987011,0.7970029252552524,242.91800000000003,-0.8121629521072952,0.8891962517418928,-1.9401947421304386,144,-96.149,-0.6677013888888889,0.7835617795166051,138.846,-0.6924866398743932,0.6763555181585872,452,-293.438,-0.6491991150442478,0.7927864564576015,370.437,-0.7921400939970898,0.9544630272240102,-2.4226516559480915
All_four,5,8,308,-146.887,-0.47690584415584414,0.8598574980488984,203.659,-0.7212399157415091,0.8771756524862345,-1.2666431490094416,144,-84.284,-0.5853055555555556,0.8262769419762019,135.31899999999996,-0.6228541446507884,0.516900073372645,452,-231.171,-0.5114402654867256,0.8492319451845022,315.18600000000004,-0.7334431097827948,0.942172148892832,-1.6700565109799648
All_four,5,10,308,-98.303,-0.3191655844155844,0.9109680726579792,167.26100000000002,-0.5877221826965041,0.5391239108828837,-0.7622382516013574,144,-110.22399999999998,-0.7654444444444443,0.7907923107291446,167.68400000000003,-0.6573316476229095,0.5371087751146874,452,-208.52700000000004,-0.4613429203539824,0.8721474485529087,291.03300000000013,-0.7165063755656573,0.8260404328855933,-1.3603540507219472
All_four,5,12,308,-122.649,-0.398211038961039,0.8947034502178921,219.95899999999997,-0.5575993707918294,0.7696540845648558,-0.8841633406618957,144,-79.361,-0.5511180555555556,0.8539289237701176,154.32099999999997,-0.5142592388592611,0.35375741426919766,452,-202.01000000000005,-0.44692477876106207,0.8817340905099234,310.02200000000005,-0.6515989187864087,0.8949522093242624,-1.214757484389888
All_four,5,15,308,-42.794,-0.13894155844155842,0.9645163724346424,158.46900000000002,-0.27004650751882064,0.29261337317341596,-0.27366555813035914,144,-49.377,-0.34289583333333334,0.9123906146869077,147.97699999999992,-0.3336802340904332,0.21064523817150416,452,-92.17100000000003,-0.20391814159292043,0.9479149537331354,263.70799999999997,-0.3495191651371974,0.7286258139151339,-0.49192911245906723
All_four,5,20,308,102.04300000000003,0.3313084415584417,1.0821126899966929,162.72899999999998,0.6270732321835693,0.30396573578318614,0.5563745409876143,144,21.227000000000018,0.14740972222222234,1.0363454867353614,160.48699999999994,0.1322661648607054,0.04397837751821403,452,123.27000000000007,0.2727212389380532,1.0674803873320586,261.25999999999993,0.4718288295184877,0.01974866529012443,0.5577647218205796
All_four,5,25,308,94.75200000000001,0.30763636363636365,1.0744075010601373,149.489,0.633839279144285,0.2623497663129694,0.4738211567012681,144,96.786,0.672125,1.1627547193924739,140.39699999999996,0.6893737045663371,0.29397822086572123,452,191.53800000000004,0.42375663716814166,1.1025312430744922,198.21099999999998,0.9663338563450063,0.06116282526027798,0.780347322270644
All_four,5,30,308,165.412,0.5370519480519481,1.128359990284459,133.73499999999999,1.2368639473585825,0.7073072048520233,0.7561980302150403,144,127.09200000000001,0.8825833333333334,1.2081994122214685,120.01400000000001,1.0589764527471794,0.3879431319313716,452,292.5039999999999,0.6471327433628317,1.1540231616073164,142.017,2.0596407472344853,0.7024699074819912,1.0827580251233724
All_four,5,40,308,-27.833,-0.09036688311688311,0.9792032948353068,248.13299999999998,-0.1121696831940935,0.1531759199332956,-0.12078391244808329,144,241.11599999999999,1.6744166666666667,1.391667505937162,109.349,2.2050133060201738,0.6654331931935152,452,213.28300000000002,0.47186504424778764,1.1091547331534926,248.13299999999998,0.8595511278225791,0.14644901649422148,0.7150744364098832
All_four,5,50,308,-16.559999999999974,-0.053766233766233684,0.9877191147973545,244.69299999999998,-0.06767663970771529,0.00011082022576806294,-0.06700884084816995,144,188.99900000000002,1.3124930555555556,1.3020823010801497,120.68599999999999,1.5660391428997567,0.6413741971259728,452,172.43899999999996,0.3815022123893805,1.0873510896914076,244.69299999999998,0.7047157049854307,0.2753876084715937,0.5452245890093939
All_four,6,3,307,-262.216,-0.8541237785016287,0.6834008067836476,287.4060000000001,-0.9123539522487348,0.9413003288890258,-3.066010787328463,145,-63.40700000000001,-0.43728965517241386,0.8149700161956315,105.21299999999997,-0.6026536644711208,0.5051503705516066,452,-325.62300000000005,-0.7204048672566373,0.72190651389686,389.6090000000003,-0.8357686809082947,0.964691446676772,-3.2117277375286815
All_four,6,4,307,-231.61499999999998,-0.7544462540716612,0.7470841764224775,261.9540000000002,-0.8841819556105264,0.9281217482282175,-2.44586984285145,145,-75.377,-0.5198413793103448,0.8136700161914295,123.81700000000001,-0.6087774699758514,0.578456954550339,452,-306.99199999999996,-0.6791858407079645,0.7674856132707826,381.6610000000002,-0.8043577939585125,0.9634457233590129,-2.7146851055271752
All_four,6,5,307,-179.977,-0.5862442996742672,0.8146141834153255,236.02900000000002,-0.7625207072012337,0.8296243330967865,-1.751528337937938,144,-60.45899999999998,-0.41985416666666653,0.8612950293886878,133.44399999999996,-0.45306645484248076,0.15810117161341616,451,-240.43600000000004,-0.5331175166297119,0.8290787129648981,355.118,-0.6770594562934011,0.9138107939644451,-1.9536972576885576
All_four,6,6,307,-147.562,-0.4806579804560261,0.8570678579454315,209.80600000000013,-0.7033259296683599,0.7735641980477658,-1.327134518900854,144,-99.359,-0.6899930555555556,0.7976667087519804,147.694,-0.6727355207388249,0.4566885355563222,451,-246.921,-0.5474966740576497,0.837920704082423,345.3500000000001,-0.714987693644129,0.9082644956864372,-1.8553422849622623
All_four,6,8,307,-103.462,-0.3370097719869707,0.9089093812895421,152.23399999999998,-0.6796247881550772,0.6920057533568668,-0.815505268094435,144,-82.03099999999998,-0.569659722222222,0.8482096431869108,143.10899999999998,-0.5732064370514781,0.32095385945662236,451,-185.49300000000002,-0.4112926829268293,0.8893396339539099,277.46799999999996,-0.668520333876339,0.8695672388431589,-1.219676410487153
All_four,6,10,307,-3.007000000000019,-0.009794788273615698,0.9974754831381247,135.52999999999997,-0.022186969674610934,0.005999736956917099,-0.021208150811211024,144,-150.69,-1.0464583333333333,0.7522251070008041,207.70999999999998,-0.7254826440710607,0.5595315438953417,451,-153.697,-0.3407915742793792,0.914579178921487,301.6549999999999,-0.5095125225837465,0.5604912510590365,-0.911407565173027
All_four,6,12,307,14.675999999999966,0.04780456026058621,1.011661316466961,175.426,0.0836592067310431,0.0008095924728964748,0.09512250915359424,144,-113.31699999999995,-0.7869236111111108,0.8191595131285182,190.9469999999999,-0.5934473963979534,0.36319952922269394,451,-98.64099999999999,-0.2187161862527716,0.9476742489787193,301.26199999999983,-0.3274259614554774,0.5478157592004805,-0.5356721223905391
All_four,6,15,307,143.024,0.4658762214983713,1.1093470705254354,163.2660000000001,0.8760182769223225,0.5484621174549755,0.8182049944211024,144,-75.35299999999998,-0.5232847222222221,0.8842361580532169,181.043,-0.4162160370740651,0.1951209563563723,451,67.67100000000002,0.15004656319290471,1.0345453728670448,304.23200000000014,0.22243222277735408,0.06972013468965006,0.32510589033309384
All_four,6,20,307,293.67900000000003,0.9566091205211728,1.2140236703639464,163.01599999999996,1.8015348186681068,0.7261915342873833,1.4352527702387197,144,2.6410000000000764,0.01834027777777831,1.0039096386433954,202.63199999999998,0.013033479410952252,0.03150993929804404,451,296.32000000000005,0.657028824833703,1.1447094042555273,325.6729999999999,0.909869715942065,0.13048179483056335,1.2129206568710669
All_four,6,25,307,332.18399999999997,1.082032573289902,1.2348380091111921,144.336,2.3014632524110405,0.8347840181539206,1.4650212378964251,144,92.07000000000002,0.6393750000000001,1.1338907874645532,182.602,0.50421134489217,0.28855685920959273,451,424.254,0.9406962305986697,1.2018167858607325,252.60399999999993,1.6795220978290135,0.5041751752469417,1.5500182068282178
All_four,6,30,307,282.663,0.9207263843648209,1.1938993621817253,130.49600000000015,2.1660663928396247,0.8931879471327479,1.1685298570059912,144,134.226,0.932125,1.1901218130311617,161.89899999999997,0.8290724464017691,0.42807442489366315,451,416.88899999999995,0.9243658536585365,1.1926668213341274,186.95100000000005,2.229937256286406,0.7728083772804729,1.4078583697654525
All_four,6,40,307,108.74800000000002,0.354228013029316,1.071393073529981,224.454,0.48450016484446706,0.2737107235090767,0.41839582163272,144,277.96,1.9302777777777775,1.3903110299796395,131.95800000000003,2.1064278027857344,0.7097814304234646,451,386.70799999999997,0.8574456762749445,1.1729943781345356,224.454,1.7228830851755814,0.5807037586717738,1.1688615104457205
All_four,6,50,307,175.827,0.5727263843648208,1.1145013411791826,215.69400000000005,0.8151687112297976,0.590746486284046,0.6177922247173427,144,197.43300000000005,1.3710625000000003,1.2703487655588876,143.29500000000002,1.3778080184235322,0.6225392015618567,451,373.2600000000001,0.827627494456763,1.164730773355506,220.72200000000007,1.6910865251311604,0.7257570774885502,1.050371715427644
All_four,8,3,306,-297.25800000000004,-0.9714313725490197,0.6787250944344471,342.42900000000003,-0.8680865230456533,0.8869049388913076,-2.9840117131881545,144,-68.343,-0.4746041666666667,0.817823898834593,112.41199999999996,-0.6079689001174254,0.3317433058088944,450,-365.601,-0.8124466666666667,0.7188534543018918,439.4580000000002,-0.8319361577215566,0.9423999920290337,-3.0968412561313783
All_four,8,4,306,-308.96500000000003,-1.0096895424836603,0.7096169046542687,336.20099999999996,-0.918988938164967,0.9303677381399617,-2.79789945375113,144,-89.474,-0.6213472222222223,0.8039106537042069,140.094,-0.6386711779233943,0.6300647257386921,450,-398.43899999999996,-0.8854199999999999,0.7379178745009976,455.75499999999977,-0.8742394488266726,0.9654970846031584,-3.0201839131881085
All_four,8,5,305,-242.509,-0.7951114754098361,0.7841528692807083,286.23699999999997,-0.8472314899890651,0.8976858287554872,-2.036652879381818,143,-75.79299999999998,-0.5300209790209789,0.8474904018737475,137.007,-0.5532053106775564,0.13844617546345153,448,-318.30199999999996,-0.7104955357142856,0.8035771807856124,396.9689999999998,-0.8018308734435186,0.9365638390071549,-2.2307440409460644
All_four,8,6,305,-185.623,-0.6085999999999999,0.8437721982635278,234.8960000000001,-0.7902348273278383,0.7683619553526857,-1.4484828977185118,143,-94.916,-0.6637482517482517,0.8289182208331304,138.694,-0.6843554876202287,0.37525551785093625,448,-280.539,-0.626203125,0.8390440372815133,348.85299999999995,-0.8041753976603326,0.9021921454195899,-1.8219641343950717
All_four,8,8,305,-110.154,-0.3611606557377049,0.9159147743407011,177.802,-0.6195318387869653,0.5411271990421217,-0.7573286493132916,143,-104.721,-0.7323146853146854,0.835283736469078,138.565,-0.7557536174358604,0.3974897119069442,448,-214.875,-0.47963169642857145,0.8895695022186317,289.125,-0.7431906614785992,0.8263112276043855,-1.2280028313281228
All_four,8,10,305,-51.89700000000002,-0.17015409836065581,0.9633357754013339,150.17899999999997,-0.3455676226369867,0.02400396843898258,-0.32085114758530886,143,-156.173,-1.0921188811188811,0.7819522417984092,197.80299999999997,-0.7895380757622484,0.6020604766160171,448,-208.07,-0.46444196428571427,0.9023924567246799,286.094,-0.7272784469440114,0.6230143535544287,-1.072911287713275
All_four,8,12,305,-53.77099999999997,-0.17629836065573762,0.9644775080150384,177.742,-0.302522757704988,0.02229887588186165,-0.30691100358632095,143,-105.91599999999998,-0.7406713286713286,0.856895990315254,166.20599999999993,-0.6372573793966525,0.40900377056914405,448,-159.68699999999995,-0.35644419642857134,0.929149233533731,275.5139999999999,-0.5795966811123936,0.5433770679307631,-0.7577789489871096
All_four,8,15,305,69.27999999999999,0.2271475409836065,1.0436063893934755,148.929,0.4651881097704274,0.25747799954720013,0.3523829997879807,143,-65.84700000000002,-0.4604685314685316,0.9152224209253731,168.333,-0.39117107162588455,0.06744384512802552,448,3.433000000000007,0.007662946428571444,1.0014513027270369,248.828,0.01379667883035674,0.10606621203266907,0.014543245727654605
All_four,8,20,305,134.97000000000003,0.44252459016393453,1.0792354602901015,194.40300000000002,0.6942794092683755,0.5352473014544966,0.5984624114518807,143,39.351000000000056,0.2751818181818186,1.0486365428515987,152.88500000000008,0.25738954115838725,0.3231501640905607,448,174.32100000000005,0.38910937500000015,1.069381851527988,288.198,0.6048654050340393,0.07282139197181774,0.639300242732509
All_four,8,25,305,216.57500000000002,0.7100819672131148,1.1229165342389873,137.70999999999992,1.5726889840970164,0.7660941743685372,0.8622258650689655,143,113.62000000000003,0.7945454545454548,1.1349930436167013,108.63500000000002,1.0458876052837485,0.651124927518637,448,330.195,0.7370424107142857,1.126820479474705,199.37099999999975,1.656183697729361,0.6025297446616488,1.079506053737145
All_four,8,30,305,141.66000000000003,0.4644590163934427,1.0771978162707234,155.69,0.9098850279401376,0.6666909844286775,0.5274924483813941,143,225.353,1.5758951048951049,1.2625717591432828,98.12999999999998,2.2964740650157958,0.8719483624227528,448,367.01300000000003,0.8192254464285715,1.136269951980467,155.69,2.3573318774487766,0.7801086058430259,1.1004678451088918
All_four,8,40,305,-94.90600000000006,-0.3111672131147543,0.9509361098258574,297.73699999999997,-0.3187578298968555,0.008287306912027939,-0.33110480730995867,143,326.60999999999996,2.2839860139860138,1.3664698232673158,131.07,2.4918745708400087,0.8780180965798736,448,231.70399999999992,0.5171964285714284,1.0820026274363241,297.73699999999997,0.7782170170318098,0.33109988977749216,0.6268929490409003
All_four,8,50,305,-27.644000000000034,-0.0906360655737706,0.9858969185348588,304.819,-0.09068988481689144,0.11855388002504222,-0.08799559958446279,143,301.12,2.1057342657342657,1.3316361649942787,131.07,2.2973983367666135,0.8798184979050518,448,273.476,0.6104375,1.0953501977949334,304.819,0.897175044862689,0.5146397352082949,0.6839833549163515
All_four,10,3,304,-315.121,-1.0365822368421052,0.6820219673768814,341.09000000000015,-0.9238646691489045,0.8736360931994697,-2.8031655236836306,144,-117.34,-0.8148611111111111,0.7306108205648585,143.083,-0.8200834480686036,0.5826221323233267,448,-432.46099999999996,-0.965314732142857,0.696857477921173,468.7900000000004,-0.9225047462616515,0.9408487826977763,-3.2263883940356455
All_four,10,4,304,-321.994,-1.0591907894736843,0.7184687914217067,347.21999999999997,-0.9273486550313924,0.8934411459069745,-2.590165799694256,144,-97.77099999999999,-0.6789652777777777,0.8028007373970849,142.13099999999991,-0.6878935629806309,0.5409517807385458,448,-419.765,-0.9369754464285714,0.7439711086524,468.81099999999986,-0.8953821476031921,0.9506676803011691,-2.824299318350947
All_four,10,5,302,-216.35400000000004,-0.7164039735099339,0.8181526296148117,260.16999999999996,-0.8315870392435718,0.7850140870458593,-1.6260755041685395,143,-103.96900000000001,-0.7270559440559441,0.813121354555177,155.19000000000003,-0.6699465171724982,0.11079693336420708,445,-320.32300000000004,-0.7198269662921349,0.8165495581297988,392.51999999999975,-0.8160679710588001,0.8954413178639107,-2.002690041474102
All_four,10,6,302,-205.445,-0.6802814569536424,0.8421899604409112,246.596,-0.8331238138493731,0.7997372951720758,-1.4307251405635701,143,-113.619,-0.7945384615384615,0.8160349863668451,172.76399999999998,-0.6576543724387026,0.16094475496305904,445,-319.06399999999996,-0.7169977528089887,0.8337742554945083,399.02799999999985,-0.7996030353759638,0.897412634818247,-1.8457109423967564
All_four,10,8,300,-46.068000000000026,-0.15356000000000009,0.9670722005688099,150.378,-0.30634800303235865,0.08038365062537507,-0.2851176659484873,143,-205.66400000000002,-1.4382097902097903,0.7298192743385851,218.81899999999996,-0.9398818201344492,0.5822067160292383,443,-251.73199999999997,-0.5682437923250564,0.8834719734107312,338.41799999999995,-0.7438493224355679,0.6897727737773003,-1.2872961357821302
All_four,10,10,300,-16.926000000000023,-0.056420000000000074,0.9890320950214809,145.658,-0.11620371006055297,0.041803102500331306,-0.09456416767545288,143,-171.136,-1.1967552447552448,0.789280045902907,202.366,-0.8456756569779508,0.5865115912578585,443,-188.062,-0.4245191873589165,0.9201563739848239,279.09200000000004,-0.6738351511329597,0.4790406788748285,-0.8699876943922359
All_four,10,12,300,-0.679000000000002,-0.0022633333333333403,0.9995923476632035,203.248,-0.0033407462804062133,0.007985033302861582,-0.0034876590910120483,143,-155.149,-1.084958041958042,0.8203189691812908,214.34099999999998,-0.72384191545248,0.5571724371573337,443,-155.82799999999997,-0.35175620767494353,0.9383860845580093,317.167,-0.4913121478590143,0.497668851498513,-0.6627959383801428
All_four,10,15,300,101.05199999999999,0.33684,1.0571957056242558,199.36599999999999,0.5068667676534615,0.22775923785203808,0.46676142757126665,143,-207.11399999999998,-1.4483496503496502,0.7816694882914869,281.41400000000016,-0.7359761774467506,0.597240214016431,443,-106.06199999999998,-0.23941760722347627,0.9609405900120864,398.07099999999997,-0.2664399064488496,0.34172923059867566,-0.40758606097003053
All_four,10,20,299,89.08699999999999,0.2979498327759197,1.0462520987810717,221.46699999999996,0.40225857576975355,0.2870163615842463,0.3636520488190662,143,-101.02599999999998,-0.7064755244755243,0.8978809173391988,220.12800000000007,-0.45894207006832366,0.03181012037750132,442,-11.938999999999936,-0.027011312217194425,0.9959048697714974,385.722,-0.030952343916084476,0.15270862302601199,-0.040293525838728105
All_four,10,25,299,162.469,0.5433745819397993,1.0809290333635693,190.97899999999996,0.8507165709318827,0.6491002019715981,0.5978223138669289,143,-13.089999999999947,-0.09153846153846117,0.987159528875365,186.74900000000002,-0.07009408350245487,0.16239082661163703,442,149.37900000000013,0.33796153846153876,1.0493491537115187,329.05199999999996,0.4539677619342844,0.06562139749740023,0.4520392883252073
All_four,10,30,298,113.78099999999999,0.3818154362416107,1.0545081399799652,203.918,0.5579742837807353,0.6126480482914026,0.3892812183639568,143,104.79600000000005,0.7328391608391612,1.1007961080444715,143.56200000000004,0.7299703264094957,0.6551425742103493,441,218.577,0.49563945578231294,1.0698977581756364,317.97499999999997,0.6874030977278088,0.30070234706030124,0.6060881331439465
All_four,10,40,298,-91.01499999999999,-0.30541946308724827,0.9588874705145268,350.689,-0.2595319499613617,0.002516572791079942,-0.2869821862425206,143,184.10700000000003,1.2874615384615387,1.1705826923985645,149.63,1.230415023725189,0.770361330623673,441,93.09200000000006,0.21109297052154208,1.028268933234338,350.689,0.2654545765621392,0.01996975545209695,0.23229370301062038
All_four,10,50,298,-22.595000000000027,-0.0758221476510068,0.9899323132420719,392.539,-0.05756115952809791,0.16755919210782722,-0.06526391709864617,143,181.11300000000006,1.266524475524476,1.1647440328918648,149.63,1.210405667312705,0.816862576218792,441,158.51800000000006,0.359451247165533,1.0474084007717273,394.711,0.4016052250887359,0.25382492031154597,0.3651075631260108
All_four,12,3,303,-318.269,-1.0503927392739274,0.6904928382422016,348.00000000000006,-0.9145660919540228,0.9369921347148442,-2.5916863460604387,144,-145.611,-1.0111875,0.6933246280051811,172.66300000000007,-0.8433248582498852,0.47328057890552117,447,-463.88,-1.0377628635346756,0.6913873465352594,495.418,-0.9363406254920087,0.9563290282215534,-3.145461558081028
All_four,12,4,303,-327.026,-1.0792937293729374,0.7271374825719794,378.5280000000002,-0.8639413728971168,0.8598719273838439,-2.403715862056148,144,-129.40499999999997,-0.8986458333333331,0.7634645439008564,176.105,-0.7348172964992475,0.3763414226379599,447,-456.43100000000004,-1.0210984340044744,0.7385227654208959,507.2039999999999,-0.8998962941932638,0.9329860041004858,-2.787231770727608
All_four,12,5,301,-184.067,-0.6115182724252491,0.8503274521506785,261.4080000000001,-0.704136828253152,0.7112858957577528,-1.2731613136406617,143,-146.69899999999998,-1.0258671328671327,0.763310449422793,203.80400000000006,-0.7198043217993756,0.09034032288729338,444,-330.76599999999996,-0.7449684684684684,0.8211682245769745,401.2139999999999,-0.8244129068277778,0.8564852759837733,-1.8866224175107302
All_four,12,6,300,-125.97300000000003,-0.4199100000000001,0.9050684708527884,217.97699999999992,-0.577918771246508,0.4924482567118608,-0.8094098558248397,143,-166.64399999999998,-1.165342657342657,0.7595529384944137,206.91100000000003,-0.8053897569486396,0.2406414895569518,443,-292.6170000000001,-0.6605349887133185,0.855143469434127,361.9109999999998,-0.8085330371279134,0.799220295247692,-1.5479284297439877
All_four,12,8,298,-120.05300000000003,-0.40286241610738266,0.9219492373906147,185.24400000000009,-0.6480803696745912,0.1730500672821041,-0.6800381217322986,143,-220.611,-1.5427342657342658,0.7334669556581686,250.43599999999998,-0.8809076969764731,0.5484119317882883,441,-340.664,-0.7724807256235827,0.8560075338800581,397.8250000000002,-0.856316219443222,0.7186296363729019,-1.5889226179234166
All_four,12,10,298,-44.04099999999999,-0.1477885906040268,0.9736635638536435,216.59100000000007,-0.20333716544085384,0.06327251452883982,-0.2266936725729585,143,-161.56300000000002,-1.129811188811189,0.8158118844502106,219.2430000000002,-0.7369129231035877,0.5787079163854412,441,-205.60399999999996,-0.46622222222222215,0.9193522890991601,293.72700000000026,-0.699983317842758,0.3431938797520465,-0.8719502915768034
All_four,12,12,298,-5.818000000000012,-0.019523489932885947,0.9967785285439094,196.42000000000002,-0.029620201608797535,0.2111490644174249,-0.02754283525748882,142,-176.086,-1.2400422535211268,0.8141337161434694,260.416,-0.6761719710002458,0.4806093266293407,440,-181.90400000000002,-0.41341818181818185,0.9339344596309929,317.34999999999997,-0.5731967858830945,0.3398813945465369,-0.7111224305464052
All_four,12,15,298,63.19199999999998,0.2120536912751677,1.0325850205435374,162.74099999999999,0.3882979703946761,0.4858410754708334,0.27052277628243765,142,-236.56399999999996,-1.6659436619718306,0.7761050932958542,308.7260000000001,-0.7662587537168877,0.6039877639208442,440,-173.37199999999999,-0.39402727272727267,0.9421298776553539,382.58100000000013,-0.45316416654250974,0.26841320295710547,-0.6140750163684091
All_four,12,20,297,79.64199999999997,0.26815488215488203,1.037378203572805,175.10599999999994,0.45482165088574916,0.4963038203281945,0.30028133596958206,141,-164.49099999999999,-1.1666028368794326,0.8527853725986819,253.65200000000007,-0.6484908457256396,0.20601614715418753,438,-84.84899999999996,-0.1937191780821917,0.9738770380614655,362.39,-0.23413725544303088,0.04276777067774654,-0.2644952179826962
All_four,12,25,296,248.37800000000007,0.8391148648648651,1.112713728059945,167.97299999999998,1.4786781208884767,0.8078034246956112,0.8408493607776573,140,-5.885000000000005,-0.04203571428571432,0.9947357969386226,209.79600000000005,-0.028051059124101527,0.3476561150437367,436,242.49300000000005,0.5561766055045873,1.0730060640436712,284.78099999999995,0.8515069474438256,0.5447961936374471,0.6766159066421059
All_four,12,30,295,172.08500000000006,0.5833389830508476,1.0745148319524587,266.28700000000015,0.6462388325378257,0.6181832775376214,0.5427094591756053,140,128.04600000000002,0.9146142857142858,1.1121186489652892,163.249,0.7843600879637855,0.7202820537388686,435,300.1310000000001,0.6899563218390806,1.086957592488289,266.28700000000015,1.1270959528628883,0.666702014132722,0.769490264188557
All_four,12,40,295,-157.472,-0.5338033898305085,0.9369690448972273,415.67499999999995,-0.3788344259337223,0.003616567246500671,-0.4612134122572385,140,129.09500000000006,0.9221071428571432,1.106170199642248,129.59099999999998,0.9961725737126812,0.6963801104951131,435,-28.377000000000066,-0.06523448275862084,0.9923599711705153,415.67499999999995,-0.068267276117159,0.0048938849221811425,-0.0662450964270144
All_four,12,50,295,75.68799999999999,0.2565694915254237,1.030137507754571,393.02799999999996,0.19257661031783993,0.36158899809995965,0.19862113523752714,140,103.02400000000003,0.7358857142857145,1.0830641097480846,153.057,0.6731087111337609,0.6665700000497734,435,178.7120000000001,0.4108321839080462,1.0476347229815044,393.02799999999996,0.4547055171641718,0.5037741398551494,0.38076888870771286
All_four,15,3,302,-356.9,-1.1817880794701987,0.6743800310748561,415.209,-0.8595671095761411,0.8944171362517116,-2.586032950402082,141,-89.04299999999999,-0.6315106382978722,0.7976129865170789,120.70499999999997,-0.7376910649931653,0.18671864754845363,443,-445.943,-1.0066433408577877,0.7096776293645879,520.5310000000003,-0.8567078617796053,0.9403041463873955,-2.724282450428054
All_four,15,4,301,-326.708,-1.0854086378737542,0.7382592059682169,387.923,-0.8421980650799257,0.9153498608710706,-2.157768029979667,140,-30.515,-0.21796428571428572,0.9370920725497551,111.07200000000002,-0.2747317055603572,0.12456715431150232,441,-357.223,-0.81002947845805,0.7939041796910609,464.81899999999996,-0.7685206499734306,0.9167935532820555,-1.9888494222125264
All_four,15,5,299,-160.928,-0.5382207357859532,0.873584256476403,287.01900000000006,-0.5606876199833459,0.7443835486987707,-1.008146730683528,139,5.122,0.036848920863309355,1.0096446069662608,123.90999999999998,0.041336453877814545,0.5555681949078842,438,-155.80600000000004,-0.3557214611872147,0.9136368675446764,358.944,-0.43406770972630837,0.7759745236155896,-0.8173444673850392
All_four,15,6,297,-118.09100000000005,-0.3976127946127948,0.9152718824707771,242.65300000000002,-0.48666614465924607,0.6659833853781176,-0.6869246946624238,138,-8.058999999999983,-0.05839855072463756,0.986735117127319,124.59000000000002,-0.06468416405811046,0.44197697474180997,435,-126.15000000000003,-0.2900000000000001,0.9369662240894454,318.519,-0.39605172689855245,0.7397227707001187,-0.6121977905197193
All_four,15,8,294,-203.661,-0.6927244897959184,0.8792906836288721,257.38499999999993,-0.7912698875225831,0.8216040661193148,-1.0414874749364544,137,-55.36299999999999,-0.40410948905109484,0.9271012876406773,167.12499999999997,-0.3312670157068063,0.04776798734477239,431,-259.024,-0.6009837587006961,0.8941312887442562,393.95399999999995,-0.6574980835325953,0.8516202313006555,-1.0996625870111663
All_four,15,10,292,-104.13600000000001,-0.3566301369863014,0.9425697679484641,184.88700000000006,-0.5632413311914845,0.25893988198122003,-0.48868073056569483,137,47.34600000000001,0.3455912408759125,1.058943704317882,101.614,0.4659397327139962,0.4209833616044623,429,-56.79000000000004,-0.13237762237762246,0.9782954494206388,230.195,-0.2467038814917789,0.41243491783830555,-0.22058631184552382
All_four,15,12,292,-34.518,-0.11821232876712329,0.9822892156007598,189.765,-0.18189866413722236,0.03804944111072485,-0.14954921656907397,136,86.68300000000005,0.6373750000000004,1.1003158195627594,127.89200000000002,0.6777828167516344,0.4049777093513869,428,52.16499999999998,0.12188084112149528,1.0185437116501719,257.296,0.20274314408307934,0.03157692423705732,0.18689924866147486
All_four,15,15,292,4.29700000000004,0.01471575342465767,1.0020191245917818,223.33099999999993,0.01924049952760719,0.11360354748444094,0.016874025264308798,135,26.390000000000043,0.1954814814814818,1.026379158165994,182.93900000000002,0.14425573551839707,0.10621215142447624,427,30.687000000000026,0.07186651053864175,1.0098086628325291,360.54699999999997,0.08511234318965358,0.20963832873938365,0.09932188183516683
All_four,15,20,291,-12.808999999999994,-0.04401718213058417,0.994623448296705,271.986,-0.047094335737868843,0.12505407217454237,-0.0443559716621325,134,183.486,1.3692985074626864,1.1729513597276304,123.46799999999999,1.4861016619690932,0.6170460818562563,425,170.67700000000002,0.40159294117647065,1.0495679571851715,347.5589999999999,0.4910734580315862,0.02801855038290271,0.4843575167801964
All_four,15,25,290,88.02999999999999,0.30355172413793097,1.0350796375117408,240.08699999999993,0.36665875286875177,0.4898349868649798,0.2754611056938647,133,428.63000000000005,3.2227819548872185,1.4036733017901277,96.43699999999998,4.444663355351163,0.8870489178317208,423,516.6600000000001,1.2214184397163121,1.1446717500308716,262.3809999999999,1.969121239723914,0.5631297804506344,1.3111260834302576
All_four,15,30,288,39.59299999999997,0.13747569444444432,1.0151780651982487,283.567,0.13962485056441676,0.3865473987548264,0.11596624196776738,133,553.029,4.1581127819548875,1.4989867401001895,91.347,6.054156129922165,0.9388277371709919,421,592.6220000000001,1.4076532066508316,1.1594410997852764,283.567,2.08988351959149,0.6249158251251128,1.3886313630211666
All_four,15,40,287,-252.38799999999992,-0.8794006968641113,0.9089780606500371,434.0659999999999,-0.5814507471214054,0.014969193382476934,-0.6922576482823659,133,563.242,4.234902255639097,1.4694723997152703,136.38700000000003,4.129733772280348,0.9352735843607222,420,310.854,0.7401285714285714,1.0782502970376786,434.0659999999999,0.7161445494463976,0.16382742881199186,0.6651182235528236
All_four,15,50,287,57.89599999999996,0.20172822299651552,1.020879781133039,365.086,0.15858181360008314,0.331554395186997,0.14268244279485384,132,552.418,4.184984848484849,1.4547308910591168,136.387,4.050371369705324,0.9228770866328726,419,610.3140000000001,1.4565966587112174,1.1530510451017517,365.086,1.6716992708567298,0.6728598771569735,1.1977711992915903
All_four,18,3,302,-447.1400000000001,-1.4805960264900666,0.6288253468607792,496.99100000000016,-0.8996943606624667,0.9080109478456019,-2.8798424741745148,139,-97.173,-0.6990863309352519,0.7858087525403704,143.53799999999995,-0.6769844919115497,0.5460861808264782,441,-544.3130000000001,-1.2342698412698414,0.6717715830808715,621.8000000000004,-0.8753827597298163,0.9548208842977368,-2.9763768641707693
All_four,18,4,300,-418.65400000000005,-1.3955133333333336,0.6934307745256699,443.2669999999997,-0.944473646808809,0.9112715496820151,-2.4746518397048316,138,-46.451000000000015,-0.33660144927536245,0.908649856242158,113.32099999999998,-0.4099063721640298,0.16398338956387828,438,-465.1050000000001,-1.0618835616438358,0.7518254056338389,536.0479999999997,-0.8676555084619295,0.9450862131159646,-2.32875226355119
All_four,18,5,298,-251.82300000000004,-0.8450436241610739,0.8196464304284117,329.661,-0.7638847179375178,0.7750721883387306,-1.417889047281816,137,-16.71400000000001,-0.12200000000000007,0.9703668769978956,130.33999999999997,-0.1282338499309499,0.12910630927337202,435,-268.53700000000003,-0.6173264367816093,0.8630126434406892,424.79600000000005,-0.6321551992014991,0.8700590973582318,-1.2704083094176268
All_four,18,6,296,-142.97600000000003,-0.4830270270270271,0.9030643584427488,251.58200000000005,-0.5683077485670676,0.5445966372007554,-0.759610187790671,136,-114.95100000000001,-0.8452279411764706,0.8378996946984708,205.44400000000002,-0.5595247366678998,0.0940538189515945,432,-257.927,-0.5970532407407408,0.8819065854796475,423.9220000000001,-0.6084303244464783,0.8015034469732041,-1.1323831311766366
All_four,18,8,291,-211.294,-0.7260962199312715,0.8799089259813305,268.442,-0.7871122998636577,0.5794817051288623,-0.9995865697358864,134,-98.28699999999999,-0.7334850746268656,0.8798160930784236,223.02199999999996,-0.4407054012608622,0.3235874509406138,425,-309.5810000000001,-0.7284258823529414,0.87987946856595,467.2640000000001,-0.6625398061909328,0.8186590391594895,-1.2113486632341794
All_four,18,10,289,-202.051,-0.6991384083044982,0.8971449137253465,278.006,-0.7267864722344123,0.42707280607093917,-0.8725971677851422,134,-3.306999999999988,-0.02467910447761185,0.9962057456507198,174.13699999999997,-0.018990794604248313,0.07447611854261099,423,-205.35800000000003,-0.4854799054373523,0.9275889852098286,396.607,-0.5177871293244951,0.7528137666424934,-0.7339016916979952
All_four,18,12,289,-125.81200000000007,-0.43533564013840853,0.9402266609274531,225.06700000000004,-0.5589979872660144,0.020929399960525542,-0.5045452466115832,132,78.57099999999996,0.5952348484848482,1.0865988903315118,197.079,0.3986776876278038,0.005338641591477522,421,-47.241,-0.11221140142517814,0.9843163410705298,347.92600000000016,-0.1357788725188689,0.41643845444286937,-0.15692186717168757
All_four,18,15,289,-13.119000000000021,-0.04539446366782014,0.9942703483649157,254.423,-0.051563734410804134,0.21808151164278336,-0.047617086882466006,131,103.22700000000003,0.787992366412214,1.10160657828944,198.36600000000004,0.5203865581803334,0.0012151433454359857,420,90.10799999999998,0.2145428571428571,1.0272590645737436,399.976,0.2252835170110206,0.1544167606756625,0.2702200028658249
All_four,18,20,287,-43.34300000000002,-0.15102090592334502,0.98327603437166,305.41200000000003,-0.14191649313059085,0.270801120685426,-0.13869936569244795,130,239.10099999999997,1.8392384615384614,1.2160749707427942,141.498,1.689783601181642,0.3332106378438973,417,195.75799999999998,0.4694436450839328,1.0529328179523478,401.1500000000001,0.4879920229340644,0.0005239526884068182,0.5150470788767276
All_four,18,25,285,17.04599999999995,0.0598105263157893,1.0061846356467365,308.3540000000001,0.05528061902877843,0.5139815114616848,0.0495497428446368,129,458.30699999999996,3.552767441860465,1.404988269393057,131.45999999999998,3.4862848014605206,0.8102641272702568,414,475.35299999999995,1.148195652173913,1.1222666056216306,329.1710000000001,1.4440913689237502,0.4387905961021337,1.1254883033571494
All_four,18,30,283,-23.057999999999986,-0.08147703180212008,0.9919892717804052,291.29400000000004,-0.0791571402088611,0.4360401119886478,-0.06265873929459302,129,528.768,4.0989767441860465,1.4425262682182811,121.38,4.356302521008404,0.8962538799051106,412,505.7099999999999,1.2274514563106795,1.124153169132946,294.76500000000004,1.715637881023866,0.6043333944316764,1.109887977056469
All_four,18,40,282,-362.4140000000001,-1.2851560283687946,0.882785117260486,538.567,-0.672922774696556,0.034820415615310206,-0.9215621159244454,127,681.208,5.363842519685039,1.5442849552360447,180.18,3.7807081807081806,0.8910545559173371,409,318.7939999999999,0.779447432762836,1.0733966287566403,538.567,0.5919300662684492,0.1329877215905555,0.6355756386839143
All_four,18,50,282,-146.01900000000006,-0.5177978723404257,0.9530479038777706,466.547,-0.3129781136734349,0.10127899926522538,-0.34028334017101947,126,669.626,5.314492063492064,1.527059138367329,175.63,3.8127085349883276,0.8875889999526545,408,523.6069999999999,1.2833504901960782,1.119532641836961,466.547,1.1223027905012781,0.5271074788627814,0.9692042745621827
All_four,22,3,301,-443.12499999999994,-1.4721760797342192,0.6395441153263606,490.1230000000003,-0.9041097846867004,0.8970209237522386,-2.5804995794442864,139,-200.531,-1.4426690647482014,0.6397758872178831,223.67899999999995,-0.8965124128773826,0.7736526701320383,440,-643.656,-1.4628545454545454,0.6396163558282895,698.4190000000008,-0.9215900483806987,0.9512870807720474,-3.114281553555946
All_four,22,4,299,-410.19800000000004,-1.3718996655518396,0.7051766828262064,453.56400000000014,-0.9043883553368431,0.8504076033121768,-2.2178642441550362,138,-187.77100000000002,-1.3606594202898552,0.7089877470809038,226.731,-0.8281664174726879,0.7551258921222835,437,-597.969,-1.368350114416476,0.7063841195657992,659.7550000000005,-0.9063500845010642,0.9403955102349778,-2.6677469864361667
All_four,22,5,297,-313.06100000000004,-1.0540774410774412,0.7888160419965071,403.28400000000005,-0.7762792473790182,0.8094859037525058,-1.5974046981265624,137,-198.297,-1.4474233576642335,0.7297831691749201,232.45999999999995,-0.8530370816484558,0.5596741366554887,434,-511.358,-1.1782442396313364,0.7692691222527391,615.4610000000006,-0.8308536202943801,0.922810152435797,-2.137605207206457
All_four,22,6,295,-230.83800000000008,-0.7825016949152545,0.8550770859217506,370.5119999999999,-0.6230243554864624,0.7186489345075537,-1.1074390095041966,136,-301.031,-2.2134632352941175,0.6615286535399783,328.428,-0.9165814120598731,0.6419570233082128,431,-531.8689999999999,-1.2340348027842225,0.7857282421319328,680.8700000000001,-0.7811608677133665,0.877650988404864,-2.0645172021882994
All_four,22,8,289,-379.478,-1.3130726643598616,0.8064044804528612,476.805,-0.7958767210914315,0.8313327774378325,-1.6115096079877693,134,-287.73600000000005,-2.1472835820895524,0.7124635502960945,351.2710000000001,-0.8191282514070333,0.8147862277193375,423,-667.214,-1.577338061465721,0.7746548038690202,799.9960000000003,-0.8340216701083503,0.9213941682631775,-2.31671904956393
All_four,22,10,285,-413.44100000000014,-1.450670175438597,0.8101406261982708,479.08500000000015,-0.8629804731936922,0.8220424549234518,-1.6248732613274113,134,-207.33200000000002,-1.5472537313432837,0.8055840252804906,313.1520000000001,-0.6620810341303902,0.7485057490516382,419,-620.773,-1.4815584725536994,0.8086427097962672,735.7870000000005,-0.8436857405743776,0.9299545704631705,-1.9948859020486682
All_four,22,12,285,-414.2900000000001,-1.4536491228070179,0.8262714298713839,478.12500000000017,-0.8664888888888888,0.8604975569973358,-1.5111199586481083,131,-59.66999999999996,-0.4554961832061066,0.9431294526912721,262.40999999999997,-0.22739224877100708,0.35119274328405237,416,-473.96000000000015,-1.1393269230769234,0.8619770629618263,661.9550000000003,-0.7160003323488756,0.9303487811469193,-1.4261495741181374
All_four,22,15,283,-394.1360000000001,-1.392706713780919,0.8497083861619272,482.94799999999987,-0.816104425321153,0.6906730431303131,-1.3127828080791095,130,-67.17099999999995,-0.5166999999999996,0.9431925049389733,342.78400000000005,-0.19595722087378623,0.588337385176831,413,-461.307,-1.1169661016949153,0.8787599802045096,718.899,-0.6416854106070533,0.8766946874154748,-1.2644254456908794
All_four,22,20,279,-259.4390000000001,-0.9298888888888892,0.9087403666791305,427.61,-0.6067187390379085,0.06344502507186621,-0.7712918568882072,128,231.019,1.8048359375,1.1946665745376839,227.558,1.015209309274998,0.07859550832733969,407,-28.42000000000003,-0.06982800982800991,0.9929472065403863,493.371,-0.05760370998700781,0.36823973997476594,-0.06925333558718001
All_four,22,25,277,-172.58599999999993,-0.6230541516245485,0.9424478904407061,391.658,-0.44065485704364504,0.0007675430385774409,-0.47004529013818813,126,404.413,3.209626984126984,1.331309819612354,183.79100000000003,2.2003961020942264,0.5135004868524315,403,231.82700000000008,0.5752531017369729,1.0549427682953159,391.658,0.5919118210275293,0.011508161067463017,0.5155283200201094
All_four,22,30,274,-328.62799999999993,-1.1993722627737224,0.8970495911782215,467.222,-0.7033658517792397,0.10386255618082918,-0.8401780490901991,126,491.06199999999995,3.89731746031746,1.3785892047084078,163.35900000000007,3.006029664726154,0.7854132248752681,400,162.43400000000005,0.40608500000000014,1.036183413288473,467.222,0.34765914276296933,0.015243926946107825,0.33537291905026323
All_four,22,40,272,-461.058,-1.695066176470588,0.862058793259024,654.2460000000001,-0.7047165744995001,0.20557255248618586,-1.0960804483507822,122,660.255,5.411926229508197,1.4906062889268343,197.019,3.3512250087555007,0.8555658301537016,394,199.1970000000001,0.5055761421319799,1.042488851840934,654.2460000000001,0.30446804413018963,0.025853272665366595,0.37432049800383
All_four,22,50,272,-260.48600000000005,-0.957669117647059,0.9225823286822775,575.506,-0.4526208241095663,0.01145568003511856,-0.5722180782477971,121,540.407,4.466173553719009,1.3888816128447283,192.46899999999994,2.8077612498636153,0.806491144954066,393,279.9210000000001,0.7122671755725194,1.0588770905162628,575.506,0.4863911062612729,0.2889029372850655,0.49358438662366527
All_four,26,3,299,-573.39,-1.9176923076923076,0.5767430496143453,613.7490000000004,-0.9342418480518904,0.964911446237607,-3.0149080178275645,139,-162.87400000000002,-1.1717553956834534,0.6940856509089677,208.618,-0.7807284126968911,0.8502058216663954,438,-736.264,-1.6809680365296804,0.6098490508847845,792.7980000000007,-0.9286905365553386,0.9828460583838912,-3.2600131655739184
All_four,26,4,297,-494.31499999999994,-1.6643602693602693,0.6665866265026922,537.6810000000002,-0.919346229455755,0.9561900970694245,-2.4378771570423643,138,-133.568,-0.9678840579710146,0.7814005174978763,178.52299999999997,-0.7481837074214529,0.7925458833444243,435,-627.883,-1.443409195402299,0.7000949557844216,695.6639999999998,-0.9025664688700296,0.9770302682216992,-2.5868976202635983
All_four,26,5,294,-387.40500000000003,-1.317704081632653,0.7527175821019373,448.52400000000006,-0.8637330443855846,0.9218515195996397,-1.8158858064380736,137,-122.41300000000003,-0.8935255474452557,0.8225299267723737,160.27700000000004,-0.7637589922446764,0.2674449810858878,431,-509.81800000000004,-1.1828723897911835,0.7740586070748446,579.8670000000006,-0.879198160957598,0.9503009548699488,-1.9799979096419746
All_four,26,6,292,-417.01,-1.4281164383561644,0.7652116141455203,511.577,-0.8151461070376502,0.8607669561166951,-1.805913550959985,134,-178.12800000000001,-1.329313432835821,0.7783807792653751,227.47500000000008,-0.7830662710187931,0.5802315808600291,426,-595.138,-1.397037558685446,0.7693144646603877,720.9820000000002,-0.825454727025085,0.9408427532667347,-2.1332256652707335
All_four,26,8,285,-584.9670000000001,-2.0525157894736847,0.72883759329556,630.1030000000002,-0.9283672669388972,0.912601922537437,-2.2653159665415368,132,-237.27300000000008,-1.7975227272727279,0.7582391941612147,303.63099999999986,-0.7814518280412744,0.8989573801147374,417,-822.24,-1.971798561151079,0.7380311683776756,898.9810000000006,-0.9146355707184017,0.9655667856540957,-2.6300178074150753
All_four,26,10,279,-595.8370000000001,-2.1356164874551977,0.746104882255887,646.3499999999999,-0.9218488435058407,0.8853667909305785,-2.167191631644092,132,-162.75100000000003,-1.2329621212121216,0.8466301722537546,274.89099999999996,-0.592056487844273,0.7628287757965315,411,-758.5880000000001,-1.8457128953771291,0.7774064239773399,873.1310000000005,-0.8688134999215462,0.9556031789382247,-2.265319055828131
All_four,26,12,279,-503.758,-1.805584229390681,0.7987612277467406,564.3269999999999,-0.8926703843693463,0.7096725572700517,-1.7130355176586314,129,0.8810000000000002,0.006829457364341087,1.0008471585571186,220.188,0.004001126310243974,0.2612936802855449,408,-502.87700000000007,-1.2325416666666669,0.8580739279843937,711.686,-0.7065995396846363,0.861079320950368,-1.4147891951502993
All_four,26,15,275,-430.35000000000014,-1.5649090909090915,0.841390003681919,514.7719999999999,-0.8360011811054218,0.45019905224254597,-1.3453307573485624,127,144.30399999999997,1.1362519685039367,1.1320501428902163,226.20600000000005,0.6379317966809013,0.0008065554507508244,402,-286.046,-0.7115572139303482,0.9248445109583254,646.338,-0.44256410732465057,0.7316404973950029,-0.7379798599215093
All_four,26,20,271,-99.38199999999998,-0.36672324723247224,0.9650190247903049,440.86800000000005,-0.22542348276581645,0.07997237737469452,-0.279757415811411,125,371.52,2.9721599999999997,1.3299563841569066,194.974,1.9054848338752859,0.5656602822640346,396,272.13800000000003,0.6872171717171718,1.068600505621759,440.86800000000005,0.6172777339248936,0.20158527436389023,0.6326643225704424
All_four,26,25,269,-71.72900000000001,-0.2666505576208179,0.9763094550801454,393.82000000000005,-0.1821365090650551,0.2400474067008597,-0.18633874619510826,123,475.85100000000006,3.8687073170731714,1.3940651437960023,201.11700000000002,2.366040662897716,0.7358708720607167,392,404.12199999999996,1.030923469387755,1.0954177421533156,393.82000000000005,1.0261591590066526,0.46149602498731135,0.8606679208297835
All_four,26,30,266,-247.80599999999998,-0.9316015037593984,0.923816228779429,541.894,-0.45729607635441616,0.027735409661023076,-0.6036090975959618,122,514.2550000000001,4.2152049180327875,1.3932202378949752,226.2269999999999,2.273181362083219,0.8155528100201836,388,266.44900000000007,0.6867242268041239,1.0584248282661017,541.894,0.4916994836628567,0.3307922566408924,0.5270953773176896
All_four,26,40,263,-336.2470000000001,-1.2785057034220537,0.9009486333440658,745.3070000000002,-0.45115234393343956,1.100256798714078e-05,-0.7611695054843806,118,577.831,4.896872881355932,1.4239060502042755,259.9069999999999,2.223222152539178,0.8162209848363782,381,241.58399999999995,0.6340787401574802,1.0507765800212874,745.3070000000002,0.3241402536136114,0.2738981412598872,0.43952738647599665
All_four,26,50,263,-32.72700000000009,-0.12443726235741479,0.9903593070672787,673.6730000000001,-0.04857994902571438,0.1703969483386306,-0.06821835585355536,117,530.6330000000002,4.535324786324788,1.3760285043910965,260.88699999999983,2.033957230525095,0.8027356119218947,380,497.90600000000006,1.3102789473684213,1.1036047096189954,673.6730000000001,0.7390915176947866,0.6118668295376762,0.8426686370023037
All_four,30,3,291,-392.411,-1.348491408934708,0.6681538998857514,432.8890000000001,-0.9064933504893862,0.8699018725904445,-2.0662534647843325,139,-177.03699999999998,-1.2736474820143884,0.6795344989564421,239.26099999999985,-0.7399325422864574,0.6906868731093547,430,-569.4480000000001,-1.3242976744186048,0.6717776806886209,646.8410000000003,-0.8803523586167231,0.9353723817818814,-2.4606250849251032
All_four,30,4,289,-409.34999999999997,-1.4164359861591693,0.7072926915772372,452.38600000000014,-0.9048688509370313,0.8721318125270433,-1.961718712774362,137,-126.798,-0.9255328467153284,0.7931000722855783,190.75300000000004,-0.6647234905873038,0.4645766052651702,426,-536.148,-1.2585633802816902,0.7334378074749061,622.929,-0.8606887783358939,0.9390059937893567,-2.1217701672341764
All_four,30,5,286,-300.078,-1.0492237762237762,0.7981428588726114,389.731,-0.7699618454780348,0.7798317723841952,-1.3600631677243182,136,-91.05800000000002,-0.669544117647059,0.8646456718663135,192.5709999999999,-0.4728541680730747,0.013699650423385756,422,-391.13599999999997,-0.9268625592417061,0.8188618289798104,561.7590000000005,-0.6962701087120983,0.8844085580802424,-1.459854893642207
All_four,30,6,284,-248.80500000000004,-0.876073943661972,0.8469604294863435,366.653,-0.6785843835997524,0.5972771566383119,-1.0598728606364938,133,-156.68200000000002,-1.17806015037594,0.8041225256220168,256.269,-0.611396618397075,0.307110997541605,417,-405.4870000000001,-0.9723908872901681,0.8328339491122805,598.772,-0.6771976645534528,0.8443979127314601,-1.4096648822642899
All_four,30,8,276,-355.98800000000017,-1.2898115942028991,0.8195333360032486,409.58400000000006,-0.8691452791124656,0.6125981557390395,-1.3533744932470937,130,-199.05699999999996,-1.531207692307692,0.7944237664826994,280.042,-0.7108112354575384,0.8188276445529116,406,-555.0450000000001,-1.3671059113300494,0.8112659964602493,656.9660000000005,-0.8448610734802101,0.8630124314476599,-1.7233256469200111
All_four,30,10,269,-237.05200000000002,-0.8812342007434945,0.8858956024569903,325.531,-0.7282010008263422,0.1421665054673655,-0.8525764719222786,130,-59.12799999999999,-0.45483076923076915,0.9416692644929108,216.98700000000002,-0.2724955872932479,0.5211775654163096,399,-296.18000000000006,-0.7423057644110277,0.9041851157280625,491.78899999999993,-0.6022501519960798,0.681009522128216,-0.8655698043148463
All_four,30,12,269,-228.40899999999996,-0.8491040892193307,0.9011965816402445,320.7230000000002,-0.71216906801196,0.10376949679580458,-0.7575720616749441,127,114.333,0.900259842519685,1.1156621898861718,180.062,0.6349646232964201,0.04181028389830701,396,-114.07600000000008,-0.28807070707070725,0.9654342385145412,380.2550000000001,-0.2999986850928983,0.3621658408862597,-0.3120353771796741
All_four,30,15,265,-200.07700000000006,-0.7550075471698116,0.9218043273246149,429.30799999999994,-0.4660453567135951,0.011198798311576998,-0.6079613978145508,125,243.12599999999998,1.9450079999999998,1.232053564184916,188.942,1.2867758359708268,0.09384627537007875,390,43.04899999999991,0.11038205128205104,1.0119368808552383,491.1620000000001,0.08764725284122123,0.11111249747375956,0.10805216657110102
All_four,30,20,260,50.023000000000025,0.19239615384615394,1.0181572676439254,355.007,0.14090708070545094,0.3341449662228342,0.13629695933536473,122,398.8850000000001,3.2695491803278696,1.3590404824591014,145.16100000000003,2.747879940204325,0.44256676245974225,382,448.908,1.175151832460733,1.1161181181388324,355.007,1.2645046435704086,0.48972424633476497,1.0138310103853312
All_four,30,25,257,97.54100000000005,0.37953696498054496,1.0331287910153084,401.987,0.24264715028097936,0.5053003450824037,0.2451743383493597,119,562.1189999999999,4.723689075630252,1.4848160503963954,156.30700000000002,3.596249688113775,0.7918800267048592,376,659.6600000000001,1.7544148936170214,1.1607458553102106,401.987,1.6409983407423625,0.706706790713449,1.366798282753824
All_four,30,30,254,-59.92899999999992,-0.23594094488188944,0.9811147494282805,429.37100000000004,-0.13957393489546316,0.20391267239688882,-0.141035963954164,118,509.421,4.317127118644068,1.396218270400433,150.584,3.3829689741273974,0.8330091990555902,372,449.49200000000013,1.2083118279569895,1.1008048609664296,429.37100000000004,1.0468615719273078,0.6062349885112492,0.8668879381915738
All_four,30,40,251,-180.26099999999997,-0.7181713147410357,0.9459608783631869,620.425,-0.29054438489744927,0.030493217596637298,-0.3944430831530094,114,622.231,5.458166666666667,1.4661716493053478,184.60699999999997,3.3705709967661037,0.878349527284997,365,441.9700000000001,1.2108767123287674,1.0946297605533262,620.425,0.7123665229479794,0.4817714337424732,0.7826345416827025
All_four,30,50,251,118.11000000000007,0.47055776892430307,1.0354073296859776,573.3809999999999,0.20598868814976445,0.28553296988012156,0.23944309078683218,113,574.8539999999999,5.087203539823008,1.4137610862151615,161.11699999999996,3.5679288963920635,0.8643213281294808,364,692.9640000000003,1.9037472527472534,1.1466563162421526,573.3809999999999,1.208557660613101,0.7135569355660921,1.1456844851567345
All_four,40,3,285,-329.00200000000007,-1.1543929824561405,0.7088379963219998,388.24300000000005,-0.8474125740837569,0.8474651518517138,-1.5664250325003173,137,-130.36800000000005,-0.9515912408759127,0.7467815493625253,197.16199999999992,-0.6612227508343398,0.5033673748641724,422,-459.37,-1.0885545023696683,0.7207147833847883,569.2060000000002,-0.8070364683436222,0.9195583179503317,-1.7986042184018227
All_four,40,4,283,-270.139,-0.9545547703180213,0.7897989800380657,364.22500000000014,-0.7416816528244901,0.7718864943803425,-1.1932481685008625,135,-95.47900000000003,-0.707251851851852,0.839509783651947,171.094,-0.5580499608402401,0.20786125128537053,418,-365.61799999999994,-0.8746842105263156,0.8055292710312985,515.1590000000001,-0.7097187470276165,0.8956628448164646,-1.3215921915092845
All_four,40,5,279,-36.65899999999999,-0.13139426523297487,0.9709110732170642,258.983,-0.1415498314561187,0.023648680279246655,-0.1603295954736367,134,-47.917999999999985,-0.35759701492537305,0.9262392613766675,204.53900000000004,-0.2342731703978213,0.2210314464299802,413,-84.57700000000007,-0.20478692493946749,0.9557160659308437,443.289,-0.19079426739666464,0.5608196525163498,-0.2968505689219937
All_four,40,6,276,95.14099999999999,0.344713768115942,1.0711373937698236,160.23899999999995,0.5937443443855742,0.1850236586975404,0.39660697252879157,131,-123.40300000000002,-0.9420076335877864,0.8444299327686385,248.43000000000004,-0.4967314736545506,0.002538386056491899,407,-28.262000000000043,-0.06943980343980355,0.9867355468289827,364.0670000000001,-0.07762856836791039,0.3397627627770252,-0.09277223270742833
All_four,40,8,264,107.16100000000003,0.4059128787878789,1.0678700676540964,187.35600000000008,0.5719646021477828,0.27066384338088517,0.4055948044497885,127,-201.20399999999998,-1.584283464566929,0.795916587127786,361.619,-0.556397755648901,0.661857916671257,391,-94.04300000000006,-0.24051918158567792,0.9633332748493549,477.65299999999996,-0.19688560524062462,0.24036236288344473,-0.27892046006435184
All_four,40,10,256,230.66000000000003,0.9010156250000001,1.13668732640751,178.493,1.2922635621564993,0.7603074660660271,0.8227615808574681,127,-73.10300000000002,-0.5756141732283466,0.9293466232261268,282.29300000000006,-0.2589614336876933,0.4395580326245088,383,157.55699999999996,0.4113759791122714,1.0578791494439,406.11599999999993,0.3879605826906598,0.14999702237646936,0.44274796173840325
All_four,40,12,253,251.516,0.9941343873517786,1.1318981905138978,234.9019999999999,1.0707273671573683,0.8351642178640932,0.8237639398065536,124,111.059,0.8956370967741936,1.1108814787525172,234.93600000000004,0.47272023019034964,0.0004767202296947487,377,362.57499999999993,0.9617374005305038,1.1246606493527926,391.50300000000004,0.9261104001757328,0.43346004688253464,0.9576347787432471
All_four,40,15,248,282.987,1.141076612903226,1.1308382307454372,240.16600000000003,1.1782975108883023,0.775123375295886,0.8429769459302041,121,180.14700000000002,1.488818181818182,1.1644355153767791,303.72299999999996,0.5931292658112821,0.0015147055731009895,369,463.134,1.2551056910569105,1.1421343133569133,433.4790000000003,1.0684116185559154,0.3111357669161602,1.1155840146957146
All_four,40,20,241,561.9089999999999,2.331572614107883,1.24172922028841,259.27700000000004,2.1672149862887946,0.901463305897527,1.5090032942716205,118,405.7010000000001,3.438144067796611,1.3542256386435907,236.35399999999998,1.716497287966356,0.36071301492520685,359,967.61,2.6952924791086352,1.278861636084715,259.27700000000004,3.7319546276761915,0.8414569274813872,2.109553463988562
All_four,40,25,238,870.6830000000002,3.6583319327731103,1.366147033591818,245.64700000000002,3.544447927310328,0.9461377496492096,2.1823528135061094,114,550.2260000000001,4.8265438596491235,1.470069311016206,235.25099999999998,2.3388891014278372,0.6456329883014762,352,1420.909,4.036673295454546,1.4004273941441425,245.64700000000002,5.784353157172691,0.9570000431344573,2.887977388519921
All_four,40,30,232,658.5329999999999,2.838504310344827,1.247677644799538,230.65699999999998,2.8550314969847,0.9093903881594059,1.5220766878665537,113,446.28700000000003,3.9494424778761066,1.3282340230395664,219.67999999999998,2.031532228696286,0.7380020807017454,345,1104.8200000000002,3.2023768115942035,1.2749339802094914,230.65699999999998,4.78988281300806,0.959129480500966,2.0594687650750396
All_four,40,40,227,409.0339999999999,1.8019118942731271,1.1413585117188216,300.511,1.3611282116128856,0.7087623706535479,0.8707127962712872,109,532.3839999999999,4.884256880733944,1.3785246905197472,159.54,3.3369938573398517,0.832827834229944,336,941.418,2.8018392857142858,1.2189311600943613,300.511,3.132723926911161,0.8986825013033014,1.6114071962409522
All_four,40,50,226,562.444,2.4886902654867256,1.1897112627528175,300.781,1.8699452425518897,0.7682928995515312,1.1128716967417174,107,445.81399999999996,4.166485981308411,1.3058525216947456,189.21399999999997,2.356136438107117,0.7748115105748125,333,1008.2579999999998,3.027801801801801,1.2279915556170613,300.781,3.352133279695193,0.9132473976288175,1.6190430959031878
Shorts_only,2,3,145,-140.247,-0.9672206896551725,0.45652283427951407,143.25,-0.9790366492146598,0.9606369541286266,-3.6405129915972188,72,-41.111000000000004,-0.5709861111111112,0.6155586934363222,51.766999999999996,-0.794154577240327,0.8574998239846138,217,-181.358,-0.8357511520737327,0.5031178765561986,188.70099999999996,-0.9610865867165518,0.9808698371852053,-4.162734273830152
Shorts_only,2,4,145,-129.723,-0.8946413793103449,0.5091493177741958,129.72299999999998,-1.0000000000000002,0.9239570968785078,-3.1639277924380322,72,-44.247,-0.6145416666666667,0.6159681297030819,59.467,-0.7440597306068912,0.8258234448570566,217,-173.97000000000003,-0.8017050691244241,0.5415798197096698,185.37999999999994,-0.938450749811199,0.9694430003518084,-3.7128155393213667
Shorts_only,2,5,145,-111.01400000000001,-0.7656137931034483,0.5835918364284937,111.014,-1.0000000000000002,0.9068529807485071,-2.5225363533411103,72,-35.424,-0.492,0.697868602181719,52.077,-0.6802235151794458,0.7688581280853589,217,-146.438,-0.6748294930875576,0.6184980434861899,155.90800000000004,-0.9392590502090973,0.9610606657193098,-2.879608533872422
Shorts_only,2,6,145,-107.85400000000001,-0.7438206896551725,0.6049101419120393,107.85399999999998,-1.0000000000000002,0.8767225290309877,-2.317177108466633,72,-28.217,-0.39190277777777777,0.7634330172623389,53.846999999999994,-0.5240217653722584,0.7035530030407581,217,-136.07100000000003,-0.6270552995391706,0.6531128350112042,151.541,-0.8979154156300937,0.9506898998065664,-2.499788914745986
Shorts_only,2,8,145,-80.385,-0.5543793103448276,0.7106642286898995,80.38499999999998,-1.0000000000000004,0.8142037442233381,-1.5038145188243741,72,-25.662,-0.35641666666666666,0.7953702743865972,63.126999999999995,-0.4065138530264388,0.5987340430425976,217,-106.04700000000001,-0.48869585253456227,0.7370081317749291,135.132,-0.7847660065713525,0.9167787025867938,-1.6890353230256756
Shorts_only,2,10,145,-79.57300000000001,-0.5487793103448276,0.7201060862407975,79.573,-1.0000000000000002,0.5556050540007321,-1.3938392252557101,72,-27.816999999999993,-0.3863472222222221,0.7858534069301062,68.687,-0.40498201988731486,0.37395625234837243,217,-107.39000000000001,-0.4948847926267282,0.7407253605798249,148.26000000000005,-0.7243356266019154,0.8259389793638676,-1.589731563536675
Shorts_only,2,12,145,-88.72299999999998,-0.6118827586206895,0.694775372315356,90.18299999999999,-0.983810696029185,0.640927937952429,-1.4824360199950677,72,-6.676999999999994,-0.09273611111111103,0.9485977351286019,59.047,-0.11307941131640888,0.07321877796650654,217,-95.39999999999999,-0.4396313364055299,0.773169305099173,147.77000000000007,-0.6455978886106785,0.8304980117243274,-1.2996965885249734
Shorts_only,2,15,145,-102.274,-0.7053379310344827,0.6555561168645281,106.71399999999998,-0.9583934629008379,0.871660681501142,-1.629265211126073,72,21.924000000000007,0.3045000000000001,1.1687798794429434,48.26599999999999,0.4542327932706255,0.044628162361380626,217,-80.35,-0.3702764976958525,0.8117482229125956,150.54000000000002,-0.5337451840042513,0.8327399504615602,-0.9917675690700303
Shorts_only,2,20,145,-45.363,-0.312848275862069,0.8472240464763828,62.146000000000015,-0.7299423937180187,0.3380093772299748,-0.5829485697439569,72,5.983000000000009,0.08309722222222235,1.0438935637934954,50.34700000000001,0.11883528313504298,0.0008532487104071238,217,-39.379999999999995,-0.18147465437788016,0.9091018207334637,95.71000000000005,-0.4114512590115973,0.5917437278388933,-0.4096271379110915
Shorts_only,2,25,145,-70.03300000000002,-0.4829862068965518,0.76905243996544,79.65999999999998,-0.8791488827516951,0.6062485166257179,-0.8490461895570511,72,40.60300000000001,0.5639305555555557,1.2978790524331105,48.527000000000015,0.8367094607125929,0.20925574015501824,217,-29.430000000000007,-0.13562211981566824,0.9330450074963202,124.50700000000002,-0.23637225216252902,0.6483753752105063,-0.273273593769971
Shorts_only,2,30,145,-62.834,-0.43333793103448276,0.7943900156414637,82.229,-0.7641343078475964,0.6313513712622206,-0.6966754772277501,72,75.95600000000002,1.0549444444444447,1.5572421078888097,48.52700000000001,1.5652317266676283,0.41370396978751883,217,13.121999999999993,0.06047004608294928,1.0296941650354714,121.64300000000004,0.1078730383170424,0.38321702760447185,0.107511450422237
Shorts_only,2,40,145,-121.786,-0.839903448275862,0.6068350131392893,131.449,-0.9264886001414997,0.7864293256394033,-1.3993956406488046,72,119.823,1.6642083333333333,1.8790671058713049,48.527,2.4692027118923483,0.5686052228634242,217,-1.963000000000008,-0.009046082949308793,0.9955992960667166,151.57299999999995,-0.012950855363422303,0.3019045838987411,-0.014794978620744846
Shorts_only,2,50,145,-160.296,-1.1054896551724138,0.4864414599138815,160.29600000000002,-0.9999999999999998,0.7615211489636537,-1.963985034619759,72,49.08299999999998,0.681708333333333,1.3478424174562564,62.117000000000004,0.7901701627573768,0.18311625265553227,217,-111.21300000000001,-0.5125023041474654,0.7546239809370414,193.77299999999994,-0.5739344490718523,0.7289251021041954,-0.9121333467387146
Shorts_only,3,3,145,-130.346,-0.8989379310344828,0.5811799937022447,133.349,-0.9774801460828354,0.9457637106324323,-2.8252698467627595,72,-37.437,-0.5199583333333333,0.7140773213985673,53.524,-0.6994432404155145,0.7592150082963351,217,-167.78300000000002,-0.7731935483870969,0.6205343815305008,177.08699999999993,-0.9474608525752883,0.9729324754940681,-3.162090502204824
Shorts_only,3,4,145,-110.335,-0.7609310344827586,0.6591221549745272,117.30399999999997,-0.9405902612016642,0.8980883001871031,-2.209322846885903,72,-34.874,-0.48436111111111113,0.7565412861969785,55.163999999999994,-0.6321876586179394,0.6084549155613695,217,-145.209,-0.6691658986175115,0.6890086802320724,165.38799999999998,-0.8779899388105548,0.9507988976598362,-2.497755697902845
Shorts_only,3,5,145,-81.64699999999999,-0.5630827586206896,0.752407031716718,92.766,-0.88013927516547,0.8347750400535374,-1.510639500881474,72,-19.488,-0.27066666666666667,0.8673509672325305,42.711,-0.45627590082180236,0.25557229137098336,217,-101.13499999999999,-0.46605990783410134,0.7878332707472773,124.19400000000003,-0.8143308050308385,0.9123170101770052,-1.5933619420359943
Shorts_only,3,6,145,-64.11,-0.44213793103448273,0.8110967057575579,81.21300000000001,-0.7894056370285545,0.70802319996483,-1.1028298455303225,72,-31.374000000000002,-0.43575,0.8030434291310407,48.263999999999996,-0.6500497265042269,0.4484434047559529,217,-95.48400000000002,-0.4400184331797236,0.8085242061948286,121.18599999999998,-0.7879127952073676,0.8885716504163027,-1.4014474479172156
Shorts_only,3,8,145,-43.72899999999999,-0.30157931034482754,0.8777166922070223,77.119,-0.5670327675410728,0.46649748180487244,-0.6594841961801501,72,-19.595,-0.27215277777777774,0.8836339234282116,46.58299999999999,-0.42064701715218006,0.15372305033362982,217,-63.32399999999999,-0.29181566820276494,0.8796110229184687,104.69399999999995,-0.6048484153819705,0.7796082503326554,-0.8076116420449571
Shorts_only,3,10,145,-54.54199999999998,-0.3761517241379309,0.8550975677793866,91.062,-0.5989545584327159,0.11987519210174831,-0.7626028853318672,72,-51.39099999999999,-0.7137638888888888,0.7207026048771473,81.25100000000002,-0.6324968308082359,0.46885715020233,217,-105.933,-0.4881705069124424,0.8109709746148327,149.806,-0.7071345606985033,0.6907226232693464,-1.2652807071842775
Shorts_only,3,12,145,-80.42999999999999,-0.5546896551724138,0.7947617419351546,116.34899999999999,-0.6912822628471237,0.504464165921578,-1.080687394793187,72,-24.39099999999999,-0.33876388888888875,0.86744093782099,65.751,-0.37096013748840306,0.07303324392533196,217,-104.82099999999997,-0.4830460829493086,0.817983389102376,164.167,-0.6385022568482093,0.7941275759193465,-1.1668795228120203
Shorts_only,3,15,145,-44.74200000000001,-0.3085655172413794,0.8876458667630951,93.169,-0.48022410887741646,0.0852129027685908,-0.5273325543860123,72,-4.809999999999993,-0.06680555555555547,0.9742864627046789,69.62100000000001,-0.06908834977952044,0.0005485262985171655,217,-49.552,-0.22835023041474653,0.9153368279331061,148.755,-0.33311149205068735,0.5739053608665867,-0.4823598066327066
Shorts_only,3,20,145,30.526000000000025,0.21052413793103467,1.07665554224643,60.36,0.5057322730284961,0.5468366914647211,0.30127753326053397,72,-14.280999999999997,-0.19834722222222217,0.9273826533984875,82.98100000000001,-0.17209963726636213,5.625505893632852e-05,217,16.24499999999999,0.07486175115207369,1.0273078448907687,139.317,0.11660457804862286,0.016989478409510338,0.13453991419928377
Shorts_only,3,25,145,-37.12399999999998,-0.2560275862068964,0.9095778236226841,66.97399999999999,-0.5543046555379698,8.001395397831276e-05,-0.3562150336290864,72,2.3589999999999987,0.03276388888888887,1.0118144347451559,78.201,0.030165854656590056,0.020520609725293907,217,-34.764999999999986,-0.16020737327188933,0.943030050767411,145.17499999999998,-0.23946960564835537,0.45957722654657734,-0.2698767645457043
Shorts_only,3,30,145,-41.459999999999994,-0.2859310344827586,0.9005421484431223,83.22999999999999,-0.49813769073651326,0.0927528449643286,-0.3701009452034331,72,9.572000000000003,0.13294444444444448,1.0472245930998416,74.10799999999999,0.12916284341771475,0.0011133572764054503,217,-31.887999999999973,-0.14694930875576023,0.9485304680324949,125.49799999999996,-0.25409169867248865,0.4877581523504052,-0.22759200443594324
Shorts_only,3,40,145,-133.049,-0.9175793103448276,0.6907469777582531,167.07299999999998,-0.7963524926229854,0.5058590246854621,-1.221023613266221,72,53.43899999999999,0.7422083333333332,1.2636476212560004,71.594,0.7464172975388998,0.16371996578486517,217,-79.60999999999999,-0.3668663594470045,0.8742175131691626,200.30300000000003,-0.3974478664822792,0.5190647683044691,-0.5339083138379223
Shorts_only,3,50,145,-166.73600000000002,-1.149903448275862,0.6154825378669078,183.563,-0.9083311996426296,0.5382872532738704,-1.5486483622731684,72,-18.540999999999997,-0.2575138888888888,0.911172753448218,105.93400000000001,-0.17502407159174577,0.07230619384792943,217,-185.27699999999996,-0.8538110599078339,0.7115660343579485,258.4300000000001,-0.7169330186123897,0.7527875265048146,-1.3083524293922242
Shorts_only,4,3,145,-162.30200000000002,-1.1193241379310346,0.5603037469894859,176.44100000000003,-0.9198655641262518,0.9673144258014627,-3.129971795364589,72,-57.754,-0.8021388888888888,0.6408802333028644,71.074,-0.8125896952472071,0.8181027447514153,217,-220.056,-1.0140829493087558,0.5847561251754901,239.906,-0.9172592598767851,0.9829489047171365,-3.6512547376268105
Shorts_only,4,4,145,-129.491,-0.8930413793103449,0.6604494440948186,149.68,-0.8651189203634421,0.9539573642545865,-2.296247273070213,72,-56.541000000000004,-0.7852916666666667,0.6807414977893967,73.99400000000001,-0.7641295240154606,0.710285150357293,217,-186.032,-0.8572903225806452,0.6668845272991311,219.84100000000004,-0.8462115801874991,0.9751684969635719,-2.8148459129133263
Shorts_only,4,5,145,-105.31299999999999,-0.7262965517241379,0.732731185633727,122.59199999999997,-0.8590527930044376,0.922311634212388,-1.7350548434060582,72,-38.11200000000001,-0.5293333333333334,0.7897396571794263,59.237999999999985,-0.6433708092778287,0.45495778726936625,217,-143.425,-0.6609447004608295,0.7506931226588098,173.794,-0.8252586395387643,0.9547956181944373,-1.9997310919660272
Shorts_only,4,6,145,-72.369,-0.4990965517241379,0.8200899438410346,94.54100000000001,-0.7654774119165229,0.777535400162386,-1.1043677588886909,72,-61.51499999999999,-0.8543749999999999,0.6952862619998216,75.40800000000002,-0.8157622533418203,0.751878861264096,217,-133.88400000000001,-0.6169769585253457,0.7783850800077468,167.97600000000003,-0.797042434633519,0.9080969526838076,-1.737871044840825
Shorts_only,4,8,145,-51.73100000000001,-0.3567655172413794,0.8799914629252007,82.83399999999999,-0.6245140884177997,0.607674532883493,-0.6923035745404501,72,-61.471999999999994,-0.8537777777777777,0.7185451082377934,90.75700000000002,-0.6773251650010466,0.7541950134705975,217,-113.20299999999999,-0.5216728110599078,0.825699148073272,166.54699999999997,-0.679706028928771,0.8481799018301338,-1.2867683077911078
Shorts_only,4,10,145,-64.31399999999998,-0.4435448275862067,0.8599208060532404,88.13300000000001,-0.7297380095991283,0.06342987463942343,-0.7928293200584947,72,-96.36500000000001,-1.3384027777777778,0.5969593676153829,131.23499999999999,-0.7342934430601594,0.799171692738861,217,-160.67899999999997,-0.7404562211981566,0.7698737219304488,207.59200000000007,-0.7740134494585529,0.6863420103292214,-1.7005109456601961
Shorts_only,4,12,145,-98.41499999999999,-0.6787241379310345,0.7964769406709034,130.84499999999994,-0.7521494898544081,0.5094267668019098,-1.1608791079795089,72,-67.225,-0.9336805555555555,0.7188356092766472,115.73499999999999,-0.5808528102993908,0.620547052027583,217,-165.63999999999996,-0.7633179723502302,0.7707887060438495,230.16599999999997,-0.7196545102230563,0.8317531756251473,-1.6381389174823977
Shorts_only,4,15,145,-85.99099999999999,-0.5930413793103447,0.8280596095744831,121.90799999999994,-0.7053761853200776,0.5245490959567444,-0.9117698310866794,72,-45.91400000000001,-0.6376944444444446,0.811205000102798,115.014,-0.39920357521693023,0.35687608356418643,217,-131.90499999999997,-0.6078571428571428,0.8225451893945511,222.98799999999997,-0.5915340735824349,0.8148232303435337,-1.1631093135697212
Shorts_only,4,20,145,9.286999999999992,0.0640482758620689,1.0185695061795046,70.46799999999999,0.13179031617187933,0.3169544000121836,0.08235282158698334,72,-28.982000000000006,-0.4025277777777779,0.8847931946017927,91.63199999999999,-0.31628688667714344,0.12205613247498559,217,-19.69499999999998,-0.09076036866359437,0.9737989000726368,137.988,-0.14272980259152954,0.058158528033138555,-0.14576702121684781
Shorts_only,4,25,145,-89.58999999999997,-0.6178620689655171,0.8278148495518076,109.61299999999997,-0.8173300612153668,0.7008984676011717,-0.7849322564779104,72,-3.0150000000000077,-0.04187500000000011,0.9882063017074457,86.355,-0.034914017717561315,0.013421487411629095,217,-92.60499999999995,-0.4267511520737325,0.8806570467177951,178.088,-0.5199957324468799,0.812956751494368,-0.64700159068073
Shorts_only,4,30,145,-85.04299999999998,-0.5865034482758619,0.8391131862373226,138.44599999999997,-0.6142683790069774,0.5667447593079786,-0.6862153856577116,72,12.628000000000007,0.17538888888888898,1.0486225285409005,93.712,0.1347532866655285,0.02165005401605228,217,-72.41499999999999,-0.3337096774193548,0.9081382309362889,180.89800000000008,-0.4003084611217369,0.6796377107667765,-0.460709320887795
Shorts_only,4,40,145,-151.011,-1.041455172413793,0.7202059578820208,222.9590000000001,-0.6773038989231202,0.5867948278587252,-1.185886406302972,72,76.45499999999998,1.0618749999999997,1.2943803784918082,71.295,1.0723753418893327,0.1797149992553151,217,-74.55599999999994,-0.3435760368663592,0.9067393678301107,224.44900000000013,-0.3321734558853009,0.3817071541806603,-0.4285775064517203
Shorts_only,4,50,145,-168.021,-1.1587655172413793,0.6910708572815427,239.4490000000001,-0.7016984827666849,0.5621051530759321,-1.2670879114002251,72,-31.785000000000004,-0.4414583333333334,0.8831541218637994,151.481,-0.20982829529776015,0.4521739582896129,217,-199.80599999999995,-0.9207649769585251,0.7551117958296717,312.69900000000007,-0.6389723024378073,0.7043962046353515,-1.1733364380021545
Shorts_only,5,3,145,-186.74800000000002,-1.2879172413793105,0.5501251472497718,208.897,-0.8939716702489745,0.9734130466260786,-3.2637040447496233,72,-30.094,-0.41797222222222224,0.810528171452676,55.67400000000001,-0.5405395696375327,0.5240423729811425,217,-216.84199999999998,-0.9992718894009216,0.6221883047415941,253.382,-0.85579086122929,0.9659935317095862,-3.226704256413555
Shorts_only,5,4,145,-169.25900000000001,-1.1673034482758622,0.617305248687489,201.42800000000008,-0.8402952916178483,0.9749284239313587,-2.7221308291420603,72,-34.31099999999999,-0.4765416666666666,0.8137205400915355,61.013999999999996,-0.5623463467400923,0.34609903015419724,217,-203.57,-0.9381105990783409,0.6750538331260885,257.49900000000014,-0.7905661769560266,0.9616579014819493,-2.760008234534836
Shorts_only,5,5,145,-144.482,-0.9964275862068965,0.6847890114013693,174.69100000000006,-0.8270718010658817,0.9523458716811365,-2.1646562046271614,72,-10.601,-0.14723611111111112,0.9439696407524276,51.87,-0.20437632542895703,0.008479779498952298,217,-155.083,-0.714668202764977,0.7605143560434674,215.75800000000007,-0.7187821540800339,0.9264143306002588,-1.9436131360652078
Shorts_only,5,6,145,-119.06800000000001,-0.8211586206896553,0.7486033283645745,150.27,-0.7923604179144207,0.879375687088356,-1.6606344616195186,72,-19.973999999999993,-0.2774166666666666,0.9047714400137307,50.173,-0.3981025651246685,0.07329698099550219,217,-139.042,-0.6407465437788018,0.7965360110276365,200.11,-0.694827844685423,0.9256774930059143,-1.6180907029893956
Shorts_only,5,8,145,-97.59100000000001,-0.6730413793103449,0.8083030505411616,134.553,-0.7252978380266513,0.8191793251844128,-1.2000418901646706,72,-8.239000000000004,-0.11443055555555562,0.9642121814975371,58.76,-0.14021443158611308,0.02092749982709637,217,-105.82999999999998,-0.48769585253456216,0.85685262434601,188.08399999999995,-0.5626741243274282,0.8980222691193809,-1.0783296681886545
Shorts_only,5,10,145,-108.28299999999999,-0.7467793103448275,0.8007423191862091,139.209,-0.7778448232513702,0.4272416511539325,-1.2250672236971072,72,-63.218999999999994,-0.8780416666666666,0.7630729793238368,120.309,-0.5254719098321821,0.5825373398631182,217,-171.50199999999998,-0.790331797235023,0.7883373382157106,253.6650000000001,-0.6760964263891349,0.809382402543763,-1.620572756568792
Shorts_only,5,12,145,-140.02800000000002,-0.9657103448275863,0.7559777844773654,182.2870000000001,-0.7681732652355897,0.7339374536029013,-1.5060474870886587,72,-39.85599999999998,-0.5535555555555552,0.8536959610012518,96.46600000000002,-0.4131611137602883,0.4034828460125678,217,-179.88400000000001,-0.8289585253456222,0.7874344757826273,267.52000000000015,-0.6724132775119614,0.8972997233295708,-1.5849253514057249
Shorts_only,5,15,145,-122.24299999999998,-0.843055172413793,0.7943480755092805,169.44899999999996,-0.7214147029489699,0.7391648354986792,-1.1837603169752993,72,-24.727999999999994,-0.3434444444444444,0.9125010173065967,104.89800000000004,-0.23573376041487906,0.2840364146424608,217,-146.97099999999998,-0.6772857142857142,0.8324211596919591,264.584,-0.5554795452483898,0.8861016508026727,-1.160687195105108
Shorts_only,5,20,145,-12.452000000000012,-0.08587586206896561,0.9790517431365523,95.007,-0.13106402686117877,0.06422912290381669,-0.10148990947157498,72,10.134000000000007,0.1407500000000001,1.034624964551608,73.909,0.1371145597965066,0.0003493587785666136,217,-2.3179999999999765,-0.010682027649769476,0.9973869795377275,148.97500000000002,-0.015559657660681162,0.18252922715593875,-0.015394335946322267
Shorts_only,5,25,145,-120.43299999999998,-0.8305724137931033,0.8056877237649467,153.69600000000005,-0.7835792733708095,0.8402254608165798,-0.9687393074365632,72,54.911000000000016,0.762652777777778,1.1841359583379445,82.63,0.6645407237080966,0.16958038254807595,217,-65.52199999999995,-0.3019447004608293,0.9286252723311549,191.50800000000012,-0.3421371430958493,0.7814103588989892,-0.40641969920261645
Shorts_only,5,30,145,-107.023,-0.7380896551724138,0.8300866213238329,166.39100000000002,-0.6432018558696082,0.6713642421911614,-0.7886700226348246,72,54.36400000000001,0.7550555555555557,1.1760783030876212,91.078,0.5968949691473244,0.003912857359065872,217,-52.65899999999998,-0.24266820276497686,0.9438972445630114,207.13400000000019,-0.25422673245338734,0.6601366135593644,-0.2987183910665936
Shorts_only,5,40,145,-178.958,-1.2341931034482758,0.7213078246786111,260.786,-0.6862254875645165,0.6134593056058449,-1.2887141832106725,72,147.461,2.0480694444444447,1.4776080246413756,87.63,1.68276845829054,0.3331310664240546,217,-31.49700000000003,-0.14514746543778814,0.9668760858317104,260.786,-0.12077718895953014,0.22250944531101105,-0.15999428937022114
Shorts_only,5,50,145,-185.94800000000004,-1.2824000000000002,0.7126685260872588,277.276,-0.6706242155830293,0.5263551191726402,-1.2626316266889974,72,43.144000000000034,0.5992222222222227,1.1353371665898138,108.30700000000002,0.39834913717488274,0.023008820131602183,217,-142.804,-0.6580829493087558,0.852161201891621,277.276,-0.5150247406915852,0.4241573028471992,-0.7297774756825651
Shorts_only,6,3,145,-179.701,-1.2393172413793103,0.5882242412437988,201.04000000000005,-0.8938569438917626,0.9649811920448191,-2.874978868351151,72,-42.336999999999996,-0.5880138888888888,0.7612180210260343,59.52399999999999,-0.7112593239701633,0.5162930006027557,217,-222.038,-1.0232165898617511,0.6382031223267053,253.35800000000003,-0.8763804576922772,0.9688938153791395,-3.0188060759326603
Shorts_only,6,4,145,-165.04500000000002,-1.138241379310345,0.6518258338079869,196.404,-0.8403342090792449,0.9667084692458924,-2.419465304834883,72,-50.224000000000004,-0.6975555555555556,0.7587518733428125,70.66400000000003,-0.7107438016528923,0.3741574273570688,217,-215.269,-0.9920230414746544,0.6844553175396578,263.97799999999995,-0.8154808355241726,0.9653960248291541,-2.657938609534208
Shorts_only,6,5,145,-136.541,-0.9416620689655172,0.7226433797689998,165.16199999999998,-0.8267095336699726,0.9499276475116422,-1.8704877491519547,72,-25.37400000000001,-0.3524166666666668,0.881603628321062,64.93599999999999,-0.3907539731427869,0.02779484564936716,217,-161.91500000000002,-0.746152073732719,0.7708559767225959,223.83499999999992,-0.7233676592132601,0.9352713060051442,-1.8557344754428595
Shorts_only,6,6,145,-107.04700000000001,-0.7382551724137931,0.7905695962311252,137.24200000000002,-0.7799871759373952,0.85570454281627,-1.3653540039144398,72,-36.56999999999999,-0.5079166666666666,0.8467463457154352,67.696,-0.5402091704088867,0.11848489846086765,217,-143.617,-0.6618294930875576,0.8084488594986651,204.938,-0.7007826757360762,0.9125136392304609,-1.5286027678429461
Shorts_only,6,8,145,-91.78000000000002,-0.6329655172413794,0.8361115327268019,125.87200000000004,-0.7291534257023006,0.7521993082203943,-1.0337717861492115,72,-24.831999999999997,-0.34488888888888886,0.9056538538987312,69.10400000000001,-0.3593424403797174,0.046009411502576716,217,-116.61200000000002,-0.5373824884792627,0.8583458047462633,194.976,-0.5980838667323158,0.8718602829037686,-1.089824154390772
Shorts_only,6,10,145,-78.16999999999999,-0.539103448275862,0.8684699813061468,103.18199999999999,-0.7575933786900816,0.0629437739096019,-0.8017304252670705,72,-98.69100000000002,-1.3707083333333336,0.6842706370508764,148.581,-0.6642235548286795,0.6867294216073178,217,-176.86099999999996,-0.8150276497695851,0.8049816185794592,250.817,-0.7051396037748636,0.6967100454544551,-1.5223538084173591
Shorts_only,6,12,145,-100.51200000000001,-0.6931862068965519,0.8408151823596768,136.857,-0.7344308292597383,0.47149145223482225,-0.9670549121051841,72,-73.71799999999999,-1.0238611111111109,0.7689098153297326,122.61799999999998,-0.6012004762759138,0.5581481275195823,217,-174.23000000000002,-0.8029032258064517,0.8166806605093757,253.149,-0.6882507930112306,0.8186909615424598,-1.390541201622203
Shorts_only,6,15,145,-61.46499999999999,-0.42389655172413787,0.9063034964885723,127.69099999999999,-0.48135733920166646,0.19786241968219886,-0.52749207131878,72,-57.97,-0.8051388888888888,0.8250073202906383,130.11,-0.44554607639689486,0.4190081099838315,217,-119.435,-0.5503917050691244,0.8790252331677593,251.898,-0.474140326640148,0.7307608365826245,-0.850544778209394
Shorts_only,6,20,145,60.431,0.4167655172413793,1.0912444247151585,99.97099999999999,0.6044853007372138,0.5913320330184254,0.43992013686879217,72,-20.777999999999995,-0.28858333333333325,0.9395392552544513,103.83800000000001,-0.20010015601224979,0.04639231334215685,217,39.65299999999998,0.1827327188940091,1.0394181074974227,187.72799999999998,0.2112258160743202,0.0008777540821392407,0.23906975958874452
Shorts_only,6,25,145,-45.20399999999999,-0.311751724137931,0.935288997812618,110.52300000000001,-0.40900084145381493,0.1469127538695539,-0.3148870219281181,72,28.609000000000016,0.39734722222222246,1.0818169078934197,83.401,0.34302946007841656,0.06897667280843295,217,-16.594999999999963,-0.07647465437788002,0.9841684450732336,180.03400000000002,-0.09217703322705689,0.5423846683479576,-0.09231618801847287
Shorts_only,6,30,145,-67.20499999999998,-0.46348275862068955,0.9062882592944813,159.186,-0.42217908610053634,0.3199856466200894,-0.4385168535951289,72,31.371999999999993,0.4357222222222221,1.0867106503298773,94.174,0.3331280395862976,0.021464493894170333,217,-35.83299999999994,-0.16512903225806425,0.9667889154888981,185.76799999999994,-0.1928911330261399,0.5363852702333778,-0.1847082345546829
Shorts_only,6,40,145,-103.18300000000002,-0.7116068965517243,0.8587101341516352,227.742,-0.4530697016799713,0.28830725452497163,-0.626746555286914,72,134.45899999999997,1.8674861111111107,1.3716379998949702,79.4,1.693438287153652,0.4154241565930689,217,31.275999999999982,0.14412903225806442,1.0286385604169603,227.742,0.1373308392830483,0.019634487088282363,0.14179379809772152
Shorts_only,6,50,145,-68.80000000000003,-0.47448275862068984,0.9065602068713559,223.20199999999997,-0.30824096558274583,0.05259565435836657,-0.3761114611413459,72,-18.00800000000001,-0.25011111111111123,0.9526031673338756,147.53100000000003,-0.12206248178348961,0.3832250580411251,217,-86.808,-0.400036866359447,0.9222320567904508,223.20199999999997,-0.3889212462253923,0.11528614389527495,-0.3859797019967135
Shorts_only,8,3,145,-224.089,-1.5454413793103448,0.5593327329004448,245.23800000000003,-0.9137613257325535,0.9753394366340226,-3.055915046997931,72,-23.46400000000001,-0.325888888888889,0.869645168637952,60.06400000000001,-0.39064997336174756,0.28122625238880566,217,-247.553,-1.1407972350230415,0.6404579077242154,281.666,-0.8788884707419425,0.95511420048835,-2.877091712302046
Shorts_only,8,4,145,-211.73000000000002,-1.4602068965517243,0.6203153607927597,241.04900000000004,-0.8783691282685263,0.9794017255120513,-2.6549488703839104,72,-8.680999999999997,-0.12056944444444441,0.9574733871876394,52.914,-0.16405866122387264,0.035424562044764296,217,-220.411,-1.0157188940092166,0.7106624239607865,272.403,-0.8091357290485053,0.9313273033150733,-2.3330375903190808
Shorts_only,8,5,145,-170.688,-1.1771586206896552,0.7025206481218444,206.884,-0.8250420525511881,0.9565418515464226,-2.0117145265031606,72,8.591999999999995,0.11933333333333326,1.0389410852923981,50.150000000000006,0.1713260219341973,0.1747723212069571,217,-162.096,-0.7469861751152074,0.7959573123604331,235.39799999999994,-0.6886039813422375,0.8853444398044528,-1.6011710126742305
Shorts_only,8,6,145,-138.303,-0.9538137931034483,0.768712864001766,174.80499999999995,-0.7911844626869943,0.8951463324201545,-1.52654925819581,72,11.828999999999997,0.1642916666666666,1.0482938539548783,43.896,0.2694778567523236,0.13857649415059173,217,-126.47399999999999,-0.5828294930875576,0.849955333256615,191.86799999999994,-0.659171930702358,0.8896884577818708,-1.1625504760186267
Shorts_only,8,8,145,-104.98100000000001,-0.7240068965517242,0.8396391992728994,148.55600000000004,-0.706676270228062,0.7197705627028864,-1.0264236942995135,72,17.96399999999999,0.2494999999999999,1.0629465458941423,33.827,0.5310550743488927,0.3417373377609703,217,-87.017,-0.40099999999999997,0.9074326624398963,169.657,-0.5128995561633177,0.8154408298099698,-0.7030766890994194
Shorts_only,8,10,145,-80.75399999999999,-0.5569241379310345,0.884373845585519,120.22300000000001,-0.6717017542400371,0.08811677010101905,-0.7192928554664488,72,-53.504999999999995,-0.7431249999999999,0.8469807985997905,92.86800000000001,-0.5761403282077787,0.5653368086437568,217,-134.25899999999996,-0.6187050691244238,0.8718985790998296,201.89200000000005,-0.6650040615774767,0.680557866282907,-0.9888485212118238
Shorts_only,8,12,145,-154.89499999999998,-1.0682413793103447,0.7991998848829839,207.677,-0.745845712332131,0.6933697553939924,-1.3004599965601462,72,-14.76099999999998,-0.2050138888888886,0.958733806352774,67.92999999999999,-0.2172972177241275,0.15732630333850134,217,-169.65599999999995,-0.7818248847926265,0.8497410749000744,255.11099999999996,-0.6650281642108729,0.8632648093883841,-1.1615618315249228
Shorts_only,8,15,145,-78.47599999999998,-0.5412137931034482,0.901478030414308,149.16500000000002,-0.5261019676197498,0.20793079936402475,-0.5854383291258506,72,1.3620000000000125,0.018916666666666842,1.0036019167909616,88.02199999999999,0.015473404376178827,0.0007724468581635963,217,-77.11399999999998,-0.35536405529953907,0.9343523472649649,209.241,-0.3685415382262557,0.639264452654689,-0.47100871281741885
Shorts_only,8,20,145,-14.562999999999992,-0.10043448275862063,0.9824440852009773,128.337,-0.11347467994420933,0.1584578345725939,-0.09522221125709522,72,69.411,0.9640416666666667,1.1761065808769429,64.658,1.073509851835813,0.6371066168088527,217,54.84800000000001,0.25275576036866365,1.0448227984338825,156.65300000000002,0.3501241597671287,0.04220551009459736,0.28942355935102104
Shorts_only,8,25,145,-112.954,-0.7789931034482758,0.8714782943116794,146.80000000000004,-0.7694414168937327,0.5933245285591573,-0.6984987707224823,72,118.09100000000004,1.6401527777777782,1.287702637515775,59.291000000000004,1.9917188106120665,0.7436115045249128,217,5.137000000000015,0.0236728110599079,1.0039842306060573,192.437,0.026694450651382085,0.14274126055092054,0.024807135160714686
Shorts_only,8,30,145,-117.31499999999998,-0.8090689655172413,0.8700957160321031,220.36899999999994,-0.5323570919684711,0.4428502039113188,-0.6723203580706294,72,186.144,2.5853333333333333,1.4447120208709612,56.58,3.289925768822906,0.8321221495175795,217,68.82899999999998,0.31718433179723493,1.052077690177504,220.36899999999994,0.3123352195635502,0.03143657277764802,0.3011868094505663
Shorts_only,8,40,145,-216.93900000000002,-1.4961310344827587,0.768152015346881,296.76899999999995,-0.7310029012464242,0.706893754667595,-1.1871953467073586,72,309.558,4.299416666666667,1.7247870532097718,65.29999999999998,4.740551301684534,0.8472317517055301,217,92.619,0.42681566820276495,1.067962433143014,296.76899999999995,0.31209122246595844,0.029620918172561683,0.3603397843561198
Shorts_only,8,50,145,-178.56599999999997,-1.2314896551724137,0.8107839760944777,294.79299999999995,-0.6057335147035378,0.5192100025349907,-0.8877174443699435,72,195.70100000000002,2.7180694444444446,1.43308945896183,105.57700000000003,1.8536328935279462,0.49479658868972015,217,17.13499999999999,0.07896313364055295,1.0122779876854686,294.79299999999995,0.0581255321530701,0.0546717790522677,0.06343307497516566
Shorts_only,10,3,145,-231.14600000000002,-1.5941103448275864,0.5760834679778382,252.29500000000004,-0.9161735270219385,0.9370472120688104,-2.7813983024920907,72,-26.347000000000005,-0.36593055555555565,0.8633433092838584,79.007,-0.3334767805384333,0.020382110167728954,217,-257.493,-1.1866036866359446,0.6511218600113813,310.016,-0.8305797120148637,0.9356065183692198,-2.64932033444233
Shorts_only,10,4,145,-222.11200000000002,-1.5318068965517242,0.6340691095888157,252.29100000000008,-0.8803801958849105,0.9445047380317759,-2.4549636410114677,72,-14.514,-0.20158333333333334,0.9348613436138176,71.85700000000001,-0.2019844969870715,0.012777819660239489,217,-236.626,-1.090442396313364,0.7148380021571594,307.9180000000001,-0.768470826648653,0.9192021366170635,-2.2170539570870464
Shorts_only,10,5,145,-147.15,-1.0148275862068965,0.7575694670976545,188.23600000000005,-0.7817314435070867,0.8707924711324204,-1.5425087035456122,72,17.325999999999997,0.24063888888888885,1.0744189642508926,71.013,0.2439834959796093,0.2862523260101241,217,-129.82399999999998,-0.5982672811059907,0.8454098916997602,243.87300000000005,-0.5323426537583085,0.8180305464653226,-1.1473496160364454
Shorts_only,10,6,145,-124.72000000000001,-0.8601379310344829,0.8073926505903158,163.64000000000001,-0.7621608408702029,0.8554040783238276,-1.2225127392276094,72,17.749999999999996,0.24652777777777773,1.067294240750359,62.236000000000004,0.2852047046725367,0.25600833643826454,217,-106.97,-0.4929493087557604,0.8826184952957417,203.32299999999998,-0.5261087038849516,0.8267559560598139,-0.8775359076650129
Shorts_only,10,8,145,-95.858,-0.6610896551724138,0.8677277004893045,136.25699999999998,-0.703508810556522,0.5412926871577449,-0.8326593741894377,72,20.682,0.28725,1.0656431806568125,59.797,0.3458701941568975,0.3510919254317795,217,-75.17600000000002,-0.3464331797235024,0.9276993255232652,196.05399999999997,-0.38344537729401096,0.6839063555383548,-0.5419309829178252
Shorts_only,10,10,145,-47.82299999999997,-0.3298137931034481,0.9377655566588109,124.61699999999999,-0.3837598401502201,0.08450714398082979,-0.3798283850683328,72,-18.537000000000006,-0.2574583333333334,0.9506685046997584,90.553,-0.20470884454407923,0.02927292749858003,217,-66.35999999999996,-0.30580645161290304,0.9420029942396282,168.70599999999996,-0.3933470060341658,0.22911711920798844,-0.4346398721673441
Shorts_only,10,12,145,-121.524,-0.8380965517241379,0.8588161487075227,165.95299999999997,-0.7322796213385718,0.327343923613934,-0.8989033950462785,72,30.330000000000005,0.42125000000000007,1.078621161612758,69.787,0.4346081648444553,0.295844871021662,217,-91.19399999999996,-0.4202488479262671,0.9268413604551538,223.30899999999994,-0.4083758379644349,0.49539174104765765,-0.551388379795511
Shorts_only,10,15,145,-96.51799999999999,-0.6656413793103447,0.895280471225945,143.954,-0.670478069383275,0.2410566289656179,-0.6432126735756729,72,9.77600000000001,0.1357777777777779,1.022727431237664,111.63100000000001,0.0875742401304298,0.12930913835907704,217,-86.74199999999999,-0.3997327188940092,0.9358332679894245,250.892,-0.3457344195908996,0.6395424418399442,-0.4734946393250234
Shorts_only,10,20,145,7.347999999999999,0.05067586206896551,1.0077119662470284,136.464,0.05384570289600187,0.30867453948549206,0.04297778124245233,72,63.34499999999999,0.8797916666666665,1.1374969882852437,70.917,0.8932272938787595,0.6940390001199462,217,70.69300000000001,0.32577419354838716,1.0500125220550887,187.47000000000003,0.37708966768016217,0.11409380279212893,0.3353916691863417
Shorts_only,10,25,145,-136.51799999999997,-0.9415034482758619,0.8680175760007347,171.79099999999997,-0.7946749247632298,0.5129784831071728,-0.7537657993469136,72,158.60200000000003,2.202805555555556,1.3369198773848041,70.917,2.236445422113175,0.8359147859452639,217,22.084000000000024,0.10176958525345633,1.0146727207253177,237.148,0.09312328166377125,0.09130184443099856,0.09543618726676414
Shorts_only,10,30,145,-141.97699999999998,-0.9791517241379308,0.8653776862450601,198.858,-0.7139617214293615,0.5401040048773733,-0.7326206579642802,72,244.74500000000006,3.399236111111112,1.5090571382812552,70.917,3.4511471156422306,0.9178622754454383,217,102.768,0.4735852534562212,1.0669318287652898,235.79700000000005,0.4358325169531418,0.022451326572659934,0.4047361648925436
Shorts_only,10,40,145,-260.66799999999995,-1.797710344827586,0.7641047731435564,354.2869999999999,-0.7357537815386961,0.7457586125069326,-1.2753207063315493,72,331.599,4.605541666666666,1.6618729303933524,70.917,4.675874613985363,0.9026180395530985,217,70.9310000000001,0.3268709677419359,1.044165784048363,360.67699999999985,0.1966607241382182,8.153488276034735e-05,0.2511159792803558
Shorts_only,10,50,145,-238.56199999999998,-1.645255172413793,0.7860461195175675,339.5489999999999,-0.7025848993812381,0.557114064974391,-1.0768042790684882,72,230.50500000000002,3.2014583333333335,1.434015944326659,81.42000000000002,2.8310611643330876,0.7946682954819267,217,-8.056999999999931,-0.0371290322580642,0.9951054422719204,339.5489999999999,-0.023728534026016667,0.013507391786631502,-0.027054312276010066
Shorts_only,12,3,145,-212.625,-1.4663793103448275,0.6145709841967306,233.77400000000006,-0.9095322833163652,0.8738158965998567,-2.348847580765657,72,-3.2299999999999933,-0.04486111111111102,0.982272228320527,59.12,-0.05463464140730706,0.1496458216103626,217,-215.85500000000002,-0.9947235023041475,0.7058627145851105,267.09800000000007,-0.8081490688810847,0.8849353564837634,-2.052180429814661
Shorts_only,12,4,145,-206.45399999999998,-1.4238206896551722,0.6695747367612391,236.01600000000005,-0.874745779947122,0.9022772971998437,-2.0870262745169708,72,7.322999999999997,0.10170833333333329,1.0334643330439155,55.739999999999995,0.13137782561894507,0.3570191403485986,217,-199.13100000000003,-0.9176543778801844,0.7639629558948513,269.023,-0.7402006519888634,0.8627544619519681,-1.7136525228959287
Shorts_only,12,5,145,-140.669,-0.9701310344827587,0.7792191077984063,182.02800000000002,-0.7727877029907486,0.7487255294274657,-1.3490683052307684,72,40.30600000000001,0.5598055555555557,1.1746133518173545,52.429,0.7687730073051176,0.6293794086687952,217,-100.363,-0.46250230414746546,0.8843708272031505,213.31799999999998,-0.4704853786365895,0.6508723188529973,-0.8153664402720712
Shorts_only,12,6,145,-101.456,-0.6996965517241379,0.8494360679092964,150.556,-0.6738755014745343,0.6555806486415482,-0.9126855599041706,72,38.727000000000004,0.5378750000000001,1.1450503764185924,48.119,0.8048172239655854,0.6532330282719541,217,-62.72900000000003,-0.28907373271889414,0.9333258930943953,173.66200000000003,-0.3612131611981897,0.6207835299346907,-0.47396441862001937
Shorts_only,12,8,145,-120.74099999999999,-0.8326965517241378,0.8489336359473411,167.95600000000007,-0.7188847078996876,0.43723421860740264,-0.9496835571117053,72,40.971999999999994,0.5690555555555554,1.1248092312285047,40.220000000000006,1.0186971655892587,0.7341214390343236,217,-79.76900000000003,-0.36759907834101396,0.9292536373593724,201.1370000000001,-0.3965903836688426,0.5309278700887428,-0.5230718479022305
Shorts_only,12,10,145,-68.279,-0.47088965517241377,0.9197918881486905,178.48699999999997,-0.38254326645638065,0.07929508427136053,-0.4926511258300116,72,-3.566999999999993,-0.04954166666666657,0.9911130931767392,65.407,-0.05453544727628531,0.0739837280331922,217,-71.846,-0.33108755760368663,0.9426447930387577,178.48699999999997,-0.40252791519830583,0.07134060483966341,-0.4281630708842549
Shorts_only,12,12,145,-146.738,-1.0119862068965517,0.8472710543790735,209.33999999999997,-0.7009553835865101,0.24114830272672108,-0.9831037459648021,72,51.39699999999998,0.7138472222222219,1.124289345072994,49.480000000000004,1.0387429264349226,0.6814553839032804,217,-95.34100000000001,-0.43935944700460833,0.9306258236005068,231.41100000000003,-0.4119985653231696,0.25796171571919085,-0.5239828914331104
Shorts_only,12,15,145,-116.56899999999996,-0.8039241379310342,0.8872143931807516,188.056,-0.6198632322286975,0.12053526166436003,-0.7058453758771022,72,60.804,0.8445,1.1338655312328692,65.624,0.9265512617335122,0.5571751028913934,217,-55.764999999999986,-0.25698156682027645,0.9625175263247752,216.918,-0.25707871177126834,0.33079390949075466,-0.27658463637124003
Shorts_only,12,20,145,-22.14900000000002,-0.15275172413793117,0.9795415247286242,185.346,-0.11950082548315052,0.19353677286326845,-0.11854629415299958,72,134.01899999999998,1.8613749999999998,1.2730862728397148,73.16,1.8318616730453798,0.8249450853523458,217,111.87000000000006,0.5155299539170509,1.0711012978989942,185.346,0.6035738564630478,0.4381804633929064,0.48413940659779864
Shorts_only,12,25,145,-133.70299999999997,-0.9220896551724136,0.8855177657542258,191.99400000000003,-0.6963915539027259,0.40661742373178117,-0.6687544295933665,72,229.14599999999996,3.1825833333333327,1.4557153852120115,73.16,3.1321213778020773,0.8757019760113962,217,95.44300000000005,0.43982949308755787,1.0571268674583414,204.163,0.46748431400400686,0.11174948160675265,0.37573563044663644
Shorts_only,12,30,145,-158.375,-1.092241379310345,0.8684647647522942,260.38000000000017,-0.6082456409862504,0.565836622933554,-0.7424112273381621,72,333.5419999999999,4.632527777777777,1.6472471687714914,73.16000000000003,4.55907599781301,0.9284190583397978,217,175.16700000000006,0.8072211981566823,1.101878358053571,260.38000000000017,0.6727360012289728,0.2060829916999403,0.6295268070182253
Shorts_only,12,40,145,-344.299,-2.3744758620689654,0.7319435047690526,401.513,-0.857503991153462,0.7815684849372059,-1.5438321214939403,72,404.826,5.622583333333334,1.7341598145857746,79.31999999999994,5.103706505295012,0.8567469545471862,217,60.5270000000001,0.2789262672811065,1.0329696308122547,401.513,0.150747298344014,0.01138804246285323,0.19674760257007212
Shorts_only,12,50,145,-244.6699999999999,-1.687379310344827,0.8095103886791541,379.0639999999996,-0.6454582867273077,0.47706565762386494,-0.9870537170289616,72,264.539,3.6741527777777776,1.440998292946401,99.1,2.66941473259334,0.7134682230488685,217,19.869000000000028,0.09156221198156694,1.0105445496475864,379.0639999999996,0.05241595086845506,0.12998886117076022,0.06045175010463128
Shorts_only,15,3,145,-215.469,-1.4859931034482758,0.6261996294420118,243.47300000000004,-0.8849810861984695,0.7606958367148876,-2.1285516456696523,72,23.309999999999988,0.3237499999999998,1.1385767790262173,45.269999999999996,0.5149105367793239,0.5781175464506392,217,-192.15899999999996,-0.8855253456221196,0.7419430649523662,266.1970000000001,-0.7218676393798573,0.821567481196669,-1.6498788156001334
Shorts_only,15,4,145,-199.572,-1.3763586206896552,0.6941078375172051,251.913,-0.7922258875087828,0.7984692791556357,-1.8057887957985197,72,48.13599999999999,0.6685555555555553,1.2427433182047403,39.18000000000001,1.2285860132720772,0.7682033768638665,217,-151.43600000000004,-0.6978617511520739,0.8219920397401749,274.033,-0.5526195750146881,0.7803202610013513,-1.1813418116764487
Shorts_only,15,5,145,-129.42,-0.8925517241379309,0.8060908625076039,201.462,-0.642404026565804,0.5976182598776202,-1.1162948518427966,72,103.956,1.4438333333333333,1.5242360060514373,35.420000000000016,2.934952004517221,0.8858760338244651,217,-25.464000000000002,-0.11734562211981568,0.9705865366178212,221.489,-0.11496733472091165,0.44230562983079247,-0.18916611060295632
Shorts_only,15,6,145,-68.01700000000002,-0.4690827586206898,0.9024910185134746,162.954,-0.4174000024546806,0.19110341651835822,-0.5535322750391711,72,120.12000000000003,1.668333333333334,1.5258964143426295,45.150000000000034,2.6604651162790685,0.905181891975421,217,52.10299999999997,0.24010599078341002,1.056269412369486,180.95100000000002,0.2879398290144844,0.13242202534599398,0.361961913795511
Shorts_only,15,8,145,-167.15700000000004,-1.1528068965517244,0.8130354104939618,207.55600000000004,-0.8053585538360732,0.4222933689082,-1.1756605923083971,72,145.359,2.018875,1.5036868914376795,45.36,3.2045634920634924,0.8936613937215777,217,-21.79800000000003,-0.10045161290322595,0.9815684646390683,236.74600000000004,-0.09207336132395068,0.1563964751104736,-0.12948994746778872
Shorts_only,15,10,145,-152.04500000000002,-1.048586206896552,0.8441366598940854,222.14100000000002,-0.6844526674499529,0.0005438436843372955,-0.9855688518903063,72,150.29999999999998,2.0875,1.430276831467751,60.760000000000005,2.473666886109282,0.884985128127087,217,-1.7449999999999974,-0.008041474654377868,0.9986828319791791,222.97499999999994,-0.007825989460701862,0.012461963678635633,-0.009414554781308397
Shorts_only,15,12,145,-222.14000000000007,-1.5320000000000005,0.7973746452870494,273.7890000000001,-0.8113547293718886,0.21561587269322752,-1.33673965782354,72,191.827,2.6642638888888888,1.5055262741790965,60.76,3.1571263989466756,0.9070651459591846,217,-30.313000000000038,-0.1396912442396315,0.9794595224591384,295.0260000000001,-0.10274687654647395,0.014781299516870355,-0.1503185515208756
Shorts_only,15,15,145,-193.17700000000002,-1.3322551724137932,0.8372175721463969,251.05300000000003,-0.7694670049750452,0.11200579032604428,-1.0542542478974997,72,219.95100000000002,3.0548750000000005,1.5123838143825568,76.38,2.8796936370777697,0.8918615302815193,217,26.77400000000005,0.1233824884792629,1.016568182085398,282.22900000000004,0.09486622565363605,0.013157507411100309,0.119550448629819
Shorts_only,15,20,145,-155.344,-1.0713379310344828,0.8784057108863771,242.351,-0.6409876583962929,0.005757215927184208,-0.757203157218405,72,250.167,3.4745416666666666,1.4953998178145669,90.70000000000002,2.7581808158765155,0.8943651396527881,217,94.82299999999998,0.43697235023041464,1.0531954402145254,243.45999999999998,0.3894808182042224,0.15267788168258484,0.3720165287455402
Shorts_only,15,25,145,-273.991,-1.8895931034482758,0.8019453365630316,312.76400000000007,-0.8760311289023031,0.6100593139471328,-1.249250235895059,72,371.93300000000005,5.165736111111112,1.7152557692307693,90.69999999999993,4.1006945975744244,0.921056542452454,217,97.94200000000001,0.4513456221198157,1.051456043912744,323.194,0.3030439921533197,0.03556526082362232,0.3491479447380379
Shorts_only,15,30,145,-338.2629999999999,-2.3328482758620686,0.7657547669583223,393.956,-0.8586314207678012,0.7574924868451477,-1.4580443858209216,72,494.889,6.873458333333334,1.9249967758033861,90.69999999999993,5.456328555678064,0.9527123303539108,217,156.62599999999998,0.7217788018433179,1.0791411328137632,393.956,0.3975723177207606,0.06220721125678014,0.5127789186116901
Shorts_only,15,40,145,-524.367,-3.6163241379310342,0.6575141960286389,562.5389999999996,-0.9321433713929173,0.8227853909532451,-2.170049682516402,72,606.676,8.426055555555557,2.0449355566004743,90.70000000000016,6.688820286659305,0.9359766367100739,217,82.30900000000003,0.3793041474654379,1.0389785423619171,562.5389999999996,0.1463169664681028,0.004048202939834588,0.2426586431092096
Shorts_only,15,50,145,-413.8579999999999,-2.8541931034482753,0.7296922005771157,478.7779999999998,-0.8644047972129046,0.6179880946881805,-1.5487553552892033,72,488.09900000000005,6.779152777777778,1.770653833462013,126.03999999999996,3.8725721993018105,0.8928810554583458,217,74.24100000000004,0.34212442396313386,1.0343006598999547,478.7779999999998,0.15506351586747943,0.09356348376171497,0.20407650247463152
Shorts_only,18,3,145,-222.51800000000003,-1.5346068965517243,0.6284697699036437,250.58400000000003,-0.8879976375187562,0.7944143894534589,-1.9972561919746714,72,12.636000000000003,0.17550000000000004,1.0694499406410767,59.556999999999995,0.21216649596185175,0.3330866120002626,217,-209.882,-0.9671981566820277,0.7312192729363644,290.5520000000001,-0.7223560670723311,0.8587607374019925,-1.635686504955613
Shorts_only,18,4,145,-171.86,-1.185241379310345,0.7369061597270167,227.42699999999996,-0.755671050490927,0.7269419435030376,-1.4337617644427534,72,32.322,0.4489166666666667,1.1481749750153576,49.174,0.6572985724163176,0.5924465579103415,217,-139.53800000000004,-0.6430322580645164,0.8398620089721711,267.4079999999999,-0.5218168491593373,0.7950451622228428,-0.9995906359345093
Shorts_only,18,5,145,-96.35500000000002,-0.6645172413793105,0.8564964919047965,169.78300000000002,-0.5675185383695659,0.40410266029493624,-0.7674064349560097,72,89.412,1.2418333333333333,1.4098948352847336,43.065999999999995,2.0761621696930295,0.8181476566067766,217,-6.943000000000005,-0.03199539170506915,0.9921952020108342,191.45700000000002,-0.03626401750784774,0.42365902879662937,-0.04750322643950567
Shorts_only,18,6,145,-58.63200000000003,-0.4043586206896554,0.9191822286914666,150.685,-0.38910309586222935,0.1535943488811152,-0.437773887804871,72,100.50600000000003,1.3959166666666671,1.3951422033858323,37.117,2.7078158256324607,0.8458041452551153,217,41.873999999999945,0.19296774193548363,1.042735635890831,174.599,0.23982955228838623,0.2241374707986879,0.26623751841744336
Shorts_only,18,8,145,-197.14000000000004,-1.359586206896552,0.7955706631354196,237.53899999999993,-0.8299268751657627,0.6673851779576278,-1.266261907205967,72,114.905,1.595902777777778,1.3512367642383782,56.209999999999994,2.0442092154420926,0.8037622064117317,217,-82.23500000000003,-0.3789631336405531,0.9363253366081113,275.6859999999999,-0.2982922600349675,0.4876821970773495,-0.4457676698741962
Shorts_only,18,10,145,-183.18500000000003,-1.2633448275862071,0.8268274882824834,240.40499999999994,-0.7619849836733849,0.05905752868614732,-1.0864755422559464,72,138.666,1.9259166666666667,1.3629486931166794,72.677,1.9079763886786738,0.8763963240117527,217,-44.518999999999984,-0.2051566820276497,0.9690812794470621,266.0319999999998,-0.16734452998135568,0.022506799577557003,-0.22009767884895012
Shorts_only,18,12,145,-207.07000000000005,-1.4280689655172418,0.822713282163023,282.5439999999999,-0.7328770032278162,0.1556881837839719,-1.137853640601063,72,219.71300000000002,3.0515694444444446,1.56592931067346,72.67699999999999,3.0231434979429537,0.9231165217370408,217,12.643,0.05826267281105991,1.0081241256910134,291.87300000000005,0.04331678504006879,0.0020578505114451978,0.057828500623482826
Shorts_only,18,15,145,-176.602,-1.2179448275862068,0.8616531245985167,258.05,-0.6843712458825809,0.05048702305743034,-0.8805484196606576,72,248.157,3.446625,1.5559022768613184,90.697,2.736110345435902,0.9058067812102228,217,71.55500000000004,0.329746543778802,1.0415312376662873,279.971,0.2555800422186585,0.0006114945367352483,0.2947636713856838
Shorts_only,18,20,145,-124.03600000000004,-0.8554206896551727,0.9099328322985877,256.5799999999999,-0.48342037571127944,0.02955353740520326,-0.553773251492052,72,278.754,3.8715833333333336,1.5191394421123596,108.48000000000005,2.5696349557522113,0.9140271526499641,217,154.71800000000005,0.7129861751152076,1.0808305086870937,256.5799999999999,0.6030010133291764,0.2835541676903255,0.5607107176929459
Shorts_only,18,25,145,-262.98800000000006,-1.8137103448275866,0.8253051984371077,290.46100000000007,-0.9054158733874771,0.4580258706601208,-1.097604238197514,72,412.204,5.725055555555556,1.7426510330712521,108.48000000000008,3.7998156342182865,0.9396949058646107,217,149.2160000000001,0.6876313364055304,1.0724188505662335,326.50800000000015,0.45700564764109924,0.08958890753776558,0.49225456253817773
Shorts_only,18,30,145,-314.824,-2.1712000000000002,0.8005593794245931,358.72700000000026,-0.8776144533308052,0.6820267772694519,-1.2346850683591046,72,546.072,7.584333333333333,1.951454348409399,108.48000000000002,5.033849557522123,0.9635734054641114,217,231.24800000000005,1.0656589861751153,1.1074338352840392,367.92400000000026,0.6285211076200516,0.11949526716713887,0.6998292656861554
Shorts_only,18,40,145,-523.7370000000001,-3.6119793103448283,0.6881493204910187,552.3700000000001,-0.9481633687564495,0.7947019795820683,-1.9755394930223629,72,694.509,9.645958333333333,2.1367429177496544,108.4799999999999,6.4021847345132805,0.9432948785310045,217,170.77200000000005,0.7869677419354841,1.0745595115638586,557.0370000000001,0.30657209485186804,0.02697681938008489,0.46811417344376866
Shorts_only,18,50,145,-433.37500000000006,-2.9887931034482764,0.7419539039017583,489.12899999999996,-0.8860137100846609,0.6378763855369466,-1.5078882174491757,72,544.775,7.566319444444444,1.8095879947213875,116.60999999999996,4.671769145013294,0.8743949088097163,217,111.40000000000003,0.5133640552995393,1.0473568581572825,489.12899999999996,0.2277517791829968,0.11404380608433604,0.288078622551786
Shorts_only,22,3,145,-227.78600000000006,-1.570937931034483,0.6323992666899053,249.60100000000006,-0.9126005104146218,0.6630959516511201,-1.841179953472298,72,-1.7199999999999918,-0.023888888888888776,0.9913715260359187,54.14,-0.03176948651643871,0.33085085803591785,217,-229.50600000000003,-1.05763133640553,0.7197715251356539,287.945,-0.7970480473701577,0.8272030910658864,-1.6050202752756422
Shorts_only,22,4,145,-210.87200000000004,-1.454289655172414,0.7025577226070631,262.178,-0.8043085232170512,0.6940074835751835,-1.5624908808143336,72,10.645999999999999,0.1478611111111111,1.0436651490915057,53.107,0.20046321577193213,0.5488803871391387,217,-200.226,-0.9227004608294931,0.7898465617295417,307.07500000000005,-0.6520426605878041,0.8173163894497208,-1.2716110369543339
Shorts_only,22,5,145,-162.523,-1.120848275862069,0.7844456793774874,218.99099999999996,-0.7421446543465258,0.6124716319914149,-1.140629503555405,72,68.75599999999999,0.9549444444444443,1.2820064804560927,44.82,1.5340473003123603,0.8114866679922569,217,-93.767,-0.4321059907834101,0.9060250333989117,253.18799999999996,-0.3703453560200326,0.664746791538451,-0.5660791251397695
Shorts_only,22,6,145,-135.04600000000002,-0.9313517241379312,0.8353352590513421,233.032,-0.579516976209276,0.49223189667571804,-0.8904466728138799,72,72.69000000000003,1.0095833333333337,1.2522381844680401,51.650000000000006,1.4073572120038726,0.8168270107944272,217,-62.356000000000016,-0.2873548387096775,0.9437376106078912,264.939,-0.23535983754751097,0.6099828863844865,-0.35026533877040655
Shorts_only,22,8,145,-298.77200000000005,-2.0604965517241385,0.7261482366161656,339.17099999999994,-0.8808889910988855,0.8385415272618603,-1.7091786771839061,72,72.999,1.0138749999999999,1.1935029821073557,72.3,1.009668049792531,0.7243342069893064,217,-225.77300000000002,-1.0404285714285715,0.8462297607558391,389.611,-0.5794831254764369,0.7822894298213348,-1.0889573249132938
Shorts_only,22,10,145,-282.095,-1.9454827586206898,0.7624317115915338,312.4679999999999,-0.9027964463561072,0.42928555891000425,-1.5050653186234195,72,119.13000000000001,1.6545833333333335,1.2825195057746581,88.77,1.3420074349442381,0.8517068067175765,217,-162.965,-0.7509907834101383,0.8987226997502327,381.03499999999997,-0.427690369651082,0.43276442138609283,-0.7257158131065437
Shorts_only,22,12,145,-299.30600000000004,-2.064179310344828,0.7694803669447788,342.2750000000001,-0.8744605945511649,0.5673229580628567,-1.4893671392840913,72,204.78300000000002,2.8442083333333334,1.4786326983755986,88.77,2.3068942210206154,0.9137030250971041,217,-94.52300000000002,-0.43558986175115216,0.9452436412633882,400.2020000000002,-0.236188224946402,0.194612277649732,-0.3922904579717718
Shorts_only,22,15,145,-305.19100000000003,-2.1047655172413795,0.7876357497785486,347.93399999999997,-0.8771519885955384,0.5404167464178179,-1.3871396573772172,72,227.074,3.1538055555555555,1.4555538391476095,88.77,2.5580038301227894,0.8664839036469585,217,-78.11700000000002,-0.3599861751152075,0.9596413042579749,406.633,-0.19210688753741093,0.3374918283612457,-0.2933302935328816
Shorts_only,22,20,145,-306.58500000000004,-2.1143793103448276,0.8061860401605208,343.259,-0.893159392761734,0.36922294508739273,-1.2559613488240624,72,284.841,3.956125,1.484736734624417,94.78999999999999,3.0049688785736897,0.9062625383247782,217,-21.74399999999997,-0.10020276497695839,0.9899772847955631,378.148,-0.05750129578895028,0.08020933190107662,-0.07226018322469878
Shorts_only,22,25,145,-416.05999999999995,-2.869379310344827,0.7569846612848867,438.9630000000001,-0.9478247597177891,0.7993912872123772,-1.5946968511932313,72,434.898,6.04025,1.7264281419122074,94.78999999999996,4.588015613461337,0.9374223490082031,217,18.837999999999994,0.08681105990783407,1.0081523209101104,477.65300000000013,0.039438672006665905,0.05854744443094968,0.05733961076730978
Shorts_only,22,30,145,-506.0399999999999,-3.489931034482758,0.7191309956074671,532.9630000000001,-0.9494842981595342,0.8995113651585147,-1.8414855707137485,72,575.389,7.991513888888889,1.9267358913279118,94.78999999999985,6.0701445300137244,0.9666911339270515,217,69.34900000000005,0.31958064516129053,1.0286261991908598,557.213,0.12445689529856635,0.009558892424064385,0.19517511111096325
Shorts_only,22,40,145,-662.597,-4.56963448275862,0.6515821638286382,685.5,-0.9665893508388038,0.8890886506991076,-2.2924950616801536,72,666.076,9.251055555555556,1.9948010400906862,103.52,6.434273570324575,0.9489454460874756,217,3.4790000000000987,0.016032258064516584,1.0013530184094506,708.72,0.00490884975730909,0.033612064198293184,0.008942480283199494
Shorts_only,22,50,145,-549.725,-3.7912068965517243,0.7109344066011439,578.4079999999998,-0.9504104369234178,0.7825770389933865,-1.753223562438432,72,504.565,7.007847222222222,1.6788411810449444,109.57299999999998,4.604829656941035,0.8845250819322166,217,-45.15999999999991,-0.20811059907834062,0.9829263082678485,578.4079999999998,-0.0780763751538705,0.00010895669789492762,-0.10943331906850086
Shorts_only,26,3,145,-251.662,-1.7356,0.6150161772692158,282.091,-0.8921305536156772,0.738765643307531,-1.8420727065888634,72,-9.026999999999997,-0.12537499999999996,0.9569460143942536,59.919999999999995,-0.150650867823765,0.34890584255481105,217,-260.68899999999996,-1.2013317972350228,0.6980536553612505,301.562,-0.8644623659479641,0.8419540837061953,-1.6520179230875542
Shorts_only,26,4,145,-247.34900000000002,-1.7058551724137931,0.673732848976017,302.9650000000001,-0.8164276401564535,0.7838819397015215,-1.6566397953034557,72,-3.2510000000000066,-0.04515277777777787,0.987589566226518,53.64,-0.06060775540641324,0.520235914115866,217,-250.60000000000002,-1.1548387096774195,0.7543317893292161,331.0350000000001,-0.7570196504901293,0.8429044134155071,-1.438308689487273
Shorts_only,26,5,145,-203.611,-1.4042137931034482,0.74868889588309,272.84900000000005,-0.7462405946146036,0.7639989187231994,-1.293977960423857,72,55.79999999999998,0.7749999999999998,1.213012059231095,52.14,1.070195627157652,0.8200060701123513,217,-147.81099999999998,-0.6811566820276497,0.862136152336609,290.62600000000003,-0.5085952392421874,0.707960168199154,-0.8085264411361197
Shorts_only,26,6,145,-173.48000000000002,-1.1964137931034484,0.8022242363094322,247.64300000000003,-0.7005245454141648,0.7068112504433253,-1.0434305885229571,72,53.543000000000006,0.7436527777777778,1.170526168280852,68.23,0.784742781767551,0.7632564617630251,217,-119.93700000000007,-0.5527050691244243,0.8993092343314232,281.36,-0.42627594540801844,0.6898037365565557,-0.6133477814980565
Shorts_only,26,8,145,-379.28,-2.6157241379310343,0.6831695078217737,428.489,-0.8851569118460451,0.8905515054329982,-1.9605727329410643,72,40.07199999999999,0.5565555555555554,1.09581399574872,87.97,0.45551892690689993,0.5432062927617366,217,-339.208,-1.5631705069124424,0.79000751547358,481.669,-0.7042346507663978,0.8274032379256756,-1.4796239264901185
Shorts_only,26,10,145,-370.15999999999997,-2.5528275862068965,0.7164811058891293,419.47899999999987,-0.8824279642127498,0.6393972041051894,-1.7923913572022072,72,80.063,1.1119861111111111,1.17006565741317,104.22,0.7682114757244292,0.7462599515739587,217,-290.09700000000004,-1.3368525345622122,0.8366910253443962,484.5499999999999,-0.5986936332679808,0.5964338914028902,-1.1733229731807515
Shorts_only,26,12,145,-400.23800000000006,-2.7602620689655177,0.7213085417576228,469.52699999999976,-0.852428081878146,0.7341920941801242,-1.8096435940553135,72,170.346,2.3659166666666667,1.3571516929199068,104.22,1.6344847438111687,0.8836843133841954,217,-229.8920000000001,-1.0594101382488483,0.8798321040829234,516.5839999999998,-0.4450234618184074,0.378209705904846,-0.8686663295086509
Shorts_only,26,15,145,-412.16099999999994,-2.8424896551724133,0.7406978668148054,477.9069999999999,-0.8624293010983308,0.7215941234651752,-1.7129188015714678,72,222.314,3.0876944444444443,1.4167811820992224,104.22,2.133122241412397,0.8243676265823136,217,-189.847,-0.8748709677419355,0.9105721962515568,529.0529999999999,-0.3588430648725176,0.46261111160689644,-0.6546188255885543
Shorts_only,26,20,145,-419.861,-2.8955931034482756,0.761029574981303,444.695,-0.9441549826285431,0.6267757293083223,-1.5785717407695317,72,271.817,3.775236111111111,1.4259072683314349,114.36000000000004,2.376853795033228,0.879814360436691,217,-148.04400000000004,-0.682230414746544,0.9381904795703012,506.8739999999999,-0.2920725860864832,0.24411174298548727,-0.4536662203385469
Shorts_only,26,25,145,-583.766,-4.025972413793103,0.6958172170812906,606.6690000000001,-0.9622479473980043,0.8840228451266872,-2.072954780190263,72,426.611,5.925152777777778,1.6570655831884264,114.36000000000001,3.730421476040573,0.9306072673672653,217,-157.15499999999997,-0.7242165898617511,0.9388120056253009,660.8090000000001,-0.2378221240933461,0.2658352846879085,-0.4449499710237465
Shorts_only,26,30,145,-685.296,-4.726179310344828,0.6615220483641536,708.1990000000003,-0.9676602197969776,0.930264981520265,-2.317406790916131,72,525.649,7.300680555555555,1.7641502165326572,114.36000000000001,4.596441063308848,0.9549897193893734,217,-159.64699999999993,-0.7357004608294928,0.9411445489759183,751.9190000000002,-0.21231941206433125,0.19985391945552153,-0.4209837739851999
Shorts_only,26,40,145,-846.66,-5.8390344827586205,0.604275170517458,869.563,-0.9736614828367812,0.9195973718949222,-2.726104714685799,72,616.336,8.560222222222222,1.836768413464084,118.97,5.180600151298647,0.9464285677467434,217,-230.32400000000007,-1.0614009216589866,0.9199174989325766,908.233,-0.2535957182793403,0.22258047286183621,-0.5583009314229868
Shorts_only,26,50,145,-723.691,-4.990972413793104,0.6617502922388558,746.5939999999998,-0.9693233537906817,0.8562771179300093,-2.1572377237484393,72,442.222,6.141972222222222,1.5374030699233308,131.74,3.3567785031121904,0.8696157961348563,217,-281.46900000000005,-1.2970921658986176,0.904986288163262,765.2939999999998,-0.3677919858250557,0.1291653350671066,-0.6447993740641025
Shorts_only,30,3,145,-305.396,-2.1061793103448276,0.5683015539368614,343.668,-0.8886367075200484,0.7541447028451996,-2.0583108165605974,72,-40.47,-0.5620833333333333,0.8321513002364065,71.49000000000001,-0.566093159882501,0.03356135461597088,217,-345.866,-1.5938525345622119,0.6353697633940196,379.052,-0.9124500068592171,0.8751032224151765,-1.9971798213298404
Shorts_only,30,4,145,-317.045,-2.1865172413793106,0.617009376502451,388.65800000000013,-0.8157428896356177,0.8021546423888555,-1.9483135045577515,72,-8.364000000000011,-0.11616666666666682,0.9691808835992484,65.21000000000001,-0.12826253642079452,0.5411963718438233,217,-325.40900000000005,-1.4995806451612905,0.7039594106280543,430.25500000000017,-0.7563166029447651,0.8531595509542549,-1.7161599685083586
Shorts_only,30,5,145,-281.55000000000007,-1.941724137931035,0.6829870267324524,365.6849999999999,-0.7699249353952177,0.8052293930741017,-1.6413478125833243,72,51.407,0.7139861111111111,1.1894211282655955,60.32,0.8522380636604774,0.7956387447226247,217,-230.143,-1.0605668202764977,0.8015194165881864,395.472,-0.5819451187441842,0.7724714373793815,-1.1573042456103695
Shorts_only,30,6,145,-186.66899999999998,-1.2873724137931033,0.7932616698636873,304.56,-0.6129137115839243,0.6754084772182254,-1.0560281867989947,72,42.02000000000002,0.5836111111111113,1.1266921940483008,84.00999999999999,0.5001785501725987,0.7159584967684318,217,-144.649,-0.6665852534562212,0.8828367868303265,321.45599999999996,-0.4499807127569559,0.6843640305195434,-0.6922154767964991
Shorts_only,30,8,145,-427.71799999999996,-2.949779310344827,0.6610053696328437,506.43000000000006,-0.8445747684773807,0.8726798115830933,-2.0614986178098915,72,14.028999999999996,0.19484722222222217,1.0310190815220996,104.52999999999999,0.1342102745623266,0.4099732762589077,217,-413.689,-1.9064009216589863,0.7586404861157705,542.577,-0.7624521496488057,0.835142531421404,-1.6755396429155867
Shorts_only,30,10,145,-410.145,-2.8285862068965515,0.6996887385748166,491.7670000000001,-0.834023023098337,0.6938869198892539,-1.8653855227146705,72,48.650000000000006,0.6756944444444445,1.0949601811367895,120.36000000000001,0.4042040545031572,0.6432200368589321,217,-361.49499999999995,-1.6658755760368662,0.8075160818145174,540.6750000000002,-0.668599435890322,0.6829190413729295,-1.3657876418201118
Shorts_only,30,12,145,-457.249,-3.153441379310345,0.6986179568065364,560.778,-0.815383271098367,0.7955592565258057,-1.9363730915685236,72,140.963,1.9578194444444443,1.2718669238187075,120.36,1.1711781322698571,0.8256700241737862,217,-316.28600000000006,-1.4575391705069127,0.8446283638735868,589.7350000000001,-0.5363188550789761,0.531434240330785,-1.1163055828755415
Shorts_only,30,15,145,-483.51300000000003,-3.334572413793104,0.7141983168004312,586.799,-0.823984021785995,0.7634289681563579,-1.8815390358440516,72,187.591,2.6054305555555555,1.3215919221010763,125.014,1.500559937287024,0.7308329625196326,217,-295.92199999999997,-1.3636958525345622,0.8699299986198394,616.545,-0.4799682099441241,0.6011843676399918,-0.9536916736250051
Shorts_only,30,20,145,-530.496,-3.658593103448276,0.7189563640043167,593.6499999999997,-0.8936174513602294,0.7718921196269327,-1.8773910429697354,72,225.73399999999998,3.135194444444444,1.3204628052243044,134.95999999999998,1.672599288678127,0.8100901877576918,217,-304.76200000000006,-1.4044331797235026,0.8824217503673815,633.6489999999998,-0.4809634355928916,0.5062472712578008,-0.8764216305688686
Shorts_only,30,25,145,-682.9470000000001,-4.709979310344829,0.6658085320858493,727.0500000000001,-0.9393397978130803,0.9137663096520636,-2.2967608648962043,72,385.448,5.3534444444444444,1.538741508959271,134.96000000000004,2.8560165975103726,0.8914914451446873,217,-297.4990000000001,-1.3709631336405534,0.8921730022036651,776.1300000000001,-0.38331078556427406,0.43945206126366326,-0.7962778295789728
Shorts_only,30,30,145,-795.931,-5.489179310344828,0.632431496332078,851.8140000000001,-0.9343953022608221,0.9491283548993908,-2.549097410758692,72,485.876,6.748277777777777,1.6408789933257706,134.96000000000004,3.6001481920569045,0.9277958523708059,217,-310.05499999999995,-1.4288248847926266,0.8939451725394085,878.6940000000001,-0.3528589019613198,0.3583733993473546,-0.7743057151241673
Shorts_only,30,40,145,-941.2919999999999,-6.491668965517241,0.586114104733852,1016.0850000000004,-0.9263910007528894,0.9455003800228837,-2.875770099900365,72,586.113,8.140458333333335,1.7264482784264148,135.11,4.338043076012139,0.9413145934208829,217,-355.1790000000001,-1.6367695852534567,0.8847232756883175,1019.0050000000003,-0.34855471759216095,0.3262542885745687,-0.8190249738268671
Shorts_only,30,50,145,-821.5330000000001,-5.665744827586208,0.638772111952843,901.7960000000003,-0.9109965003171447,0.9171907123068501,-2.34153554762185,72,394.65899999999993,5.481374999999999,1.435971676019619,159.92000000000002,2.4678526763381683,0.8688342474623575,217,-426.874,-1.9671612903225808,0.8657425855923491,901.7960000000003,-0.4733598286086874,0.27864465697489904,-0.9352495258978604
Shorts_only,40,3,145,-265.568,-1.8315034482758619,0.6135708839467082,336.9700000000001,-0.7881057660919367,0.8583228064012121,-1.5838362765505205,72,24.430000000000014,0.33930555555555575,1.131549189596683,57.93,0.42171586397376165,0.6871844073900648,217,-241.13799999999998,-1.1112350230414745,0.7237652729951223,361.2000000000001,-0.6676024363233664,0.8255128282097582,-1.2702367152570533
Shorts_only,40,4,145,-267.082,-1.841944827586207,0.6695662501840335,373.13500000000005,-0.715778471598751,0.8694730214003225,-1.4491925398096608,72,50.738999999999976,0.704708333333333,1.2247206437926008,80.167,0.6329162872503645,0.8037705301904878,217,-216.34300000000002,-0.9969723502304149,0.7907837425923346,431.9620000000001,-0.5008380366791523,0.7858073265299325,-1.0307724017961595
Shorts_only,40,5,145,-244.84400000000002,-1.6885793103448277,0.7244259060627786,358.822,-0.6823550395460702,0.8860549162861756,-1.2509201916275023,72,112.43,1.5615277777777778,1.4979471803071034,80.167,1.402447391071139,0.8896423326242375,217,-132.414,-0.6102027649769585,0.8811656737929807,413.83599999999996,-0.3199673300534511,0.6458143916881759,-0.5980753985701864
Shorts_only,40,6,145,-181.906,-1.2545241379310346,0.805496806146911,325.967,-0.5580503547905157,0.8512739304173239,-0.8975930454848557,72,106.063,1.4730972222222223,1.3681503104857045,80.167,1.3230256838848904,0.8413307660930508,217,-75.84299999999999,-0.3495069124423963,0.9380028790245653,372.66999999999996,-0.20351249094373036,0.5438130317524729,-0.32502755124047933
Shorts_only,40,8,145,-365.783,-2.522641379310345,0.7112420327358444,451.7450000000001,-0.8097112308935349,0.9212876702415798,-1.563562680069197,72,75.80199999999998,1.0528055555555553,1.182727191643947,129.29,0.5862943769819784,0.5581613482693946,217,-289.981,-1.3363179723502303,0.8275547504940284,510.9390000000001,-0.567545245127109,0.7243631327957668,-1.0593233122313461
Shorts_only,40,10,145,-368.18999999999994,-2.5392413793103445,0.7359416674854466,459.89199999999994,-0.8006010106720708,0.8048462429606134,-1.4849302758907152,72,114.493,1.5901805555555555,1.2399834830963745,143.117,0.7999958076259285,0.7084925623667434,217,-253.697,-1.169110599078341,0.8644374005443942,521.477,-0.486497007538204,0.5261054831510608,-0.8655467733063176
Shorts_only,40,12,145,-392.60799999999995,-2.7076413793103447,0.7460723181132896,510.6670000000001,-0.7688141195730288,0.7789849439096272,-1.4763412312682624,72,212.53599999999994,2.951888888888888,1.4397900125603444,143.11700000000002,1.4850506927898148,0.8321794520634564,217,-180.07200000000006,-0.829824884792627,0.9112687049622352,547.8510000000001,-0.32868790966886985,0.34582561698404085,-0.5754149190406016
Shorts_only,40,15,145,-449.35699999999997,-3.099013793103448,0.7460894083610916,548.003,-0.8199900365508946,0.7370759185736253,-1.542820863014282,72,248.744,3.4547777777777777,1.4384568063357874,178.864,1.3906878969496377,0.6843497250917716,217,-200.61300000000006,-0.9244838709677422,0.9141601720450718,605.146,-0.33151173435832026,0.521462365606443,-0.5805056116613455
Shorts_only,40,20,145,-522.277,-3.6019103448275867,0.7423441058927013,570.944,-0.914760466875911,0.7668620768982574,-1.618722322588789,72,325.067,4.514819444444445,1.4885382491692805,148.497,2.189047590187007,0.8285208001002047,217,-197.20999999999995,-0.9088018433179721,0.9267536268487085,648.1869999999999,-0.30424861961131583,0.422417737874056,-0.509068544359762
Shorts_only,40,25,145,-603.258,-4.1604,0.7223591678939616,673.9540000000004,-0.8951026331173932,0.9105283901950955,-1.7702435554476095,72,499.601,6.938902777777778,1.738566362183586,143.11700000000002,3.490857130878931,0.9056700164120788,217,-103.65699999999975,-0.47768202764976847,0.9636195106987916,719.1980000000005,-0.1441285988003299,0.23380739666603353,-0.24970694816397387
Shorts_only,40,30,145,-727.124,-5.014648275862069,0.6858421494237678,823.4300000000004,-0.8830428816049933,0.9396979945329254,-2.0366552192670797,72,604.9490000000001,8.402069444444445,1.829621208277163,143.11700000000002,4.226954170364108,0.9339384831407517,217,-122.17499999999995,-0.5630184331797233,0.9598597761609619,832.6440000000005,-0.14673137619438786,0.21597165005908717,-0.2753554095077377
Shorts_only,40,40,145,-873.6320000000001,-6.025048275862069,0.6402741491514675,938.2750000000001,-0.9311044203458474,0.949056913512006,-2.339241048246815,72,731.4159999999999,10.158555555555555,1.9402841359769727,157.86700000000002,4.633115217239827,0.9570383663172646,217,-142.216,-0.655373271889401,0.955647203530859,974.1020000000002,-0.1459970311117316,0.20689249696481188,-0.2973386954225985
Shorts_only,40,50,145,-729.622,-5.031875862068965,0.6995715647460167,799.7350000000005,-0.9123297092161773,0.9043027771679675,-1.8337819765728292,72,525.072,7.292666666666666,1.6040886013182283,157.86700000000002,3.326040274408204,0.9366683884287968,217,-204.55,-0.9426267281105991,0.9379738383323198,810.1220000000006,-0.25249283441259446,0.1367566985652791,-0.4081651569646542
