Date,Instrument,Logic,CVariant,Direction,DailyOpen,BodyHigh,BodyLow,BodySize,DistFromDailyOpen,Side,EntryTime,EntryPrice,MFE,MAE,MFEBeforeFlip,ProfitAtFlip,Giveback,FlipOccurred,FlipTime,FlipPrice,ExitTime,ExitPrice,ExitReason,GrossPoints,Costs,NetPoints,Result
2022-08-18,XAUUSD,A,none,LONG,1764.85,1765.66,1764.99,0.67,0.14,ABOVE,10:05,1765.80,1.81,4.04,0.06,-0.82,0.88,True,10:10,1764.98,16:00,1762.59,session,-3.21,0.30,-3.51,LOSS
2022-08-19,XAUUSD,A,none,SHORT,1758.59,1758.42,1758.10,0.32,0.17,BELOW,10:05,1756.74,4.92,1.06,,,,False,,,16:00,1755.15,session,1.59,0.30,1.29,WIN
2022-08-22,XAUUSD,A,none,SHORT,1746.26,1745.74,1745.58,0.16,0.51,BELOW,10:20,1745.40,3.23,3.68,0.38,-0.57,0.95,True,10:30,1745.97,16:00,1742.46,session,2.94,0.30,2.64,WIN
2022-08-24,XAUUSD,A,none,LONG,1745.85,1747.20,1746.09,1.12,0.24,ABOVE,10:05,1747.71,0.48,3.61,0.11,-1.65,1.75,True,10:20,1746.07,16:00,1745.49,session,-2.22,0.30,-2.52,LOSS
2022-08-29,XAUUSD,A,none,SHORT,1734.94,1734.90,1734.74,0.16,0.04,BELOW,10:05,1734.70,13.44,1.51,0.16,-0.36,0.53,True,10:10,1735.07,16:00,1722.87,session,11.84,0.30,11.54,WIN
2022-08-30,XAUUSD,A,none,LONG,1738.64,1739.78,1739.62,0.16,0.97,ABOVE,10:05,1739.95,0.39,6.24,0.25,-0.45,0.70,True,10:10,1739.50,16:00,1734.75,session,-5.20,0.30,-5.50,LOSS
2022-09-07,XAUUSD,A,none,SHORT,1703.67,1703.63,1702.77,0.87,0.04,BELOW,10:10,1702.49,11.03,0.00,,,,False,,,16:00,1694.62,session,7.87,0.30,7.57,WIN
2022-09-14,XAUUSD,A,none,SHORT,1702.77,1702.27,1701.67,0.60,0.50,BELOW,10:15,1701.39,4.07,3.81,4.07,-0.97,5.03,True,12:10,1702.36,16:00,1701.49,session,-0.10,0.30,-0.40,LOSS
2022-09-15,XAUUSD,A,none,SHORT,1698.05,1697.62,1696.98,0.64,0.43,BELOW,10:05,1696.85,10.72,1.05,0.62,-0.98,1.60,True,10:25,1697.83,16:00,1689.77,session,7.08,0.30,6.78,WIN
2022-09-19,XAUUSD,A,none,SHORT,1679.20,1677.99,1677.86,0.13,1.21,BELOW,10:15,1677.49,11.34,0.97,0.22,-0.89,1.11,True,10:20,1678.38,16:00,1666.36,session,11.13,0.30,10.83,WIN
2022-09-20,XAUUSD,A,none,LONG,1675.04,1678.46,1675.82,2.65,0.78,ABOVE,10:05,1679.40,0.00,9.07,0.00,-4.22,4.22,True,11:00,1675.18,16:00,1670.86,session,-8.55,0.30,-8.85,LOSS
2022-09-23,XAUUSD,A,none,LONG,1672.28,1673.42,1672.83,0.60,0.55,ABOVE,10:35,1673.56,2.36,5.26,2.36,-0.97,3.33,True,11:30,1672.59,16:00,1672.75,session,-0.81,0.30,-1.11,LOSS
2022-09-26,XAUUSD,A,none,LONG,1642.96,1645.35,1644.12,1.22,1.16,ABOVE,10:05,1645.37,0.70,18.60,0.24,-1.26,1.50,True,10:10,1644.11,16:00,1639.53,session,-5.84,0.30,-6.14,LOSS
2022-09-27,XAUUSD,A,none,LONG,1626.84,1628.52,1627.66,0.86,0.82,ABOVE,10:05,1629.54,6.89,0.93,,,,False,,,16:00,1635.63,session,6.10,0.30,5.80,WIN
2022-09-28,XAUUSD,A,none,LONG,1628.95,1629.46,1628.99,0.47,0.04,ABOVE,10:10,1629.79,0.87,7.06,0.87,-0.88,1.74,True,10:25,1628.91,16:00,1624.01,session,-5.78,0.30,-6.08,LOSS
2022-09-29,XAUUSD,A,none,SHORT,1656.88,1656.23,1655.82,0.41,0.65,BELOW,10:05,1655.41,12.48,3.99,2.47,-1.88,4.36,True,11:05,1657.30,16:00,1645.32,session,10.10,0.30,9.80,WIN
2022-09-30,XAUUSD,A,none,LONG,1663.72,1664.65,1663.78,0.87,0.06,ABOVE,10:55,1664.77,3.72,5.45,0.15,-1.55,1.71,True,11:00,1663.21,16:00,1668.20,session,3.44,0.30,3.14,WIN
2022-10-04,XAUUSD,A,none,SHORT,1701.30,1701.11,1700.48,0.62,0.19,BELOW,11:00,1700.27,5.03,1.19,5.03,-0.93,5.96,True,15:35,1701.20,16:00,1699.68,session,0.59,0.30,0.29,WIN
2022-10-05,XAUUSD,A,none,SHORT,1725.58,1725.24,1725.21,0.03,0.33,BELOW,10:10,1725.06,7.48,0.68,1.28,-0.57,1.85,True,10:55,1725.62,16:00,1719.97,session,5.09,0.30,4.79,WIN
2022-10-07,XAUUSD,A,none,LONG,1711.39,1712.81,1711.94,0.86,0.55,ABOVE,11:50,1712.95,0.51,3.71,0.22,-1.83,2.06,True,11:55,1711.12,16:00,1710.70,session,-2.25,0.30,-2.55,LOSS
2022-10-10,XAUUSD,A,none,SHORT,1698.76,1697.74,1697.52,0.23,1.01,BELOW,10:25,1697.49,12.27,0.05,,,,False,,,16:00,1687.03,session,10.46,0.30,10.16,WIN
2022-10-11,XAUUSD,A,none,LONG,1668.33,1669.23,1669.05,0.18,0.72,ABOVE,10:05,1669.55,4.12,8.08,0.77,-0.79,1.56,True,11:00,1668.76,16:00,1663.42,session,-6.12,0.30,-6.42,LOSS
2022-10-12,XAUUSD,A,none,SHORT,1666.45,1666.25,1665.96,0.29,0.20,BELOW,10:05,1665.84,4.37,6.48,4.06,-0.44,4.50,True,12:20,1666.28,16:00,1667.58,session,-1.74,0.30,-2.04,LOSS
2022-10-13,XAUUSD,A,none,SHORT,1673.87,1673.79,1673.62,0.16,0.08,BELOW,11:10,1673.23,4.16,2.27,0.18,-1.20,1.38,True,11:25,1674.43,16:00,1669.69,session,3.54,0.30,3.24,WIN
2022-10-14,XAUUSD,A,none,SHORT,1665.80,1665.65,1665.14,0.51,0.14,BELOW,10:05,1664.83,5.80,5.51,5.80,-2.13,7.93,True,12:45,1666.96,16:00,1667.96,session,-3.13,0.30,-3.43,LOSS
2022-10-18,XAUUSD,A,none,LONG,1649.96,1650.66,1650.30,0.37,0.34,ABOVE,10:25,1650.88,10.02,1.90,2.71,-0.69,3.41,True,13:05,1650.19,16:00,1659.99,session,9.11,0.30,8.81,WIN
2022-10-19,XAUUSD,A,none,LONG,1652.44,1653.58,1652.65,0.93,0.21,ABOVE,10:05,1653.83,0.64,8.74,0.64,-1.77,2.42,True,10:50,1652.06,16:00,1645.61,session,-8.22,0.30,-8.52,LOSS
2022-10-20,XAUUSD,A,none,SHORT,1628.20,1628.05,1627.77,0.28,0.15,BELOW,10:25,1627.69,5.15,5.71,1.66,-0.60,2.26,True,11:10,1628.30,16:00,1632.20,session,-4.51,0.30,-4.81,LOSS
2022-10-24,XAUUSD,A,none,SHORT,1660.45,1659.27,1657.66,1.60,1.18,BELOW,10:20,1657.66,5.67,13.12,0.96,-5.45,6.41,True,10:35,1663.11,16:00,1658.38,session,-0.72,0.30,-1.02,LOSS
2022-10-25,XAUUSD,A,none,LONG,1651.36,1651.84,1651.56,0.28,0.20,ABOVE,10:05,1652.05,2.92,4.79,1.36,-0.68,2.04,True,11:00,1651.37,16:00,1650.24,session,-1.81,0.30,-2.11,LOSS
2022-10-31,XAUUSD,A,none,LONG,1644.31,1644.64,1644.35,0.30,0.04,ABOVE,10:10,1644.83,0.79,4.13,0.60,-0.84,1.43,True,10:40,1643.99,16:00,1644.24,session,-0.59,0.30,-0.89,LOSS
2022-11-01,XAUUSD,A,none,SHORT,1633.25,1633.06,1632.68,0.37,0.19,BELOW,10:30,1632.41,1.62,7.74,1.62,-1.68,3.30,True,11:30,1634.10,16:00,1638.22,session,-5.81,0.30,-6.11,LOSS
2022-11-02,XAUUSD,A,none,LONG,1646.51,1646.98,1646.88,0.10,0.38,ABOVE,10:05,1647.85,5.53,1.45,0.43,-1.31,1.74,True,10:50,1646.54,16:00,1650.87,session,3.02,0.30,2.72,WIN
2022-11-04,XAUUSD,A,none,LONG,1630.19,1630.38,1630.35,0.04,0.15,ABOVE,11:00,1631.21,16.58,1.86,0.96,-1.03,1.99,True,12:20,1630.18,16:00,1647.18,session,15.97,0.30,15.67,WIN
2023-03-13,XAUUSD,A,none,LONG,1880.20,1886.24,1884.41,1.83,4.20,ABOVE,10:05,1888.51,0.94,16.31,0.94,-4.85,5.79,True,10:20,1883.66,16:00,1880.94,session,-7.57,0.30,-7.87,LOSS
2023-03-14,XAUUSD,A,none,SHORT,1910.57,1910.42,1910.19,0.23,0.14,BELOW,12:05,1910.11,8.44,1.48,0.67,-0.69,1.37,True,12:15,1910.80,16:00,1903.72,session,6.38,0.30,6.08,WIN
2023-03-15,XAUUSD,A,none,LONG,1904.15,1904.59,1904.37,0.22,0.21,ABOVE,10:05,1904.68,1.06,4.66,0.00,-0.38,0.38,True,10:10,1904.31,16:00,1901.72,session,-2.96,0.30,-3.26,LOSS
2023-03-16,XAUUSD,A,none,LONG,1919.49,1920.98,1920.46,0.52,0.97,ABOVE,10:05,1921.64,2.81,14.09,2.81,-1.92,4.73,True,11:45,1919.72,16:00,1913.13,session,-8.51,0.30,-8.81,LOSS
2023-03-17,XAUUSD,A,none,LONG,1919.43,1920.11,1920.07,0.04,0.63,ABOVE,10:05,1920.18,11.10,1.88,0.05,-0.27,0.32,True,10:10,1919.91,16:00,1930.95,session,10.77,0.30,10.47,WIN
2023-03-20,XAUUSD,A,none,LONG,1976.98,1978.17,1977.45,0.72,0.47,ABOVE,10:10,1978.87,0.80,10.68,0.80,-1.89,2.69,True,10:30,1976.97,16:00,1975.36,session,-3.51,0.30,-3.81,LOSS
2023-03-22,XAUUSD,A,none,LONG,1941.11,1941.62,1941.31,0.32,0.20,ABOVE,10:05,1942.33,3.98,4.33,3.98,-1.30,5.28,True,13:05,1941.03,16:00,1939.46,session,-2.86,0.30,-3.16,LOSS
2023-03-24,XAUUSD,A,none,LONG,1990.66,1992.08,1991.98,0.09,1.32,ABOVE,10:05,1992.57,2.41,2.74,0.64,-1.40,2.04,True,10:30,1991.16,16:00,1992.45,session,-0.12,0.30,-0.42,LOSS
2023-03-27,XAUUSD,A,none,LONG,1972.66,1974.68,1973.96,0.72,1.30,ABOVE,10:05,1974.78,3.99,2.60,2.04,-0.95,2.99,True,11:30,1973.83,16:00,1972.62,session,-2.16,0.30,-2.46,LOSS
2023-03-30,XAUUSD,A,none,SHORT,1964.55,1964.39,1963.78,0.62,0.15,BELOW,10:05,1963.54,8.13,0.56,,,,False,,,16:00,1961.23,session,2.31,0.30,2.01,WIN
2023-03-31,XAUUSD,A,none,SHORT,1979.91,1979.70,1979.16,0.54,0.21,BELOW,10:15,1979.13,1.39,4.56,0.37,-0.72,1.09,True,10:35,1979.86,16:00,1980.81,session,-1.67,0.30,-1.97,LOSS
2023-04-04,XAUUSD,A,none,SHORT,1985.55,1985.12,1984.47,0.65,0.42,BELOW,10:05,1984.18,6.29,0.81,,,,False,,,16:00,1979.39,session,4.79,0.30,4.49,WIN
2023-04-05,XAUUSD,A,none,SHORT,2022.64,2022.03,2021.97,0.06,0.61,BELOW,10:05,2021.62,2.21,3.75,0.45,-0.46,0.91,True,10:20,2022.08,16:00,2024.56,session,-2.94,0.30,-3.24,LOSS
2023-04-11,XAUUSD,A,none,LONG,1991.68,1993.21,1992.41,0.80,0.73,ABOVE,10:05,1993.64,7.97,4.77,1.81,-1.26,3.07,True,11:00,1992.38,16:00,1999.15,session,5.51,0.30,5.21,WIN
2023-04-12,XAUUSD,A,none,LONG,2004.72,2004.81,2004.80,0.01,0.08,ABOVE,10:10,2005.11,16.10,1.10,0.21,-0.55,0.76,True,10:20,2004.56,16:00,2018.62,session,13.52,0.30,13.22,WIN
2023-04-13,XAUUSD,A,none,LONG,2017.59,2018.66,2018.20,0.46,0.62,ABOVE,10:30,2018.98,0.67,3.62,0.67,-1.01,1.68,True,10:55,2017.97,16:00,2016.80,session,-2.18,0.30,-2.48,LOSS
2023-04-19,XAUUSD,A,none,LONG,2005.22,2005.92,2005.83,0.10,0.61,ABOVE,10:05,2006.42,1.83,6.95,0.40,-0.61,1.01,True,10:20,2005.82,16:00,2000.69,session,-5.73,0.30,-6.03,LOSS
2023-04-20,XAUUSD,A,none,SHORT,1994.24,1993.89,1993.87,0.03,0.35,BELOW,11:05,1993.78,3.21,5.06,0.45,-0.53,0.98,True,11:20,1994.31,16:00,1995.83,session,-2.05,0.30,-2.35,LOSS
2023-04-24,XAUUSD,A,none,SHORT,1985.10,1984.49,1984.24,0.25,0.61,BELOW,10:05,1983.73,7.21,0.96,,,,False,,,16:00,1979.29,session,4.44,0.30,4.14,WIN
2023-04-25,XAUUSD,A,none,SHORT,1995.33,1995.18,1995.13,0.05,0.14,BELOW,10:05,1994.78,3.85,6.22,1.43,-0.95,2.38,True,10:25,1995.73,16:00,1995.66,session,-0.89,0.30,-1.19,LOSS
2023-04-26,XAUUSD,A,none,SHORT,2001.08,2000.76,2000.34,0.42,0.32,BELOW,10:30,1999.76,6.55,1.93,,,,False,,,16:00,1995.09,session,4.67,0.30,4.37,WIN
2023-04-28,XAUUSD,A,none,SHORT,1987.62,1986.98,1986.36,0.63,0.64,BELOW,10:05,1986.02,2.69,5.65,0.36,-1.29,1.64,True,10:20,1987.31,16:00,1985.40,session,0.62,0.30,0.32,WIN
2023-05-01,XAUUSD,A,none,SHORT,1987.16,1986.95,1986.92,0.03,0.21,BELOW,10:10,1986.49,6.57,0.18,,,,False,,,16:00,1981.84,session,4.65,0.30,4.35,WIN
2023-05-03,XAUUSD,A,none,SHORT,2016.29,2015.98,2015.78,0.20,0.31,BELOW,10:05,2015.02,0.76,4.57,0.76,-1.15,1.91,True,10:25,2016.17,16:00,2015.88,session,-0.86,0.30,-1.16,LOSS
2023-05-04,XAUUSD,A,none,SHORT,2053.17,2053.05,2052.07,0.98,0.12,BELOW,11:05,2050.47,12.00,0.51,,,,False,,,16:00,2041.26,session,9.21,0.30,8.91,WIN
2023-05-08,XAUUSD,A,none,SHORT,2016.18,2016.12,2016.09,0.04,0.06,BELOW,11:00,2015.94,0.63,8.87,0.63,-0.38,1.01,True,11:05,2016.33,16:00,2022.17,session,-6.23,0.30,-6.53,LOSS
2023-05-09,XAUUSD,A,none,SHORT,2021.59,2021.32,2020.36,0.96,0.27,BELOW,10:05,2020.35,0.80,8.43,0.80,-1.63,2.43,True,11:10,2021.98,16:00,2027.34,session,-6.99,0.30,-7.29,LOSS
2023-05-10,XAUUSD,A,none,LONG,2036.13,2037.38,2036.34,1.04,0.20,ABOVE,10:05,2037.58,0.30,9.77,0.30,-1.55,1.85,True,10:30,2036.03,16:00,2029.64,session,-7.93,0.30,-8.23,LOSS
2023-05-11,XAUUSD,A,none,LONG,2031.48,2032.23,2031.52,0.71,0.03,ABOVE,10:10,2032.40,4.08,2.30,4.08,-0.93,5.01,True,14:10,2031.47,16:00,2031.30,session,-1.10,0.30,-1.40,LOSS
2023-05-12,XAUUSD,A,none,LONG,2016.17,2016.62,2016.42,0.19,0.25,ABOVE,10:05,2016.99,0.61,8.51,0.61,-0.94,1.55,True,10:40,2016.05,16:00,2009.62,session,-7.37,0.30,-7.67,LOSS
2023-05-16,XAUUSD,A,none,LONG,2014.39,2014.56,2014.53,0.03,0.13,ABOVE,10:05,2014.77,3.62,3.73,0.43,-0.35,0.77,True,10:10,2014.42,16:00,2011.07,session,-3.70,0.30,-4.00,LOSS
2023-05-17,XAUUSD,A,none,LONG,1989.43,1990.70,1989.82,0.89,0.38,ABOVE,10:05,1991.33,1.79,3.61,1.79,-1.58,3.37,True,15:20,1989.75,16:00,1988.15,session,-3.17,0.30,-3.47,LOSS
2023-05-18,XAUUSD,A,none,SHORT,1983.07,1982.90,1982.76,0.14,0.17,BELOW,10:05,1982.57,4.99,3.50,0.52,-0.55,1.07,True,10:45,1983.12,16:00,1978.05,session,4.52,0.30,4.22,WIN
2023-05-19,XAUUSD,A,none,LONG,1958.30,1959.28,1958.53,0.75,0.23,ABOVE,10:20,1959.46,4.77,5.33,0.35,-1.48,1.83,True,10:45,1957.98,16:00,1962.49,session,3.03,0.30,2.73,WIN
2023-05-25,XAUUSD,A,none,SHORT,1959.84,1959.79,1959.45,0.34,0.05,BELOW,10:05,1959.38,4.35,0.88,,,,False,,,16:00,1955.10,session,4.29,0.30,3.99,WIN
2023-05-26,XAUUSD,A,none,LONG,1939.77,1941.29,1940.62,0.67,0.85,ABOVE,11:05,1941.56,10.31,0.12,,,,False,,,16:00,1947.53,session,5.97,0.30,5.67,WIN
2023-05-29,XAUUSD,A,none,SHORT,1944.34,1943.73,1943.14,0.59,0.61,BELOW,10:05,1942.13,1.75,6.19,1.75,-2.39,4.14,True,11:10,1944.53,16:00,1947.94,session,-5.81,0.30,-6.11,LOSS
2023-06-06,XAUUSD,A,none,SHORT,1961.99,1961.64,1961.29,0.36,0.35,BELOW,10:10,1961.19,3.44,3.46,2.11,-0.98,3.10,True,12:05,1962.17,16:00,1959.91,session,1.28,0.30,0.98,WIN
2023-06-07,XAUUSD,A,none,LONG,1963.24,1963.53,1963.48,0.05,0.24,ABOVE,10:05,1964.14,2.65,1.34,2.65,-0.75,3.39,True,12:05,1963.39,16:00,1963.21,session,-0.93,0.30,-1.23,LOSS
2023-06-08,XAUUSD,A,none,LONG,1944.32,1944.94,1944.62,0.32,0.31,ABOVE,10:05,1945.37,2.53,0.78,,,,False,,,16:00,1945.62,session,0.26,0.30,-0.04,LOSS
2023-06-09,XAUUSD,A,none,SHORT,1966.19,1965.34,1964.73,0.60,0.86,BELOW,10:10,1964.61,2.17,1.14,0.38,-0.80,1.18,True,10:35,1965.40,16:00,1964.99,session,-0.38,0.30,-0.68,LOSS
2023-06-12,XAUUSD,A,none,SHORT,1960.30,1960.29,1960.05,0.24,0.01,BELOW,10:05,1960.05,5.74,1.51,0.25,-0.27,0.52,True,10:10,1960.32,16:00,1959.28,session,0.77,0.30,0.47,WIN
2023-06-13,XAUUSD,A,none,SHORT,1960.17,1960.13,1960.01,0.12,0.04,BELOW,10:30,1959.24,3.25,2.99,3.25,-1.05,4.30,True,13:25,1960.29,16:00,1958.89,session,0.35,0.30,0.05,WIN
2023-06-16,XAUUSD,A,none,SHORT,1958.44,1958.28,1957.88,0.40,0.16,BELOW,10:25,1957.77,3.05,4.31,1.22,-1.32,2.54,True,11:35,1959.09,16:00,1958.83,session,-1.06,0.30,-1.36,LOSS
2023-06-19,XAUUSD,A,none,LONG,1956.76,1957.61,1957.22,0.39,0.46,ABOVE,10:05,1958.15,0.59,4.12,0.59,-1.19,1.78,True,10:30,1956.96,16:00,1954.34,session,-3.82,0.30,-4.12,LOSS
2023-06-21,XAUUSD,A,none,LONG,1937.19,1937.39,1937.38,0.01,0.19,ABOVE,10:05,1937.50,2.08,5.08,0.23,-0.13,0.37,True,10:15,1937.37,16:00,1932.43,session,-5.07,0.30,-5.37,LOSS
2023-06-22,XAUUSD,A,none,SHORT,1934.29,1933.92,1933.89,0.03,0.37,BELOW,10:05,1933.73,5.70,0.58,0.26,-0.20,0.46,True,10:10,1933.93,16:00,1929.87,session,3.87,0.30,3.57,WIN
2023-06-26,XAUUSD,A,none,LONG,1924.81,1925.60,1925.40,0.19,0.60,ABOVE,10:05,1925.84,2.80,1.82,2.80,-0.93,3.73,True,12:05,1924.90,16:00,1927.31,session,1.47,0.30,1.17,WIN
2023-06-27,XAUUSD,A,none,LONG,1922.45,1922.73,1922.49,0.24,0.04,ABOVE,10:20,1922.78,7.66,1.04,2.03,-0.91,2.94,True,10:50,1921.87,16:00,1924.83,session,2.05,0.30,1.75,WIN
2023-06-28,XAUUSD,A,none,SHORT,1915.72,1915.66,1915.46,0.20,0.06,BELOW,11:15,1914.52,1.00,2.38,0.98,-1.30,2.28,True,11:45,1915.82,16:00,1915.68,session,-1.16,0.30,-1.46,LOSS
2023-06-29,XAUUSD,A,none,SHORT,1909.94,1909.71,1908.86,0.86,0.23,BELOW,10:05,1908.50,5.64,4.37,0.45,-1.56,2.01,True,10:55,1910.06,16:00,1904.66,session,3.84,0.30,3.54,WIN
2023-06-30,XAUUSD,A,none,LONG,1908.31,1908.81,1908.68,0.12,0.38,ABOVE,10:35,1909.05,0.98,3.97,0.22,-0.70,0.92,True,10:45,1908.35,16:00,1905.19,session,-3.86,0.30,-4.16,LOSS
2023-07-03,XAUUSD,A,none,LONG,1918.21,1918.43,1918.26,0.17,0.05,ABOVE,10:05,1918.52,2.14,3.84,0.41,-0.44,0.85,True,10:20,1918.08,16:00,1917.37,session,-1.15,0.30,-1.45,LOSS
2023-07-04,XAUUSD,A,none,LONG,1921.16,1921.33,1921.27,0.06,0.10,ABOVE,10:05,1921.36,3.44,1.27,0.40,-0.18,0.58,True,10:20,1921.18,16:00,1924.49,session,3.13,0.30,2.83,WIN
2023-07-05,XAUUSD,A,none,LONG,1925.98,1926.40,1926.28,0.12,0.30,ABOVE,10:05,1926.42,0.75,3.19,0.07,-0.40,0.47,True,10:10,1926.02,16:00,1924.91,session,-1.51,0.30,-1.81,LOSS
2023-07-10,XAUUSD,A,none,SHORT,1924.97,1924.96,1924.54,0.42,0.01,BELOW,10:05,1924.08,4.37,2.90,1.18,-1.68,2.86,True,11:00,1925.76,16:00,1920.24,session,3.84,0.30,3.54,WIN
2023-07-11,XAUUSD,A,none,LONG,1924.60,1924.94,1924.64,0.30,0.05,ABOVE,10:05,1925.26,4.86,0.33,,,,False,,,16:00,1929.74,session,4.48,0.30,4.18,WIN
2023-07-12,XAUUSD,A,none,LONG,1933.27,1933.93,1933.38,0.56,0.11,ABOVE,10:05,1934.03,7.00,0.23,,,,False,,,16:00,1939.44,session,5.42,0.30,5.12,WIN
2023-07-14,XAUUSD,A,none,SHORT,1960.40,1960.14,1959.86,0.29,0.26,BELOW,10:05,1959.51,1.53,4.29,0.00,-0.81,0.81,True,10:10,1960.32,16:00,1959.14,session,0.37,0.30,0.07,WIN
2023-07-17,XAUUSD,A,none,LONG,1952.70,1953.38,1952.81,0.57,0.10,ABOVE,10:10,1953.38,3.52,2.35,2.63,-0.67,3.31,True,11:50,1952.71,16:00,1953.66,session,0.28,0.30,-0.02,LOSS
2023-07-18,XAUUSD,A,none,SHORT,1955.64,1955.48,1954.94,0.54,0.16,BELOW,10:05,1954.87,0.09,6.96,0.09,-0.71,0.80,True,10:20,1955.58,16:00,1959.32,session,-4.45,0.30,-4.75,LOSS
2023-07-19,XAUUSD,A,none,LONG,1976.99,1977.62,1977.55,0.08,0.56,ABOVE,10:30,1978.38,1.55,4.22,0.19,-1.30,1.49,True,11:10,1977.08,16:00,1978.63,session,0.26,0.30,-0.04,LOSS
2023-07-20,XAUUSD,A,none,LONG,1977.74,1977.92,1977.78,0.14,0.04,ABOVE,10:05,1978.84,8.69,0.68,,,,False,,,16:00,1980.91,session,2.08,0.30,1.78,WIN
2023-07-21,XAUUSD,A,none,SHORT,1972.54,1972.30,1972.02,0.28,0.24,BELOW,10:05,1971.94,3.75,1.90,0.10,-0.62,0.72,True,10:20,1972.57,16:00,1970.40,session,1.54,0.30,1.24,WIN
2023-07-28,XAUUSD,A,none,SHORT,1947.74,1947.54,1946.76,0.78,0.20,BELOW,10:20,1946.39,0.24,10.44,0.24,-1.22,1.46,True,10:50,1947.62,16:00,1952.80,session,-6.40,0.30,-6.70,LOSS
2023-07-31,XAUUSD,A,none,SHORT,1958.45,1958.11,1958.03,0.08,0.35,BELOW,10:25,1957.96,4.77,0.69,1.50,-0.34,1.84,True,10:55,1958.30,16:00,1954.27,session,3.69,0.30,3.39,WIN
2023-08-01,XAUUSD,A,none,SHORT,1964.23,1964.22,1963.96,0.26,0.01,BELOW,10:25,1963.72,5.43,0.43,,,,False,,,16:00,1958.50,session,5.22,0.30,4.92,WIN
2023-08-02,XAUUSD,A,none,SHORT,1952.62,1952.23,1951.39,0.84,0.38,BELOW,10:05,1949.84,4.47,0.70,,,,False,,,16:00,1949.81,session,0.03,0.30,-0.27,LOSS
2023-08-03,XAUUSD,A,none,SHORT,1936.39,1936.27,1936.14,0.12,0.12,BELOW,10:30,1935.92,2.88,3.02,0.13,-0.38,0.52,True,10:35,1936.31,16:00,1935.23,session,0.69,0.30,0.39,WIN
2023-08-04,XAUUSD,A,none,LONG,1935.52,1935.87,1935.84,0.03,0.32,ABOVE,10:40,1936.16,1.89,2.92,0.14,-0.46,0.61,True,10:45,1935.70,16:00,1935.48,session,-0.68,0.30,-0.98,LOSS
2023-08-08,XAUUSD,A,none,SHORT,1937.17,1936.85,1936.63,0.21,0.33,BELOW,10:05,1936.19,5.01,0.22,,,,False,,,16:00,1933.66,session,2.53,0.30,2.23,WIN
2023-08-09,XAUUSD,A,none,LONG,1925.55,1926.01,1925.66,0.35,0.12,ABOVE,10:10,1926.18,6.06,1.87,0.00,-0.53,0.53,True,10:15,1925.65,16:00,1931.27,session,5.09,0.30,4.79,WIN
2023-08-15,XAUUSD,A,none,SHORT,1907.93,1907.62,1907.10,0.53,0.31,BELOW,10:05,1906.68,2.88,1.63,,,,False,,,16:00,1906.16,session,0.52,0.30,0.22,WIN
2023-08-17,XAUUSD,A,none,SHORT,1893.94,1893.45,1892.40,1.05,0.49,BELOW,10:40,1892.24,2.63,1.77,2.63,-1.21,3.85,True,12:45,1893.45,16:00,1893.52,session,-1.28,0.30,-1.58,LOSS
2023-08-18,XAUUSD,A,none,LONG,1890.73,1891.33,1890.85,0.48,0.12,ABOVE,10:15,1891.61,3.62,0.37,,,,False,,,16:00,1893.20,session,1.60,0.30,1.30,WIN
2023-08-21,XAUUSD,A,none,LONG,1888.98,1890.23,1890.08,0.16,1.09,ABOVE,10:05,1890.77,3.41,5.88,0.42,-0.70,1.13,True,10:45,1890.07,16:00,1887.67,session,-3.10,0.30,-3.40,LOSS
2023-08-22,XAUUSD,A,none,SHORT,1895.13,1894.80,1894.10,0.70,0.34,BELOW,14:55,1894.06,0.06,2.48,0.06,-1.89,1.95,True,15:10,1895.95,16:00,1895.81,session,-1.75,0.30,-2.05,LOSS
2023-08-23,XAUUSD,A,none,LONG,1898.65,1898.86,1898.71,0.14,0.06,ABOVE,10:05,1899.42,4.60,0.58,,,,False,,,16:00,1902.92,session,3.50,0.30,3.20,WIN
2023-08-24,XAUUSD,A,none,LONG,1917.39,1917.99,1917.52,0.48,0.12,ABOVE,10:10,1918.21,4.26,0.61,,,,False,,,16:00,1922.04,session,3.83,0.30,3.53,WIN
2023-08-25,XAUUSD,A,none,SHORT,1916.28,1915.92,1915.89,0.03,0.36,BELOW,10:15,1915.81,2.70,1.84,1.06,-0.25,1.31,True,11:15,1916.06,16:00,1913.77,session,2.04,0.30,1.74,WIN
2023-08-28,XAUUSD,A,none,LONG,1914.89,1915.50,1915.11,0.39,0.22,ABOVE,10:05,1915.59,2.08,0.82,,,,False,,,16:00,1916.73,session,1.14,0.30,0.84,WIN
2023-08-29,XAUUSD,A,none,LONG,1921.35,1921.41,1921.38,0.03,0.04,ABOVE,10:05,1921.45,4.40,0.34,,,,False,,,16:00,1924.89,session,3.44,0.30,3.14,WIN
2023-08-31,XAUUSD,A,none,LONG,1944.31,1944.61,1944.42,0.18,0.12,ABOVE,10:05,1944.95,2.86,0.40,,,,False,,,16:00,1944.93,session,-0.02,0.30,-0.32,LOSS
2023-09-01,XAUUSD,A,none,LONG,1939.83,1940.10,1939.97,0.12,0.14,ABOVE,11:00,1941.84,2.32,3.57,2.32,-1.93,4.25,True,13:05,1939.90,16:00,1940.00,session,-1.84,0.30,-2.14,LOSS
2023-09-04,XAUUSD,A,none,LONG,1940.38,1940.62,1940.62,0.01,0.24,ABOVE,10:10,1940.76,5.40,0.32,0.05,-0.20,0.25,True,10:15,1940.56,16:00,1945.43,session,4.67,0.30,4.37,WIN
2023-09-05,XAUUSD,A,none,SHORT,1937.88,1937.65,1937.49,0.16,0.22,BELOW,10:05,1937.43,2.40,1.61,0.36,-0.32,0.68,True,10:45,1937.75,16:00,1936.81,session,0.62,0.30,0.33,WIN
2023-09-06,XAUUSD,A,none,SHORT,1926.74,1926.67,1926.66,0.01,0.07,BELOW,10:05,1926.32,2.05,2.20,2.05,-0.39,2.43,True,12:50,1926.70,16:00,1927.87,session,-1.56,0.30,-1.86,LOSS
2023-09-08,XAUUSD,A,none,LONG,1919.97,1920.62,1920.30,0.32,0.33,ABOVE,10:05,1920.87,6.39,0.26,,,,False,,,16:00,1926.30,session,5.43,0.30,5.13,WIN
2023-09-12,XAUUSD,A,none,SHORT,1921.90,1921.67,1921.60,0.07,0.23,BELOW,10:30,1921.56,1.92,3.00,0.30,-0.16,0.46,True,10:40,1921.72,16:00,1920.15,session,1.40,0.30,1.10,WIN
2023-09-13,XAUUSD,A,none,SHORT,1913.36,1913.21,1912.92,0.29,0.14,BELOW,10:25,1912.92,4.63,0.98,0.08,-0.49,0.58,True,10:30,1913.41,16:00,1909.62,session,3.31,0.30,3.01,WIN
2023-09-14,XAUUSD,A,none,LONG,1909.15,1909.56,1909.29,0.27,0.13,ABOVE,10:05,1909.63,3.34,1.96,3.34,-0.43,3.77,True,15:10,1909.20,16:00,1908.34,session,-1.30,0.30,-1.60,LOSS
2023-09-18,XAUUSD,A,none,LONG,1923.04,1923.77,1923.37,0.40,0.33,ABOVE,10:05,1923.95,6.74,0.56,,,,False,,,16:00,1929.50,session,5.55,0.30,5.25,WIN
2023-09-21,XAUUSD,A,none,SHORT,1930.09,1929.49,1929.36,0.13,0.60,BELOW,10:15,1929.27,5.01,0.12,,,,False,,,16:00,1927.87,session,1.40,0.30,1.10,WIN
2023-09-22,XAUUSD,A,none,LONG,1921.39,1921.68,1921.45,0.23,0.06,ABOVE,10:15,1921.71,3.87,0.35,,,,False,,,16:00,1924.64,session,2.93,0.30,2.63,WIN
2023-09-26,XAUUSD,A,none,SHORT,1916.70,1916.29,1916.12,0.17,0.41,BELOW,10:15,1916.09,3.00,0.02,,,,False,,,16:00,1913.31,session,2.78,0.30,2.48,WIN
2023-09-29,XAUUSD,A,none,LONG,1866.14,1866.97,1866.74,0.23,0.60,ABOVE,10:20,1867.13,1.26,4.12,0.18,-0.45,0.63,True,10:30,1866.68,16:00,1866.52,session,-0.62,0.30,-0.92,LOSS
2023-10-02,XAUUSD,A,none,LONG,1846.51,1846.81,1846.54,0.27,0.03,ABOVE,10:05,1847.14,1.85,4.72,0.07,-0.90,0.97,True,10:15,1846.24,16:00,1842.67,session,-4.47,0.30,-4.77,LOSS
2023-10-03,XAUUSD,A,none,SHORT,1828.31,1828.23,1827.01,1.22,0.07,BELOW,10:05,1826.64,11.33,0.37,,,,False,,,16:00,1820.52,session,6.12,0.30,5.83,WIN
2023-10-04,XAUUSD,A,none,SHORT,1823.11,1822.71,1822.40,0.31,0.39,BELOW,11:05,1822.16,2.47,2.92,0.23,-1.53,1.76,True,11:15,1823.69,16:00,1822.81,session,-0.64,0.30,-0.94,LOSS
2023-10-05,XAUUSD,A,none,LONG,1822.17,1822.45,1822.42,0.03,0.25,ABOVE,10:05,1822.74,6.48,0.93,,,,False,,,16:00,1827.31,session,4.56,0.30,4.26,WIN
2023-10-11,XAUUSD,A,none,LONG,1859.68,1860.09,1859.84,0.25,0.16,ABOVE,10:05,1860.35,1.79,0.86,0.45,-0.64,1.09,True,10:55,1859.71,16:00,1860.08,session,-0.27,0.30,-0.57,LOSS
2023-10-16,XAUUSD,A,none,SHORT,1926.16,1925.33,1924.56,0.77,0.83,BELOW,10:20,1923.16,5.06,3.08,1.45,-2.73,4.18,True,10:55,1925.89,16:00,1919.64,session,3.52,0.30,3.22,WIN
2023-10-17,XAUUSD,A,none,SHORT,1920.24,1919.78,1918.91,0.86,0.47,BELOW,11:15,1918.23,5.77,0.61,,,,False,,,16:00,1915.24,session,2.99,0.30,2.69,WIN
2023-10-18,XAUUSD,A,none,SHORT,1925.27,1925.16,1924.95,0.21,0.10,BELOW,10:05,1924.40,0.58,18.46,0.25,-0.78,1.03,True,10:30,1925.18,16:00,1939.46,session,-15.06,0.30,-15.36,LOSS
2023-10-19,XAUUSD,A,none,LONG,1949.71,1950.26,1949.93,0.33,0.22,ABOVE,10:05,1950.58,2.80,5.30,2.80,-1.46,4.27,True,11:40,1949.12,16:00,1947.38,session,-3.19,0.30,-3.49,LOSS
2023-10-26,XAUUSD,A,none,LONG,1981.41,1983.08,1982.22,0.86,0.81,ABOVE,10:40,1983.37,6.06,0.89,,,,False,,,16:00,1989.25,session,5.88,0.30,5.58,WIN
2023-10-30,XAUUSD,A,none,SHORT,2002.46,2001.60,2001.42,0.17,0.86,BELOW,15:30,2000.99,0.73,1.03,0.73,-0.72,1.44,True,15:40,2001.71,16:00,2001.65,session,-0.66,0.30,-0.96,LOSS
2023-10-31,XAUUSD,A,none,SHORT,1995.44,1995.17,1994.86,0.32,0.27,BELOW,10:05,1994.68,4.06,2.67,0.02,-0.56,0.58,True,10:10,1995.24,16:00,1993.31,session,1.37,0.30,1.07,WIN
2023-11-01,XAUUSD,A,none,SHORT,1985.32,1984.95,1984.91,0.04,0.37,BELOW,10:15,1984.40,9.16,0.46,,,,False,,,16:00,1977.02,session,7.38,0.30,7.08,WIN
2023-11-02,XAUUSD,A,none,LONG,1983.19,1984.42,1983.81,0.62,0.62,ABOVE,10:20,1984.79,3.44,1.33,,,,False,,,16:00,1986.12,session,1.33,0.30,1.03,WIN
2023-11-03,XAUUSD,A,none,SHORT,1985.20,1985.07,1985.02,0.05,0.13,BELOW,10:05,1984.92,1.59,3.01,0.50,-0.16,0.66,True,10:45,1985.09,16:00,1985.97,session,-1.05,0.30,-1.35,LOSS
2024-03-11,XAUUSD,A,none,SHORT,2178.48,2178.24,2177.32,0.92,0.24,BELOW,13:50,2176.93,0.02,4.61,0.02,-1.61,1.62,True,14:05,2178.54,16:00,2181.41,session,-4.47,0.30,-4.77,LOSS
2024-03-18,XAUUSD,A,none,LONG,2154.17,2155.41,2154.91,0.50,0.74,ABOVE,10:45,2155.45,2.15,9.30,2.15,-0.55,2.70,True,12:00,2154.91,16:00,2147.56,session,-7.89,0.30,-8.19,LOSS
2024-03-19,XAUUSD,A,none,LONG,2161.01,2161.38,2161.30,0.09,0.28,ABOVE,10:45,2161.41,1.49,2.79,1.49,-0.22,1.71,True,11:50,2161.20,16:00,2159.41,session,-2.01,0.30,-2.31,LOSS
2024-03-21,XAUUSD,A,none,LONG,2199.32,2200.96,2199.69,1.27,0.38,ABOVE,10:10,2204.31,8.26,11.83,2.12,-7.37,9.49,True,11:25,2196.94,16:00,2203.72,session,-0.59,0.30,-0.89,LOSS
2024-03-22,XAUUSD,A,none,LONG,2181.23,2181.38,2181.37,0.01,0.14,ABOVE,10:05,2181.54,4.59,9.66,0.09,-0.31,0.40,True,10:15,2181.23,16:00,2173.57,session,-7.97,0.30,-8.27,LOSS
2024-03-25,XAUUSD,A,none,LONG,2165.87,2166.88,2166.41,0.47,0.54,ABOVE,10:05,2167.74,10.67,3.73,1.77,-2.00,3.77,True,11:15,2165.74,16:00,2170.12,session,2.39,0.30,2.09,WIN
2024-03-26,XAUUSD,A,none,SHORT,2172.68,2172.57,2172.11,0.45,0.11,BELOW,10:30,2172.07,4.45,2.40,0.78,-0.91,1.70,True,10:55,2172.99,16:00,2172.09,session,-0.02,0.30,-0.32,LOSS
2024-03-27,XAUUSD,A,none,SHORT,2178.95,2178.65,2178.48,0.17,0.30,BELOW,10:05,2178.43,4.94,3.38,0.16,-0.23,0.39,True,10:10,2178.66,16:00,2178.30,session,0.12,0.30,-0.18,LOSS
2024-03-28,XAUUSD,A,none,LONG,2190.73,2192.49,2191.32,1.16,0.59,ABOVE,13:20,2192.91,4.06,0.08,,,,False,,,16:00,2195.76,session,2.85,0.30,2.55,WIN
2024-04-01,XAUUSD,A,none,LONG,2236.93,2237.49,2237.08,0.41,0.14,ABOVE,10:05,2238.41,27.36,0.58,,,,False,,,16:00,2259.34,session,20.93,0.30,20.63,WIN
2024-04-02,XAUUSD,A,none,SHORT,2254.59,2253.71,2251.64,2.07,0.88,BELOW,10:15,2250.46,3.74,9.49,3.74,-3.45,7.19,True,13:50,2253.91,16:00,2256.41,session,-5.95,0.30,-6.25,LOSS
2024-04-05,XAUUSD,A,none,LONG,2288.84,2290.55,2289.81,0.74,0.97,ABOVE,10:05,2290.99,0.20,23.20,0.20,-1.48,1.68,True,10:45,2289.51,16:00,2278.22,session,-12.77,0.30,-13.07,LOSS
2024-04-08,XAUUSD,A,none,SHORT,2311.78,2311.39,2309.93,1.47,0.38,BELOW,10:10,2308.30,5.33,45.85,5.33,-5.31,10.64,True,11:25,2313.61,16:00,2332.86,session,-24.56,0.30,-24.86,LOSS
2024-04-10,XAUUSD,A,none,LONG,2353.63,2354.89,2354.76,0.12,1.13,ABOVE,14:30,2355.01,5.14,1.12,0.72,-0.77,1.49,True,14:40,2354.24,16:00,2357.66,session,2.65,0.30,2.35,WIN
2024-04-11,XAUUSD,A,none,SHORT,2336.35,2335.61,2334.99,0.62,0.74,BELOW,10:05,2333.49,0.06,13.47,0.06,-2.52,2.58,True,10:30,2336.01,16:00,2339.50,session,-6.01,0.30,-6.31,LOSS
2024-04-15,XAUUSD,A,none,SHORT,2365.42,2364.89,2361.99,2.90,0.53,BELOW,10:15,2361.41,12.99,3.41,,,,False,,,16:00,2360.30,session,1.11,0.30,0.81,WIN
2024-04-17,XAUUSD,A,none,SHORT,2384.01,2382.83,2381.43,1.40,1.18,BELOW,13:25,2381.32,7.05,1.79,0.55,-1.53,2.08,True,13:50,2382.85,16:00,2375.53,session,5.79,0.30,5.49,WIN
2024-04-18,XAUUSD,A,none,LONG,2366.86,2368.76,2368.08,0.68,1.22,ABOVE,10:30,2368.92,9.24,4.84,3.17,-2.20,5.37,True,11:25,2366.72,16:00,2378.14,session,9.22,0.30,8.92,WIN
2024-04-19,XAUUSD,A,none,SHORT,2381.20,2379.93,2378.21,1.72,1.28,BELOW,10:05,2376.67,2.83,41.25,2.83,-7.32,10.15,True,11:00,2383.99,16:00,2382.32,session,-5.64,0.30,-5.94,LOSS
2024-04-23,XAUUSD,A,none,LONG,2332.15,2333.79,2332.82,0.97,0.67,ABOVE,11:05,2334.03,0.48,38.40,0.48,-1.88,2.36,True,11:20,2332.15,16:00,2308.55,session,-25.48,0.30,-25.78,LOSS
2024-04-24,XAUUSD,A,none,SHORT,2324.03,2323.37,2322.55,0.82,0.66,BELOW,10:05,2322.36,6.52,9.01,6.52,-1.37,7.89,True,13:10,2323.73,16:00,2330.14,session,-7.78,0.30,-8.08,LOSS
2024-04-25,XAUUSD,A,none,LONG,2316.12,2317.02,2316.39,0.63,0.26,ABOVE,10:05,2317.28,4.88,12.26,2.29,-1.03,3.32,True,11:10,2316.26,16:00,2318.84,session,1.56,0.30,1.26,WIN
2024-04-26,XAUUSD,A,none,SHORT,2331.18,2331.08,2330.72,0.36,0.10,BELOW,10:05,2330.49,4.13,9.74,4.13,-0.72,4.86,True,11:30,2331.22,16:00,2340.23,session,-9.74,0.30,-10.04,LOSS
2024-04-29,XAUUSD,A,none,SHORT,2336.30,2336.25,2335.93,0.32,0.05,BELOW,10:05,2335.39,15.55,1.24,,,,False,,,16:00,2330.07,session,5.32,0.30,5.02,WIN
2024-04-30,XAUUSD,A,none,SHORT,2333.61,2333.18,2332.26,0.91,0.43,BELOW,12:10,2329.74,9.10,2.56,,,,False,,,16:00,2321.50,session,8.24,0.30,7.94,WIN
2024-05-03,XAUUSD,A,none,LONG,2303.01,2304.32,2303.86,0.47,0.84,ABOVE,11:00,2304.59,4.21,4.66,1.85,-1.34,3.18,True,11:20,2303.26,16:00,2305.43,session,0.84,0.30,0.54,WIN
2024-05-06,XAUUSD,A,none,SHORT,2295.23,2294.50,2294.03,0.47,0.73,BELOW,10:15,2293.06,1.21,22.41,1.21,-1.58,2.79,True,10:30,2294.64,16:00,2312.66,session,-19.60,0.30,-19.90,LOSS
2024-05-07,XAUUSD,A,none,LONG,2325.41,2327.06,2326.17,0.89,0.76,ABOVE,10:15,2328.26,1.72,8.77,1.72,-2.86,4.58,True,11:20,2325.40,16:00,2319.72,session,-8.54,0.30,-8.84,LOSS
2024-05-08,XAUUSD,A,none,LONG,2315.09,2315.80,2315.27,0.53,0.18,ABOVE,10:05,2315.86,5.67,8.79,0.27,-0.71,0.98,True,10:25,2315.15,16:00,2318.54,session,2.68,0.30,2.38,WIN
2024-05-09,XAUUSD,A,none,LONG,2308.72,2309.11,2308.88,0.23,0.16,ABOVE,10:40,2309.57,10.28,1.55,2.81,-1.28,4.10,True,12:05,2308.29,16:00,2315.47,session,5.89,0.30,5.59,WIN
2024-05-13,XAUUSD,A,none,LONG,2360.20,2360.75,2360.55,0.20,0.35,ABOVE,10:10,2361.83,2.72,10.54,2.72,-2.30,5.02,True,11:10,2359.53,16:00,2353.89,session,-7.94,0.30,-8.24,LOSS
2024-05-14,XAUUSD,A,none,SHORT,2338.84,2338.47,2338.39,0.08,0.38,BELOW,10:05,2337.81,2.92,8.18,0.00,-1.19,1.19,True,10:10,2339.00,16:00,2345.06,session,-7.25,0.30,-7.55,LOSS
2024-05-21,XAUUSD,A,none,LONG,2426.20,2427.11,2426.36,0.75,0.17,ABOVE,10:15,2427.13,6.01,20.97,0.64,-1.14,1.78,True,10:25,2425.99,16:00,2415.74,session,-11.39,0.30,-11.69,LOSS
2024-05-23,XAUUSD,A,none,LONG,2382.17,2382.60,2382.31,0.29,0.14,ABOVE,10:05,2382.97,0.81,27.99,0.81,-0.78,1.59,True,10:15,2382.20,16:00,2360.14,session,-22.84,0.30,-23.14,LOSS
2024-05-24,XAUUSD,A,none,SHORT,2333.31,2332.26,2332.05,0.20,1.05,BELOW,10:05,2332.01,6.55,7.39,5.24,-0.74,5.99,True,11:15,2332.76,16:00,2337.13,session,-5.12,0.30,-5.42,LOSS
2024-05-27,XAUUSD,A,none,SHORT,2337.80,2337.33,2336.74,0.59,0.47,BELOW,10:10,2336.52,1.99,11.14,1.99,-0.97,2.96,True,11:05,2337.49,16:00,2343.25,session,-6.73,0.30,-7.03,LOSS
2024-05-28,XAUUSD,A,none,LONG,2351.76,2352.55,2352.28,0.26,0.52,ABOVE,10:10,2352.82,3.62,4.39,0.87,-0.96,1.83,True,10:20,2351.86,16:00,2349.55,session,-3.27,0.30,-3.57,LOSS
2024-05-29,XAUUSD,A,none,LONG,2359.68,2360.14,2359.72,0.42,0.04,ABOVE,10:05,2360.50,0.95,6.01,0.47,-1.07,1.54,True,10:20,2359.43,16:00,2355.44,session,-5.06,0.30,-5.36,LOSS
2024-05-30,XAUUSD,A,none,SHORT,2338.70,2338.51,2336.89,1.62,0.20,BELOW,10:10,2336.70,14.04,3.25,2.65,-2.39,5.05,True,11:10,2339.09,16:00,2325.26,session,11.44,0.30,11.14,WIN
2024-06-04,XAUUSD,A,none,LONG,2350.43,2351.45,2350.59,0.86,0.17,ABOVE,10:20,2351.69,1.20,8.50,1.20,-2.20,3.40,True,11:05,2349.49,16:00,2350.89,session,-0.80,0.30,-1.10,LOSS
2024-06-06,XAUUSD,A,none,SHORT,2355.43,2355.15,2354.88,0.28,0.28,BELOW,10:35,2354.77,0.01,20.28,0.01,-0.66,0.66,True,10:40,2355.43,16:00,2367.24,session,-12.47,0.30,-12.77,LOSS
2024-06-07,XAUUSD,A,none,SHORT,2377.05,2376.91,2376.53,0.38,0.13,BELOW,11:05,2376.49,6.98,11.30,6.98,-1.31,8.30,True,12:50,2377.80,16:00,2376.10,session,0.39,0.30,0.09,WIN
2024-06-12,XAUUSD,A,none,LONG,2314.51,2315.57,2315.20,0.38,0.69,ABOVE,10:05,2315.66,1.16,4.91,0.00,-0.67,0.67,True,10:10,2314.99,16:00,2314.55,session,-1.11,0.30,-1.41,LOSS
2024-06-13,XAUUSD,A,none,SHORT,2321.44,2320.65,2318.53,2.12,0.79,BELOW,11:05,2317.22,9.01,0.72,,,,False,,,16:00,2313.55,session,3.66,0.30,3.36,WIN
2024-06-14,XAUUSD,A,none,LONG,2302.05,2303.33,2302.43,0.89,0.38,ABOVE,10:20,2303.39,8.34,0.33,,,,False,,,16:00,2309.13,session,5.74,0.30,5.44,WIN
2024-06-17,XAUUSD,A,none,SHORT,2328.98,2328.95,2326.58,2.37,0.03,BELOW,10:15,2325.90,8.60,3.11,,,,False,,,16:00,2317.45,session,8.45,0.30,8.15,WIN
2024-06-18,XAUUSD,A,none,LONG,2320.45,2322.18,2321.11,1.07,0.66,ABOVE,10:25,2322.28,3.44,2.98,3.31,-1.76,5.07,True,11:15,2320.53,16:00,2321.91,session,-0.38,0.30,-0.68,LOSS
2024-06-20,XAUUSD,A,none,LONG,2329.07,2329.51,2329.36,0.14,0.29,ABOVE,10:55,2329.83,15.12,0.00,,,,False,,,16:00,2341.70,session,11.88,0.30,11.57,WIN
2024-06-21,XAUUSD,A,none,LONG,2360.19,2361.32,2360.95,0.38,0.76,ABOVE,10:05,2362.68,2.99,5.54,2.22,-2.02,4.24,True,11:25,2360.66,16:00,2363.45,session,0.76,0.30,0.46,WIN
2024-06-24,XAUUSD,A,none,LONG,2318.47,2320.90,2319.19,1.71,0.72,ABOVE,10:40,2321.16,6.18,2.09,,,,False,,,16:00,2323.34,session,2.18,0.30,1.88,WIN
2024-06-27,XAUUSD,A,none,LONG,2298.34,2298.45,2298.44,0.01,0.10,ABOVE,10:10,2299.80,1.39,3.18,0.41,-1.51,1.92,True,10:45,2298.29,16:00,2298.72,session,-1.08,0.30,-1.38,LOSS
2024-06-28,XAUUSD,A,none,SHORT,2327.87,2327.76,2327.32,0.45,0.11,BELOW,10:10,2326.66,7.56,0.45,,,,False,,,16:00,2325.72,session,0.95,0.30,0.65,WIN
2024-07-01,XAUUSD,A,none,SHORT,2325.72,2325.05,2323.43,1.61,0.67,BELOW,10:05,2323.40,4.80,5.24,1.14,-1.82,2.96,True,10:35,2325.22,16:00,2322.78,session,0.62,0.30,0.33,WIN
2024-07-02,XAUUSD,A,none,LONG,2332.34,2333.51,2332.36,1.14,0.03,ABOVE,11:50,2333.53,0.86,8.53,0.86,-1.59,2.44,True,12:30,2331.95,16:00,2331.05,session,-2.48,0.30,-2.78,LOSS
2024-07-03,XAUUSD,A,none,LONG,2330.23,2330.92,2330.32,0.61,0.09,ABOVE,10:05,2331.47,4.38,4.58,0.75,-1.17,1.92,True,10:55,2330.30,16:00,2333.99,session,2.52,0.30,2.22,WIN
2024-07-08,XAUUSD,A,none,SHORT,2386.47,2386.17,2384.70,1.47,0.30,BELOW,12:40,2383.78,3.01,3.07,3.01,-2.81,5.82,True,15:15,2386.59,16:00,2381.38,session,2.41,0.30,2.11,WIN
2024-07-09,XAUUSD,A,none,LONG,2361.65,2362.53,2361.86,0.67,0.21,ABOVE,10:10,2363.41,5.41,2.86,0.34,-2.35,2.68,True,10:30,2361.07,16:00,2364.91,session,1.49,0.30,1.19,WIN
2024-07-18,XAUUSD,A,none,SHORT,2461.61,2461.45,2459.08,2.38,0.16,BELOW,10:05,2458.47,1.01,11.51,1.01,-4.25,5.26,True,11:10,2462.72,16:00,2465.74,session,-7.28,0.30,-7.58,LOSS
2024-07-19,XAUUSD,A,none,SHORT,2443.76,2441.38,2431.36,10.03,2.38,BELOW,10:10,2431.20,10.62,3.74,,,,False,,,16:00,2421.80,session,9.40,0.30,9.10,WIN
2024-07-25,XAUUSD,A,none,SHORT,2399.61,2398.89,2398.07,0.82,0.72,BELOW,10:05,2396.58,29.72,3.57,,,,False,,,16:00,2376.74,session,19.84,0.30,19.54,WIN
2024-07-26,XAUUSD,A,none,LONG,2363.72,2364.73,2363.86,0.88,0.14,ABOVE,10:05,2365.37,14.11,9.49,0.08,-1.65,1.74,True,10:25,2363.72,16:00,2372.59,session,7.22,0.30,6.92,WIN
2024-07-29,XAUUSD,A,none,SHORT,2398.20,2398.09,2397.16,0.93,0.11,BELOW,11:15,2396.99,8.23,1.28,,,,False,,,16:00,2394.84,session,2.15,0.30,1.85,WIN
2024-08-01,XAUUSD,A,none,LONG,2445.39,2446.07,2445.84,0.24,0.45,ABOVE,10:05,2446.24,12.23,8.91,0.78,-0.74,1.52,True,10:20,2445.50,16:00,2447.62,session,1.38,0.30,1.08,WIN
2024-08-07,XAUUSD,A,none,SHORT,2384.83,2384.69,2383.95,0.74,0.14,BELOW,10:05,2382.20,3.15,14.03,0.74,-2.86,3.60,True,10:50,2385.06,16:00,2389.93,session,-7.72,0.30,-8.02,LOSS
2024-08-09,XAUUSD,A,none,LONG,2423.34,2425.12,2424.66,0.47,1.32,ABOVE,11:35,2425.25,3.78,8.32,3.78,-1.32,5.10,True,12:35,2423.93,16:00,2419.14,session,-6.11,0.30,-6.41,LOSS
2024-08-13,XAUUSD,A,none,LONG,2474.41,2475.93,2475.57,0.36,1.16,ABOVE,10:05,2476.21,0.76,17.65,0.76,-0.95,1.70,True,10:15,2475.26,16:00,2463.03,session,-13.18,0.30,-13.48,LOSS
2024-08-14,XAUUSD,A,none,LONG,2463.73,2464.28,2464.24,0.04,0.51,ABOVE,10:05,2465.55,7.10,10.18,7.10,-2.18,9.29,True,12:00,2463.37,16:00,2461.95,session,-3.61,0.30,-3.91,LOSS
2024-08-15,XAUUSD,A,none,LONG,2448.51,2449.52,2449.50,0.02,0.99,ABOVE,10:05,2449.56,5.95,1.28,0.43,-0.38,0.81,True,10:20,2449.18,16:00,2453.72,session,4.16,0.30,3.86,WIN
2024-08-20,XAUUSD,A,none,LONG,2503.36,2504.47,2503.73,0.74,0.38,ABOVE,10:05,2504.67,3.61,5.89,3.61,-1.66,5.26,True,11:10,2503.01,16:00,2500.57,session,-4.11,0.30,-4.41,LOSS
2024-08-21,XAUUSD,A,none,SHORT,2514.61,2513.07,2512.99,0.08,1.55,BELOW,11:20,2512.62,1.69,7.37,1.69,-1.25,2.94,True,11:40,2513.87,16:00,2515.76,session,-3.14,0.30,-3.44,LOSS
2024-08-23,XAUUSD,A,none,LONG,2486.26,2487.68,2487.35,0.33,1.09,ABOVE,10:15,2488.16,7.69,1.39,,,,False,,,16:00,2491.68,session,3.51,0.30,3.21,WIN
2024-08-26,XAUUSD,A,none,LONG,2514.30,2516.03,2515.30,0.73,1.00,ABOVE,10:25,2516.18,0.82,7.37,0.82,-3.66,4.47,True,10:45,2512.52,16:00,2510.54,session,-5.64,0.30,-5.94,LOSS
2024-08-27,XAUUSD,A,none,SHORT,2516.30,2515.66,2515.53,0.13,0.64,BELOW,10:10,2514.97,9.12,1.84,0.19,-0.81,1.01,True,10:15,2515.78,16:00,2514.71,session,0.26,0.30,-0.04,LOSS
2024-08-28,XAUUSD,A,none,SHORT,2526.28,2525.37,2524.74,0.63,0.91,BELOW,10:10,2524.72,21.39,1.21,,,,False,,,16:00,2504.72,session,20.00,0.30,19.70,WIN
2024-08-29,XAUUSD,A,none,LONG,2507.82,2509.95,2508.22,1.73,0.40,ABOVE,10:05,2509.99,10.05,0.30,,,,False,,,16:00,2518.55,session,8.56,0.30,8.26,WIN
2024-09-02,XAUUSD,A,none,LONG,2502.38,2503.14,2503.03,0.11,0.66,ABOVE,10:10,2503.16,1.85,13.05,0.27,-0.36,0.63,True,10:15,2502.80,16:00,2497.97,session,-5.18,0.30,-5.48,LOSS
2024-09-03,XAUUSD,A,none,SHORT,2497.93,2497.36,2497.33,0.03,0.57,BELOW,10:05,2496.52,6.82,1.11,,,,False,,,16:00,2493.51,session,3.01,0.30,2.71,WIN
2024-09-05,XAUUSD,A,none,LONG,2495.37,2496.57,2495.98,0.59,0.61,ABOVE,11:05,2497.05,5.36,3.16,2.38,-1.54,3.92,True,13:50,2495.51,16:00,2501.36,session,4.31,0.30,4.01,WIN
2024-09-06,XAUUSD,A,none,SHORT,2517.75,2517.49,2517.43,0.06,0.26,BELOW,10:05,2517.19,4.10,4.71,4.10,-0.63,4.73,True,12:55,2517.82,16:00,2519.30,session,-2.11,0.30,-2.41,LOSS
2024-09-09,XAUUSD,A,none,LONG,2496.43,2497.95,2497.01,0.94,0.59,ABOVE,11:05,2498.12,2.47,10.86,0.64,-2.03,2.67,True,11:20,2496.09,16:00,2489.55,session,-8.57,0.30,-8.87,LOSS
2024-09-11,XAUUSD,A,none,LONG,2517.86,2518.78,2518.69,0.09,0.84,ABOVE,10:40,2519.01,4.76,3.99,0.17,-1.13,1.30,True,10:45,2517.88,16:00,2522.10,session,3.09,0.30,2.79,WIN
2024-09-17,XAUUSD,A,none,LONG,2583.71,2584.18,2583.78,0.40,0.07,ABOVE,12:10,2585.18,1.18,10.55,1.18,-3.07,4.26,True,12:45,2582.11,16:00,2581.44,session,-3.74,0.30,-4.04,LOSS
2024-09-18,XAUUSD,A,none,LONG,2573.84,2574.21,2574.09,0.12,0.26,ABOVE,11:00,2574.38,2.15,8.59,0.38,-1.40,1.78,True,11:05,2572.98,16:00,2568.64,session,-5.74,0.30,-6.04,LOSS
2024-09-19,XAUUSD,A,none,LONG,2557.37,2559.43,2558.36,1.06,0.99,ABOVE,12:15,2559.45,18.03,0.11,,,,False,,,16:00,2577.01,session,17.57,0.30,17.27,WIN
2024-09-23,XAUUSD,A,none,SHORT,2620.89,2620.28,2619.45,0.83,0.61,BELOW,10:05,2618.93,2.75,12.48,2.75,-2.16,4.91,True,11:35,2621.09,16:00,2629.01,session,-10.08,0.30,-10.38,LOSS
2024-09-25,XAUUSD,A,none,SHORT,2658.52,2658.32,2657.59,0.73,0.20,BELOW,11:30,2656.39,1.87,14.22,0.51,-4.06,4.57,True,11:50,2660.45,16:00,2659.24,session,-2.85,0.30,-3.15,LOSS
2024-09-26,XAUUSD,A,none,SHORT,2658.44,2656.76,2656.43,0.33,1.68,BELOW,10:05,2656.26,0.77,7.23,0.77,-0.59,1.37,True,10:15,2656.86,16:00,2660.98,session,-4.72,0.30,-5.02,LOSS
2024-10-01,XAUUSD,A,none,LONG,2635.35,2636.02,2635.85,0.17,0.50,ABOVE,10:05,2636.56,7.89,2.56,0.25,-1.84,2.09,True,10:35,2634.72,16:00,2643.51,session,6.95,0.30,6.65,WIN
2024-10-02,XAUUSD,A,none,SHORT,2660.74,2660.41,2660.09,0.32,0.32,BELOW,10:05,2659.37,14.79,2.74,2.98,-1.40,4.38,True,11:45,2660.77,16:00,2648.14,session,11.22,0.30,10.92,WIN
2024-10-04,XAUUSD,A,none,LONG,2655.33,2656.14,2655.89,0.24,0.57,ABOVE,10:05,2656.99,10.88,1.43,,,,False,,,16:00,2667.03,session,10.05,0.30,9.75,WIN
2024-10-08,XAUUSD,A,none,LONG,2643.31,2644.26,2644.09,0.18,0.78,ABOVE,10:15,2644.83,3.47,10.99,0.15,-0.92,1.07,True,10:25,2643.91,16:00,2642.28,session,-2.55,0.30,-2.85,LOSS
2024-10-09,XAUUSD,A,none,LONG,2621.70,2622.67,2622.11,0.56,0.42,ABOVE,10:05,2623.09,1.22,8.10,0.74,-1.07,1.81,True,10:55,2622.02,16:00,2619.51,session,-3.57,0.30,-3.87,LOSS
2024-10-10,XAUUSD,A,none,LONG,2608.30,2608.91,2608.86,0.05,0.56,ABOVE,10:05,2609.12,7.84,3.12,0.34,-0.51,0.85,True,10:35,2608.62,16:00,2614.88,session,5.75,0.30,5.45,WIN
2024-10-15,XAUUSD,A,none,LONG,2650.11,2650.43,2650.12,0.31,0.01,ABOVE,10:05,2650.66,2.15,8.63,0.36,-1.18,1.54,True,10:40,2649.48,16:00,2642.24,session,-8.41,0.30,-8.71,LOSS
2024-10-16,XAUUSD,A,none,SHORT,2662.57,2662.28,2662.01,0.27,0.29,BELOW,10:05,2661.70,2.90,8.46,0.36,-0.65,1.01,True,10:40,2662.36,16:00,2667.74,session,-6.03,0.30,-6.33,LOSS
2024-10-17,XAUUSD,A,none,LONG,2673.43,2673.85,2673.82,0.03,0.39,ABOVE,10:10,2674.01,10.93,0.01,,,,False,,,16:00,2678.91,session,4.90,0.30,4.60,WIN
2024-10-21,XAUUSD,A,none,LONG,2722.20,2724.07,2723.70,0.37,1.49,ABOVE,10:35,2724.28,8.61,3.18,0.92,-1.59,2.51,True,10:45,2722.69,16:00,2730.11,session,5.83,0.30,5.53,WIN
2024-10-23,XAUUSD,A,none,SHORT,2747.99,2747.57,2747.41,0.16,0.41,BELOW,10:40,2746.57,8.62,4.16,8.62,-1.48,10.11,True,15:10,2748.05,16:00,2750.20,session,-3.64,0.30,-3.94,LOSS
2024-10-24,XAUUSD,A,none,LONG,2717.93,2719.30,2718.11,1.18,0.18,ABOVE,10:10,2719.71,7.53,1.78,,,,False,,,16:00,2727.09,session,7.38,0.30,7.08,WIN
2024-10-28,XAUUSD,A,none,LONG,2732.72,2736.68,2734.66,2.02,1.93,ABOVE,10:05,2737.16,3.16,12.41,3.16,-3.34,6.50,True,11:05,2733.83,16:00,2733.31,session,-3.86,0.30,-4.16,LOSS
2024-10-29,XAUUSD,A,none,LONG,2741.53,2742.20,2741.66,0.53,0.13,ABOVE,10:10,2742.49,15.29,1.24,0.36,-1.03,1.39,True,10:30,2741.46,16:00,2755.73,session,13.24,0.30,12.94,WIN
2024-10-30,XAUUSD,A,none,SHORT,2774.93,2774.76,2774.24,0.53,0.17,BELOW,10:05,2773.91,0.38,8.28,0.38,-1.14,1.53,True,10:50,2775.05,16:00,2779.44,session,-5.53,0.30,-5.83,LOSS
2024-10-31,XAUUSD,A,none,LONG,2786.90,2787.88,2787.51,0.36,0.61,ABOVE,11:15,2787.99,2.18,5.82,0.28,-1.23,1.51,True,11:20,2786.76,16:00,2784.18,session,-3.81,0.30,-4.11,LOSS
2024-11-01,XAUUSD,A,none,LONG,2745.88,2746.32,2746.18,0.14,0.30,ABOVE,10:05,2746.62,6.52,1.66,1.32,-0.88,2.20,True,11:30,2745.75,16:00,2752.36,session,5.74,0.30,5.44,WIN
2025-03-10,XAUUSD,A,none,LONG,2911.96,2912.74,2911.99,0.75,0.03,ABOVE,10:05,2912.80,5.59,4.46,5.59,-2.03,7.62,True,13:10,2910.76,16:00,2909.59,session,-3.21,0.30,-3.51,LOSS
2025-03-11,XAUUSD,A,none,SHORT,2885.36,2885.06,2884.66,0.40,0.30,BELOW,10:15,2884.34,4.09,16.18,1.91,-0.81,2.72,True,11:05,2885.14,16:00,2897.84,session,-13.51,0.30,-13.81,LOSS
2025-03-12,XAUUSD,A,none,LONG,2915.47,2918.43,2917.79,0.64,2.32,ABOVE,10:05,2919.46,0.65,8.56,0.30,-1.87,2.16,True,10:10,2917.59,16:00,2913.74,session,-5.72,0.30,-6.02,LOSS
2025-03-13,XAUUSD,A,none,LONG,2937.78,2938.58,2938.22,0.36,0.43,ABOVE,10:35,2938.69,8.51,2.05,0.20,-1.01,1.21,True,10:45,2937.68,16:00,2944.63,session,5.94,0.30,5.64,WIN
2025-03-17,XAUUSD,A,none,LONG,2989.15,2989.48,2989.18,0.30,0.03,ABOVE,10:05,2989.83,4.41,7.34,4.41,-1.49,5.89,True,11:10,2988.34,16:00,2983.08,session,-6.75,0.30,-7.05,LOSS
2025-03-19,XAUUSD,A,none,LONG,3034.04,3034.66,3034.53,0.12,0.49,ABOVE,14:10,3034.94,4.11,0.95,,,,False,,,16:00,3037.36,session,2.41,0.30,2.11,WIN
2025-03-21,XAUUSD,A,none,LONG,3045.11,3045.89,3045.84,0.05,0.72,ABOVE,10:10,3046.07,1.48,18.01,0.00,-0.37,0.37,True,10:15,3045.70,16:00,3029.61,session,-16.46,0.30,-16.76,LOSS
2025-03-25,XAUUSD,A,none,LONG,3010.17,3011.86,3011.51,0.35,1.34,ABOVE,10:05,3012.09,5.36,4.55,0.00,-0.60,0.60,True,10:10,3011.49,16:00,3017.42,session,5.34,0.30,5.04,WIN
2025-03-26,XAUUSD,A,none,LONG,3020.82,3021.47,3021.46,0.01,0.64,ABOVE,10:05,3021.55,5.62,7.23,0.07,-0.36,0.43,True,10:10,3021.20,16:00,3015.64,session,-5.92,0.30,-6.22,LOSS
2025-03-27,XAUUSD,A,none,SHORT,3020.01,3019.55,3018.78,0.76,0.47,BELOW,10:15,3018.77,0.41,19.93,0.41,-1.09,1.51,True,10:20,3019.86,16:00,3033.53,session,-14.76,0.30,-15.06,LOSS
2025-03-28,XAUUSD,A,none,SHORT,3055.93,3055.16,3054.51,0.65,0.77,BELOW,10:05,3054.34,0.11,23.34,0.11,-0.94,1.05,True,10:40,3055.28,16:00,3074.30,session,-19.96,0.30,-20.26,LOSS
2025-04-03,XAUUSD,A,none,LONG,3144.70,3148.82,3145.99,2.82,1.30,ABOVE,10:05,3153.24,14.60,16.51,14.60,-10.47,25.07,True,11:15,3142.76,16:00,3140.43,session,-12.81,0.30,-13.11,LOSS
2025-04-07,XAUUSD,A,none,LONG,2995.82,2999.75,2999.64,0.11,3.82,ABOVE,11:10,3007.05,50.25,2.32,,,,False,,,16:00,3030.14,session,23.09,0.30,22.79,WIN
2025-04-09,XAUUSD,A,none,LONG,2970.83,2978.57,2977.97,0.61,7.14,ABOVE,10:05,2981.02,39.61,8.61,6.08,-7.58,13.66,True,11:00,2973.44,16:00,3019.12,session,38.10,0.30,37.80,WIN
2025-04-16,XAUUSD,A,none,LONG,3244.05,3258.99,3251.91,7.07,7.87,ABOVE,10:15,3259.17,32.76,3.16,,,,False,,,16:00,3287.07,session,27.90,0.30,27.60,WIN
2025-04-17,XAUUSD,A,none,SHORT,3352.01,3350.27,3346.19,4.08,1.74,BELOW,10:05,3344.85,23.99,11.65,2.84,-8.21,11.05,True,11:10,3353.06,16:00,3326.47,session,18.38,0.30,18.08,WIN
2025-04-22,XAUUSD,A,none,SHORT,3436.39,3434.53,3419.24,15.30,1.86,BELOW,10:05,3418.82,3.45,76.93,3.45,-17.18,20.63,True,11:15,3436.01,16:00,3490.03,session,-71.21,0.30,-71.51,LOSS
2025-04-23,XAUUSD,A,none,SHORT,3339.34,3338.49,3336.80,1.69,0.84,BELOW,13:10,3336.32,28.32,13.20,5.30,-2.70,8.01,True,13:15,3339.03,16:00,3310.12,session,26.20,0.30,25.90,WIN
2025-04-24,XAUUSD,A,none,LONG,3314.59,3316.48,3315.23,1.25,0.64,ABOVE,10:05,3317.54,50.14,0.00,,,,False,,,16:00,3325.75,session,8.21,0.30,7.91,WIN
2025-04-25,XAUUSD,A,none,SHORT,3353.24,3352.45,3348.92,3.53,0.78,BELOW,11:20,3348.74,61.47,6.20,0.16,-4.33,4.49,True,11:25,3353.07,16:00,3297.05,session,51.69,0.30,51.39,WIN
2025-04-28,XAUUSD,A,none,LONG,3302.11,3308.28,3302.80,5.48,0.69,ABOVE,10:05,3310.82,5.34,42.71,5.34,-8.91,14.25,True,11:15,3301.91,16:00,3292.91,session,-17.92,0.30,-18.22,LOSS
2025-04-29,XAUUSD,A,none,SHORT,3339.34,3337.66,3335.00,2.66,1.67,BELOW,10:20,3334.10,28.96,6.04,,,,False,,,16:00,3310.32,session,23.78,0.30,23.48,WIN
2025-04-30,XAUUSD,A,none,LONG,3315.81,3321.33,3317.18,4.15,1.37,ABOVE,10:05,3323.45,4.70,22.07,4.70,-7.05,11.75,True,10:35,3316.41,16:00,3310.02,session,-13.43,0.30,-13.73,LOSS
2025-05-01,XAUUSD,A,none,SHORT,3275.97,3274.68,3273.03,1.64,1.29,BELOW,10:15,3268.74,47.41,0.03,,,,False,,,16:00,3241.14,session,27.59,0.30,27.29,WIN
2025-05-02,XAUUSD,A,none,LONG,3237.30,3240.12,3237.44,2.68,0.14,ABOVE,10:15,3240.76,18.03,13.29,3.70,-8.09,11.78,True,10:45,3232.68,16:00,3252.94,session,12.18,0.30,11.88,WIN
2025-05-05,XAUUSD,A,none,SHORT,3250.09,3248.16,3246.58,1.58,1.93,BELOW,10:05,3245.57,4.37,26.98,4.37,-7.75,12.12,True,11:00,3253.32,16:00,3257.63,session,-12.07,0.30,-12.37,LOSS
2025-05-06,XAUUSD,A,none,SHORT,3334.46,3334.13,3332.28,1.85,0.33,BELOW,10:15,3328.84,6.09,58.17,6.09,-20.95,27.04,True,11:00,3349.80,16:00,3360.53,session,-31.68,0.30,-31.98,LOSS
2025-05-09,XAUUSD,A,none,LONG,3316.16,3317.84,3316.47,1.37,0.30,ABOVE,10:45,3319.75,10.68,44.94,3.53,-4.05,7.59,True,11:10,3315.70,16:00,3323.17,session,3.42,0.30,3.12,WIN
2025-05-13,XAUUSD,A,none,SHORT,3237.79,3237.20,3236.86,0.34,0.59,BELOW,10:30,3236.21,20.36,24.66,2.25,-2.05,4.30,True,10:50,3238.26,16:00,3256.28,session,-20.07,0.30,-20.37,LOSS
2025-05-14,XAUUSD,A,none,SHORT,3254.82,3254.44,3249.14,5.30,0.38,BELOW,10:05,3245.51,23.95,6.39,,,,False,,,16:00,3233.58,session,11.93,0.30,11.63,WIN
2025-05-19,XAUUSD,A,none,LONG,3227.36,3236.66,3235.03,1.63,7.66,ABOVE,10:05,3243.26,6.59,36.54,6.59,-9.67,16.26,True,11:10,3233.59,16:00,3224.43,session,-18.83,0.30,-19.13,LOSS
2025-05-23,XAUUSD,A,none,SHORT,3301.55,3300.22,3295.43,4.79,1.33,BELOW,10:50,3295.26,4.26,34.74,1.36,-5.62,6.98,True,10:55,3300.89,16:00,3329.28,session,-34.02,0.30,-34.32,LOSS
2025-05-27,XAUUSD,A,none,SHORT,3346.44,3346.20,3345.41,0.79,0.24,BELOW,10:20,3344.55,28.45,2.88,0.72,-2.03,2.74,True,10:30,3346.57,16:00,3323.65,session,20.90,0.30,20.60,WIN
2025-05-29,XAUUSD,A,none,LONG,3259.05,3262.92,3259.93,2.99,0.88,ABOVE,10:35,3264.40,15.82,18.84,4.88,-8.97,13.85,True,11:00,3255.43,16:00,3274.38,session,9.98,0.30,9.68,WIN
2025-05-30,XAUUSD,A,none,LONG,3314.32,3318.20,3315.57,2.64,1.25,ABOVE,11:15,3319.93,2.99,29.74,2.99,-5.01,8.00,True,11:30,3314.93,16:00,3301.76,session,-18.17,0.30,-18.47,LOSS
2025-06-06,XAUUSD,A,none,LONG,3361.58,3363.73,3361.91,1.82,0.33,ABOVE,10:10,3363.87,11.84,7.74,0.29,-2.12,2.41,True,10:35,3361.74,16:00,3364.78,session,0.91,0.30,0.61,WIN
2025-06-12,XAUUSD,A,none,LONG,3362.89,3365.51,3363.60,1.91,0.70,ABOVE,10:15,3366.76,11.13,4.30,,,,False,,,16:00,3374.44,session,7.68,0.30,7.38,WIN
2025-06-13,XAUUSD,A,none,LONG,3389.91,3400.94,3395.86,5.09,5.94,ABOVE,10:05,3410.93,33.57,10.69,,,,False,,,16:00,3425.84,session,14.92,0.30,14.62,WIN
2025-06-24,XAUUSD,A,none,SHORT,3347.80,3344.49,3335.88,8.61,3.31,BELOW,15:35,3333.58,6.86,2.64,,,,False,,,16:00,3331.11,session,2.47,0.30,2.17,WIN
2025-06-27,XAUUSD,A,none,SHORT,3320.43,3318.73,3316.64,2.09,1.70,BELOW,10:15,3316.45,27.13,5.72,3.15,-2.53,5.68,True,10:55,3318.98,16:00,3298.92,session,17.53,0.30,17.23,WIN
2025-06-30,XAUUSD,A,none,SHORT,3266.78,3266.16,3263.81,2.35,0.62,BELOW,10:35,3263.62,4.23,27.97,0.32,-2.72,3.03,True,10:45,3266.34,16:00,3290.05,session,-26.43,0.30,-26.73,LOSS
2025-07-02,XAUUSD,A,none,SHORT,3338.40,3338.21,3337.01,1.20,0.19,BELOW,10:35,3336.82,8.21,7.19,0.84,-1.64,2.48,True,10:45,3338.47,16:00,3337.15,session,-0.33,0.30,-0.63,LOSS
2025-07-03,XAUUSD,A,none,SHORT,3350.63,3349.51,3346.14,3.38,1.12,BELOW,10:05,3345.59,3.58,18.12,3.58,-4.37,7.95,True,12:45,3349.97,16:00,3363.61,session,-18.02,0.30,-18.32,LOSS
2025-07-04,XAUUSD,A,none,SHORT,3331.84,3330.99,3329.72,1.28,0.85,BELOW,10:05,3327.91,1.98,14.52,1.98,-4.70,6.68,True,11:15,3332.61,16:00,3341.31,session,-13.40,0.30,-13.70,LOSS
2025-07-08,XAUUSD,A,none,SHORT,3336.58,3336.01,3334.72,1.29,0.57,BELOW,10:15,3333.76,6.35,4.39,4.02,-2.26,6.28,True,12:25,3336.02,16:00,3333.98,session,-0.22,0.30,-0.52,LOSS
2025-07-09,XAUUSD,A,none,LONG,3300.94,3306.38,3302.36,4.02,1.41,ABOVE,10:55,3307.18,0.13,22.20,0.13,-7.06,7.18,True,11:45,3300.12,16:00,3289.89,session,-17.29,0.30,-17.59,LOSS
2025-07-10,XAUUSD,A,none,LONG,3317.17,3317.70,3317.24,0.46,0.07,ABOVE,10:05,3319.18,7.21,4.34,7.21,-1.99,9.20,True,13:50,3317.19,16:00,3321.61,session,2.43,0.30,2.13,WIN
2025-07-14,XAUUSD,A,none,SHORT,3368.28,3367.74,3366.03,1.71,0.54,BELOW,10:05,3365.99,12.31,7.37,0.90,-2.27,3.18,True,10:10,3368.26,16:00,3357.71,session,8.28,0.30,7.98,WIN
2025-07-18,XAUUSD,A,none,SHORT,3341.64,3340.34,3340.15,0.18,1.30,BELOW,10:05,3339.95,7.63,4.37,0.27,-0.89,1.16,True,10:10,3340.85,16:00,3332.57,session,7.39,0.30,7.09,WIN
2025-07-21,XAUUSD,A,none,LONG,3347.68,3349.21,3348.79,0.42,1.11,ABOVE,10:05,3349.91,19.80,0.77,,,,False,,,16:00,3366.11,session,16.20,0.30,15.90,WIN
2025-07-25,XAUUSD,A,none,LONG,3368.64,3369.49,3369.05,0.43,0.41,ABOVE,10:05,3369.99,3.51,14.66,3.51,-1.94,5.45,True,11:15,3368.05,16:00,3359.43,session,-10.56,0.30,-10.86,LOSS
2025-07-28,XAUUSD,A,none,LONG,3332.43,3334.86,3333.68,1.18,1.25,ABOVE,11:00,3336.39,9.13,5.72,2.43,-4.24,6.67,True,11:55,3332.14,16:00,3341.57,session,5.18,0.30,4.88,WIN
2025-07-30,XAUUSD,A,none,LONG,3326.95,3330.12,3327.57,2.55,0.62,ABOVE,10:30,3330.39,3.37,8.60,3.37,-5.72,9.09,True,11:35,3324.68,16:00,3325.01,session,-5.39,0.30,-5.69,LOSS
2025-07-31,XAUUSD,A,none,LONG,3282.11,3287.51,3285.41,2.11,3.30,ABOVE,10:30,3287.57,14.39,2.53,,,,False,,,16:00,3299.69,session,12.12,0.30,11.82,WIN
2025-08-01,XAUUSD,A,none,SHORT,3290.77,3288.59,3287.82,0.76,2.18,BELOW,10:05,3287.66,5.92,12.88,1.05,-1.14,2.20,True,10:25,3288.81,16:00,3296.95,session,-9.28,0.30,-9.58,LOSS
2025-08-06,XAUUSD,A,none,LONG,3382.38,3383.38,3383.26,0.12,0.88,ABOVE,10:15,3383.72,1.65,12.92,1.65,-0.84,2.49,True,10:40,3382.88,16:00,3376.38,session,-7.34,0.30,-7.64,LOSS
2025-08-08,XAUUSD,A,none,SHORT,3400.68,3400.64,3399.68,0.95,0.05,BELOW,10:15,3394.26,13.05,5.33,,,,False,,,16:00,3395.08,session,-0.82,0.30,-1.12,LOSS
2025-08-11,XAUUSD,A,none,SHORT,3393.76,3391.53,3388.64,2.89,2.23,BELOW,10:10,3387.61,20.06,2.58,,,,False,,,16:00,3374.36,session,13.25,0.30,12.95,WIN
2025-08-12,XAUUSD,A,none,SHORT,3349.47,3349.12,3349.05,0.07,0.34,BELOW,11:30,3348.94,2.72,6.93,2.72,-1.19,3.91,True,11:35,3350.13,16:00,3351.30,session,-2.36,0.30,-2.66,LOSS
2025-08-13,XAUUSD,A,none,SHORT,3350.84,3350.64,3349.49,1.16,0.19,BELOW,10:05,3347.21,4.57,7.30,4.57,-3.76,8.33,True,11:55,3350.97,16:00,3351.57,session,-4.36,0.30,-4.66,LOSS
2025-08-14,XAUUSD,A,none,LONG,3362.90,3365.51,3362.95,2.57,0.05,ABOVE,10:05,3367.36,7.45,11.76,7.45,-4.49,11.94,True,12:55,3362.86,16:00,3356.74,session,-10.61,0.30,-10.91,LOSS
2025-08-20,XAUUSD,A,none,SHORT,3315.20,3314.41,3313.88,0.53,0.79,BELOW,10:10,3313.84,2.28,10.91,1.03,-1.91,2.94,True,10:45,3315.76,16:00,3324.66,session,-10.81,0.30,-11.11,LOSS
2025-08-22,XAUUSD,A,none,SHORT,3339.24,3338.52,3337.07,1.45,0.72,BELOW,10:10,3336.62,9.41,3.72,1.43,-2.59,4.03,True,10:30,3339.21,16:00,3328.51,session,8.11,0.30,7.81,WIN
2025-08-25,XAUUSD,A,none,SHORT,3369.32,3369.14,3366.11,3.03,0.18,BELOW,10:05,3365.39,5.61,2.84,,,,False,,,16:00,3366.51,session,-1.12,0.30,-1.42,LOSS
2025-08-26,XAUUSD,A,none,LONG,3352.93,3357.05,3354.99,2.07,2.06,ABOVE,10:05,3360.18,26.51,0.60,,,,False,,,16:00,3375.76,session,15.58,0.30,15.28,WIN
2025-08-27,XAUUSD,A,none,SHORT,3391.19,3390.93,3390.89,0.04,0.26,BELOW,10:30,3389.80,15.88,1.59,0.82,-1.38,2.20,True,10:50,3391.18,16:00,3378.44,session,11.36,0.30,11.06,WIN
2025-09-04,XAUUSD,A,none,LONG,3557.99,3560.55,3558.72,1.84,0.73,ABOVE,10:55,3561.57,1.90,49.82,1.90,-5.50,7.40,True,11:15,3556.07,16:00,3527.32,session,-34.25,0.30,-34.55,LOSS
2025-09-05,XAUUSD,A,none,LONG,3552.51,3554.72,3552.76,1.96,0.26,ABOVE,11:20,3554.86,6.43,8.91,1.25,-3.70,4.95,True,11:45,3551.15,16:00,3556.62,session,1.76,0.30,1.46,WIN
2025-09-08,XAUUSD,A,none,SHORT,3591.61,3591.21,3587.72,3.49,0.39,BELOW,11:05,3587.55,7.84,7.03,2.65,-3.68,6.33,True,12:00,3591.24,16:00,3590.55,session,-3.00,0.30,-3.30,LOSS
2025-09-09,XAUUSD,A,none,LONG,3632.22,3635.04,3634.97,0.07,2.76,ABOVE,10:10,3637.21,22.23,1.05,,,,False,,,16:00,3650.64,session,13.44,0.30,13.14,WIN
2025-09-10,XAUUSD,A,none,SHORT,3636.57,3633.70,3631.41,2.29,2.87,BELOW,10:10,3630.47,10.33,14.99,10.33,-3.77,14.10,True,12:10,3634.24,16:00,3641.52,session,-11.05,0.30,-11.35,LOSS
2025-09-11,XAUUSD,A,none,LONG,3644.36,3645.86,3645.01,0.86,0.65,ABOVE,10:10,3646.68,2.66,23.93,0.58,-2.22,2.80,True,10:30,3644.45,16:00,3626.55,session,-20.13,0.30,-20.43,LOSS
2025-09-17,XAUUSD,A,none,LONG,3693.01,3694.48,3693.39,1.09,0.39,ABOVE,10:05,3694.95,0.57,20.80,0.57,-1.74,2.32,True,10:30,3693.20,16:00,3678.32,session,-16.63,0.30,-16.93,LOSS
2025-09-18,XAUUSD,A,none,SHORT,3669.78,3669.05,3667.01,2.05,0.73,BELOW,10:05,3663.97,20.03,4.94,,,,False,,,16:00,3644.21,session,19.76,0.30,19.46,WIN
2025-09-19,XAUUSD,A,none,LONG,3638.59,3641.90,3640.20,1.70,1.61,ABOVE,11:00,3644.12,17.24,11.74,7.28,-4.13,11.41,True,11:55,3639.99,16:00,3652.38,session,8.26,0.30,7.96,WIN
2025-09-23,XAUUSD,A,none,SHORT,3748.79,3748.42,3747.78,0.64,0.37,BELOW,10:10,3746.82,10.16,12.61,1.78,-2.26,4.04,True,10:25,3749.07,16:00,3753.26,session,-6.45,0.30,-6.75,LOSS
2025-09-26,XAUUSD,A,none,LONG,3744.76,3747.22,3744.78,2.44,0.01,ABOVE,10:50,3747.66,5.65,13.22,5.65,-3.79,9.45,True,11:10,3743.86,16:00,3744.24,session,-3.42,0.30,-3.72,LOSS
2025-09-30,XAUUSD,A,none,LONG,3830.05,3835.79,3832.97,2.82,2.91,ABOVE,10:10,3838.67,31.87,3.96,,,,False,,,16:00,3868.25,session,29.58,0.30,29.28,WIN
2025-10-01,XAUUSD,A,none,LONG,3862.58,3864.60,3863.05,1.55,0.47,ABOVE,10:10,3865.14,10.42,9.43,0.24,-3.87,4.11,True,10:25,3861.26,16:00,3861.91,session,-3.23,0.30,-3.53,LOSS
2025-10-02,XAUUSD,A,none,LONG,3862.32,3863.49,3862.49,1.01,0.17,ABOVE,11:20,3864.45,6.80,2.91,3.16,-2.63,5.79,True,12:00,3861.82,16:00,3869.70,session,5.25,0.30,4.95,WIN
2025-10-03,XAUUSD,A,none,SHORT,3862.87,3862.27,3860.32,1.95,0.60,BELOW,10:05,3860.14,22.07,2.68,,,,False,,,16:00,3852.65,session,7.49,0.30,7.19,WIN
2025-10-06,XAUUSD,A,none,LONG,3894.26,3918.51,3899.41,19.11,5.15,ABOVE,13:00,3922.18,18.65,3.29,,,,False,,,16:00,3939.68,session,17.51,0.30,17.21,WIN
2025-10-07,XAUUSD,A,none,LONG,3961.57,3964.53,3963.55,0.99,1.97,ABOVE,10:15,3966.99,10.41,11.12,10.41,-4.18,14.59,True,11:55,3962.81,16:00,3972.43,session,5.44,0.30,5.14,WIN
2025-10-08,XAUUSD,A,none,LONG,3987.53,3990.64,3989.59,1.05,2.07,ABOVE,10:15,3991.93,35.43,7.61,0.00,-2.88,2.88,True,10:25,3989.05,16:00,4026.62,session,34.70,0.30,34.40,WIN
2025-10-09,XAUUSD,A,none,SHORT,4022.09,4021.51,4014.14,7.37,0.57,BELOW,10:25,4013.95,12.62,27.32,12.62,-7.86,20.47,True,11:15,4021.80,16:00,4038.07,session,-24.12,0.30,-24.42,LOSS
2025-10-10,XAUUSD,A,none,SHORT,3977.20,3975.81,3975.34,0.47,1.39,BELOW,10:05,3975.11,28.09,19.41,0.55,-1.98,2.53,True,10:15,3977.09,16:00,3967.93,session,7.18,0.30,6.88,WIN
2025-10-13,XAUUSD,A,none,LONG,4036.67,4050.49,4042.49,8.00,5.82,ABOVE,10:05,4059.84,1.80,35.45,0.11,-18.03,18.13,True,10:30,4041.82,16:00,4061.55,session,1.71,0.30,1.41,WIN
2025-10-14,XAUUSD,A,none,LONG,4111.95,4115.22,4115.02,0.20,3.06,ABOVE,10:05,4115.50,55.66,2.51,1.61,-0.65,2.27,True,10:10,4114.85,16:00,4169.50,session,54.00,0.30,53.70,WIN
2025-10-15,XAUUSD,A,none,SHORT,4161.02,4158.73,4158.47,0.26,2.30,BELOW,11:25,4156.14,1.03,34.81,1.03,-8.51,9.53,True,11:35,4164.65,16:00,4179.31,session,-23.17,0.30,-23.47,LOSS
2025-10-17,XAUUSD,A,none,SHORT,4357.89,4349.93,4346.97,2.96,7.96,BELOW,12:15,4337.00,58.32,41.77,58.32,-15.23,73.55,True,14:05,4352.23,16:00,4368.76,session,-31.76,0.30,-32.06,LOSS
2025-10-20,XAUUSD,A,none,SHORT,4262.23,4255.99,4254.83,1.16,6.24,BELOW,10:05,4252.59,33.48,18.69,33.48,-10.35,43.82,True,12:25,4262.94,16:00,4265.10,session,-12.51,0.30,-12.81,LOSS
2025-10-22,XAUUSD,A,none,SHORT,4124.93,4123.50,4119.80,3.70,1.43,BELOW,10:10,4117.15,112.87,26.28,2.63,-6.73,9.36,True,10:25,4123.88,16:00,4133.36,session,-16.21,0.30,-16.51,LOSS
2025-10-27,XAUUSD,A,none,LONG,4078.47,4083.22,4081.91,1.31,3.44,ABOVE,10:05,4085.41,12.46,31.70,1.65,-4.91,6.55,True,10:20,4080.50,16:00,4072.28,session,-13.13,0.30,-13.43,LOSS
2025-10-28,XAUUSD,A,none,SHORT,3990.21,3990.09,3987.18,2.92,0.12,BELOW,10:05,3985.70,22.08,34.11,2.45,-6.41,8.86,True,10:15,3992.11,16:00,3973.37,session,12.33,0.30,12.03,WIN
2025-10-30,XAUUSD,A,none,SHORT,3946.38,3942.84,3941.46,1.38,3.54,BELOW,13:00,3937.55,22.03,45.11,22.03,-5.89,27.93,True,15:10,3943.45,16:00,3971.40,session,-33.85,0.30,-34.15,LOSS
2025-10-31,XAUUSD,A,none,LONG,4028.78,4037.72,4032.20,5.53,3.42,ABOVE,10:45,4040.51,2.74,51.45,2.74,-8.95,11.69,True,11:05,4031.56,16:00,4000.71,session,-39.80,0.30,-40.10,LOSS
2026-03-10,XAUUSD,A,none,LONG,5142.04,5152.90,5142.65,10.26,0.61,ABOVE,10:15,5154.59,32.44,29.62,1.09,-17.16,18.25,True,10:40,5137.43,16:00,5168.64,session,14.05,0.30,13.75,WIN
2026-03-12,XAUUSD,A,none,SHORT,5168.32,5147.68,5138.59,9.09,20.64,BELOW,10:55,5134.60,8.95,40.49,8.95,-14.48,23.43,True,11:20,5149.08,16:00,5145.12,session,-10.52,0.30,-10.82,LOSS
2026-03-13,XAUUSD,A,none,LONG,5088.42,5096.10,5093.23,2.87,4.81,ABOVE,10:20,5096.73,31.75,4.60,,,,False,,,16:00,5104.38,session,7.65,0.30,7.35,WIN
2026-03-16,XAUUSD,A,none,LONG,5020.97,5024.46,5021.85,2.61,0.88,ABOVE,11:30,5030.37,0.00,47.68,0.00,-12.93,12.93,True,12:00,5017.44,16:00,5013.93,session,-16.44,0.30,-16.74,LOSS
2026-03-17,XAUUSD,A,none,SHORT,5005.76,5005.59,5002.43,3.16,0.16,BELOW,11:30,5002.31,7.10,39.59,7.10,-6.97,14.06,True,12:05,5009.28,16:00,5035.57,session,-33.26,0.30,-33.56,LOSS
2026-03-20,XAUUSD,A,none,SHORT,4645.99,4644.15,4636.48,7.67,1.84,BELOW,10:40,4635.86,0.23,100.05,0.23,-8.90,9.12,True,10:45,4644.76,16:00,4712.33,session,-76.47,0.30,-76.77,LOSS
2026-03-23,XAUUSD,A,none,SHORT,4506.35,4499.27,4498.59,0.68,7.08,BELOW,10:05,4495.03,175.08,4.69,,,,False,,,16:00,4372.78,session,122.25,0.30,121.95,WIN
2026-03-24,XAUUSD,A,none,LONG,4412.40,4426.83,4426.36,0.47,13.96,ABOVE,10:05,4432.77,15.45,126.30,15.45,-10.75,26.20,True,11:10,4422.02,16:00,4328.04,session,-104.73,0.30,-105.03,LOSS
2026-03-26,XAUUSD,A,none,SHORT,4518.37,4517.93,4504.42,13.51,0.44,BELOW,10:20,4503.36,14.28,41.24,14.28,-24.47,38.76,True,11:10,4527.83,16:00,4518.47,session,-15.11,0.30,-15.41,LOSS
2026-03-31,XAUUSD,A,none,SHORT,4512.37,4510.50,4502.80,7.70,1.87,BELOW,10:05,4495.35,12.66,123.88,2.53,-16.13,18.66,True,10:35,4511.48,16:00,4569.26,session,-73.91,0.30,-74.21,LOSS
2026-04-01,XAUUSD,A,none,LONG,4671.27,4681.23,4677.03,4.20,5.76,ABOVE,10:25,4682.22,42.15,15.03,42.15,-5.28,47.43,True,15:00,4676.94,16:00,4676.09,session,-6.14,0.30,-6.44,LOSS
2026-04-02,XAUUSD,A,none,SHORT,4780.38,4778.79,4776.90,1.89,1.59,BELOW,12:00,4743.60,94.12,21.45,,,,False,,,16:00,4672.63,session,70.97,0.30,70.67,WIN
2026-04-09,XAUUSD,A,none,SHORT,4717.78,4715.88,4705.78,10.10,1.90,BELOW,10:05,4700.86,1.68,32.16,1.68,-17.61,19.29,True,10:40,4718.48,16:00,4721.77,session,-20.90,0.30,-21.20,LOSS
2026-04-13,XAUUSD,A,none,LONG,4660.18,4671.87,4668.49,3.38,8.31,ABOVE,10:10,4672.47,58.34,3.31,,,,False,,,16:00,4726.26,session,53.80,0.30,53.50,WIN
2026-04-15,XAUUSD,A,none,SHORT,4841.73,4838.40,4837.38,1.03,3.32,BELOW,10:05,4834.86,22.09,36.39,7.57,-5.89,13.46,True,11:05,4840.74,16:00,4821.26,session,13.60,0.30,13.30,WIN
2026-04-17,XAUUSD,A,none,SHORT,4794.14,4791.63,4788.39,3.24,2.51,BELOW,11:05,4783.69,15.85,22.51,15.85,-8.28,24.13,True,12:00,4791.98,16:00,4793.61,session,-9.92,0.30,-10.22,LOSS
2026-04-20,XAUUSD,A,none,LONG,4744.02,4755.28,4749.81,5.47,5.79,ABOVE,10:15,4758.36,56.10,1.49,,,,False,,,16:00,4790.71,session,32.35,0.30,32.05,WIN
2026-04-21,XAUUSD,A,none,LONG,4821.12,4824.62,4822.45,2.18,1.32,ABOVE,10:05,4828.48,2.38,52.64,2.38,-8.35,10.73,True,10:25,4820.12,16:00,4782.82,session,-45.65,0.30,-45.95,LOSS
2026-04-22,XAUUSD,A,none,LONG,4738.14,4743.28,4738.40,4.88,0.26,ABOVE,10:05,4744.44,27.55,8.55,,,,False,,,16:00,4759.26,session,14.81,0.30,14.51,WIN
2026-04-23,XAUUSD,A,none,SHORT,4728.12,4728.04,4721.46,6.58,0.09,BELOW,10:05,4715.50,23.02,38.61,21.36,-25.90,47.26,True,10:25,4741.40,16:00,4714.82,session,0.68,0.30,0.38,WIN
2026-04-24,XAUUSD,A,none,SHORT,4696.72,4696.12,4691.84,4.28,0.60,BELOW,11:40,4690.93,32.82,9.83,0.61,-6.34,6.95,True,11:45,4697.27,16:00,4683.48,session,7.44,0.30,7.14,WIN
2026-04-27,XAUUSD,A,none,SHORT,4680.88,4680.45,4678.90,1.55,0.43,BELOW,10:05,4675.74,0.00,54.22,0.00,-5.16,5.16,True,10:25,4680.91,16:00,4711.28,session,-35.54,0.30,-35.84,LOSS
2026-04-29,XAUUSD,A,none,LONG,4589.43,4606.59,4595.11,11.48,5.68,ABOVE,10:05,4608.43,1.94,32.41,1.94,-26.05,27.98,True,11:00,4582.39,16:00,4597.10,session,-11.33,0.30,-11.63,LOSS
2026-04-30,XAUUSD,A,none,LONG,4558.00,4561.73,4559.25,2.48,1.25,ABOVE,10:05,4562.07,20.43,21.14,1.10,-4.09,5.18,True,10:10,4557.99,16:00,4562.06,session,-0.02,0.30,-0.32,LOSS
2026-05-01,XAUUSD,A,none,SHORT,4631.59,4628.10,4626.90,1.20,3.49,BELOW,10:10,4622.71,19.70,13.15,8.51,-8.12,16.64,True,12:10,4630.84,16:00,4605.51,session,17.20,0.30,16.90,WIN
2026-05-04,XAUUSD,A,none,SHORT,4614.57,4613.97,4608.76,5.21,0.60,BELOW,10:15,4607.82,16.54,10.99,16.54,-7.49,24.03,True,13:55,4615.31,16:00,4594.27,session,13.55,0.30,13.25,WIN
2026-05-08,XAUUSD,A,none,LONG,4700.99,4705.08,4703.33,1.75,2.34,ABOVE,10:05,4707.80,25.09,13.63,1.81,-4.93,6.74,True,10:10,4702.87,16:00,4728.36,session,20.56,0.30,20.26,WIN
2026-05-11,XAUUSD,A,none,SHORT,4698.44,4691.84,4687.49,4.35,6.60,BELOW,10:05,4686.12,38.03,19.44,10.11,-6.90,17.01,True,10:30,4693.03,16:00,4659.81,session,26.31,0.30,26.01,WIN
2026-05-12,XAUUSD,A,none,LONG,4760.11,4767.51,4764.78,2.73,4.67,ABOVE,10:05,4768.32,5.24,64.15,5.24,-8.36,13.60,True,10:20,4759.96,16:00,4707.04,session,-61.28,0.30,-61.58,LOSS
2026-05-15,XAUUSD,A,none,SHORT,4654.60,4652.24,4649.57,2.67,2.36,BELOW,10:20,4644.84,88.31,0.03,,,,False,,,16:00,4563.88,session,80.96,0.30,80.66,WIN
2026-05-18,XAUUSD,A,none,SHORT,4538.22,4537.70,4531.07,6.63,0.52,BELOW,10:05,4523.84,43.24,28.20,43.24,-14.60,57.83,True,12:35,4538.44,16:00,4535.48,session,-11.64,0.30,-11.94,LOSS
2026-05-19,XAUUSD,A,none,SHORT,4583.27,4582.30,4579.24,3.06,0.98,BELOW,10:10,4578.95,47.65,6.93,,,,False,,,16:00,4539.48,session,39.47,0.30,39.17,WIN
2026-05-20,XAUUSD,A,none,SHORT,4493.62,4489.23,4486.23,3.00,4.39,BELOW,10:05,4484.35,30.69,24.48,2.70,-7.10,9.81,True,10:20,4491.45,16:00,4473.02,session,11.32,0.30,11.02,WIN
2026-05-25,XAUUSD,A,none,SHORT,4577.05,4568.98,4567.30,1.68,8.07,BELOW,11:05,4562.15,10.13,13.32,0.30,-9.53,9.84,True,11:20,4571.69,16:00,4553.15,session,9.00,0.30,8.70,WIN
2026-05-27,XAUUSD,A,none,SHORT,4521.24,4521.03,4519.39,1.64,0.21,BELOW,10:20,4516.35,24.44,5.89,,,,False,,,16:00,4495.06,session,21.29,0.30,20.99,WIN
2026-05-29,XAUUSD,A,none,LONG,4490.48,4495.02,4494.76,0.27,4.28,ABOVE,10:10,4497.71,24.72,5.26,2.97,-3.34,6.31,True,10:35,4494.37,16:00,4519.11,session,21.40,0.30,21.10,WIN
2026-06-02,XAUUSD,A,none,LONG,4480.94,4484.68,4484.49,0.19,3.56,ABOVE,10:15,4485.38,42.88,22.31,11.76,-3.91,15.66,True,10:45,4481.47,16:00,4520.76,session,35.38,0.30,35.08,WIN
2026-06-03,XAUUSD,A,none,LONG,4471.72,4478.80,4474.40,4.39,2.68,ABOVE,10:20,4479.04,17.85,22.25,17.85,-5.18,23.03,True,11:00,4473.86,16:00,4467.08,session,-11.96,0.30,-12.26,LOSS
2026-06-05,XAUUSD,A,none,SHORT,4464.32,4462.55,4461.27,1.28,1.77,BELOW,10:10,4455.54,20.19,14.50,4.73,-8.78,13.51,True,10:35,4464.32,16:00,4437.66,session,17.88,0.30,17.57,WIN
2026-06-08,XAUUSD,A,none,LONG,4342.26,4345.49,4343.13,2.36,0.88,ABOVE,10:05,4345.71,7.68,77.19,7.68,-3.01,10.68,True,10:45,4342.70,16:00,4303.82,session,-41.89,0.30,-42.19,LOSS
2026-06-09,XAUUSD,A,none,LONG,4314.18,4317.94,4317.43,0.51,3.24,ABOVE,10:05,4318.61,32.86,3.47,5.11,-1.77,6.88,True,10:25,4316.85,16:00,4344.61,session,25.99,0.30,25.69,WIN
2026-06-10,XAUUSD,A,none,LONG,4213.26,4221.75,4220.14,1.61,6.88,ABOVE,10:05,4225.39,2.67,53.14,2.67,-7.82,10.49,True,10:25,4217.57,16:00,4210.85,session,-14.54,0.30,-14.84,LOSS
2026-06-11,XAUUSD,A,none,SHORT,4049.63,4048.04,4043.34,4.70,1.59,BELOW,10:05,4042.78,7.28,75.21,7.28,-8.91,16.19,True,10:10,4051.69,16:00,4088.82,session,-46.04,0.30,-46.34,LOSS
2026-06-15,XAUUSD,A,none,LONG,4293.86,4294.31,4293.95,0.36,0.09,ABOVE,10:05,4296.52,38.77,11.61,11.49,-4.31,15.80,True,10:55,4292.21,16:00,4311.78,session,15.26,0.30,14.96,WIN
2026-06-16,XAUUSD,A,none,SHORT,4316.94,4315.37,4315.22,0.15,1.57,BELOW,10:10,4313.37,6.77,19.75,6.77,-5.52,12.29,True,10:55,4318.89,16:00,4317.09,session,-3.72,0.30,-4.02,LOSS
2026-06-18,XAUUSD,A,none,LONG,4273.33,4291.90,4277.87,14.03,4.54,ABOVE,10:05,4292.86,36.71,0.81,,,,False,,,16:00,4307.01,session,14.15,0.30,13.85,WIN
2026-06-22,XAUUSD,A,none,LONG,4137.18,4146.70,4140.26,6.44,3.08,ABOVE,10:05,4148.46,72.28,1.46,,,,False,,,16:00,4191.26,session,42.80,0.30,42.50,WIN
2026-06-23,XAUUSD,A,none,SHORT,4190.48,4188.98,4187.32,1.66,1.50,BELOW,10:05,4184.05,69.71,14.09,5.97,-8.31,14.28,True,10:40,4192.36,16:00,4122.78,session,61.27,0.30,60.97,WIN
2026-06-24,XAUUSD,A,none,LONG,4095.26,4102.11,4099.23,2.88,3.97,ABOVE,10:05,4109.81,1.31,59.69,1.31,-13.90,15.21,True,10:20,4095.91,16:00,4077.52,session,-32.29,0.30,-32.59,LOSS
2026-06-25,XAUUSD,A,none,LONG,4010.60,4013.05,4013.04,0.01,2.44,ABOVE,10:05,4014.72,1.33,51.47,1.33,-9.63,10.96,True,10:10,4005.09,16:00,3986.53,session,-28.19,0.30,-28.49,LOSS
2026-06-26,XAUUSD,A,none,SHORT,4017.53,4014.22,4012.06,2.16,3.31,BELOW,12:15,4008.88,26.27,12.33,26.27,-6.17,32.44,True,15:10,4015.05,16:00,4007.58,session,1.30,0.30,1.00,WIN
2026-06-29,XAUUSD,A,none,LONG,4061.51,4062.84,4062.08,0.76,0.57,ABOVE,10:40,4069.12,6.58,30.02,5.30,-7.57,12.87,True,11:05,4061.55,16:00,4058.45,session,-10.67,0.30,-10.97,LOSS
2026-06-30,XAUUSD,A,none,SHORT,4016.53,4014.07,4008.32,5.75,2.46,BELOW,10:05,4004.48,62.15,9.15,,,,False,,,16:00,3984.22,session,20.26,0.30,19.96,WIN
2026-07-01,XAUUSD,A,none,SHORT,4007.16,4006.81,4005.83,0.98,0.35,BELOW,10:15,4002.15,32.35,4.42,,,,False,,,16:00,3974.54,session,27.61,0.30,27.31,WIN
2026-07-07,XAUUSD,A,none,SHORT,4163.27,4156.94,4156.07,0.87,6.33,BELOW,10:10,4155.70,39.38,6.73,3.92,-2.78,6.70,True,10:20,4158.48,16:00,4126.38,session,29.32,0.30,29.02,WIN
2026-07-09,XAUUSD,A,none,LONG,4072.66,4080.31,4075.92,4.39,3.26,ABOVE,10:10,4087.25,12.11,33.18,2.47,-16.57,19.04,True,10:50,4070.68,16:00,4092.42,session,5.17,0.30,4.87,WIN
2026-07-10,XAUUSD,A,none,SHORT,4124.00,4123.61,4123.17,0.44,0.39,BELOW,10:05,4122.57,14.45,12.02,8.41,-1.66,10.07,True,10:45,4124.23,16:00,4117.27,session,5.30,0.30,5.00,WIN
2026-07-13,XAUUSD,A,none,LONG,4078.54,4084.86,4083.72,1.14,5.18,ABOVE,10:05,4088.42,2.45,40.04,2.45,-6.09,8.54,True,10:15,4082.33,16:00,4050.72,session,-37.70,0.30,-38.00,LOSS
2026-07-15,XAUUSD,A,none,LONG,4052.72,4054.86,4053.31,1.55,0.59,ABOVE,10:20,4055.29,6.51,33.30,6.51,-4.49,11.00,True,11:30,4050.80,16:00,4030.88,session,-24.41,0.30,-24.71,LOSS
2026-07-16,XAUUSD,A,none,SHORT,4058.38,4058.04,4057.54,0.50,0.34,BELOW,10:05,4055.15,31.06,5.68,0.56,-3.27,3.83,True,10:20,4058.42,16:00,4030.86,session,24.29,0.30,23.99,WIN
2026-07-17,XAUUSD,A,none,LONG,3978.25,3985.96,3984.68,1.28,6.43,ABOVE,10:15,3987.80,20.42,17.32,2.37,-6.55,8.92,True,10:30,3981.25,16:00,3991.81,session,4.01,0.30,3.71,WIN
2026-07-22,XAUUSD,A,none,LONG,4080.68,4082.46,4080.73,1.73,0.05,ABOVE,10:05,4087.86,53.66,0.54,,,,False,,,16:00,4133.99,session,46.13,0.30,45.83,WIN
2026-07-23,XAUUSD,A,none,LONG,4129.37,4133.98,4130.46,3.52,1.09,ABOVE,11:10,4134.12,7.03,22.06,7.03,-11.36,18.39,True,11:35,4122.76,16:00,4123.80,session,-10.32,0.30,-10.62,LOSS
2026-07-24,XAUUSD,A,none,SHORT,4048.48,4047.20,4047.13,0.07,1.28,BELOW,10:05,4045.43,23.63,5.24,4.35,-3.13,7.48,True,10:35,4048.56,16:00,4025.03,session,20.40,0.30,20.10,WIN
2026-07-30,XAUUSD,A,none,SHORT,4090.98,4084.36,4080.41,3.95,6.62,BELOW,10:15,4077.15,48.74,15.43,12.41,-11.74,24.15,True,11:00,4088.89,16:00,4038.01,session,39.14,0.30,38.84,WIN
2026-07-31,XAUUSD,A,none,SHORT,4108.32,4105.98,4104.58,1.40,2.34,BELOW,10:05,4102.75,30.94,0.94,,,,False,,,16:00,4077.87,session,24.88,0.30,24.58,WIN
2026-08-04,XAUUSD,A,none,LONG,4051.62,4059.45,4053.37,6.08,1.75,ABOVE,10:05,4067.17,1.73,24.74,1.73,-17.95,19.68,True,10:55,4049.22,16:00,4064.02,session,-3.15,0.30,-3.45,LOSS
2026-08-05,XAUUSD,A,none,LONG,4071.57,4073.04,4072.68,0.36,1.11,ABOVE,10:15,4074.68,98.05,1.02,,,,False,,,16:00,4162.08,session,87.40,0.30,87.10,WIN
2026-08-07,XAUUSD,A,none,LONG,4248.29,4251.85,4249.45,2.40,1.16,ABOVE,11:40,4256.56,26.27,9.74,,,,False,,,16:00,4282.30,session,25.74,0.30,25.44,WIN
2026-08-10,XAUUSD,A,none,SHORT,4341.77,4340.29,4332.78,7.51,1.48,BELOW,10:55,4332.00,18.86,20.17,18.86,-9.05,27.91,True,15:35,4341.05,16:00,4342.37,session,-10.37,0.30,-10.67,LOSS
2026-08-11,XAUUSD,A,none,LONG,4397.54,4404.11,4402.48,1.63,4.94,ABOVE,10:05,4406.14,28.81,39.00,13.02,-5.97,18.99,True,11:00,4400.17,16:00,4379.37,session,-26.77,0.30,-27.07,LOSS
2026-08-12,XAUUSD,A,none,LONG,4368.54,4371.40,4368.56,2.84,0.02,ABOVE,10:10,4377.76,38.27,3.92,,,,False,,,16:00,4388.00,session,10.24,0.30,9.94,WIN
2026-08-13,XAUUSD,A,none,LONG,4408.39,4415.99,4414.44,1.55,6.05,ABOVE,10:05,4420.74,28.75,44.57,28.75,-8.24,36.99,True,11:45,4412.50,16:00,4377.79,session,-42.95,0.30,-43.25,LOSS
2026-08-14,XAUUSD,A,none,SHORT,4361.43,4359.80,4356.04,3.76,1.63,BELOW,10:10,4351.81,40.99,0.02,,,,False,,,16:00,4335.69,session,16.12,0.30,15.82,WIN
2022-08-18,XAUUSD,A,C1,LONG,1764.85,1765.66,1764.99,0.67,0.14,ABOVE,10:05,1765.80,0.06,1.07,0.06,-0.82,0.88,True,10:10,1764.98,16:00,1762.59,session,1.58,0.60,0.98,WIN
2022-08-19,XAUUSD,A,C1,SHORT,1758.59,1758.42,1758.10,0.32,0.17,BELOW,10:05,1756.74,4.92,1.06,,,,False,,,16:00,1755.15,session,1.59,0.30,1.29,WIN
2022-08-22,XAUUSD,A,C1,SHORT,1746.26,1745.74,1745.58,0.16,0.51,BELOW,10:20,1745.40,0.38,0.66,0.38,-0.57,0.95,True,10:30,1745.97,16:00,1742.46,session,-4.08,0.60,-4.68,LOSS
2022-08-24,XAUUSD,A,C1,LONG,1745.85,1747.20,1746.09,1.12,0.24,ABOVE,10:05,1747.71,0.11,1.72,0.11,-1.65,1.75,True,10:20,1746.07,16:00,1745.49,session,-1.07,0.60,-1.67,LOSS
2022-08-29,XAUUSD,A,C1,SHORT,1734.94,1734.90,1734.74,0.16,0.04,BELOW,10:05,1734.70,0.16,0.85,0.16,-0.36,0.53,True,10:10,1735.07,16:00,1722.87,session,-12.56,0.60,-13.16,LOSS
2022-08-30,XAUUSD,A,C1,LONG,1738.64,1739.78,1739.62,0.16,0.97,ABOVE,10:05,1739.95,0.25,0.56,0.25,-0.45,0.70,True,10:10,1739.50,16:00,1734.75,session,4.30,0.60,3.70,WIN
2022-09-07,XAUUSD,A,C1,SHORT,1703.67,1703.63,1702.77,0.87,0.04,BELOW,10:10,1702.49,11.03,0.00,,,,False,,,16:00,1694.62,session,7.87,0.30,7.57,WIN
2022-09-14,XAUUSD,A,C1,SHORT,1702.77,1702.27,1701.67,0.60,0.50,BELOW,10:15,1701.39,4.07,1.22,4.07,-0.97,5.03,True,12:10,1702.36,16:00,1701.49,session,-1.84,0.60,-2.44,LOSS
2022-09-15,XAUUSD,A,C1,SHORT,1698.05,1697.62,1696.98,0.64,0.43,BELOW,10:05,1696.85,0.62,1.03,0.62,-0.98,1.60,True,10:25,1697.83,16:00,1689.77,session,-9.04,0.60,-9.64,LOSS
2022-09-19,XAUUSD,A,C1,SHORT,1679.20,1677.99,1677.86,0.13,1.21,BELOW,10:15,1677.49,0.22,0.97,0.22,-0.89,1.11,True,10:20,1678.38,16:00,1666.36,session,-12.92,0.60,-13.52,LOSS
2022-09-20,XAUUSD,A,C1,LONG,1675.04,1678.46,1675.82,2.65,0.78,ABOVE,10:05,1679.40,0.00,4.27,0.00,-4.22,4.22,True,11:00,1675.18,16:00,1670.86,session,0.11,0.60,-0.49,LOSS
2022-09-23,XAUUSD,A,C1,LONG,1672.28,1673.42,1672.83,0.60,0.55,ABOVE,10:35,1673.56,2.36,1.37,2.36,-0.97,3.33,True,11:30,1672.59,16:00,1672.75,session,-1.13,0.60,-1.73,LOSS
2022-09-26,XAUUSD,A,C1,LONG,1642.96,1645.35,1644.12,1.22,1.16,ABOVE,10:05,1645.37,0.24,1.30,0.24,-1.26,1.50,True,10:10,1644.11,16:00,1639.53,session,3.32,0.60,2.72,WIN
2022-09-27,XAUUSD,A,C1,LONG,1626.84,1628.52,1627.66,0.86,0.82,ABOVE,10:05,1629.54,6.89,0.93,,,,False,,,16:00,1635.63,session,6.10,0.30,5.80,WIN
2022-09-28,XAUUSD,A,C1,LONG,1628.95,1629.46,1628.99,0.47,0.04,ABOVE,10:10,1629.79,0.87,0.88,0.87,-0.88,1.74,True,10:25,1628.91,16:00,1624.01,session,4.03,0.60,3.43,WIN
2022-09-29,XAUUSD,A,C1,SHORT,1656.88,1656.23,1655.82,0.41,0.65,BELOW,10:05,1655.41,2.47,2.03,2.47,-1.88,4.36,True,11:05,1657.30,16:00,1645.32,session,-13.87,0.60,-14.47,LOSS
2022-09-30,XAUUSD,A,C1,LONG,1663.72,1664.65,1663.78,0.87,0.06,ABOVE,10:55,1664.77,0.15,1.59,0.15,-1.55,1.71,True,11:00,1663.21,16:00,1668.20,session,-6.54,0.60,-7.14,LOSS
2022-10-04,XAUUSD,A,C1,SHORT,1701.30,1701.11,1700.48,0.62,0.19,BELOW,11:00,1700.27,5.03,1.19,5.03,-0.93,5.96,True,15:35,1701.20,16:00,1699.68,session,-2.45,0.60,-3.05,LOSS
2022-10-05,XAUUSD,A,C1,SHORT,1725.58,1725.24,1725.21,0.03,0.33,BELOW,10:10,1725.06,1.28,0.59,1.28,-0.57,1.85,True,10:55,1725.62,16:00,1719.97,session,-6.22,0.60,-6.82,LOSS
2022-10-07,XAUUSD,A,C1,LONG,1711.39,1712.81,1711.94,0.86,0.55,ABOVE,11:50,1712.95,0.22,1.83,0.22,-1.83,2.06,True,11:55,1711.12,16:00,1710.70,session,-1.41,0.60,-2.01,LOSS
2022-10-10,XAUUSD,A,C1,SHORT,1698.76,1697.74,1697.52,0.23,1.01,BELOW,10:25,1697.49,12.27,0.05,,,,False,,,16:00,1687.03,session,10.46,0.30,10.16,WIN
2022-10-11,XAUUSD,A,C1,LONG,1668.33,1669.23,1669.05,0.18,0.72,ABOVE,10:05,1669.55,0.77,0.83,0.77,-0.79,1.56,True,11:00,1668.76,16:00,1663.42,session,4.55,0.60,3.95,WIN
2022-10-12,XAUUSD,A,C1,SHORT,1666.45,1666.25,1665.96,0.29,0.20,BELOW,10:05,1665.84,4.06,1.12,4.06,-0.44,4.50,True,12:20,1666.28,16:00,1667.58,session,0.86,0.60,0.26,WIN
2022-10-13,XAUUSD,A,C1,SHORT,1673.87,1673.79,1673.62,0.16,0.08,BELOW,11:10,1673.23,0.18,1.41,0.18,-1.20,1.38,True,11:25,1674.43,16:00,1669.69,session,-5.94,0.60,-6.54,LOSS
2022-10-14,XAUUSD,A,C1,SHORT,1665.80,1665.65,1665.14,0.51,0.14,BELOW,10:05,1664.83,5.80,2.13,5.80,-2.13,7.93,True,12:45,1666.96,16:00,1667.96,session,-1.13,0.60,-1.73,LOSS
2022-10-18,XAUUSD,A,C1,LONG,1649.96,1650.66,1650.30,0.37,0.34,ABOVE,10:25,1650.88,2.71,0.98,2.71,-0.69,3.41,True,13:05,1650.19,16:00,1659.99,session,-10.49,0.60,-11.09,LOSS
2022-10-19,XAUUSD,A,C1,LONG,1652.44,1653.58,1652.65,0.93,0.21,ABOVE,10:05,1653.83,0.64,1.77,0.64,-1.77,2.42,True,10:50,1652.06,16:00,1645.61,session,4.67,0.60,4.07,WIN
2022-10-20,XAUUSD,A,C1,SHORT,1628.20,1628.05,1627.77,0.28,0.15,BELOW,10:25,1627.69,1.66,0.83,1.66,-0.60,2.26,True,11:10,1628.30,16:00,1632.20,session,3.31,0.60,2.71,WIN
2022-10-24,XAUUSD,A,C1,SHORT,1660.45,1659.27,1657.66,1.60,1.18,BELOW,10:20,1657.66,0.96,5.93,0.96,-5.45,6.41,True,10:35,1663.11,16:00,1658.38,session,-10.17,0.60,-10.77,LOSS
2022-10-25,XAUUSD,A,C1,LONG,1651.36,1651.84,1651.56,0.28,0.20,ABOVE,10:05,1652.05,1.36,0.89,1.36,-0.68,2.04,True,11:00,1651.37,16:00,1650.24,session,0.44,0.60,-0.16,LOSS
2022-10-31,XAUUSD,A,C1,LONG,1644.31,1644.64,1644.35,0.30,0.04,ABOVE,10:10,1644.83,0.60,1.05,0.60,-0.84,1.43,True,10:40,1643.99,16:00,1644.24,session,-1.09,0.60,-1.69,LOSS
2022-11-01,XAUUSD,A,C1,SHORT,1633.25,1633.06,1632.68,0.37,0.19,BELOW,10:30,1632.41,1.62,1.94,1.62,-1.68,3.30,True,11:30,1634.10,16:00,1638.22,session,2.44,0.60,1.84,WIN
2022-11-02,XAUUSD,A,C1,LONG,1646.51,1646.98,1646.88,0.10,0.38,ABOVE,10:05,1647.85,0.43,1.45,0.43,-1.31,1.74,True,10:50,1646.54,16:00,1650.87,session,-5.64,0.60,-6.24,LOSS
2022-11-04,XAUUSD,A,C1,LONG,1630.19,1630.38,1630.35,0.04,0.15,ABOVE,11:00,1631.21,0.96,1.06,0.96,-1.03,1.99,True,12:20,1630.18,16:00,1647.18,session,-18.02,0.60,-18.62,LOSS
2023-03-13,XAUUSD,A,C1,LONG,1880.20,1886.24,1884.41,1.83,4.20,ABOVE,10:05,1888.51,0.94,4.92,0.94,-4.85,5.79,True,10:20,1883.66,16:00,1880.94,session,-2.13,0.60,-2.73,LOSS
2023-03-14,XAUUSD,A,C1,SHORT,1910.57,1910.42,1910.19,0.23,0.14,BELOW,12:05,1910.11,0.67,1.24,0.67,-0.69,1.37,True,12:15,1910.80,16:00,1903.72,session,-7.77,0.60,-8.37,LOSS
2023-03-15,XAUUSD,A,C1,LONG,1904.15,1904.59,1904.37,0.22,0.21,ABOVE,10:05,1904.68,0.00,0.49,0.00,-0.38,0.38,True,10:10,1904.31,16:00,1901.72,session,2.21,0.60,1.61,WIN
2023-03-16,XAUUSD,A,C1,LONG,1919.49,1920.98,1920.46,0.52,0.97,ABOVE,10:05,1921.64,2.81,1.93,2.81,-1.92,4.73,True,11:45,1919.72,16:00,1913.13,session,4.67,0.60,4.07,WIN
2023-03-17,XAUUSD,A,C1,LONG,1919.43,1920.11,1920.07,0.04,0.63,ABOVE,10:05,1920.18,0.05,0.35,0.05,-0.27,0.32,True,10:10,1919.91,16:00,1930.95,session,-11.31,0.60,-11.91,LOSS
2023-03-20,XAUUSD,A,C1,LONG,1976.98,1978.17,1977.45,0.72,0.47,ABOVE,10:10,1978.87,0.80,1.98,0.80,-1.89,2.69,True,10:30,1976.97,16:00,1975.36,session,-0.28,0.60,-0.88,LOSS
2023-03-22,XAUUSD,A,C1,LONG,1941.11,1941.62,1941.31,0.32,0.20,ABOVE,10:05,1942.33,3.98,2.10,3.98,-1.30,5.28,True,13:05,1941.03,16:00,1939.46,session,0.26,0.60,-0.34,LOSS
2023-03-24,XAUUSD,A,C1,LONG,1990.66,1992.08,1991.98,0.09,1.32,ABOVE,10:05,1992.57,0.64,1.48,0.64,-1.40,2.04,True,10:30,1991.16,16:00,1992.45,session,-2.69,0.60,-3.29,LOSS
2023-03-27,XAUUSD,A,C1,LONG,1972.66,1974.68,1973.96,0.72,1.30,ABOVE,10:05,1974.78,2.04,2.14,2.04,-0.95,2.99,True,11:30,1973.83,16:00,1972.62,session,0.26,0.60,-0.34,LOSS
2023-03-30,XAUUSD,A,C1,SHORT,1964.55,1964.39,1963.78,0.62,0.15,BELOW,10:05,1963.54,8.13,0.56,,,,False,,,16:00,1961.23,session,2.31,0.30,2.01,WIN
2023-03-31,XAUUSD,A,C1,SHORT,1979.91,1979.70,1979.16,0.54,0.21,BELOW,10:15,1979.13,0.37,0.79,0.37,-0.72,1.09,True,10:35,1979.86,16:00,1980.81,session,0.23,0.60,-0.37,LOSS
2023-04-04,XAUUSD,A,C1,SHORT,1985.55,1985.12,1984.47,0.65,0.42,BELOW,10:05,1984.18,6.29,0.81,,,,False,,,16:00,1979.39,session,4.79,0.30,4.49,WIN
2023-04-05,XAUUSD,A,C1,SHORT,2022.64,2022.03,2021.97,0.06,0.61,BELOW,10:05,2021.62,0.45,0.80,0.45,-0.46,0.91,True,10:20,2022.08,16:00,2024.56,session,2.02,0.60,1.42,WIN
2023-04-11,XAUUSD,A,C1,LONG,1991.68,1993.21,1992.41,0.80,0.73,ABOVE,10:05,1993.64,1.81,1.45,1.81,-1.26,3.07,True,11:00,1992.38,16:00,1999.15,session,-8.04,0.60,-8.64,LOSS
2023-04-12,XAUUSD,A,C1,LONG,2004.72,2004.81,2004.80,0.01,0.08,ABOVE,10:10,2005.11,0.21,0.85,0.21,-0.55,0.76,True,10:20,2004.56,16:00,2018.62,session,-14.62,0.60,-15.22,LOSS
2023-04-13,XAUUSD,A,C1,LONG,2017.59,2018.66,2018.20,0.46,0.62,ABOVE,10:30,2018.98,0.67,1.22,0.67,-1.01,1.68,True,10:55,2017.97,16:00,2016.80,session,0.16,0.60,-0.44,LOSS
2023-04-19,XAUUSD,A,C1,LONG,2005.22,2005.92,2005.83,0.10,0.61,ABOVE,10:05,2006.42,0.40,0.71,0.40,-0.61,1.01,True,10:20,2005.82,16:00,2000.69,session,4.52,0.60,3.92,WIN
2023-04-20,XAUUSD,A,C1,SHORT,1994.24,1993.89,1993.87,0.03,0.35,BELOW,11:05,1993.78,0.45,0.85,0.45,-0.53,0.98,True,11:20,1994.31,16:00,1995.83,session,0.99,0.60,0.39,WIN
2023-04-24,XAUUSD,A,C1,SHORT,1985.10,1984.49,1984.24,0.25,0.61,BELOW,10:05,1983.73,7.21,0.96,,,,False,,,16:00,1979.29,session,4.44,0.30,4.14,WIN
2023-04-25,XAUUSD,A,C1,SHORT,1995.33,1995.18,1995.13,0.05,0.14,BELOW,10:05,1994.78,1.43,1.07,1.43,-0.95,2.38,True,10:25,1995.73,16:00,1995.66,session,-1.02,0.60,-1.62,LOSS
2023-04-26,XAUUSD,A,C1,SHORT,2001.08,2000.76,2000.34,0.42,0.32,BELOW,10:30,1999.76,6.55,1.93,,,,False,,,16:00,1995.09,session,4.67,0.30,4.37,WIN
2023-04-28,XAUUSD,A,C1,SHORT,1987.62,1986.98,1986.36,0.63,0.64,BELOW,10:05,1986.02,0.36,1.31,0.36,-1.29,1.64,True,10:20,1987.31,16:00,1985.40,session,-3.19,0.60,-3.79,LOSS
2023-05-01,XAUUSD,A,C1,SHORT,1987.16,1986.95,1986.92,0.03,0.21,BELOW,10:10,1986.49,6.57,0.18,,,,False,,,16:00,1981.84,session,4.65,0.30,4.35,WIN
2023-05-03,XAUUSD,A,C1,SHORT,2016.29,2015.98,2015.78,0.20,0.31,BELOW,10:05,2015.02,0.76,1.17,0.76,-1.15,1.91,True,10:25,2016.17,16:00,2015.88,session,-1.45,0.60,-2.05,LOSS
2023-05-04,XAUUSD,A,C1,SHORT,2053.17,2053.05,2052.07,0.98,0.12,BELOW,11:05,2050.47,12.00,0.51,,,,False,,,16:00,2041.26,session,9.21,0.30,8.91,WIN
2023-05-08,XAUUSD,A,C1,SHORT,2016.18,2016.12,2016.09,0.04,0.06,BELOW,11:00,2015.94,0.63,0.56,0.63,-0.38,1.01,True,11:05,2016.33,16:00,2022.17,session,5.47,0.60,4.87,WIN
2023-05-09,XAUUSD,A,C1,SHORT,2021.59,2021.32,2020.36,0.96,0.27,BELOW,10:05,2020.35,0.80,1.78,0.80,-1.63,2.43,True,11:10,2021.98,16:00,2027.34,session,3.72,0.60,3.12,WIN
2023-05-10,XAUUSD,A,C1,LONG,2036.13,2037.38,2036.34,1.04,0.20,ABOVE,10:05,2037.58,0.30,1.60,0.30,-1.55,1.85,True,10:30,2036.03,16:00,2029.64,session,4.84,0.60,4.24,WIN
2023-05-11,XAUUSD,A,C1,LONG,2031.48,2032.23,2031.52,0.71,0.03,ABOVE,10:10,2032.40,4.08,1.16,4.08,-0.93,5.01,True,14:10,2031.47,16:00,2031.30,session,-0.75,0.60,-1.35,LOSS
2023-05-12,XAUUSD,A,C1,LONG,2016.17,2016.62,2016.42,0.19,0.25,ABOVE,10:05,2016.99,0.61,2.01,0.61,-0.94,1.55,True,10:40,2016.05,16:00,2009.62,session,5.48,0.60,4.88,WIN
2023-05-16,XAUUSD,A,C1,LONG,2014.39,2014.56,2014.53,0.03,0.13,ABOVE,10:05,2014.77,0.43,0.35,0.43,-0.35,0.77,True,10:10,2014.42,16:00,2011.07,session,3.01,0.60,2.41,WIN
2023-05-17,XAUUSD,A,C1,LONG,1989.43,1990.70,1989.82,0.89,0.38,ABOVE,10:05,1991.33,1.79,1.88,1.79,-1.58,3.37,True,15:20,1989.75,16:00,1988.15,session,0.02,0.60,-0.58,LOSS
2023-05-18,XAUUSD,A,C1,SHORT,1983.07,1982.90,1982.76,0.14,0.17,BELOW,10:05,1982.57,0.52,1.10,0.52,-0.55,1.07,True,10:45,1983.12,16:00,1978.05,session,-5.62,0.60,-6.22,LOSS
2023-05-19,XAUUSD,A,C1,LONG,1958.30,1959.28,1958.53,0.75,0.23,ABOVE,10:20,1959.46,0.35,1.48,0.35,-1.48,1.83,True,10:45,1957.98,16:00,1962.49,session,-5.99,0.60,-6.59,LOSS
2023-05-25,XAUUSD,A,C1,SHORT,1959.84,1959.79,1959.45,0.34,0.05,BELOW,10:05,1959.38,4.35,0.88,,,,False,,,16:00,1955.10,session,4.29,0.30,3.99,WIN
2023-05-26,XAUUSD,A,C1,LONG,1939.77,1941.29,1940.62,0.67,0.85,ABOVE,11:05,1941.56,10.31,0.12,,,,False,,,16:00,1947.53,session,5.97,0.30,5.67,WIN
2023-05-29,XAUUSD,A,C1,SHORT,1944.34,1943.73,1943.14,0.59,0.61,BELOW,10:05,1942.13,1.75,3.29,1.75,-2.39,4.14,True,11:10,1944.53,16:00,1947.94,session,1.03,0.60,0.43,WIN
2023-06-06,XAUUSD,A,C1,SHORT,1961.99,1961.64,1961.29,0.36,0.35,BELOW,10:10,1961.19,2.11,1.00,2.11,-0.98,3.10,True,12:05,1962.17,16:00,1959.91,session,-3.24,0.60,-3.84,LOSS
2023-06-07,XAUUSD,A,C1,LONG,1963.24,1963.53,1963.48,0.05,0.24,ABOVE,10:05,1964.14,2.65,0.76,2.65,-0.75,3.39,True,12:05,1963.39,16:00,1963.21,session,-0.57,0.60,-1.17,LOSS
2023-06-08,XAUUSD,A,C1,LONG,1944.32,1944.94,1944.62,0.32,0.31,ABOVE,10:05,1945.37,2.53,0.78,,,,False,,,16:00,1945.62,session,0.26,0.30,-0.04,LOSS
2023-06-09,XAUUSD,A,C1,SHORT,1966.19,1965.34,1964.73,0.60,0.86,BELOW,10:10,1964.61,0.38,0.80,0.38,-0.80,1.18,True,10:35,1965.40,16:00,1964.99,session,-1.21,0.60,-1.81,LOSS
2023-06-12,XAUUSD,A,C1,SHORT,1960.30,1960.29,1960.05,0.24,0.01,BELOW,10:05,1960.05,0.25,0.48,0.25,-0.27,0.52,True,10:10,1960.32,16:00,1959.28,session,-1.31,0.60,-1.91,LOSS
2023-06-13,XAUUSD,A,C1,SHORT,1960.17,1960.13,1960.01,0.12,0.04,BELOW,10:30,1959.24,3.25,1.15,3.25,-1.05,4.30,True,13:25,1960.29,16:00,1958.89,session,-2.44,0.60,-3.04,LOSS
2023-06-16,XAUUSD,A,C1,SHORT,1958.44,1958.28,1957.88,0.40,0.16,BELOW,10:25,1957.77,1.22,1.49,1.22,-1.32,2.54,True,11:35,1959.09,16:00,1958.83,session,-1.58,0.60,-2.18,LOSS
2023-06-19,XAUUSD,A,C1,LONG,1956.76,1957.61,1957.22,0.39,0.46,ABOVE,10:05,1958.15,0.59,1.20,0.59,-1.19,1.78,True,10:30,1956.96,16:00,1954.34,session,1.44,0.60,0.84,WIN
2023-06-21,XAUUSD,A,C1,LONG,1937.19,1937.39,1937.38,0.01,0.19,ABOVE,10:05,1937.50,0.23,0.59,0.23,-0.13,0.37,True,10:15,1937.37,16:00,1932.43,session,4.80,0.60,4.20,WIN
2023-06-22,XAUUSD,A,C1,SHORT,1934.29,1933.92,1933.89,0.03,0.37,BELOW,10:05,1933.73,0.26,0.20,0.26,-0.20,0.46,True,10:10,1933.93,16:00,1929.87,session,-4.27,0.60,-4.87,LOSS
2023-06-26,XAUUSD,A,C1,LONG,1924.81,1925.60,1925.40,0.19,0.60,ABOVE,10:05,1925.84,2.80,1.65,2.80,-0.93,3.73,True,12:05,1924.90,16:00,1927.31,session,-3.34,0.60,-3.94,LOSS
2023-06-27,XAUUSD,A,C1,LONG,1922.45,1922.73,1922.49,0.24,0.04,ABOVE,10:20,1922.78,2.03,1.04,2.03,-0.91,2.94,True,10:50,1921.87,16:00,1924.83,session,-3.88,0.60,-4.47,LOSS
2023-06-28,XAUUSD,A,C1,SHORT,1915.72,1915.66,1915.46,0.20,0.06,BELOW,11:15,1914.52,0.98,2.38,0.98,-1.30,2.28,True,11:45,1915.82,16:00,1915.68,session,-1.44,0.60,-2.04,LOSS
2023-06-29,XAUUSD,A,C1,SHORT,1909.94,1909.71,1908.86,0.86,0.23,BELOW,10:05,1908.50,0.45,1.73,0.45,-1.56,2.01,True,10:55,1910.06,16:00,1904.66,session,-6.95,0.60,-7.55,LOSS
2023-06-30,XAUUSD,A,C1,LONG,1908.31,1908.81,1908.68,0.12,0.38,ABOVE,10:35,1909.05,0.22,0.70,0.22,-0.70,0.92,True,10:45,1908.35,16:00,1905.19,session,2.45,0.60,1.85,WIN
2023-07-03,XAUUSD,A,C1,LONG,1918.21,1918.43,1918.26,0.17,0.05,ABOVE,10:05,1918.52,0.41,0.55,0.41,-0.44,0.85,True,10:20,1918.08,16:00,1917.37,session,0.27,0.60,-0.33,LOSS
2023-07-04,XAUUSD,A,C1,LONG,1921.16,1921.33,1921.27,0.06,0.10,ABOVE,10:05,1921.36,0.40,0.31,0.40,-0.18,0.58,True,10:20,1921.18,16:00,1924.49,session,-3.49,0.60,-4.09,LOSS
2023-07-05,XAUUSD,A,C1,LONG,1925.98,1926.40,1926.28,0.12,0.30,ABOVE,10:05,1926.42,0.07,0.48,0.07,-0.40,0.47,True,10:10,1926.02,16:00,1924.91,session,0.70,0.60,0.10,WIN
2023-07-10,XAUUSD,A,C1,SHORT,1924.97,1924.96,1924.54,0.42,0.01,BELOW,10:05,1924.08,1.18,1.71,1.18,-1.68,2.86,True,11:00,1925.76,16:00,1920.24,session,-7.20,0.60,-7.80,LOSS
2023-07-11,XAUUSD,A,C1,LONG,1924.60,1924.94,1924.64,0.30,0.05,ABOVE,10:05,1925.26,4.86,0.33,,,,False,,,16:00,1929.74,session,4.48,0.30,4.18,WIN
2023-07-12,XAUUSD,A,C1,LONG,1933.27,1933.93,1933.38,0.56,0.11,ABOVE,10:05,1934.03,7.00,0.23,,,,False,,,16:00,1939.44,session,5.42,0.30,5.12,WIN
2023-07-14,XAUUSD,A,C1,SHORT,1960.40,1960.14,1959.86,0.29,0.26,BELOW,10:05,1959.51,0.00,0.81,0.00,-0.81,0.81,True,10:10,1960.32,16:00,1959.14,session,-1.98,0.60,-2.58,LOSS
2023-07-17,XAUUSD,A,C1,LONG,1952.70,1953.38,1952.81,0.57,0.10,ABOVE,10:10,1953.38,2.63,0.92,2.63,-0.67,3.31,True,11:50,1952.71,16:00,1953.66,session,-1.62,0.60,-2.23,LOSS
2023-07-18,XAUUSD,A,C1,SHORT,1955.64,1955.48,1954.94,0.54,0.16,BELOW,10:05,1954.87,0.09,0.74,0.09,-0.71,0.80,True,10:20,1955.58,16:00,1959.32,session,3.04,0.60,2.44,WIN
2023-07-19,XAUUSD,A,C1,LONG,1976.99,1977.62,1977.55,0.08,0.56,ABOVE,10:30,1978.38,0.19,1.55,0.19,-1.30,1.49,True,11:10,1977.08,16:00,1978.63,session,-2.86,0.60,-3.46,LOSS
2023-07-20,XAUUSD,A,C1,LONG,1977.74,1977.92,1977.78,0.14,0.04,ABOVE,10:05,1978.84,8.69,0.68,,,,False,,,16:00,1980.91,session,2.08,0.30,1.78,WIN
2023-07-21,XAUUSD,A,C1,SHORT,1972.54,1972.30,1972.02,0.28,0.24,BELOW,10:05,1971.94,0.10,0.77,0.10,-0.62,0.72,True,10:20,1972.57,16:00,1970.40,session,-2.78,0.60,-3.38,LOSS
2023-07-28,XAUUSD,A,C1,SHORT,1947.74,1947.54,1946.76,0.78,0.20,BELOW,10:20,1946.39,0.24,1.35,0.24,-1.22,1.46,True,10:50,1947.62,16:00,1952.80,session,3.96,0.60,3.36,WIN
2023-07-31,XAUUSD,A,C1,SHORT,1958.45,1958.11,1958.03,0.08,0.35,BELOW,10:25,1957.96,1.50,0.60,1.50,-0.34,1.84,True,10:55,1958.30,16:00,1954.27,session,-4.37,0.60,-4.97,LOSS
2023-08-01,XAUUSD,A,C1,SHORT,1964.23,1964.22,1963.96,0.26,0.01,BELOW,10:25,1963.72,5.43,0.43,,,,False,,,16:00,1958.50,session,5.22,0.30,4.92,WIN
2023-08-02,XAUUSD,A,C1,SHORT,1952.62,1952.23,1951.39,0.84,0.38,BELOW,10:05,1949.84,4.47,0.70,,,,False,,,16:00,1949.81,session,0.03,0.30,-0.27,LOSS
2023-08-03,XAUUSD,A,C1,SHORT,1936.39,1936.27,1936.14,0.12,0.12,BELOW,10:30,1935.92,0.13,0.53,0.13,-0.38,0.52,True,10:35,1936.31,16:00,1935.23,session,-1.46,0.60,-2.06,LOSS
2023-08-04,XAUUSD,A,C1,LONG,1935.52,1935.87,1935.84,0.03,0.32,ABOVE,10:40,1936.16,0.14,0.58,0.14,-0.46,0.61,True,10:45,1935.70,16:00,1935.48,session,-0.24,0.60,-0.84,LOSS
2023-08-08,XAUUSD,A,C1,SHORT,1937.17,1936.85,1936.63,0.21,0.33,BELOW,10:05,1936.19,5.01,0.22,,,,False,,,16:00,1933.66,session,2.53,0.30,2.23,WIN
2023-08-09,XAUUSD,A,C1,LONG,1925.55,1926.01,1925.66,0.35,0.12,ABOVE,10:10,1926.18,0.00,0.56,0.00,-0.53,0.53,True,10:15,1925.65,16:00,1931.27,session,-6.14,0.60,-6.74,LOSS
2023-08-15,XAUUSD,A,C1,SHORT,1907.93,1907.62,1907.10,0.53,0.31,BELOW,10:05,1906.68,2.88,1.63,,,,False,,,16:00,1906.16,session,0.52,0.30,0.22,WIN
2023-08-17,XAUUSD,A,C1,SHORT,1893.94,1893.45,1892.40,1.05,0.49,BELOW,10:40,1892.24,2.63,1.38,2.63,-1.21,3.85,True,12:45,1893.45,16:00,1893.52,session,-1.14,0.60,-1.74,LOSS
2023-08-18,XAUUSD,A,C1,LONG,1890.73,1891.33,1890.85,0.48,0.12,ABOVE,10:15,1891.61,3.62,0.37,,,,False,,,16:00,1893.20,session,1.60,0.30,1.30,WIN
2023-08-21,XAUUSD,A,C1,LONG,1888.98,1890.23,1890.08,0.16,1.09,ABOVE,10:05,1890.77,0.42,0.77,0.42,-0.70,1.13,True,10:45,1890.07,16:00,1887.67,session,1.69,0.60,1.09,WIN
2023-08-22,XAUUSD,A,C1,SHORT,1895.13,1894.80,1894.10,0.70,0.34,BELOW,14:55,1894.06,0.06,1.90,0.06,-1.89,1.95,True,15:10,1895.95,16:00,1895.81,session,-2.03,0.60,-2.63,LOSS
2023-08-23,XAUUSD,A,C1,LONG,1898.65,1898.86,1898.71,0.14,0.06,ABOVE,10:05,1899.42,4.60,0.58,,,,False,,,16:00,1902.92,session,3.50,0.30,3.20,WIN
2023-08-24,XAUUSD,A,C1,LONG,1917.39,1917.99,1917.52,0.48,0.12,ABOVE,10:10,1918.21,4.26,0.61,,,,False,,,16:00,1922.04,session,3.83,0.30,3.53,WIN
2023-08-25,XAUUSD,A,C1,SHORT,1916.28,1915.92,1915.89,0.03,0.36,BELOW,10:15,1915.81,1.06,0.27,1.06,-0.25,1.31,True,11:15,1916.06,16:00,1913.77,session,-2.54,0.60,-3.14,LOSS
2023-08-28,XAUUSD,A,C1,LONG,1914.89,1915.50,1915.11,0.39,0.22,ABOVE,10:05,1915.59,2.08,0.82,,,,False,,,16:00,1916.73,session,1.14,0.30,0.84,WIN
2023-08-29,XAUUSD,A,C1,LONG,1921.35,1921.41,1921.38,0.03,0.04,ABOVE,10:05,1921.45,4.40,0.34,,,,False,,,16:00,1924.89,session,3.44,0.30,3.14,WIN
2023-08-31,XAUUSD,A,C1,LONG,1944.31,1944.61,1944.42,0.18,0.12,ABOVE,10:05,1944.95,2.86,0.40,,,,False,,,16:00,1944.93,session,-0.02,0.30,-0.32,LOSS
2023-09-01,XAUUSD,A,C1,LONG,1939.83,1940.10,1939.97,0.12,0.14,ABOVE,11:00,1941.84,2.32,2.05,2.32,-1.93,4.25,True,13:05,1939.90,16:00,1940.00,session,-2.03,0.60,-2.63,LOSS
2023-09-04,XAUUSD,A,C1,LONG,1940.38,1940.62,1940.62,0.01,0.24,ABOVE,10:10,1940.76,0.05,0.32,0.05,-0.20,0.25,True,10:15,1940.56,16:00,1945.43,session,-5.08,0.60,-5.68,LOSS
2023-09-05,XAUUSD,A,C1,SHORT,1937.88,1937.65,1937.49,0.16,0.22,BELOW,10:05,1937.43,0.36,0.35,0.36,-0.32,0.68,True,10:45,1937.75,16:00,1936.81,session,-1.26,0.60,-1.86,LOSS
2023-09-06,XAUUSD,A,C1,SHORT,1926.74,1926.67,1926.66,0.01,0.07,BELOW,10:05,1926.32,2.05,0.45,2.05,-0.39,2.43,True,12:50,1926.70,16:00,1927.87,session,0.78,0.60,0.18,WIN
2023-09-08,XAUUSD,A,C1,LONG,1919.97,1920.62,1920.30,0.32,0.33,ABOVE,10:05,1920.87,6.39,0.26,,,,False,,,16:00,1926.30,session,5.43,0.30,5.13,WIN
2023-09-12,XAUUSD,A,C1,SHORT,1921.90,1921.67,1921.60,0.07,0.23,BELOW,10:30,1921.56,0.30,0.21,0.30,-0.16,0.46,True,10:40,1921.72,16:00,1920.15,session,-1.73,0.60,-2.33,LOSS
2023-09-13,XAUUSD,A,C1,SHORT,1913.36,1913.21,1912.92,0.29,0.14,BELOW,10:25,1912.92,0.08,0.49,0.08,-0.49,0.58,True,10:30,1913.41,16:00,1909.62,session,-4.29,0.60,-4.89,LOSS
2023-09-14,XAUUSD,A,C1,LONG,1909.15,1909.56,1909.29,0.27,0.13,ABOVE,10:05,1909.63,3.34,0.75,3.34,-0.43,3.77,True,15:10,1909.20,16:00,1908.34,session,0.43,0.60,-0.17,LOSS
2023-09-18,XAUUSD,A,C1,LONG,1923.04,1923.77,1923.37,0.40,0.33,ABOVE,10:05,1923.95,6.74,0.56,,,,False,,,16:00,1929.50,session,5.55,0.30,5.25,WIN
2023-09-21,XAUUSD,A,C1,SHORT,1930.09,1929.49,1929.36,0.13,0.60,BELOW,10:15,1929.27,5.01,0.12,,,,False,,,16:00,1927.87,session,1.40,0.30,1.10,WIN
2023-09-22,XAUUSD,A,C1,LONG,1921.39,1921.68,1921.45,0.23,0.06,ABOVE,10:15,1921.71,3.87,0.35,,,,False,,,16:00,1924.64,session,2.93,0.30,2.63,WIN
2023-09-26,XAUUSD,A,C1,SHORT,1916.70,1916.29,1916.12,0.17,0.41,BELOW,10:15,1916.09,3.00,0.02,,,,False,,,16:00,1913.31,session,2.78,0.30,2.48,WIN
2023-09-29,XAUUSD,A,C1,LONG,1866.14,1866.97,1866.74,0.23,0.60,ABOVE,10:20,1867.13,0.18,0.46,0.18,-0.45,0.63,True,10:30,1866.68,16:00,1866.52,session,-0.28,0.60,-0.88,LOSS
2023-10-02,XAUUSD,A,C1,LONG,1846.51,1846.81,1846.54,0.27,0.03,ABOVE,10:05,1847.14,0.07,0.92,0.07,-0.90,0.97,True,10:15,1846.24,16:00,1842.67,session,2.66,0.60,2.06,WIN
2023-10-03,XAUUSD,A,C1,SHORT,1828.31,1828.23,1827.01,1.22,0.07,BELOW,10:05,1826.64,11.33,0.37,,,,False,,,16:00,1820.52,session,6.12,0.30,5.83,WIN
2023-10-04,XAUUSD,A,C1,SHORT,1823.11,1822.71,1822.40,0.31,0.39,BELOW,11:05,1822.16,0.23,1.73,0.23,-1.53,1.76,True,11:15,1823.69,16:00,1822.81,session,-2.42,0.60,-3.02,LOSS
2023-10-05,XAUUSD,A,C1,LONG,1822.17,1822.45,1822.42,0.03,0.25,ABOVE,10:05,1822.74,6.48,0.93,,,,False,,,16:00,1827.31,session,4.56,0.30,4.26,WIN
2023-10-11,XAUUSD,A,C1,LONG,1859.68,1860.09,1859.84,0.25,0.16,ABOVE,10:05,1860.35,0.45,0.68,0.45,-0.64,1.09,True,10:55,1859.71,16:00,1860.08,session,-1.00,0.60,-1.60,LOSS
2023-10-16,XAUUSD,A,C1,SHORT,1926.16,1925.33,1924.56,0.77,0.83,BELOW,10:20,1923.16,1.45,3.08,1.45,-2.73,4.18,True,10:55,1925.89,16:00,1919.64,session,-8.98,0.60,-9.58,LOSS
2023-10-17,XAUUSD,A,C1,SHORT,1920.24,1919.78,1918.91,0.86,0.47,BELOW,11:15,1918.23,5.77,0.61,,,,False,,,16:00,1915.24,session,2.99,0.30,2.69,WIN
2023-10-18,XAUUSD,A,C1,SHORT,1925.27,1925.16,1924.95,0.21,0.10,BELOW,10:05,1924.40,0.25,0.84,0.25,-0.78,1.03,True,10:30,1925.18,16:00,1939.46,session,13.50,0.60,12.90,WIN
2023-10-19,XAUUSD,A,C1,LONG,1949.71,1950.26,1949.93,0.33,0.22,ABOVE,10:05,1950.58,2.80,1.87,2.80,-1.46,4.27,True,11:40,1949.12,16:00,1947.38,session,0.27,0.60,-0.33,LOSS
2023-10-26,XAUUSD,A,C1,LONG,1981.41,1983.08,1982.22,0.86,0.81,ABOVE,10:40,1983.37,6.06,0.89,,,,False,,,16:00,1989.25,session,5.88,0.30,5.58,WIN
2023-10-30,XAUUSD,A,C1,SHORT,2002.46,2001.60,2001.42,0.17,0.86,BELOW,15:30,2000.99,0.73,0.93,0.73,-0.72,1.44,True,15:40,2001.71,16:00,2001.65,session,-0.78,0.60,-1.38,LOSS
2023-10-31,XAUUSD,A,C1,SHORT,1995.44,1995.17,1994.86,0.32,0.27,BELOW,10:05,1994.68,0.02,0.56,0.02,-0.56,0.58,True,10:10,1995.24,16:00,1993.31,session,-2.50,0.60,-3.10,LOSS
2023-11-01,XAUUSD,A,C1,SHORT,1985.32,1984.95,1984.91,0.04,0.37,BELOW,10:15,1984.40,9.16,0.46,,,,False,,,16:00,1977.02,session,7.38,0.30,7.08,WIN
2023-11-02,XAUUSD,A,C1,LONG,1983.19,1984.42,1983.81,0.62,0.62,ABOVE,10:20,1984.79,3.44,1.33,,,,False,,,16:00,1986.12,session,1.33,0.30,1.03,WIN
2023-11-03,XAUUSD,A,C1,SHORT,1985.20,1985.07,1985.02,0.05,0.13,BELOW,10:05,1984.92,0.50,0.16,0.50,-0.16,0.66,True,10:45,1985.09,16:00,1985.97,session,0.72,0.60,0.12,WIN
2024-03-11,XAUUSD,A,C1,SHORT,2178.48,2178.24,2177.32,0.92,0.24,BELOW,13:50,2176.93,0.02,1.95,0.02,-1.61,1.62,True,14:05,2178.54,16:00,2181.41,session,1.26,0.60,0.66,WIN
2024-03-18,XAUUSD,A,C1,LONG,2154.17,2155.41,2154.91,0.50,0.74,ABOVE,10:45,2155.45,2.15,0.82,2.15,-0.55,2.70,True,12:00,2154.91,16:00,2147.56,session,6.80,0.60,6.20,WIN
2024-03-19,XAUUSD,A,C1,LONG,2161.01,2161.38,2161.30,0.09,0.28,ABOVE,10:45,2161.41,1.49,0.76,1.49,-0.22,1.71,True,11:50,2161.20,16:00,2159.41,session,1.58,0.60,0.98,WIN
2024-03-21,XAUUSD,A,C1,LONG,2199.32,2200.96,2199.69,1.27,0.38,ABOVE,10:10,2204.31,2.12,8.22,2.12,-7.37,9.49,True,11:25,2196.94,16:00,2203.72,session,-14.15,0.60,-14.75,LOSS
2024-03-22,XAUUSD,A,C1,LONG,2181.23,2181.38,2181.37,0.01,0.14,ABOVE,10:05,2181.54,0.09,0.41,0.09,-0.31,0.40,True,10:15,2181.23,16:00,2173.57,session,7.35,0.60,6.75,WIN
2024-03-25,XAUUSD,A,C1,LONG,2165.87,2166.88,2166.41,0.47,0.54,ABOVE,10:05,2167.74,1.77,2.22,1.77,-2.00,3.77,True,11:15,2165.74,16:00,2170.12,session,-6.39,0.60,-6.99,LOSS
2024-03-26,XAUUSD,A,C1,SHORT,2172.68,2172.57,2172.11,0.45,0.11,BELOW,10:30,2172.07,0.78,1.25,0.78,-0.91,1.70,True,10:55,2172.99,16:00,2172.09,session,-1.81,0.60,-2.41,LOSS
2024-03-27,XAUUSD,A,C1,SHORT,2178.95,2178.65,2178.48,0.17,0.30,BELOW,10:05,2178.43,0.16,0.27,0.16,-0.23,0.39,True,10:10,2178.66,16:00,2178.30,session,-0.58,0.60,-1.18,LOSS
2024-03-28,XAUUSD,A,C1,LONG,2190.73,2192.49,2191.32,1.16,0.59,ABOVE,13:20,2192.91,4.06,0.08,,,,False,,,16:00,2195.76,session,2.85,0.30,2.55,WIN
2024-04-01,XAUUSD,A,C1,LONG,2236.93,2237.49,2237.08,0.41,0.14,ABOVE,10:05,2238.41,27.36,0.58,,,,False,,,16:00,2259.34,session,20.93,0.30,20.63,WIN
2024-04-02,XAUUSD,A,C1,SHORT,2254.59,2253.71,2251.64,2.07,0.88,BELOW,10:15,2250.46,3.74,3.45,3.74,-3.45,7.19,True,13:50,2253.91,16:00,2256.41,session,-0.94,0.60,-1.54,LOSS
2024-04-05,XAUUSD,A,C1,LONG,2288.84,2290.55,2289.81,0.74,0.97,ABOVE,10:05,2290.99,0.20,1.56,0.20,-1.48,1.68,True,10:45,2289.51,16:00,2278.22,session,9.81,0.60,9.21,WIN
2024-04-08,XAUUSD,A,C1,SHORT,2311.78,2311.39,2309.93,1.47,0.38,BELOW,10:10,2308.30,5.33,5.96,5.33,-5.31,10.64,True,11:25,2313.61,16:00,2332.86,session,13.94,0.60,13.34,WIN
2024-04-10,XAUUSD,A,C1,LONG,2353.63,2354.89,2354.76,0.12,1.13,ABOVE,14:30,2355.01,0.72,0.92,0.72,-0.77,1.49,True,14:40,2354.24,16:00,2357.66,session,-4.19,0.60,-4.79,LOSS
2024-04-11,XAUUSD,A,C1,SHORT,2336.35,2335.61,2334.99,0.62,0.74,BELOW,10:05,2333.49,0.06,2.57,0.06,-2.52,2.58,True,10:30,2336.01,16:00,2339.50,session,0.97,0.60,0.37,WIN
2024-04-15,XAUUSD,A,C1,SHORT,2365.42,2364.89,2361.99,2.90,0.53,BELOW,10:15,2361.41,12.99,3.41,,,,False,,,16:00,2360.30,session,1.11,0.30,0.81,WIN
2024-04-17,XAUUSD,A,C1,SHORT,2384.01,2382.83,2381.43,1.40,1.18,BELOW,13:25,2381.32,0.55,1.73,0.55,-1.53,2.08,True,13:50,2382.85,16:00,2375.53,session,-8.84,0.60,-9.44,LOSS
2024-04-18,XAUUSD,A,C1,LONG,2366.86,2368.76,2368.08,0.68,1.22,ABOVE,10:30,2368.92,3.17,2.79,3.17,-2.20,5.37,True,11:25,2366.72,16:00,2378.14,session,-13.63,0.60,-14.23,LOSS
2024-04-19,XAUUSD,A,C1,SHORT,2381.20,2379.93,2378.21,1.72,1.28,BELOW,10:05,2376.67,2.83,7.77,2.83,-7.32,10.15,True,11:00,2383.99,16:00,2382.32,session,-9.00,0.60,-9.60,LOSS
2024-04-23,XAUUSD,A,C1,LONG,2332.15,2333.79,2332.82,0.97,0.67,ABOVE,11:05,2334.03,0.48,1.89,0.48,-1.88,2.36,True,11:20,2332.15,16:00,2308.55,session,21.71,0.60,21.11,WIN
2024-04-24,XAUUSD,A,C1,SHORT,2324.03,2323.37,2322.55,0.82,0.66,BELOW,10:05,2322.36,6.52,1.45,6.52,-1.37,7.89,True,13:10,2323.73,16:00,2330.14,session,5.04,0.60,4.44,WIN
2024-04-25,XAUUSD,A,C1,LONG,2316.12,2317.02,2316.39,0.63,0.26,ABOVE,10:05,2317.28,2.29,1.19,2.29,-1.03,3.32,True,11:10,2316.26,16:00,2318.84,session,-3.62,0.60,-4.22,LOSS
2024-04-26,XAUUSD,A,C1,SHORT,2331.18,2331.08,2330.72,0.36,0.10,BELOW,10:05,2330.49,4.13,1.02,4.13,-0.72,4.86,True,11:30,2331.22,16:00,2340.23,session,8.29,0.60,7.69,WIN
2024-04-29,XAUUSD,A,C1,SHORT,2336.30,2336.25,2335.93,0.32,0.05,BELOW,10:05,2335.39,15.55,1.24,,,,False,,,16:00,2330.07,session,5.32,0.30,5.02,WIN
2024-04-30,XAUUSD,A,C1,SHORT,2333.61,2333.18,2332.26,0.91,0.43,BELOW,12:10,2329.74,9.10,2.56,,,,False,,,16:00,2321.50,session,8.24,0.30,7.94,WIN
2024-05-03,XAUUSD,A,C1,LONG,2303.01,2304.32,2303.86,0.47,0.84,ABOVE,11:00,2304.59,1.85,1.34,1.85,-1.34,3.18,True,11:20,2303.26,16:00,2305.43,session,-3.51,0.60,-4.11,LOSS
2024-05-06,XAUUSD,A,C1,SHORT,2295.23,2294.50,2294.03,0.47,0.73,BELOW,10:15,2293.06,1.21,1.59,1.21,-1.58,2.79,True,10:30,2294.64,16:00,2312.66,session,16.44,0.60,15.84,WIN
2024-05-07,XAUUSD,A,C1,LONG,2325.41,2327.06,2326.17,0.89,0.76,ABOVE,10:15,2328.26,1.72,2.92,1.72,-2.86,4.58,True,11:20,2325.40,16:00,2319.72,session,2.83,0.60,2.23,WIN
2024-05-08,XAUUSD,A,C1,LONG,2315.09,2315.80,2315.27,0.53,0.18,ABOVE,10:05,2315.86,0.27,1.33,0.27,-0.71,0.98,True,10:25,2315.15,16:00,2318.54,session,-4.10,0.60,-4.70,LOSS
2024-05-09,XAUUSD,A,C1,LONG,2308.72,2309.11,2308.88,0.23,0.16,ABOVE,10:40,2309.57,2.81,1.55,2.81,-1.28,4.10,True,12:05,2308.29,16:00,2315.47,session,-8.46,0.60,-9.06,LOSS
2024-05-13,XAUUSD,A,C1,LONG,2360.20,2360.75,2360.55,0.20,0.35,ABOVE,10:10,2361.83,2.72,2.94,2.72,-2.30,5.02,True,11:10,2359.53,16:00,2353.89,session,3.35,0.60,2.75,WIN
2024-05-14,XAUUSD,A,C1,SHORT,2338.84,2338.47,2338.39,0.08,0.38,BELOW,10:05,2337.81,0.00,1.26,0.00,-1.19,1.19,True,10:10,2339.00,16:00,2345.06,session,4.87,0.60,4.27,WIN
2024-05-21,XAUUSD,A,C1,LONG,2426.20,2427.11,2426.36,0.75,0.17,ABOVE,10:15,2427.13,0.64,2.05,0.64,-1.14,1.78,True,10:25,2425.99,16:00,2415.74,session,9.12,0.60,8.52,WIN
2024-05-23,XAUUSD,A,C1,LONG,2382.17,2382.60,2382.31,0.29,0.14,ABOVE,10:05,2382.97,0.81,1.25,0.81,-0.78,1.59,True,10:15,2382.20,16:00,2360.14,session,21.28,0.60,20.68,WIN
2024-05-24,XAUUSD,A,C1,SHORT,2333.31,2332.26,2332.05,0.20,1.05,BELOW,10:05,2332.01,5.24,0.84,5.24,-0.74,5.99,True,11:15,2332.76,16:00,2337.13,session,3.63,0.60,3.03,WIN
2024-05-27,XAUUSD,A,C1,SHORT,2337.80,2337.33,2336.74,0.59,0.47,BELOW,10:10,2336.52,1.99,1.11,1.99,-0.97,2.96,True,11:05,2337.49,16:00,2343.25,session,4.80,0.60,4.20,WIN
2024-05-28,XAUUSD,A,C1,LONG,2351.76,2352.55,2352.28,0.26,0.52,ABOVE,10:10,2352.82,0.87,1.24,0.87,-0.96,1.83,True,10:20,2351.86,16:00,2349.55,session,1.35,0.60,0.75,WIN
2024-05-29,XAUUSD,A,C1,LONG,2359.68,2360.14,2359.72,0.42,0.04,ABOVE,10:05,2360.50,0.47,1.14,0.47,-1.07,1.54,True,10:20,2359.43,16:00,2355.44,session,2.92,0.60,2.32,WIN
2024-05-30,XAUUSD,A,C1,SHORT,2338.70,2338.51,2336.89,1.62,0.20,BELOW,10:10,2336.70,2.65,2.46,2.65,-2.39,5.05,True,11:10,2339.09,16:00,2325.26,session,-16.22,0.60,-16.82,LOSS
2024-06-04,XAUUSD,A,C1,LONG,2350.43,2351.45,2350.59,0.86,0.17,ABOVE,10:20,2351.69,1.20,2.56,1.20,-2.20,3.40,True,11:05,2349.49,16:00,2350.89,session,-3.61,0.60,-4.21,LOSS
2024-06-06,XAUUSD,A,C1,SHORT,2355.43,2355.15,2354.88,0.28,0.28,BELOW,10:35,2354.77,0.01,0.76,0.01,-0.66,0.66,True,10:40,2355.43,16:00,2367.24,session,11.16,0.60,10.56,WIN
2024-06-07,XAUUSD,A,C1,SHORT,2377.05,2376.91,2376.53,0.38,0.13,BELOW,11:05,2376.49,6.98,1.42,6.98,-1.31,8.30,True,12:50,2377.80,16:00,2376.10,session,-3.01,0.60,-3.61,LOSS
2024-06-12,XAUUSD,A,C1,LONG,2314.51,2315.57,2315.20,0.38,0.69,ABOVE,10:05,2315.66,0.00,0.76,0.00,-0.67,0.67,True,10:10,2314.99,16:00,2314.55,session,-0.23,0.60,-0.83,LOSS
2024-06-13,XAUUSD,A,C1,SHORT,2321.44,2320.65,2318.53,2.12,0.79,BELOW,11:05,2317.22,9.01,0.72,,,,False,,,16:00,2313.55,session,3.66,0.30,3.36,WIN
2024-06-14,XAUUSD,A,C1,LONG,2302.05,2303.33,2302.43,0.89,0.38,ABOVE,10:20,2303.39,8.34,0.33,,,,False,,,16:00,2309.13,session,5.74,0.30,5.44,WIN
2024-06-17,XAUUSD,A,C1,SHORT,2328.98,2328.95,2326.58,2.37,0.03,BELOW,10:15,2325.90,8.60,3.11,,,,False,,,16:00,2317.45,session,8.45,0.30,8.15,WIN
2024-06-18,XAUUSD,A,C1,LONG,2320.45,2322.18,2321.11,1.07,0.66,ABOVE,10:25,2322.28,3.31,1.87,3.31,-1.76,5.07,True,11:15,2320.53,16:00,2321.91,session,-3.14,0.60,-3.74,LOSS
2024-06-20,XAUUSD,A,C1,LONG,2329.07,2329.51,2329.36,0.14,0.29,ABOVE,10:55,2329.83,15.12,0.00,,,,False,,,16:00,2341.70,session,11.88,0.30,11.57,WIN
2024-06-21,XAUUSD,A,C1,LONG,2360.19,2361.32,2360.95,0.38,0.76,ABOVE,10:05,2362.68,2.22,3.02,2.22,-2.02,4.24,True,11:25,2360.66,16:00,2363.45,session,-4.80,0.60,-5.40,LOSS
2024-06-24,XAUUSD,A,C1,LONG,2318.47,2320.90,2319.19,1.71,0.72,ABOVE,10:40,2321.16,6.18,2.09,,,,False,,,16:00,2323.34,session,2.18,0.30,1.88,WIN
2024-06-27,XAUUSD,A,C1,LONG,2298.34,2298.45,2298.44,0.01,0.10,ABOVE,10:10,2299.80,0.41,1.70,0.41,-1.51,1.92,True,10:45,2298.29,16:00,2298.72,session,-1.93,0.60,-2.53,LOSS
2024-06-28,XAUUSD,A,C1,SHORT,2327.87,2327.76,2327.32,0.45,0.11,BELOW,10:10,2326.66,7.56,0.45,,,,False,,,16:00,2325.72,session,0.95,0.30,0.65,WIN
2024-07-01,XAUUSD,A,C1,SHORT,2325.72,2325.05,2323.43,1.61,0.67,BELOW,10:05,2323.40,1.14,2.00,1.14,-1.82,2.96,True,10:35,2325.22,16:00,2322.78,session,-4.26,0.60,-4.86,LOSS
2024-07-02,XAUUSD,A,C1,LONG,2332.34,2333.51,2332.36,1.14,0.03,ABOVE,11:50,2333.53,0.86,1.68,0.86,-1.59,2.44,True,12:30,2331.95,16:00,2331.05,session,-0.69,0.60,-1.29,LOSS
2024-07-03,XAUUSD,A,C1,LONG,2330.23,2330.92,2330.32,0.61,0.09,ABOVE,10:05,2331.47,0.75,1.17,0.75,-1.17,1.92,True,10:55,2330.30,16:00,2333.99,session,-4.86,0.60,-5.46,LOSS
2024-07-08,XAUUSD,A,C1,SHORT,2386.47,2386.17,2384.70,1.47,0.30,BELOW,12:40,2383.78,3.01,3.01,3.01,-2.81,5.82,True,15:15,2386.59,16:00,2381.38,session,-8.03,0.60,-8.63,LOSS
2024-07-09,XAUUSD,A,C1,LONG,2361.65,2362.53,2361.86,0.67,0.21,ABOVE,10:10,2363.41,0.34,2.41,0.34,-2.35,2.68,True,10:30,2361.07,16:00,2364.91,session,-6.19,0.60,-6.79,LOSS
2024-07-18,XAUUSD,A,C1,SHORT,2461.61,2461.45,2459.08,2.38,0.16,BELOW,10:05,2458.47,1.01,4.47,1.01,-4.25,5.26,True,11:10,2462.72,16:00,2465.74,session,-1.23,0.60,-1.83,LOSS
2024-07-19,XAUUSD,A,C1,SHORT,2443.76,2441.38,2431.36,10.03,2.38,BELOW,10:10,2431.20,10.62,3.74,,,,False,,,16:00,2421.80,session,9.40,0.30,9.10,WIN
2024-07-25,XAUUSD,A,C1,SHORT,2399.61,2398.89,2398.07,0.82,0.72,BELOW,10:05,2396.58,29.72,3.57,,,,False,,,16:00,2376.74,session,19.84,0.30,19.54,WIN
2024-07-26,XAUUSD,A,C1,LONG,2363.72,2364.73,2363.86,0.88,0.14,ABOVE,10:05,2365.37,0.08,1.93,0.08,-1.65,1.74,True,10:25,2363.72,16:00,2372.59,session,-10.53,0.60,-11.13,LOSS
2024-07-29,XAUUSD,A,C1,SHORT,2398.20,2398.09,2397.16,0.93,0.11,BELOW,11:15,2396.99,8.23,1.28,,,,False,,,16:00,2394.84,session,2.15,0.30,1.85,WIN
2024-08-01,XAUUSD,A,C1,LONG,2445.39,2446.07,2445.84,0.24,0.45,ABOVE,10:05,2446.24,0.78,0.90,0.78,-0.74,1.52,True,10:20,2445.50,16:00,2447.62,session,-2.86,0.60,-3.46,LOSS
2024-08-07,XAUUSD,A,C1,SHORT,2384.83,2384.69,2383.95,0.74,0.14,BELOW,10:05,2382.20,0.74,3.28,0.74,-2.86,3.60,True,10:50,2385.06,16:00,2389.93,session,2.01,0.60,1.41,WIN
2024-08-09,XAUUSD,A,C1,LONG,2423.34,2425.12,2424.66,0.47,1.32,ABOVE,11:35,2425.25,3.78,1.97,3.78,-1.32,5.10,True,12:35,2423.93,16:00,2419.14,session,3.46,0.60,2.86,WIN
2024-08-13,XAUUSD,A,C1,LONG,2474.41,2475.93,2475.57,0.36,1.16,ABOVE,10:05,2476.21,0.76,1.05,0.76,-0.95,1.70,True,10:15,2475.26,16:00,2463.03,session,11.29,0.60,10.69,WIN
2024-08-14,XAUUSD,A,C1,LONG,2463.73,2464.28,2464.24,0.04,0.51,ABOVE,10:05,2465.55,7.10,3.03,7.10,-2.18,9.29,True,12:00,2463.37,16:00,2461.95,session,-0.76,0.60,-1.36,LOSS
2024-08-15,XAUUSD,A,C1,LONG,2448.51,2449.52,2449.50,0.02,0.99,ABOVE,10:05,2449.56,0.43,0.96,0.43,-0.38,0.81,True,10:20,2449.18,16:00,2453.72,session,-4.91,0.60,-5.51,LOSS
2024-08-20,XAUUSD,A,C1,LONG,2503.36,2504.47,2503.73,0.74,0.38,ABOVE,10:05,2504.67,3.61,2.87,3.61,-1.66,5.26,True,11:10,2503.01,16:00,2500.57,session,0.79,0.60,0.19,WIN
2024-08-21,XAUUSD,A,C1,SHORT,2514.61,2513.07,2512.99,0.08,1.55,BELOW,11:20,2512.62,1.69,2.03,1.69,-1.25,2.94,True,11:40,2513.87,16:00,2515.76,session,0.64,0.60,0.04,WIN
2024-08-23,XAUUSD,A,C1,LONG,2486.26,2487.68,2487.35,0.33,1.09,ABOVE,10:15,2488.16,7.69,1.39,,,,False,,,16:00,2491.68,session,3.51,0.30,3.21,WIN
2024-08-26,XAUUSD,A,C1,LONG,2514.30,2516.03,2515.30,0.73,1.00,ABOVE,10:25,2516.18,0.82,3.66,0.82,-3.66,4.47,True,10:45,2512.52,16:00,2510.54,session,-1.68,0.60,-2.28,LOSS
2024-08-27,XAUUSD,A,C1,SHORT,2516.30,2515.66,2515.53,0.13,0.64,BELOW,10:10,2514.97,0.19,0.98,0.19,-0.81,1.01,True,10:15,2515.78,16:00,2514.71,session,-1.88,0.60,-2.48,LOSS
2024-08-28,XAUUSD,A,C1,SHORT,2526.28,2525.37,2524.74,0.63,0.91,BELOW,10:10,2524.72,21.39,1.21,,,,False,,,16:00,2504.72,session,20.00,0.30,19.70,WIN
2024-08-29,XAUUSD,A,C1,LONG,2507.82,2509.95,2508.22,1.73,0.40,ABOVE,10:05,2509.99,10.05,0.30,,,,False,,,16:00,2518.55,session,8.56,0.30,8.26,WIN
2024-09-02,XAUUSD,A,C1,LONG,2502.38,2503.14,2503.03,0.11,0.66,ABOVE,10:10,2503.16,0.27,0.57,0.27,-0.36,0.63,True,10:15,2502.80,16:00,2497.97,session,4.46,0.60,3.86,WIN
2024-09-03,XAUUSD,A,C1,SHORT,2497.93,2497.36,2497.33,0.03,0.57,BELOW,10:05,2496.52,6.82,1.11,,,,False,,,16:00,2493.51,session,3.01,0.30,2.71,WIN
2024-09-05,XAUUSD,A,C1,LONG,2495.37,2496.57,2495.98,0.59,0.61,ABOVE,11:05,2497.05,2.38,1.62,2.38,-1.54,3.92,True,13:50,2495.51,16:00,2501.36,session,-7.39,0.60,-7.99,LOSS
2024-09-06,XAUUSD,A,C1,SHORT,2517.75,2517.49,2517.43,0.06,0.26,BELOW,10:05,2517.19,4.10,0.92,4.10,-0.63,4.73,True,12:55,2517.82,16:00,2519.30,session,0.84,0.60,0.24,WIN
2024-09-09,XAUUSD,A,C1,LONG,2496.43,2497.95,2497.01,0.94,0.59,ABOVE,11:05,2498.12,0.64,2.59,0.64,-2.03,2.67,True,11:20,2496.09,16:00,2489.55,session,4.51,0.60,3.91,WIN
2024-09-11,XAUUSD,A,C1,LONG,2517.86,2518.78,2518.69,0.09,0.84,ABOVE,10:40,2519.01,0.17,1.30,0.17,-1.13,1.30,True,10:45,2517.88,16:00,2522.10,session,-5.36,0.60,-5.96,LOSS
2024-09-17,XAUUSD,A,C1,LONG,2583.71,2584.18,2583.78,0.40,0.07,ABOVE,12:10,2585.18,1.18,3.52,1.18,-3.07,4.26,True,12:45,2582.11,16:00,2581.44,session,-2.41,0.60,-3.01,LOSS
2024-09-18,XAUUSD,A,C1,LONG,2573.84,2574.21,2574.09,0.12,0.26,ABOVE,11:00,2574.38,0.38,1.94,0.38,-1.40,1.78,True,11:05,2572.98,16:00,2568.64,session,2.94,0.60,2.34,WIN
2024-09-19,XAUUSD,A,C1,LONG,2557.37,2559.43,2558.36,1.06,0.99,ABOVE,12:15,2559.45,18.03,0.11,,,,False,,,16:00,2577.01,session,17.57,0.30,17.27,WIN
2024-09-23,XAUUSD,A,C1,SHORT,2620.89,2620.28,2619.45,0.83,0.61,BELOW,10:05,2618.93,2.75,2.16,2.75,-2.16,4.91,True,11:35,2621.09,16:00,2629.01,session,5.75,0.60,5.15,WIN
2024-09-25,XAUUSD,A,C1,SHORT,2658.52,2658.32,2657.59,0.73,0.20,BELOW,11:30,2656.39,0.51,4.08,0.51,-4.06,4.57,True,11:50,2660.45,16:00,2659.24,session,-5.27,0.60,-5.87,LOSS
2024-09-26,XAUUSD,A,C1,SHORT,2658.44,2656.76,2656.43,0.33,1.68,BELOW,10:05,2656.26,0.77,0.64,0.77,-0.59,1.37,True,10:15,2656.86,16:00,2660.98,session,3.53,0.60,2.93,WIN
2024-10-01,XAUUSD,A,C1,LONG,2635.35,2636.02,2635.85,0.17,0.50,ABOVE,10:05,2636.56,0.25,1.91,0.25,-1.84,2.09,True,10:35,2634.72,16:00,2643.51,session,-10.62,0.60,-11.22,LOSS
2024-10-02,XAUUSD,A,C1,SHORT,2660.74,2660.41,2660.09,0.32,0.32,BELOW,10:05,2659.37,2.98,1.48,2.98,-1.40,4.38,True,11:45,2660.77,16:00,2648.14,session,-14.03,0.60,-14.63,LOSS
2024-10-04,XAUUSD,A,C1,LONG,2655.33,2656.14,2655.89,0.24,0.57,ABOVE,10:05,2656.99,10.88,1.43,,,,False,,,16:00,2667.03,session,10.05,0.30,9.75,WIN
2024-10-08,XAUUSD,A,C1,LONG,2643.31,2644.26,2644.09,0.18,0.78,ABOVE,10:15,2644.83,0.15,1.10,0.15,-0.92,1.07,True,10:25,2643.91,16:00,2642.28,session,0.70,0.60,0.10,WIN
2024-10-09,XAUUSD,A,C1,LONG,2621.70,2622.67,2622.11,0.56,0.42,ABOVE,10:05,2623.09,0.74,1.11,0.74,-1.07,1.81,True,10:55,2622.02,16:00,2619.51,session,1.44,0.60,0.84,WIN
2024-10-10,XAUUSD,A,C1,LONG,2608.30,2608.91,2608.86,0.05,0.56,ABOVE,10:05,2609.12,0.34,0.51,0.34,-0.51,0.85,True,10:35,2608.62,16:00,2614.88,session,-6.76,0.60,-7.36,LOSS
2024-10-15,XAUUSD,A,C1,LONG,2650.11,2650.43,2650.12,0.31,0.01,ABOVE,10:05,2650.66,0.36,1.21,0.36,-1.18,1.54,True,10:40,2649.48,16:00,2642.24,session,6.06,0.60,5.46,WIN
2024-10-16,XAUUSD,A,C1,SHORT,2662.57,2662.28,2662.01,0.27,0.29,BELOW,10:05,2661.70,0.36,0.91,0.36,-0.65,1.01,True,10:40,2662.36,16:00,2667.74,session,4.73,0.60,4.13,WIN
2024-10-17,XAUUSD,A,C1,LONG,2673.43,2673.85,2673.82,0.03,0.39,ABOVE,10:10,2674.01,10.93,0.01,,,,False,,,16:00,2678.91,session,4.90,0.30,4.60,WIN
2024-10-21,XAUUSD,A,C1,LONG,2722.20,2724.07,2723.70,0.37,1.49,ABOVE,10:35,2724.28,0.92,1.60,0.92,-1.59,2.51,True,10:45,2722.69,16:00,2730.11,session,-9.01,0.60,-9.61,LOSS
2024-10-23,XAUUSD,A,C1,SHORT,2747.99,2747.57,2747.41,0.16,0.41,BELOW,10:40,2746.57,8.62,1.52,8.62,-1.48,10.11,True,15:10,2748.05,16:00,2750.20,session,0.68,0.60,0.08,WIN
2024-10-24,XAUUSD,A,C1,LONG,2717.93,2719.30,2718.11,1.18,0.18,ABOVE,10:10,2719.71,7.53,1.78,,,,False,,,16:00,2727.09,session,7.38,0.30,7.08,WIN
2024-10-28,XAUUSD,A,C1,LONG,2732.72,2736.68,2734.66,2.02,1.93,ABOVE,10:05,2737.16,3.16,3.57,3.16,-3.34,6.50,True,11:05,2733.83,16:00,2733.31,session,-2.82,0.60,-3.42,LOSS
2024-10-29,XAUUSD,A,C1,LONG,2741.53,2742.20,2741.66,0.53,0.13,ABOVE,10:10,2742.49,0.36,1.24,0.36,-1.03,1.39,True,10:30,2741.46,16:00,2755.73,session,-15.30,0.60,-15.90,LOSS
2024-10-30,XAUUSD,A,C1,SHORT,2774.93,2774.76,2774.24,0.53,0.17,BELOW,10:05,2773.91,0.38,1.35,0.38,-1.14,1.53,True,10:50,2775.05,16:00,2779.44,session,3.24,0.60,2.64,WIN
2024-10-31,XAUUSD,A,C1,LONG,2786.90,2787.88,2787.51,0.36,0.61,ABOVE,11:15,2787.99,0.28,1.32,0.28,-1.23,1.51,True,11:20,2786.76,16:00,2784.18,session,1.35,0.60,0.75,WIN
2024-11-01,XAUUSD,A,C1,LONG,2745.88,2746.32,2746.18,0.14,0.30,ABOVE,10:05,2746.62,1.32,0.92,1.32,-0.88,2.20,True,11:30,2745.75,16:00,2752.36,session,-7.49,0.60,-8.09,LOSS
2025-03-10,XAUUSD,A,C1,LONG,2911.96,2912.74,2911.99,0.75,0.03,ABOVE,10:05,2912.80,5.59,2.98,5.59,-2.03,7.62,True,13:10,2910.76,16:00,2909.59,session,-0.86,0.60,-1.46,LOSS
2025-03-11,XAUUSD,A,C1,SHORT,2885.36,2885.06,2884.66,0.40,0.30,BELOW,10:15,2884.34,1.91,1.76,1.91,-0.81,2.72,True,11:05,2885.14,16:00,2897.84,session,11.89,0.60,11.29,WIN
2025-03-12,XAUUSD,A,C1,LONG,2915.47,2918.43,2917.79,0.64,2.32,ABOVE,10:05,2919.46,0.30,2.03,0.30,-1.87,2.16,True,10:10,2917.59,16:00,2913.74,session,1.98,0.60,1.38,WIN
2025-03-13,XAUUSD,A,C1,LONG,2937.78,2938.58,2938.22,0.36,0.43,ABOVE,10:35,2938.69,0.20,1.33,0.20,-1.01,1.21,True,10:45,2937.68,16:00,2944.63,session,-7.97,0.60,-8.57,LOSS
2025-03-17,XAUUSD,A,C1,LONG,2989.15,2989.48,2989.18,0.30,0.03,ABOVE,10:05,2989.83,4.41,1.49,4.41,-1.49,5.89,True,11:10,2988.34,16:00,2983.08,session,3.78,0.60,3.18,WIN
2025-03-19,XAUUSD,A,C1,LONG,3034.04,3034.66,3034.53,0.12,0.49,ABOVE,14:10,3034.94,4.11,0.95,,,,False,,,16:00,3037.36,session,2.41,0.30,2.11,WIN
2025-03-21,XAUUSD,A,C1,LONG,3045.11,3045.89,3045.84,0.05,0.72,ABOVE,10:10,3046.07,0.00,0.68,0.00,-0.37,0.37,True,10:15,3045.70,16:00,3029.61,session,15.73,0.60,15.13,WIN
2025-03-25,XAUUSD,A,C1,LONG,3010.17,3011.86,3011.51,0.35,1.34,ABOVE,10:05,3012.09,0.00,0.62,0.00,-0.60,0.60,True,10:10,3011.49,16:00,3017.42,session,-6.53,0.60,-7.13,LOSS
2025-03-26,XAUUSD,A,C1,LONG,3020.82,3021.47,3021.46,0.01,0.64,ABOVE,10:05,3021.55,0.07,0.37,0.07,-0.36,0.43,True,10:10,3021.20,16:00,3015.64,session,5.20,0.60,4.60,WIN
2025-03-27,XAUUSD,A,C1,SHORT,3020.01,3019.55,3018.78,0.76,0.47,BELOW,10:15,3018.77,0.41,1.35,0.41,-1.09,1.51,True,10:20,3019.86,16:00,3033.53,session,12.58,0.60,11.98,WIN
2025-03-28,XAUUSD,A,C1,SHORT,3055.93,3055.16,3054.51,0.65,0.77,BELOW,10:05,3054.34,0.11,0.96,0.11,-0.94,1.05,True,10:40,3055.28,16:00,3074.30,session,18.08,0.60,17.48,WIN
2025-04-03,XAUUSD,A,C1,LONG,3144.70,3148.82,3145.99,2.82,1.30,ABOVE,10:05,3153.24,14.60,10.47,14.60,-10.47,25.07,True,11:15,3142.76,16:00,3140.43,session,-8.14,0.60,-8.74,LOSS
2025-04-07,XAUUSD,A,C1,LONG,2995.82,2999.75,2999.64,0.11,3.82,ABOVE,11:10,3007.05,50.25,2.32,,,,False,,,16:00,3030.14,session,23.09,0.30,22.79,WIN
2025-04-09,XAUUSD,A,C1,LONG,2970.83,2978.57,2977.97,0.61,7.14,ABOVE,10:05,2981.02,6.08,8.61,6.08,-7.58,13.66,True,11:00,2973.44,16:00,3019.12,session,-53.26,0.60,-53.86,LOSS
2025-04-16,XAUUSD,A,C1,LONG,3244.05,3258.99,3251.91,7.07,7.87,ABOVE,10:15,3259.17,32.76,3.16,,,,False,,,16:00,3287.07,session,27.90,0.30,27.60,WIN
2025-04-17,XAUUSD,A,C1,SHORT,3352.01,3350.27,3346.19,4.08,1.74,BELOW,10:05,3344.85,2.84,8.66,2.84,-8.21,11.05,True,11:10,3353.06,16:00,3326.47,session,-34.80,0.60,-35.40,LOSS
2025-04-22,XAUUSD,A,C1,SHORT,3436.39,3434.53,3419.24,15.30,1.86,BELOW,10:05,3418.82,3.45,17.75,3.45,-17.18,20.63,True,11:15,3436.01,16:00,3490.03,session,36.85,0.60,36.25,WIN
2025-04-23,XAUUSD,A,C1,SHORT,3339.34,3338.49,3336.80,1.69,0.84,BELOW,13:10,3336.32,5.30,3.84,5.30,-2.70,8.01,True,13:15,3339.03,16:00,3310.12,session,-31.61,0.60,-32.21,LOSS
2025-04-24,XAUUSD,A,C1,LONG,3314.59,3316.48,3315.23,1.25,0.64,ABOVE,10:05,3317.54,50.14,0.00,,,,False,,,16:00,3325.75,session,8.21,0.30,7.91,WIN
2025-04-25,XAUUSD,A,C1,SHORT,3353.24,3352.45,3348.92,3.53,0.78,BELOW,11:20,3348.74,0.16,4.33,0.16,-4.33,4.49,True,11:25,3353.07,16:00,3297.05,session,-60.35,0.60,-60.95,LOSS
2025-04-28,XAUUSD,A,C1,LONG,3302.11,3308.28,3302.80,5.48,0.69,ABOVE,10:05,3310.82,5.34,9.49,5.34,-8.91,14.25,True,11:15,3301.91,16:00,3292.91,session,0.10,0.60,-0.50,LOSS
2025-04-29,XAUUSD,A,C1,SHORT,3339.34,3337.66,3335.00,2.66,1.67,BELOW,10:20,3334.10,28.96,6.04,,,,False,,,16:00,3310.32,session,23.78,0.30,23.48,WIN
2025-04-30,XAUUSD,A,C1,LONG,3315.81,3321.33,3317.18,4.15,1.37,ABOVE,10:05,3323.45,4.70,7.32,4.70,-7.05,11.75,True,10:35,3316.41,16:00,3310.02,session,-0.66,0.60,-1.26,LOSS
2025-05-01,XAUUSD,A,C1,SHORT,3275.97,3274.68,3273.03,1.64,1.29,BELOW,10:15,3268.74,47.41,0.03,,,,False,,,16:00,3241.14,session,27.59,0.30,27.29,WIN
2025-05-02,XAUUSD,A,C1,LONG,3237.30,3240.12,3237.44,2.68,0.14,ABOVE,10:15,3240.76,3.70,8.87,3.70,-8.09,11.78,True,10:45,3232.68,16:00,3252.94,session,-28.35,0.60,-28.95,LOSS
2025-05-05,XAUUSD,A,C1,SHORT,3250.09,3248.16,3246.58,1.58,1.93,BELOW,10:05,3245.57,4.37,7.78,4.37,-7.75,12.12,True,11:00,3253.32,16:00,3257.63,session,-3.43,0.60,-4.03,LOSS
2025-05-06,XAUUSD,A,C1,SHORT,3334.46,3334.13,3332.28,1.85,0.33,BELOW,10:15,3328.84,6.09,21.59,6.09,-20.95,27.04,True,11:00,3349.80,16:00,3360.53,session,-10.22,0.60,-10.82,LOSS
2025-05-09,XAUUSD,A,C1,LONG,3316.16,3317.84,3316.47,1.37,0.30,ABOVE,10:45,3319.75,3.53,6.40,3.53,-4.05,7.59,True,11:10,3315.70,16:00,3323.17,session,-11.52,0.60,-12.12,LOSS
2025-05-13,XAUUSD,A,C1,SHORT,3237.79,3237.20,3236.86,0.34,0.59,BELOW,10:30,3236.21,2.25,2.12,2.25,-2.05,4.30,True,10:50,3238.26,16:00,3256.28,session,15.97,0.60,15.37,WIN
2025-05-14,XAUUSD,A,C1,SHORT,3254.82,3254.44,3249.14,5.30,0.38,BELOW,10:05,3245.51,23.95,6.39,,,,False,,,16:00,3233.58,session,11.93,0.30,11.63,WIN
2025-05-19,XAUUSD,A,C1,LONG,3227.36,3236.66,3235.03,1.63,7.66,ABOVE,10:05,3243.26,6.59,12.12,6.59,-9.67,16.26,True,11:10,3233.59,16:00,3224.43,session,-0.52,0.60,-1.12,LOSS
2025-05-23,XAUUSD,A,C1,SHORT,3301.55,3300.22,3295.43,4.79,1.33,BELOW,10:50,3295.26,1.36,5.76,1.36,-5.62,6.98,True,10:55,3300.89,16:00,3329.28,session,22.77,0.60,22.17,WIN
2025-05-27,XAUUSD,A,C1,SHORT,3346.44,3346.20,3345.41,0.79,0.24,BELOW,10:20,3344.55,0.72,2.15,0.72,-2.03,2.74,True,10:30,3346.57,16:00,3323.65,session,-24.95,0.60,-25.55,LOSS
2025-05-29,XAUUSD,A,C1,LONG,3259.05,3262.92,3259.93,2.99,0.88,ABOVE,10:35,3264.40,4.88,9.93,4.88,-8.97,13.85,True,11:00,3255.43,16:00,3274.38,session,-27.92,0.60,-28.52,LOSS
2025-05-30,XAUUSD,A,C1,LONG,3314.32,3318.20,3315.57,2.64,1.25,ABOVE,11:15,3319.93,2.99,7.86,2.99,-5.01,8.00,True,11:30,3314.93,16:00,3301.76,session,8.16,0.60,7.56,WIN
2025-06-06,XAUUSD,A,C1,LONG,3361.58,3363.73,3361.91,1.82,0.33,ABOVE,10:10,3363.87,0.29,2.48,0.29,-2.12,2.41,True,10:35,3361.74,16:00,3364.78,session,-5.16,0.60,-5.76,LOSS
2025-06-12,XAUUSD,A,C1,LONG,3362.89,3365.51,3363.60,1.91,0.70,ABOVE,10:15,3366.76,11.13,4.30,,,,False,,,16:00,3374.44,session,7.68,0.30,7.38,WIN
2025-06-13,XAUUSD,A,C1,LONG,3389.91,3400.94,3395.86,5.09,5.94,ABOVE,10:05,3410.93,33.57,10.69,,,,False,,,16:00,3425.84,session,14.92,0.30,14.62,WIN
2025-06-24,XAUUSD,A,C1,SHORT,3347.80,3344.49,3335.88,8.61,3.31,BELOW,15:35,3333.58,6.86,2.64,,,,False,,,16:00,3331.11,session,2.47,0.30,2.17,WIN
2025-06-27,XAUUSD,A,C1,SHORT,3320.43,3318.73,3316.64,2.09,1.70,BELOW,10:15,3316.45,3.15,2.59,3.15,-2.53,5.68,True,10:55,3318.98,16:00,3298.92,session,-22.59,0.60,-23.19,LOSS
2025-06-30,XAUUSD,A,C1,SHORT,3266.78,3266.16,3263.81,2.35,0.62,BELOW,10:35,3263.62,0.32,2.97,0.32,-2.72,3.03,True,10:45,3266.34,16:00,3290.05,session,21.00,0.60,20.40,WIN
2025-07-02,XAUUSD,A,C1,SHORT,3338.40,3338.21,3337.01,1.20,0.19,BELOW,10:35,3336.82,0.84,1.71,0.84,-1.64,2.48,True,10:45,3338.47,16:00,3337.15,session,-2.96,0.60,-3.56,LOSS
2025-07-03,XAUUSD,A,C1,SHORT,3350.63,3349.51,3346.14,3.38,1.12,BELOW,10:05,3345.59,3.58,4.45,3.58,-4.37,7.95,True,12:45,3349.97,16:00,3363.61,session,9.27,0.60,8.67,WIN
2025-07-04,XAUUSD,A,C1,SHORT,3331.84,3330.99,3329.72,1.28,0.85,BELOW,10:05,3327.91,1.98,4.83,1.98,-4.70,6.68,True,11:15,3332.61,16:00,3341.31,session,3.99,0.60,3.39,WIN
2025-07-08,XAUUSD,A,C1,SHORT,3336.58,3336.01,3334.72,1.29,0.57,BELOW,10:15,3333.76,4.02,3.34,4.02,-2.26,6.28,True,12:25,3336.02,16:00,3333.98,session,-4.30,0.60,-4.90,LOSS
2025-07-09,XAUUSD,A,C1,LONG,3300.94,3306.38,3302.36,4.02,1.41,ABOVE,10:55,3307.18,0.13,7.77,0.13,-7.06,7.18,True,11:45,3300.12,16:00,3289.89,session,3.17,0.60,2.57,WIN
2025-07-10,XAUUSD,A,C1,LONG,3317.17,3317.70,3317.24,0.46,0.07,ABOVE,10:05,3319.18,7.21,2.64,7.21,-1.99,9.20,True,13:50,3317.19,16:00,3321.61,session,-6.41,0.60,-7.01,LOSS
2025-07-14,XAUUSD,A,C1,SHORT,3368.28,3367.74,3366.03,1.71,0.54,BELOW,10:05,3365.99,0.90,2.41,0.90,-2.27,3.18,True,10:10,3368.26,16:00,3357.71,session,-12.82,0.60,-13.42,LOSS
2025-07-18,XAUUSD,A,C1,SHORT,3341.64,3340.34,3340.15,0.18,1.30,BELOW,10:05,3339.95,0.27,0.89,0.27,-0.89,1.16,True,10:10,3340.85,16:00,3332.57,session,-9.18,0.60,-9.78,LOSS
2025-07-21,XAUUSD,A,C1,LONG,3347.68,3349.21,3348.79,0.42,1.11,ABOVE,10:05,3349.91,19.80,0.77,,,,False,,,16:00,3366.11,session,16.20,0.30,15.90,WIN
2025-07-25,XAUUSD,A,C1,LONG,3368.64,3369.49,3369.05,0.43,0.41,ABOVE,10:05,3369.99,3.51,1.94,3.51,-1.94,5.45,True,11:15,3368.05,16:00,3359.43,session,6.67,0.60,6.07,WIN
2025-07-28,XAUUSD,A,C1,LONG,3332.43,3334.86,3333.68,1.18,1.25,ABOVE,11:00,3336.39,2.43,5.07,2.43,-4.24,6.67,True,11:55,3332.14,16:00,3341.57,session,-13.67,0.60,-14.27,LOSS
2025-07-30,XAUUSD,A,C1,LONG,3326.95,3330.12,3327.57,2.55,0.62,ABOVE,10:30,3330.39,3.37,5.93,3.37,-5.72,9.09,True,11:35,3324.68,16:00,3325.01,session,-6.05,0.60,-6.65,LOSS
2025-07-31,XAUUSD,A,C1,LONG,3282.11,3287.51,3285.41,2.11,3.30,ABOVE,10:30,3287.57,14.39,2.53,,,,False,,,16:00,3299.69,session,12.12,0.30,11.82,WIN
2025-08-01,XAUUSD,A,C1,SHORT,3290.77,3288.59,3287.82,0.76,2.18,BELOW,10:05,3287.66,1.05,2.46,1.05,-1.14,2.20,True,10:25,3288.81,16:00,3296.95,session,6.99,0.60,6.39,WIN
2025-08-06,XAUUSD,A,C1,LONG,3382.38,3383.38,3383.26,0.12,0.88,ABOVE,10:15,3383.72,1.65,2.74,1.65,-0.84,2.49,True,10:40,3382.88,16:00,3376.38,session,5.66,0.60,5.06,WIN
2025-08-08,XAUUSD,A,C1,SHORT,3400.68,3400.64,3399.68,0.95,0.05,BELOW,10:15,3394.26,13.05,5.33,,,,False,,,16:00,3395.08,session,-0.82,0.30,-1.12,LOSS
2025-08-11,XAUUSD,A,C1,SHORT,3393.76,3391.53,3388.64,2.89,2.23,BELOW,10:10,3387.61,20.06,2.58,,,,False,,,16:00,3374.36,session,13.25,0.30,12.95,WIN
2025-08-12,XAUUSD,A,C1,SHORT,3349.47,3349.12,3349.05,0.07,0.34,BELOW,11:30,3348.94,2.72,1.24,2.72,-1.19,3.91,True,11:35,3350.13,16:00,3351.30,session,-0.03,0.60,-0.63,LOSS
2025-08-13,XAUUSD,A,C1,SHORT,3350.84,3350.64,3349.49,1.16,0.19,BELOW,10:05,3347.21,4.57,4.88,4.57,-3.76,8.33,True,11:55,3350.97,16:00,3351.57,session,-3.16,0.60,-3.76,LOSS
2025-08-14,XAUUSD,A,C1,LONG,3362.90,3365.51,3362.95,2.57,0.05,ABOVE,10:05,3367.36,7.45,4.52,7.45,-4.49,11.94,True,12:55,3362.86,16:00,3356.74,session,1.62,0.60,1.02,WIN
2025-08-20,XAUUSD,A,C1,SHORT,3315.20,3314.41,3313.88,0.53,0.79,BELOW,10:10,3313.84,1.03,1.97,1.03,-1.91,2.94,True,10:45,3315.76,16:00,3324.66,session,6.99,0.60,6.39,WIN
2025-08-22,XAUUSD,A,C1,SHORT,3339.24,3338.52,3337.07,1.45,0.72,BELOW,10:10,3336.62,1.43,2.64,1.43,-2.59,4.03,True,10:30,3339.21,16:00,3328.51,session,-13.30,0.60,-13.90,LOSS
2025-08-25,XAUUSD,A,C1,SHORT,3369.32,3369.14,3366.11,3.03,0.18,BELOW,10:05,3365.39,5.61,2.84,,,,False,,,16:00,3366.51,session,-1.12,0.30,-1.42,LOSS
2025-08-26,XAUUSD,A,C1,LONG,3352.93,3357.05,3354.99,2.07,2.06,ABOVE,10:05,3360.18,26.51,0.60,,,,False,,,16:00,3375.76,session,15.58,0.30,15.28,WIN
2025-08-27,XAUUSD,A,C1,SHORT,3391.19,3390.93,3390.89,0.04,0.26,BELOW,10:30,3389.80,0.82,1.59,0.82,-1.38,2.20,True,10:50,3391.18,16:00,3378.44,session,-14.12,0.60,-14.72,LOSS
2025-09-04,XAUUSD,A,C1,LONG,3557.99,3560.55,3558.72,1.84,0.73,ABOVE,10:55,3561.57,1.90,5.99,1.90,-5.50,7.40,True,11:15,3556.07,16:00,3527.32,session,23.26,0.60,22.66,WIN
2025-09-05,XAUUSD,A,C1,LONG,3552.51,3554.72,3552.76,1.96,0.26,ABOVE,11:20,3554.86,1.25,3.84,1.25,-3.70,4.95,True,11:45,3551.15,16:00,3556.62,session,-9.17,0.60,-9.77,LOSS
2025-09-08,XAUUSD,A,C1,SHORT,3591.61,3591.21,3587.72,3.49,0.39,BELOW,11:05,3587.55,2.65,7.03,2.65,-3.68,6.33,True,12:00,3591.24,16:00,3590.55,session,-4.37,0.60,-4.97,LOSS
2025-09-09,XAUUSD,A,C1,LONG,3632.22,3635.04,3634.97,0.07,2.76,ABOVE,10:10,3637.21,22.23,1.05,,,,False,,,16:00,3650.64,session,13.44,0.30,13.14,WIN
2025-09-10,XAUUSD,A,C1,SHORT,3636.57,3633.70,3631.41,2.29,2.87,BELOW,10:10,3630.47,10.33,5.18,10.33,-3.77,14.10,True,12:10,3634.24,16:00,3641.52,session,3.51,0.60,2.91,WIN
2025-09-11,XAUUSD,A,C1,LONG,3644.36,3645.86,3645.01,0.86,0.65,ABOVE,10:10,3646.68,0.58,2.28,0.58,-2.22,2.80,True,10:30,3644.45,16:00,3626.55,session,15.68,0.60,15.08,WIN
2025-09-17,XAUUSD,A,C1,LONG,3693.01,3694.48,3693.39,1.09,0.39,ABOVE,10:05,3694.95,0.57,2.39,0.57,-1.74,2.32,True,10:30,3693.20,16:00,3678.32,session,13.14,0.60,12.54,WIN
2025-09-18,XAUUSD,A,C1,SHORT,3669.78,3669.05,3667.01,2.05,0.73,BELOW,10:05,3663.97,20.03,4.94,,,,False,,,16:00,3644.21,session,19.76,0.30,19.46,WIN
2025-09-19,XAUUSD,A,C1,LONG,3638.59,3641.90,3640.20,1.70,1.61,ABOVE,11:00,3644.12,7.28,11.74,7.28,-4.13,11.41,True,11:55,3639.99,16:00,3652.38,session,-16.52,0.60,-17.12,LOSS
2025-09-23,XAUUSD,A,C1,SHORT,3748.79,3748.42,3747.78,0.64,0.37,BELOW,10:10,3746.82,1.78,2.38,1.78,-2.26,4.04,True,10:25,3749.07,16:00,3753.26,session,1.93,0.60,1.33,WIN
2025-09-26,XAUUSD,A,C1,LONG,3744.76,3747.22,3744.78,2.44,0.01,ABOVE,10:50,3747.66,5.65,3.85,5.65,-3.79,9.45,True,11:10,3743.86,16:00,3744.24,session,-4.17,0.60,-4.77,LOSS
2025-09-30,XAUUSD,A,C1,LONG,3830.05,3835.79,3832.97,2.82,2.91,ABOVE,10:10,3838.67,31.87,3.96,,,,False,,,16:00,3868.25,session,29.58,0.30,29.28,WIN
2025-10-01,XAUUSD,A,C1,LONG,3862.58,3864.60,3863.05,1.55,0.47,ABOVE,10:10,3865.14,0.24,3.87,0.24,-3.87,4.11,True,10:25,3861.26,16:00,3861.91,session,-4.52,0.60,-5.12,LOSS
2025-10-02,XAUUSD,A,C1,LONG,3862.32,3863.49,3862.49,1.01,0.17,ABOVE,11:20,3864.45,3.16,2.91,3.16,-2.63,5.79,True,12:00,3861.82,16:00,3869.70,session,-10.52,0.60,-11.12,LOSS
2025-10-03,XAUUSD,A,C1,SHORT,3862.87,3862.27,3860.32,1.95,0.60,BELOW,10:05,3860.14,22.07,2.68,,,,False,,,16:00,3852.65,session,7.49,0.30,7.19,WIN
2025-10-06,XAUUSD,A,C1,LONG,3894.26,3918.51,3899.41,19.11,5.15,ABOVE,13:00,3922.18,18.65,3.29,,,,False,,,16:00,3939.68,session,17.51,0.30,17.21,WIN
2025-10-07,XAUUSD,A,C1,LONG,3961.57,3964.53,3963.55,0.99,1.97,ABOVE,10:15,3966.99,10.41,5.55,10.41,-4.18,14.59,True,11:55,3962.81,16:00,3972.43,session,-13.80,0.60,-14.40,LOSS
2025-10-08,XAUUSD,A,C1,LONG,3987.53,3990.64,3989.59,1.05,2.07,ABOVE,10:15,3991.93,0.00,3.34,0.00,-2.88,2.88,True,10:25,3989.05,16:00,4026.62,session,-40.45,0.60,-41.05,LOSS
2025-10-09,XAUUSD,A,C1,SHORT,4022.09,4021.51,4014.14,7.37,0.57,BELOW,10:25,4013.95,12.62,8.51,12.62,-7.86,20.47,True,11:15,4021.80,16:00,4038.07,session,8.40,0.60,7.80,WIN
2025-10-10,XAUUSD,A,C1,SHORT,3977.20,3975.81,3975.34,0.47,1.39,BELOW,10:05,3975.11,0.55,2.27,0.55,-1.98,2.53,True,10:15,3977.09,16:00,3967.93,session,-11.14,0.60,-11.74,LOSS
2025-10-13,XAUUSD,A,C1,LONG,4036.67,4050.49,4042.49,8.00,5.82,ABOVE,10:05,4059.84,0.11,19.34,0.11,-18.03,18.13,True,10:30,4041.82,16:00,4061.55,session,-37.76,0.60,-38.36,LOSS
2025-10-14,XAUUSD,A,C1,LONG,4111.95,4115.22,4115.02,0.20,3.06,ABOVE,10:05,4115.50,1.61,1.68,1.61,-0.65,2.27,True,10:10,4114.85,16:00,4169.50,session,-55.31,0.60,-55.91,LOSS
2025-10-15,XAUUSD,A,C1,SHORT,4161.02,4158.73,4158.47,0.26,2.30,BELOW,11:25,4156.14,1.03,9.19,1.03,-8.51,9.53,True,11:35,4164.65,16:00,4179.31,session,6.16,0.60,5.56,WIN
2025-10-17,XAUUSD,A,C1,SHORT,4357.89,4349.93,4346.97,2.96,7.96,BELOW,12:15,4337.00,58.32,15.47,58.32,-15.23,73.55,True,14:05,4352.23,16:00,4368.76,session,1.31,0.60,0.71,WIN
2025-10-20,XAUUSD,A,C1,SHORT,4262.23,4255.99,4254.83,1.16,6.24,BELOW,10:05,4252.59,33.48,12.39,33.48,-10.35,43.82,True,12:25,4262.94,16:00,4265.10,session,-8.18,0.60,-8.78,LOSS
2025-10-22,XAUUSD,A,C1,SHORT,4124.93,4123.50,4119.80,3.70,1.43,BELOW,10:10,4117.15,2.63,10.17,2.63,-6.73,9.36,True,10:25,4123.88,16:00,4133.36,session,2.75,0.60,2.15,WIN
2025-10-27,XAUUSD,A,C1,LONG,4078.47,4083.22,4081.91,1.31,3.44,ABOVE,10:05,4085.41,1.65,6.96,1.65,-4.91,6.55,True,10:20,4080.50,16:00,4072.28,session,3.32,0.60,2.72,WIN
2025-10-28,XAUUSD,A,C1,SHORT,3990.21,3990.09,3987.18,2.92,0.12,BELOW,10:05,3985.70,2.45,7.41,2.45,-6.41,8.86,True,10:15,3992.11,16:00,3973.37,session,-25.15,0.60,-25.75,LOSS
2025-10-30,XAUUSD,A,C1,SHORT,3946.38,3942.84,3941.46,1.38,3.54,BELOW,13:00,3937.55,22.03,6.28,22.03,-5.89,27.93,True,15:10,3943.45,16:00,3971.40,session,22.06,0.60,21.46,WIN
2025-10-31,XAUUSD,A,C1,LONG,4028.78,4037.72,4032.20,5.53,3.42,ABOVE,10:45,4040.51,2.74,11.58,2.74,-8.95,11.69,True,11:05,4031.56,16:00,4000.71,session,21.90,0.60,21.30,WIN
2026-03-10,XAUUSD,A,C1,LONG,5142.04,5152.90,5142.65,10.26,0.61,ABOVE,10:15,5154.59,1.09,18.41,1.09,-17.16,18.25,True,10:40,5137.43,16:00,5168.64,session,-48.37,0.60,-48.97,LOSS
2026-03-12,XAUUSD,A,C1,SHORT,5168.32,5147.68,5138.59,9.09,20.64,BELOW,10:55,5134.60,8.95,14.57,8.95,-14.48,23.43,True,11:20,5149.08,16:00,5145.12,session,-18.44,0.60,-19.04,LOSS
2026-03-13,XAUUSD,A,C1,LONG,5088.42,5096.10,5093.23,2.87,4.81,ABOVE,10:20,5096.73,31.75,4.60,,,,False,,,16:00,5104.38,session,7.65,0.30,7.35,WIN
2026-03-16,XAUUSD,A,C1,LONG,5020.97,5024.46,5021.85,2.61,0.88,ABOVE,11:30,5030.37,0.00,18.68,0.00,-12.93,12.93,True,12:00,5017.44,16:00,5013.93,session,-9.43,0.60,-10.03,LOSS
2026-03-17,XAUUSD,A,C1,SHORT,5005.76,5005.59,5002.43,3.16,0.16,BELOW,11:30,5002.31,7.10,7.05,7.10,-6.97,14.06,True,12:05,5009.28,16:00,5035.57,session,19.32,0.60,18.72,WIN
2026-03-20,XAUUSD,A,C1,SHORT,4645.99,4644.15,4636.48,7.67,1.84,BELOW,10:40,4635.86,0.23,9.31,0.23,-8.90,9.12,True,10:45,4644.76,16:00,4712.33,session,58.67,0.60,58.07,WIN
2026-03-23,XAUUSD,A,C1,SHORT,4506.35,4499.27,4498.59,0.68,7.08,BELOW,10:05,4495.03,175.08,4.69,,,,False,,,16:00,4372.78,session,122.25,0.30,121.95,WIN
2026-03-24,XAUUSD,A,C1,LONG,4412.40,4426.83,4426.36,0.47,13.96,ABOVE,10:05,4432.77,15.45,12.43,15.45,-10.75,26.20,True,11:10,4422.02,16:00,4328.04,session,83.23,0.60,82.63,WIN
2026-03-26,XAUUSD,A,C1,SHORT,4518.37,4517.93,4504.42,13.51,0.44,BELOW,10:20,4503.36,14.28,24.47,14.28,-24.47,38.76,True,11:10,4527.83,16:00,4518.47,session,-33.83,0.60,-34.43,LOSS
2026-03-31,XAUUSD,A,C1,SHORT,4512.37,4510.50,4502.80,7.70,1.87,BELOW,10:05,4495.35,2.53,20.26,2.53,-16.13,18.66,True,10:35,4511.48,16:00,4569.26,session,41.64,0.60,41.04,WIN
2026-04-01,XAUUSD,A,C1,LONG,4671.27,4681.23,4677.03,4.20,5.76,ABOVE,10:25,4682.22,42.15,6.56,42.15,-5.28,47.43,True,15:00,4676.94,16:00,4676.09,session,-4.43,0.60,-5.03,LOSS
2026-04-02,XAUUSD,A,C1,SHORT,4780.38,4778.79,4776.90,1.89,1.59,BELOW,12:00,4743.60,94.12,21.45,,,,False,,,16:00,4672.63,session,70.97,0.30,70.67,WIN
2026-04-09,XAUUSD,A,C1,SHORT,4717.78,4715.88,4705.78,10.10,1.90,BELOW,10:05,4700.86,1.68,17.70,1.68,-17.61,19.29,True,10:40,4718.48,16:00,4721.77,session,-14.33,0.60,-14.93,LOSS
2026-04-13,XAUUSD,A,C1,LONG,4660.18,4671.87,4668.49,3.38,8.31,ABOVE,10:10,4672.47,58.34,3.31,,,,False,,,16:00,4726.26,session,53.80,0.30,53.50,WIN
2026-04-15,XAUUSD,A,C1,SHORT,4841.73,4838.40,4837.38,1.03,3.32,BELOW,10:05,4834.86,7.57,6.05,7.57,-5.89,13.46,True,11:05,4840.74,16:00,4821.26,session,-25.37,0.60,-25.97,LOSS
2026-04-17,XAUUSD,A,C1,SHORT,4794.14,4791.63,4788.39,3.24,2.51,BELOW,11:05,4783.69,15.85,8.89,15.85,-8.28,24.13,True,12:00,4791.98,16:00,4793.61,session,-6.64,0.60,-7.24,LOSS
2026-04-20,XAUUSD,A,C1,LONG,4744.02,4755.28,4749.81,5.47,5.79,ABOVE,10:15,4758.36,56.10,1.49,,,,False,,,16:00,4790.71,session,32.35,0.30,32.05,WIN
2026-04-21,XAUUSD,A,C1,LONG,4821.12,4824.62,4822.45,2.18,1.32,ABOVE,10:05,4828.48,2.38,8.70,2.38,-8.35,10.73,True,10:25,4820.12,16:00,4782.82,session,28.95,0.60,28.35,WIN
2026-04-22,XAUUSD,A,C1,LONG,4738.14,4743.28,4738.40,4.88,0.26,ABOVE,10:05,4744.44,27.55,8.55,,,,False,,,16:00,4759.26,session,14.81,0.30,14.51,WIN
2026-04-23,XAUUSD,A,C1,SHORT,4728.12,4728.04,4721.46,6.58,0.09,BELOW,10:05,4715.50,21.36,26.81,21.36,-25.90,47.26,True,10:25,4741.40,16:00,4714.82,session,-52.48,0.60,-53.08,LOSS
2026-04-24,XAUUSD,A,C1,SHORT,4696.72,4696.12,4691.84,4.28,0.60,BELOW,11:40,4690.93,0.61,6.37,0.61,-6.34,6.95,True,11:45,4697.27,16:00,4683.48,session,-20.12,0.60,-20.72,LOSS
2026-04-27,XAUUSD,A,C1,SHORT,4680.88,4680.45,4678.90,1.55,0.43,BELOW,10:05,4675.74,0.00,6.76,0.00,-5.16,5.16,True,10:25,4680.91,16:00,4711.28,session,25.21,0.60,24.61,WIN
2026-04-29,XAUUSD,A,C1,LONG,4589.43,4606.59,4595.11,11.48,5.68,ABOVE,10:05,4608.43,1.94,28.25,1.94,-26.05,27.98,True,11:00,4582.39,16:00,4597.10,session,-40.76,0.60,-41.36,LOSS
2026-04-30,XAUUSD,A,C1,LONG,4558.00,4561.73,4559.25,2.48,1.25,ABOVE,10:05,4562.07,1.10,4.25,1.10,-4.09,5.18,True,10:10,4557.99,16:00,4562.06,session,-8.15,0.60,-8.75,LOSS
2026-05-01,XAUUSD,A,C1,SHORT,4631.59,4628.10,4626.90,1.20,3.49,BELOW,10:10,4622.71,8.51,11.99,8.51,-8.12,16.64,True,12:10,4630.84,16:00,4605.51,session,-33.45,0.60,-34.05,LOSS
2026-05-04,XAUUSD,A,C1,SHORT,4614.57,4613.97,4608.76,5.21,0.60,BELOW,10:15,4607.82,16.54,10.99,16.54,-7.49,24.03,True,13:55,4615.31,16:00,4594.27,session,-28.54,0.60,-29.14,LOSS
2026-05-08,XAUUSD,A,C1,LONG,4700.99,4705.08,4703.33,1.75,2.34,ABOVE,10:05,4707.80,1.81,6.12,1.81,-4.93,6.74,True,10:10,4702.87,16:00,4728.36,session,-30.42,0.60,-31.02,LOSS
2026-05-11,XAUUSD,A,C1,SHORT,4698.44,4691.84,4687.49,4.35,6.60,BELOW,10:05,4686.12,10.11,7.23,10.11,-6.90,17.01,True,10:30,4693.03,16:00,4659.81,session,-40.12,0.60,-40.72,LOSS
2026-05-12,XAUUSD,A,C1,LONG,4760.11,4767.51,4764.78,2.73,4.67,ABOVE,10:05,4768.32,5.24,15.06,5.24,-8.36,13.60,True,10:20,4759.96,16:00,4707.04,session,44.56,0.60,43.96,WIN
2026-05-15,XAUUSD,A,C1,SHORT,4654.60,4652.24,4649.57,2.67,2.36,BELOW,10:20,4644.84,88.31,0.03,,,,False,,,16:00,4563.88,session,80.96,0.30,80.66,WIN
2026-05-18,XAUUSD,A,C1,SHORT,4538.22,4537.70,4531.07,6.63,0.52,BELOW,10:05,4523.84,43.24,16.84,43.24,-14.60,57.83,True,12:35,4538.44,16:00,4535.48,session,-17.55,0.60,-18.15,LOSS
2026-05-19,XAUUSD,A,C1,SHORT,4583.27,4582.30,4579.24,3.06,0.98,BELOW,10:10,4578.95,47.65,6.93,,,,False,,,16:00,4539.48,session,39.47,0.30,39.17,WIN
2026-05-20,XAUUSD,A,C1,SHORT,4493.62,4489.23,4486.23,3.00,4.39,BELOW,10:05,4484.35,2.70,7.27,2.70,-7.10,9.81,True,10:20,4491.45,16:00,4473.02,session,-25.53,0.60,-26.13,LOSS
2026-05-25,XAUUSD,A,C1,SHORT,4577.05,4568.98,4567.30,1.68,8.07,BELOW,11:05,4562.15,0.30,11.14,0.30,-9.53,9.84,True,11:20,4571.69,16:00,4553.15,session,-28.07,0.60,-28.67,LOSS
2026-05-27,XAUUSD,A,C1,SHORT,4521.24,4521.03,4519.39,1.64,0.21,BELOW,10:20,4516.35,24.44,5.89,,,,False,,,16:00,4495.06,session,21.29,0.30,20.99,WIN
2026-05-29,XAUUSD,A,C1,LONG,4490.48,4495.02,4494.76,0.27,4.28,ABOVE,10:10,4497.71,2.97,4.27,2.97,-3.34,6.31,True,10:35,4494.37,16:00,4519.11,session,-28.09,0.60,-28.69,LOSS
2026-06-02,XAUUSD,A,C1,LONG,4480.94,4484.68,4484.49,0.19,3.56,ABOVE,10:15,4485.38,11.76,4.54,11.76,-3.91,15.66,True,10:45,4481.47,16:00,4520.76,session,-43.20,0.60,-43.80,LOSS
2026-06-03,XAUUSD,A,C1,LONG,4471.72,4478.80,4474.40,4.39,2.68,ABOVE,10:20,4479.04,17.85,5.47,17.85,-5.18,23.03,True,11:00,4473.86,16:00,4467.08,session,1.60,0.60,1.00,WIN
2026-06-05,XAUUSD,A,C1,SHORT,4464.32,4462.55,4461.27,1.28,1.77,BELOW,10:10,4455.54,4.73,11.48,4.73,-8.78,13.51,True,10:35,4464.32,16:00,4437.66,session,-35.44,0.60,-36.04,LOSS
2026-06-08,XAUUSD,A,C1,LONG,4342.26,4345.49,4343.13,2.36,0.88,ABOVE,10:05,4345.71,7.68,5.61,7.68,-3.01,10.68,True,10:45,4342.70,16:00,4303.82,session,35.88,0.60,35.28,WIN
2026-06-09,XAUUSD,A,C1,LONG,4314.18,4317.94,4317.43,0.51,3.24,ABOVE,10:05,4318.61,5.11,1.89,5.11,-1.77,6.88,True,10:25,4316.85,16:00,4344.61,session,-29.53,0.60,-30.13,LOSS
2026-06-10,XAUUSD,A,C1,LONG,4213.26,4221.75,4220.14,1.61,6.88,ABOVE,10:05,4225.39,2.67,9.19,2.67,-7.82,10.49,True,10:25,4217.57,16:00,4210.85,session,-1.10,0.60,-1.70,LOSS
2026-06-11,XAUUSD,A,C1,SHORT,4049.63,4048.04,4043.34,4.70,1.59,BELOW,10:05,4042.78,7.28,12.63,7.28,-8.91,16.19,True,10:10,4051.69,16:00,4088.82,session,28.22,0.60,27.62,WIN
2026-06-15,XAUUSD,A,C1,LONG,4293.86,4294.31,4293.95,0.36,0.09,ABOVE,10:05,4296.52,11.49,5.13,11.49,-4.31,15.80,True,10:55,4292.21,16:00,4311.78,session,-23.88,0.60,-24.48,LOSS
2026-06-16,XAUUSD,A,C1,SHORT,4316.94,4315.37,4315.22,0.15,1.57,BELOW,10:10,4313.37,6.77,7.13,6.77,-5.52,12.29,True,10:55,4318.89,16:00,4317.09,session,-7.32,0.60,-7.92,LOSS
2026-06-18,XAUUSD,A,C1,LONG,4273.33,4291.90,4277.87,14.03,4.54,ABOVE,10:05,4292.86,36.71,0.81,,,,False,,,16:00,4307.01,session,14.15,0.30,13.85,WIN
2026-06-22,XAUUSD,A,C1,LONG,4137.18,4146.70,4140.26,6.44,3.08,ABOVE,10:05,4148.46,72.28,1.46,,,,False,,,16:00,4191.26,session,42.80,0.30,42.50,WIN
2026-06-23,XAUUSD,A,C1,SHORT,4190.48,4188.98,4187.32,1.66,1.50,BELOW,10:05,4184.05,5.97,9.20,5.97,-8.31,14.28,True,10:40,4192.36,16:00,4122.78,session,-77.89,0.60,-78.49,LOSS
2026-06-24,XAUUSD,A,C1,LONG,4095.26,4102.11,4099.23,2.88,3.97,ABOVE,10:05,4109.81,1.31,13.91,1.31,-13.90,15.21,True,10:20,4095.91,16:00,4077.52,session,4.49,0.60,3.89,WIN
2026-06-25,XAUUSD,A,C1,LONG,4010.60,4013.05,4013.04,0.01,2.44,ABOVE,10:05,4014.72,1.33,11.20,1.33,-9.63,10.96,True,10:10,4005.09,16:00,3986.53,session,8.93,0.60,8.33,WIN
2026-06-26,XAUUSD,A,C1,SHORT,4017.53,4014.22,4012.06,2.16,3.31,BELOW,12:15,4008.88,26.27,6.17,26.27,-6.17,32.44,True,15:10,4015.05,16:00,4007.58,session,-13.64,0.60,-14.24,LOSS
2026-06-29,XAUUSD,A,C1,LONG,4061.51,4062.84,4062.08,0.76,0.57,ABOVE,10:40,4069.12,5.30,10.96,5.30,-7.57,12.87,True,11:05,4061.55,16:00,4058.45,session,-4.47,0.60,-5.07,LOSS
2026-06-30,XAUUSD,A,C1,SHORT,4016.53,4014.07,4008.32,5.75,2.46,BELOW,10:05,4004.48,62.15,9.15,,,,False,,,16:00,3984.22,session,20.26,0.30,19.96,WIN
2026-07-01,XAUUSD,A,C1,SHORT,4007.16,4006.81,4005.83,0.98,0.35,BELOW,10:15,4002.15,32.35,4.42,,,,False,,,16:00,3974.54,session,27.61,0.30,27.31,WIN
2026-07-07,XAUUSD,A,C1,SHORT,4163.27,4156.94,4156.07,0.87,6.33,BELOW,10:10,4155.70,3.92,4.69,3.92,-2.78,6.70,True,10:20,4158.48,16:00,4126.38,session,-34.88,0.60,-35.48,LOSS
2026-07-09,XAUUSD,A,C1,LONG,4072.66,4080.31,4075.92,4.39,3.26,ABOVE,10:10,4087.25,2.47,17.23,2.47,-16.57,19.04,True,10:50,4070.68,16:00,4092.42,session,-38.31,0.60,-38.91,LOSS
2026-07-10,XAUUSD,A,C1,SHORT,4124.00,4123.61,4123.17,0.44,0.39,BELOW,10:05,4122.57,8.41,3.07,8.41,-1.66,10.07,True,10:45,4124.23,16:00,4117.27,session,-8.62,0.60,-9.22,LOSS
2026-07-13,XAUUSD,A,C1,LONG,4078.54,4084.86,4083.72,1.14,5.18,ABOVE,10:05,4088.42,2.45,8.47,2.45,-6.09,8.54,True,10:15,4082.33,16:00,4050.72,session,25.52,0.60,24.92,WIN
2026-07-15,XAUUSD,A,C1,LONG,4052.72,4054.86,4053.31,1.55,0.59,ABOVE,10:20,4055.29,6.51,8.19,6.51,-4.49,11.00,True,11:30,4050.80,16:00,4030.88,session,15.43,0.60,14.83,WIN
2026-07-16,XAUUSD,A,C1,SHORT,4058.38,4058.04,4057.54,0.50,0.34,BELOW,10:05,4055.15,0.56,5.07,0.56,-3.27,3.83,True,10:20,4058.42,16:00,4030.86,session,-30.83,0.60,-31.43,LOSS
2026-07-17,XAUUSD,A,C1,LONG,3978.25,3985.96,3984.68,1.28,6.43,ABOVE,10:15,3987.80,2.37,7.28,2.37,-6.55,8.92,True,10:30,3981.25,16:00,3991.81,session,-17.11,0.60,-17.71,LOSS
2026-07-22,XAUUSD,A,C1,LONG,4080.68,4082.46,4080.73,1.73,0.05,ABOVE,10:05,4087.86,53.66,0.54,,,,False,,,16:00,4133.99,session,46.13,0.30,45.83,WIN
2026-07-23,XAUUSD,A,C1,LONG,4129.37,4133.98,4130.46,3.52,1.09,ABOVE,11:10,4134.12,7.03,11.53,7.03,-11.36,18.39,True,11:35,4122.76,16:00,4123.80,session,-12.40,0.60,-13.00,LOSS
2026-07-24,XAUUSD,A,C1,SHORT,4048.48,4047.20,4047.13,0.07,1.28,BELOW,10:05,4045.43,4.35,4.46,4.35,-3.13,7.48,True,10:35,4048.56,16:00,4025.03,session,-26.66,0.60,-27.26,LOSS
2026-07-30,XAUUSD,A,C1,SHORT,4090.98,4084.36,4080.41,3.95,6.62,BELOW,10:15,4077.15,12.41,12.27,12.41,-11.74,24.15,True,11:00,4088.89,16:00,4038.01,session,-62.62,0.60,-63.22,LOSS
2026-07-31,XAUUSD,A,C1,SHORT,4108.32,4105.98,4104.58,1.40,2.34,BELOW,10:05,4102.75,30.94,0.94,,,,False,,,16:00,4077.87,session,24.88,0.30,24.58,WIN
2026-08-04,XAUUSD,A,C1,LONG,4051.62,4059.45,4053.37,6.08,1.75,ABOVE,10:05,4067.17,1.73,18.88,1.73,-17.95,19.68,True,10:55,4049.22,16:00,4064.02,session,-32.75,0.60,-33.35,LOSS
2026-08-05,XAUUSD,A,C1,LONG,4071.57,4073.04,4072.68,0.36,1.11,ABOVE,10:15,4074.68,98.05,1.02,,,,False,,,16:00,4162.08,session,87.40,0.30,87.10,WIN
2026-08-07,XAUUSD,A,C1,LONG,4248.29,4251.85,4249.45,2.40,1.16,ABOVE,11:40,4256.56,26.27,9.74,,,,False,,,16:00,4282.30,session,25.74,0.30,25.44,WIN
2026-08-10,XAUUSD,A,C1,SHORT,4341.77,4340.29,4332.78,7.51,1.48,BELOW,10:55,4332.00,18.86,9.59,18.86,-9.05,27.91,True,15:35,4341.05,16:00,4342.37,session,-7.73,0.60,-8.33,LOSS
2026-08-11,XAUUSD,A,C1,LONG,4397.54,4404.11,4402.48,1.63,4.94,ABOVE,10:05,4406.14,13.02,12.77,13.02,-5.97,18.99,True,11:00,4400.17,16:00,4379.37,session,14.83,0.60,14.23,WIN
2026-08-12,XAUUSD,A,C1,LONG,4368.54,4371.40,4368.56,2.84,0.02,ABOVE,10:10,4377.76,38.27,3.92,,,,False,,,16:00,4388.00,session,10.24,0.30,9.94,WIN
2026-08-13,XAUUSD,A,C1,LONG,4408.39,4415.99,4414.44,1.55,6.05,ABOVE,10:05,4420.74,28.75,10.51,28.75,-8.24,36.99,True,11:45,4412.50,16:00,4377.79,session,26.47,0.60,25.87,WIN
2026-08-14,XAUUSD,A,C1,SHORT,4361.43,4359.80,4356.04,3.76,1.63,BELOW,10:10,4351.81,40.99,0.02,,,,False,,,16:00,4335.69,session,16.12,0.30,15.82,WIN
2022-08-18,XAUUSD,A,C2,LONG,1764.85,1765.66,1764.99,0.67,0.14,ABOVE,10:05,1765.80,0.06,1.07,0.06,-0.82,0.88,True,10:10,1764.98,10:10,1764.98,flip,-0.82,0.30,-1.12,LOSS
2022-08-19,XAUUSD,A,C2,SHORT,1758.59,1758.42,1758.10,0.32,0.17,BELOW,10:05,1756.74,4.92,1.06,,,,False,,,16:00,1755.15,session,1.59,0.30,1.29,WIN
2022-08-22,XAUUSD,A,C2,SHORT,1746.26,1745.74,1745.58,0.16,0.51,BELOW,10:20,1745.40,0.38,0.66,0.38,-0.57,0.95,True,10:30,1745.97,10:30,1745.97,flip,-0.57,0.30,-0.87,LOSS
2022-08-24,XAUUSD,A,C2,LONG,1745.85,1747.20,1746.09,1.12,0.24,ABOVE,10:05,1747.71,0.11,1.72,0.11,-1.65,1.75,True,10:20,1746.07,10:20,1746.07,flip,-1.65,0.30,-1.95,LOSS
2022-08-29,XAUUSD,A,C2,SHORT,1734.94,1734.90,1734.74,0.16,0.04,BELOW,10:05,1734.70,0.16,0.85,0.16,-0.36,0.53,True,10:10,1735.07,10:10,1735.07,flip,-0.36,0.30,-0.66,LOSS
2022-08-30,XAUUSD,A,C2,LONG,1738.64,1739.78,1739.62,0.16,0.97,ABOVE,10:05,1739.95,0.25,0.56,0.25,-0.45,0.70,True,10:10,1739.50,10:10,1739.50,flip,-0.45,0.30,-0.75,LOSS
2022-09-07,XAUUSD,A,C2,SHORT,1703.67,1703.63,1702.77,0.87,0.04,BELOW,10:10,1702.49,11.03,0.00,,,,False,,,16:00,1694.62,session,7.87,0.30,7.57,WIN
2022-09-14,XAUUSD,A,C2,SHORT,1702.77,1702.27,1701.67,0.60,0.50,BELOW,10:15,1701.39,4.07,1.22,4.07,-0.97,5.03,True,12:10,1702.36,12:10,1702.36,flip,-0.97,0.30,-1.27,LOSS
2022-09-15,XAUUSD,A,C2,SHORT,1698.05,1697.62,1696.98,0.64,0.43,BELOW,10:05,1696.85,0.62,1.03,0.62,-0.98,1.60,True,10:25,1697.83,10:25,1697.83,flip,-0.98,0.30,-1.28,LOSS
2022-09-19,XAUUSD,A,C2,SHORT,1679.20,1677.99,1677.86,0.13,1.21,BELOW,10:15,1677.49,0.22,0.97,0.22,-0.89,1.11,True,10:20,1678.38,10:20,1678.38,flip,-0.89,0.30,-1.19,LOSS
2022-09-20,XAUUSD,A,C2,LONG,1675.04,1678.46,1675.82,2.65,0.78,ABOVE,10:05,1679.40,0.00,4.27,0.00,-4.22,4.22,True,11:00,1675.18,11:00,1675.18,flip,-4.22,0.30,-4.52,LOSS
2022-09-23,XAUUSD,A,C2,LONG,1672.28,1673.42,1672.83,0.60,0.55,ABOVE,10:35,1673.56,2.36,1.37,2.36,-0.97,3.33,True,11:30,1672.59,11:30,1672.59,flip,-0.97,0.30,-1.27,LOSS
2022-09-26,XAUUSD,A,C2,LONG,1642.96,1645.35,1644.12,1.22,1.16,ABOVE,10:05,1645.37,0.24,1.30,0.24,-1.26,1.50,True,10:10,1644.11,10:10,1644.11,flip,-1.26,0.30,-1.56,LOSS
2022-09-27,XAUUSD,A,C2,LONG,1626.84,1628.52,1627.66,0.86,0.82,ABOVE,10:05,1629.54,6.89,0.93,,,,False,,,16:00,1635.63,session,6.10,0.30,5.80,WIN
2022-09-28,XAUUSD,A,C2,LONG,1628.95,1629.46,1628.99,0.47,0.04,ABOVE,10:10,1629.79,0.87,0.88,0.87,-0.88,1.74,True,10:25,1628.91,10:25,1628.91,flip,-0.88,0.30,-1.18,LOSS
2022-09-29,XAUUSD,A,C2,SHORT,1656.88,1656.23,1655.82,0.41,0.65,BELOW,10:05,1655.41,2.47,2.03,2.47,-1.88,4.36,True,11:05,1657.30,11:05,1657.30,flip,-1.88,0.30,-2.18,LOSS
2022-09-30,XAUUSD,A,C2,LONG,1663.72,1664.65,1663.78,0.87,0.06,ABOVE,10:55,1664.77,0.15,1.59,0.15,-1.55,1.71,True,11:00,1663.21,11:00,1663.21,flip,-1.55,0.30,-1.85,LOSS
2022-10-04,XAUUSD,A,C2,SHORT,1701.30,1701.11,1700.48,0.62,0.19,BELOW,11:00,1700.27,5.03,1.19,5.03,-0.93,5.96,True,15:35,1701.20,15:35,1701.20,flip,-0.93,0.30,-1.23,LOSS
2022-10-05,XAUUSD,A,C2,SHORT,1725.58,1725.24,1725.21,0.03,0.33,BELOW,10:10,1725.06,1.28,0.59,1.28,-0.57,1.85,True,10:55,1725.62,10:55,1725.62,flip,-0.57,0.30,-0.87,LOSS
2022-10-07,XAUUSD,A,C2,LONG,1711.39,1712.81,1711.94,0.86,0.55,ABOVE,11:50,1712.95,0.22,1.83,0.22,-1.83,2.06,True,11:55,1711.12,11:55,1711.12,flip,-1.83,0.30,-2.13,LOSS
2022-10-10,XAUUSD,A,C2,SHORT,1698.76,1697.74,1697.52,0.23,1.01,BELOW,10:25,1697.49,12.27,0.05,,,,False,,,16:00,1687.03,session,10.46,0.30,10.16,WIN
2022-10-11,XAUUSD,A,C2,LONG,1668.33,1669.23,1669.05,0.18,0.72,ABOVE,10:05,1669.55,0.77,0.83,0.77,-0.79,1.56,True,11:00,1668.76,11:00,1668.76,flip,-0.79,0.30,-1.09,LOSS
2022-10-12,XAUUSD,A,C2,SHORT,1666.45,1666.25,1665.96,0.29,0.20,BELOW,10:05,1665.84,4.06,1.12,4.06,-0.44,4.50,True,12:20,1666.28,12:20,1666.28,flip,-0.44,0.30,-0.74,LOSS
2022-10-13,XAUUSD,A,C2,SHORT,1673.87,1673.79,1673.62,0.16,0.08,BELOW,11:10,1673.23,0.18,1.41,0.18,-1.20,1.38,True,11:25,1674.43,11:25,1674.43,flip,-1.20,0.30,-1.50,LOSS
2022-10-14,XAUUSD,A,C2,SHORT,1665.80,1665.65,1665.14,0.51,0.14,BELOW,10:05,1664.83,5.80,2.13,5.80,-2.13,7.93,True,12:45,1666.96,12:45,1666.96,flip,-2.13,0.30,-2.43,LOSS
2022-10-18,XAUUSD,A,C2,LONG,1649.96,1650.66,1650.30,0.37,0.34,ABOVE,10:25,1650.88,2.71,0.98,2.71,-0.69,3.41,True,13:05,1650.19,13:05,1650.19,flip,-0.69,0.30,-0.99,LOSS
2022-10-19,XAUUSD,A,C2,LONG,1652.44,1653.58,1652.65,0.93,0.21,ABOVE,10:05,1653.83,0.64,1.77,0.64,-1.77,2.42,True,10:50,1652.06,10:50,1652.06,flip,-1.77,0.30,-2.07,LOSS
2022-10-20,XAUUSD,A,C2,SHORT,1628.20,1628.05,1627.77,0.28,0.15,BELOW,10:25,1627.69,1.66,0.83,1.66,-0.60,2.26,True,11:10,1628.30,11:10,1628.30,flip,-0.60,0.30,-0.90,LOSS
2022-10-24,XAUUSD,A,C2,SHORT,1660.45,1659.27,1657.66,1.60,1.18,BELOW,10:20,1657.66,0.96,5.93,0.96,-5.45,6.41,True,10:35,1663.11,10:35,1663.11,flip,-5.45,0.30,-5.75,LOSS
2022-10-25,XAUUSD,A,C2,LONG,1651.36,1651.84,1651.56,0.28,0.20,ABOVE,10:05,1652.05,1.36,0.89,1.36,-0.68,2.04,True,11:00,1651.37,11:00,1651.37,flip,-0.68,0.30,-0.98,LOSS
2022-10-31,XAUUSD,A,C2,LONG,1644.31,1644.64,1644.35,0.30,0.04,ABOVE,10:10,1644.83,0.60,1.05,0.60,-0.84,1.43,True,10:40,1643.99,10:40,1643.99,flip,-0.84,0.30,-1.14,LOSS
2022-11-01,XAUUSD,A,C2,SHORT,1633.25,1633.06,1632.68,0.37,0.19,BELOW,10:30,1632.41,1.62,1.94,1.62,-1.68,3.30,True,11:30,1634.10,11:30,1634.10,flip,-1.68,0.30,-1.98,LOSS
2022-11-02,XAUUSD,A,C2,LONG,1646.51,1646.98,1646.88,0.10,0.38,ABOVE,10:05,1647.85,0.43,1.45,0.43,-1.31,1.74,True,10:50,1646.54,10:50,1646.54,flip,-1.31,0.30,-1.61,LOSS
2022-11-04,XAUUSD,A,C2,LONG,1630.19,1630.38,1630.35,0.04,0.15,ABOVE,11:00,1631.21,0.96,1.06,0.96,-1.03,1.99,True,12:20,1630.18,12:20,1630.18,flip,-1.03,0.30,-1.33,LOSS
2023-03-13,XAUUSD,A,C2,LONG,1880.20,1886.24,1884.41,1.83,4.20,ABOVE,10:05,1888.51,0.94,4.92,0.94,-4.85,5.79,True,10:20,1883.66,10:20,1883.66,flip,-4.85,0.30,-5.15,LOSS
2023-03-14,XAUUSD,A,C2,SHORT,1910.57,1910.42,1910.19,0.23,0.14,BELOW,12:05,1910.11,0.67,1.24,0.67,-0.69,1.37,True,12:15,1910.80,12:15,1910.80,flip,-0.69,0.30,-0.99,LOSS
2023-03-15,XAUUSD,A,C2,LONG,1904.15,1904.59,1904.37,0.22,0.21,ABOVE,10:05,1904.68,0.00,0.49,0.00,-0.38,0.38,True,10:10,1904.31,10:10,1904.31,flip,-0.38,0.30,-0.68,LOSS
2023-03-16,XAUUSD,A,C2,LONG,1919.49,1920.98,1920.46,0.52,0.97,ABOVE,10:05,1921.64,2.81,1.93,2.81,-1.92,4.73,True,11:45,1919.72,11:45,1919.72,flip,-1.92,0.30,-2.22,LOSS
2023-03-17,XAUUSD,A,C2,LONG,1919.43,1920.11,1920.07,0.04,0.63,ABOVE,10:05,1920.18,0.05,0.35,0.05,-0.27,0.32,True,10:10,1919.91,10:10,1919.91,flip,-0.27,0.30,-0.57,LOSS
2023-03-20,XAUUSD,A,C2,LONG,1976.98,1978.17,1977.45,0.72,0.47,ABOVE,10:10,1978.87,0.80,1.98,0.80,-1.89,2.69,True,10:30,1976.97,10:30,1976.97,flip,-1.89,0.30,-2.19,LOSS
2023-03-22,XAUUSD,A,C2,LONG,1941.11,1941.62,1941.31,0.32,0.20,ABOVE,10:05,1942.33,3.98,2.10,3.98,-1.30,5.28,True,13:05,1941.03,13:05,1941.03,flip,-1.30,0.30,-1.60,LOSS
2023-03-24,XAUUSD,A,C2,LONG,1990.66,1992.08,1991.98,0.09,1.32,ABOVE,10:05,1992.57,0.64,1.48,0.64,-1.40,2.04,True,10:30,1991.16,10:30,1991.16,flip,-1.40,0.30,-1.70,LOSS
2023-03-27,XAUUSD,A,C2,LONG,1972.66,1974.68,1973.96,0.72,1.30,ABOVE,10:05,1974.78,2.04,2.14,2.04,-0.95,2.99,True,11:30,1973.83,11:30,1973.83,flip,-0.95,0.30,-1.25,LOSS
2023-03-30,XAUUSD,A,C2,SHORT,1964.55,1964.39,1963.78,0.62,0.15,BELOW,10:05,1963.54,8.13,0.56,,,,False,,,16:00,1961.23,session,2.31,0.30,2.01,WIN
2023-03-31,XAUUSD,A,C2,SHORT,1979.91,1979.70,1979.16,0.54,0.21,BELOW,10:15,1979.13,0.37,0.79,0.37,-0.72,1.09,True,10:35,1979.86,10:35,1979.86,flip,-0.72,0.30,-1.02,LOSS
2023-04-04,XAUUSD,A,C2,SHORT,1985.55,1985.12,1984.47,0.65,0.42,BELOW,10:05,1984.18,6.29,0.81,,,,False,,,16:00,1979.39,session,4.79,0.30,4.49,WIN
2023-04-05,XAUUSD,A,C2,SHORT,2022.64,2022.03,2021.97,0.06,0.61,BELOW,10:05,2021.62,0.45,0.80,0.45,-0.46,0.91,True,10:20,2022.08,10:20,2022.08,flip,-0.46,0.30,-0.76,LOSS
2023-04-11,XAUUSD,A,C2,LONG,1991.68,1993.21,1992.41,0.80,0.73,ABOVE,10:05,1993.64,1.81,1.45,1.81,-1.26,3.07,True,11:00,1992.38,11:00,1992.38,flip,-1.26,0.30,-1.56,LOSS
2023-04-12,XAUUSD,A,C2,LONG,2004.72,2004.81,2004.80,0.01,0.08,ABOVE,10:10,2005.11,0.21,0.85,0.21,-0.55,0.76,True,10:20,2004.56,10:20,2004.56,flip,-0.55,0.30,-0.85,LOSS
2023-04-13,XAUUSD,A,C2,LONG,2017.59,2018.66,2018.20,0.46,0.62,ABOVE,10:30,2018.98,0.67,1.22,0.67,-1.01,1.68,True,10:55,2017.97,10:55,2017.97,flip,-1.01,0.30,-1.31,LOSS
2023-04-19,XAUUSD,A,C2,LONG,2005.22,2005.92,2005.83,0.10,0.61,ABOVE,10:05,2006.42,0.40,0.71,0.40,-0.61,1.01,True,10:20,2005.82,10:20,2005.82,flip,-0.61,0.30,-0.91,LOSS
2023-04-20,XAUUSD,A,C2,SHORT,1994.24,1993.89,1993.87,0.03,0.35,BELOW,11:05,1993.78,0.45,0.85,0.45,-0.53,0.98,True,11:20,1994.31,11:20,1994.31,flip,-0.53,0.30,-0.83,LOSS
2023-04-24,XAUUSD,A,C2,SHORT,1985.10,1984.49,1984.24,0.25,0.61,BELOW,10:05,1983.73,7.21,0.96,,,,False,,,16:00,1979.29,session,4.44,0.30,4.14,WIN
2023-04-25,XAUUSD,A,C2,SHORT,1995.33,1995.18,1995.13,0.05,0.14,BELOW,10:05,1994.78,1.43,1.07,1.43,-0.95,2.38,True,10:25,1995.73,10:25,1995.73,flip,-0.95,0.30,-1.25,LOSS
2023-04-26,XAUUSD,A,C2,SHORT,2001.08,2000.76,2000.34,0.42,0.32,BELOW,10:30,1999.76,6.55,1.93,,,,False,,,16:00,1995.09,session,4.67,0.30,4.37,WIN
2023-04-28,XAUUSD,A,C2,SHORT,1987.62,1986.98,1986.36,0.63,0.64,BELOW,10:05,1986.02,0.36,1.31,0.36,-1.29,1.64,True,10:20,1987.31,10:20,1987.31,flip,-1.29,0.30,-1.59,LOSS
2023-05-01,XAUUSD,A,C2,SHORT,1987.16,1986.95,1986.92,0.03,0.21,BELOW,10:10,1986.49,6.57,0.18,,,,False,,,16:00,1981.84,session,4.65,0.30,4.35,WIN
2023-05-03,XAUUSD,A,C2,SHORT,2016.29,2015.98,2015.78,0.20,0.31,BELOW,10:05,2015.02,0.76,1.17,0.76,-1.15,1.91,True,10:25,2016.17,10:25,2016.17,flip,-1.15,0.30,-1.45,LOSS
2023-05-04,XAUUSD,A,C2,SHORT,2053.17,2053.05,2052.07,0.98,0.12,BELOW,11:05,2050.47,12.00,0.51,,,,False,,,16:00,2041.26,session,9.21,0.30,8.91,WIN
2023-05-08,XAUUSD,A,C2,SHORT,2016.18,2016.12,2016.09,0.04,0.06,BELOW,11:00,2015.94,0.63,0.56,0.63,-0.38,1.01,True,11:05,2016.33,11:05,2016.33,flip,-0.38,0.30,-0.68,LOSS
2023-05-09,XAUUSD,A,C2,SHORT,2021.59,2021.32,2020.36,0.96,0.27,BELOW,10:05,2020.35,0.80,1.78,0.80,-1.63,2.43,True,11:10,2021.98,11:10,2021.98,flip,-1.63,0.30,-1.93,LOSS
2023-05-10,XAUUSD,A,C2,LONG,2036.13,2037.38,2036.34,1.04,0.20,ABOVE,10:05,2037.58,0.30,1.60,0.30,-1.55,1.85,True,10:30,2036.03,10:30,2036.03,flip,-1.55,0.30,-1.85,LOSS
2023-05-11,XAUUSD,A,C2,LONG,2031.48,2032.23,2031.52,0.71,0.03,ABOVE,10:10,2032.40,4.08,1.16,4.08,-0.93,5.01,True,14:10,2031.47,14:10,2031.47,flip,-0.93,0.30,-1.23,LOSS
2023-05-12,XAUUSD,A,C2,LONG,2016.17,2016.62,2016.42,0.19,0.25,ABOVE,10:05,2016.99,0.61,2.01,0.61,-0.94,1.55,True,10:40,2016.05,10:40,2016.05,flip,-0.94,0.30,-1.24,LOSS
2023-05-16,XAUUSD,A,C2,LONG,2014.39,2014.56,2014.53,0.03,0.13,ABOVE,10:05,2014.77,0.43,0.35,0.43,-0.35,0.77,True,10:10,2014.42,10:10,2014.42,flip,-0.35,0.30,-0.65,LOSS
2023-05-17,XAUUSD,A,C2,LONG,1989.43,1990.70,1989.82,0.89,0.38,ABOVE,10:05,1991.33,1.79,1.88,1.79,-1.58,3.37,True,15:20,1989.75,15:20,1989.75,flip,-1.58,0.30,-1.88,LOSS
2023-05-18,XAUUSD,A,C2,SHORT,1983.07,1982.90,1982.76,0.14,0.17,BELOW,10:05,1982.57,0.52,1.10,0.52,-0.55,1.07,True,10:45,1983.12,10:45,1983.12,flip,-0.55,0.30,-0.85,LOSS
2023-05-19,XAUUSD,A,C2,LONG,1958.30,1959.28,1958.53,0.75,0.23,ABOVE,10:20,1959.46,0.35,1.48,0.35,-1.48,1.83,True,10:45,1957.98,10:45,1957.98,flip,-1.48,0.30,-1.78,LOSS
2023-05-25,XAUUSD,A,C2,SHORT,1959.84,1959.79,1959.45,0.34,0.05,BELOW,10:05,1959.38,4.35,0.88,,,,False,,,16:00,1955.10,session,4.29,0.30,3.99,WIN
2023-05-26,XAUUSD,A,C2,LONG,1939.77,1941.29,1940.62,0.67,0.85,ABOVE,11:05,1941.56,10.31,0.12,,,,False,,,16:00,1947.53,session,5.97,0.30,5.67,WIN
2023-05-29,XAUUSD,A,C2,SHORT,1944.34,1943.73,1943.14,0.59,0.61,BELOW,10:05,1942.13,1.75,3.29,1.75,-2.39,4.14,True,11:10,1944.53,11:10,1944.53,flip,-2.39,0.30,-2.69,LOSS
2023-06-06,XAUUSD,A,C2,SHORT,1961.99,1961.64,1961.29,0.36,0.35,BELOW,10:10,1961.19,2.11,1.00,2.11,-0.98,3.10,True,12:05,1962.17,12:05,1962.17,flip,-0.98,0.30,-1.28,LOSS
2023-06-07,XAUUSD,A,C2,LONG,1963.24,1963.53,1963.48,0.05,0.24,ABOVE,10:05,1964.14,2.65,0.76,2.65,-0.75,3.39,True,12:05,1963.39,12:05,1963.39,flip,-0.75,0.30,-1.05,LOSS
2023-06-08,XAUUSD,A,C2,LONG,1944.32,1944.94,1944.62,0.32,0.31,ABOVE,10:05,1945.37,2.53,0.78,,,,False,,,16:00,1945.62,session,0.26,0.30,-0.04,LOSS
2023-06-09,XAUUSD,A,C2,SHORT,1966.19,1965.34,1964.73,0.60,0.86,BELOW,10:10,1964.61,0.38,0.80,0.38,-0.80,1.18,True,10:35,1965.40,10:35,1965.40,flip,-0.80,0.30,-1.10,LOSS
2023-06-12,XAUUSD,A,C2,SHORT,1960.30,1960.29,1960.05,0.24,0.01,BELOW,10:05,1960.05,0.25,0.48,0.25,-0.27,0.52,True,10:10,1960.32,10:10,1960.32,flip,-0.27,0.30,-0.57,LOSS
2023-06-13,XAUUSD,A,C2,SHORT,1960.17,1960.13,1960.01,0.12,0.04,BELOW,10:30,1959.24,3.25,1.15,3.25,-1.05,4.30,True,13:25,1960.29,13:25,1960.29,flip,-1.05,0.30,-1.35,LOSS
2023-06-16,XAUUSD,A,C2,SHORT,1958.44,1958.28,1957.88,0.40,0.16,BELOW,10:25,1957.77,1.22,1.49,1.22,-1.32,2.54,True,11:35,1959.09,11:35,1959.09,flip,-1.32,0.30,-1.62,LOSS
2023-06-19,XAUUSD,A,C2,LONG,1956.76,1957.61,1957.22,0.39,0.46,ABOVE,10:05,1958.15,0.59,1.20,0.59,-1.19,1.78,True,10:30,1956.96,10:30,1956.96,flip,-1.19,0.30,-1.49,LOSS
2023-06-21,XAUUSD,A,C2,LONG,1937.19,1937.39,1937.38,0.01,0.19,ABOVE,10:05,1937.50,0.23,0.59,0.23,-0.13,0.37,True,10:15,1937.37,10:15,1937.37,flip,-0.13,0.30,-0.43,LOSS
2023-06-22,XAUUSD,A,C2,SHORT,1934.29,1933.92,1933.89,0.03,0.37,BELOW,10:05,1933.73,0.26,0.20,0.26,-0.20,0.46,True,10:10,1933.93,10:10,1933.93,flip,-0.20,0.30,-0.50,LOSS
2023-06-26,XAUUSD,A,C2,LONG,1924.81,1925.60,1925.40,0.19,0.60,ABOVE,10:05,1925.84,2.80,1.65,2.80,-0.93,3.73,True,12:05,1924.90,12:05,1924.90,flip,-0.93,0.30,-1.23,LOSS
2023-06-27,XAUUSD,A,C2,LONG,1922.45,1922.73,1922.49,0.24,0.04,ABOVE,10:20,1922.78,2.03,1.04,2.03,-0.91,2.94,True,10:50,1921.87,10:50,1921.87,flip,-0.91,0.30,-1.21,LOSS
2023-06-28,XAUUSD,A,C2,SHORT,1915.72,1915.66,1915.46,0.20,0.06,BELOW,11:15,1914.52,0.98,2.38,0.98,-1.30,2.28,True,11:45,1915.82,11:45,1915.82,flip,-1.30,0.30,-1.60,LOSS
2023-06-29,XAUUSD,A,C2,SHORT,1909.94,1909.71,1908.86,0.86,0.23,BELOW,10:05,1908.50,0.45,1.73,0.45,-1.56,2.01,True,10:55,1910.06,10:55,1910.06,flip,-1.56,0.30,-1.86,LOSS
2023-06-30,XAUUSD,A,C2,LONG,1908.31,1908.81,1908.68,0.12,0.38,ABOVE,10:35,1909.05,0.22,0.70,0.22,-0.70,0.92,True,10:45,1908.35,10:45,1908.35,flip,-0.70,0.30,-1.00,LOSS
2023-07-03,XAUUSD,A,C2,LONG,1918.21,1918.43,1918.26,0.17,0.05,ABOVE,10:05,1918.52,0.41,0.55,0.41,-0.44,0.85,True,10:20,1918.08,10:20,1918.08,flip,-0.44,0.30,-0.74,LOSS
2023-07-04,XAUUSD,A,C2,LONG,1921.16,1921.33,1921.27,0.06,0.10,ABOVE,10:05,1921.36,0.40,0.31,0.40,-0.18,0.58,True,10:20,1921.18,10:20,1921.18,flip,-0.18,0.30,-0.48,LOSS
2023-07-05,XAUUSD,A,C2,LONG,1925.98,1926.40,1926.28,0.12,0.30,ABOVE,10:05,1926.42,0.07,0.48,0.07,-0.40,0.47,True,10:10,1926.02,10:10,1926.02,flip,-0.40,0.30,-0.70,LOSS
2023-07-10,XAUUSD,A,C2,SHORT,1924.97,1924.96,1924.54,0.42,0.01,BELOW,10:05,1924.08,1.18,1.71,1.18,-1.68,2.86,True,11:00,1925.76,11:00,1925.76,flip,-1.68,0.30,-1.98,LOSS
2023-07-11,XAUUSD,A,C2,LONG,1924.60,1924.94,1924.64,0.30,0.05,ABOVE,10:05,1925.26,4.86,0.33,,,,False,,,16:00,1929.74,session,4.48,0.30,4.18,WIN
2023-07-12,XAUUSD,A,C2,LONG,1933.27,1933.93,1933.38,0.56,0.11,ABOVE,10:05,1934.03,7.00,0.23,,,,False,,,16:00,1939.44,session,5.42,0.30,5.12,WIN
2023-07-14,XAUUSD,A,C2,SHORT,1960.40,1960.14,1959.86,0.29,0.26,BELOW,10:05,1959.51,0.00,0.81,0.00,-0.81,0.81,True,10:10,1960.32,10:10,1960.32,flip,-0.81,0.30,-1.11,LOSS
2023-07-17,XAUUSD,A,C2,LONG,1952.70,1953.38,1952.81,0.57,0.10,ABOVE,10:10,1953.38,2.63,0.92,2.63,-0.67,3.31,True,11:50,1952.71,11:50,1952.71,flip,-0.67,0.30,-0.97,LOSS
2023-07-18,XAUUSD,A,C2,SHORT,1955.64,1955.48,1954.94,0.54,0.16,BELOW,10:05,1954.87,0.09,0.74,0.09,-0.71,0.80,True,10:20,1955.58,10:20,1955.58,flip,-0.71,0.30,-1.01,LOSS
2023-07-19,XAUUSD,A,C2,LONG,1976.99,1977.62,1977.55,0.08,0.56,ABOVE,10:30,1978.38,0.19,1.55,0.19,-1.30,1.49,True,11:10,1977.08,11:10,1977.08,flip,-1.30,0.30,-1.60,LOSS
2023-07-20,XAUUSD,A,C2,LONG,1977.74,1977.92,1977.78,0.14,0.04,ABOVE,10:05,1978.84,8.69,0.68,,,,False,,,16:00,1980.91,session,2.08,0.30,1.78,WIN
2023-07-21,XAUUSD,A,C2,SHORT,1972.54,1972.30,1972.02,0.28,0.24,BELOW,10:05,1971.94,0.10,0.77,0.10,-0.62,0.72,True,10:20,1972.57,10:20,1972.57,flip,-0.62,0.30,-0.92,LOSS
2023-07-28,XAUUSD,A,C2,SHORT,1947.74,1947.54,1946.76,0.78,0.20,BELOW,10:20,1946.39,0.24,1.35,0.24,-1.22,1.46,True,10:50,1947.62,10:50,1947.62,flip,-1.22,0.30,-1.52,LOSS
2023-07-31,XAUUSD,A,C2,SHORT,1958.45,1958.11,1958.03,0.08,0.35,BELOW,10:25,1957.96,1.50,0.60,1.50,-0.34,1.84,True,10:55,1958.30,10:55,1958.30,flip,-0.34,0.30,-0.64,LOSS
2023-08-01,XAUUSD,A,C2,SHORT,1964.23,1964.22,1963.96,0.26,0.01,BELOW,10:25,1963.72,5.43,0.43,,,,False,,,16:00,1958.50,session,5.22,0.30,4.92,WIN
2023-08-02,XAUUSD,A,C2,SHORT,1952.62,1952.23,1951.39,0.84,0.38,BELOW,10:05,1949.84,4.47,0.70,,,,False,,,16:00,1949.81,session,0.03,0.30,-0.27,LOSS
2023-08-03,XAUUSD,A,C2,SHORT,1936.39,1936.27,1936.14,0.12,0.12,BELOW,10:30,1935.92,0.13,0.53,0.13,-0.38,0.52,True,10:35,1936.31,10:35,1936.31,flip,-0.38,0.30,-0.68,LOSS
2023-08-04,XAUUSD,A,C2,LONG,1935.52,1935.87,1935.84,0.03,0.32,ABOVE,10:40,1936.16,0.14,0.58,0.14,-0.46,0.61,True,10:45,1935.70,10:45,1935.70,flip,-0.46,0.30,-0.76,LOSS
2023-08-08,XAUUSD,A,C2,SHORT,1937.17,1936.85,1936.63,0.21,0.33,BELOW,10:05,1936.19,5.01,0.22,,,,False,,,16:00,1933.66,session,2.53,0.30,2.23,WIN
2023-08-09,XAUUSD,A,C2,LONG,1925.55,1926.01,1925.66,0.35,0.12,ABOVE,10:10,1926.18,0.00,0.56,0.00,-0.53,0.53,True,10:15,1925.65,10:15,1925.65,flip,-0.53,0.30,-0.83,LOSS
2023-08-15,XAUUSD,A,C2,SHORT,1907.93,1907.62,1907.10,0.53,0.31,BELOW,10:05,1906.68,2.88,1.63,,,,False,,,16:00,1906.16,session,0.52,0.30,0.22,WIN
2023-08-17,XAUUSD,A,C2,SHORT,1893.94,1893.45,1892.40,1.05,0.49,BELOW,10:40,1892.24,2.63,1.38,2.63,-1.21,3.85,True,12:45,1893.45,12:45,1893.45,flip,-1.21,0.30,-1.51,LOSS
2023-08-18,XAUUSD,A,C2,LONG,1890.73,1891.33,1890.85,0.48,0.12,ABOVE,10:15,1891.61,3.62,0.37,,,,False,,,16:00,1893.20,session,1.60,0.30,1.30,WIN
2023-08-21,XAUUSD,A,C2,LONG,1888.98,1890.23,1890.08,0.16,1.09,ABOVE,10:05,1890.77,0.42,0.77,0.42,-0.70,1.13,True,10:45,1890.07,10:45,1890.07,flip,-0.70,0.30,-1.00,LOSS
2023-08-22,XAUUSD,A,C2,SHORT,1895.13,1894.80,1894.10,0.70,0.34,BELOW,14:55,1894.06,0.06,1.90,0.06,-1.89,1.95,True,15:10,1895.95,15:10,1895.95,flip,-1.89,0.30,-2.19,LOSS
2023-08-23,XAUUSD,A,C2,LONG,1898.65,1898.86,1898.71,0.14,0.06,ABOVE,10:05,1899.42,4.60,0.58,,,,False,,,16:00,1902.92,session,3.50,0.30,3.20,WIN
2023-08-24,XAUUSD,A,C2,LONG,1917.39,1917.99,1917.52,0.48,0.12,ABOVE,10:10,1918.21,4.26,0.61,,,,False,,,16:00,1922.04,session,3.83,0.30,3.53,WIN
2023-08-25,XAUUSD,A,C2,SHORT,1916.28,1915.92,1915.89,0.03,0.36,BELOW,10:15,1915.81,1.06,0.27,1.06,-0.25,1.31,True,11:15,1916.06,11:15,1916.06,flip,-0.25,0.30,-0.55,LOSS
2023-08-28,XAUUSD,A,C2,LONG,1914.89,1915.50,1915.11,0.39,0.22,ABOVE,10:05,1915.59,2.08,0.82,,,,False,,,16:00,1916.73,session,1.14,0.30,0.84,WIN
2023-08-29,XAUUSD,A,C2,LONG,1921.35,1921.41,1921.38,0.03,0.04,ABOVE,10:05,1921.45,4.40,0.34,,,,False,,,16:00,1924.89,session,3.44,0.30,3.14,WIN
2023-08-31,XAUUSD,A,C2,LONG,1944.31,1944.61,1944.42,0.18,0.12,ABOVE,10:05,1944.95,2.86,0.40,,,,False,,,16:00,1944.93,session,-0.02,0.30,-0.32,LOSS
2023-09-01,XAUUSD,A,C2,LONG,1939.83,1940.10,1939.97,0.12,0.14,ABOVE,11:00,1941.84,2.32,2.05,2.32,-1.93,4.25,True,13:05,1939.90,13:05,1939.90,flip,-1.93,0.30,-2.23,LOSS
2023-09-04,XAUUSD,A,C2,LONG,1940.38,1940.62,1940.62,0.01,0.24,ABOVE,10:10,1940.76,0.05,0.32,0.05,-0.20,0.25,True,10:15,1940.56,10:15,1940.56,flip,-0.20,0.30,-0.50,LOSS
2023-09-05,XAUUSD,A,C2,SHORT,1937.88,1937.65,1937.49,0.16,0.22,BELOW,10:05,1937.43,0.36,0.35,0.36,-0.32,0.68,True,10:45,1937.75,10:45,1937.75,flip,-0.32,0.30,-0.62,LOSS
2023-09-06,XAUUSD,A,C2,SHORT,1926.74,1926.67,1926.66,0.01,0.07,BELOW,10:05,1926.32,2.05,0.45,2.05,-0.39,2.43,True,12:50,1926.70,12:50,1926.70,flip,-0.39,0.30,-0.69,LOSS
2023-09-08,XAUUSD,A,C2,LONG,1919.97,1920.62,1920.30,0.32,0.33,ABOVE,10:05,1920.87,6.39,0.26,,,,False,,,16:00,1926.30,session,5.43,0.30,5.13,WIN
2023-09-12,XAUUSD,A,C2,SHORT,1921.90,1921.67,1921.60,0.07,0.23,BELOW,10:30,1921.56,0.30,0.21,0.30,-0.16,0.46,True,10:40,1921.72,10:40,1921.72,flip,-0.16,0.30,-0.46,LOSS
2023-09-13,XAUUSD,A,C2,SHORT,1913.36,1913.21,1912.92,0.29,0.14,BELOW,10:25,1912.92,0.08,0.49,0.08,-0.49,0.58,True,10:30,1913.41,10:30,1913.41,flip,-0.49,0.30,-0.79,LOSS
2023-09-14,XAUUSD,A,C2,LONG,1909.15,1909.56,1909.29,0.27,0.13,ABOVE,10:05,1909.63,3.34,0.75,3.34,-0.43,3.77,True,15:10,1909.20,15:10,1909.20,flip,-0.43,0.30,-0.73,LOSS
2023-09-18,XAUUSD,A,C2,LONG,1923.04,1923.77,1923.37,0.40,0.33,ABOVE,10:05,1923.95,6.74,0.56,,,,False,,,16:00,1929.50,session,5.55,0.30,5.25,WIN
2023-09-21,XAUUSD,A,C2,SHORT,1930.09,1929.49,1929.36,0.13,0.60,BELOW,10:15,1929.27,5.01,0.12,,,,False,,,16:00,1927.87,session,1.40,0.30,1.10,WIN
2023-09-22,XAUUSD,A,C2,LONG,1921.39,1921.68,1921.45,0.23,0.06,ABOVE,10:15,1921.71,3.87,0.35,,,,False,,,16:00,1924.64,session,2.93,0.30,2.63,WIN
2023-09-26,XAUUSD,A,C2,SHORT,1916.70,1916.29,1916.12,0.17,0.41,BELOW,10:15,1916.09,3.00,0.02,,,,False,,,16:00,1913.31,session,2.78,0.30,2.48,WIN
2023-09-29,XAUUSD,A,C2,LONG,1866.14,1866.97,1866.74,0.23,0.60,ABOVE,10:20,1867.13,0.18,0.46,0.18,-0.45,0.63,True,10:30,1866.68,10:30,1866.68,flip,-0.45,0.30,-0.75,LOSS
2023-10-02,XAUUSD,A,C2,LONG,1846.51,1846.81,1846.54,0.27,0.03,ABOVE,10:05,1847.14,0.07,0.92,0.07,-0.90,0.97,True,10:15,1846.24,10:15,1846.24,flip,-0.90,0.30,-1.20,LOSS
2023-10-03,XAUUSD,A,C2,SHORT,1828.31,1828.23,1827.01,1.22,0.07,BELOW,10:05,1826.64,11.33,0.37,,,,False,,,16:00,1820.52,session,6.12,0.30,5.83,WIN
2023-10-04,XAUUSD,A,C2,SHORT,1823.11,1822.71,1822.40,0.31,0.39,BELOW,11:05,1822.16,0.23,1.73,0.23,-1.53,1.76,True,11:15,1823.69,11:15,1823.69,flip,-1.53,0.30,-1.83,LOSS
2023-10-05,XAUUSD,A,C2,LONG,1822.17,1822.45,1822.42,0.03,0.25,ABOVE,10:05,1822.74,6.48,0.93,,,,False,,,16:00,1827.31,session,4.56,0.30,4.26,WIN
2023-10-11,XAUUSD,A,C2,LONG,1859.68,1860.09,1859.84,0.25,0.16,ABOVE,10:05,1860.35,0.45,0.68,0.45,-0.64,1.09,True,10:55,1859.71,10:55,1859.71,flip,-0.64,0.30,-0.94,LOSS
2023-10-16,XAUUSD,A,C2,SHORT,1926.16,1925.33,1924.56,0.77,0.83,BELOW,10:20,1923.16,1.45,3.08,1.45,-2.73,4.18,True,10:55,1925.89,10:55,1925.89,flip,-2.73,0.30,-3.03,LOSS
2023-10-17,XAUUSD,A,C2,SHORT,1920.24,1919.78,1918.91,0.86,0.47,BELOW,11:15,1918.23,5.77,0.61,,,,False,,,16:00,1915.24,session,2.99,0.30,2.69,WIN
2023-10-18,XAUUSD,A,C2,SHORT,1925.27,1925.16,1924.95,0.21,0.10,BELOW,10:05,1924.40,0.25,0.84,0.25,-0.78,1.03,True,10:30,1925.18,10:30,1925.18,flip,-0.78,0.30,-1.08,LOSS
2023-10-19,XAUUSD,A,C2,LONG,1949.71,1950.26,1949.93,0.33,0.22,ABOVE,10:05,1950.58,2.80,1.87,2.80,-1.46,4.27,True,11:40,1949.12,11:40,1949.12,flip,-1.46,0.30,-1.76,LOSS
2023-10-26,XAUUSD,A,C2,LONG,1981.41,1983.08,1982.22,0.86,0.81,ABOVE,10:40,1983.37,6.06,0.89,,,,False,,,16:00,1989.25,session,5.88,0.30,5.58,WIN
2023-10-30,XAUUSD,A,C2,SHORT,2002.46,2001.60,2001.42,0.17,0.86,BELOW,15:30,2000.99,0.73,0.93,0.73,-0.72,1.44,True,15:40,2001.71,15:40,2001.71,flip,-0.72,0.30,-1.02,LOSS
2023-10-31,XAUUSD,A,C2,SHORT,1995.44,1995.17,1994.86,0.32,0.27,BELOW,10:05,1994.68,0.02,0.56,0.02,-0.56,0.58,True,10:10,1995.24,10:10,1995.24,flip,-0.56,0.30,-0.86,LOSS
2023-11-01,XAUUSD,A,C2,SHORT,1985.32,1984.95,1984.91,0.04,0.37,BELOW,10:15,1984.40,9.16,0.46,,,,False,,,16:00,1977.02,session,7.38,0.30,7.08,WIN
2023-11-02,XAUUSD,A,C2,LONG,1983.19,1984.42,1983.81,0.62,0.62,ABOVE,10:20,1984.79,3.44,1.33,,,,False,,,16:00,1986.12,session,1.33,0.30,1.03,WIN
2023-11-03,XAUUSD,A,C2,SHORT,1985.20,1985.07,1985.02,0.05,0.13,BELOW,10:05,1984.92,0.50,0.16,0.50,-0.16,0.66,True,10:45,1985.09,10:45,1985.09,flip,-0.16,0.30,-0.46,LOSS
2024-03-11,XAUUSD,A,C2,SHORT,2178.48,2178.24,2177.32,0.92,0.24,BELOW,13:50,2176.93,0.02,1.95,0.02,-1.61,1.62,True,14:05,2178.54,14:05,2178.54,flip,-1.61,0.30,-1.91,LOSS
2024-03-18,XAUUSD,A,C2,LONG,2154.17,2155.41,2154.91,0.50,0.74,ABOVE,10:45,2155.45,2.15,0.82,2.15,-0.55,2.70,True,12:00,2154.91,12:00,2154.91,flip,-0.55,0.30,-0.85,LOSS
2024-03-19,XAUUSD,A,C2,LONG,2161.01,2161.38,2161.30,0.09,0.28,ABOVE,10:45,2161.41,1.49,0.76,1.49,-0.22,1.71,True,11:50,2161.20,11:50,2161.20,flip,-0.22,0.30,-0.52,LOSS
2024-03-21,XAUUSD,A,C2,LONG,2199.32,2200.96,2199.69,1.27,0.38,ABOVE,10:10,2204.31,2.12,8.22,2.12,-7.37,9.49,True,11:25,2196.94,11:25,2196.94,flip,-7.37,0.30,-7.67,LOSS
2024-03-22,XAUUSD,A,C2,LONG,2181.23,2181.38,2181.37,0.01,0.14,ABOVE,10:05,2181.54,0.09,0.41,0.09,-0.31,0.40,True,10:15,2181.23,10:15,2181.23,flip,-0.31,0.30,-0.61,LOSS
2024-03-25,XAUUSD,A,C2,LONG,2165.87,2166.88,2166.41,0.47,0.54,ABOVE,10:05,2167.74,1.77,2.22,1.77,-2.00,3.77,True,11:15,2165.74,11:15,2165.74,flip,-2.00,0.30,-2.30,LOSS
2024-03-26,XAUUSD,A,C2,SHORT,2172.68,2172.57,2172.11,0.45,0.11,BELOW,10:30,2172.07,0.78,1.25,0.78,-0.91,1.70,True,10:55,2172.99,10:55,2172.99,flip,-0.91,0.30,-1.21,LOSS
2024-03-27,XAUUSD,A,C2,SHORT,2178.95,2178.65,2178.48,0.17,0.30,BELOW,10:05,2178.43,0.16,0.27,0.16,-0.23,0.39,True,10:10,2178.66,10:10,2178.66,flip,-0.23,0.30,-0.53,LOSS
2024-03-28,XAUUSD,A,C2,LONG,2190.73,2192.49,2191.32,1.16,0.59,ABOVE,13:20,2192.91,4.06,0.08,,,,False,,,16:00,2195.76,session,2.85,0.30,2.55,WIN
2024-04-01,XAUUSD,A,C2,LONG,2236.93,2237.49,2237.08,0.41,0.14,ABOVE,10:05,2238.41,27.36,0.58,,,,False,,,16:00,2259.34,session,20.93,0.30,20.63,WIN
2024-04-02,XAUUSD,A,C2,SHORT,2254.59,2253.71,2251.64,2.07,0.88,BELOW,10:15,2250.46,3.74,3.45,3.74,-3.45,7.19,True,13:50,2253.91,13:50,2253.91,flip,-3.45,0.30,-3.75,LOSS
2024-04-05,XAUUSD,A,C2,LONG,2288.84,2290.55,2289.81,0.74,0.97,ABOVE,10:05,2290.99,0.20,1.56,0.20,-1.48,1.68,True,10:45,2289.51,10:45,2289.51,flip,-1.48,0.30,-1.78,LOSS
2024-04-08,XAUUSD,A,C2,SHORT,2311.78,2311.39,2309.93,1.47,0.38,BELOW,10:10,2308.30,5.33,5.96,5.33,-5.31,10.64,True,11:25,2313.61,11:25,2313.61,flip,-5.31,0.30,-5.61,LOSS
2024-04-10,XAUUSD,A,C2,LONG,2353.63,2354.89,2354.76,0.12,1.13,ABOVE,14:30,2355.01,0.72,0.92,0.72,-0.77,1.49,True,14:40,2354.24,14:40,2354.24,flip,-0.77,0.30,-1.07,LOSS
2024-04-11,XAUUSD,A,C2,SHORT,2336.35,2335.61,2334.99,0.62,0.74,BELOW,10:05,2333.49,0.06,2.57,0.06,-2.52,2.58,True,10:30,2336.01,10:30,2336.01,flip,-2.52,0.30,-2.82,LOSS
2024-04-15,XAUUSD,A,C2,SHORT,2365.42,2364.89,2361.99,2.90,0.53,BELOW,10:15,2361.41,12.99,3.41,,,,False,,,16:00,2360.30,session,1.11,0.30,0.81,WIN
2024-04-17,XAUUSD,A,C2,SHORT,2384.01,2382.83,2381.43,1.40,1.18,BELOW,13:25,2381.32,0.55,1.73,0.55,-1.53,2.08,True,13:50,2382.85,13:50,2382.85,flip,-1.53,0.30,-1.83,LOSS
2024-04-18,XAUUSD,A,C2,LONG,2366.86,2368.76,2368.08,0.68,1.22,ABOVE,10:30,2368.92,3.17,2.79,3.17,-2.20,5.37,True,11:25,2366.72,11:25,2366.72,flip,-2.20,0.30,-2.50,LOSS
2024-04-19,XAUUSD,A,C2,SHORT,2381.20,2379.93,2378.21,1.72,1.28,BELOW,10:05,2376.67,2.83,7.77,2.83,-7.32,10.15,True,11:00,2383.99,11:00,2383.99,flip,-7.32,0.30,-7.62,LOSS
2024-04-23,XAUUSD,A,C2,LONG,2332.15,2333.79,2332.82,0.97,0.67,ABOVE,11:05,2334.03,0.48,1.89,0.48,-1.88,2.36,True,11:20,2332.15,11:20,2332.15,flip,-1.88,0.30,-2.18,LOSS
2024-04-24,XAUUSD,A,C2,SHORT,2324.03,2323.37,2322.55,0.82,0.66,BELOW,10:05,2322.36,6.52,1.45,6.52,-1.37,7.89,True,13:10,2323.73,13:10,2323.73,flip,-1.37,0.30,-1.67,LOSS
2024-04-25,XAUUSD,A,C2,LONG,2316.12,2317.02,2316.39,0.63,0.26,ABOVE,10:05,2317.28,2.29,1.19,2.29,-1.03,3.32,True,11:10,2316.26,11:10,2316.26,flip,-1.03,0.30,-1.33,LOSS
2024-04-26,XAUUSD,A,C2,SHORT,2331.18,2331.08,2330.72,0.36,0.10,BELOW,10:05,2330.49,4.13,1.02,4.13,-0.72,4.86,True,11:30,2331.22,11:30,2331.22,flip,-0.72,0.30,-1.02,LOSS
2024-04-29,XAUUSD,A,C2,SHORT,2336.30,2336.25,2335.93,0.32,0.05,BELOW,10:05,2335.39,15.55,1.24,,,,False,,,16:00,2330.07,session,5.32,0.30,5.02,WIN
2024-04-30,XAUUSD,A,C2,SHORT,2333.61,2333.18,2332.26,0.91,0.43,BELOW,12:10,2329.74,9.10,2.56,,,,False,,,16:00,2321.50,session,8.24,0.30,7.94,WIN
2024-05-03,XAUUSD,A,C2,LONG,2303.01,2304.32,2303.86,0.47,0.84,ABOVE,11:00,2304.59,1.85,1.34,1.85,-1.34,3.18,True,11:20,2303.26,11:20,2303.26,flip,-1.34,0.30,-1.64,LOSS
2024-05-06,XAUUSD,A,C2,SHORT,2295.23,2294.50,2294.03,0.47,0.73,BELOW,10:15,2293.06,1.21,1.59,1.21,-1.58,2.79,True,10:30,2294.64,10:30,2294.64,flip,-1.58,0.30,-1.88,LOSS
2024-05-07,XAUUSD,A,C2,LONG,2325.41,2327.06,2326.17,0.89,0.76,ABOVE,10:15,2328.26,1.72,2.92,1.72,-2.86,4.58,True,11:20,2325.40,11:20,2325.40,flip,-2.86,0.30,-3.16,LOSS
2024-05-08,XAUUSD,A,C2,LONG,2315.09,2315.80,2315.27,0.53,0.18,ABOVE,10:05,2315.86,0.27,1.33,0.27,-0.71,0.98,True,10:25,2315.15,10:25,2315.15,flip,-0.71,0.30,-1.01,LOSS
2024-05-09,XAUUSD,A,C2,LONG,2308.72,2309.11,2308.88,0.23,0.16,ABOVE,10:40,2309.57,2.81,1.55,2.81,-1.28,4.10,True,12:05,2308.29,12:05,2308.29,flip,-1.28,0.30,-1.58,LOSS
2024-05-13,XAUUSD,A,C2,LONG,2360.20,2360.75,2360.55,0.20,0.35,ABOVE,10:10,2361.83,2.72,2.94,2.72,-2.30,5.02,True,11:10,2359.53,11:10,2359.53,flip,-2.30,0.30,-2.60,LOSS
2024-05-14,XAUUSD,A,C2,SHORT,2338.84,2338.47,2338.39,0.08,0.38,BELOW,10:05,2337.81,0.00,1.26,0.00,-1.19,1.19,True,10:10,2339.00,10:10,2339.00,flip,-1.19,0.30,-1.49,LOSS
2024-05-21,XAUUSD,A,C2,LONG,2426.20,2427.11,2426.36,0.75,0.17,ABOVE,10:15,2427.13,0.64,2.05,0.64,-1.14,1.78,True,10:25,2425.99,10:25,2425.99,flip,-1.14,0.30,-1.44,LOSS
2024-05-23,XAUUSD,A,C2,LONG,2382.17,2382.60,2382.31,0.29,0.14,ABOVE,10:05,2382.97,0.81,1.25,0.81,-0.78,1.59,True,10:15,2382.20,10:15,2382.20,flip,-0.78,0.30,-1.08,LOSS
2024-05-24,XAUUSD,A,C2,SHORT,2333.31,2332.26,2332.05,0.20,1.05,BELOW,10:05,2332.01,5.24,0.84,5.24,-0.74,5.99,True,11:15,2332.76,11:15,2332.76,flip,-0.74,0.30,-1.04,LOSS
2024-05-27,XAUUSD,A,C2,SHORT,2337.80,2337.33,2336.74,0.59,0.47,BELOW,10:10,2336.52,1.99,1.11,1.99,-0.97,2.96,True,11:05,2337.49,11:05,2337.49,flip,-0.97,0.30,-1.27,LOSS
2024-05-28,XAUUSD,A,C2,LONG,2351.76,2352.55,2352.28,0.26,0.52,ABOVE,10:10,2352.82,0.87,1.24,0.87,-0.96,1.83,True,10:20,2351.86,10:20,2351.86,flip,-0.96,0.30,-1.26,LOSS
2024-05-29,XAUUSD,A,C2,LONG,2359.68,2360.14,2359.72,0.42,0.04,ABOVE,10:05,2360.50,0.47,1.14,0.47,-1.07,1.54,True,10:20,2359.43,10:20,2359.43,flip,-1.07,0.30,-1.37,LOSS
2024-05-30,XAUUSD,A,C2,SHORT,2338.70,2338.51,2336.89,1.62,0.20,BELOW,10:10,2336.70,2.65,2.46,2.65,-2.39,5.05,True,11:10,2339.09,11:10,2339.09,flip,-2.39,0.30,-2.69,LOSS
2024-06-04,XAUUSD,A,C2,LONG,2350.43,2351.45,2350.59,0.86,0.17,ABOVE,10:20,2351.69,1.20,2.56,1.20,-2.20,3.40,True,11:05,2349.49,11:05,2349.49,flip,-2.20,0.30,-2.50,LOSS
2024-06-06,XAUUSD,A,C2,SHORT,2355.43,2355.15,2354.88,0.28,0.28,BELOW,10:35,2354.77,0.01,0.76,0.01,-0.66,0.66,True,10:40,2355.43,10:40,2355.43,flip,-0.66,0.30,-0.96,LOSS
2024-06-07,XAUUSD,A,C2,SHORT,2377.05,2376.91,2376.53,0.38,0.13,BELOW,11:05,2376.49,6.98,1.42,6.98,-1.31,8.30,True,12:50,2377.80,12:50,2377.80,flip,-1.31,0.30,-1.61,LOSS
2024-06-12,XAUUSD,A,C2,LONG,2314.51,2315.57,2315.20,0.38,0.69,ABOVE,10:05,2315.66,0.00,0.76,0.00,-0.67,0.67,True,10:10,2314.99,10:10,2314.99,flip,-0.67,0.30,-0.97,LOSS
2024-06-13,XAUUSD,A,C2,SHORT,2321.44,2320.65,2318.53,2.12,0.79,BELOW,11:05,2317.22,9.01,0.72,,,,False,,,16:00,2313.55,session,3.66,0.30,3.36,WIN
2024-06-14,XAUUSD,A,C2,LONG,2302.05,2303.33,2302.43,0.89,0.38,ABOVE,10:20,2303.39,8.34,0.33,,,,False,,,16:00,2309.13,session,5.74,0.30,5.44,WIN
2024-06-17,XAUUSD,A,C2,SHORT,2328.98,2328.95,2326.58,2.37,0.03,BELOW,10:15,2325.90,8.60,3.11,,,,False,,,16:00,2317.45,session,8.45,0.30,8.15,WIN
2024-06-18,XAUUSD,A,C2,LONG,2320.45,2322.18,2321.11,1.07,0.66,ABOVE,10:25,2322.28,3.31,1.87,3.31,-1.76,5.07,True,11:15,2320.53,11:15,2320.53,flip,-1.76,0.30,-2.06,LOSS
2024-06-20,XAUUSD,A,C2,LONG,2329.07,2329.51,2329.36,0.14,0.29,ABOVE,10:55,2329.83,15.12,0.00,,,,False,,,16:00,2341.70,session,11.88,0.30,11.57,WIN
2024-06-21,XAUUSD,A,C2,LONG,2360.19,2361.32,2360.95,0.38,0.76,ABOVE,10:05,2362.68,2.22,3.02,2.22,-2.02,4.24,True,11:25,2360.66,11:25,2360.66,flip,-2.02,0.30,-2.32,LOSS
2024-06-24,XAUUSD,A,C2,LONG,2318.47,2320.90,2319.19,1.71,0.72,ABOVE,10:40,2321.16,6.18,2.09,,,,False,,,16:00,2323.34,session,2.18,0.30,1.88,WIN
2024-06-27,XAUUSD,A,C2,LONG,2298.34,2298.45,2298.44,0.01,0.10,ABOVE,10:10,2299.80,0.41,1.70,0.41,-1.51,1.92,True,10:45,2298.29,10:45,2298.29,flip,-1.51,0.30,-1.81,LOSS
2024-06-28,XAUUSD,A,C2,SHORT,2327.87,2327.76,2327.32,0.45,0.11,BELOW,10:10,2326.66,7.56,0.45,,,,False,,,16:00,2325.72,session,0.95,0.30,0.65,WIN
2024-07-01,XAUUSD,A,C2,SHORT,2325.72,2325.05,2323.43,1.61,0.67,BELOW,10:05,2323.40,1.14,2.00,1.14,-1.82,2.96,True,10:35,2325.22,10:35,2325.22,flip,-1.82,0.30,-2.12,LOSS
2024-07-02,XAUUSD,A,C2,LONG,2332.34,2333.51,2332.36,1.14,0.03,ABOVE,11:50,2333.53,0.86,1.68,0.86,-1.59,2.44,True,12:30,2331.95,12:30,2331.95,flip,-1.59,0.30,-1.89,LOSS
2024-07-03,XAUUSD,A,C2,LONG,2330.23,2330.92,2330.32,0.61,0.09,ABOVE,10:05,2331.47,0.75,1.17,0.75,-1.17,1.92,True,10:55,2330.30,10:55,2330.30,flip,-1.17,0.30,-1.47,LOSS
2024-07-08,XAUUSD,A,C2,SHORT,2386.47,2386.17,2384.70,1.47,0.30,BELOW,12:40,2383.78,3.01,3.01,3.01,-2.81,5.82,True,15:15,2386.59,15:15,2386.59,flip,-2.81,0.30,-3.11,LOSS
2024-07-09,XAUUSD,A,C2,LONG,2361.65,2362.53,2361.86,0.67,0.21,ABOVE,10:10,2363.41,0.34,2.41,0.34,-2.35,2.68,True,10:30,2361.07,10:30,2361.07,flip,-2.35,0.30,-2.65,LOSS
2024-07-18,XAUUSD,A,C2,SHORT,2461.61,2461.45,2459.08,2.38,0.16,BELOW,10:05,2458.47,1.01,4.47,1.01,-4.25,5.26,True,11:10,2462.72,11:10,2462.72,flip,-4.25,0.30,-4.55,LOSS
2024-07-19,XAUUSD,A,C2,SHORT,2443.76,2441.38,2431.36,10.03,2.38,BELOW,10:10,2431.20,10.62,3.74,,,,False,,,16:00,2421.80,session,9.40,0.30,9.10,WIN
2024-07-25,XAUUSD,A,C2,SHORT,2399.61,2398.89,2398.07,0.82,0.72,BELOW,10:05,2396.58,29.72,3.57,,,,False,,,16:00,2376.74,session,19.84,0.30,19.54,WIN
2024-07-26,XAUUSD,A,C2,LONG,2363.72,2364.73,2363.86,0.88,0.14,ABOVE,10:05,2365.37,0.08,1.93,0.08,-1.65,1.74,True,10:25,2363.72,10:25,2363.72,flip,-1.65,0.30,-1.95,LOSS
2024-07-29,XAUUSD,A,C2,SHORT,2398.20,2398.09,2397.16,0.93,0.11,BELOW,11:15,2396.99,8.23,1.28,,,,False,,,16:00,2394.84,session,2.15,0.30,1.85,WIN
2024-08-01,XAUUSD,A,C2,LONG,2445.39,2446.07,2445.84,0.24,0.45,ABOVE,10:05,2446.24,0.78,0.90,0.78,-0.74,1.52,True,10:20,2445.50,10:20,2445.50,flip,-0.74,0.30,-1.04,LOSS
2024-08-07,XAUUSD,A,C2,SHORT,2384.83,2384.69,2383.95,0.74,0.14,BELOW,10:05,2382.20,0.74,3.28,0.74,-2.86,3.60,True,10:50,2385.06,10:50,2385.06,flip,-2.86,0.30,-3.16,LOSS
2024-08-09,XAUUSD,A,C2,LONG,2423.34,2425.12,2424.66,0.47,1.32,ABOVE,11:35,2425.25,3.78,1.97,3.78,-1.32,5.10,True,12:35,2423.93,12:35,2423.93,flip,-1.32,0.30,-1.62,LOSS
2024-08-13,XAUUSD,A,C2,LONG,2474.41,2475.93,2475.57,0.36,1.16,ABOVE,10:05,2476.21,0.76,1.05,0.76,-0.95,1.70,True,10:15,2475.26,10:15,2475.26,flip,-0.95,0.30,-1.25,LOSS
2024-08-14,XAUUSD,A,C2,LONG,2463.73,2464.28,2464.24,0.04,0.51,ABOVE,10:05,2465.55,7.10,3.03,7.10,-2.18,9.29,True,12:00,2463.37,12:00,2463.37,flip,-2.18,0.30,-2.48,LOSS
2024-08-15,XAUUSD,A,C2,LONG,2448.51,2449.52,2449.50,0.02,0.99,ABOVE,10:05,2449.56,0.43,0.96,0.43,-0.38,0.81,True,10:20,2449.18,10:20,2449.18,flip,-0.38,0.30,-0.68,LOSS
2024-08-20,XAUUSD,A,C2,LONG,2503.36,2504.47,2503.73,0.74,0.38,ABOVE,10:05,2504.67,3.61,2.87,3.61,-1.66,5.26,True,11:10,2503.01,11:10,2503.01,flip,-1.66,0.30,-1.96,LOSS
2024-08-21,XAUUSD,A,C2,SHORT,2514.61,2513.07,2512.99,0.08,1.55,BELOW,11:20,2512.62,1.69,2.03,1.69,-1.25,2.94,True,11:40,2513.87,11:40,2513.87,flip,-1.25,0.30,-1.55,LOSS
2024-08-23,XAUUSD,A,C2,LONG,2486.26,2487.68,2487.35,0.33,1.09,ABOVE,10:15,2488.16,7.69,1.39,,,,False,,,16:00,2491.68,session,3.51,0.30,3.21,WIN
2024-08-26,XAUUSD,A,C2,LONG,2514.30,2516.03,2515.30,0.73,1.00,ABOVE,10:25,2516.18,0.82,3.66,0.82,-3.66,4.47,True,10:45,2512.52,10:45,2512.52,flip,-3.66,0.30,-3.96,LOSS
2024-08-27,XAUUSD,A,C2,SHORT,2516.30,2515.66,2515.53,0.13,0.64,BELOW,10:10,2514.97,0.19,0.98,0.19,-0.81,1.01,True,10:15,2515.78,10:15,2515.78,flip,-0.81,0.30,-1.11,LOSS
2024-08-28,XAUUSD,A,C2,SHORT,2526.28,2525.37,2524.74,0.63,0.91,BELOW,10:10,2524.72,21.39,1.21,,,,False,,,16:00,2504.72,session,20.00,0.30,19.70,WIN
2024-08-29,XAUUSD,A,C2,LONG,2507.82,2509.95,2508.22,1.73,0.40,ABOVE,10:05,2509.99,10.05,0.30,,,,False,,,16:00,2518.55,session,8.56,0.30,8.26,WIN
2024-09-02,XAUUSD,A,C2,LONG,2502.38,2503.14,2503.03,0.11,0.66,ABOVE,10:10,2503.16,0.27,0.57,0.27,-0.36,0.63,True,10:15,2502.80,10:15,2502.80,flip,-0.36,0.30,-0.66,LOSS
2024-09-03,XAUUSD,A,C2,SHORT,2497.93,2497.36,2497.33,0.03,0.57,BELOW,10:05,2496.52,6.82,1.11,,,,False,,,16:00,2493.51,session,3.01,0.30,2.71,WIN
2024-09-05,XAUUSD,A,C2,LONG,2495.37,2496.57,2495.98,0.59,0.61,ABOVE,11:05,2497.05,2.38,1.62,2.38,-1.54,3.92,True,13:50,2495.51,13:50,2495.51,flip,-1.54,0.30,-1.84,LOSS
2024-09-06,XAUUSD,A,C2,SHORT,2517.75,2517.49,2517.43,0.06,0.26,BELOW,10:05,2517.19,4.10,0.92,4.10,-0.63,4.73,True,12:55,2517.82,12:55,2517.82,flip,-0.63,0.30,-0.93,LOSS
2024-09-09,XAUUSD,A,C2,LONG,2496.43,2497.95,2497.01,0.94,0.59,ABOVE,11:05,2498.12,0.64,2.59,0.64,-2.03,2.67,True,11:20,2496.09,11:20,2496.09,flip,-2.03,0.30,-2.33,LOSS
2024-09-11,XAUUSD,A,C2,LONG,2517.86,2518.78,2518.69,0.09,0.84,ABOVE,10:40,2519.01,0.17,1.30,0.17,-1.13,1.30,True,10:45,2517.88,10:45,2517.88,flip,-1.13,0.30,-1.43,LOSS
2024-09-17,XAUUSD,A,C2,LONG,2583.71,2584.18,2583.78,0.40,0.07,ABOVE,12:10,2585.18,1.18,3.52,1.18,-3.07,4.26,True,12:45,2582.11,12:45,2582.11,flip,-3.07,0.30,-3.37,LOSS
2024-09-18,XAUUSD,A,C2,LONG,2573.84,2574.21,2574.09,0.12,0.26,ABOVE,11:00,2574.38,0.38,1.94,0.38,-1.40,1.78,True,11:05,2572.98,11:05,2572.98,flip,-1.40,0.30,-1.70,LOSS
2024-09-19,XAUUSD,A,C2,LONG,2557.37,2559.43,2558.36,1.06,0.99,ABOVE,12:15,2559.45,18.03,0.11,,,,False,,,16:00,2577.01,session,17.57,0.30,17.27,WIN
2024-09-23,XAUUSD,A,C2,SHORT,2620.89,2620.28,2619.45,0.83,0.61,BELOW,10:05,2618.93,2.75,2.16,2.75,-2.16,4.91,True,11:35,2621.09,11:35,2621.09,flip,-2.16,0.30,-2.46,LOSS
2024-09-25,XAUUSD,A,C2,SHORT,2658.52,2658.32,2657.59,0.73,0.20,BELOW,11:30,2656.39,0.51,4.08,0.51,-4.06,4.57,True,11:50,2660.45,11:50,2660.45,flip,-4.06,0.30,-4.36,LOSS
2024-09-26,XAUUSD,A,C2,SHORT,2658.44,2656.76,2656.43,0.33,1.68,BELOW,10:05,2656.26,0.77,0.64,0.77,-0.59,1.37,True,10:15,2656.86,10:15,2656.86,flip,-0.59,0.30,-0.89,LOSS
2024-10-01,XAUUSD,A,C2,LONG,2635.35,2636.02,2635.85,0.17,0.50,ABOVE,10:05,2636.56,0.25,1.91,0.25,-1.84,2.09,True,10:35,2634.72,10:35,2634.72,flip,-1.84,0.30,-2.14,LOSS
2024-10-02,XAUUSD,A,C2,SHORT,2660.74,2660.41,2660.09,0.32,0.32,BELOW,10:05,2659.37,2.98,1.48,2.98,-1.40,4.38,True,11:45,2660.77,11:45,2660.77,flip,-1.40,0.30,-1.70,LOSS
2024-10-04,XAUUSD,A,C2,LONG,2655.33,2656.14,2655.89,0.24,0.57,ABOVE,10:05,2656.99,10.88,1.43,,,,False,,,16:00,2667.03,session,10.05,0.30,9.75,WIN
2024-10-08,XAUUSD,A,C2,LONG,2643.31,2644.26,2644.09,0.18,0.78,ABOVE,10:15,2644.83,0.15,1.10,0.15,-0.92,1.07,True,10:25,2643.91,10:25,2643.91,flip,-0.92,0.30,-1.22,LOSS
2024-10-09,XAUUSD,A,C2,LONG,2621.70,2622.67,2622.11,0.56,0.42,ABOVE,10:05,2623.09,0.74,1.11,0.74,-1.07,1.81,True,10:55,2622.02,10:55,2622.02,flip,-1.07,0.30,-1.37,LOSS
2024-10-10,XAUUSD,A,C2,LONG,2608.30,2608.91,2608.86,0.05,0.56,ABOVE,10:05,2609.12,0.34,0.51,0.34,-0.51,0.85,True,10:35,2608.62,10:35,2608.62,flip,-0.51,0.30,-0.81,LOSS
2024-10-15,XAUUSD,A,C2,LONG,2650.11,2650.43,2650.12,0.31,0.01,ABOVE,10:05,2650.66,0.36,1.21,0.36,-1.18,1.54,True,10:40,2649.48,10:40,2649.48,flip,-1.18,0.30,-1.48,LOSS
2024-10-16,XAUUSD,A,C2,SHORT,2662.57,2662.28,2662.01,0.27,0.29,BELOW,10:05,2661.70,0.36,0.91,0.36,-0.65,1.01,True,10:40,2662.36,10:40,2662.36,flip,-0.65,0.30,-0.95,LOSS
2024-10-17,XAUUSD,A,C2,LONG,2673.43,2673.85,2673.82,0.03,0.39,ABOVE,10:10,2674.01,10.93,0.01,,,,False,,,16:00,2678.91,session,4.90,0.30,4.60,WIN
2024-10-21,XAUUSD,A,C2,LONG,2722.20,2724.07,2723.70,0.37,1.49,ABOVE,10:35,2724.28,0.92,1.60,0.92,-1.59,2.51,True,10:45,2722.69,10:45,2722.69,flip,-1.59,0.30,-1.89,LOSS
2024-10-23,XAUUSD,A,C2,SHORT,2747.99,2747.57,2747.41,0.16,0.41,BELOW,10:40,2746.57,8.62,1.52,8.62,-1.48,10.11,True,15:10,2748.05,15:10,2748.05,flip,-1.48,0.30,-1.78,LOSS
2024-10-24,XAUUSD,A,C2,LONG,2717.93,2719.30,2718.11,1.18,0.18,ABOVE,10:10,2719.71,7.53,1.78,,,,False,,,16:00,2727.09,session,7.38,0.30,7.08,WIN
2024-10-28,XAUUSD,A,C2,LONG,2732.72,2736.68,2734.66,2.02,1.93,ABOVE,10:05,2737.16,3.16,3.57,3.16,-3.34,6.50,True,11:05,2733.83,11:05,2733.83,flip,-3.34,0.30,-3.64,LOSS
2024-10-29,XAUUSD,A,C2,LONG,2741.53,2742.20,2741.66,0.53,0.13,ABOVE,10:10,2742.49,0.36,1.24,0.36,-1.03,1.39,True,10:30,2741.46,10:30,2741.46,flip,-1.03,0.30,-1.33,LOSS
2024-10-30,XAUUSD,A,C2,SHORT,2774.93,2774.76,2774.24,0.53,0.17,BELOW,10:05,2773.91,0.38,1.35,0.38,-1.14,1.53,True,10:50,2775.05,10:50,2775.05,flip,-1.14,0.30,-1.44,LOSS
2024-10-31,XAUUSD,A,C2,LONG,2786.90,2787.88,2787.51,0.36,0.61,ABOVE,11:15,2787.99,0.28,1.32,0.28,-1.23,1.51,True,11:20,2786.76,11:20,2786.76,flip,-1.23,0.30,-1.53,LOSS
2024-11-01,XAUUSD,A,C2,LONG,2745.88,2746.32,2746.18,0.14,0.30,ABOVE,10:05,2746.62,1.32,0.92,1.32,-0.88,2.20,True,11:30,2745.75,11:30,2745.75,flip,-0.88,0.30,-1.18,LOSS
2025-03-10,XAUUSD,A,C2,LONG,2911.96,2912.74,2911.99,0.75,0.03,ABOVE,10:05,2912.80,5.59,2.98,5.59,-2.03,7.62,True,13:10,2910.76,13:10,2910.76,flip,-2.03,0.30,-2.33,LOSS
2025-03-11,XAUUSD,A,C2,SHORT,2885.36,2885.06,2884.66,0.40,0.30,BELOW,10:15,2884.34,1.91,1.76,1.91,-0.81,2.72,True,11:05,2885.14,11:05,2885.14,flip,-0.81,0.30,-1.11,LOSS
2025-03-12,XAUUSD,A,C2,LONG,2915.47,2918.43,2917.79,0.64,2.32,ABOVE,10:05,2919.46,0.30,2.03,0.30,-1.87,2.16,True,10:10,2917.59,10:10,2917.59,flip,-1.87,0.30,-2.17,LOSS
2025-03-13,XAUUSD,A,C2,LONG,2937.78,2938.58,2938.22,0.36,0.43,ABOVE,10:35,2938.69,0.20,1.33,0.20,-1.01,1.21,True,10:45,2937.68,10:45,2937.68,flip,-1.01,0.30,-1.31,LOSS
2025-03-17,XAUUSD,A,C2,LONG,2989.15,2989.48,2989.18,0.30,0.03,ABOVE,10:05,2989.83,4.41,1.49,4.41,-1.49,5.89,True,11:10,2988.34,11:10,2988.34,flip,-1.49,0.30,-1.79,LOSS
2025-03-19,XAUUSD,A,C2,LONG,3034.04,3034.66,3034.53,0.12,0.49,ABOVE,14:10,3034.94,4.11,0.95,,,,False,,,16:00,3037.36,session,2.41,0.30,2.11,WIN
2025-03-21,XAUUSD,A,C2,LONG,3045.11,3045.89,3045.84,0.05,0.72,ABOVE,10:10,3046.07,0.00,0.68,0.00,-0.37,0.37,True,10:15,3045.70,10:15,3045.70,flip,-0.37,0.30,-0.67,LOSS
2025-03-25,XAUUSD,A,C2,LONG,3010.17,3011.86,3011.51,0.35,1.34,ABOVE,10:05,3012.09,0.00,0.62,0.00,-0.60,0.60,True,10:10,3011.49,10:10,3011.49,flip,-0.60,0.30,-0.90,LOSS
2025-03-26,XAUUSD,A,C2,LONG,3020.82,3021.47,3021.46,0.01,0.64,ABOVE,10:05,3021.55,0.07,0.37,0.07,-0.36,0.43,True,10:10,3021.20,10:10,3021.20,flip,-0.36,0.30,-0.66,LOSS
2025-03-27,XAUUSD,A,C2,SHORT,3020.01,3019.55,3018.78,0.76,0.47,BELOW,10:15,3018.77,0.41,1.35,0.41,-1.09,1.51,True,10:20,3019.86,10:20,3019.86,flip,-1.09,0.30,-1.39,LOSS
2025-03-28,XAUUSD,A,C2,SHORT,3055.93,3055.16,3054.51,0.65,0.77,BELOW,10:05,3054.34,0.11,0.96,0.11,-0.94,1.05,True,10:40,3055.28,10:40,3055.28,flip,-0.94,0.30,-1.24,LOSS
2025-04-03,XAUUSD,A,C2,LONG,3144.70,3148.82,3145.99,2.82,1.30,ABOVE,10:05,3153.24,14.60,10.47,14.60,-10.47,25.07,True,11:15,3142.76,11:15,3142.76,flip,-10.47,0.30,-10.77,LOSS
2025-04-07,XAUUSD,A,C2,LONG,2995.82,2999.75,2999.64,0.11,3.82,ABOVE,11:10,3007.05,50.25,2.32,,,,False,,,16:00,3030.14,session,23.09,0.30,22.79,WIN
2025-04-09,XAUUSD,A,C2,LONG,2970.83,2978.57,2977.97,0.61,7.14,ABOVE,10:05,2981.02,6.08,8.61,6.08,-7.58,13.66,True,11:00,2973.44,11:00,2973.44,flip,-7.58,0.30,-7.88,LOSS
2025-04-16,XAUUSD,A,C2,LONG,3244.05,3258.99,3251.91,7.07,7.87,ABOVE,10:15,3259.17,32.76,3.16,,,,False,,,16:00,3287.07,session,27.90,0.30,27.60,WIN
2025-04-17,XAUUSD,A,C2,SHORT,3352.01,3350.27,3346.19,4.08,1.74,BELOW,10:05,3344.85,2.84,8.66,2.84,-8.21,11.05,True,11:10,3353.06,11:10,3353.06,flip,-8.21,0.30,-8.51,LOSS
2025-04-22,XAUUSD,A,C2,SHORT,3436.39,3434.53,3419.24,15.30,1.86,BELOW,10:05,3418.82,3.45,17.75,3.45,-17.18,20.63,True,11:15,3436.01,11:15,3436.01,flip,-17.18,0.30,-17.48,LOSS
2025-04-23,XAUUSD,A,C2,SHORT,3339.34,3338.49,3336.80,1.69,0.84,BELOW,13:10,3336.32,5.30,3.84,5.30,-2.70,8.01,True,13:15,3339.03,13:15,3339.03,flip,-2.70,0.30,-3.00,LOSS
2025-04-24,XAUUSD,A,C2,LONG,3314.59,3316.48,3315.23,1.25,0.64,ABOVE,10:05,3317.54,50.14,0.00,,,,False,,,16:00,3325.75,session,8.21,0.30,7.91,WIN
2025-04-25,XAUUSD,A,C2,SHORT,3353.24,3352.45,3348.92,3.53,0.78,BELOW,11:20,3348.74,0.16,4.33,0.16,-4.33,4.49,True,11:25,3353.07,11:25,3353.07,flip,-4.33,0.30,-4.63,LOSS
2025-04-28,XAUUSD,A,C2,LONG,3302.11,3308.28,3302.80,5.48,0.69,ABOVE,10:05,3310.82,5.34,9.49,5.34,-8.91,14.25,True,11:15,3301.91,11:15,3301.91,flip,-8.91,0.30,-9.21,LOSS
2025-04-29,XAUUSD,A,C2,SHORT,3339.34,3337.66,3335.00,2.66,1.67,BELOW,10:20,3334.10,28.96,6.04,,,,False,,,16:00,3310.32,session,23.78,0.30,23.48,WIN
2025-04-30,XAUUSD,A,C2,LONG,3315.81,3321.33,3317.18,4.15,1.37,ABOVE,10:05,3323.45,4.70,7.32,4.70,-7.05,11.75,True,10:35,3316.41,10:35,3316.41,flip,-7.05,0.30,-7.35,LOSS
2025-05-01,XAUUSD,A,C2,SHORT,3275.97,3274.68,3273.03,1.64,1.29,BELOW,10:15,3268.74,47.41,0.03,,,,False,,,16:00,3241.14,session,27.59,0.30,27.29,WIN
2025-05-02,XAUUSD,A,C2,LONG,3237.30,3240.12,3237.44,2.68,0.14,ABOVE,10:15,3240.76,3.70,8.87,3.70,-8.09,11.78,True,10:45,3232.68,10:45,3232.68,flip,-8.09,0.30,-8.39,LOSS
2025-05-05,XAUUSD,A,C2,SHORT,3250.09,3248.16,3246.58,1.58,1.93,BELOW,10:05,3245.57,4.37,7.78,4.37,-7.75,12.12,True,11:00,3253.32,11:00,3253.32,flip,-7.75,0.30,-8.05,LOSS
2025-05-06,XAUUSD,A,C2,SHORT,3334.46,3334.13,3332.28,1.85,0.33,BELOW,10:15,3328.84,6.09,21.59,6.09,-20.95,27.04,True,11:00,3349.80,11:00,3349.80,flip,-20.95,0.30,-21.25,LOSS
2025-05-09,XAUUSD,A,C2,LONG,3316.16,3317.84,3316.47,1.37,0.30,ABOVE,10:45,3319.75,3.53,6.40,3.53,-4.05,7.59,True,11:10,3315.70,11:10,3315.70,flip,-4.05,0.30,-4.35,LOSS
2025-05-13,XAUUSD,A,C2,SHORT,3237.79,3237.20,3236.86,0.34,0.59,BELOW,10:30,3236.21,2.25,2.12,2.25,-2.05,4.30,True,10:50,3238.26,10:50,3238.26,flip,-2.05,0.30,-2.35,LOSS
2025-05-14,XAUUSD,A,C2,SHORT,3254.82,3254.44,3249.14,5.30,0.38,BELOW,10:05,3245.51,23.95,6.39,,,,False,,,16:00,3233.58,session,11.93,0.30,11.63,WIN
2025-05-19,XAUUSD,A,C2,LONG,3227.36,3236.66,3235.03,1.63,7.66,ABOVE,10:05,3243.26,6.59,12.12,6.59,-9.67,16.26,True,11:10,3233.59,11:10,3233.59,flip,-9.67,0.30,-9.97,LOSS
2025-05-23,XAUUSD,A,C2,SHORT,3301.55,3300.22,3295.43,4.79,1.33,BELOW,10:50,3295.26,1.36,5.76,1.36,-5.62,6.98,True,10:55,3300.89,10:55,3300.89,flip,-5.62,0.30,-5.92,LOSS
2025-05-27,XAUUSD,A,C2,SHORT,3346.44,3346.20,3345.41,0.79,0.24,BELOW,10:20,3344.55,0.72,2.15,0.72,-2.03,2.74,True,10:30,3346.57,10:30,3346.57,flip,-2.03,0.30,-2.33,LOSS
2025-05-29,XAUUSD,A,C2,LONG,3259.05,3262.92,3259.93,2.99,0.88,ABOVE,10:35,3264.40,4.88,9.93,4.88,-8.97,13.85,True,11:00,3255.43,11:00,3255.43,flip,-8.97,0.30,-9.27,LOSS
2025-05-30,XAUUSD,A,C2,LONG,3314.32,3318.20,3315.57,2.64,1.25,ABOVE,11:15,3319.93,2.99,7.86,2.99,-5.01,8.00,True,11:30,3314.93,11:30,3314.93,flip,-5.01,0.30,-5.31,LOSS
2025-06-06,XAUUSD,A,C2,LONG,3361.58,3363.73,3361.91,1.82,0.33,ABOVE,10:10,3363.87,0.29,2.48,0.29,-2.12,2.41,True,10:35,3361.74,10:35,3361.74,flip,-2.12,0.30,-2.42,LOSS
2025-06-12,XAUUSD,A,C2,LONG,3362.89,3365.51,3363.60,1.91,0.70,ABOVE,10:15,3366.76,11.13,4.30,,,,False,,,16:00,3374.44,session,7.68,0.30,7.38,WIN
2025-06-13,XAUUSD,A,C2,LONG,3389.91,3400.94,3395.86,5.09,5.94,ABOVE,10:05,3410.93,33.57,10.69,,,,False,,,16:00,3425.84,session,14.92,0.30,14.62,WIN
2025-06-24,XAUUSD,A,C2,SHORT,3347.80,3344.49,3335.88,8.61,3.31,BELOW,15:35,3333.58,6.86,2.64,,,,False,,,16:00,3331.11,session,2.47,0.30,2.17,WIN
2025-06-27,XAUUSD,A,C2,SHORT,3320.43,3318.73,3316.64,2.09,1.70,BELOW,10:15,3316.45,3.15,2.59,3.15,-2.53,5.68,True,10:55,3318.98,10:55,3318.98,flip,-2.53,0.30,-2.83,LOSS
2025-06-30,XAUUSD,A,C2,SHORT,3266.78,3266.16,3263.81,2.35,0.62,BELOW,10:35,3263.62,0.32,2.97,0.32,-2.72,3.03,True,10:45,3266.34,10:45,3266.34,flip,-2.72,0.30,-3.02,LOSS
2025-07-02,XAUUSD,A,C2,SHORT,3338.40,3338.21,3337.01,1.20,0.19,BELOW,10:35,3336.82,0.84,1.71,0.84,-1.64,2.48,True,10:45,3338.47,10:45,3338.47,flip,-1.64,0.30,-1.94,LOSS
2025-07-03,XAUUSD,A,C2,SHORT,3350.63,3349.51,3346.14,3.38,1.12,BELOW,10:05,3345.59,3.58,4.45,3.58,-4.37,7.95,True,12:45,3349.97,12:45,3349.97,flip,-4.37,0.30,-4.67,LOSS
2025-07-04,XAUUSD,A,C2,SHORT,3331.84,3330.99,3329.72,1.28,0.85,BELOW,10:05,3327.91,1.98,4.83,1.98,-4.70,6.68,True,11:15,3332.61,11:15,3332.61,flip,-4.70,0.30,-5.00,LOSS
2025-07-08,XAUUSD,A,C2,SHORT,3336.58,3336.01,3334.72,1.29,0.57,BELOW,10:15,3333.76,4.02,3.34,4.02,-2.26,6.28,True,12:25,3336.02,12:25,3336.02,flip,-2.26,0.30,-2.56,LOSS
2025-07-09,XAUUSD,A,C2,LONG,3300.94,3306.38,3302.36,4.02,1.41,ABOVE,10:55,3307.18,0.13,7.77,0.13,-7.06,7.18,True,11:45,3300.12,11:45,3300.12,flip,-7.06,0.30,-7.36,LOSS
2025-07-10,XAUUSD,A,C2,LONG,3317.17,3317.70,3317.24,0.46,0.07,ABOVE,10:05,3319.18,7.21,2.64,7.21,-1.99,9.20,True,13:50,3317.19,13:50,3317.19,flip,-1.99,0.30,-2.29,LOSS
2025-07-14,XAUUSD,A,C2,SHORT,3368.28,3367.74,3366.03,1.71,0.54,BELOW,10:05,3365.99,0.90,2.41,0.90,-2.27,3.18,True,10:10,3368.26,10:10,3368.26,flip,-2.27,0.30,-2.57,LOSS
2025-07-18,XAUUSD,A,C2,SHORT,3341.64,3340.34,3340.15,0.18,1.30,BELOW,10:05,3339.95,0.27,0.89,0.27,-0.89,1.16,True,10:10,3340.85,10:10,3340.85,flip,-0.89,0.30,-1.19,LOSS
2025-07-21,XAUUSD,A,C2,LONG,3347.68,3349.21,3348.79,0.42,1.11,ABOVE,10:05,3349.91,19.80,0.77,,,,False,,,16:00,3366.11,session,16.20,0.30,15.90,WIN
2025-07-25,XAUUSD,A,C2,LONG,3368.64,3369.49,3369.05,0.43,0.41,ABOVE,10:05,3369.99,3.51,1.94,3.51,-1.94,5.45,True,11:15,3368.05,11:15,3368.05,flip,-1.94,0.30,-2.24,LOSS
2025-07-28,XAUUSD,A,C2,LONG,3332.43,3334.86,3333.68,1.18,1.25,ABOVE,11:00,3336.39,2.43,5.07,2.43,-4.24,6.67,True,11:55,3332.14,11:55,3332.14,flip,-4.24,0.30,-4.54,LOSS
2025-07-30,XAUUSD,A,C2,LONG,3326.95,3330.12,3327.57,2.55,0.62,ABOVE,10:30,3330.39,3.37,5.93,3.37,-5.72,9.09,True,11:35,3324.68,11:35,3324.68,flip,-5.72,0.30,-6.02,LOSS
2025-07-31,XAUUSD,A,C2,LONG,3282.11,3287.51,3285.41,2.11,3.30,ABOVE,10:30,3287.57,14.39,2.53,,,,False,,,16:00,3299.69,session,12.12,0.30,11.82,WIN
2025-08-01,XAUUSD,A,C2,SHORT,3290.77,3288.59,3287.82,0.76,2.18,BELOW,10:05,3287.66,1.05,2.46,1.05,-1.14,2.20,True,10:25,3288.81,10:25,3288.81,flip,-1.14,0.30,-1.44,LOSS
2025-08-06,XAUUSD,A,C2,LONG,3382.38,3383.38,3383.26,0.12,0.88,ABOVE,10:15,3383.72,1.65,2.74,1.65,-0.84,2.49,True,10:40,3382.88,10:40,3382.88,flip,-0.84,0.30,-1.14,LOSS
2025-08-08,XAUUSD,A,C2,SHORT,3400.68,3400.64,3399.68,0.95,0.05,BELOW,10:15,3394.26,13.05,5.33,,,,False,,,16:00,3395.08,session,-0.82,0.30,-1.12,LOSS
2025-08-11,XAUUSD,A,C2,SHORT,3393.76,3391.53,3388.64,2.89,2.23,BELOW,10:10,3387.61,20.06,2.58,,,,False,,,16:00,3374.36,session,13.25,0.30,12.95,WIN
2025-08-12,XAUUSD,A,C2,SHORT,3349.47,3349.12,3349.05,0.07,0.34,BELOW,11:30,3348.94,2.72,1.24,2.72,-1.19,3.91,True,11:35,3350.13,11:35,3350.13,flip,-1.19,0.30,-1.49,LOSS
2025-08-13,XAUUSD,A,C2,SHORT,3350.84,3350.64,3349.49,1.16,0.19,BELOW,10:05,3347.21,4.57,4.88,4.57,-3.76,8.33,True,11:55,3350.97,11:55,3350.97,flip,-3.76,0.30,-4.06,LOSS
2025-08-14,XAUUSD,A,C2,LONG,3362.90,3365.51,3362.95,2.57,0.05,ABOVE,10:05,3367.36,7.45,4.52,7.45,-4.49,11.94,True,12:55,3362.86,12:55,3362.86,flip,-4.49,0.30,-4.79,LOSS
2025-08-20,XAUUSD,A,C2,SHORT,3315.20,3314.41,3313.88,0.53,0.79,BELOW,10:10,3313.84,1.03,1.97,1.03,-1.91,2.94,True,10:45,3315.76,10:45,3315.76,flip,-1.91,0.30,-2.21,LOSS
2025-08-22,XAUUSD,A,C2,SHORT,3339.24,3338.52,3337.07,1.45,0.72,BELOW,10:10,3336.62,1.43,2.64,1.43,-2.59,4.03,True,10:30,3339.21,10:30,3339.21,flip,-2.59,0.30,-2.89,LOSS
2025-08-25,XAUUSD,A,C2,SHORT,3369.32,3369.14,3366.11,3.03,0.18,BELOW,10:05,3365.39,5.61,2.84,,,,False,,,16:00,3366.51,session,-1.12,0.30,-1.42,LOSS
2025-08-26,XAUUSD,A,C2,LONG,3352.93,3357.05,3354.99,2.07,2.06,ABOVE,10:05,3360.18,26.51,0.60,,,,False,,,16:00,3375.76,session,15.58,0.30,15.28,WIN
2025-08-27,XAUUSD,A,C2,SHORT,3391.19,3390.93,3390.89,0.04,0.26,BELOW,10:30,3389.80,0.82,1.59,0.82,-1.38,2.20,True,10:50,3391.18,10:50,3391.18,flip,-1.38,0.30,-1.68,LOSS
2025-09-04,XAUUSD,A,C2,LONG,3557.99,3560.55,3558.72,1.84,0.73,ABOVE,10:55,3561.57,1.90,5.99,1.90,-5.50,7.40,True,11:15,3556.07,11:15,3556.07,flip,-5.50,0.30,-5.80,LOSS
2025-09-05,XAUUSD,A,C2,LONG,3552.51,3554.72,3552.76,1.96,0.26,ABOVE,11:20,3554.86,1.25,3.84,1.25,-3.70,4.95,True,11:45,3551.15,11:45,3551.15,flip,-3.70,0.30,-4.00,LOSS
2025-09-08,XAUUSD,A,C2,SHORT,3591.61,3591.21,3587.72,3.49,0.39,BELOW,11:05,3587.55,2.65,7.03,2.65,-3.68,6.33,True,12:00,3591.24,12:00,3591.24,flip,-3.68,0.30,-3.98,LOSS
2025-09-09,XAUUSD,A,C2,LONG,3632.22,3635.04,3634.97,0.07,2.76,ABOVE,10:10,3637.21,22.23,1.05,,,,False,,,16:00,3650.64,session,13.44,0.30,13.14,WIN
2025-09-10,XAUUSD,A,C2,SHORT,3636.57,3633.70,3631.41,2.29,2.87,BELOW,10:10,3630.47,10.33,5.18,10.33,-3.77,14.10,True,12:10,3634.24,12:10,3634.24,flip,-3.77,0.30,-4.07,LOSS
2025-09-11,XAUUSD,A,C2,LONG,3644.36,3645.86,3645.01,0.86,0.65,ABOVE,10:10,3646.68,0.58,2.28,0.58,-2.22,2.80,True,10:30,3644.45,10:30,3644.45,flip,-2.22,0.30,-2.52,LOSS
2025-09-17,XAUUSD,A,C2,LONG,3693.01,3694.48,3693.39,1.09,0.39,ABOVE,10:05,3694.95,0.57,2.39,0.57,-1.74,2.32,True,10:30,3693.20,10:30,3693.20,flip,-1.74,0.30,-2.04,LOSS
2025-09-18,XAUUSD,A,C2,SHORT,3669.78,3669.05,3667.01,2.05,0.73,BELOW,10:05,3663.97,20.03,4.94,,,,False,,,16:00,3644.21,session,19.76,0.30,19.46,WIN
2025-09-19,XAUUSD,A,C2,LONG,3638.59,3641.90,3640.20,1.70,1.61,ABOVE,11:00,3644.12,7.28,11.74,7.28,-4.13,11.41,True,11:55,3639.99,11:55,3639.99,flip,-4.13,0.30,-4.43,LOSS
2025-09-23,XAUUSD,A,C2,SHORT,3748.79,3748.42,3747.78,0.64,0.37,BELOW,10:10,3746.82,1.78,2.38,1.78,-2.26,4.04,True,10:25,3749.07,10:25,3749.07,flip,-2.26,0.30,-2.56,LOSS
2025-09-26,XAUUSD,A,C2,LONG,3744.76,3747.22,3744.78,2.44,0.01,ABOVE,10:50,3747.66,5.65,3.85,5.65,-3.79,9.45,True,11:10,3743.86,11:10,3743.86,flip,-3.79,0.30,-4.09,LOSS
2025-09-30,XAUUSD,A,C2,LONG,3830.05,3835.79,3832.97,2.82,2.91,ABOVE,10:10,3838.67,31.87,3.96,,,,False,,,16:00,3868.25,session,29.58,0.30,29.28,WIN
2025-10-01,XAUUSD,A,C2,LONG,3862.58,3864.60,3863.05,1.55,0.47,ABOVE,10:10,3865.14,0.24,3.87,0.24,-3.87,4.11,True,10:25,3861.26,10:25,3861.26,flip,-3.87,0.30,-4.17,LOSS
2025-10-02,XAUUSD,A,C2,LONG,3862.32,3863.49,3862.49,1.01,0.17,ABOVE,11:20,3864.45,3.16,2.91,3.16,-2.63,5.79,True,12:00,3861.82,12:00,3861.82,flip,-2.63,0.30,-2.93,LOSS
2025-10-03,XAUUSD,A,C2,SHORT,3862.87,3862.27,3860.32,1.95,0.60,BELOW,10:05,3860.14,22.07,2.68,,,,False,,,16:00,3852.65,session,7.49,0.30,7.19,WIN
2025-10-06,XAUUSD,A,C2,LONG,3894.26,3918.51,3899.41,19.11,5.15,ABOVE,13:00,3922.18,18.65,3.29,,,,False,,,16:00,3939.68,session,17.51,0.30,17.21,WIN
2025-10-07,XAUUSD,A,C2,LONG,3961.57,3964.53,3963.55,0.99,1.97,ABOVE,10:15,3966.99,10.41,5.55,10.41,-4.18,14.59,True,11:55,3962.81,11:55,3962.81,flip,-4.18,0.30,-4.48,LOSS
2025-10-08,XAUUSD,A,C2,LONG,3987.53,3990.64,3989.59,1.05,2.07,ABOVE,10:15,3991.93,0.00,3.34,0.00,-2.88,2.88,True,10:25,3989.05,10:25,3989.05,flip,-2.88,0.30,-3.17,LOSS
2025-10-09,XAUUSD,A,C2,SHORT,4022.09,4021.51,4014.14,7.37,0.57,BELOW,10:25,4013.95,12.62,8.51,12.62,-7.86,20.47,True,11:15,4021.80,11:15,4021.80,flip,-7.86,0.30,-8.16,LOSS
2025-10-10,XAUUSD,A,C2,SHORT,3977.20,3975.81,3975.34,0.47,1.39,BELOW,10:05,3975.11,0.55,2.27,0.55,-1.98,2.53,True,10:15,3977.09,10:15,3977.09,flip,-1.98,0.30,-2.28,LOSS
2025-10-13,XAUUSD,A,C2,LONG,4036.67,4050.49,4042.49,8.00,5.82,ABOVE,10:05,4059.84,0.11,19.34,0.11,-18.03,18.13,True,10:30,4041.82,10:30,4041.82,flip,-18.03,0.30,-18.33,LOSS
2025-10-14,XAUUSD,A,C2,LONG,4111.95,4115.22,4115.02,0.20,3.06,ABOVE,10:05,4115.50,1.61,1.68,1.61,-0.65,2.27,True,10:10,4114.85,10:10,4114.85,flip,-0.65,0.30,-0.95,LOSS
2025-10-15,XAUUSD,A,C2,SHORT,4161.02,4158.73,4158.47,0.26,2.30,BELOW,11:25,4156.14,1.03,9.19,1.03,-8.51,9.53,True,11:35,4164.65,11:35,4164.65,flip,-8.51,0.30,-8.81,LOSS
2025-10-17,XAUUSD,A,C2,SHORT,4357.89,4349.93,4346.97,2.96,7.96,BELOW,12:15,4337.00,58.32,15.47,58.32,-15.23,73.55,True,14:05,4352.23,14:05,4352.23,flip,-15.23,0.30,-15.53,LOSS
2025-10-20,XAUUSD,A,C2,SHORT,4262.23,4255.99,4254.83,1.16,6.24,BELOW,10:05,4252.59,33.48,12.39,33.48,-10.35,43.82,True,12:25,4262.94,12:25,4262.94,flip,-10.35,0.30,-10.65,LOSS
2025-10-22,XAUUSD,A,C2,SHORT,4124.93,4123.50,4119.80,3.70,1.43,BELOW,10:10,4117.15,2.63,10.17,2.63,-6.73,9.36,True,10:25,4123.88,10:25,4123.88,flip,-6.73,0.30,-7.03,LOSS
2025-10-27,XAUUSD,A,C2,LONG,4078.47,4083.22,4081.91,1.31,3.44,ABOVE,10:05,4085.41,1.65,6.96,1.65,-4.91,6.55,True,10:20,4080.50,10:20,4080.50,flip,-4.91,0.30,-5.21,LOSS
2025-10-28,XAUUSD,A,C2,SHORT,3990.21,3990.09,3987.18,2.92,0.12,BELOW,10:05,3985.70,2.45,7.41,2.45,-6.41,8.86,True,10:15,3992.11,10:15,3992.11,flip,-6.41,0.30,-6.71,LOSS
2025-10-30,XAUUSD,A,C2,SHORT,3946.38,3942.84,3941.46,1.38,3.54,BELOW,13:00,3937.55,22.03,6.28,22.03,-5.89,27.93,True,15:10,3943.45,15:10,3943.45,flip,-5.89,0.30,-6.19,LOSS
2025-10-31,XAUUSD,A,C2,LONG,4028.78,4037.72,4032.20,5.53,3.42,ABOVE,10:45,4040.51,2.74,11.58,2.74,-8.95,11.69,True,11:05,4031.56,11:05,4031.56,flip,-8.95,0.30,-9.25,LOSS
2026-03-10,XAUUSD,A,C2,LONG,5142.04,5152.90,5142.65,10.26,0.61,ABOVE,10:15,5154.59,1.09,18.41,1.09,-17.16,18.25,True,10:40,5137.43,10:40,5137.43,flip,-17.16,0.30,-17.46,LOSS
2026-03-12,XAUUSD,A,C2,SHORT,5168.32,5147.68,5138.59,9.09,20.64,BELOW,10:55,5134.60,8.95,14.57,8.95,-14.48,23.43,True,11:20,5149.08,11:20,5149.08,flip,-14.48,0.30,-14.78,LOSS
2026-03-13,XAUUSD,A,C2,LONG,5088.42,5096.10,5093.23,2.87,4.81,ABOVE,10:20,5096.73,31.75,4.60,,,,False,,,16:00,5104.38,session,7.65,0.30,7.35,WIN
2026-03-16,XAUUSD,A,C2,LONG,5020.97,5024.46,5021.85,2.61,0.88,ABOVE,11:30,5030.37,0.00,18.68,0.00,-12.93,12.93,True,12:00,5017.44,12:00,5017.44,flip,-12.93,0.30,-13.23,LOSS
2026-03-17,XAUUSD,A,C2,SHORT,5005.76,5005.59,5002.43,3.16,0.16,BELOW,11:30,5002.31,7.10,7.05,7.10,-6.97,14.06,True,12:05,5009.28,12:05,5009.28,flip,-6.97,0.30,-7.27,LOSS
2026-03-20,XAUUSD,A,C2,SHORT,4645.99,4644.15,4636.48,7.67,1.84,BELOW,10:40,4635.86,0.23,9.31,0.23,-8.90,9.12,True,10:45,4644.76,10:45,4644.76,flip,-8.90,0.30,-9.20,LOSS
2026-03-23,XAUUSD,A,C2,SHORT,4506.35,4499.27,4498.59,0.68,7.08,BELOW,10:05,4495.03,175.08,4.69,,,,False,,,16:00,4372.78,session,122.25,0.30,121.95,WIN
2026-03-24,XAUUSD,A,C2,LONG,4412.40,4426.83,4426.36,0.47,13.96,ABOVE,10:05,4432.77,15.45,12.43,15.45,-10.75,26.20,True,11:10,4422.02,11:10,4422.02,flip,-10.75,0.30,-11.05,LOSS
2026-03-26,XAUUSD,A,C2,SHORT,4518.37,4517.93,4504.42,13.51,0.44,BELOW,10:20,4503.36,14.28,24.47,14.28,-24.47,38.76,True,11:10,4527.83,11:10,4527.83,flip,-24.47,0.30,-24.77,LOSS
2026-03-31,XAUUSD,A,C2,SHORT,4512.37,4510.50,4502.80,7.70,1.87,BELOW,10:05,4495.35,2.53,20.26,2.53,-16.13,18.66,True,10:35,4511.48,10:35,4511.48,flip,-16.13,0.30,-16.43,LOSS
2026-04-01,XAUUSD,A,C2,LONG,4671.27,4681.23,4677.03,4.20,5.76,ABOVE,10:25,4682.22,42.15,6.56,42.15,-5.28,47.43,True,15:00,4676.94,15:00,4676.94,flip,-5.28,0.30,-5.58,LOSS
2026-04-02,XAUUSD,A,C2,SHORT,4780.38,4778.79,4776.90,1.89,1.59,BELOW,12:00,4743.60,94.12,21.45,,,,False,,,16:00,4672.63,session,70.97,0.30,70.67,WIN
2026-04-09,XAUUSD,A,C2,SHORT,4717.78,4715.88,4705.78,10.10,1.90,BELOW,10:05,4700.86,1.68,17.70,1.68,-17.61,19.29,True,10:40,4718.48,10:40,4718.48,flip,-17.61,0.30,-17.91,LOSS
2026-04-13,XAUUSD,A,C2,LONG,4660.18,4671.87,4668.49,3.38,8.31,ABOVE,10:10,4672.47,58.34,3.31,,,,False,,,16:00,4726.26,session,53.80,0.30,53.50,WIN
2026-04-15,XAUUSD,A,C2,SHORT,4841.73,4838.40,4837.38,1.03,3.32,BELOW,10:05,4834.86,7.57,6.05,7.57,-5.89,13.46,True,11:05,4840.74,11:05,4840.74,flip,-5.89,0.30,-6.19,LOSS
2026-04-17,XAUUSD,A,C2,SHORT,4794.14,4791.63,4788.39,3.24,2.51,BELOW,11:05,4783.69,15.85,8.89,15.85,-8.28,24.13,True,12:00,4791.98,12:00,4791.98,flip,-8.28,0.30,-8.58,LOSS
2026-04-20,XAUUSD,A,C2,LONG,4744.02,4755.28,4749.81,5.47,5.79,ABOVE,10:15,4758.36,56.10,1.49,,,,False,,,16:00,4790.71,session,32.35,0.30,32.05,WIN
2026-04-21,XAUUSD,A,C2,LONG,4821.12,4824.62,4822.45,2.18,1.32,ABOVE,10:05,4828.48,2.38,8.70,2.38,-8.35,10.73,True,10:25,4820.12,10:25,4820.12,flip,-8.35,0.30,-8.65,LOSS
2026-04-22,XAUUSD,A,C2,LONG,4738.14,4743.28,4738.40,4.88,0.26,ABOVE,10:05,4744.44,27.55,8.55,,,,False,,,16:00,4759.26,session,14.81,0.30,14.51,WIN
2026-04-23,XAUUSD,A,C2,SHORT,4728.12,4728.04,4721.46,6.58,0.09,BELOW,10:05,4715.50,21.36,26.81,21.36,-25.90,47.26,True,10:25,4741.40,10:25,4741.40,flip,-25.90,0.30,-26.20,LOSS
2026-04-24,XAUUSD,A,C2,SHORT,4696.72,4696.12,4691.84,4.28,0.60,BELOW,11:40,4690.93,0.61,6.37,0.61,-6.34,6.95,True,11:45,4697.27,11:45,4697.27,flip,-6.34,0.30,-6.64,LOSS
2026-04-27,XAUUSD,A,C2,SHORT,4680.88,4680.45,4678.90,1.55,0.43,BELOW,10:05,4675.74,0.00,6.76,0.00,-5.16,5.16,True,10:25,4680.91,10:25,4680.91,flip,-5.16,0.30,-5.46,LOSS
2026-04-29,XAUUSD,A,C2,LONG,4589.43,4606.59,4595.11,11.48,5.68,ABOVE,10:05,4608.43,1.94,28.25,1.94,-26.05,27.98,True,11:00,4582.39,11:00,4582.39,flip,-26.05,0.30,-26.35,LOSS
2026-04-30,XAUUSD,A,C2,LONG,4558.00,4561.73,4559.25,2.48,1.25,ABOVE,10:05,4562.07,1.10,4.25,1.10,-4.09,5.18,True,10:10,4557.99,10:10,4557.99,flip,-4.09,0.30,-4.39,LOSS
2026-05-01,XAUUSD,A,C2,SHORT,4631.59,4628.10,4626.90,1.20,3.49,BELOW,10:10,4622.71,8.51,11.99,8.51,-8.12,16.64,True,12:10,4630.84,12:10,4630.84,flip,-8.12,0.30,-8.43,LOSS
2026-05-04,XAUUSD,A,C2,SHORT,4614.57,4613.97,4608.76,5.21,0.60,BELOW,10:15,4607.82,16.54,10.99,16.54,-7.49,24.03,True,13:55,4615.31,13:55,4615.31,flip,-7.49,0.30,-7.79,LOSS
2026-05-08,XAUUSD,A,C2,LONG,4700.99,4705.08,4703.33,1.75,2.34,ABOVE,10:05,4707.80,1.81,6.12,1.81,-4.93,6.74,True,10:10,4702.87,10:10,4702.87,flip,-4.93,0.30,-5.23,LOSS
2026-05-11,XAUUSD,A,C2,SHORT,4698.44,4691.84,4687.49,4.35,6.60,BELOW,10:05,4686.12,10.11,7.23,10.11,-6.90,17.01,True,10:30,4693.03,10:30,4693.03,flip,-6.90,0.30,-7.20,LOSS
2026-05-12,XAUUSD,A,C2,LONG,4760.11,4767.51,4764.78,2.73,4.67,ABOVE,10:05,4768.32,5.24,15.06,5.24,-8.36,13.60,True,10:20,4759.96,10:20,4759.96,flip,-8.36,0.30,-8.66,LOSS
2026-05-15,XAUUSD,A,C2,SHORT,4654.60,4652.24,4649.57,2.67,2.36,BELOW,10:20,4644.84,88.31,0.03,,,,False,,,16:00,4563.88,session,80.96,0.30,80.66,WIN
2026-05-18,XAUUSD,A,C2,SHORT,4538.22,4537.70,4531.07,6.63,0.52,BELOW,10:05,4523.84,43.24,16.84,43.24,-14.60,57.83,True,12:35,4538.44,12:35,4538.44,flip,-14.60,0.30,-14.90,LOSS
2026-05-19,XAUUSD,A,C2,SHORT,4583.27,4582.30,4579.24,3.06,0.98,BELOW,10:10,4578.95,47.65,6.93,,,,False,,,16:00,4539.48,session,39.47,0.30,39.17,WIN
2026-05-20,XAUUSD,A,C2,SHORT,4493.62,4489.23,4486.23,3.00,4.39,BELOW,10:05,4484.35,2.70,7.27,2.70,-7.10,9.81,True,10:20,4491.45,10:20,4491.45,flip,-7.10,0.30,-7.40,LOSS
2026-05-25,XAUUSD,A,C2,SHORT,4577.05,4568.98,4567.30,1.68,8.07,BELOW,11:05,4562.15,0.30,11.14,0.30,-9.53,9.84,True,11:20,4571.69,11:20,4571.69,flip,-9.53,0.30,-9.83,LOSS
2026-05-27,XAUUSD,A,C2,SHORT,4521.24,4521.03,4519.39,1.64,0.21,BELOW,10:20,4516.35,24.44,5.89,,,,False,,,16:00,4495.06,session,21.29,0.30,20.99,WIN
2026-05-29,XAUUSD,A,C2,LONG,4490.48,4495.02,4494.76,0.27,4.28,ABOVE,10:10,4497.71,2.97,4.27,2.97,-3.34,6.31,True,10:35,4494.37,10:35,4494.37,flip,-3.34,0.30,-3.64,LOSS
2026-06-02,XAUUSD,A,C2,LONG,4480.94,4484.68,4484.49,0.19,3.56,ABOVE,10:15,4485.38,11.76,4.54,11.76,-3.91,15.66,True,10:45,4481.47,10:45,4481.47,flip,-3.91,0.30,-4.21,LOSS
2026-06-03,XAUUSD,A,C2,LONG,4471.72,4478.80,4474.40,4.39,2.68,ABOVE,10:20,4479.04,17.85,5.47,17.85,-5.18,23.03,True,11:00,4473.86,11:00,4473.86,flip,-5.18,0.30,-5.48,LOSS
2026-06-05,XAUUSD,A,C2,SHORT,4464.32,4462.55,4461.27,1.28,1.77,BELOW,10:10,4455.54,4.73,11.48,4.73,-8.78,13.51,True,10:35,4464.32,10:35,4464.32,flip,-8.78,0.30,-9.08,LOSS
2026-06-08,XAUUSD,A,C2,LONG,4342.26,4345.49,4343.13,2.36,0.88,ABOVE,10:05,4345.71,7.68,5.61,7.68,-3.01,10.68,True,10:45,4342.70,10:45,4342.70,flip,-3.01,0.30,-3.31,LOSS
2026-06-09,XAUUSD,A,C2,LONG,4314.18,4317.94,4317.43,0.51,3.24,ABOVE,10:05,4318.61,5.11,1.89,5.11,-1.77,6.88,True,10:25,4316.85,10:25,4316.85,flip,-1.77,0.30,-2.07,LOSS
2026-06-10,XAUUSD,A,C2,LONG,4213.26,4221.75,4220.14,1.61,6.88,ABOVE,10:05,4225.39,2.67,9.19,2.67,-7.82,10.49,True,10:25,4217.57,10:25,4217.57,flip,-7.82,0.30,-8.12,LOSS
2026-06-11,XAUUSD,A,C2,SHORT,4049.63,4048.04,4043.34,4.70,1.59,BELOW,10:05,4042.78,7.28,12.63,7.28,-8.91,16.19,True,10:10,4051.69,10:10,4051.69,flip,-8.91,0.30,-9.21,LOSS
2026-06-15,XAUUSD,A,C2,LONG,4293.86,4294.31,4293.95,0.36,0.09,ABOVE,10:05,4296.52,11.49,5.13,11.49,-4.31,15.80,True,10:55,4292.21,10:55,4292.21,flip,-4.31,0.30,-4.61,LOSS
2026-06-16,XAUUSD,A,C2,SHORT,4316.94,4315.37,4315.22,0.15,1.57,BELOW,10:10,4313.37,6.77,7.13,6.77,-5.52,12.29,True,10:55,4318.89,10:55,4318.89,flip,-5.52,0.30,-5.82,LOSS
2026-06-18,XAUUSD,A,C2,LONG,4273.33,4291.90,4277.87,14.03,4.54,ABOVE,10:05,4292.86,36.71,0.81,,,,False,,,16:00,4307.01,session,14.15,0.30,13.85,WIN
2026-06-22,XAUUSD,A,C2,LONG,4137.18,4146.70,4140.26,6.44,3.08,ABOVE,10:05,4148.46,72.28,1.46,,,,False,,,16:00,4191.26,session,42.80,0.30,42.50,WIN
2026-06-23,XAUUSD,A,C2,SHORT,4190.48,4188.98,4187.32,1.66,1.50,BELOW,10:05,4184.05,5.97,9.20,5.97,-8.31,14.28,True,10:40,4192.36,10:40,4192.36,flip,-8.31,0.30,-8.61,LOSS
2026-06-24,XAUUSD,A,C2,LONG,4095.26,4102.11,4099.23,2.88,3.97,ABOVE,10:05,4109.81,1.31,13.91,1.31,-13.90,15.21,True,10:20,4095.91,10:20,4095.91,flip,-13.90,0.30,-14.20,LOSS
2026-06-25,XAUUSD,A,C2,LONG,4010.60,4013.05,4013.04,0.01,2.44,ABOVE,10:05,4014.72,1.33,11.20,1.33,-9.63,10.96,True,10:10,4005.09,10:10,4005.09,flip,-9.63,0.30,-9.93,LOSS
2026-06-26,XAUUSD,A,C2,SHORT,4017.53,4014.22,4012.06,2.16,3.31,BELOW,12:15,4008.88,26.27,6.17,26.27,-6.17,32.44,True,15:10,4015.05,15:10,4015.05,flip,-6.17,0.30,-6.47,LOSS
2026-06-29,XAUUSD,A,C2,LONG,4061.51,4062.84,4062.08,0.76,0.57,ABOVE,10:40,4069.12,5.30,10.96,5.30,-7.57,12.87,True,11:05,4061.55,11:05,4061.55,flip,-7.57,0.30,-7.87,LOSS
2026-06-30,XAUUSD,A,C2,SHORT,4016.53,4014.07,4008.32,5.75,2.46,BELOW,10:05,4004.48,62.15,9.15,,,,False,,,16:00,3984.22,session,20.26,0.30,19.96,WIN
2026-07-01,XAUUSD,A,C2,SHORT,4007.16,4006.81,4005.83,0.98,0.35,BELOW,10:15,4002.15,32.35,4.42,,,,False,,,16:00,3974.54,session,27.61,0.30,27.31,WIN
2026-07-07,XAUUSD,A,C2,SHORT,4163.27,4156.94,4156.07,0.87,6.33,BELOW,10:10,4155.70,3.92,4.69,3.92,-2.78,6.70,True,10:20,4158.48,10:20,4158.48,flip,-2.78,0.30,-3.08,LOSS
2026-07-09,XAUUSD,A,C2,LONG,4072.66,4080.31,4075.92,4.39,3.26,ABOVE,10:10,4087.25,2.47,17.23,2.47,-16.57,19.04,True,10:50,4070.68,10:50,4070.68,flip,-16.57,0.30,-16.87,LOSS
2026-07-10,XAUUSD,A,C2,SHORT,4124.00,4123.61,4123.17,0.44,0.39,BELOW,10:05,4122.57,8.41,3.07,8.41,-1.66,10.07,True,10:45,4124.23,10:45,4124.23,flip,-1.66,0.30,-1.96,LOSS
2026-07-13,XAUUSD,A,C2,LONG,4078.54,4084.86,4083.72,1.14,5.18,ABOVE,10:05,4088.42,2.45,8.47,2.45,-6.09,8.54,True,10:15,4082.33,10:15,4082.33,flip,-6.09,0.30,-6.39,LOSS
2026-07-15,XAUUSD,A,C2,LONG,4052.72,4054.86,4053.31,1.55,0.59,ABOVE,10:20,4055.29,6.51,8.19,6.51,-4.49,11.00,True,11:30,4050.80,11:30,4050.80,flip,-4.49,0.30,-4.79,LOSS
2026-07-16,XAUUSD,A,C2,SHORT,4058.38,4058.04,4057.54,0.50,0.34,BELOW,10:05,4055.15,0.56,5.07,0.56,-3.27,3.83,True,10:20,4058.42,10:20,4058.42,flip,-3.27,0.30,-3.57,LOSS
2026-07-17,XAUUSD,A,C2,LONG,3978.25,3985.96,3984.68,1.28,6.43,ABOVE,10:15,3987.80,2.37,7.28,2.37,-6.55,8.92,True,10:30,3981.25,10:30,3981.25,flip,-6.55,0.30,-6.85,LOSS
2026-07-22,XAUUSD,A,C2,LONG,4080.68,4082.46,4080.73,1.73,0.05,ABOVE,10:05,4087.86,53.66,0.54,,,,False,,,16:00,4133.99,session,46.13,0.30,45.83,WIN
2026-07-23,XAUUSD,A,C2,LONG,4129.37,4133.98,4130.46,3.52,1.09,ABOVE,11:10,4134.12,7.03,11.53,7.03,-11.36,18.39,True,11:35,4122.76,11:35,4122.76,flip,-11.36,0.30,-11.66,LOSS
2026-07-24,XAUUSD,A,C2,SHORT,4048.48,4047.20,4047.13,0.07,1.28,BELOW,10:05,4045.43,4.35,4.46,4.35,-3.13,7.48,True,10:35,4048.56,10:35,4048.56,flip,-3.13,0.30,-3.43,LOSS
2026-07-30,XAUUSD,A,C2,SHORT,4090.98,4084.36,4080.41,3.95,6.62,BELOW,10:15,4077.15,12.41,12.27,12.41,-11.74,24.15,True,11:00,4088.89,11:00,4088.89,flip,-11.74,0.30,-12.04,LOSS
2026-07-31,XAUUSD,A,C2,SHORT,4108.32,4105.98,4104.58,1.40,2.34,BELOW,10:05,4102.75,30.94,0.94,,,,False,,,16:00,4077.87,session,24.88,0.30,24.58,WIN
2026-08-04,XAUUSD,A,C2,LONG,4051.62,4059.45,4053.37,6.08,1.75,ABOVE,10:05,4067.17,1.73,18.88,1.73,-17.95,19.68,True,10:55,4049.22,10:55,4049.22,flip,-17.95,0.30,-18.25,LOSS
2026-08-05,XAUUSD,A,C2,LONG,4071.57,4073.04,4072.68,0.36,1.11,ABOVE,10:15,4074.68,98.05,1.02,,,,False,,,16:00,4162.08,session,87.40,0.30,87.10,WIN
2026-08-07,XAUUSD,A,C2,LONG,4248.29,4251.85,4249.45,2.40,1.16,ABOVE,11:40,4256.56,26.27,9.74,,,,False,,,16:00,4282.30,session,25.74,0.30,25.44,WIN
2026-08-10,XAUUSD,A,C2,SHORT,4341.77,4340.29,4332.78,7.51,1.48,BELOW,10:55,4332.00,18.86,9.59,18.86,-9.05,27.91,True,15:35,4341.05,15:35,4341.05,flip,-9.05,0.30,-9.35,LOSS
2026-08-11,XAUUSD,A,C2,LONG,4397.54,4404.11,4402.48,1.63,4.94,ABOVE,10:05,4406.14,13.02,12.77,13.02,-5.97,18.99,True,11:00,4400.17,11:00,4400.17,flip,-5.97,0.30,-6.27,LOSS
2026-08-12,XAUUSD,A,C2,LONG,4368.54,4371.40,4368.56,2.84,0.02,ABOVE,10:10,4377.76,38.27,3.92,,,,False,,,16:00,4388.00,session,10.24,0.30,9.94,WIN
2026-08-13,XAUUSD,A,C2,LONG,4408.39,4415.99,4414.44,1.55,6.05,ABOVE,10:05,4420.74,28.75,10.51,28.75,-8.24,36.99,True,11:45,4412.50,11:45,4412.50,flip,-8.24,0.30,-8.54,LOSS
2026-08-14,XAUUSD,A,C2,SHORT,4361.43,4359.80,4356.04,3.76,1.63,BELOW,10:10,4351.81,40.99,0.02,,,,False,,,16:00,4335.69,session,16.12,0.30,15.82,WIN
2022-08-18,XAUUSD,A,C3A,LONG,1764.85,1765.66,1764.99,0.67,0.14,ABOVE,10:05,1765.80,0.06,1.07,0.06,-0.82,0.88,True,10:10,1764.98,16:00,1762.59,session,1.01,0.60,0.41,WIN
2022-08-19,XAUUSD,A,C3A,SHORT,1758.59,1758.42,1758.10,0.32,0.17,BELOW,10:05,1756.74,4.92,1.06,,,,False,,,16:00,1755.15,session,1.59,0.30,1.29,WIN
2022-08-22,XAUUSD,A,C3A,SHORT,1746.26,1745.74,1745.58,0.16,0.51,BELOW,10:20,1745.40,0.38,0.66,0.38,-0.57,0.95,True,10:30,1745.97,16:00,1742.46,session,-4.21,0.60,-4.81,LOSS
2022-08-24,XAUUSD,A,C3A,LONG,1745.85,1747.20,1746.09,1.12,0.24,ABOVE,10:05,1747.71,0.11,1.72,0.11,-1.65,1.75,True,10:20,1746.07,16:00,1745.49,session,-1.55,0.60,-2.15,LOSS
2022-08-29,XAUUSD,A,C3A,SHORT,1734.94,1734.90,1734.74,0.16,0.04,BELOW,10:05,1734.70,0.16,0.85,0.16,-0.36,0.53,True,10:10,1735.07,16:00,1722.87,session,-12.72,0.60,-13.32,LOSS
2022-08-30,XAUUSD,A,C3A,LONG,1738.64,1739.78,1739.62,0.16,0.97,ABOVE,10:05,1739.95,0.25,0.56,0.25,-0.45,0.70,True,10:10,1739.50,16:00,1734.75,session,4.23,0.60,3.63,WIN
2022-09-07,XAUUSD,A,C3A,SHORT,1703.67,1703.63,1702.77,0.87,0.04,BELOW,10:10,1702.49,11.03,0.00,,,,False,,,16:00,1694.62,session,7.87,0.30,7.57,WIN
2022-09-14,XAUUSD,A,C3A,SHORT,1702.77,1702.27,1701.67,0.60,0.50,BELOW,10:15,1701.39,4.07,1.22,4.07,-0.97,5.03,True,12:10,1702.36,16:00,1701.49,session,-1.94,0.60,-2.54,LOSS
2022-09-15,XAUUSD,A,C3A,SHORT,1698.05,1697.62,1696.98,0.64,0.43,BELOW,10:05,1696.85,0.62,1.03,0.62,-0.98,1.60,True,10:25,1697.83,10:25,1697.83,flip,-0.98,0.30,-1.28,LOSS
2022-09-19,XAUUSD,A,C3A,SHORT,1679.20,1677.99,1677.86,0.13,1.21,BELOW,10:15,1677.49,0.22,0.97,0.22,-0.89,1.11,True,10:20,1678.38,10:20,1678.38,flip,-0.89,0.30,-1.19,LOSS
2022-09-20,XAUUSD,A,C3A,LONG,1675.04,1678.46,1675.82,2.65,0.78,ABOVE,10:05,1679.40,0.00,4.27,0.00,-4.22,4.22,True,11:00,1675.18,16:00,1670.86,session,0.66,0.60,0.06,WIN
2022-09-23,XAUUSD,A,C3A,LONG,1672.28,1673.42,1672.83,0.60,0.55,ABOVE,10:35,1673.56,2.36,1.37,2.36,-0.97,3.33,True,11:30,1672.59,16:00,1672.75,session,-1.78,0.60,-2.38,LOSS
2022-09-26,XAUUSD,A,C3A,LONG,1642.96,1645.35,1644.12,1.22,1.16,ABOVE,10:05,1645.37,0.24,1.30,0.24,-1.26,1.50,True,10:10,1644.11,16:00,1639.53,session,2.02,0.60,1.42,WIN
2022-09-27,XAUUSD,A,C3A,LONG,1626.84,1628.52,1627.66,0.86,0.82,ABOVE,10:05,1629.54,6.89,0.93,,,,False,,,16:00,1635.63,session,6.10,0.30,5.80,WIN
2022-09-28,XAUUSD,A,C3A,LONG,1628.95,1629.46,1628.99,0.47,0.04,ABOVE,10:10,1629.79,0.87,0.88,0.87,-0.88,1.74,True,10:25,1628.91,16:00,1624.01,session,3.11,0.60,2.51,WIN
2022-09-29,XAUUSD,A,C3A,SHORT,1656.88,1656.23,1655.82,0.41,0.65,BELOW,10:05,1655.41,2.47,2.03,2.47,-1.88,4.36,True,11:05,1657.30,16:00,1645.32,session,-14.38,0.60,-14.98,LOSS
2022-09-30,XAUUSD,A,C3A,LONG,1663.72,1664.65,1663.78,0.87,0.06,ABOVE,10:55,1664.77,0.15,1.59,0.15,-1.55,1.71,True,11:00,1663.21,16:00,1668.20,session,-6.70,0.60,-7.30,LOSS
2022-10-04,XAUUSD,A,C3A,SHORT,1701.30,1701.11,1700.48,0.62,0.19,BELOW,11:00,1700.27,5.03,1.19,5.03,-0.93,5.96,True,15:35,1701.20,15:35,1701.20,flip,-0.93,0.30,-1.23,LOSS
2022-10-05,XAUUSD,A,C3A,SHORT,1725.58,1725.24,1725.21,0.03,0.33,BELOW,10:10,1725.06,1.28,0.59,1.28,-0.57,1.85,True,10:55,1725.62,10:55,1725.62,flip,-0.57,0.30,-0.87,LOSS
2022-10-07,XAUUSD,A,C3A,LONG,1711.39,1712.81,1711.94,0.86,0.55,ABOVE,11:50,1712.95,0.22,1.83,0.22,-1.83,2.06,True,11:55,1711.12,16:00,1710.70,session,-1.32,0.60,-1.92,LOSS
2022-10-10,XAUUSD,A,C3A,SHORT,1698.76,1697.74,1697.52,0.23,1.01,BELOW,10:25,1697.49,12.27,0.05,,,,False,,,16:00,1687.03,session,10.46,0.30,10.16,WIN
2022-10-11,XAUUSD,A,C3A,LONG,1668.33,1669.23,1669.05,0.18,0.72,ABOVE,10:05,1669.55,0.77,0.83,0.77,-0.79,1.56,True,11:00,1668.76,16:00,1663.42,session,3.91,0.60,3.31,WIN
2022-10-12,XAUUSD,A,C3A,SHORT,1666.45,1666.25,1665.96,0.29,0.20,BELOW,10:05,1665.84,4.06,1.12,4.06,-0.44,4.50,True,12:20,1666.28,16:00,1667.58,session,-1.62,0.60,-2.22,LOSS
2022-10-13,XAUUSD,A,C3A,SHORT,1673.87,1673.79,1673.62,0.16,0.08,BELOW,11:10,1673.23,0.18,1.41,0.18,-1.20,1.38,True,11:25,1674.43,16:00,1669.69,session,-6.53,0.60,-7.13,LOSS
2022-10-14,XAUUSD,A,C3A,SHORT,1665.80,1665.65,1665.14,0.51,0.14,BELOW,10:05,1664.83,5.80,2.13,5.80,-2.13,7.93,True,12:45,1666.96,16:00,1667.96,session,-2.19,0.60,-2.79,LOSS
2022-10-18,XAUUSD,A,C3A,LONG,1649.96,1650.66,1650.30,0.37,0.34,ABOVE,10:25,1650.88,2.71,0.98,2.71,-0.69,3.41,True,13:05,1650.19,16:00,1659.99,session,-11.08,0.60,-11.68,LOSS
2022-10-19,XAUUSD,A,C3A,LONG,1652.44,1653.58,1652.65,0.93,0.21,ABOVE,10:05,1653.83,0.64,1.77,0.64,-1.77,2.42,True,10:50,1652.06,16:00,1645.61,session,5.08,0.60,4.48,WIN
2022-10-20,XAUUSD,A,C3A,SHORT,1628.20,1628.05,1627.77,0.28,0.15,BELOW,10:25,1627.69,1.66,0.83,1.66,-0.60,2.26,True,11:10,1628.30,16:00,1632.20,session,2.90,0.60,2.30,WIN
2022-10-24,XAUUSD,A,C3A,SHORT,1660.45,1659.27,1657.66,1.60,1.18,BELOW,10:20,1657.66,0.96,5.93,0.96,-5.45,6.41,True,10:35,1663.11,16:00,1658.38,session,-12.72,0.60,-13.32,LOSS
2022-10-25,XAUUSD,A,C3A,LONG,1651.36,1651.84,1651.56,0.28,0.20,ABOVE,10:05,1652.05,1.36,0.89,1.36,-0.68,2.04,True,11:00,1651.37,16:00,1650.24,session,-0.93,0.60,-1.53,LOSS
2022-10-31,XAUUSD,A,C3A,LONG,1644.31,1644.64,1644.35,0.30,0.04,ABOVE,10:10,1644.83,0.60,1.05,0.60,-0.84,1.43,True,10:40,1643.99,16:00,1644.24,session,-1.29,0.60,-1.89,LOSS
2022-11-01,XAUUSD,A,C3A,SHORT,1633.25,1633.06,1632.68,0.37,0.19,BELOW,10:30,1632.41,1.62,1.94,1.62,-1.68,3.30,True,11:30,1634.10,16:00,1638.22,session,2.91,0.60,2.31,WIN
2022-11-02,XAUUSD,A,C3A,LONG,1646.51,1646.98,1646.88,0.10,0.38,ABOVE,10:05,1647.85,0.43,1.45,0.43,-1.31,1.74,True,10:50,1646.54,16:00,1650.87,session,-5.30,0.60,-5.90,LOSS
2022-11-04,XAUUSD,A,C3A,LONG,1630.19,1630.38,1630.35,0.04,0.15,ABOVE,11:00,1631.21,0.96,1.06,0.96,-1.03,1.99,True,12:20,1630.18,16:00,1647.18,session,-18.46,0.60,-19.06,LOSS
2023-03-13,XAUUSD,A,C3A,LONG,1880.20,1886.24,1884.41,1.83,4.20,ABOVE,10:05,1888.51,0.94,4.92,0.94,-4.85,5.79,True,10:20,1883.66,16:00,1880.94,session,-2.23,0.60,-2.83,LOSS
2023-03-14,XAUUSD,A,C3A,SHORT,1910.57,1910.42,1910.19,0.23,0.14,BELOW,12:05,1910.11,0.67,1.24,0.67,-0.69,1.37,True,12:15,1910.80,16:00,1903.72,session,-7.46,0.60,-8.06,LOSS
2023-03-15,XAUUSD,A,C3A,LONG,1904.15,1904.59,1904.37,0.22,0.21,ABOVE,10:05,1904.68,0.00,0.49,0.00,-0.38,0.38,True,10:10,1904.31,16:00,1901.72,session,1.88,0.60,1.28,WIN
2023-03-16,XAUUSD,A,C3A,LONG,1919.49,1920.98,1920.46,0.52,0.97,ABOVE,10:05,1921.64,2.81,1.93,2.81,-1.92,4.73,True,11:45,1919.72,16:00,1913.13,session,2.60,0.60,2.00,WIN
2023-03-17,XAUUSD,A,C3A,LONG,1919.43,1920.11,1920.07,0.04,0.63,ABOVE,10:05,1920.18,0.05,0.35,0.05,-0.27,0.32,True,10:10,1919.91,16:00,1930.95,session,-11.60,0.60,-12.20,LOSS
2023-03-20,XAUUSD,A,C3A,LONG,1976.98,1978.17,1977.45,0.72,0.47,ABOVE,10:10,1978.87,0.80,1.98,0.80,-1.89,2.69,True,10:30,1976.97,16:00,1975.36,session,-0.47,0.60,-1.07,LOSS
2023-03-22,XAUUSD,A,C3A,LONG,1941.11,1941.62,1941.31,0.32,0.20,ABOVE,10:05,1942.33,3.98,2.10,3.98,-1.30,5.28,True,13:05,1941.03,16:00,1939.46,session,0.44,0.60,-0.16,LOSS
2023-03-24,XAUUSD,A,C3A,LONG,1990.66,1992.08,1991.98,0.09,1.32,ABOVE,10:05,1992.57,0.64,1.48,0.64,-1.40,2.04,True,10:30,1991.16,16:00,1992.45,session,-2.85,0.60,-3.45,LOSS
2023-03-27,XAUUSD,A,C3A,LONG,1972.66,1974.68,1973.96,0.72,1.30,ABOVE,10:05,1974.78,2.04,2.14,2.04,-0.95,2.99,True,11:30,1973.83,16:00,1972.62,session,-0.30,0.60,-0.90,LOSS
2023-03-30,XAUUSD,A,C3A,SHORT,1964.55,1964.39,1963.78,0.62,0.15,BELOW,10:05,1963.54,8.13,0.56,,,,False,,,16:00,1961.23,session,2.31,0.30,2.01,WIN
2023-03-31,XAUUSD,A,C3A,SHORT,1979.91,1979.70,1979.16,0.54,0.21,BELOW,10:15,1979.13,0.37,0.79,0.37,-0.72,1.09,True,10:35,1979.86,16:00,1980.81,session,0.07,0.60,-0.53,LOSS
2023-04-04,XAUUSD,A,C3A,SHORT,1985.55,1985.12,1984.47,0.65,0.42,BELOW,10:05,1984.18,6.29,0.81,,,,False,,,16:00,1979.39,session,4.79,0.30,4.49,WIN
2023-04-05,XAUUSD,A,C3A,SHORT,2022.64,2022.03,2021.97,0.06,0.61,BELOW,10:05,2021.62,0.45,0.80,0.45,-0.46,0.91,True,10:20,2022.08,16:00,2024.56,session,0.96,0.60,0.36,WIN
2023-04-11,XAUUSD,A,C3A,LONG,1991.68,1993.21,1992.41,0.80,0.73,ABOVE,10:05,1993.64,1.81,1.45,1.81,-1.26,3.07,True,11:00,1992.38,16:00,1999.15,session,-8.46,0.60,-9.06,LOSS
2023-04-12,XAUUSD,A,C3A,LONG,2004.72,2004.81,2004.80,0.01,0.08,ABOVE,10:10,2005.11,0.21,0.85,0.21,-0.55,0.76,True,10:20,2004.56,16:00,2018.62,session,-14.50,0.60,-15.10,LOSS
2023-04-13,XAUUSD,A,C3A,LONG,2017.59,2018.66,2018.20,0.46,0.62,ABOVE,10:30,2018.98,0.67,1.22,0.67,-1.01,1.68,True,10:55,2017.97,16:00,2016.80,session,-0.23,0.60,-0.83,LOSS
2023-04-19,XAUUSD,A,C3A,LONG,2005.22,2005.92,2005.83,0.10,0.61,ABOVE,10:05,2006.42,0.40,0.71,0.40,-0.61,1.01,True,10:20,2005.82,16:00,2000.69,session,4.14,0.60,3.54,WIN
2023-04-20,XAUUSD,A,C3A,SHORT,1994.24,1993.89,1993.87,0.03,0.35,BELOW,11:05,1993.78,0.45,0.85,0.45,-0.53,0.98,True,11:20,1994.31,16:00,1995.83,session,-0.04,0.60,-0.64,LOSS
2023-04-24,XAUUSD,A,C3A,SHORT,1985.10,1984.49,1984.24,0.25,0.61,BELOW,10:05,1983.73,7.21,0.96,,,,False,,,16:00,1979.29,session,4.44,0.30,4.14,WIN
2023-04-25,XAUUSD,A,C3A,SHORT,1995.33,1995.18,1995.13,0.05,0.14,BELOW,10:05,1994.78,1.43,1.07,1.43,-0.95,2.38,True,10:25,1995.73,16:00,1995.66,session,-1.81,0.60,-2.41,LOSS
2023-04-26,XAUUSD,A,C3A,SHORT,2001.08,2000.76,2000.34,0.42,0.32,BELOW,10:30,1999.76,6.55,1.93,,,,False,,,16:00,1995.09,session,4.67,0.30,4.37,WIN
2023-04-28,XAUUSD,A,C3A,SHORT,1987.62,1986.98,1986.36,0.63,0.64,BELOW,10:05,1986.02,0.36,1.31,0.36,-1.29,1.64,True,10:20,1987.31,16:00,1985.40,session,-2.88,0.60,-3.48,LOSS
2023-05-01,XAUUSD,A,C3A,SHORT,1987.16,1986.95,1986.92,0.03,0.21,BELOW,10:10,1986.49,6.57,0.18,,,,False,,,16:00,1981.84,session,4.65,0.30,4.35,WIN
2023-05-03,XAUUSD,A,C3A,SHORT,2016.29,2015.98,2015.78,0.20,0.31,BELOW,10:05,2015.02,0.76,1.17,0.76,-1.15,1.91,True,10:25,2016.17,16:00,2015.88,session,-1.50,0.60,-2.10,LOSS
2023-05-04,XAUUSD,A,C3A,SHORT,2053.17,2053.05,2052.07,0.98,0.12,BELOW,11:05,2050.47,12.00,0.51,,,,False,,,16:00,2041.26,session,9.21,0.30,8.91,WIN
2023-05-08,XAUUSD,A,C3A,SHORT,2016.18,2016.12,2016.09,0.04,0.06,BELOW,11:00,2015.94,0.63,0.56,0.63,-0.38,1.01,True,11:05,2016.33,16:00,2022.17,session,4.66,0.60,4.06,WIN
2023-05-09,XAUUSD,A,C3A,SHORT,2021.59,2021.32,2020.36,0.96,0.27,BELOW,10:05,2020.35,0.80,1.78,0.80,-1.63,2.43,True,11:10,2021.98,16:00,2027.34,session,3.06,0.60,2.46,WIN
2023-05-10,XAUUSD,A,C3A,LONG,2036.13,2037.38,2036.34,1.04,0.20,ABOVE,10:05,2037.58,0.30,1.60,0.30,-1.55,1.85,True,10:30,2036.03,16:00,2029.64,session,4.15,0.60,3.55,WIN
2023-05-11,XAUUSD,A,C3A,LONG,2031.48,2032.23,2031.52,0.71,0.03,ABOVE,10:10,2032.40,4.08,1.16,4.08,-0.93,5.01,True,14:10,2031.47,16:00,2031.30,session,-1.54,0.60,-2.14,LOSS
2023-05-12,XAUUSD,A,C3A,LONG,2016.17,2016.62,2016.42,0.19,0.25,ABOVE,10:05,2016.99,0.61,2.01,0.61,-0.94,1.55,True,10:40,2016.05,16:00,2009.62,session,5.30,0.60,4.70,WIN
2023-05-16,XAUUSD,A,C3A,LONG,2014.39,2014.56,2014.53,0.03,0.13,ABOVE,10:05,2014.77,0.43,0.35,0.43,-0.35,0.77,True,10:10,2014.42,16:00,2011.07,session,3.04,0.60,2.44,WIN
2023-05-17,XAUUSD,A,C3A,LONG,1989.43,1990.70,1989.82,0.89,0.38,ABOVE,10:05,1991.33,1.79,1.88,1.79,-1.58,3.37,True,15:20,1989.75,16:00,1988.15,session,-0.53,0.60,-1.13,LOSS
2023-05-18,XAUUSD,A,C3A,SHORT,1983.07,1982.90,1982.76,0.14,0.17,BELOW,10:05,1982.57,0.52,1.10,0.52,-0.55,1.07,True,10:45,1983.12,16:00,1978.05,session,-5.87,0.60,-6.47,LOSS
2023-05-19,XAUUSD,A,C3A,LONG,1958.30,1959.28,1958.53,0.75,0.23,ABOVE,10:20,1959.46,0.35,1.48,0.35,-1.48,1.83,True,10:45,1957.98,16:00,1962.49,session,-7.86,0.60,-8.46,LOSS
2023-05-25,XAUUSD,A,C3A,SHORT,1959.84,1959.79,1959.45,0.34,0.05,BELOW,10:05,1959.38,4.35,0.88,,,,False,,,16:00,1955.10,session,4.29,0.30,3.99,WIN
2023-05-26,XAUUSD,A,C3A,LONG,1939.77,1941.29,1940.62,0.67,0.85,ABOVE,11:05,1941.56,10.31,0.12,,,,False,,,16:00,1947.53,session,5.97,0.30,5.67,WIN
2023-05-29,XAUUSD,A,C3A,SHORT,1944.34,1943.73,1943.14,0.59,0.61,BELOW,10:05,1942.13,1.75,3.29,1.75,-2.39,4.14,True,11:10,1944.53,16:00,1947.94,session,0.76,0.60,0.16,WIN
2023-06-06,XAUUSD,A,C3A,SHORT,1961.99,1961.64,1961.29,0.36,0.35,BELOW,10:10,1961.19,2.11,1.00,2.11,-0.98,3.10,True,12:05,1962.17,16:00,1959.91,session,-4.95,0.60,-5.55,LOSS
2023-06-07,XAUUSD,A,C3A,LONG,1963.24,1963.53,1963.48,0.05,0.24,ABOVE,10:05,1964.14,2.65,0.76,2.65,-0.75,3.39,True,12:05,1963.39,16:00,1963.21,session,-0.59,0.60,-1.19,LOSS
2023-06-08,XAUUSD,A,C3A,LONG,1944.32,1944.94,1944.62,0.32,0.31,ABOVE,10:05,1945.37,2.53,0.78,,,,False,,,16:00,1945.62,session,0.26,0.30,-0.04,LOSS
2023-06-09,XAUUSD,A,C3A,SHORT,1966.19,1965.34,1964.73,0.60,0.86,BELOW,10:10,1964.61,0.38,0.80,0.38,-0.80,1.18,True,10:35,1965.40,10:35,1965.40,flip,-0.80,0.30,-1.10,LOSS
2023-06-12,XAUUSD,A,C3A,SHORT,1960.30,1960.29,1960.05,0.24,0.01,BELOW,10:05,1960.05,0.25,0.48,0.25,-0.27,0.52,True,10:10,1960.32,16:00,1959.28,session,-1.92,0.60,-2.52,LOSS
2023-06-13,XAUUSD,A,C3A,SHORT,1960.17,1960.13,1960.01,0.12,0.04,BELOW,10:30,1959.24,3.25,1.15,3.25,-1.05,4.30,True,13:25,1960.29,16:00,1958.89,session,-3.16,0.60,-3.76,LOSS
2023-06-16,XAUUSD,A,C3A,SHORT,1958.44,1958.28,1957.88,0.40,0.16,BELOW,10:25,1957.77,1.22,1.49,1.22,-1.32,2.54,True,11:35,1959.09,16:00,1958.83,session,-3.71,0.60,-4.31,LOSS
2023-06-19,XAUUSD,A,C3A,LONG,1956.76,1957.61,1957.22,0.39,0.46,ABOVE,10:05,1958.15,0.59,1.20,0.59,-1.19,1.78,True,10:30,1956.96,16:00,1954.34,session,1.62,0.60,1.02,WIN
2023-06-21,XAUUSD,A,C3A,LONG,1937.19,1937.39,1937.38,0.01,0.19,ABOVE,10:05,1937.50,0.23,0.59,0.23,-0.13,0.37,True,10:15,1937.37,16:00,1932.43,session,4.04,0.60,3.44,WIN
2023-06-22,XAUUSD,A,C3A,SHORT,1934.29,1933.92,1933.89,0.03,0.37,BELOW,10:05,1933.73,0.26,0.20,0.26,-0.20,0.46,True,10:10,1933.93,10:10,1933.93,flip,-0.20,0.30,-0.50,LOSS
2023-06-26,XAUUSD,A,C3A,LONG,1924.81,1925.60,1925.40,0.19,0.60,ABOVE,10:05,1925.84,2.80,1.65,2.80,-0.93,3.73,True,12:05,1924.90,16:00,1927.31,session,-2.90,0.60,-3.50,LOSS
2023-06-27,XAUUSD,A,C3A,LONG,1922.45,1922.73,1922.49,0.24,0.04,ABOVE,10:20,1922.78,2.03,1.04,2.03,-0.91,2.94,True,10:50,1921.87,10:50,1921.87,flip,-0.91,0.30,-1.21,LOSS
2023-06-28,XAUUSD,A,C3A,SHORT,1915.72,1915.66,1915.46,0.20,0.06,BELOW,11:15,1914.52,0.98,2.38,0.98,-1.30,2.28,True,11:45,1915.82,16:00,1915.68,session,-1.61,0.60,-2.21,LOSS
2023-06-29,XAUUSD,A,C3A,SHORT,1909.94,1909.71,1908.86,0.86,0.23,BELOW,10:05,1908.50,0.45,1.73,0.45,-1.56,2.01,True,10:55,1910.06,16:00,1904.66,session,-7.60,0.60,-8.20,LOSS
2023-06-30,XAUUSD,A,C3A,LONG,1908.31,1908.81,1908.68,0.12,0.38,ABOVE,10:35,1909.05,0.22,0.70,0.22,-0.70,0.92,True,10:45,1908.35,16:00,1905.19,session,2.56,0.60,1.96,WIN
2023-07-03,XAUUSD,A,C3A,LONG,1918.21,1918.43,1918.26,0.17,0.05,ABOVE,10:05,1918.52,0.41,0.55,0.41,-0.44,0.85,True,10:20,1918.08,16:00,1917.37,session,0.18,0.60,-0.42,LOSS
2023-07-04,XAUUSD,A,C3A,LONG,1921.16,1921.33,1921.27,0.06,0.10,ABOVE,10:05,1921.36,0.40,0.31,0.40,-0.18,0.58,True,10:20,1921.18,16:00,1924.49,session,-3.46,0.60,-4.06,LOSS
2023-07-05,XAUUSD,A,C3A,LONG,1925.98,1926.40,1926.28,0.12,0.30,ABOVE,10:05,1926.42,0.07,0.48,0.07,-0.40,0.47,True,10:10,1926.02,16:00,1924.91,session,0.57,0.60,-0.03,LOSS
2023-07-10,XAUUSD,A,C3A,SHORT,1924.97,1924.96,1924.54,0.42,0.01,BELOW,10:05,1924.08,1.18,1.71,1.18,-1.68,2.86,True,11:00,1925.76,16:00,1920.24,session,-6.89,0.60,-7.49,LOSS
2023-07-11,XAUUSD,A,C3A,LONG,1924.60,1924.94,1924.64,0.30,0.05,ABOVE,10:05,1925.26,4.86,0.33,,,,False,,,16:00,1929.74,session,4.48,0.30,4.18,WIN
2023-07-12,XAUUSD,A,C3A,LONG,1933.27,1933.93,1933.38,0.56,0.11,ABOVE,10:05,1934.03,7.00,0.23,,,,False,,,16:00,1939.44,session,5.42,0.30,5.12,WIN
2023-07-14,XAUUSD,A,C3A,SHORT,1960.40,1960.14,1959.86,0.29,0.26,BELOW,10:05,1959.51,0.00,0.81,0.00,-0.81,0.81,True,10:10,1960.32,16:00,1959.14,session,-2.61,0.60,-3.21,LOSS
2023-07-17,XAUUSD,A,C3A,LONG,1952.70,1953.38,1952.81,0.57,0.10,ABOVE,10:10,1953.38,2.63,0.92,2.63,-0.67,3.31,True,11:50,1952.71,16:00,1953.66,session,-1.64,0.60,-2.24,LOSS
2023-07-18,XAUUSD,A,C3A,SHORT,1955.64,1955.48,1954.94,0.54,0.16,BELOW,10:05,1954.87,0.09,0.74,0.09,-0.71,0.80,True,10:20,1955.58,16:00,1959.32,session,1.96,0.60,1.36,WIN
2023-07-19,XAUUSD,A,C3A,LONG,1976.99,1977.62,1977.55,0.08,0.56,ABOVE,10:30,1978.38,0.19,1.55,0.19,-1.30,1.49,True,11:10,1977.08,16:00,1978.63,session,-3.51,0.60,-4.11,LOSS
2023-07-20,XAUUSD,A,C3A,LONG,1977.74,1977.92,1977.78,0.14,0.04,ABOVE,10:05,1978.84,8.69,0.68,,,,False,,,16:00,1980.91,session,2.08,0.30,1.78,WIN
2023-07-21,XAUUSD,A,C3A,SHORT,1972.54,1972.30,1972.02,0.28,0.24,BELOW,10:05,1971.94,0.10,0.77,0.10,-0.62,0.72,True,10:20,1972.57,16:00,1970.40,session,-2.53,0.60,-3.13,LOSS
2023-07-28,XAUUSD,A,C3A,SHORT,1947.74,1947.54,1946.76,0.78,0.20,BELOW,10:20,1946.39,0.24,1.35,0.24,-1.22,1.46,True,10:50,1947.62,16:00,1952.80,session,3.67,0.60,3.07,WIN
2023-07-31,XAUUSD,A,C3A,SHORT,1958.45,1958.11,1958.03,0.08,0.35,BELOW,10:25,1957.96,1.50,0.60,1.50,-0.34,1.84,True,10:55,1958.30,16:00,1954.27,session,-4.54,0.60,-5.14,LOSS
2023-08-01,XAUUSD,A,C3A,SHORT,1964.23,1964.22,1963.96,0.26,0.01,BELOW,10:25,1963.72,5.43,0.43,,,,False,,,16:00,1958.50,session,5.22,0.30,4.92,WIN
2023-08-02,XAUUSD,A,C3A,SHORT,1952.62,1952.23,1951.39,0.84,0.38,BELOW,10:05,1949.84,4.47,0.70,,,,False,,,16:00,1949.81,session,0.03,0.30,-0.27,LOSS
2023-08-03,XAUUSD,A,C3A,SHORT,1936.39,1936.27,1936.14,0.12,0.12,BELOW,10:30,1935.92,0.13,0.53,0.13,-0.38,0.52,True,10:35,1936.31,16:00,1935.23,session,-2.01,0.60,-2.61,LOSS
2023-08-04,XAUUSD,A,C3A,LONG,1935.52,1935.87,1935.84,0.03,0.32,ABOVE,10:40,1936.16,0.14,0.58,0.14,-0.46,0.61,True,10:45,1935.70,16:00,1935.48,session,-0.52,0.60,-1.12,LOSS
2023-08-08,XAUUSD,A,C3A,SHORT,1937.17,1936.85,1936.63,0.21,0.33,BELOW,10:05,1936.19,5.01,0.22,,,,False,,,16:00,1933.66,session,2.53,0.30,2.23,WIN
2023-08-09,XAUUSD,A,C3A,LONG,1925.55,1926.01,1925.66,0.35,0.12,ABOVE,10:10,1926.18,0.00,0.56,0.00,-0.53,0.53,True,10:15,1925.65,16:00,1931.27,session,-6.69,0.60,-7.29,LOSS
2023-08-15,XAUUSD,A,C3A,SHORT,1907.93,1907.62,1907.10,0.53,0.31,BELOW,10:05,1906.68,2.88,1.63,,,,False,,,16:00,1906.16,session,0.52,0.30,0.22,WIN
2023-08-17,XAUUSD,A,C3A,SHORT,1893.94,1893.45,1892.40,1.05,0.49,BELOW,10:40,1892.24,2.63,1.38,2.63,-1.21,3.85,True,12:45,1893.45,16:00,1893.52,session,-1.37,0.60,-1.97,LOSS
2023-08-18,XAUUSD,A,C3A,LONG,1890.73,1891.33,1890.85,0.48,0.12,ABOVE,10:15,1891.61,3.62,0.37,,,,False,,,16:00,1893.20,session,1.60,0.30,1.30,WIN
2023-08-21,XAUUSD,A,C3A,LONG,1888.98,1890.23,1890.08,0.16,1.09,ABOVE,10:05,1890.77,0.42,0.77,0.42,-0.70,1.13,True,10:45,1890.07,16:00,1887.67,session,0.63,0.60,0.03,WIN
2023-08-22,XAUUSD,A,C3A,SHORT,1895.13,1894.80,1894.10,0.70,0.34,BELOW,14:55,1894.06,0.06,1.90,0.06,-1.89,1.95,True,15:10,1895.95,16:00,1895.81,session,-1.94,0.60,-2.54,LOSS
2023-08-23,XAUUSD,A,C3A,LONG,1898.65,1898.86,1898.71,0.14,0.06,ABOVE,10:05,1899.42,4.60,0.58,,,,False,,,16:00,1902.92,session,3.50,0.30,3.20,WIN
2023-08-24,XAUUSD,A,C3A,LONG,1917.39,1917.99,1917.52,0.48,0.12,ABOVE,10:10,1918.21,4.26,0.61,,,,False,,,16:00,1922.04,session,3.83,0.30,3.53,WIN
2023-08-25,XAUUSD,A,C3A,SHORT,1916.28,1915.92,1915.89,0.03,0.36,BELOW,10:15,1915.81,1.06,0.27,1.06,-0.25,1.31,True,11:15,1916.06,16:00,1913.77,session,-2.78,0.60,-3.38,LOSS
2023-08-28,XAUUSD,A,C3A,LONG,1914.89,1915.50,1915.11,0.39,0.22,ABOVE,10:05,1915.59,2.08,0.82,,,,False,,,16:00,1916.73,session,1.14,0.30,0.84,WIN
2023-08-29,XAUUSD,A,C3A,LONG,1921.35,1921.41,1921.38,0.03,0.04,ABOVE,10:05,1921.45,4.40,0.34,,,,False,,,16:00,1924.89,session,3.44,0.30,3.14,WIN
2023-08-31,XAUUSD,A,C3A,LONG,1944.31,1944.61,1944.42,0.18,0.12,ABOVE,10:05,1944.95,2.86,0.40,,,,False,,,16:00,1944.93,session,-0.02,0.30,-0.32,LOSS
2023-09-01,XAUUSD,A,C3A,LONG,1939.83,1940.10,1939.97,0.12,0.14,ABOVE,11:00,1941.84,2.32,2.05,2.32,-1.93,4.25,True,13:05,1939.90,16:00,1940.00,session,-2.97,0.60,-3.57,LOSS
2023-09-04,XAUUSD,A,C3A,LONG,1940.38,1940.62,1940.62,0.01,0.24,ABOVE,10:10,1940.76,0.05,0.32,0.05,-0.20,0.25,True,10:15,1940.56,10:15,1940.56,flip,-0.20,0.30,-0.50,LOSS
2023-09-05,XAUUSD,A,C3A,SHORT,1937.88,1937.65,1937.49,0.16,0.22,BELOW,10:05,1937.43,0.36,0.35,0.36,-0.32,0.68,True,10:45,1937.75,16:00,1936.81,session,-1.46,0.60,-2.06,LOSS
2023-09-06,XAUUSD,A,C3A,SHORT,1926.74,1926.67,1926.66,0.01,0.07,BELOW,10:05,1926.32,2.05,0.45,2.05,-0.39,2.43,True,12:50,1926.70,16:00,1927.87,session,0.68,0.60,0.08,WIN
2023-09-08,XAUUSD,A,C3A,LONG,1919.97,1920.62,1920.30,0.32,0.33,ABOVE,10:05,1920.87,6.39,0.26,,,,False,,,16:00,1926.30,session,5.43,0.30,5.13,WIN
2023-09-12,XAUUSD,A,C3A,SHORT,1921.90,1921.67,1921.60,0.07,0.23,BELOW,10:30,1921.56,0.30,0.21,0.30,-0.16,0.46,True,10:40,1921.72,16:00,1920.15,session,-3.23,0.60,-3.83,LOSS
2023-09-13,XAUUSD,A,C3A,SHORT,1913.36,1913.21,1912.92,0.29,0.14,BELOW,10:25,1912.92,0.08,0.49,0.08,-0.49,0.58,True,10:30,1913.41,10:30,1913.41,flip,-0.49,0.30,-0.79,LOSS
2023-09-14,XAUUSD,A,C3A,LONG,1909.15,1909.56,1909.29,0.27,0.13,ABOVE,10:05,1909.63,3.34,0.75,3.34,-0.43,3.77,True,15:10,1909.20,16:00,1908.34,session,-0.40,0.60,-1.00,LOSS
2023-09-18,XAUUSD,A,C3A,LONG,1923.04,1923.77,1923.37,0.40,0.33,ABOVE,10:05,1923.95,6.74,0.56,,,,False,,,16:00,1929.50,session,5.55,0.30,5.25,WIN
2023-09-21,XAUUSD,A,C3A,SHORT,1930.09,1929.49,1929.36,0.13,0.60,BELOW,10:15,1929.27,5.01,0.12,,,,False,,,16:00,1927.87,session,1.40,0.30,1.10,WIN
2023-09-22,XAUUSD,A,C3A,LONG,1921.39,1921.68,1921.45,0.23,0.06,ABOVE,10:15,1921.71,3.87,0.35,,,,False,,,16:00,1924.64,session,2.93,0.30,2.63,WIN
2023-09-26,XAUUSD,A,C3A,SHORT,1916.70,1916.29,1916.12,0.17,0.41,BELOW,10:15,1916.09,3.00,0.02,,,,False,,,16:00,1913.31,session,2.78,0.30,2.48,WIN
2023-09-29,XAUUSD,A,C3A,LONG,1866.14,1866.97,1866.74,0.23,0.60,ABOVE,10:20,1867.13,0.18,0.46,0.18,-0.45,0.63,True,10:30,1866.68,16:00,1866.52,session,-0.37,0.60,-0.97,LOSS
2023-10-02,XAUUSD,A,C3A,LONG,1846.51,1846.81,1846.54,0.27,0.03,ABOVE,10:05,1847.14,0.07,0.92,0.07,-0.90,0.97,True,10:15,1846.24,16:00,1842.67,session,2.84,0.60,2.24,WIN
2023-10-03,XAUUSD,A,C3A,SHORT,1828.31,1828.23,1827.01,1.22,0.07,BELOW,10:05,1826.64,11.33,0.37,,,,False,,,16:00,1820.52,session,6.12,0.30,5.83,WIN
2023-10-04,XAUUSD,A,C3A,SHORT,1823.11,1822.71,1822.40,0.31,0.39,BELOW,11:05,1822.16,0.23,1.73,0.23,-1.53,1.76,True,11:15,1823.69,16:00,1822.81,session,-2.11,0.60,-2.71,LOSS
2023-10-05,XAUUSD,A,C3A,LONG,1822.17,1822.45,1822.42,0.03,0.25,ABOVE,10:05,1822.74,6.48,0.93,,,,False,,,16:00,1827.31,session,4.56,0.30,4.26,WIN
2023-10-11,XAUUSD,A,C3A,LONG,1859.68,1860.09,1859.84,0.25,0.16,ABOVE,10:05,1860.35,0.45,0.68,0.45,-0.64,1.09,True,10:55,1859.71,16:00,1860.08,session,-0.93,0.60,-1.53,LOSS
2023-10-16,XAUUSD,A,C3A,SHORT,1926.16,1925.33,1924.56,0.77,0.83,BELOW,10:20,1923.16,1.45,3.08,1.45,-2.73,4.18,True,10:55,1925.89,16:00,1919.64,session,-8.51,0.60,-9.11,LOSS
2023-10-17,XAUUSD,A,C3A,SHORT,1920.24,1919.78,1918.91,0.86,0.47,BELOW,11:15,1918.23,5.77,0.61,,,,False,,,16:00,1915.24,session,2.99,0.30,2.69,WIN
2023-10-18,XAUUSD,A,C3A,SHORT,1925.27,1925.16,1924.95,0.21,0.10,BELOW,10:05,1924.40,0.25,0.84,0.25,-0.78,1.03,True,10:30,1925.18,16:00,1939.46,session,13.31,0.60,12.71,WIN
2023-10-19,XAUUSD,A,C3A,LONG,1949.71,1950.26,1949.93,0.33,0.22,ABOVE,10:05,1950.58,2.80,1.87,2.80,-1.46,4.27,True,11:40,1949.12,16:00,1947.38,session,1.05,0.60,0.45,WIN
2023-10-26,XAUUSD,A,C3A,LONG,1981.41,1983.08,1982.22,0.86,0.81,ABOVE,10:40,1983.37,6.06,0.89,,,,False,,,16:00,1989.25,session,5.88,0.30,5.58,WIN
2023-10-30,XAUUSD,A,C3A,SHORT,2002.46,2001.60,2001.42,0.17,0.86,BELOW,15:30,2000.99,0.73,0.93,0.73,-0.72,1.44,True,15:40,2001.71,16:00,2001.65,session,-0.72,0.60,-1.32,LOSS
2023-10-31,XAUUSD,A,C3A,SHORT,1995.44,1995.17,1994.86,0.32,0.27,BELOW,10:05,1994.68,0.02,0.56,0.02,-0.56,0.58,True,10:10,1995.24,16:00,1993.31,session,-2.89,0.60,-3.49,LOSS
2023-11-01,XAUUSD,A,C3A,SHORT,1985.32,1984.95,1984.91,0.04,0.37,BELOW,10:15,1984.40,9.16,0.46,,,,False,,,16:00,1977.02,session,7.38,0.30,7.08,WIN
2023-11-02,XAUUSD,A,C3A,LONG,1983.19,1984.42,1983.81,0.62,0.62,ABOVE,10:20,1984.79,3.44,1.33,,,,False,,,16:00,1986.12,session,1.33,0.30,1.03,WIN
2023-11-03,XAUUSD,A,C3A,SHORT,1985.20,1985.07,1985.02,0.05,0.13,BELOW,10:05,1984.92,0.50,0.16,0.50,-0.16,0.66,True,10:45,1985.09,16:00,1985.97,session,0.20,0.60,-0.40,LOSS
2024-03-11,XAUUSD,A,C3A,SHORT,2178.48,2178.24,2177.32,0.92,0.24,BELOW,13:50,2176.93,0.02,1.95,0.02,-1.61,1.62,True,14:05,2178.54,16:00,2181.41,session,1.28,0.60,0.68,WIN
2024-03-18,XAUUSD,A,C3A,LONG,2154.17,2155.41,2154.91,0.50,0.74,ABOVE,10:45,2155.45,2.15,0.82,2.15,-0.55,2.70,True,12:00,2154.91,16:00,2147.56,session,5.60,0.60,5.00,WIN
2024-03-19,XAUUSD,A,C3A,LONG,2161.01,2161.38,2161.30,0.09,0.28,ABOVE,10:45,2161.41,1.49,0.76,1.49,-0.22,1.71,True,11:50,2161.20,16:00,2159.41,session,1.08,0.60,0.48,WIN
2024-03-21,XAUUSD,A,C3A,LONG,2199.32,2200.96,2199.69,1.27,0.38,ABOVE,10:10,2204.31,2.12,8.22,2.12,-7.37,9.49,True,11:25,2196.94,16:00,2203.72,session,-14.04,0.60,-14.64,LOSS
2024-03-22,XAUUSD,A,C3A,LONG,2181.23,2181.38,2181.37,0.01,0.14,ABOVE,10:05,2181.54,0.09,0.41,0.09,-0.31,0.40,True,10:15,2181.23,16:00,2173.57,session,7.21,0.60,6.61,WIN
2024-03-25,XAUUSD,A,C3A,LONG,2165.87,2166.88,2166.41,0.47,0.54,ABOVE,10:05,2167.74,1.77,2.22,1.77,-2.00,3.77,True,11:15,2165.74,16:00,2170.12,session,-6.76,0.60,-7.36,LOSS
2024-03-26,XAUUSD,A,C3A,SHORT,2172.68,2172.57,2172.11,0.45,0.11,BELOW,10:30,2172.07,0.78,1.25,0.78,-0.91,1.70,True,10:55,2172.99,16:00,2172.09,session,-1.62,0.60,-2.22,LOSS
2024-03-27,XAUUSD,A,C3A,SHORT,2178.95,2178.65,2178.48,0.17,0.30,BELOW,10:05,2178.43,0.16,0.27,0.16,-0.23,0.39,True,10:10,2178.66,16:00,2178.30,session,-0.69,0.60,-1.29,LOSS
2024-03-28,XAUUSD,A,C3A,LONG,2190.73,2192.49,2191.32,1.16,0.59,ABOVE,13:20,2192.91,4.06,0.08,,,,False,,,16:00,2195.76,session,2.85,0.30,2.55,WIN
2024-04-01,XAUUSD,A,C3A,LONG,2236.93,2237.49,2237.08,0.41,0.14,ABOVE,10:05,2238.41,27.36,0.58,,,,False,,,16:00,2259.34,session,20.93,0.30,20.63,WIN
2024-04-02,XAUUSD,A,C3A,SHORT,2254.59,2253.71,2251.64,2.07,0.88,BELOW,10:15,2250.46,3.74,3.45,3.74,-3.45,7.19,True,13:50,2253.91,16:00,2256.41,session,-1.34,0.60,-1.94,LOSS
2024-04-05,XAUUSD,A,C3A,LONG,2288.84,2290.55,2289.81,0.74,0.97,ABOVE,10:05,2290.99,0.20,1.56,0.20,-1.48,1.68,True,10:45,2289.51,16:00,2278.22,session,9.98,0.60,9.38,WIN
2024-04-08,XAUUSD,A,C3A,SHORT,2311.78,2311.39,2309.93,1.47,0.38,BELOW,10:10,2308.30,5.33,5.96,5.33,-5.31,10.64,True,11:25,2313.61,16:00,2332.86,session,10.77,0.60,10.17,WIN
2024-04-10,XAUUSD,A,C3A,LONG,2353.63,2354.89,2354.76,0.12,1.13,ABOVE,14:30,2355.01,0.72,0.92,0.72,-0.77,1.49,True,14:40,2354.24,16:00,2357.66,session,-3.71,0.60,-4.31,LOSS
2024-04-11,XAUUSD,A,C3A,SHORT,2336.35,2335.61,2334.99,0.62,0.74,BELOW,10:05,2333.49,0.06,2.57,0.06,-2.52,2.58,True,10:30,2336.01,16:00,2339.50,session,-2.69,0.60,-3.29,LOSS
2024-04-15,XAUUSD,A,C3A,SHORT,2365.42,2364.89,2361.99,2.90,0.53,BELOW,10:15,2361.41,12.99,3.41,,,,False,,,16:00,2360.30,session,1.11,0.30,0.81,WIN
2024-04-17,XAUUSD,A,C3A,SHORT,2384.01,2382.83,2381.43,1.40,1.18,BELOW,13:25,2381.32,0.55,1.73,0.55,-1.53,2.08,True,13:50,2382.85,13:50,2382.85,flip,-1.53,0.30,-1.83,LOSS
2024-04-18,XAUUSD,A,C3A,LONG,2366.86,2368.76,2368.08,0.68,1.22,ABOVE,10:30,2368.92,3.17,2.79,3.17,-2.20,5.37,True,11:25,2366.72,16:00,2378.14,session,-15.47,0.60,-16.07,LOSS
2024-04-19,XAUUSD,A,C3A,SHORT,2381.20,2379.93,2378.21,1.72,1.28,BELOW,10:05,2376.67,2.83,7.77,2.83,-7.32,10.15,True,11:00,2383.99,16:00,2382.32,session,-11.75,0.60,-12.35,LOSS
2024-04-23,XAUUSD,A,C3A,LONG,2332.15,2333.79,2332.82,0.97,0.67,ABOVE,11:05,2334.03,0.48,1.89,0.48,-1.88,2.36,True,11:20,2332.15,16:00,2308.55,session,19.36,0.60,18.76,WIN
2024-04-24,XAUUSD,A,C3A,SHORT,2324.03,2323.37,2322.55,0.82,0.66,BELOW,10:05,2322.36,6.52,1.45,6.52,-1.37,7.89,True,13:10,2323.73,16:00,2330.14,session,4.40,0.60,3.80,WIN
2024-04-25,XAUUSD,A,C3A,LONG,2316.12,2317.02,2316.39,0.63,0.26,ABOVE,10:05,2317.28,2.29,1.19,2.29,-1.03,3.32,True,11:10,2316.26,16:00,2318.84,session,-9.55,0.60,-10.15,LOSS
2024-04-26,XAUUSD,A,C3A,SHORT,2331.18,2331.08,2330.72,0.36,0.10,BELOW,10:05,2330.49,4.13,1.02,4.13,-0.72,4.86,True,11:30,2331.22,16:00,2340.23,session,8.39,0.60,7.79,WIN
2024-04-29,XAUUSD,A,C3A,SHORT,2336.30,2336.25,2335.93,0.32,0.05,BELOW,10:05,2335.39,15.55,1.24,,,,False,,,16:00,2330.07,session,5.32,0.30,5.02,WIN
2024-04-30,XAUUSD,A,C3A,SHORT,2333.61,2333.18,2332.26,0.91,0.43,BELOW,12:10,2329.74,9.10,2.56,,,,False,,,16:00,2321.50,session,8.24,0.30,7.94,WIN
2024-05-03,XAUUSD,A,C3A,LONG,2303.01,2304.32,2303.86,0.47,0.84,ABOVE,11:00,2304.59,1.85,1.34,1.85,-1.34,3.18,True,11:20,2303.26,16:00,2305.43,session,-3.09,0.60,-3.69,LOSS
2024-05-06,XAUUSD,A,C3A,SHORT,2295.23,2294.50,2294.03,0.47,0.73,BELOW,10:15,2293.06,1.21,1.59,1.21,-1.58,2.79,True,10:30,2294.64,16:00,2312.66,session,15.84,0.60,15.24,WIN
2024-05-07,XAUUSD,A,C3A,LONG,2325.41,2327.06,2326.17,0.89,0.76,ABOVE,10:15,2328.26,1.72,2.92,1.72,-2.86,4.58,True,11:20,2325.40,16:00,2319.72,session,3.11,0.60,2.51,WIN
2024-05-08,XAUUSD,A,C3A,LONG,2315.09,2315.80,2315.27,0.53,0.18,ABOVE,10:05,2315.86,0.27,1.33,0.27,-0.71,0.98,True,10:25,2315.15,16:00,2318.54,session,-4.14,0.60,-4.74,LOSS
2024-05-09,XAUUSD,A,C3A,LONG,2308.72,2309.11,2308.88,0.23,0.16,ABOVE,10:40,2309.57,2.81,1.55,2.81,-1.28,4.10,True,12:05,2308.29,12:05,2308.29,flip,-1.28,0.30,-1.58,LOSS
2024-05-13,XAUUSD,A,C3A,LONG,2360.20,2360.75,2360.55,0.20,0.35,ABOVE,10:10,2361.83,2.72,2.94,2.72,-2.30,5.02,True,11:10,2359.53,16:00,2353.89,session,3.05,0.60,2.45,WIN
2024-05-14,XAUUSD,A,C3A,SHORT,2338.84,2338.47,2338.39,0.08,0.38,BELOW,10:05,2337.81,0.00,1.26,0.00,-1.19,1.19,True,10:10,2339.00,16:00,2345.06,session,4.82,0.60,4.22,WIN
2024-05-21,XAUUSD,A,C3A,LONG,2426.20,2427.11,2426.36,0.75,0.17,ABOVE,10:15,2427.13,0.64,2.05,0.64,-1.14,1.78,True,10:25,2425.99,16:00,2415.74,session,9.00,0.60,8.40,WIN
2024-05-23,XAUUSD,A,C3A,LONG,2382.17,2382.60,2382.31,0.29,0.14,ABOVE,10:05,2382.97,0.81,1.25,0.81,-0.78,1.59,True,10:15,2382.20,16:00,2360.14,session,20.82,0.60,20.22,WIN
2024-05-24,XAUUSD,A,C3A,SHORT,2333.31,2332.26,2332.05,0.20,1.05,BELOW,10:05,2332.01,5.24,0.84,5.24,-0.74,5.99,True,11:15,2332.76,16:00,2337.13,session,2.26,0.60,1.66,WIN
2024-05-27,XAUUSD,A,C3A,SHORT,2337.80,2337.33,2336.74,0.59,0.47,BELOW,10:10,2336.52,1.99,1.11,1.99,-0.97,2.96,True,11:05,2337.49,16:00,2343.25,session,2.73,0.60,2.13,WIN
2024-05-28,XAUUSD,A,C3A,LONG,2351.76,2352.55,2352.28,0.26,0.52,ABOVE,10:10,2352.82,0.87,1.24,0.87,-0.96,1.83,True,10:20,2351.86,16:00,2349.55,session,1.17,0.60,0.57,WIN
2024-05-29,XAUUSD,A,C3A,LONG,2359.68,2360.14,2359.72,0.42,0.04,ABOVE,10:05,2360.50,0.47,1.14,0.47,-1.07,1.54,True,10:20,2359.43,16:00,2355.44,session,2.55,0.60,1.95,WIN
2024-05-30,XAUUSD,A,C3A,SHORT,2338.70,2338.51,2336.89,1.62,0.20,BELOW,10:10,2336.70,2.65,2.46,2.65,-2.39,5.05,True,11:10,2339.09,16:00,2325.26,session,-16.88,0.60,-17.48,LOSS
2024-06-04,XAUUSD,A,C3A,LONG,2350.43,2351.45,2350.59,0.86,0.17,ABOVE,10:20,2351.69,1.20,2.56,1.20,-2.20,3.40,True,11:05,2349.49,16:00,2350.89,session,-3.99,0.60,-4.59,LOSS
2024-06-06,XAUUSD,A,C3A,SHORT,2355.43,2355.15,2354.88,0.28,0.28,BELOW,10:35,2354.77,0.01,0.76,0.01,-0.66,0.66,True,10:40,2355.43,16:00,2367.24,session,11.16,0.60,10.56,WIN
2024-06-07,XAUUSD,A,C3A,SHORT,2377.05,2376.91,2376.53,0.38,0.13,BELOW,11:05,2376.49,6.98,1.42,6.98,-1.31,8.30,True,12:50,2377.80,16:00,2376.10,session,-3.33,0.60,-3.93,LOSS
2024-06-12,XAUUSD,A,C3A,LONG,2314.51,2315.57,2315.20,0.38,0.69,ABOVE,10:05,2315.66,0.00,0.76,0.00,-0.67,0.67,True,10:10,2314.99,16:00,2314.55,session,-0.07,0.60,-0.67,LOSS
2024-06-13,XAUUSD,A,C3A,SHORT,2321.44,2320.65,2318.53,2.12,0.79,BELOW,11:05,2317.22,9.01,0.72,,,,False,,,16:00,2313.55,session,3.66,0.30,3.36,WIN
2024-06-14,XAUUSD,A,C3A,LONG,2302.05,2303.33,2302.43,0.89,0.38,ABOVE,10:20,2303.39,8.34,0.33,,,,False,,,16:00,2309.13,session,5.74,0.30,5.44,WIN
2024-06-17,XAUUSD,A,C3A,SHORT,2328.98,2328.95,2326.58,2.37,0.03,BELOW,10:15,2325.90,8.60,3.11,,,,False,,,16:00,2317.45,session,8.45,0.30,8.15,WIN
2024-06-18,XAUUSD,A,C3A,LONG,2320.45,2322.18,2321.11,1.07,0.66,ABOVE,10:25,2322.28,3.31,1.87,3.31,-1.76,5.07,True,11:15,2320.53,16:00,2321.91,session,-3.22,0.60,-3.82,LOSS
2024-06-20,XAUUSD,A,C3A,LONG,2329.07,2329.51,2329.36,0.14,0.29,ABOVE,10:55,2329.83,15.12,0.00,,,,False,,,16:00,2341.70,session,11.88,0.30,11.57,WIN
2024-06-21,XAUUSD,A,C3A,LONG,2360.19,2361.32,2360.95,0.38,0.76,ABOVE,10:05,2362.68,2.22,3.02,2.22,-2.02,4.24,True,11:25,2360.66,16:00,2363.45,session,-8.18,0.60,-8.78,LOSS
2024-06-24,XAUUSD,A,C3A,LONG,2318.47,2320.90,2319.19,1.71,0.72,ABOVE,10:40,2321.16,6.18,2.09,,,,False,,,16:00,2323.34,session,2.18,0.30,1.88,WIN
2024-06-27,XAUUSD,A,C3A,LONG,2298.34,2298.45,2298.44,0.01,0.10,ABOVE,10:10,2299.80,0.41,1.70,0.41,-1.51,1.92,True,10:45,2298.29,16:00,2298.72,session,-3.29,0.60,-3.89,LOSS
2024-06-28,XAUUSD,A,C3A,SHORT,2327.87,2327.76,2327.32,0.45,0.11,BELOW,10:10,2326.66,7.56,0.45,,,,False,,,16:00,2325.72,session,0.95,0.30,0.65,WIN
2024-07-01,XAUUSD,A,C3A,SHORT,2325.72,2325.05,2323.43,1.61,0.67,BELOW,10:05,2323.40,1.14,2.00,1.14,-1.82,2.96,True,10:35,2325.22,16:00,2322.78,session,-4.70,0.60,-5.30,LOSS
2024-07-02,XAUUSD,A,C3A,LONG,2332.34,2333.51,2332.36,1.14,0.03,ABOVE,11:50,2333.53,0.86,1.68,0.86,-1.59,2.44,True,12:30,2331.95,16:00,2331.05,session,-0.63,0.60,-1.23,LOSS
2024-07-03,XAUUSD,A,C3A,LONG,2330.23,2330.92,2330.32,0.61,0.09,ABOVE,10:05,2331.47,0.75,1.17,0.75,-1.17,1.92,True,10:55,2330.30,16:00,2333.99,session,-5.05,0.60,-5.65,LOSS
2024-07-08,XAUUSD,A,C3A,SHORT,2386.47,2386.17,2384.70,1.47,0.30,BELOW,12:40,2383.78,3.01,3.01,3.01,-2.81,5.82,True,15:15,2386.59,15:15,2386.59,flip,-2.81,0.30,-3.11,LOSS
2024-07-09,XAUUSD,A,C3A,LONG,2361.65,2362.53,2361.86,0.67,0.21,ABOVE,10:10,2363.41,0.34,2.41,0.34,-2.35,2.68,True,10:30,2361.07,16:00,2364.91,session,-6.42,0.60,-7.02,LOSS
2024-07-18,XAUUSD,A,C3A,SHORT,2461.61,2461.45,2459.08,2.38,0.16,BELOW,10:05,2458.47,1.01,4.47,1.01,-4.25,5.26,True,11:10,2462.72,16:00,2465.74,session,-0.70,0.60,-1.30,LOSS
2024-07-19,XAUUSD,A,C3A,SHORT,2443.76,2441.38,2431.36,10.03,2.38,BELOW,10:10,2431.20,10.62,3.74,,,,False,,,16:00,2421.80,session,9.40,0.30,9.10,WIN
2024-07-25,XAUUSD,A,C3A,SHORT,2399.61,2398.89,2398.07,0.82,0.72,BELOW,10:05,2396.58,29.72,3.57,,,,False,,,16:00,2376.74,session,19.84,0.30,19.54,WIN
2024-07-26,XAUUSD,A,C3A,LONG,2363.72,2364.73,2363.86,0.88,0.14,ABOVE,10:05,2365.37,0.08,1.93,0.08,-1.65,1.74,True,10:25,2363.72,16:00,2372.59,session,-11.15,0.60,-11.75,LOSS
2024-07-29,XAUUSD,A,C3A,SHORT,2398.20,2398.09,2397.16,0.93,0.11,BELOW,11:15,2396.99,8.23,1.28,,,,False,,,16:00,2394.84,session,2.15,0.30,1.85,WIN
2024-08-01,XAUUSD,A,C3A,LONG,2445.39,2446.07,2445.84,0.24,0.45,ABOVE,10:05,2446.24,0.78,0.90,0.78,-0.74,1.52,True,10:20,2445.50,16:00,2447.62,session,-2.92,0.60,-3.52,LOSS
2024-08-07,XAUUSD,A,C3A,SHORT,2384.83,2384.69,2383.95,0.74,0.14,BELOW,10:05,2382.20,0.74,3.28,0.74,-2.86,3.60,True,10:50,2385.06,16:00,2389.93,session,0.49,0.60,-0.11,LOSS
2024-08-09,XAUUSD,A,C3A,LONG,2423.34,2425.12,2424.66,0.47,1.32,ABOVE,11:35,2425.25,3.78,1.97,3.78,-1.32,5.10,True,12:35,2423.93,16:00,2419.14,session,3.98,0.60,3.38,WIN
2024-08-13,XAUUSD,A,C3A,LONG,2474.41,2475.93,2475.57,0.36,1.16,ABOVE,10:05,2476.21,0.76,1.05,0.76,-0.95,1.70,True,10:15,2475.26,16:00,2463.03,session,10.54,0.60,9.94,WIN
2024-08-14,XAUUSD,A,C3A,LONG,2463.73,2464.28,2464.24,0.04,0.51,ABOVE,10:05,2465.55,7.10,3.03,7.10,-2.18,9.29,True,12:00,2463.37,16:00,2461.95,session,-0.89,0.60,-1.49,LOSS
2024-08-15,XAUUSD,A,C3A,LONG,2448.51,2449.52,2449.50,0.02,0.99,ABOVE,10:05,2449.56,0.43,0.96,0.43,-0.38,0.81,True,10:20,2449.18,10:20,2449.18,flip,-0.38,0.30,-0.68,LOSS
2024-08-20,XAUUSD,A,C3A,LONG,2503.36,2504.47,2503.73,0.74,0.38,ABOVE,10:05,2504.67,3.61,2.87,3.61,-1.66,5.26,True,11:10,2503.01,16:00,2500.57,session,-0.20,0.60,-0.80,LOSS
2024-08-21,XAUUSD,A,C3A,SHORT,2514.61,2513.07,2512.99,0.08,1.55,BELOW,11:20,2512.62,1.69,2.03,1.69,-1.25,2.94,True,11:40,2513.87,16:00,2515.76,session,-2.15,0.60,-2.75,LOSS
2024-08-23,XAUUSD,A,C3A,LONG,2486.26,2487.68,2487.35,0.33,1.09,ABOVE,10:15,2488.16,7.69,1.39,,,,False,,,16:00,2491.68,session,3.51,0.30,3.21,WIN
2024-08-26,XAUUSD,A,C3A,LONG,2514.30,2516.03,2515.30,0.73,1.00,ABOVE,10:25,2516.18,0.82,3.66,0.82,-3.66,4.47,True,10:45,2512.52,16:00,2510.54,session,-0.55,0.60,-1.15,LOSS
2024-08-27,XAUUSD,A,C3A,SHORT,2516.30,2515.66,2515.53,0.13,0.64,BELOW,10:10,2514.97,0.19,0.98,0.19,-0.81,1.01,True,10:15,2515.78,16:00,2514.71,session,-2.54,0.60,-3.14,LOSS
2024-08-28,XAUUSD,A,C3A,SHORT,2526.28,2525.37,2524.74,0.63,0.91,BELOW,10:10,2524.72,21.39,1.21,,,,False,,,16:00,2504.72,session,20.00,0.30,19.70,WIN
2024-08-29,XAUUSD,A,C3A,LONG,2507.82,2509.95,2508.22,1.73,0.40,ABOVE,10:05,2509.99,10.05,0.30,,,,False,,,16:00,2518.55,session,8.56,0.30,8.26,WIN
2024-09-02,XAUUSD,A,C3A,LONG,2502.38,2503.14,2503.03,0.11,0.66,ABOVE,10:10,2503.16,0.27,0.57,0.27,-0.36,0.63,True,10:15,2502.80,16:00,2497.97,session,4.61,0.60,4.01,WIN
2024-09-03,XAUUSD,A,C3A,SHORT,2497.93,2497.36,2497.33,0.03,0.57,BELOW,10:05,2496.52,6.82,1.11,,,,False,,,16:00,2493.51,session,3.01,0.30,2.71,WIN
2024-09-05,XAUUSD,A,C3A,LONG,2495.37,2496.57,2495.98,0.59,0.61,ABOVE,11:05,2497.05,2.38,1.62,2.38,-1.54,3.92,True,13:50,2495.51,16:00,2501.36,session,-7.95,0.60,-8.55,LOSS
2024-09-06,XAUUSD,A,C3A,SHORT,2517.75,2517.49,2517.43,0.06,0.26,BELOW,10:05,2517.19,4.10,0.92,4.10,-0.63,4.73,True,12:55,2517.82,16:00,2519.30,session,0.97,0.60,0.37,WIN
2024-09-09,XAUUSD,A,C3A,LONG,2496.43,2497.95,2497.01,0.94,0.59,ABOVE,11:05,2498.12,0.64,2.59,0.64,-2.03,2.67,True,11:20,2496.09,16:00,2489.55,session,3.09,0.60,2.49,WIN
2024-09-11,XAUUSD,A,C3A,LONG,2517.86,2518.78,2518.69,0.09,0.84,ABOVE,10:40,2519.01,0.17,1.30,0.17,-1.13,1.30,True,10:45,2517.88,16:00,2522.10,session,-5.99,0.60,-6.59,LOSS
2024-09-17,XAUUSD,A,C3A,LONG,2583.71,2584.18,2583.78,0.40,0.07,ABOVE,12:10,2585.18,1.18,3.52,1.18,-3.07,4.26,True,12:45,2582.11,16:00,2581.44,session,-2.53,0.60,-3.13,LOSS
2024-09-18,XAUUSD,A,C3A,LONG,2573.84,2574.21,2574.09,0.12,0.26,ABOVE,11:00,2574.38,0.38,1.94,0.38,-1.40,1.78,True,11:05,2572.98,16:00,2568.64,session,3.86,0.60,3.26,WIN
2024-09-19,XAUUSD,A,C3A,LONG,2557.37,2559.43,2558.36,1.06,0.99,ABOVE,12:15,2559.45,18.03,0.11,,,,False,,,16:00,2577.01,session,17.57,0.30,17.27,WIN
2024-09-23,XAUUSD,A,C3A,SHORT,2620.89,2620.28,2619.45,0.83,0.61,BELOW,10:05,2618.93,2.75,2.16,2.75,-2.16,4.91,True,11:35,2621.09,16:00,2629.01,session,5.72,0.60,5.12,WIN
2024-09-25,XAUUSD,A,C3A,SHORT,2658.52,2658.32,2657.59,0.73,0.20,BELOW,11:30,2656.39,0.51,4.08,0.51,-4.06,4.57,True,11:50,2660.45,16:00,2659.24,session,-4.89,0.60,-5.49,LOSS
2024-09-26,XAUUSD,A,C3A,SHORT,2658.44,2656.76,2656.43,0.33,1.68,BELOW,10:05,2656.26,0.77,0.64,0.77,-0.59,1.37,True,10:15,2656.86,16:00,2660.98,session,1.68,0.60,1.08,WIN
2024-10-01,XAUUSD,A,C3A,LONG,2635.35,2636.02,2635.85,0.17,0.50,ABOVE,10:05,2636.56,0.25,1.91,0.25,-1.84,2.09,True,10:35,2634.72,16:00,2643.51,session,-10.04,0.60,-10.64,LOSS
2024-10-02,XAUUSD,A,C3A,SHORT,2660.74,2660.41,2660.09,0.32,0.32,BELOW,10:05,2659.37,2.98,1.48,2.98,-1.40,4.38,True,11:45,2660.77,16:00,2648.14,session,-15.14,0.60,-15.74,LOSS
2024-10-04,XAUUSD,A,C3A,LONG,2655.33,2656.14,2655.89,0.24,0.57,ABOVE,10:05,2656.99,10.88,1.43,,,,False,,,16:00,2667.03,session,10.05,0.30,9.75,WIN
2024-10-08,XAUUSD,A,C3A,LONG,2643.31,2644.26,2644.09,0.18,0.78,ABOVE,10:15,2644.83,0.15,1.10,0.15,-0.92,1.07,True,10:25,2643.91,16:00,2642.28,session,0.41,0.60,-0.19,LOSS
2024-10-09,XAUUSD,A,C3A,LONG,2621.70,2622.67,2622.11,0.56,0.42,ABOVE,10:05,2623.09,0.74,1.11,0.74,-1.07,1.81,True,10:55,2622.02,16:00,2619.51,session,1.17,0.60,0.57,WIN
2024-10-10,XAUUSD,A,C3A,LONG,2608.30,2608.91,2608.86,0.05,0.56,ABOVE,10:05,2609.12,0.34,0.51,0.34,-0.51,0.85,True,10:35,2608.62,16:00,2614.88,session,-6.62,0.60,-7.22,LOSS
2024-10-15,XAUUSD,A,C3A,LONG,2650.11,2650.43,2650.12,0.31,0.01,ABOVE,10:05,2650.66,0.36,1.21,0.36,-1.18,1.54,True,10:40,2649.48,16:00,2642.24,session,6.05,0.60,5.45,WIN
2024-10-16,XAUUSD,A,C3A,SHORT,2662.57,2662.28,2662.01,0.27,0.29,BELOW,10:05,2661.70,0.36,0.91,0.36,-0.65,1.01,True,10:40,2662.36,16:00,2667.74,session,3.46,0.60,2.86,WIN
2024-10-17,XAUUSD,A,C3A,LONG,2673.43,2673.85,2673.82,0.03,0.39,ABOVE,10:10,2674.01,10.93,0.01,,,,False,,,16:00,2678.91,session,4.90,0.30,4.60,WIN
2024-10-21,XAUUSD,A,C3A,LONG,2722.20,2724.07,2723.70,0.37,1.49,ABOVE,10:35,2724.28,0.92,1.60,0.92,-1.59,2.51,True,10:45,2722.69,16:00,2730.11,session,-8.29,0.60,-8.89,LOSS
2024-10-23,XAUUSD,A,C3A,SHORT,2747.99,2747.57,2747.41,0.16,0.41,BELOW,10:40,2746.57,8.62,1.52,8.62,-1.48,10.11,True,15:10,2748.05,16:00,2750.20,session,-0.12,0.60,-0.72,LOSS
2024-10-24,XAUUSD,A,C3A,LONG,2717.93,2719.30,2718.11,1.18,0.18,ABOVE,10:10,2719.71,7.53,1.78,,,,False,,,16:00,2727.09,session,7.38,0.30,7.08,WIN
2024-10-28,XAUUSD,A,C3A,LONG,2732.72,2736.68,2734.66,2.02,1.93,ABOVE,10:05,2737.16,3.16,3.57,3.16,-3.34,6.50,True,11:05,2733.83,16:00,2733.31,session,-2.87,0.60,-3.47,LOSS
2024-10-29,XAUUSD,A,C3A,LONG,2741.53,2742.20,2741.66,0.53,0.13,ABOVE,10:10,2742.49,0.36,1.24,0.36,-1.03,1.39,True,10:30,2741.46,10:30,2741.46,flip,-1.03,0.30,-1.33,LOSS
2024-10-30,XAUUSD,A,C3A,SHORT,2774.93,2774.76,2774.24,0.53,0.17,BELOW,10:05,2773.91,0.38,1.35,0.38,-1.14,1.53,True,10:50,2775.05,16:00,2779.44,session,3.17,0.60,2.57,WIN
2024-10-31,XAUUSD,A,C3A,LONG,2786.90,2787.88,2787.51,0.36,0.61,ABOVE,11:15,2787.99,0.28,1.32,0.28,-1.23,1.51,True,11:20,2786.76,16:00,2784.18,session,0.80,0.60,0.20,WIN
2024-11-01,XAUUSD,A,C3A,LONG,2745.88,2746.32,2746.18,0.14,0.30,ABOVE,10:05,2746.62,1.32,0.92,1.32,-0.88,2.20,True,11:30,2745.75,16:00,2752.36,session,-7.37,0.60,-7.97,LOSS
2025-03-10,XAUUSD,A,C3A,LONG,2911.96,2912.74,2911.99,0.75,0.03,ABOVE,10:05,2912.80,5.59,2.98,5.59,-2.03,7.62,True,13:10,2910.76,16:00,2909.59,session,-0.39,0.60,-0.99,LOSS
2025-03-11,XAUUSD,A,C3A,SHORT,2885.36,2885.06,2884.66,0.40,0.30,BELOW,10:15,2884.34,1.91,1.76,1.91,-0.81,2.72,True,11:05,2885.14,16:00,2897.84,session,9.79,0.60,9.19,WIN
2025-03-12,XAUUSD,A,C3A,LONG,2915.47,2918.43,2917.79,0.64,2.32,ABOVE,10:05,2919.46,0.30,2.03,0.30,-1.87,2.16,True,10:10,2917.59,16:00,2913.74,session,1.08,0.60,0.48,WIN
2025-03-13,XAUUSD,A,C3A,LONG,2937.78,2938.58,2938.22,0.36,0.43,ABOVE,10:35,2938.69,0.20,1.33,0.20,-1.01,1.21,True,10:45,2937.68,16:00,2944.63,session,-7.63,0.60,-8.23,LOSS
2025-03-17,XAUUSD,A,C3A,LONG,2989.15,2989.48,2989.18,0.30,0.03,ABOVE,10:05,2989.83,4.41,1.49,4.41,-1.49,5.89,True,11:10,2988.34,16:00,2983.08,session,3.13,0.60,2.53,WIN
2025-03-19,XAUUSD,A,C3A,LONG,3034.04,3034.66,3034.53,0.12,0.49,ABOVE,14:10,3034.94,4.11,0.95,,,,False,,,16:00,3037.36,session,2.41,0.30,2.11,WIN
2025-03-21,XAUUSD,A,C3A,LONG,3045.11,3045.89,3045.84,0.05,0.72,ABOVE,10:10,3046.07,0.00,0.68,0.00,-0.37,0.37,True,10:15,3045.70,16:00,3029.61,session,15.24,0.60,14.64,WIN
2025-03-25,XAUUSD,A,C3A,LONG,3010.17,3011.86,3011.51,0.35,1.34,ABOVE,10:05,3012.09,0.00,0.62,0.00,-0.60,0.60,True,10:10,3011.49,16:00,3017.42,session,-7.04,0.60,-7.64,LOSS
2025-03-26,XAUUSD,A,C3A,LONG,3020.82,3021.47,3021.46,0.01,0.64,ABOVE,10:05,3021.55,0.07,0.37,0.07,-0.36,0.43,True,10:10,3021.20,16:00,3015.64,session,5.09,0.60,4.49,WIN
2025-03-27,XAUUSD,A,C3A,SHORT,3020.01,3019.55,3018.78,0.76,0.47,BELOW,10:15,3018.77,0.41,1.35,0.41,-1.09,1.51,True,10:20,3019.86,16:00,3033.53,session,11.70,0.60,11.10,WIN
2025-03-28,XAUUSD,A,C3A,SHORT,3055.93,3055.16,3054.51,0.65,0.77,BELOW,10:05,3054.34,0.11,0.96,0.11,-0.94,1.05,True,10:40,3055.28,16:00,3074.30,session,17.46,0.60,16.86,WIN
2025-04-03,XAUUSD,A,C3A,LONG,3144.70,3148.82,3145.99,2.82,1.30,ABOVE,10:05,3153.24,14.60,10.47,14.60,-10.47,25.07,True,11:15,3142.76,16:00,3140.43,session,-7.12,0.60,-7.72,LOSS
2025-04-07,XAUUSD,A,C3A,LONG,2995.82,2999.75,2999.64,0.11,3.82,ABOVE,11:10,3007.05,50.25,2.32,,,,False,,,16:00,3030.14,session,23.09,0.30,22.79,WIN
2025-04-09,XAUUSD,A,C3A,LONG,2970.83,2978.57,2977.97,0.61,7.14,ABOVE,10:05,2981.02,6.08,8.61,6.08,-7.58,13.66,True,11:00,2973.44,11:00,2973.44,flip,-7.58,0.30,-7.88,LOSS
2025-04-16,XAUUSD,A,C3A,LONG,3244.05,3258.99,3251.91,7.07,7.87,ABOVE,10:15,3259.17,32.76,3.16,,,,False,,,16:00,3287.07,session,27.90,0.30,27.60,WIN
2025-04-17,XAUUSD,A,C3A,SHORT,3352.01,3350.27,3346.19,4.08,1.74,BELOW,10:05,3344.85,2.84,8.66,2.84,-8.21,11.05,True,11:10,3353.06,16:00,3326.47,session,-37.94,0.60,-38.54,LOSS
2025-04-22,XAUUSD,A,C3A,SHORT,3436.39,3434.53,3419.24,15.30,1.86,BELOW,10:05,3418.82,3.45,17.75,3.45,-17.18,20.63,True,11:15,3436.01,16:00,3490.03,session,32.80,0.60,32.20,WIN
2025-04-23,XAUUSD,A,C3A,SHORT,3339.34,3338.49,3336.80,1.69,0.84,BELOW,13:10,3336.32,5.30,3.84,5.30,-2.70,8.01,True,13:15,3339.03,16:00,3310.12,session,-31.59,0.60,-32.19,LOSS
2025-04-24,XAUUSD,A,C3A,LONG,3314.59,3316.48,3315.23,1.25,0.64,ABOVE,10:05,3317.54,50.14,0.00,,,,False,,,16:00,3325.75,session,8.21,0.30,7.91,WIN
2025-04-25,XAUUSD,A,C3A,SHORT,3353.24,3352.45,3348.92,3.53,0.78,BELOW,11:20,3348.74,0.16,4.33,0.16,-4.33,4.49,True,11:25,3353.07,16:00,3297.05,session,-60.72,0.60,-61.32,LOSS
2025-04-28,XAUUSD,A,C3A,LONG,3302.11,3308.28,3302.80,5.48,0.69,ABOVE,10:05,3310.82,5.34,9.49,5.34,-8.91,14.25,True,11:15,3301.91,16:00,3292.91,session,-6.43,0.60,-7.03,LOSS
2025-04-29,XAUUSD,A,C3A,SHORT,3339.34,3337.66,3335.00,2.66,1.67,BELOW,10:20,3334.10,28.96,6.04,,,,False,,,16:00,3310.32,session,23.78,0.30,23.48,WIN
2025-04-30,XAUUSD,A,C3A,LONG,3315.81,3321.33,3317.18,4.15,1.37,ABOVE,10:05,3323.45,4.70,7.32,4.70,-7.05,11.75,True,10:35,3316.41,16:00,3310.02,session,-2.76,0.60,-3.36,LOSS
2025-05-01,XAUUSD,A,C3A,SHORT,3275.97,3274.68,3273.03,1.64,1.29,BELOW,10:15,3268.74,47.41,0.03,,,,False,,,16:00,3241.14,session,27.59,0.30,27.29,WIN
2025-05-02,XAUUSD,A,C3A,LONG,3237.30,3240.12,3237.44,2.68,0.14,ABOVE,10:15,3240.76,3.70,8.87,3.70,-8.09,11.78,True,10:45,3232.68,16:00,3252.94,session,-30.57,0.60,-31.17,LOSS
2025-05-05,XAUUSD,A,C3A,SHORT,3250.09,3248.16,3246.58,1.58,1.93,BELOW,10:05,3245.57,4.37,7.78,4.37,-7.75,12.12,True,11:00,3253.32,16:00,3257.63,session,-5.95,0.60,-6.55,LOSS
2025-05-06,XAUUSD,A,C3A,SHORT,3334.46,3334.13,3332.28,1.85,0.33,BELOW,10:15,3328.84,6.09,21.59,6.09,-20.95,27.04,True,11:00,3349.80,16:00,3360.53,session,-19.52,0.60,-20.12,LOSS
2025-05-09,XAUUSD,A,C3A,LONG,3316.16,3317.84,3316.47,1.37,0.30,ABOVE,10:45,3319.75,3.53,6.40,3.53,-4.05,7.59,True,11:10,3315.70,16:00,3323.17,session,-16.38,0.60,-16.98,LOSS
2025-05-13,XAUUSD,A,C3A,SHORT,3237.79,3237.20,3236.86,0.34,0.59,BELOW,10:30,3236.21,2.25,2.12,2.25,-2.05,4.30,True,10:50,3238.26,16:00,3256.28,session,14.27,0.60,13.67,WIN
2025-05-14,XAUUSD,A,C3A,SHORT,3254.82,3254.44,3249.14,5.30,0.38,BELOW,10:05,3245.51,23.95,6.39,,,,False,,,16:00,3233.58,session,11.93,0.30,11.63,WIN
2025-05-19,XAUUSD,A,C3A,LONG,3227.36,3236.66,3235.03,1.63,7.66,ABOVE,10:05,3243.26,6.59,12.12,6.59,-9.67,16.26,True,11:10,3233.59,16:00,3224.43,session,-4.32,0.60,-4.92,LOSS
2025-05-23,XAUUSD,A,C3A,SHORT,3301.55,3300.22,3295.43,4.79,1.33,BELOW,10:50,3295.26,1.36,5.76,1.36,-5.62,6.98,True,10:55,3300.89,16:00,3329.28,session,21.80,0.60,21.20,WIN
2025-05-27,XAUUSD,A,C3A,SHORT,3346.44,3346.20,3345.41,0.79,0.24,BELOW,10:20,3344.55,0.72,2.15,0.72,-2.03,2.74,True,10:30,3346.57,16:00,3323.65,session,-25.30,0.60,-25.90,LOSS
2025-05-29,XAUUSD,A,C3A,LONG,3259.05,3262.92,3259.93,2.99,0.88,ABOVE,10:35,3264.40,4.88,9.93,4.88,-8.97,13.85,True,11:00,3255.43,16:00,3274.38,session,-27.73,0.60,-28.33,LOSS
2025-05-30,XAUUSD,A,C3A,LONG,3314.32,3318.20,3315.57,2.64,1.25,ABOVE,11:15,3319.93,2.99,7.86,2.99,-5.01,8.00,True,11:30,3314.93,16:00,3301.76,session,7.86,0.60,7.26,WIN
2025-06-06,XAUUSD,A,C3A,LONG,3361.58,3363.73,3361.91,1.82,0.33,ABOVE,10:10,3363.87,0.29,2.48,0.29,-2.12,2.41,True,10:35,3361.74,16:00,3364.78,session,-5.39,0.60,-5.99,LOSS
2025-06-12,XAUUSD,A,C3A,LONG,3362.89,3365.51,3363.60,1.91,0.70,ABOVE,10:15,3366.76,11.13,4.30,,,,False,,,16:00,3374.44,session,7.68,0.30,7.38,WIN
2025-06-13,XAUUSD,A,C3A,LONG,3389.91,3400.94,3395.86,5.09,5.94,ABOVE,10:05,3410.93,33.57,10.69,,,,False,,,16:00,3425.84,session,14.92,0.30,14.62,WIN
2025-06-24,XAUUSD,A,C3A,SHORT,3347.80,3344.49,3335.88,8.61,3.31,BELOW,15:35,3333.58,6.86,2.64,,,,False,,,16:00,3331.11,session,2.47,0.30,2.17,WIN
2025-06-27,XAUUSD,A,C3A,SHORT,3320.43,3318.73,3316.64,2.09,1.70,BELOW,10:15,3316.45,3.15,2.59,3.15,-2.53,5.68,True,10:55,3318.98,16:00,3298.92,session,-22.93,0.60,-23.53,LOSS
2025-06-30,XAUUSD,A,C3A,SHORT,3266.78,3266.16,3263.81,2.35,0.62,BELOW,10:35,3263.62,0.32,2.97,0.32,-2.72,3.03,True,10:45,3266.34,16:00,3290.05,session,15.30,0.60,14.70,WIN
2025-07-02,XAUUSD,A,C3A,SHORT,3338.40,3338.21,3337.01,1.20,0.19,BELOW,10:35,3336.82,0.84,1.71,0.84,-1.64,2.48,True,10:45,3338.47,16:00,3337.15,session,-3.01,0.60,-3.61,LOSS
2025-07-03,XAUUSD,A,C3A,SHORT,3350.63,3349.51,3346.14,3.38,1.12,BELOW,10:05,3345.59,3.58,4.45,3.58,-4.37,7.95,True,12:45,3349.97,16:00,3363.61,session,8.53,0.60,7.93,WIN
2025-07-04,XAUUSD,A,C3A,SHORT,3331.84,3330.99,3329.72,1.28,0.85,BELOW,10:05,3327.91,1.98,4.83,1.98,-4.70,6.68,True,11:15,3332.61,16:00,3341.31,session,2.37,0.60,1.77,WIN
2025-07-08,XAUUSD,A,C3A,SHORT,3336.58,3336.01,3334.72,1.29,0.57,BELOW,10:15,3333.76,4.02,3.34,4.02,-2.26,6.28,True,12:25,3336.02,16:00,3333.98,session,-5.38,0.60,-5.98,LOSS
2025-07-09,XAUUSD,A,C3A,LONG,3300.94,3306.38,3302.36,4.02,1.41,ABOVE,10:55,3307.18,0.13,7.77,0.13,-7.06,7.18,True,11:45,3300.12,16:00,3289.89,session,4.74,0.60,4.14,WIN
2025-07-10,XAUUSD,A,C3A,LONG,3317.17,3317.70,3317.24,0.46,0.07,ABOVE,10:05,3319.18,7.21,2.64,7.21,-1.99,9.20,True,13:50,3317.19,16:00,3321.61,session,-7.84,0.60,-8.44,LOSS
2025-07-14,XAUUSD,A,C3A,SHORT,3368.28,3367.74,3366.03,1.71,0.54,BELOW,10:05,3365.99,0.90,2.41,0.90,-2.27,3.18,True,10:10,3368.26,16:00,3357.71,session,-12.34,0.60,-12.94,LOSS
2025-07-18,XAUUSD,A,C3A,SHORT,3341.64,3340.34,3340.15,0.18,1.30,BELOW,10:05,3339.95,0.27,0.89,0.27,-0.89,1.16,True,10:10,3340.85,16:00,3332.57,session,-8.70,0.60,-9.30,LOSS
2025-07-21,XAUUSD,A,C3A,LONG,3347.68,3349.21,3348.79,0.42,1.11,ABOVE,10:05,3349.91,19.80,0.77,,,,False,,,16:00,3366.11,session,16.20,0.30,15.90,WIN
2025-07-25,XAUUSD,A,C3A,LONG,3368.64,3369.49,3369.05,0.43,0.41,ABOVE,10:05,3369.99,3.51,1.94,3.51,-1.94,5.45,True,11:15,3368.05,16:00,3359.43,session,6.04,0.60,5.44,WIN
2025-07-28,XAUUSD,A,C3A,LONG,3332.43,3334.86,3333.68,1.18,1.25,ABOVE,11:00,3336.39,2.43,5.07,2.43,-4.24,6.67,True,11:55,3332.14,16:00,3341.57,session,-14.53,0.60,-15.13,LOSS
2025-07-30,XAUUSD,A,C3A,LONG,3326.95,3330.12,3327.57,2.55,0.62,ABOVE,10:30,3330.39,3.37,5.93,3.37,-5.72,9.09,True,11:35,3324.68,16:00,3325.01,session,-7.79,0.60,-8.39,LOSS
2025-07-31,XAUUSD,A,C3A,LONG,3282.11,3287.51,3285.41,2.11,3.30,ABOVE,10:30,3287.57,14.39,2.53,,,,False,,,16:00,3299.69,session,12.12,0.30,11.82,WIN
2025-08-01,XAUUSD,A,C3A,SHORT,3290.77,3288.59,3287.82,0.76,2.18,BELOW,10:05,3287.66,1.05,2.46,1.05,-1.14,2.20,True,10:25,3288.81,16:00,3296.95,session,6.74,0.60,6.14,WIN
2025-08-06,XAUUSD,A,C3A,LONG,3382.38,3383.38,3383.26,0.12,0.88,ABOVE,10:15,3383.72,1.65,2.74,1.65,-0.84,2.49,True,10:40,3382.88,16:00,3376.38,session,5.27,0.60,4.67,WIN
2025-08-08,XAUUSD,A,C3A,SHORT,3400.68,3400.64,3399.68,0.95,0.05,BELOW,10:15,3394.26,13.05,5.33,,,,False,,,16:00,3395.08,session,-0.82,0.30,-1.12,LOSS
2025-08-11,XAUUSD,A,C3A,SHORT,3393.76,3391.53,3388.64,2.89,2.23,BELOW,10:10,3387.61,20.06,2.58,,,,False,,,16:00,3374.36,session,13.25,0.30,12.95,WIN
2025-08-12,XAUUSD,A,C3A,SHORT,3349.47,3349.12,3349.05,0.07,0.34,BELOW,11:30,3348.94,2.72,1.24,2.72,-1.19,3.91,True,11:35,3350.13,16:00,3351.30,session,-0.21,0.60,-0.81,LOSS
2025-08-13,XAUUSD,A,C3A,SHORT,3350.84,3350.64,3349.49,1.16,0.19,BELOW,10:05,3347.21,4.57,4.88,4.57,-3.76,8.33,True,11:55,3350.97,16:00,3351.57,session,-5.32,0.60,-5.92,LOSS
2025-08-14,XAUUSD,A,C3A,LONG,3362.90,3365.51,3362.95,2.57,0.05,ABOVE,10:05,3367.36,7.45,4.52,7.45,-4.49,11.94,True,12:55,3362.86,16:00,3356.74,session,-0.15,0.60,-0.75,LOSS
2025-08-20,XAUUSD,A,C3A,SHORT,3315.20,3314.41,3313.88,0.53,0.79,BELOW,10:10,3313.84,1.03,1.97,1.03,-1.91,2.94,True,10:45,3315.76,16:00,3324.66,session,7.24,0.60,6.64,WIN
2025-08-22,XAUUSD,A,C3A,SHORT,3339.24,3338.52,3337.07,1.45,0.72,BELOW,10:10,3336.62,1.43,2.64,1.43,-2.59,4.03,True,10:30,3339.21,16:00,3328.51,session,-13.37,0.60,-13.97,LOSS
2025-08-25,XAUUSD,A,C3A,SHORT,3369.32,3369.14,3366.11,3.03,0.18,BELOW,10:05,3365.39,5.61,2.84,,,,False,,,16:00,3366.51,session,-1.12,0.30,-1.42,LOSS
2025-08-26,XAUUSD,A,C3A,LONG,3352.93,3357.05,3354.99,2.07,2.06,ABOVE,10:05,3360.18,26.51,0.60,,,,False,,,16:00,3375.76,session,15.58,0.30,15.28,WIN
2025-08-27,XAUUSD,A,C3A,SHORT,3391.19,3390.93,3390.89,0.04,0.26,BELOW,10:30,3389.80,0.82,1.59,0.82,-1.38,2.20,True,10:50,3391.18,10:50,3391.18,flip,-1.38,0.30,-1.68,LOSS
2025-09-04,XAUUSD,A,C3A,LONG,3557.99,3560.55,3558.72,1.84,0.73,ABOVE,10:55,3561.57,1.90,5.99,1.90,-5.50,7.40,True,11:15,3556.07,16:00,3527.32,session,21.09,0.60,20.49,WIN
2025-09-05,XAUUSD,A,C3A,LONG,3552.51,3554.72,3552.76,1.96,0.26,ABOVE,11:20,3554.86,1.25,3.84,1.25,-3.70,4.95,True,11:45,3551.15,16:00,3556.62,session,-10.02,0.60,-10.62,LOSS
2025-09-08,XAUUSD,A,C3A,SHORT,3591.61,3591.21,3587.72,3.49,0.39,BELOW,11:05,3587.55,2.65,7.03,2.65,-3.68,6.33,True,12:00,3591.24,12:00,3591.24,flip,-3.68,0.30,-3.98,LOSS
2025-09-09,XAUUSD,A,C3A,LONG,3632.22,3635.04,3634.97,0.07,2.76,ABOVE,10:10,3637.21,22.23,1.05,,,,False,,,16:00,3650.64,session,13.44,0.30,13.14,WIN
2025-09-10,XAUUSD,A,C3A,SHORT,3636.57,3633.70,3631.41,2.29,2.87,BELOW,10:10,3630.47,10.33,5.18,10.33,-3.77,14.10,True,12:10,3634.24,16:00,3641.52,session,1.93,0.60,1.33,WIN
2025-09-11,XAUUSD,A,C3A,LONG,3644.36,3645.86,3645.01,0.86,0.65,ABOVE,10:10,3646.68,0.58,2.28,0.58,-2.22,2.80,True,10:30,3644.45,16:00,3626.55,session,15.88,0.60,15.28,WIN
2025-09-17,XAUUSD,A,C3A,LONG,3693.01,3694.48,3693.39,1.09,0.39,ABOVE,10:05,3694.95,0.57,2.39,0.57,-1.74,2.32,True,10:30,3693.20,16:00,3678.32,session,13.11,0.60,12.51,WIN
2025-09-18,XAUUSD,A,C3A,SHORT,3669.78,3669.05,3667.01,2.05,0.73,BELOW,10:05,3663.97,20.03,4.94,,,,False,,,16:00,3644.21,session,19.76,0.30,19.46,WIN
2025-09-19,XAUUSD,A,C3A,LONG,3638.59,3641.90,3640.20,1.70,1.61,ABOVE,11:00,3644.12,7.28,11.74,7.28,-4.13,11.41,True,11:55,3639.99,16:00,3652.38,session,-17.23,0.60,-17.83,LOSS
2025-09-23,XAUUSD,A,C3A,SHORT,3748.79,3748.42,3747.78,0.64,0.37,BELOW,10:10,3746.82,1.78,2.38,1.78,-2.26,4.04,True,10:25,3749.07,16:00,3753.26,session,2.43,0.60,1.83,WIN
2025-09-26,XAUUSD,A,C3A,LONG,3744.76,3747.22,3744.78,2.44,0.01,ABOVE,10:50,3747.66,5.65,3.85,5.65,-3.79,9.45,True,11:10,3743.86,16:00,3744.24,session,-6.33,0.60,-6.93,LOSS
2025-09-30,XAUUSD,A,C3A,LONG,3830.05,3835.79,3832.97,2.82,2.91,ABOVE,10:10,3838.67,31.87,3.96,,,,False,,,16:00,3868.25,session,29.58,0.30,29.28,WIN
2025-10-01,XAUUSD,A,C3A,LONG,3862.58,3864.60,3863.05,1.55,0.47,ABOVE,10:10,3865.14,0.24,3.87,0.24,-3.87,4.11,True,10:25,3861.26,16:00,3861.91,session,-5.50,0.60,-6.10,LOSS
2025-10-02,XAUUSD,A,C3A,LONG,3862.32,3863.49,3862.49,1.01,0.17,ABOVE,11:20,3864.45,3.16,2.91,3.16,-2.63,5.79,True,12:00,3861.82,12:00,3861.82,flip,-2.63,0.30,-2.93,LOSS
2025-10-03,XAUUSD,A,C3A,SHORT,3862.87,3862.27,3860.32,1.95,0.60,BELOW,10:05,3860.14,22.07,2.68,,,,False,,,16:00,3852.65,session,7.49,0.30,7.19,WIN
2025-10-06,XAUUSD,A,C3A,LONG,3894.26,3918.51,3899.41,19.11,5.15,ABOVE,13:00,3922.18,18.65,3.29,,,,False,,,16:00,3939.68,session,17.51,0.30,17.21,WIN
2025-10-07,XAUUSD,A,C3A,LONG,3961.57,3964.53,3963.55,0.99,1.97,ABOVE,10:15,3966.99,10.41,5.55,10.41,-4.18,14.59,True,11:55,3962.81,16:00,3972.43,session,-17.10,0.60,-17.70,LOSS
2025-10-08,XAUUSD,A,C3A,LONG,3987.53,3990.64,3989.59,1.05,2.07,ABOVE,10:15,3991.93,0.00,3.34,0.00,-2.88,2.88,True,10:25,3989.05,16:00,4026.62,session,-43.75,0.60,-44.35,LOSS
2025-10-09,XAUUSD,A,C3A,SHORT,4022.09,4021.51,4014.14,7.37,0.57,BELOW,10:25,4013.95,12.62,8.51,12.62,-7.86,20.47,True,11:15,4021.80,16:00,4038.07,session,2.98,0.60,2.38,WIN
2025-10-10,XAUUSD,A,C3A,SHORT,3977.20,3975.81,3975.34,0.47,1.39,BELOW,10:05,3975.11,0.55,2.27,0.55,-1.98,2.53,True,10:15,3977.09,16:00,3967.93,session,-16.21,0.60,-16.81,LOSS
2025-10-13,XAUUSD,A,C3A,LONG,4036.67,4050.49,4042.49,8.00,5.82,ABOVE,10:05,4059.84,0.11,19.34,0.11,-18.03,18.13,True,10:30,4041.82,16:00,4061.55,session,-37.14,0.60,-37.74,LOSS
2025-10-14,XAUUSD,A,C3A,LONG,4111.95,4115.22,4115.02,0.20,3.06,ABOVE,10:05,4115.50,1.61,1.68,1.61,-0.65,2.27,True,10:10,4114.85,16:00,4169.50,session,-55.29,0.60,-55.89,LOSS
2025-10-15,XAUUSD,A,C3A,SHORT,4161.02,4158.73,4158.47,0.26,2.30,BELOW,11:25,4156.14,1.03,9.19,1.03,-8.51,9.53,True,11:35,4164.65,16:00,4179.31,session,3.49,0.60,2.89,WIN
2025-10-17,XAUUSD,A,C3A,SHORT,4357.89,4349.93,4346.97,2.96,7.96,BELOW,12:15,4337.00,58.32,15.47,58.32,-15.23,73.55,True,14:05,4352.23,16:00,4368.76,session,-5.24,0.60,-5.84,LOSS
2025-10-20,XAUUSD,A,C3A,SHORT,4262.23,4255.99,4254.83,1.16,6.24,BELOW,10:05,4252.59,33.48,12.39,33.48,-10.35,43.82,True,12:25,4262.94,16:00,4265.10,session,-4.67,0.60,-5.27,LOSS
2025-10-22,XAUUSD,A,C3A,SHORT,4124.93,4123.50,4119.80,3.70,1.43,BELOW,10:10,4117.15,2.63,10.17,2.63,-6.73,9.36,True,10:25,4123.88,16:00,4133.36,session,0.15,0.60,-0.45,LOSS
2025-10-27,XAUUSD,A,C3A,LONG,4078.47,4083.22,4081.91,1.31,3.44,ABOVE,10:05,4085.41,1.65,6.96,1.65,-4.91,6.55,True,10:20,4080.50,16:00,4072.28,session,-2.46,0.60,-3.06,LOSS
2025-10-28,XAUUSD,A,C3A,SHORT,3990.21,3990.09,3987.18,2.92,0.12,BELOW,10:05,3985.70,2.45,7.41,2.45,-6.41,8.86,True,10:15,3992.11,16:00,3973.37,session,-27.52,0.60,-28.12,LOSS
2025-10-30,XAUUSD,A,C3A,SHORT,3946.38,3942.84,3941.46,1.38,3.54,BELOW,13:00,3937.55,22.03,6.28,22.03,-5.89,27.93,True,15:10,3943.45,16:00,3971.40,session,16.58,0.60,15.98,WIN
2025-10-31,XAUUSD,A,C3A,LONG,4028.78,4037.72,4032.20,5.53,3.42,ABOVE,10:45,4040.51,2.74,11.58,2.74,-8.95,11.69,True,11:05,4031.56,16:00,4000.71,session,22.38,0.60,21.78,WIN
2026-03-10,XAUUSD,A,C3A,LONG,5142.04,5152.90,5142.65,10.26,0.61,ABOVE,10:15,5154.59,1.09,18.41,1.09,-17.16,18.25,True,10:40,5137.43,16:00,5168.64,session,-44.07,0.60,-44.67,LOSS
2026-03-12,XAUUSD,A,C3A,SHORT,5168.32,5147.68,5138.59,9.09,20.64,BELOW,10:55,5134.60,8.95,14.57,8.95,-14.48,23.43,True,11:20,5149.08,16:00,5145.12,session,-22.09,0.60,-22.69,LOSS
2026-03-13,XAUUSD,A,C3A,LONG,5088.42,5096.10,5093.23,2.87,4.81,ABOVE,10:20,5096.73,31.75,4.60,,,,False,,,16:00,5104.38,session,7.65,0.30,7.35,WIN
2026-03-16,XAUUSD,A,C3A,LONG,5020.97,5024.46,5021.85,2.61,0.88,ABOVE,11:30,5030.37,0.00,18.68,0.00,-12.93,12.93,True,12:00,5017.44,16:00,5013.93,session,-12.81,0.60,-13.41,LOSS
2026-03-17,XAUUSD,A,C3A,SHORT,5005.76,5005.59,5002.43,3.16,0.16,BELOW,11:30,5002.31,7.10,7.05,7.10,-6.97,14.06,True,12:05,5009.28,16:00,5035.57,session,18.27,0.60,17.67,WIN
2026-03-20,XAUUSD,A,C3A,SHORT,4645.99,4644.15,4636.48,7.67,1.84,BELOW,10:40,4635.86,0.23,9.31,0.23,-8.90,9.12,True,10:45,4644.76,16:00,4712.33,session,56.84,0.60,56.24,WIN
2026-03-23,XAUUSD,A,C3A,SHORT,4506.35,4499.27,4498.59,0.68,7.08,BELOW,10:05,4495.03,175.08,4.69,,,,False,,,16:00,4372.78,session,122.25,0.30,121.95,WIN
2026-03-24,XAUUSD,A,C3A,LONG,4412.40,4426.83,4426.36,0.47,13.96,ABOVE,10:05,4432.77,15.45,12.43,15.45,-10.75,26.20,True,11:10,4422.02,16:00,4328.04,session,73.01,0.60,72.41,WIN
2026-03-26,XAUUSD,A,C3A,SHORT,4518.37,4517.93,4504.42,13.51,0.44,BELOW,10:20,4503.36,14.28,24.47,14.28,-24.47,38.76,True,11:10,4527.83,16:00,4518.47,session,-33.60,0.60,-34.20,LOSS
2026-03-31,XAUUSD,A,C3A,SHORT,4512.37,4510.50,4502.80,7.70,1.87,BELOW,10:05,4495.35,2.53,20.26,2.53,-16.13,18.66,True,10:35,4511.48,16:00,4569.26,session,34.19,0.60,33.59,WIN
2026-04-01,XAUUSD,A,C3A,LONG,4671.27,4681.23,4677.03,4.20,5.76,ABOVE,10:25,4682.22,42.15,6.56,42.15,-5.28,47.43,True,15:00,4676.94,16:00,4676.09,session,-6.33,0.60,-6.93,LOSS
2026-04-02,XAUUSD,A,C3A,SHORT,4780.38,4778.79,4776.90,1.89,1.59,BELOW,12:00,4743.60,94.12,21.45,,,,False,,,16:00,4672.63,session,70.97,0.30,70.67,WIN
2026-04-09,XAUUSD,A,C3A,SHORT,4717.78,4715.88,4705.78,10.10,1.90,BELOW,10:05,4700.86,1.68,17.70,1.68,-17.61,19.29,True,10:40,4718.48,16:00,4721.77,session,-11.79,0.60,-12.39,LOSS
2026-04-13,XAUUSD,A,C3A,LONG,4660.18,4671.87,4668.49,3.38,8.31,ABOVE,10:10,4672.47,58.34,3.31,,,,False,,,16:00,4726.26,session,53.80,0.30,53.50,WIN
2026-04-15,XAUUSD,A,C3A,SHORT,4841.73,4838.40,4837.38,1.03,3.32,BELOW,10:05,4834.86,7.57,6.05,7.57,-5.89,13.46,True,11:05,4840.74,16:00,4821.26,session,-34.94,0.60,-35.54,LOSS
2026-04-17,XAUUSD,A,C3A,SHORT,4794.14,4791.63,4788.39,3.24,2.51,BELOW,11:05,4783.69,15.85,8.89,15.85,-8.28,24.13,True,12:00,4791.98,16:00,4793.61,session,-7.91,0.60,-8.51,LOSS
2026-04-20,XAUUSD,A,C3A,LONG,4744.02,4755.28,4749.81,5.47,5.79,ABOVE,10:15,4758.36,56.10,1.49,,,,False,,,16:00,4790.71,session,32.35,0.30,32.05,WIN
2026-04-21,XAUUSD,A,C3A,LONG,4821.12,4824.62,4822.45,2.18,1.32,ABOVE,10:05,4828.48,2.38,8.70,2.38,-8.35,10.73,True,10:25,4820.12,16:00,4782.82,session,26.98,0.60,26.38,WIN
2026-04-22,XAUUSD,A,C3A,LONG,4738.14,4743.28,4738.40,4.88,0.26,ABOVE,10:05,4744.44,27.55,8.55,,,,False,,,16:00,4759.26,session,14.81,0.30,14.51,WIN
2026-04-23,XAUUSD,A,C3A,SHORT,4728.12,4728.04,4721.46,6.58,0.09,BELOW,10:05,4715.50,21.36,26.81,21.36,-25.90,47.26,True,10:25,4741.40,16:00,4714.82,session,-57.98,0.60,-58.58,LOSS
2026-04-24,XAUUSD,A,C3A,SHORT,4696.72,4696.12,4691.84,4.28,0.60,BELOW,11:40,4690.93,0.61,6.37,0.61,-6.34,6.95,True,11:45,4697.27,16:00,4683.48,session,-19.95,0.60,-20.55,LOSS
2026-04-27,XAUUSD,A,C3A,SHORT,4680.88,4680.45,4678.90,1.55,0.43,BELOW,10:05,4675.74,0.00,6.76,0.00,-5.16,5.16,True,10:25,4680.91,16:00,4711.28,session,23.52,0.60,22.92,WIN
2026-04-29,XAUUSD,A,C3A,LONG,4589.43,4606.59,4595.11,11.48,5.68,ABOVE,10:05,4608.43,1.94,28.25,1.94,-26.05,27.98,True,11:00,4582.39,16:00,4597.10,session,-41.86,0.60,-42.46,LOSS
2026-04-30,XAUUSD,A,C3A,LONG,4558.00,4561.73,4559.25,2.48,1.25,ABOVE,10:05,4562.07,1.10,4.25,1.10,-4.09,5.18,True,10:10,4557.99,16:00,4562.06,session,-8.87,0.60,-9.47,LOSS
2026-05-01,XAUUSD,A,C3A,SHORT,4631.59,4628.10,4626.90,1.20,3.49,BELOW,10:10,4622.71,8.51,11.99,8.51,-8.12,16.64,True,12:10,4630.84,16:00,4605.51,session,-36.16,0.60,-36.76,LOSS
2026-05-04,XAUUSD,A,C3A,SHORT,4614.57,4613.97,4608.76,5.21,0.60,BELOW,10:15,4607.82,16.54,10.99,16.54,-7.49,24.03,True,13:55,4615.31,13:55,4615.31,flip,-7.49,0.30,-7.79,LOSS
2026-05-08,XAUUSD,A,C3A,LONG,4700.99,4705.08,4703.33,1.75,2.34,ABOVE,10:05,4707.80,1.81,6.12,1.81,-4.93,6.74,True,10:10,4702.87,16:00,4728.36,session,-37.86,0.60,-38.46,LOSS
2026-05-11,XAUUSD,A,C3A,SHORT,4698.44,4691.84,4687.49,4.35,6.60,BELOW,10:05,4686.12,10.11,7.23,10.11,-6.90,17.01,True,10:30,4693.03,16:00,4659.81,session,-43.11,0.60,-43.71,LOSS
2026-05-12,XAUUSD,A,C3A,LONG,4760.11,4767.51,4764.78,2.73,4.67,ABOVE,10:05,4768.32,5.24,15.06,5.24,-8.36,13.60,True,10:20,4759.96,16:00,4707.04,session,47.13,0.60,46.53,WIN
2026-05-15,XAUUSD,A,C3A,SHORT,4654.60,4652.24,4649.57,2.67,2.36,BELOW,10:20,4644.84,88.31,0.03,,,,False,,,16:00,4563.88,session,80.96,0.30,80.66,WIN
2026-05-18,XAUUSD,A,C3A,SHORT,4538.22,4537.70,4531.07,6.63,0.52,BELOW,10:05,4523.84,43.24,16.84,43.24,-14.60,57.83,True,12:35,4538.44,16:00,4535.48,session,-21.01,0.60,-21.61,LOSS
2026-05-19,XAUUSD,A,C3A,SHORT,4583.27,4582.30,4579.24,3.06,0.98,BELOW,10:10,4578.95,47.65,6.93,,,,False,,,16:00,4539.48,session,39.47,0.30,39.17,WIN
2026-05-20,XAUUSD,A,C3A,SHORT,4493.62,4489.23,4486.23,3.00,4.39,BELOW,10:05,4484.35,2.70,7.27,2.70,-7.10,9.81,True,10:20,4491.45,16:00,4473.02,session,-36.08,0.60,-36.68,LOSS
2026-05-25,XAUUSD,A,C3A,SHORT,4577.05,4568.98,4567.30,1.68,8.07,BELOW,11:05,4562.15,0.30,11.14,0.30,-9.53,9.84,True,11:20,4571.69,16:00,4553.15,session,-29.86,0.60,-30.46,LOSS
2026-05-27,XAUUSD,A,C3A,SHORT,4521.24,4521.03,4519.39,1.64,0.21,BELOW,10:20,4516.35,24.44,5.89,,,,False,,,16:00,4495.06,session,21.29,0.30,20.99,WIN
2026-05-29,XAUUSD,A,C3A,LONG,4490.48,4495.02,4494.76,0.27,4.28,ABOVE,10:10,4497.71,2.97,4.27,2.97,-3.34,6.31,True,10:35,4494.37,10:35,4494.37,flip,-3.34,0.30,-3.64,LOSS
2026-06-02,XAUUSD,A,C3A,LONG,4480.94,4484.68,4484.49,0.19,3.56,ABOVE,10:15,4485.38,11.76,4.54,11.76,-3.91,15.66,True,10:45,4481.47,16:00,4520.76,session,-42.69,0.60,-43.29,LOSS
2026-06-03,XAUUSD,A,C3A,LONG,4471.72,4478.80,4474.40,4.39,2.68,ABOVE,10:20,4479.04,17.85,5.47,17.85,-5.18,23.03,True,11:00,4473.86,16:00,4467.08,session,-2.65,0.60,-3.25,LOSS
2026-06-05,XAUUSD,A,C3A,SHORT,4464.32,4462.55,4461.27,1.28,1.77,BELOW,10:10,4455.54,4.73,11.48,4.73,-8.78,13.51,True,10:35,4464.32,16:00,4437.66,session,-34.38,0.60,-34.98,LOSS
2026-06-08,XAUUSD,A,C3A,LONG,4342.26,4345.49,4343.13,2.36,0.88,ABOVE,10:05,4345.71,7.68,5.61,7.68,-3.01,10.68,True,10:45,4342.70,16:00,4303.82,session,34.79,0.60,34.19,WIN
2026-06-09,XAUUSD,A,C3A,LONG,4314.18,4317.94,4317.43,0.51,3.24,ABOVE,10:05,4318.61,5.11,1.89,5.11,-1.77,6.88,True,10:25,4316.85,16:00,4344.61,session,-30.58,0.60,-31.18,LOSS
2026-06-10,XAUUSD,A,C3A,LONG,4213.26,4221.75,4220.14,1.61,6.88,ABOVE,10:05,4225.39,2.67,9.19,2.67,-7.82,10.49,True,10:25,4217.57,16:00,4210.85,session,-12.27,0.60,-12.87,LOSS
2026-06-11,XAUUSD,A,C3A,SHORT,4049.63,4048.04,4043.34,4.70,1.59,BELOW,10:05,4042.78,7.28,12.63,7.28,-8.91,16.19,True,10:10,4051.69,16:00,4088.82,session,15.35,0.60,14.75,WIN
2026-06-15,XAUUSD,A,C3A,LONG,4293.86,4294.31,4293.95,0.36,0.09,ABOVE,10:05,4296.52,11.49,5.13,11.49,-4.31,15.80,True,10:55,4292.21,16:00,4311.78,session,-24.79,0.60,-25.39,LOSS
2026-06-16,XAUUSD,A,C3A,SHORT,4316.94,4315.37,4315.22,0.15,1.57,BELOW,10:10,4313.37,6.77,7.13,6.77,-5.52,12.29,True,10:55,4318.89,16:00,4317.09,session,-10.23,0.60,-10.83,LOSS
2026-06-18,XAUUSD,A,C3A,LONG,4273.33,4291.90,4277.87,14.03,4.54,ABOVE,10:05,4292.86,36.71,0.81,,,,False,,,16:00,4307.01,session,14.15,0.30,13.85,WIN
2026-06-22,XAUUSD,A,C3A,LONG,4137.18,4146.70,4140.26,6.44,3.08,ABOVE,10:05,4148.46,72.28,1.46,,,,False,,,16:00,4191.26,session,42.80,0.30,42.50,WIN
2026-06-23,XAUUSD,A,C3A,SHORT,4190.48,4188.98,4187.32,1.66,1.50,BELOW,10:05,4184.05,5.97,9.20,5.97,-8.31,14.28,True,10:40,4192.36,16:00,4122.78,session,-76.42,0.60,-77.02,LOSS
2026-06-24,XAUUSD,A,C3A,LONG,4095.26,4102.11,4099.23,2.88,3.97,ABOVE,10:05,4109.81,1.31,13.91,1.31,-13.90,15.21,True,10:20,4095.91,16:00,4077.52,session,5.26,0.60,4.66,WIN
2026-06-25,XAUUSD,A,C3A,LONG,4010.60,4013.05,4013.04,0.01,2.44,ABOVE,10:05,4014.72,1.33,11.20,1.33,-9.63,10.96,True,10:10,4005.09,16:00,3986.53,session,6.10,0.60,5.50,WIN
2026-06-26,XAUUSD,A,C3A,SHORT,4017.53,4014.22,4012.06,2.16,3.31,BELOW,12:15,4008.88,26.27,6.17,26.27,-6.17,32.44,True,15:10,4015.05,16:00,4007.58,session,-13.02,0.60,-13.62,LOSS
2026-06-29,XAUUSD,A,C3A,LONG,4061.51,4062.84,4062.08,0.76,0.57,ABOVE,10:40,4069.12,5.30,10.96,5.30,-7.57,12.87,True,11:05,4061.55,16:00,4058.45,session,-11.22,0.60,-11.82,LOSS
2026-06-30,XAUUSD,A,C3A,SHORT,4016.53,4014.07,4008.32,5.75,2.46,BELOW,10:05,4004.48,62.15,9.15,,,,False,,,16:00,3984.22,session,20.26,0.30,19.96,WIN
2026-07-01,XAUUSD,A,C3A,SHORT,4007.16,4006.81,4005.83,0.98,0.35,BELOW,10:15,4002.15,32.35,4.42,,,,False,,,16:00,3974.54,session,27.61,0.30,27.31,WIN
2026-07-07,XAUUSD,A,C3A,SHORT,4163.27,4156.94,4156.07,0.87,6.33,BELOW,10:10,4155.70,3.92,4.69,3.92,-2.78,6.70,True,10:20,4158.48,16:00,4126.38,session,-35.87,0.60,-36.47,LOSS
2026-07-09,XAUUSD,A,C3A,LONG,4072.66,4080.31,4075.92,4.39,3.26,ABOVE,10:10,4087.25,2.47,17.23,2.47,-16.57,19.04,True,10:50,4070.68,16:00,4092.42,session,-35.31,0.60,-35.91,LOSS
2026-07-10,XAUUSD,A,C3A,SHORT,4124.00,4123.61,4123.17,0.44,0.39,BELOW,10:05,4122.57,8.41,3.07,8.41,-1.66,10.07,True,10:45,4124.23,16:00,4117.27,session,-9.27,0.60,-9.87,LOSS
2026-07-13,XAUUSD,A,C3A,LONG,4078.54,4084.86,4083.72,1.14,5.18,ABOVE,10:05,4088.42,2.45,8.47,2.45,-6.09,8.54,True,10:15,4082.33,16:00,4050.72,session,25.55,0.60,24.95,WIN
2026-07-15,XAUUSD,A,C3A,LONG,4052.72,4054.86,4053.31,1.55,0.59,ABOVE,10:20,4055.29,6.51,8.19,6.51,-4.49,11.00,True,11:30,4050.80,16:00,4030.88,session,10.72,0.60,10.12,WIN
2026-07-16,XAUUSD,A,C3A,SHORT,4058.38,4058.04,4057.54,0.50,0.34,BELOW,10:05,4055.15,0.56,5.07,0.56,-3.27,3.83,True,10:20,4058.42,16:00,4030.86,session,-30.69,0.60,-31.29,LOSS
2026-07-17,XAUUSD,A,C3A,LONG,3978.25,3985.96,3984.68,1.28,6.43,ABOVE,10:15,3987.80,2.37,7.28,2.37,-6.55,8.92,True,10:30,3981.25,16:00,3991.81,session,-17.35,0.60,-17.95,LOSS
2026-07-22,XAUUSD,A,C3A,LONG,4080.68,4082.46,4080.73,1.73,0.05,ABOVE,10:05,4087.86,53.66,0.54,,,,False,,,16:00,4133.99,session,46.13,0.30,45.83,WIN
2026-07-23,XAUUSD,A,C3A,LONG,4129.37,4133.98,4130.46,3.52,1.09,ABOVE,11:10,4134.12,7.03,11.53,7.03,-11.36,18.39,True,11:35,4122.76,16:00,4123.80,session,-13.52,0.60,-14.12,LOSS
2026-07-24,XAUUSD,A,C3A,SHORT,4048.48,4047.20,4047.13,0.07,1.28,BELOW,10:05,4045.43,4.35,4.46,4.35,-3.13,7.48,True,10:35,4048.56,16:00,4025.03,session,-27.13,0.60,-27.73,LOSS
2026-07-30,XAUUSD,A,C3A,SHORT,4090.98,4084.36,4080.41,3.95,6.62,BELOW,10:15,4077.15,12.41,12.27,12.41,-11.74,24.15,True,11:00,4088.89,16:00,4038.01,session,-59.72,0.60,-60.32,LOSS
2026-07-31,XAUUSD,A,C3A,SHORT,4108.32,4105.98,4104.58,1.40,2.34,BELOW,10:05,4102.75,30.94,0.94,,,,False,,,16:00,4077.87,session,24.88,0.30,24.58,WIN
2026-08-04,XAUUSD,A,C3A,LONG,4051.62,4059.45,4053.37,6.08,1.75,ABOVE,10:05,4067.17,1.73,18.88,1.73,-17.95,19.68,True,10:55,4049.22,16:00,4064.02,session,-35.32,0.60,-35.92,LOSS
2026-08-05,XAUUSD,A,C3A,LONG,4071.57,4073.04,4072.68,0.36,1.11,ABOVE,10:15,4074.68,98.05,1.02,,,,False,,,16:00,4162.08,session,87.40,0.30,87.10,WIN
2026-08-07,XAUUSD,A,C3A,LONG,4248.29,4251.85,4249.45,2.40,1.16,ABOVE,11:40,4256.56,26.27,9.74,,,,False,,,16:00,4282.30,session,25.74,0.30,25.44,WIN
2026-08-10,XAUUSD,A,C3A,SHORT,4341.77,4340.29,4332.78,7.51,1.48,BELOW,10:55,4332.00,18.86,9.59,18.86,-9.05,27.91,True,15:35,4341.05,16:00,4342.37,session,-10.17,0.60,-10.77,LOSS
2026-08-11,XAUUSD,A,C3A,LONG,4397.54,4404.11,4402.48,1.63,4.94,ABOVE,10:05,4406.14,13.02,12.77,13.02,-5.97,18.99,True,11:00,4400.17,16:00,4379.37,session,13.59,0.60,12.99,WIN
2026-08-12,XAUUSD,A,C3A,LONG,4368.54,4371.40,4368.56,2.84,0.02,ABOVE,10:10,4377.76,38.27,3.92,,,,False,,,16:00,4388.00,session,10.24,0.30,9.94,WIN
2026-08-13,XAUUSD,A,C3A,LONG,4408.39,4415.99,4414.44,1.55,6.05,ABOVE,10:05,4420.74,28.75,10.51,28.75,-8.24,36.99,True,11:45,4412.50,16:00,4377.79,session,21.98,0.60,21.38,WIN
2026-08-14,XAUUSD,A,C3A,SHORT,4361.43,4359.80,4356.04,3.76,1.63,BELOW,10:10,4351.81,40.99,0.02,,,,False,,,16:00,4335.69,session,16.12,0.30,15.82,WIN
2022-08-18,XAUUSD,A,C3B,LONG,1764.85,1765.66,1764.99,0.67,0.14,ABOVE,10:05,1765.80,0.06,1.07,0.06,-0.82,0.88,True,10:10,1764.98,10:10,1764.98,flip,-0.82,0.30,-1.12,LOSS
2022-08-19,XAUUSD,A,C3B,SHORT,1758.59,1758.42,1758.10,0.32,0.17,BELOW,10:05,1756.74,4.92,1.06,,,,False,,,16:00,1755.15,session,1.59,0.30,1.29,WIN
2022-08-22,XAUUSD,A,C3B,SHORT,1746.26,1745.74,1745.58,0.16,0.51,BELOW,10:20,1745.40,0.38,0.66,0.38,-0.57,0.95,True,10:30,1745.97,16:00,1742.46,session,-4.21,0.60,-4.81,LOSS
2022-08-24,XAUUSD,A,C3B,LONG,1745.85,1747.20,1746.09,1.12,0.24,ABOVE,10:05,1747.71,0.11,1.72,0.11,-1.65,1.75,True,10:20,1746.07,10:20,1746.07,flip,-1.65,0.30,-1.95,LOSS
2022-08-29,XAUUSD,A,C3B,SHORT,1734.94,1734.90,1734.74,0.16,0.04,BELOW,10:05,1734.70,0.16,0.85,0.16,-0.36,0.53,True,10:10,1735.07,16:00,1722.87,session,-12.72,0.60,-13.32,LOSS
2022-08-30,XAUUSD,A,C3B,LONG,1738.64,1739.78,1739.62,0.16,0.97,ABOVE,10:05,1739.95,0.25,0.56,0.25,-0.45,0.70,True,10:10,1739.50,10:10,1739.50,flip,-0.45,0.30,-0.75,LOSS
2022-09-07,XAUUSD,A,C3B,SHORT,1703.67,1703.63,1702.77,0.87,0.04,BELOW,10:10,1702.49,11.03,0.00,,,,False,,,16:00,1694.62,session,7.87,0.30,7.57,WIN
2022-09-14,XAUUSD,A,C3B,SHORT,1702.77,1702.27,1701.67,0.60,0.50,BELOW,10:15,1701.39,4.07,1.22,4.07,-0.97,5.03,True,12:10,1702.36,16:00,1701.49,session,-1.94,0.60,-2.54,LOSS
2022-09-15,XAUUSD,A,C3B,SHORT,1698.05,1697.62,1696.98,0.64,0.43,BELOW,10:05,1696.85,0.62,1.03,0.62,-0.98,1.60,True,10:25,1697.83,10:25,1697.83,flip,-0.98,0.30,-1.28,LOSS
2022-09-19,XAUUSD,A,C3B,SHORT,1679.20,1677.99,1677.86,0.13,1.21,BELOW,10:15,1677.49,0.22,0.97,0.22,-0.89,1.11,True,10:20,1678.38,10:20,1678.38,flip,-0.89,0.30,-1.19,LOSS
2022-09-20,XAUUSD,A,C3B,LONG,1675.04,1678.46,1675.82,2.65,0.78,ABOVE,10:05,1679.40,0.00,4.27,0.00,-4.22,4.22,True,11:00,1675.18,11:00,1675.18,flip,-4.22,0.30,-4.52,LOSS
2022-09-23,XAUUSD,A,C3B,LONG,1672.28,1673.42,1672.83,0.60,0.55,ABOVE,10:35,1673.56,2.36,1.37,2.36,-0.97,3.33,True,11:30,1672.59,16:00,1672.75,session,-1.78,0.60,-2.38,LOSS
2022-09-26,XAUUSD,A,C3B,LONG,1642.96,1645.35,1644.12,1.22,1.16,ABOVE,10:05,1645.37,0.24,1.30,0.24,-1.26,1.50,True,10:10,1644.11,16:00,1639.53,session,2.02,0.60,1.42,WIN
2022-09-27,XAUUSD,A,C3B,LONG,1626.84,1628.52,1627.66,0.86,0.82,ABOVE,10:05,1629.54,6.89,0.93,,,,False,,,16:00,1635.63,session,6.10,0.30,5.80,WIN
2022-09-28,XAUUSD,A,C3B,LONG,1628.95,1629.46,1628.99,0.47,0.04,ABOVE,10:10,1629.79,0.87,0.88,0.87,-0.88,1.74,True,10:25,1628.91,16:00,1624.01,session,3.11,0.60,2.51,WIN
2022-09-29,XAUUSD,A,C3B,SHORT,1656.88,1656.23,1655.82,0.41,0.65,BELOW,10:05,1655.41,2.47,2.03,2.47,-1.88,4.36,True,11:05,1657.30,11:05,1657.30,flip,-1.88,0.30,-2.18,LOSS
2022-09-30,XAUUSD,A,C3B,LONG,1663.72,1664.65,1663.78,0.87,0.06,ABOVE,10:55,1664.77,0.15,1.59,0.15,-1.55,1.71,True,11:00,1663.21,11:00,1663.21,flip,-1.55,0.30,-1.85,LOSS
2022-10-04,XAUUSD,A,C3B,SHORT,1701.30,1701.11,1700.48,0.62,0.19,BELOW,11:00,1700.27,5.03,1.19,5.03,-0.93,5.96,True,15:35,1701.20,15:35,1701.20,flip,-0.93,0.30,-1.23,LOSS
2022-10-05,XAUUSD,A,C3B,SHORT,1725.58,1725.24,1725.21,0.03,0.33,BELOW,10:10,1725.06,1.28,0.59,1.28,-0.57,1.85,True,10:55,1725.62,10:55,1725.62,flip,-0.57,0.30,-0.87,LOSS
2022-10-07,XAUUSD,A,C3B,LONG,1711.39,1712.81,1711.94,0.86,0.55,ABOVE,11:50,1712.95,0.22,1.83,0.22,-1.83,2.06,True,11:55,1711.12,11:55,1711.12,flip,-1.83,0.30,-2.13,LOSS
2022-10-10,XAUUSD,A,C3B,SHORT,1698.76,1697.74,1697.52,0.23,1.01,BELOW,10:25,1697.49,12.27,0.05,,,,False,,,16:00,1687.03,session,10.46,0.30,10.16,WIN
2022-10-11,XAUUSD,A,C3B,LONG,1668.33,1669.23,1669.05,0.18,0.72,ABOVE,10:05,1669.55,0.77,0.83,0.77,-0.79,1.56,True,11:00,1668.76,11:00,1668.76,flip,-0.79,0.30,-1.09,LOSS
2022-10-12,XAUUSD,A,C3B,SHORT,1666.45,1666.25,1665.96,0.29,0.20,BELOW,10:05,1665.84,4.06,1.12,4.06,-0.44,4.50,True,12:20,1666.28,12:20,1666.28,flip,-0.44,0.30,-0.74,LOSS
2022-10-13,XAUUSD,A,C3B,SHORT,1673.87,1673.79,1673.62,0.16,0.08,BELOW,11:10,1673.23,0.18,1.41,0.18,-1.20,1.38,True,11:25,1674.43,16:00,1669.69,session,-6.53,0.60,-7.13,LOSS
2022-10-14,XAUUSD,A,C3B,SHORT,1665.80,1665.65,1665.14,0.51,0.14,BELOW,10:05,1664.83,5.80,2.13,5.80,-2.13,7.93,True,12:45,1666.96,16:00,1667.96,session,-2.19,0.60,-2.79,LOSS
2022-10-18,XAUUSD,A,C3B,LONG,1649.96,1650.66,1650.30,0.37,0.34,ABOVE,10:25,1650.88,2.71,0.98,2.71,-0.69,3.41,True,13:05,1650.19,16:00,1659.99,session,-11.08,0.60,-11.68,LOSS
2022-10-19,XAUUSD,A,C3B,LONG,1652.44,1653.58,1652.65,0.93,0.21,ABOVE,10:05,1653.83,0.64,1.77,0.64,-1.77,2.42,True,10:50,1652.06,10:50,1652.06,flip,-1.77,0.30,-2.07,LOSS
2022-10-20,XAUUSD,A,C3B,SHORT,1628.20,1628.05,1627.77,0.28,0.15,BELOW,10:25,1627.69,1.66,0.83,1.66,-0.60,2.26,True,11:10,1628.30,16:00,1632.20,session,2.90,0.60,2.30,WIN
2022-10-24,XAUUSD,A,C3B,SHORT,1660.45,1659.27,1657.66,1.60,1.18,BELOW,10:20,1657.66,0.96,5.93,0.96,-5.45,6.41,True,10:35,1663.11,16:00,1658.38,session,-12.72,0.60,-13.32,LOSS
2022-10-25,XAUUSD,A,C3B,LONG,1651.36,1651.84,1651.56,0.28,0.20,ABOVE,10:05,1652.05,1.36,0.89,1.36,-0.68,2.04,True,11:00,1651.37,11:00,1651.37,flip,-0.68,0.30,-0.98,LOSS
2022-10-31,XAUUSD,A,C3B,LONG,1644.31,1644.64,1644.35,0.30,0.04,ABOVE,10:10,1644.83,0.60,1.05,0.60,-0.84,1.43,True,10:40,1643.99,16:00,1644.24,session,-1.29,0.60,-1.89,LOSS
2022-11-01,XAUUSD,A,C3B,SHORT,1633.25,1633.06,1632.68,0.37,0.19,BELOW,10:30,1632.41,1.62,1.94,1.62,-1.68,3.30,True,11:30,1634.10,11:30,1634.10,flip,-1.68,0.30,-1.98,LOSS
2022-11-02,XAUUSD,A,C3B,LONG,1646.51,1646.98,1646.88,0.10,0.38,ABOVE,10:05,1647.85,0.43,1.45,0.43,-1.31,1.74,True,10:50,1646.54,10:50,1646.54,flip,-1.31,0.30,-1.61,LOSS
2022-11-04,XAUUSD,A,C3B,LONG,1630.19,1630.38,1630.35,0.04,0.15,ABOVE,11:00,1631.21,0.96,1.06,0.96,-1.03,1.99,True,12:20,1630.18,16:00,1647.18,session,-18.46,0.60,-19.06,LOSS
2023-03-13,XAUUSD,A,C3B,LONG,1880.20,1886.24,1884.41,1.83,4.20,ABOVE,10:05,1888.51,0.94,4.92,0.94,-4.85,5.79,True,10:20,1883.66,16:00,1880.94,session,-2.23,0.60,-2.83,LOSS
2023-03-14,XAUUSD,A,C3B,SHORT,1910.57,1910.42,1910.19,0.23,0.14,BELOW,12:05,1910.11,0.67,1.24,0.67,-0.69,1.37,True,12:15,1910.80,12:15,1910.80,flip,-0.69,0.30,-0.99,LOSS
2023-03-15,XAUUSD,A,C3B,LONG,1904.15,1904.59,1904.37,0.22,0.21,ABOVE,10:05,1904.68,0.00,0.49,0.00,-0.38,0.38,True,10:10,1904.31,16:00,1901.72,session,1.88,0.60,1.28,WIN
2023-03-16,XAUUSD,A,C3B,LONG,1919.49,1920.98,1920.46,0.52,0.97,ABOVE,10:05,1921.64,2.81,1.93,2.81,-1.92,4.73,True,11:45,1919.72,16:00,1913.13,session,2.60,0.60,2.00,WIN
2023-03-17,XAUUSD,A,C3B,LONG,1919.43,1920.11,1920.07,0.04,0.63,ABOVE,10:05,1920.18,0.05,0.35,0.05,-0.27,0.32,True,10:10,1919.91,16:00,1930.95,session,-11.60,0.60,-12.20,LOSS
2023-03-20,XAUUSD,A,C3B,LONG,1976.98,1978.17,1977.45,0.72,0.47,ABOVE,10:10,1978.87,0.80,1.98,0.80,-1.89,2.69,True,10:30,1976.97,16:00,1975.36,session,-0.47,0.60,-1.07,LOSS
2023-03-22,XAUUSD,A,C3B,LONG,1941.11,1941.62,1941.31,0.32,0.20,ABOVE,10:05,1942.33,3.98,2.10,3.98,-1.30,5.28,True,13:05,1941.03,13:05,1941.03,flip,-1.30,0.30,-1.60,LOSS
2023-03-24,XAUUSD,A,C3B,LONG,1990.66,1992.08,1991.98,0.09,1.32,ABOVE,10:05,1992.57,0.64,1.48,0.64,-1.40,2.04,True,10:30,1991.16,16:00,1992.45,session,-2.85,0.60,-3.45,LOSS
2023-03-27,XAUUSD,A,C3B,LONG,1972.66,1974.68,1973.96,0.72,1.30,ABOVE,10:05,1974.78,2.04,2.14,2.04,-0.95,2.99,True,11:30,1973.83,11:30,1973.83,flip,-0.95,0.30,-1.25,LOSS
2023-03-30,XAUUSD,A,C3B,SHORT,1964.55,1964.39,1963.78,0.62,0.15,BELOW,10:05,1963.54,8.13,0.56,,,,False,,,16:00,1961.23,session,2.31,0.30,2.01,WIN
2023-03-31,XAUUSD,A,C3B,SHORT,1979.91,1979.70,1979.16,0.54,0.21,BELOW,10:15,1979.13,0.37,0.79,0.37,-0.72,1.09,True,10:35,1979.86,10:35,1979.86,flip,-0.72,0.30,-1.02,LOSS
2023-04-04,XAUUSD,A,C3B,SHORT,1985.55,1985.12,1984.47,0.65,0.42,BELOW,10:05,1984.18,6.29,0.81,,,,False,,,16:00,1979.39,session,4.79,0.30,4.49,WIN
2023-04-05,XAUUSD,A,C3B,SHORT,2022.64,2022.03,2021.97,0.06,0.61,BELOW,10:05,2021.62,0.45,0.80,0.45,-0.46,0.91,True,10:20,2022.08,10:20,2022.08,flip,-0.46,0.30,-0.76,LOSS
2023-04-11,XAUUSD,A,C3B,LONG,1991.68,1993.21,1992.41,0.80,0.73,ABOVE,10:05,1993.64,1.81,1.45,1.81,-1.26,3.07,True,11:00,1992.38,16:00,1999.15,session,-8.46,0.60,-9.06,LOSS
2023-04-12,XAUUSD,A,C3B,LONG,2004.72,2004.81,2004.80,0.01,0.08,ABOVE,10:10,2005.11,0.21,0.85,0.21,-0.55,0.76,True,10:20,2004.56,10:20,2004.56,flip,-0.55,0.30,-0.85,LOSS
2023-04-13,XAUUSD,A,C3B,LONG,2017.59,2018.66,2018.20,0.46,0.62,ABOVE,10:30,2018.98,0.67,1.22,0.67,-1.01,1.68,True,10:55,2017.97,16:00,2016.80,session,-0.23,0.60,-0.83,LOSS
2023-04-19,XAUUSD,A,C3B,LONG,2005.22,2005.92,2005.83,0.10,0.61,ABOVE,10:05,2006.42,0.40,0.71,0.40,-0.61,1.01,True,10:20,2005.82,16:00,2000.69,session,4.14,0.60,3.54,WIN
2023-04-20,XAUUSD,A,C3B,SHORT,1994.24,1993.89,1993.87,0.03,0.35,BELOW,11:05,1993.78,0.45,0.85,0.45,-0.53,0.98,True,11:20,1994.31,16:00,1995.83,session,-0.04,0.60,-0.64,LOSS
2023-04-24,XAUUSD,A,C3B,SHORT,1985.10,1984.49,1984.24,0.25,0.61,BELOW,10:05,1983.73,7.21,0.96,,,,False,,,16:00,1979.29,session,4.44,0.30,4.14,WIN
2023-04-25,XAUUSD,A,C3B,SHORT,1995.33,1995.18,1995.13,0.05,0.14,BELOW,10:05,1994.78,1.43,1.07,1.43,-0.95,2.38,True,10:25,1995.73,16:00,1995.66,session,-1.81,0.60,-2.41,LOSS
2023-04-26,XAUUSD,A,C3B,SHORT,2001.08,2000.76,2000.34,0.42,0.32,BELOW,10:30,1999.76,6.55,1.93,,,,False,,,16:00,1995.09,session,4.67,0.30,4.37,WIN
2023-04-28,XAUUSD,A,C3B,SHORT,1987.62,1986.98,1986.36,0.63,0.64,BELOW,10:05,1986.02,0.36,1.31,0.36,-1.29,1.64,True,10:20,1987.31,10:20,1987.31,flip,-1.29,0.30,-1.59,LOSS
2023-05-01,XAUUSD,A,C3B,SHORT,1987.16,1986.95,1986.92,0.03,0.21,BELOW,10:10,1986.49,6.57,0.18,,,,False,,,16:00,1981.84,session,4.65,0.30,4.35,WIN
2023-05-03,XAUUSD,A,C3B,SHORT,2016.29,2015.98,2015.78,0.20,0.31,BELOW,10:05,2015.02,0.76,1.17,0.76,-1.15,1.91,True,10:25,2016.17,16:00,2015.88,session,-1.50,0.60,-2.10,LOSS
2023-05-04,XAUUSD,A,C3B,SHORT,2053.17,2053.05,2052.07,0.98,0.12,BELOW,11:05,2050.47,12.00,0.51,,,,False,,,16:00,2041.26,session,9.21,0.30,8.91,WIN
2023-05-08,XAUUSD,A,C3B,SHORT,2016.18,2016.12,2016.09,0.04,0.06,BELOW,11:00,2015.94,0.63,0.56,0.63,-0.38,1.01,True,11:05,2016.33,16:00,2022.17,session,4.66,0.60,4.06,WIN
2023-05-09,XAUUSD,A,C3B,SHORT,2021.59,2021.32,2020.36,0.96,0.27,BELOW,10:05,2020.35,0.80,1.78,0.80,-1.63,2.43,True,11:10,2021.98,16:00,2027.34,session,3.06,0.60,2.46,WIN
2023-05-10,XAUUSD,A,C3B,LONG,2036.13,2037.38,2036.34,1.04,0.20,ABOVE,10:05,2037.58,0.30,1.60,0.30,-1.55,1.85,True,10:30,2036.03,16:00,2029.64,session,4.15,0.60,3.55,WIN
2023-05-11,XAUUSD,A,C3B,LONG,2031.48,2032.23,2031.52,0.71,0.03,ABOVE,10:10,2032.40,4.08,1.16,4.08,-0.93,5.01,True,14:10,2031.47,14:10,2031.47,flip,-0.93,0.30,-1.23,LOSS
2023-05-12,XAUUSD,A,C3B,LONG,2016.17,2016.62,2016.42,0.19,0.25,ABOVE,10:05,2016.99,0.61,2.01,0.61,-0.94,1.55,True,10:40,2016.05,16:00,2009.62,session,5.30,0.60,4.70,WIN
2023-05-16,XAUUSD,A,C3B,LONG,2014.39,2014.56,2014.53,0.03,0.13,ABOVE,10:05,2014.77,0.43,0.35,0.43,-0.35,0.77,True,10:10,2014.42,10:10,2014.42,flip,-0.35,0.30,-0.65,LOSS
2023-05-17,XAUUSD,A,C3B,LONG,1989.43,1990.70,1989.82,0.89,0.38,ABOVE,10:05,1991.33,1.79,1.88,1.79,-1.58,3.37,True,15:20,1989.75,16:00,1988.15,session,-0.53,0.60,-1.13,LOSS
2023-05-18,XAUUSD,A,C3B,SHORT,1983.07,1982.90,1982.76,0.14,0.17,BELOW,10:05,1982.57,0.52,1.10,0.52,-0.55,1.07,True,10:45,1983.12,16:00,1978.05,session,-5.87,0.60,-6.47,LOSS
2023-05-19,XAUUSD,A,C3B,LONG,1958.30,1959.28,1958.53,0.75,0.23,ABOVE,10:20,1959.46,0.35,1.48,0.35,-1.48,1.83,True,10:45,1957.98,10:45,1957.98,flip,-1.48,0.30,-1.78,LOSS
2023-05-25,XAUUSD,A,C3B,SHORT,1959.84,1959.79,1959.45,0.34,0.05,BELOW,10:05,1959.38,4.35,0.88,,,,False,,,16:00,1955.10,session,4.29,0.30,3.99,WIN
2023-05-26,XAUUSD,A,C3B,LONG,1939.77,1941.29,1940.62,0.67,0.85,ABOVE,11:05,1941.56,10.31,0.12,,,,False,,,16:00,1947.53,session,5.97,0.30,5.67,WIN
2023-05-29,XAUUSD,A,C3B,SHORT,1944.34,1943.73,1943.14,0.59,0.61,BELOW,10:05,1942.13,1.75,3.29,1.75,-2.39,4.14,True,11:10,1944.53,16:00,1947.94,session,0.76,0.60,0.16,WIN
2023-06-06,XAUUSD,A,C3B,SHORT,1961.99,1961.64,1961.29,0.36,0.35,BELOW,10:10,1961.19,2.11,1.00,2.11,-0.98,3.10,True,12:05,1962.17,16:00,1959.91,session,-4.95,0.60,-5.55,LOSS
2023-06-07,XAUUSD,A,C3B,LONG,1963.24,1963.53,1963.48,0.05,0.24,ABOVE,10:05,1964.14,2.65,0.76,2.65,-0.75,3.39,True,12:05,1963.39,16:00,1963.21,session,-0.59,0.60,-1.19,LOSS
2023-06-08,XAUUSD,A,C3B,LONG,1944.32,1944.94,1944.62,0.32,0.31,ABOVE,10:05,1945.37,2.53,0.78,,,,False,,,16:00,1945.62,session,0.26,0.30,-0.04,LOSS
2023-06-09,XAUUSD,A,C3B,SHORT,1966.19,1965.34,1964.73,0.60,0.86,BELOW,10:10,1964.61,0.38,0.80,0.38,-0.80,1.18,True,10:35,1965.40,10:35,1965.40,flip,-0.80,0.30,-1.10,LOSS
2023-06-12,XAUUSD,A,C3B,SHORT,1960.30,1960.29,1960.05,0.24,0.01,BELOW,10:05,1960.05,0.25,0.48,0.25,-0.27,0.52,True,10:10,1960.32,10:10,1960.32,flip,-0.27,0.30,-0.57,LOSS
2023-06-13,XAUUSD,A,C3B,SHORT,1960.17,1960.13,1960.01,0.12,0.04,BELOW,10:30,1959.24,3.25,1.15,3.25,-1.05,4.30,True,13:25,1960.29,16:00,1958.89,session,-3.16,0.60,-3.76,LOSS
2023-06-16,XAUUSD,A,C3B,SHORT,1958.44,1958.28,1957.88,0.40,0.16,BELOW,10:25,1957.77,1.22,1.49,1.22,-1.32,2.54,True,11:35,1959.09,16:00,1958.83,session,-3.71,0.60,-4.31,LOSS
2023-06-19,XAUUSD,A,C3B,LONG,1956.76,1957.61,1957.22,0.39,0.46,ABOVE,10:05,1958.15,0.59,1.20,0.59,-1.19,1.78,True,10:30,1956.96,10:30,1956.96,flip,-1.19,0.30,-1.49,LOSS
2023-06-21,XAUUSD,A,C3B,LONG,1937.19,1937.39,1937.38,0.01,0.19,ABOVE,10:05,1937.50,0.23,0.59,0.23,-0.13,0.37,True,10:15,1937.37,10:15,1937.37,flip,-0.13,0.30,-0.43,LOSS
2023-06-22,XAUUSD,A,C3B,SHORT,1934.29,1933.92,1933.89,0.03,0.37,BELOW,10:05,1933.73,0.26,0.20,0.26,-0.20,0.46,True,10:10,1933.93,10:10,1933.93,flip,-0.20,0.30,-0.50,LOSS
2023-06-26,XAUUSD,A,C3B,LONG,1924.81,1925.60,1925.40,0.19,0.60,ABOVE,10:05,1925.84,2.80,1.65,2.80,-0.93,3.73,True,12:05,1924.90,12:05,1924.90,flip,-0.93,0.30,-1.23,LOSS
2023-06-27,XAUUSD,A,C3B,LONG,1922.45,1922.73,1922.49,0.24,0.04,ABOVE,10:20,1922.78,2.03,1.04,2.03,-0.91,2.94,True,10:50,1921.87,10:50,1921.87,flip,-0.91,0.30,-1.21,LOSS
2023-06-28,XAUUSD,A,C3B,SHORT,1915.72,1915.66,1915.46,0.20,0.06,BELOW,11:15,1914.52,0.98,2.38,0.98,-1.30,2.28,True,11:45,1915.82,11:45,1915.82,flip,-1.30,0.30,-1.60,LOSS
2023-06-29,XAUUSD,A,C3B,SHORT,1909.94,1909.71,1908.86,0.86,0.23,BELOW,10:05,1908.50,0.45,1.73,0.45,-1.56,2.01,True,10:55,1910.06,16:00,1904.66,session,-7.60,0.60,-8.20,LOSS
2023-06-30,XAUUSD,A,C3B,LONG,1908.31,1908.81,1908.68,0.12,0.38,ABOVE,10:35,1909.05,0.22,0.70,0.22,-0.70,0.92,True,10:45,1908.35,10:45,1908.35,flip,-0.70,0.30,-1.00,LOSS
2023-07-03,XAUUSD,A,C3B,LONG,1918.21,1918.43,1918.26,0.17,0.05,ABOVE,10:05,1918.52,0.41,0.55,0.41,-0.44,0.85,True,10:20,1918.08,16:00,1917.37,session,0.18,0.60,-0.42,LOSS
2023-07-04,XAUUSD,A,C3B,LONG,1921.16,1921.33,1921.27,0.06,0.10,ABOVE,10:05,1921.36,0.40,0.31,0.40,-0.18,0.58,True,10:20,1921.18,10:20,1921.18,flip,-0.18,0.30,-0.48,LOSS
2023-07-05,XAUUSD,A,C3B,LONG,1925.98,1926.40,1926.28,0.12,0.30,ABOVE,10:05,1926.42,0.07,0.48,0.07,-0.40,0.47,True,10:10,1926.02,16:00,1924.91,session,0.57,0.60,-0.03,LOSS
2023-07-10,XAUUSD,A,C3B,SHORT,1924.97,1924.96,1924.54,0.42,0.01,BELOW,10:05,1924.08,1.18,1.71,1.18,-1.68,2.86,True,11:00,1925.76,11:00,1925.76,flip,-1.68,0.30,-1.98,LOSS
2023-07-11,XAUUSD,A,C3B,LONG,1924.60,1924.94,1924.64,0.30,0.05,ABOVE,10:05,1925.26,4.86,0.33,,,,False,,,16:00,1929.74,session,4.48,0.30,4.18,WIN
2023-07-12,XAUUSD,A,C3B,LONG,1933.27,1933.93,1933.38,0.56,0.11,ABOVE,10:05,1934.03,7.00,0.23,,,,False,,,16:00,1939.44,session,5.42,0.30,5.12,WIN
2023-07-14,XAUUSD,A,C3B,SHORT,1960.40,1960.14,1959.86,0.29,0.26,BELOW,10:05,1959.51,0.00,0.81,0.00,-0.81,0.81,True,10:10,1960.32,10:10,1960.32,flip,-0.81,0.30,-1.11,LOSS
2023-07-17,XAUUSD,A,C3B,LONG,1952.70,1953.38,1952.81,0.57,0.10,ABOVE,10:10,1953.38,2.63,0.92,2.63,-0.67,3.31,True,11:50,1952.71,16:00,1953.66,session,-1.64,0.60,-2.24,LOSS
2023-07-18,XAUUSD,A,C3B,SHORT,1955.64,1955.48,1954.94,0.54,0.16,BELOW,10:05,1954.87,0.09,0.74,0.09,-0.71,0.80,True,10:20,1955.58,10:20,1955.58,flip,-0.71,0.30,-1.01,LOSS
2023-07-19,XAUUSD,A,C3B,LONG,1976.99,1977.62,1977.55,0.08,0.56,ABOVE,10:30,1978.38,0.19,1.55,0.19,-1.30,1.49,True,11:10,1977.08,11:10,1977.08,flip,-1.30,0.30,-1.60,LOSS
2023-07-20,XAUUSD,A,C3B,LONG,1977.74,1977.92,1977.78,0.14,0.04,ABOVE,10:05,1978.84,8.69,0.68,,,,False,,,16:00,1980.91,session,2.08,0.30,1.78,WIN
2023-07-21,XAUUSD,A,C3B,SHORT,1972.54,1972.30,1972.02,0.28,0.24,BELOW,10:05,1971.94,0.10,0.77,0.10,-0.62,0.72,True,10:20,1972.57,10:20,1972.57,flip,-0.62,0.30,-0.92,LOSS
2023-07-28,XAUUSD,A,C3B,SHORT,1947.74,1947.54,1946.76,0.78,0.20,BELOW,10:20,1946.39,0.24,1.35,0.24,-1.22,1.46,True,10:50,1947.62,10:50,1947.62,flip,-1.22,0.30,-1.52,LOSS
2023-07-31,XAUUSD,A,C3B,SHORT,1958.45,1958.11,1958.03,0.08,0.35,BELOW,10:25,1957.96,1.50,0.60,1.50,-0.34,1.84,True,10:55,1958.30,10:55,1958.30,flip,-0.34,0.30,-0.64,LOSS
2023-08-01,XAUUSD,A,C3B,SHORT,1964.23,1964.22,1963.96,0.26,0.01,BELOW,10:25,1963.72,5.43,0.43,,,,False,,,16:00,1958.50,session,5.22,0.30,4.92,WIN
2023-08-02,XAUUSD,A,C3B,SHORT,1952.62,1952.23,1951.39,0.84,0.38,BELOW,10:05,1949.84,4.47,0.70,,,,False,,,16:00,1949.81,session,0.03,0.30,-0.27,LOSS
2023-08-03,XAUUSD,A,C3B,SHORT,1936.39,1936.27,1936.14,0.12,0.12,BELOW,10:30,1935.92,0.13,0.53,0.13,-0.38,0.52,True,10:35,1936.31,10:35,1936.31,flip,-0.38,0.30,-0.68,LOSS
2023-08-04,XAUUSD,A,C3B,LONG,1935.52,1935.87,1935.84,0.03,0.32,ABOVE,10:40,1936.16,0.14,0.58,0.14,-0.46,0.61,True,10:45,1935.70,10:45,1935.70,flip,-0.46,0.30,-0.76,LOSS
2023-08-08,XAUUSD,A,C3B,SHORT,1937.17,1936.85,1936.63,0.21,0.33,BELOW,10:05,1936.19,5.01,0.22,,,,False,,,16:00,1933.66,session,2.53,0.30,2.23,WIN
2023-08-09,XAUUSD,A,C3B,LONG,1925.55,1926.01,1925.66,0.35,0.12,ABOVE,10:10,1926.18,0.00,0.56,0.00,-0.53,0.53,True,10:15,1925.65,10:15,1925.65,flip,-0.53,0.30,-0.83,LOSS
2023-08-15,XAUUSD,A,C3B,SHORT,1907.93,1907.62,1907.10,0.53,0.31,BELOW,10:05,1906.68,2.88,1.63,,,,False,,,16:00,1906.16,session,0.52,0.30,0.22,WIN
2023-08-17,XAUUSD,A,C3B,SHORT,1893.94,1893.45,1892.40,1.05,0.49,BELOW,10:40,1892.24,2.63,1.38,2.63,-1.21,3.85,True,12:45,1893.45,16:00,1893.52,session,-1.37,0.60,-1.97,LOSS
2023-08-18,XAUUSD,A,C3B,LONG,1890.73,1891.33,1890.85,0.48,0.12,ABOVE,10:15,1891.61,3.62,0.37,,,,False,,,16:00,1893.20,session,1.60,0.30,1.30,WIN
2023-08-21,XAUUSD,A,C3B,LONG,1888.98,1890.23,1890.08,0.16,1.09,ABOVE,10:05,1890.77,0.42,0.77,0.42,-0.70,1.13,True,10:45,1890.07,10:45,1890.07,flip,-0.70,0.30,-1.00,LOSS
2023-08-22,XAUUSD,A,C3B,SHORT,1895.13,1894.80,1894.10,0.70,0.34,BELOW,14:55,1894.06,0.06,1.90,0.06,-1.89,1.95,True,15:10,1895.95,15:10,1895.95,flip,-1.89,0.30,-2.19,LOSS
2023-08-23,XAUUSD,A,C3B,LONG,1898.65,1898.86,1898.71,0.14,0.06,ABOVE,10:05,1899.42,4.60,0.58,,,,False,,,16:00,1902.92,session,3.50,0.30,3.20,WIN
2023-08-24,XAUUSD,A,C3B,LONG,1917.39,1917.99,1917.52,0.48,0.12,ABOVE,10:10,1918.21,4.26,0.61,,,,False,,,16:00,1922.04,session,3.83,0.30,3.53,WIN
2023-08-25,XAUUSD,A,C3B,SHORT,1916.28,1915.92,1915.89,0.03,0.36,BELOW,10:15,1915.81,1.06,0.27,1.06,-0.25,1.31,True,11:15,1916.06,16:00,1913.77,session,-2.78,0.60,-3.38,LOSS
2023-08-28,XAUUSD,A,C3B,LONG,1914.89,1915.50,1915.11,0.39,0.22,ABOVE,10:05,1915.59,2.08,0.82,,,,False,,,16:00,1916.73,session,1.14,0.30,0.84,WIN
2023-08-29,XAUUSD,A,C3B,LONG,1921.35,1921.41,1921.38,0.03,0.04,ABOVE,10:05,1921.45,4.40,0.34,,,,False,,,16:00,1924.89,session,3.44,0.30,3.14,WIN
2023-08-31,XAUUSD,A,C3B,LONG,1944.31,1944.61,1944.42,0.18,0.12,ABOVE,10:05,1944.95,2.86,0.40,,,,False,,,16:00,1944.93,session,-0.02,0.30,-0.32,LOSS
2023-09-01,XAUUSD,A,C3B,LONG,1939.83,1940.10,1939.97,0.12,0.14,ABOVE,11:00,1941.84,2.32,2.05,2.32,-1.93,4.25,True,13:05,1939.90,16:00,1940.00,session,-2.97,0.60,-3.57,LOSS
2023-09-04,XAUUSD,A,C3B,LONG,1940.38,1940.62,1940.62,0.01,0.24,ABOVE,10:10,1940.76,0.05,0.32,0.05,-0.20,0.25,True,10:15,1940.56,10:15,1940.56,flip,-0.20,0.30,-0.50,LOSS
2023-09-05,XAUUSD,A,C3B,SHORT,1937.88,1937.65,1937.49,0.16,0.22,BELOW,10:05,1937.43,0.36,0.35,0.36,-0.32,0.68,True,10:45,1937.75,16:00,1936.81,session,-1.46,0.60,-2.06,LOSS
2023-09-06,XAUUSD,A,C3B,SHORT,1926.74,1926.67,1926.66,0.01,0.07,BELOW,10:05,1926.32,2.05,0.45,2.05,-0.39,2.43,True,12:50,1926.70,12:50,1926.70,flip,-0.39,0.30,-0.69,LOSS
2023-09-08,XAUUSD,A,C3B,LONG,1919.97,1920.62,1920.30,0.32,0.33,ABOVE,10:05,1920.87,6.39,0.26,,,,False,,,16:00,1926.30,session,5.43,0.30,5.13,WIN
2023-09-12,XAUUSD,A,C3B,SHORT,1921.90,1921.67,1921.60,0.07,0.23,BELOW,10:30,1921.56,0.30,0.21,0.30,-0.16,0.46,True,10:40,1921.72,10:40,1921.72,flip,-0.16,0.30,-0.46,LOSS
2023-09-13,XAUUSD,A,C3B,SHORT,1913.36,1913.21,1912.92,0.29,0.14,BELOW,10:25,1912.92,0.08,0.49,0.08,-0.49,0.58,True,10:30,1913.41,10:30,1913.41,flip,-0.49,0.30,-0.79,LOSS
2023-09-14,XAUUSD,A,C3B,LONG,1909.15,1909.56,1909.29,0.27,0.13,ABOVE,10:05,1909.63,3.34,0.75,3.34,-0.43,3.77,True,15:10,1909.20,15:10,1909.20,flip,-0.43,0.30,-0.73,LOSS
2023-09-18,XAUUSD,A,C3B,LONG,1923.04,1923.77,1923.37,0.40,0.33,ABOVE,10:05,1923.95,6.74,0.56,,,,False,,,16:00,1929.50,session,5.55,0.30,5.25,WIN
2023-09-21,XAUUSD,A,C3B,SHORT,1930.09,1929.49,1929.36,0.13,0.60,BELOW,10:15,1929.27,5.01,0.12,,,,False,,,16:00,1927.87,session,1.40,0.30,1.10,WIN
2023-09-22,XAUUSD,A,C3B,LONG,1921.39,1921.68,1921.45,0.23,0.06,ABOVE,10:15,1921.71,3.87,0.35,,,,False,,,16:00,1924.64,session,2.93,0.30,2.63,WIN
2023-09-26,XAUUSD,A,C3B,SHORT,1916.70,1916.29,1916.12,0.17,0.41,BELOW,10:15,1916.09,3.00,0.02,,,,False,,,16:00,1913.31,session,2.78,0.30,2.48,WIN
2023-09-29,XAUUSD,A,C3B,LONG,1866.14,1866.97,1866.74,0.23,0.60,ABOVE,10:20,1867.13,0.18,0.46,0.18,-0.45,0.63,True,10:30,1866.68,16:00,1866.52,session,-0.37,0.60,-0.97,LOSS
2023-10-02,XAUUSD,A,C3B,LONG,1846.51,1846.81,1846.54,0.27,0.03,ABOVE,10:05,1847.14,0.07,0.92,0.07,-0.90,0.97,True,10:15,1846.24,10:15,1846.24,flip,-0.90,0.30,-1.20,LOSS
2023-10-03,XAUUSD,A,C3B,SHORT,1828.31,1828.23,1827.01,1.22,0.07,BELOW,10:05,1826.64,11.33,0.37,,,,False,,,16:00,1820.52,session,6.12,0.30,5.83,WIN
2023-10-04,XAUUSD,A,C3B,SHORT,1823.11,1822.71,1822.40,0.31,0.39,BELOW,11:05,1822.16,0.23,1.73,0.23,-1.53,1.76,True,11:15,1823.69,11:15,1823.69,flip,-1.53,0.30,-1.83,LOSS
2023-10-05,XAUUSD,A,C3B,LONG,1822.17,1822.45,1822.42,0.03,0.25,ABOVE,10:05,1822.74,6.48,0.93,,,,False,,,16:00,1827.31,session,4.56,0.30,4.26,WIN
2023-10-11,XAUUSD,A,C3B,LONG,1859.68,1860.09,1859.84,0.25,0.16,ABOVE,10:05,1860.35,0.45,0.68,0.45,-0.64,1.09,True,10:55,1859.71,10:55,1859.71,flip,-0.64,0.30,-0.94,LOSS
2023-10-16,XAUUSD,A,C3B,SHORT,1926.16,1925.33,1924.56,0.77,0.83,BELOW,10:20,1923.16,1.45,3.08,1.45,-2.73,4.18,True,10:55,1925.89,10:55,1925.89,flip,-2.73,0.30,-3.03,LOSS
2023-10-17,XAUUSD,A,C3B,SHORT,1920.24,1919.78,1918.91,0.86,0.47,BELOW,11:15,1918.23,5.77,0.61,,,,False,,,16:00,1915.24,session,2.99,0.30,2.69,WIN
2023-10-18,XAUUSD,A,C3B,SHORT,1925.27,1925.16,1924.95,0.21,0.10,BELOW,10:05,1924.40,0.25,0.84,0.25,-0.78,1.03,True,10:30,1925.18,16:00,1939.46,session,13.31,0.60,12.71,WIN
2023-10-19,XAUUSD,A,C3B,LONG,1949.71,1950.26,1949.93,0.33,0.22,ABOVE,10:05,1950.58,2.80,1.87,2.80,-1.46,4.27,True,11:40,1949.12,11:40,1949.12,flip,-1.46,0.30,-1.76,LOSS
2023-10-26,XAUUSD,A,C3B,LONG,1981.41,1983.08,1982.22,0.86,0.81,ABOVE,10:40,1983.37,6.06,0.89,,,,False,,,16:00,1989.25,session,5.88,0.30,5.58,WIN
2023-10-30,XAUUSD,A,C3B,SHORT,2002.46,2001.60,2001.42,0.17,0.86,BELOW,15:30,2000.99,0.73,0.93,0.73,-0.72,1.44,True,15:40,2001.71,15:40,2001.71,flip,-0.72,0.30,-1.02,LOSS
2023-10-31,XAUUSD,A,C3B,SHORT,1995.44,1995.17,1994.86,0.32,0.27,BELOW,10:05,1994.68,0.02,0.56,0.02,-0.56,0.58,True,10:10,1995.24,10:10,1995.24,flip,-0.56,0.30,-0.86,LOSS
2023-11-01,XAUUSD,A,C3B,SHORT,1985.32,1984.95,1984.91,0.04,0.37,BELOW,10:15,1984.40,9.16,0.46,,,,False,,,16:00,1977.02,session,7.38,0.30,7.08,WIN
2023-11-02,XAUUSD,A,C3B,LONG,1983.19,1984.42,1983.81,0.62,0.62,ABOVE,10:20,1984.79,3.44,1.33,,,,False,,,16:00,1986.12,session,1.33,0.30,1.03,WIN
2023-11-03,XAUUSD,A,C3B,SHORT,1985.20,1985.07,1985.02,0.05,0.13,BELOW,10:05,1984.92,0.50,0.16,0.50,-0.16,0.66,True,10:45,1985.09,16:00,1985.97,session,0.20,0.60,-0.40,LOSS
2024-03-11,XAUUSD,A,C3B,SHORT,2178.48,2178.24,2177.32,0.92,0.24,BELOW,13:50,2176.93,0.02,1.95,0.02,-1.61,1.62,True,14:05,2178.54,14:05,2178.54,flip,-1.61,0.30,-1.91,LOSS
2024-03-18,XAUUSD,A,C3B,LONG,2154.17,2155.41,2154.91,0.50,0.74,ABOVE,10:45,2155.45,2.15,0.82,2.15,-0.55,2.70,True,12:00,2154.91,16:00,2147.56,session,5.60,0.60,5.00,WIN
2024-03-19,XAUUSD,A,C3B,LONG,2161.01,2161.38,2161.30,0.09,0.28,ABOVE,10:45,2161.41,1.49,0.76,1.49,-0.22,1.71,True,11:50,2161.20,16:00,2159.41,session,1.08,0.60,0.48,WIN
2024-03-21,XAUUSD,A,C3B,LONG,2199.32,2200.96,2199.69,1.27,0.38,ABOVE,10:10,2204.31,2.12,8.22,2.12,-7.37,9.49,True,11:25,2196.94,11:25,2196.94,flip,-7.37,0.30,-7.67,LOSS
2024-03-22,XAUUSD,A,C3B,LONG,2181.23,2181.38,2181.37,0.01,0.14,ABOVE,10:05,2181.54,0.09,0.41,0.09,-0.31,0.40,True,10:15,2181.23,16:00,2173.57,session,7.21,0.60,6.61,WIN
2024-03-25,XAUUSD,A,C3B,LONG,2165.87,2166.88,2166.41,0.47,0.54,ABOVE,10:05,2167.74,1.77,2.22,1.77,-2.00,3.77,True,11:15,2165.74,16:00,2170.12,session,-6.76,0.60,-7.36,LOSS
2024-03-26,XAUUSD,A,C3B,SHORT,2172.68,2172.57,2172.11,0.45,0.11,BELOW,10:30,2172.07,0.78,1.25,0.78,-0.91,1.70,True,10:55,2172.99,10:55,2172.99,flip,-0.91,0.30,-1.21,LOSS
2024-03-27,XAUUSD,A,C3B,SHORT,2178.95,2178.65,2178.48,0.17,0.30,BELOW,10:05,2178.43,0.16,0.27,0.16,-0.23,0.39,True,10:10,2178.66,16:00,2178.30,session,-0.69,0.60,-1.29,LOSS
2024-03-28,XAUUSD,A,C3B,LONG,2190.73,2192.49,2191.32,1.16,0.59,ABOVE,13:20,2192.91,4.06,0.08,,,,False,,,16:00,2195.76,session,2.85,0.30,2.55,WIN
2024-04-01,XAUUSD,A,C3B,LONG,2236.93,2237.49,2237.08,0.41,0.14,ABOVE,10:05,2238.41,27.36,0.58,,,,False,,,16:00,2259.34,session,20.93,0.30,20.63,WIN
2024-04-02,XAUUSD,A,C3B,SHORT,2254.59,2253.71,2251.64,2.07,0.88,BELOW,10:15,2250.46,3.74,3.45,3.74,-3.45,7.19,True,13:50,2253.91,16:00,2256.41,session,-1.34,0.60,-1.94,LOSS
2024-04-05,XAUUSD,A,C3B,LONG,2288.84,2290.55,2289.81,0.74,0.97,ABOVE,10:05,2290.99,0.20,1.56,0.20,-1.48,1.68,True,10:45,2289.51,10:45,2289.51,flip,-1.48,0.30,-1.78,LOSS
2024-04-08,XAUUSD,A,C3B,SHORT,2311.78,2311.39,2309.93,1.47,0.38,BELOW,10:10,2308.30,5.33,5.96,5.33,-5.31,10.64,True,11:25,2313.61,16:00,2332.86,session,10.77,0.60,10.17,WIN
2024-04-10,XAUUSD,A,C3B,LONG,2353.63,2354.89,2354.76,0.12,1.13,ABOVE,14:30,2355.01,0.72,0.92,0.72,-0.77,1.49,True,14:40,2354.24,14:40,2354.24,flip,-0.77,0.30,-1.07,LOSS
2024-04-11,XAUUSD,A,C3B,SHORT,2336.35,2335.61,2334.99,0.62,0.74,BELOW,10:05,2333.49,0.06,2.57,0.06,-2.52,2.58,True,10:30,2336.01,10:30,2336.01,flip,-2.52,0.30,-2.82,LOSS
2024-04-15,XAUUSD,A,C3B,SHORT,2365.42,2364.89,2361.99,2.90,0.53,BELOW,10:15,2361.41,12.99,3.41,,,,False,,,16:00,2360.30,session,1.11,0.30,0.81,WIN
2024-04-17,XAUUSD,A,C3B,SHORT,2384.01,2382.83,2381.43,1.40,1.18,BELOW,13:25,2381.32,0.55,1.73,0.55,-1.53,2.08,True,13:50,2382.85,13:50,2382.85,flip,-1.53,0.30,-1.83,LOSS
2024-04-18,XAUUSD,A,C3B,LONG,2366.86,2368.76,2368.08,0.68,1.22,ABOVE,10:30,2368.92,3.17,2.79,3.17,-2.20,5.37,True,11:25,2366.72,16:00,2378.14,session,-15.47,0.60,-16.07,LOSS
2024-04-19,XAUUSD,A,C3B,SHORT,2381.20,2379.93,2378.21,1.72,1.28,BELOW,10:05,2376.67,2.83,7.77,2.83,-7.32,10.15,True,11:00,2383.99,16:00,2382.32,session,-11.75,0.60,-12.35,LOSS
2024-04-23,XAUUSD,A,C3B,LONG,2332.15,2333.79,2332.82,0.97,0.67,ABOVE,11:05,2334.03,0.48,1.89,0.48,-1.88,2.36,True,11:20,2332.15,16:00,2308.55,session,19.36,0.60,18.76,WIN
2024-04-24,XAUUSD,A,C3B,SHORT,2324.03,2323.37,2322.55,0.82,0.66,BELOW,10:05,2322.36,6.52,1.45,6.52,-1.37,7.89,True,13:10,2323.73,16:00,2330.14,session,4.40,0.60,3.80,WIN
2024-04-25,XAUUSD,A,C3B,LONG,2316.12,2317.02,2316.39,0.63,0.26,ABOVE,10:05,2317.28,2.29,1.19,2.29,-1.03,3.32,True,11:10,2316.26,11:10,2316.26,flip,-1.03,0.30,-1.33,LOSS
2024-04-26,XAUUSD,A,C3B,SHORT,2331.18,2331.08,2330.72,0.36,0.10,BELOW,10:05,2330.49,4.13,1.02,4.13,-0.72,4.86,True,11:30,2331.22,11:30,2331.22,flip,-0.72,0.30,-1.02,LOSS
2024-04-29,XAUUSD,A,C3B,SHORT,2336.30,2336.25,2335.93,0.32,0.05,BELOW,10:05,2335.39,15.55,1.24,,,,False,,,16:00,2330.07,session,5.32,0.30,5.02,WIN
2024-04-30,XAUUSD,A,C3B,SHORT,2333.61,2333.18,2332.26,0.91,0.43,BELOW,12:10,2329.74,9.10,2.56,,,,False,,,16:00,2321.50,session,8.24,0.30,7.94,WIN
2024-05-03,XAUUSD,A,C3B,LONG,2303.01,2304.32,2303.86,0.47,0.84,ABOVE,11:00,2304.59,1.85,1.34,1.85,-1.34,3.18,True,11:20,2303.26,11:20,2303.26,flip,-1.34,0.30,-1.64,LOSS
2024-05-06,XAUUSD,A,C3B,SHORT,2295.23,2294.50,2294.03,0.47,0.73,BELOW,10:15,2293.06,1.21,1.59,1.21,-1.58,2.79,True,10:30,2294.64,16:00,2312.66,session,15.84,0.60,15.24,WIN
2024-05-07,XAUUSD,A,C3B,LONG,2325.41,2327.06,2326.17,0.89,0.76,ABOVE,10:15,2328.26,1.72,2.92,1.72,-2.86,4.58,True,11:20,2325.40,11:20,2325.40,flip,-2.86,0.30,-3.16,LOSS
2024-05-08,XAUUSD,A,C3B,LONG,2315.09,2315.80,2315.27,0.53,0.18,ABOVE,10:05,2315.86,0.27,1.33,0.27,-0.71,0.98,True,10:25,2315.15,16:00,2318.54,session,-4.14,0.60,-4.74,LOSS
2024-05-09,XAUUSD,A,C3B,LONG,2308.72,2309.11,2308.88,0.23,0.16,ABOVE,10:40,2309.57,2.81,1.55,2.81,-1.28,4.10,True,12:05,2308.29,12:05,2308.29,flip,-1.28,0.30,-1.58,LOSS
2024-05-13,XAUUSD,A,C3B,LONG,2360.20,2360.75,2360.55,0.20,0.35,ABOVE,10:10,2361.83,2.72,2.94,2.72,-2.30,5.02,True,11:10,2359.53,16:00,2353.89,session,3.05,0.60,2.45,WIN
2024-05-14,XAUUSD,A,C3B,SHORT,2338.84,2338.47,2338.39,0.08,0.38,BELOW,10:05,2337.81,0.00,1.26,0.00,-1.19,1.19,True,10:10,2339.00,16:00,2345.06,session,4.82,0.60,4.22,WIN
2024-05-21,XAUUSD,A,C3B,LONG,2426.20,2427.11,2426.36,0.75,0.17,ABOVE,10:15,2427.13,0.64,2.05,0.64,-1.14,1.78,True,10:25,2425.99,16:00,2415.74,session,9.00,0.60,8.40,WIN
2024-05-23,XAUUSD,A,C3B,LONG,2382.17,2382.60,2382.31,0.29,0.14,ABOVE,10:05,2382.97,0.81,1.25,0.81,-0.78,1.59,True,10:15,2382.20,16:00,2360.14,session,20.82,0.60,20.22,WIN
2024-05-24,XAUUSD,A,C3B,SHORT,2333.31,2332.26,2332.05,0.20,1.05,BELOW,10:05,2332.01,5.24,0.84,5.24,-0.74,5.99,True,11:15,2332.76,11:15,2332.76,flip,-0.74,0.30,-1.04,LOSS
2024-05-27,XAUUSD,A,C3B,SHORT,2337.80,2337.33,2336.74,0.59,0.47,BELOW,10:10,2336.52,1.99,1.11,1.99,-0.97,2.96,True,11:05,2337.49,16:00,2343.25,session,2.73,0.60,2.13,WIN
2024-05-28,XAUUSD,A,C3B,LONG,2351.76,2352.55,2352.28,0.26,0.52,ABOVE,10:10,2352.82,0.87,1.24,0.87,-0.96,1.83,True,10:20,2351.86,16:00,2349.55,session,1.17,0.60,0.57,WIN
2024-05-29,XAUUSD,A,C3B,LONG,2359.68,2360.14,2359.72,0.42,0.04,ABOVE,10:05,2360.50,0.47,1.14,0.47,-1.07,1.54,True,10:20,2359.43,16:00,2355.44,session,2.55,0.60,1.95,WIN
2024-05-30,XAUUSD,A,C3B,SHORT,2338.70,2338.51,2336.89,1.62,0.20,BELOW,10:10,2336.70,2.65,2.46,2.65,-2.39,5.05,True,11:10,2339.09,16:00,2325.26,session,-16.88,0.60,-17.48,LOSS
2024-06-04,XAUUSD,A,C3B,LONG,2350.43,2351.45,2350.59,0.86,0.17,ABOVE,10:20,2351.69,1.20,2.56,1.20,-2.20,3.40,True,11:05,2349.49,16:00,2350.89,session,-3.99,0.60,-4.59,LOSS
2024-06-06,XAUUSD,A,C3B,SHORT,2355.43,2355.15,2354.88,0.28,0.28,BELOW,10:35,2354.77,0.01,0.76,0.01,-0.66,0.66,True,10:40,2355.43,16:00,2367.24,session,11.16,0.60,10.56,WIN
2024-06-07,XAUUSD,A,C3B,SHORT,2377.05,2376.91,2376.53,0.38,0.13,BELOW,11:05,2376.49,6.98,1.42,6.98,-1.31,8.30,True,12:50,2377.80,12:50,2377.80,flip,-1.31,0.30,-1.61,LOSS
2024-06-12,XAUUSD,A,C3B,LONG,2314.51,2315.57,2315.20,0.38,0.69,ABOVE,10:05,2315.66,0.00,0.76,0.00,-0.67,0.67,True,10:10,2314.99,10:10,2314.99,flip,-0.67,0.30,-0.97,LOSS
2024-06-13,XAUUSD,A,C3B,SHORT,2321.44,2320.65,2318.53,2.12,0.79,BELOW,11:05,2317.22,9.01,0.72,,,,False,,,16:00,2313.55,session,3.66,0.30,3.36,WIN
2024-06-14,XAUUSD,A,C3B,LONG,2302.05,2303.33,2302.43,0.89,0.38,ABOVE,10:20,2303.39,8.34,0.33,,,,False,,,16:00,2309.13,session,5.74,0.30,5.44,WIN
2024-06-17,XAUUSD,A,C3B,SHORT,2328.98,2328.95,2326.58,2.37,0.03,BELOW,10:15,2325.90,8.60,3.11,,,,False,,,16:00,2317.45,session,8.45,0.30,8.15,WIN
2024-06-18,XAUUSD,A,C3B,LONG,2320.45,2322.18,2321.11,1.07,0.66,ABOVE,10:25,2322.28,3.31,1.87,3.31,-1.76,5.07,True,11:15,2320.53,16:00,2321.91,session,-3.22,0.60,-3.82,LOSS
2024-06-20,XAUUSD,A,C3B,LONG,2329.07,2329.51,2329.36,0.14,0.29,ABOVE,10:55,2329.83,15.12,0.00,,,,False,,,16:00,2341.70,session,11.88,0.30,11.57,WIN
2024-06-21,XAUUSD,A,C3B,LONG,2360.19,2361.32,2360.95,0.38,0.76,ABOVE,10:05,2362.68,2.22,3.02,2.22,-2.02,4.24,True,11:25,2360.66,16:00,2363.45,session,-8.18,0.60,-8.78,LOSS
2024-06-24,XAUUSD,A,C3B,LONG,2318.47,2320.90,2319.19,1.71,0.72,ABOVE,10:40,2321.16,6.18,2.09,,,,False,,,16:00,2323.34,session,2.18,0.30,1.88,WIN
2024-06-27,XAUUSD,A,C3B,LONG,2298.34,2298.45,2298.44,0.01,0.10,ABOVE,10:10,2299.80,0.41,1.70,0.41,-1.51,1.92,True,10:45,2298.29,10:45,2298.29,flip,-1.51,0.30,-1.81,LOSS
2024-06-28,XAUUSD,A,C3B,SHORT,2327.87,2327.76,2327.32,0.45,0.11,BELOW,10:10,2326.66,7.56,0.45,,,,False,,,16:00,2325.72,session,0.95,0.30,0.65,WIN
2024-07-01,XAUUSD,A,C3B,SHORT,2325.72,2325.05,2323.43,1.61,0.67,BELOW,10:05,2323.40,1.14,2.00,1.14,-1.82,2.96,True,10:35,2325.22,10:35,2325.22,flip,-1.82,0.30,-2.12,LOSS
2024-07-02,XAUUSD,A,C3B,LONG,2332.34,2333.51,2332.36,1.14,0.03,ABOVE,11:50,2333.53,0.86,1.68,0.86,-1.59,2.44,True,12:30,2331.95,12:30,2331.95,flip,-1.59,0.30,-1.89,LOSS
2024-07-03,XAUUSD,A,C3B,LONG,2330.23,2330.92,2330.32,0.61,0.09,ABOVE,10:05,2331.47,0.75,1.17,0.75,-1.17,1.92,True,10:55,2330.30,10:55,2330.30,flip,-1.17,0.30,-1.47,LOSS
2024-07-08,XAUUSD,A,C3B,SHORT,2386.47,2386.17,2384.70,1.47,0.30,BELOW,12:40,2383.78,3.01,3.01,3.01,-2.81,5.82,True,15:15,2386.59,15:15,2386.59,flip,-2.81,0.30,-3.11,LOSS
2024-07-09,XAUUSD,A,C3B,LONG,2361.65,2362.53,2361.86,0.67,0.21,ABOVE,10:10,2363.41,0.34,2.41,0.34,-2.35,2.68,True,10:30,2361.07,10:30,2361.07,flip,-2.35,0.30,-2.65,LOSS
2024-07-18,XAUUSD,A,C3B,SHORT,2461.61,2461.45,2459.08,2.38,0.16,BELOW,10:05,2458.47,1.01,4.47,1.01,-4.25,5.26,True,11:10,2462.72,11:10,2462.72,flip,-4.25,0.30,-4.55,LOSS
2024-07-19,XAUUSD,A,C3B,SHORT,2443.76,2441.38,2431.36,10.03,2.38,BELOW,10:10,2431.20,10.62,3.74,,,,False,,,16:00,2421.80,session,9.40,0.30,9.10,WIN
2024-07-25,XAUUSD,A,C3B,SHORT,2399.61,2398.89,2398.07,0.82,0.72,BELOW,10:05,2396.58,29.72,3.57,,,,False,,,16:00,2376.74,session,19.84,0.30,19.54,WIN
2024-07-26,XAUUSD,A,C3B,LONG,2363.72,2364.73,2363.86,0.88,0.14,ABOVE,10:05,2365.37,0.08,1.93,0.08,-1.65,1.74,True,10:25,2363.72,10:25,2363.72,flip,-1.65,0.30,-1.95,LOSS
2024-07-29,XAUUSD,A,C3B,SHORT,2398.20,2398.09,2397.16,0.93,0.11,BELOW,11:15,2396.99,8.23,1.28,,,,False,,,16:00,2394.84,session,2.15,0.30,1.85,WIN
2024-08-01,XAUUSD,A,C3B,LONG,2445.39,2446.07,2445.84,0.24,0.45,ABOVE,10:05,2446.24,0.78,0.90,0.78,-0.74,1.52,True,10:20,2445.50,16:00,2447.62,session,-2.92,0.60,-3.52,LOSS
2024-08-07,XAUUSD,A,C3B,SHORT,2384.83,2384.69,2383.95,0.74,0.14,BELOW,10:05,2382.20,0.74,3.28,0.74,-2.86,3.60,True,10:50,2385.06,16:00,2389.93,session,0.49,0.60,-0.11,LOSS
2024-08-09,XAUUSD,A,C3B,LONG,2423.34,2425.12,2424.66,0.47,1.32,ABOVE,11:35,2425.25,3.78,1.97,3.78,-1.32,5.10,True,12:35,2423.93,12:35,2423.93,flip,-1.32,0.30,-1.62,LOSS
2024-08-13,XAUUSD,A,C3B,LONG,2474.41,2475.93,2475.57,0.36,1.16,ABOVE,10:05,2476.21,0.76,1.05,0.76,-0.95,1.70,True,10:15,2475.26,16:00,2463.03,session,10.54,0.60,9.94,WIN
2024-08-14,XAUUSD,A,C3B,LONG,2463.73,2464.28,2464.24,0.04,0.51,ABOVE,10:05,2465.55,7.10,3.03,7.10,-2.18,9.29,True,12:00,2463.37,16:00,2461.95,session,-0.89,0.60,-1.49,LOSS
2024-08-15,XAUUSD,A,C3B,LONG,2448.51,2449.52,2449.50,0.02,0.99,ABOVE,10:05,2449.56,0.43,0.96,0.43,-0.38,0.81,True,10:20,2449.18,10:20,2449.18,flip,-0.38,0.30,-0.68,LOSS
2024-08-20,XAUUSD,A,C3B,LONG,2503.36,2504.47,2503.73,0.74,0.38,ABOVE,10:05,2504.67,3.61,2.87,3.61,-1.66,5.26,True,11:10,2503.01,11:10,2503.01,flip,-1.66,0.30,-1.96,LOSS
2024-08-21,XAUUSD,A,C3B,SHORT,2514.61,2513.07,2512.99,0.08,1.55,BELOW,11:20,2512.62,1.69,2.03,1.69,-1.25,2.94,True,11:40,2513.87,16:00,2515.76,session,-2.15,0.60,-2.75,LOSS
2024-08-23,XAUUSD,A,C3B,LONG,2486.26,2487.68,2487.35,0.33,1.09,ABOVE,10:15,2488.16,7.69,1.39,,,,False,,,16:00,2491.68,session,3.51,0.30,3.21,WIN
2024-08-26,XAUUSD,A,C3B,LONG,2514.30,2516.03,2515.30,0.73,1.00,ABOVE,10:25,2516.18,0.82,3.66,0.82,-3.66,4.47,True,10:45,2512.52,10:45,2512.52,flip,-3.66,0.30,-3.96,LOSS
2024-08-27,XAUUSD,A,C3B,SHORT,2516.30,2515.66,2515.53,0.13,0.64,BELOW,10:10,2514.97,0.19,0.98,0.19,-0.81,1.01,True,10:15,2515.78,16:00,2514.71,session,-2.54,0.60,-3.14,LOSS
2024-08-28,XAUUSD,A,C3B,SHORT,2526.28,2525.37,2524.74,0.63,0.91,BELOW,10:10,2524.72,21.39,1.21,,,,False,,,16:00,2504.72,session,20.00,0.30,19.70,WIN
2024-08-29,XAUUSD,A,C3B,LONG,2507.82,2509.95,2508.22,1.73,0.40,ABOVE,10:05,2509.99,10.05,0.30,,,,False,,,16:00,2518.55,session,8.56,0.30,8.26,WIN
2024-09-02,XAUUSD,A,C3B,LONG,2502.38,2503.14,2503.03,0.11,0.66,ABOVE,10:10,2503.16,0.27,0.57,0.27,-0.36,0.63,True,10:15,2502.80,10:15,2502.80,flip,-0.36,0.30,-0.66,LOSS
2024-09-03,XAUUSD,A,C3B,SHORT,2497.93,2497.36,2497.33,0.03,0.57,BELOW,10:05,2496.52,6.82,1.11,,,,False,,,16:00,2493.51,session,3.01,0.30,2.71,WIN
2024-09-05,XAUUSD,A,C3B,LONG,2495.37,2496.57,2495.98,0.59,0.61,ABOVE,11:05,2497.05,2.38,1.62,2.38,-1.54,3.92,True,13:50,2495.51,16:00,2501.36,session,-7.95,0.60,-8.55,LOSS
2024-09-06,XAUUSD,A,C3B,SHORT,2517.75,2517.49,2517.43,0.06,0.26,BELOW,10:05,2517.19,4.10,0.92,4.10,-0.63,4.73,True,12:55,2517.82,12:55,2517.82,flip,-0.63,0.30,-0.93,LOSS
2024-09-09,XAUUSD,A,C3B,LONG,2496.43,2497.95,2497.01,0.94,0.59,ABOVE,11:05,2498.12,0.64,2.59,0.64,-2.03,2.67,True,11:20,2496.09,11:20,2496.09,flip,-2.03,0.30,-2.33,LOSS
2024-09-11,XAUUSD,A,C3B,LONG,2517.86,2518.78,2518.69,0.09,0.84,ABOVE,10:40,2519.01,0.17,1.30,0.17,-1.13,1.30,True,10:45,2517.88,16:00,2522.10,session,-5.99,0.60,-6.59,LOSS
2024-09-17,XAUUSD,A,C3B,LONG,2583.71,2584.18,2583.78,0.40,0.07,ABOVE,12:10,2585.18,1.18,3.52,1.18,-3.07,4.26,True,12:45,2582.11,16:00,2581.44,session,-2.53,0.60,-3.13,LOSS
2024-09-18,XAUUSD,A,C3B,LONG,2573.84,2574.21,2574.09,0.12,0.26,ABOVE,11:00,2574.38,0.38,1.94,0.38,-1.40,1.78,True,11:05,2572.98,11:05,2572.98,flip,-1.40,0.30,-1.70,LOSS
2024-09-19,XAUUSD,A,C3B,LONG,2557.37,2559.43,2558.36,1.06,0.99,ABOVE,12:15,2559.45,18.03,0.11,,,,False,,,16:00,2577.01,session,17.57,0.30,17.27,WIN
2024-09-23,XAUUSD,A,C3B,SHORT,2620.89,2620.28,2619.45,0.83,0.61,BELOW,10:05,2618.93,2.75,2.16,2.75,-2.16,4.91,True,11:35,2621.09,16:00,2629.01,session,5.72,0.60,5.12,WIN
2024-09-25,XAUUSD,A,C3B,SHORT,2658.52,2658.32,2657.59,0.73,0.20,BELOW,11:30,2656.39,0.51,4.08,0.51,-4.06,4.57,True,11:50,2660.45,11:50,2660.45,flip,-4.06,0.30,-4.36,LOSS
2024-09-26,XAUUSD,A,C3B,SHORT,2658.44,2656.76,2656.43,0.33,1.68,BELOW,10:05,2656.26,0.77,0.64,0.77,-0.59,1.37,True,10:15,2656.86,10:15,2656.86,flip,-0.59,0.30,-0.89,LOSS
2024-10-01,XAUUSD,A,C3B,LONG,2635.35,2636.02,2635.85,0.17,0.50,ABOVE,10:05,2636.56,0.25,1.91,0.25,-1.84,2.09,True,10:35,2634.72,10:35,2634.72,flip,-1.84,0.30,-2.14,LOSS
2024-10-02,XAUUSD,A,C3B,SHORT,2660.74,2660.41,2660.09,0.32,0.32,BELOW,10:05,2659.37,2.98,1.48,2.98,-1.40,4.38,True,11:45,2660.77,16:00,2648.14,session,-15.14,0.60,-15.74,LOSS
2024-10-04,XAUUSD,A,C3B,LONG,2655.33,2656.14,2655.89,0.24,0.57,ABOVE,10:05,2656.99,10.88,1.43,,,,False,,,16:00,2667.03,session,10.05,0.30,9.75,WIN
2024-10-08,XAUUSD,A,C3B,LONG,2643.31,2644.26,2644.09,0.18,0.78,ABOVE,10:15,2644.83,0.15,1.10,0.15,-0.92,1.07,True,10:25,2643.91,16:00,2642.28,session,0.41,0.60,-0.19,LOSS
2024-10-09,XAUUSD,A,C3B,LONG,2621.70,2622.67,2622.11,0.56,0.42,ABOVE,10:05,2623.09,0.74,1.11,0.74,-1.07,1.81,True,10:55,2622.02,10:55,2622.02,flip,-1.07,0.30,-1.37,LOSS
2024-10-10,XAUUSD,A,C3B,LONG,2608.30,2608.91,2608.86,0.05,0.56,ABOVE,10:05,2609.12,0.34,0.51,0.34,-0.51,0.85,True,10:35,2608.62,10:35,2608.62,flip,-0.51,0.30,-0.81,LOSS
2024-10-15,XAUUSD,A,C3B,LONG,2650.11,2650.43,2650.12,0.31,0.01,ABOVE,10:05,2650.66,0.36,1.21,0.36,-1.18,1.54,True,10:40,2649.48,10:40,2649.48,flip,-1.18,0.30,-1.48,LOSS
2024-10-16,XAUUSD,A,C3B,SHORT,2662.57,2662.28,2662.01,0.27,0.29,BELOW,10:05,2661.70,0.36,0.91,0.36,-0.65,1.01,True,10:40,2662.36,10:40,2662.36,flip,-0.65,0.30,-0.95,LOSS
2024-10-17,XAUUSD,A,C3B,LONG,2673.43,2673.85,2673.82,0.03,0.39,ABOVE,10:10,2674.01,10.93,0.01,,,,False,,,16:00,2678.91,session,4.90,0.30,4.60,WIN
2024-10-21,XAUUSD,A,C3B,LONG,2722.20,2724.07,2723.70,0.37,1.49,ABOVE,10:35,2724.28,0.92,1.60,0.92,-1.59,2.51,True,10:45,2722.69,10:45,2722.69,flip,-1.59,0.30,-1.89,LOSS
2024-10-23,XAUUSD,A,C3B,SHORT,2747.99,2747.57,2747.41,0.16,0.41,BELOW,10:40,2746.57,8.62,1.52,8.62,-1.48,10.11,True,15:10,2748.05,16:00,2750.20,session,-0.12,0.60,-0.72,LOSS
2024-10-24,XAUUSD,A,C3B,LONG,2717.93,2719.30,2718.11,1.18,0.18,ABOVE,10:10,2719.71,7.53,1.78,,,,False,,,16:00,2727.09,session,7.38,0.30,7.08,WIN
2024-10-28,XAUUSD,A,C3B,LONG,2732.72,2736.68,2734.66,2.02,1.93,ABOVE,10:05,2737.16,3.16,3.57,3.16,-3.34,6.50,True,11:05,2733.83,16:00,2733.31,session,-2.87,0.60,-3.47,LOSS
2024-10-29,XAUUSD,A,C3B,LONG,2741.53,2742.20,2741.66,0.53,0.13,ABOVE,10:10,2742.49,0.36,1.24,0.36,-1.03,1.39,True,10:30,2741.46,10:30,2741.46,flip,-1.03,0.30,-1.33,LOSS
2024-10-30,XAUUSD,A,C3B,SHORT,2774.93,2774.76,2774.24,0.53,0.17,BELOW,10:05,2773.91,0.38,1.35,0.38,-1.14,1.53,True,10:50,2775.05,16:00,2779.44,session,3.17,0.60,2.57,WIN
2024-10-31,XAUUSD,A,C3B,LONG,2786.90,2787.88,2787.51,0.36,0.61,ABOVE,11:15,2787.99,0.28,1.32,0.28,-1.23,1.51,True,11:20,2786.76,16:00,2784.18,session,0.80,0.60,0.20,WIN
2024-11-01,XAUUSD,A,C3B,LONG,2745.88,2746.32,2746.18,0.14,0.30,ABOVE,10:05,2746.62,1.32,0.92,1.32,-0.88,2.20,True,11:30,2745.75,11:30,2745.75,flip,-0.88,0.30,-1.18,LOSS
2025-03-10,XAUUSD,A,C3B,LONG,2911.96,2912.74,2911.99,0.75,0.03,ABOVE,10:05,2912.80,5.59,2.98,5.59,-2.03,7.62,True,13:10,2910.76,13:10,2910.76,flip,-2.03,0.30,-2.33,LOSS
2025-03-11,XAUUSD,A,C3B,SHORT,2885.36,2885.06,2884.66,0.40,0.30,BELOW,10:15,2884.34,1.91,1.76,1.91,-0.81,2.72,True,11:05,2885.14,16:00,2897.84,session,9.79,0.60,9.19,WIN
2025-03-12,XAUUSD,A,C3B,LONG,2915.47,2918.43,2917.79,0.64,2.32,ABOVE,10:05,2919.46,0.30,2.03,0.30,-1.87,2.16,True,10:10,2917.59,16:00,2913.74,session,1.08,0.60,0.48,WIN
2025-03-13,XAUUSD,A,C3B,LONG,2937.78,2938.58,2938.22,0.36,0.43,ABOVE,10:35,2938.69,0.20,1.33,0.20,-1.01,1.21,True,10:45,2937.68,10:45,2937.68,flip,-1.01,0.30,-1.31,LOSS
2025-03-17,XAUUSD,A,C3B,LONG,2989.15,2989.48,2989.18,0.30,0.03,ABOVE,10:05,2989.83,4.41,1.49,4.41,-1.49,5.89,True,11:10,2988.34,16:00,2983.08,session,3.13,0.60,2.53,WIN
2025-03-19,XAUUSD,A,C3B,LONG,3034.04,3034.66,3034.53,0.12,0.49,ABOVE,14:10,3034.94,4.11,0.95,,,,False,,,16:00,3037.36,session,2.41,0.30,2.11,WIN
2025-03-21,XAUUSD,A,C3B,LONG,3045.11,3045.89,3045.84,0.05,0.72,ABOVE,10:10,3046.07,0.00,0.68,0.00,-0.37,0.37,True,10:15,3045.70,16:00,3029.61,session,15.24,0.60,14.64,WIN
2025-03-25,XAUUSD,A,C3B,LONG,3010.17,3011.86,3011.51,0.35,1.34,ABOVE,10:05,3012.09,0.00,0.62,0.00,-0.60,0.60,True,10:10,3011.49,16:00,3017.42,session,-7.04,0.60,-7.64,LOSS
2025-03-26,XAUUSD,A,C3B,LONG,3020.82,3021.47,3021.46,0.01,0.64,ABOVE,10:05,3021.55,0.07,0.37,0.07,-0.36,0.43,True,10:10,3021.20,16:00,3015.64,session,5.09,0.60,4.49,WIN
2025-03-27,XAUUSD,A,C3B,SHORT,3020.01,3019.55,3018.78,0.76,0.47,BELOW,10:15,3018.77,0.41,1.35,0.41,-1.09,1.51,True,10:20,3019.86,16:00,3033.53,session,11.70,0.60,11.10,WIN
2025-03-28,XAUUSD,A,C3B,SHORT,3055.93,3055.16,3054.51,0.65,0.77,BELOW,10:05,3054.34,0.11,0.96,0.11,-0.94,1.05,True,10:40,3055.28,16:00,3074.30,session,17.46,0.60,16.86,WIN
2025-04-03,XAUUSD,A,C3B,LONG,3144.70,3148.82,3145.99,2.82,1.30,ABOVE,10:05,3153.24,14.60,10.47,14.60,-10.47,25.07,True,11:15,3142.76,11:15,3142.76,flip,-10.47,0.30,-10.77,LOSS
2025-04-07,XAUUSD,A,C3B,LONG,2995.82,2999.75,2999.64,0.11,3.82,ABOVE,11:10,3007.05,50.25,2.32,,,,False,,,16:00,3030.14,session,23.09,0.30,22.79,WIN
2025-04-09,XAUUSD,A,C3B,LONG,2970.83,2978.57,2977.97,0.61,7.14,ABOVE,10:05,2981.02,6.08,8.61,6.08,-7.58,13.66,True,11:00,2973.44,11:00,2973.44,flip,-7.58,0.30,-7.88,LOSS
2025-04-16,XAUUSD,A,C3B,LONG,3244.05,3258.99,3251.91,7.07,7.87,ABOVE,10:15,3259.17,32.76,3.16,,,,False,,,16:00,3287.07,session,27.90,0.30,27.60,WIN
2025-04-17,XAUUSD,A,C3B,SHORT,3352.01,3350.27,3346.19,4.08,1.74,BELOW,10:05,3344.85,2.84,8.66,2.84,-8.21,11.05,True,11:10,3353.06,16:00,3326.47,session,-37.94,0.60,-38.54,LOSS
2025-04-22,XAUUSD,A,C3B,SHORT,3436.39,3434.53,3419.24,15.30,1.86,BELOW,10:05,3418.82,3.45,17.75,3.45,-17.18,20.63,True,11:15,3436.01,16:00,3490.03,session,32.80,0.60,32.20,WIN
2025-04-23,XAUUSD,A,C3B,SHORT,3339.34,3338.49,3336.80,1.69,0.84,BELOW,13:10,3336.32,5.30,3.84,5.30,-2.70,8.01,True,13:15,3339.03,13:15,3339.03,flip,-2.70,0.30,-3.00,LOSS
2025-04-24,XAUUSD,A,C3B,LONG,3314.59,3316.48,3315.23,1.25,0.64,ABOVE,10:05,3317.54,50.14,0.00,,,,False,,,16:00,3325.75,session,8.21,0.30,7.91,WIN
2025-04-25,XAUUSD,A,C3B,SHORT,3353.24,3352.45,3348.92,3.53,0.78,BELOW,11:20,3348.74,0.16,4.33,0.16,-4.33,4.49,True,11:25,3353.07,16:00,3297.05,session,-60.72,0.60,-61.32,LOSS
2025-04-28,XAUUSD,A,C3B,LONG,3302.11,3308.28,3302.80,5.48,0.69,ABOVE,10:05,3310.82,5.34,9.49,5.34,-8.91,14.25,True,11:15,3301.91,16:00,3292.91,session,-6.43,0.60,-7.03,LOSS
2025-04-29,XAUUSD,A,C3B,SHORT,3339.34,3337.66,3335.00,2.66,1.67,BELOW,10:20,3334.10,28.96,6.04,,,,False,,,16:00,3310.32,session,23.78,0.30,23.48,WIN
2025-04-30,XAUUSD,A,C3B,LONG,3315.81,3321.33,3317.18,4.15,1.37,ABOVE,10:05,3323.45,4.70,7.32,4.70,-7.05,11.75,True,10:35,3316.41,16:00,3310.02,session,-2.76,0.60,-3.36,LOSS
2025-05-01,XAUUSD,A,C3B,SHORT,3275.97,3274.68,3273.03,1.64,1.29,BELOW,10:15,3268.74,47.41,0.03,,,,False,,,16:00,3241.14,session,27.59,0.30,27.29,WIN
2025-05-02,XAUUSD,A,C3B,LONG,3237.30,3240.12,3237.44,2.68,0.14,ABOVE,10:15,3240.76,3.70,8.87,3.70,-8.09,11.78,True,10:45,3232.68,16:00,3252.94,session,-30.57,0.60,-31.17,LOSS
2025-05-05,XAUUSD,A,C3B,SHORT,3250.09,3248.16,3246.58,1.58,1.93,BELOW,10:05,3245.57,4.37,7.78,4.37,-7.75,12.12,True,11:00,3253.32,16:00,3257.63,session,-5.95,0.60,-6.55,LOSS
2025-05-06,XAUUSD,A,C3B,SHORT,3334.46,3334.13,3332.28,1.85,0.33,BELOW,10:15,3328.84,6.09,21.59,6.09,-20.95,27.04,True,11:00,3349.80,16:00,3360.53,session,-19.52,0.60,-20.12,LOSS
2025-05-09,XAUUSD,A,C3B,LONG,3316.16,3317.84,3316.47,1.37,0.30,ABOVE,10:45,3319.75,3.53,6.40,3.53,-4.05,7.59,True,11:10,3315.70,16:00,3323.17,session,-16.38,0.60,-16.98,LOSS
2025-05-13,XAUUSD,A,C3B,SHORT,3237.79,3237.20,3236.86,0.34,0.59,BELOW,10:30,3236.21,2.25,2.12,2.25,-2.05,4.30,True,10:50,3238.26,16:00,3256.28,session,14.27,0.60,13.67,WIN
2025-05-14,XAUUSD,A,C3B,SHORT,3254.82,3254.44,3249.14,5.30,0.38,BELOW,10:05,3245.51,23.95,6.39,,,,False,,,16:00,3233.58,session,11.93,0.30,11.63,WIN
2025-05-19,XAUUSD,A,C3B,LONG,3227.36,3236.66,3235.03,1.63,7.66,ABOVE,10:05,3243.26,6.59,12.12,6.59,-9.67,16.26,True,11:10,3233.59,16:00,3224.43,session,-4.32,0.60,-4.92,LOSS
2025-05-23,XAUUSD,A,C3B,SHORT,3301.55,3300.22,3295.43,4.79,1.33,BELOW,10:50,3295.26,1.36,5.76,1.36,-5.62,6.98,True,10:55,3300.89,16:00,3329.28,session,21.80,0.60,21.20,WIN
2025-05-27,XAUUSD,A,C3B,SHORT,3346.44,3346.20,3345.41,0.79,0.24,BELOW,10:20,3344.55,0.72,2.15,0.72,-2.03,2.74,True,10:30,3346.57,10:30,3346.57,flip,-2.03,0.30,-2.33,LOSS
2025-05-29,XAUUSD,A,C3B,LONG,3259.05,3262.92,3259.93,2.99,0.88,ABOVE,10:35,3264.40,4.88,9.93,4.88,-8.97,13.85,True,11:00,3255.43,11:00,3255.43,flip,-8.97,0.30,-9.27,LOSS
2025-05-30,XAUUSD,A,C3B,LONG,3314.32,3318.20,3315.57,2.64,1.25,ABOVE,11:15,3319.93,2.99,7.86,2.99,-5.01,8.00,True,11:30,3314.93,16:00,3301.76,session,7.86,0.60,7.26,WIN
2025-06-06,XAUUSD,A,C3B,LONG,3361.58,3363.73,3361.91,1.82,0.33,ABOVE,10:10,3363.87,0.29,2.48,0.29,-2.12,2.41,True,10:35,3361.74,16:00,3364.78,session,-5.39,0.60,-5.99,LOSS
2025-06-12,XAUUSD,A,C3B,LONG,3362.89,3365.51,3363.60,1.91,0.70,ABOVE,10:15,3366.76,11.13,4.30,,,,False,,,16:00,3374.44,session,7.68,0.30,7.38,WIN
2025-06-13,XAUUSD,A,C3B,LONG,3389.91,3400.94,3395.86,5.09,5.94,ABOVE,10:05,3410.93,33.57,10.69,,,,False,,,16:00,3425.84,session,14.92,0.30,14.62,WIN
2025-06-24,XAUUSD,A,C3B,SHORT,3347.80,3344.49,3335.88,8.61,3.31,BELOW,15:35,3333.58,6.86,2.64,,,,False,,,16:00,3331.11,session,2.47,0.30,2.17,WIN
2025-06-27,XAUUSD,A,C3B,SHORT,3320.43,3318.73,3316.64,2.09,1.70,BELOW,10:15,3316.45,3.15,2.59,3.15,-2.53,5.68,True,10:55,3318.98,16:00,3298.92,session,-22.93,0.60,-23.53,LOSS
2025-06-30,XAUUSD,A,C3B,SHORT,3266.78,3266.16,3263.81,2.35,0.62,BELOW,10:35,3263.62,0.32,2.97,0.32,-2.72,3.03,True,10:45,3266.34,10:45,3266.34,flip,-2.72,0.30,-3.02,LOSS
2025-07-02,XAUUSD,A,C3B,SHORT,3338.40,3338.21,3337.01,1.20,0.19,BELOW,10:35,3336.82,0.84,1.71,0.84,-1.64,2.48,True,10:45,3338.47,16:00,3337.15,session,-3.01,0.60,-3.61,LOSS
2025-07-03,XAUUSD,A,C3B,SHORT,3350.63,3349.51,3346.14,3.38,1.12,BELOW,10:05,3345.59,3.58,4.45,3.58,-4.37,7.95,True,12:45,3349.97,16:00,3363.61,session,8.53,0.60,7.93,WIN
2025-07-04,XAUUSD,A,C3B,SHORT,3331.84,3330.99,3329.72,1.28,0.85,BELOW,10:05,3327.91,1.98,4.83,1.98,-4.70,6.68,True,11:15,3332.61,16:00,3341.31,session,2.37,0.60,1.77,WIN
2025-07-08,XAUUSD,A,C3B,SHORT,3336.58,3336.01,3334.72,1.29,0.57,BELOW,10:15,3333.76,4.02,3.34,4.02,-2.26,6.28,True,12:25,3336.02,12:25,3336.02,flip,-2.26,0.30,-2.56,LOSS
2025-07-09,XAUUSD,A,C3B,LONG,3300.94,3306.38,3302.36,4.02,1.41,ABOVE,10:55,3307.18,0.13,7.77,0.13,-7.06,7.18,True,11:45,3300.12,11:45,3300.12,flip,-7.06,0.30,-7.36,LOSS
2025-07-10,XAUUSD,A,C3B,LONG,3317.17,3317.70,3317.24,0.46,0.07,ABOVE,10:05,3319.18,7.21,2.64,7.21,-1.99,9.20,True,13:50,3317.19,16:00,3321.61,session,-7.84,0.60,-8.44,LOSS
2025-07-14,XAUUSD,A,C3B,SHORT,3368.28,3367.74,3366.03,1.71,0.54,BELOW,10:05,3365.99,0.90,2.41,0.90,-2.27,3.18,True,10:10,3368.26,10:10,3368.26,flip,-2.27,0.30,-2.57,LOSS
2025-07-18,XAUUSD,A,C3B,SHORT,3341.64,3340.34,3340.15,0.18,1.30,BELOW,10:05,3339.95,0.27,0.89,0.27,-0.89,1.16,True,10:10,3340.85,10:10,3340.85,flip,-0.89,0.30,-1.19,LOSS
2025-07-21,XAUUSD,A,C3B,LONG,3347.68,3349.21,3348.79,0.42,1.11,ABOVE,10:05,3349.91,19.80,0.77,,,,False,,,16:00,3366.11,session,16.20,0.30,15.90,WIN
2025-07-25,XAUUSD,A,C3B,LONG,3368.64,3369.49,3369.05,0.43,0.41,ABOVE,10:05,3369.99,3.51,1.94,3.51,-1.94,5.45,True,11:15,3368.05,16:00,3359.43,session,6.04,0.60,5.44,WIN
2025-07-28,XAUUSD,A,C3B,LONG,3332.43,3334.86,3333.68,1.18,1.25,ABOVE,11:00,3336.39,2.43,5.07,2.43,-4.24,6.67,True,11:55,3332.14,16:00,3341.57,session,-14.53,0.60,-15.13,LOSS
2025-07-30,XAUUSD,A,C3B,LONG,3326.95,3330.12,3327.57,2.55,0.62,ABOVE,10:30,3330.39,3.37,5.93,3.37,-5.72,9.09,True,11:35,3324.68,16:00,3325.01,session,-7.79,0.60,-8.39,LOSS
2025-07-31,XAUUSD,A,C3B,LONG,3282.11,3287.51,3285.41,2.11,3.30,ABOVE,10:30,3287.57,14.39,2.53,,,,False,,,16:00,3299.69,session,12.12,0.30,11.82,WIN
2025-08-01,XAUUSD,A,C3B,SHORT,3290.77,3288.59,3287.82,0.76,2.18,BELOW,10:05,3287.66,1.05,2.46,1.05,-1.14,2.20,True,10:25,3288.81,16:00,3296.95,session,6.74,0.60,6.14,WIN
2025-08-06,XAUUSD,A,C3B,LONG,3382.38,3383.38,3383.26,0.12,0.88,ABOVE,10:15,3383.72,1.65,2.74,1.65,-0.84,2.49,True,10:40,3382.88,16:00,3376.38,session,5.27,0.60,4.67,WIN
2025-08-08,XAUUSD,A,C3B,SHORT,3400.68,3400.64,3399.68,0.95,0.05,BELOW,10:15,3394.26,13.05,5.33,,,,False,,,16:00,3395.08,session,-0.82,0.30,-1.12,LOSS
2025-08-11,XAUUSD,A,C3B,SHORT,3393.76,3391.53,3388.64,2.89,2.23,BELOW,10:10,3387.61,20.06,2.58,,,,False,,,16:00,3374.36,session,13.25,0.30,12.95,WIN
2025-08-12,XAUUSD,A,C3B,SHORT,3349.47,3349.12,3349.05,0.07,0.34,BELOW,11:30,3348.94,2.72,1.24,2.72,-1.19,3.91,True,11:35,3350.13,16:00,3351.30,session,-0.21,0.60,-0.81,LOSS
2025-08-13,XAUUSD,A,C3B,SHORT,3350.84,3350.64,3349.49,1.16,0.19,BELOW,10:05,3347.21,4.57,4.88,4.57,-3.76,8.33,True,11:55,3350.97,11:55,3350.97,flip,-3.76,0.30,-4.06,LOSS
2025-08-14,XAUUSD,A,C3B,LONG,3362.90,3365.51,3362.95,2.57,0.05,ABOVE,10:05,3367.36,7.45,4.52,7.45,-4.49,11.94,True,12:55,3362.86,16:00,3356.74,session,-0.15,0.60,-0.75,LOSS
2025-08-20,XAUUSD,A,C3B,SHORT,3315.20,3314.41,3313.88,0.53,0.79,BELOW,10:10,3313.84,1.03,1.97,1.03,-1.91,2.94,True,10:45,3315.76,10:45,3315.76,flip,-1.91,0.30,-2.21,LOSS
2025-08-22,XAUUSD,A,C3B,SHORT,3339.24,3338.52,3337.07,1.45,0.72,BELOW,10:10,3336.62,1.43,2.64,1.43,-2.59,4.03,True,10:30,3339.21,10:30,3339.21,flip,-2.59,0.30,-2.89,LOSS
2025-08-25,XAUUSD,A,C3B,SHORT,3369.32,3369.14,3366.11,3.03,0.18,BELOW,10:05,3365.39,5.61,2.84,,,,False,,,16:00,3366.51,session,-1.12,0.30,-1.42,LOSS
2025-08-26,XAUUSD,A,C3B,LONG,3352.93,3357.05,3354.99,2.07,2.06,ABOVE,10:05,3360.18,26.51,0.60,,,,False,,,16:00,3375.76,session,15.58,0.30,15.28,WIN
2025-08-27,XAUUSD,A,C3B,SHORT,3391.19,3390.93,3390.89,0.04,0.26,BELOW,10:30,3389.80,0.82,1.59,0.82,-1.38,2.20,True,10:50,3391.18,10:50,3391.18,flip,-1.38,0.30,-1.68,LOSS
2025-09-04,XAUUSD,A,C3B,LONG,3557.99,3560.55,3558.72,1.84,0.73,ABOVE,10:55,3561.57,1.90,5.99,1.90,-5.50,7.40,True,11:15,3556.07,16:00,3527.32,session,21.09,0.60,20.49,WIN
2025-09-05,XAUUSD,A,C3B,LONG,3552.51,3554.72,3552.76,1.96,0.26,ABOVE,11:20,3554.86,1.25,3.84,1.25,-3.70,4.95,True,11:45,3551.15,16:00,3556.62,session,-10.02,0.60,-10.62,LOSS
2025-09-08,XAUUSD,A,C3B,SHORT,3591.61,3591.21,3587.72,3.49,0.39,BELOW,11:05,3587.55,2.65,7.03,2.65,-3.68,6.33,True,12:00,3591.24,12:00,3591.24,flip,-3.68,0.30,-3.98,LOSS
2025-09-09,XAUUSD,A,C3B,LONG,3632.22,3635.04,3634.97,0.07,2.76,ABOVE,10:10,3637.21,22.23,1.05,,,,False,,,16:00,3650.64,session,13.44,0.30,13.14,WIN
2025-09-10,XAUUSD,A,C3B,SHORT,3636.57,3633.70,3631.41,2.29,2.87,BELOW,10:10,3630.47,10.33,5.18,10.33,-3.77,14.10,True,12:10,3634.24,12:10,3634.24,flip,-3.77,0.30,-4.07,LOSS
2025-09-11,XAUUSD,A,C3B,LONG,3644.36,3645.86,3645.01,0.86,0.65,ABOVE,10:10,3646.68,0.58,2.28,0.58,-2.22,2.80,True,10:30,3644.45,10:30,3644.45,flip,-2.22,0.30,-2.52,LOSS
2025-09-17,XAUUSD,A,C3B,LONG,3693.01,3694.48,3693.39,1.09,0.39,ABOVE,10:05,3694.95,0.57,2.39,0.57,-1.74,2.32,True,10:30,3693.20,16:00,3678.32,session,13.11,0.60,12.51,WIN
2025-09-18,XAUUSD,A,C3B,SHORT,3669.78,3669.05,3667.01,2.05,0.73,BELOW,10:05,3663.97,20.03,4.94,,,,False,,,16:00,3644.21,session,19.76,0.30,19.46,WIN
2025-09-19,XAUUSD,A,C3B,LONG,3638.59,3641.90,3640.20,1.70,1.61,ABOVE,11:00,3644.12,7.28,11.74,7.28,-4.13,11.41,True,11:55,3639.99,16:00,3652.38,session,-17.23,0.60,-17.83,LOSS
2025-09-23,XAUUSD,A,C3B,SHORT,3748.79,3748.42,3747.78,0.64,0.37,BELOW,10:10,3746.82,1.78,2.38,1.78,-2.26,4.04,True,10:25,3749.07,10:25,3749.07,flip,-2.26,0.30,-2.56,LOSS
2025-09-26,XAUUSD,A,C3B,LONG,3744.76,3747.22,3744.78,2.44,0.01,ABOVE,10:50,3747.66,5.65,3.85,5.65,-3.79,9.45,True,11:10,3743.86,16:00,3744.24,session,-6.33,0.60,-6.93,LOSS
2025-09-30,XAUUSD,A,C3B,LONG,3830.05,3835.79,3832.97,2.82,2.91,ABOVE,10:10,3838.67,31.87,3.96,,,,False,,,16:00,3868.25,session,29.58,0.30,29.28,WIN
2025-10-01,XAUUSD,A,C3B,LONG,3862.58,3864.60,3863.05,1.55,0.47,ABOVE,10:10,3865.14,0.24,3.87,0.24,-3.87,4.11,True,10:25,3861.26,16:00,3861.91,session,-5.50,0.60,-6.10,LOSS
2025-10-02,XAUUSD,A,C3B,LONG,3862.32,3863.49,3862.49,1.01,0.17,ABOVE,11:20,3864.45,3.16,2.91,3.16,-2.63,5.79,True,12:00,3861.82,12:00,3861.82,flip,-2.63,0.30,-2.93,LOSS
2025-10-03,XAUUSD,A,C3B,SHORT,3862.87,3862.27,3860.32,1.95,0.60,BELOW,10:05,3860.14,22.07,2.68,,,,False,,,16:00,3852.65,session,7.49,0.30,7.19,WIN
2025-10-06,XAUUSD,A,C3B,LONG,3894.26,3918.51,3899.41,19.11,5.15,ABOVE,13:00,3922.18,18.65,3.29,,,,False,,,16:00,3939.68,session,17.51,0.30,17.21,WIN
2025-10-07,XAUUSD,A,C3B,LONG,3961.57,3964.53,3963.55,0.99,1.97,ABOVE,10:15,3966.99,10.41,5.55,10.41,-4.18,14.59,True,11:55,3962.81,16:00,3972.43,session,-17.10,0.60,-17.70,LOSS
2025-10-08,XAUUSD,A,C3B,LONG,3987.53,3990.64,3989.59,1.05,2.07,ABOVE,10:15,3991.93,0.00,3.34,0.00,-2.88,2.88,True,10:25,3989.05,10:25,3989.05,flip,-2.88,0.30,-3.17,LOSS
2025-10-09,XAUUSD,A,C3B,SHORT,4022.09,4021.51,4014.14,7.37,0.57,BELOW,10:25,4013.95,12.62,8.51,12.62,-7.86,20.47,True,11:15,4021.80,16:00,4038.07,session,2.98,0.60,2.38,WIN
2025-10-10,XAUUSD,A,C3B,SHORT,3977.20,3975.81,3975.34,0.47,1.39,BELOW,10:05,3975.11,0.55,2.27,0.55,-1.98,2.53,True,10:15,3977.09,16:00,3967.93,session,-16.21,0.60,-16.81,LOSS
2025-10-13,XAUUSD,A,C3B,LONG,4036.67,4050.49,4042.49,8.00,5.82,ABOVE,10:05,4059.84,0.11,19.34,0.11,-18.03,18.13,True,10:30,4041.82,10:30,4041.82,flip,-18.03,0.30,-18.33,LOSS
2025-10-14,XAUUSD,A,C3B,LONG,4111.95,4115.22,4115.02,0.20,3.06,ABOVE,10:05,4115.50,1.61,1.68,1.61,-0.65,2.27,True,10:10,4114.85,10:10,4114.85,flip,-0.65,0.30,-0.95,LOSS
2025-10-15,XAUUSD,A,C3B,SHORT,4161.02,4158.73,4158.47,0.26,2.30,BELOW,11:25,4156.14,1.03,9.19,1.03,-8.51,9.53,True,11:35,4164.65,16:00,4179.31,session,3.49,0.60,2.89,WIN
2025-10-17,XAUUSD,A,C3B,SHORT,4357.89,4349.93,4346.97,2.96,7.96,BELOW,12:15,4337.00,58.32,15.47,58.32,-15.23,73.55,True,14:05,4352.23,16:00,4368.76,session,-5.24,0.60,-5.84,LOSS
2025-10-20,XAUUSD,A,C3B,SHORT,4262.23,4255.99,4254.83,1.16,6.24,BELOW,10:05,4252.59,33.48,12.39,33.48,-10.35,43.82,True,12:25,4262.94,12:25,4262.94,flip,-10.35,0.30,-10.65,LOSS
2025-10-22,XAUUSD,A,C3B,SHORT,4124.93,4123.50,4119.80,3.70,1.43,BELOW,10:10,4117.15,2.63,10.17,2.63,-6.73,9.36,True,10:25,4123.88,16:00,4133.36,session,0.15,0.60,-0.45,LOSS
2025-10-27,XAUUSD,A,C3B,LONG,4078.47,4083.22,4081.91,1.31,3.44,ABOVE,10:05,4085.41,1.65,6.96,1.65,-4.91,6.55,True,10:20,4080.50,16:00,4072.28,session,-2.46,0.60,-3.06,LOSS
2025-10-28,XAUUSD,A,C3B,SHORT,3990.21,3990.09,3987.18,2.92,0.12,BELOW,10:05,3985.70,2.45,7.41,2.45,-6.41,8.86,True,10:15,3992.11,16:00,3973.37,session,-27.52,0.60,-28.12,LOSS
2025-10-30,XAUUSD,A,C3B,SHORT,3946.38,3942.84,3941.46,1.38,3.54,BELOW,13:00,3937.55,22.03,6.28,22.03,-5.89,27.93,True,15:10,3943.45,16:00,3971.40,session,16.58,0.60,15.98,WIN
2025-10-31,XAUUSD,A,C3B,LONG,4028.78,4037.72,4032.20,5.53,3.42,ABOVE,10:45,4040.51,2.74,11.58,2.74,-8.95,11.69,True,11:05,4031.56,11:05,4031.56,flip,-8.95,0.30,-9.25,LOSS
2026-03-10,XAUUSD,A,C3B,LONG,5142.04,5152.90,5142.65,10.26,0.61,ABOVE,10:15,5154.59,1.09,18.41,1.09,-17.16,18.25,True,10:40,5137.43,10:40,5137.43,flip,-17.16,0.30,-17.46,LOSS
2026-03-12,XAUUSD,A,C3B,SHORT,5168.32,5147.68,5138.59,9.09,20.64,BELOW,10:55,5134.60,8.95,14.57,8.95,-14.48,23.43,True,11:20,5149.08,16:00,5145.12,session,-22.09,0.60,-22.69,LOSS
2026-03-13,XAUUSD,A,C3B,LONG,5088.42,5096.10,5093.23,2.87,4.81,ABOVE,10:20,5096.73,31.75,4.60,,,,False,,,16:00,5104.38,session,7.65,0.30,7.35,WIN
2026-03-16,XAUUSD,A,C3B,LONG,5020.97,5024.46,5021.85,2.61,0.88,ABOVE,11:30,5030.37,0.00,18.68,0.00,-12.93,12.93,True,12:00,5017.44,16:00,5013.93,session,-12.81,0.60,-13.41,LOSS
2026-03-17,XAUUSD,A,C3B,SHORT,5005.76,5005.59,5002.43,3.16,0.16,BELOW,11:30,5002.31,7.10,7.05,7.10,-6.97,14.06,True,12:05,5009.28,16:00,5035.57,session,18.27,0.60,17.67,WIN
2026-03-20,XAUUSD,A,C3B,SHORT,4645.99,4644.15,4636.48,7.67,1.84,BELOW,10:40,4635.86,0.23,9.31,0.23,-8.90,9.12,True,10:45,4644.76,16:00,4712.33,session,56.84,0.60,56.24,WIN
2026-03-23,XAUUSD,A,C3B,SHORT,4506.35,4499.27,4498.59,0.68,7.08,BELOW,10:05,4495.03,175.08,4.69,,,,False,,,16:00,4372.78,session,122.25,0.30,121.95,WIN
2026-03-24,XAUUSD,A,C3B,LONG,4412.40,4426.83,4426.36,0.47,13.96,ABOVE,10:05,4432.77,15.45,12.43,15.45,-10.75,26.20,True,11:10,4422.02,16:00,4328.04,session,73.01,0.60,72.41,WIN
2026-03-26,XAUUSD,A,C3B,SHORT,4518.37,4517.93,4504.42,13.51,0.44,BELOW,10:20,4503.36,14.28,24.47,14.28,-24.47,38.76,True,11:10,4527.83,11:10,4527.83,flip,-24.47,0.30,-24.77,LOSS
2026-03-31,XAUUSD,A,C3B,SHORT,4512.37,4510.50,4502.80,7.70,1.87,BELOW,10:05,4495.35,2.53,20.26,2.53,-16.13,18.66,True,10:35,4511.48,16:00,4569.26,session,34.19,0.60,33.59,WIN
2026-04-01,XAUUSD,A,C3B,LONG,4671.27,4681.23,4677.03,4.20,5.76,ABOVE,10:25,4682.22,42.15,6.56,42.15,-5.28,47.43,True,15:00,4676.94,16:00,4676.09,session,-6.33,0.60,-6.93,LOSS
2026-04-02,XAUUSD,A,C3B,SHORT,4780.38,4778.79,4776.90,1.89,1.59,BELOW,12:00,4743.60,94.12,21.45,,,,False,,,16:00,4672.63,session,70.97,0.30,70.67,WIN
2026-04-09,XAUUSD,A,C3B,SHORT,4717.78,4715.88,4705.78,10.10,1.90,BELOW,10:05,4700.86,1.68,17.70,1.68,-17.61,19.29,True,10:40,4718.48,10:40,4718.48,flip,-17.61,0.30,-17.91,LOSS
2026-04-13,XAUUSD,A,C3B,LONG,4660.18,4671.87,4668.49,3.38,8.31,ABOVE,10:10,4672.47,58.34,3.31,,,,False,,,16:00,4726.26,session,53.80,0.30,53.50,WIN
2026-04-15,XAUUSD,A,C3B,SHORT,4841.73,4838.40,4837.38,1.03,3.32,BELOW,10:05,4834.86,7.57,6.05,7.57,-5.89,13.46,True,11:05,4840.74,16:00,4821.26,session,-34.94,0.60,-35.54,LOSS
2026-04-17,XAUUSD,A,C3B,SHORT,4794.14,4791.63,4788.39,3.24,2.51,BELOW,11:05,4783.69,15.85,8.89,15.85,-8.28,24.13,True,12:00,4791.98,12:00,4791.98,flip,-8.28,0.30,-8.58,LOSS
2026-04-20,XAUUSD,A,C3B,LONG,4744.02,4755.28,4749.81,5.47,5.79,ABOVE,10:15,4758.36,56.10,1.49,,,,False,,,16:00,4790.71,session,32.35,0.30,32.05,WIN
2026-04-21,XAUUSD,A,C3B,LONG,4821.12,4824.62,4822.45,2.18,1.32,ABOVE,10:05,4828.48,2.38,8.70,2.38,-8.35,10.73,True,10:25,4820.12,16:00,4782.82,session,26.98,0.60,26.38,WIN
2026-04-22,XAUUSD,A,C3B,LONG,4738.14,4743.28,4738.40,4.88,0.26,ABOVE,10:05,4744.44,27.55,8.55,,,,False,,,16:00,4759.26,session,14.81,0.30,14.51,WIN
2026-04-23,XAUUSD,A,C3B,SHORT,4728.12,4728.04,4721.46,6.58,0.09,BELOW,10:05,4715.50,21.36,26.81,21.36,-25.90,47.26,True,10:25,4741.40,16:00,4714.82,session,-57.98,0.60,-58.58,LOSS
2026-04-24,XAUUSD,A,C3B,SHORT,4696.72,4696.12,4691.84,4.28,0.60,BELOW,11:40,4690.93,0.61,6.37,0.61,-6.34,6.95,True,11:45,4697.27,11:45,4697.27,flip,-6.34,0.30,-6.64,LOSS
2026-04-27,XAUUSD,A,C3B,SHORT,4680.88,4680.45,4678.90,1.55,0.43,BELOW,10:05,4675.74,0.00,6.76,0.00,-5.16,5.16,True,10:25,4680.91,10:25,4680.91,flip,-5.16,0.30,-5.46,LOSS
2026-04-29,XAUUSD,A,C3B,LONG,4589.43,4606.59,4595.11,11.48,5.68,ABOVE,10:05,4608.43,1.94,28.25,1.94,-26.05,27.98,True,11:00,4582.39,16:00,4597.10,session,-41.86,0.60,-42.46,LOSS
2026-04-30,XAUUSD,A,C3B,LONG,4558.00,4561.73,4559.25,2.48,1.25,ABOVE,10:05,4562.07,1.10,4.25,1.10,-4.09,5.18,True,10:10,4557.99,10:10,4557.99,flip,-4.09,0.30,-4.39,LOSS
2026-05-01,XAUUSD,A,C3B,SHORT,4631.59,4628.10,4626.90,1.20,3.49,BELOW,10:10,4622.71,8.51,11.99,8.51,-8.12,16.64,True,12:10,4630.84,16:00,4605.51,session,-36.16,0.60,-36.76,LOSS
2026-05-04,XAUUSD,A,C3B,SHORT,4614.57,4613.97,4608.76,5.21,0.60,BELOW,10:15,4607.82,16.54,10.99,16.54,-7.49,24.03,True,13:55,4615.31,13:55,4615.31,flip,-7.49,0.30,-7.79,LOSS
2026-05-08,XAUUSD,A,C3B,LONG,4700.99,4705.08,4703.33,1.75,2.34,ABOVE,10:05,4707.80,1.81,6.12,1.81,-4.93,6.74,True,10:10,4702.87,16:00,4728.36,session,-37.86,0.60,-38.46,LOSS
2026-05-11,XAUUSD,A,C3B,SHORT,4698.44,4691.84,4687.49,4.35,6.60,BELOW,10:05,4686.12,10.11,7.23,10.11,-6.90,17.01,True,10:30,4693.03,10:30,4693.03,flip,-6.90,0.30,-7.20,LOSS
2026-05-12,XAUUSD,A,C3B,LONG,4760.11,4767.51,4764.78,2.73,4.67,ABOVE,10:05,4768.32,5.24,15.06,5.24,-8.36,13.60,True,10:20,4759.96,10:20,4759.96,flip,-8.36,0.30,-8.66,LOSS
2026-05-15,XAUUSD,A,C3B,SHORT,4654.60,4652.24,4649.57,2.67,2.36,BELOW,10:20,4644.84,88.31,0.03,,,,False,,,16:00,4563.88,session,80.96,0.30,80.66,WIN
2026-05-18,XAUUSD,A,C3B,SHORT,4538.22,4537.70,4531.07,6.63,0.52,BELOW,10:05,4523.84,43.24,16.84,43.24,-14.60,57.83,True,12:35,4538.44,12:35,4538.44,flip,-14.60,0.30,-14.90,LOSS
2026-05-19,XAUUSD,A,C3B,SHORT,4583.27,4582.30,4579.24,3.06,0.98,BELOW,10:10,4578.95,47.65,6.93,,,,False,,,16:00,4539.48,session,39.47,0.30,39.17,WIN
2026-05-20,XAUUSD,A,C3B,SHORT,4493.62,4489.23,4486.23,3.00,4.39,BELOW,10:05,4484.35,2.70,7.27,2.70,-7.10,9.81,True,10:20,4491.45,16:00,4473.02,session,-36.08,0.60,-36.68,LOSS
2026-05-25,XAUUSD,A,C3B,SHORT,4577.05,4568.98,4567.30,1.68,8.07,BELOW,11:05,4562.15,0.30,11.14,0.30,-9.53,9.84,True,11:20,4571.69,16:00,4553.15,session,-29.86,0.60,-30.46,LOSS
2026-05-27,XAUUSD,A,C3B,SHORT,4521.24,4521.03,4519.39,1.64,0.21,BELOW,10:20,4516.35,24.44,5.89,,,,False,,,16:00,4495.06,session,21.29,0.30,20.99,WIN
2026-05-29,XAUUSD,A,C3B,LONG,4490.48,4495.02,4494.76,0.27,4.28,ABOVE,10:10,4497.71,2.97,4.27,2.97,-3.34,6.31,True,10:35,4494.37,10:35,4494.37,flip,-3.34,0.30,-3.64,LOSS
2026-06-02,XAUUSD,A,C3B,LONG,4480.94,4484.68,4484.49,0.19,3.56,ABOVE,10:15,4485.38,11.76,4.54,11.76,-3.91,15.66,True,10:45,4481.47,10:45,4481.47,flip,-3.91,0.30,-4.21,LOSS
2026-06-03,XAUUSD,A,C3B,LONG,4471.72,4478.80,4474.40,4.39,2.68,ABOVE,10:20,4479.04,17.85,5.47,17.85,-5.18,23.03,True,11:00,4473.86,11:00,4473.86,flip,-5.18,0.30,-5.48,LOSS
2026-06-05,XAUUSD,A,C3B,SHORT,4464.32,4462.55,4461.27,1.28,1.77,BELOW,10:10,4455.54,4.73,11.48,4.73,-8.78,13.51,True,10:35,4464.32,10:35,4464.32,flip,-8.78,0.30,-9.08,LOSS
2026-06-08,XAUUSD,A,C3B,LONG,4342.26,4345.49,4343.13,2.36,0.88,ABOVE,10:05,4345.71,7.68,5.61,7.68,-3.01,10.68,True,10:45,4342.70,16:00,4303.82,session,34.79,0.60,34.19,WIN
2026-06-09,XAUUSD,A,C3B,LONG,4314.18,4317.94,4317.43,0.51,3.24,ABOVE,10:05,4318.61,5.11,1.89,5.11,-1.77,6.88,True,10:25,4316.85,10:25,4316.85,flip,-1.77,0.30,-2.07,LOSS
2026-06-10,XAUUSD,A,C3B,LONG,4213.26,4221.75,4220.14,1.61,6.88,ABOVE,10:05,4225.39,2.67,9.19,2.67,-7.82,10.49,True,10:25,4217.57,16:00,4210.85,session,-12.27,0.60,-12.87,LOSS
2026-06-11,XAUUSD,A,C3B,SHORT,4049.63,4048.04,4043.34,4.70,1.59,BELOW,10:05,4042.78,7.28,12.63,7.28,-8.91,16.19,True,10:10,4051.69,16:00,4088.82,session,15.35,0.60,14.75,WIN
2026-06-15,XAUUSD,A,C3B,LONG,4293.86,4294.31,4293.95,0.36,0.09,ABOVE,10:05,4296.52,11.49,5.13,11.49,-4.31,15.80,True,10:55,4292.21,16:00,4311.78,session,-24.79,0.60,-25.39,LOSS
2026-06-16,XAUUSD,A,C3B,SHORT,4316.94,4315.37,4315.22,0.15,1.57,BELOW,10:10,4313.37,6.77,7.13,6.77,-5.52,12.29,True,10:55,4318.89,16:00,4317.09,session,-10.23,0.60,-10.83,LOSS
2026-06-18,XAUUSD,A,C3B,LONG,4273.33,4291.90,4277.87,14.03,4.54,ABOVE,10:05,4292.86,36.71,0.81,,,,False,,,16:00,4307.01,session,14.15,0.30,13.85,WIN
2026-06-22,XAUUSD,A,C3B,LONG,4137.18,4146.70,4140.26,6.44,3.08,ABOVE,10:05,4148.46,72.28,1.46,,,,False,,,16:00,4191.26,session,42.80,0.30,42.50,WIN
2026-06-23,XAUUSD,A,C3B,SHORT,4190.48,4188.98,4187.32,1.66,1.50,BELOW,10:05,4184.05,5.97,9.20,5.97,-8.31,14.28,True,10:40,4192.36,10:40,4192.36,flip,-8.31,0.30,-8.61,LOSS
2026-06-24,XAUUSD,A,C3B,LONG,4095.26,4102.11,4099.23,2.88,3.97,ABOVE,10:05,4109.81,1.31,13.91,1.31,-13.90,15.21,True,10:20,4095.91,10:20,4095.91,flip,-13.90,0.30,-14.20,LOSS
2026-06-25,XAUUSD,A,C3B,LONG,4010.60,4013.05,4013.04,0.01,2.44,ABOVE,10:05,4014.72,1.33,11.20,1.33,-9.63,10.96,True,10:10,4005.09,16:00,3986.53,session,6.10,0.60,5.50,WIN
2026-06-26,XAUUSD,A,C3B,SHORT,4017.53,4014.22,4012.06,2.16,3.31,BELOW,12:15,4008.88,26.27,6.17,26.27,-6.17,32.44,True,15:10,4015.05,15:10,4015.05,flip,-6.17,0.30,-6.47,LOSS
2026-06-29,XAUUSD,A,C3B,LONG,4061.51,4062.84,4062.08,0.76,0.57,ABOVE,10:40,4069.12,5.30,10.96,5.30,-7.57,12.87,True,11:05,4061.55,16:00,4058.45,session,-11.22,0.60,-11.82,LOSS
2026-06-30,XAUUSD,A,C3B,SHORT,4016.53,4014.07,4008.32,5.75,2.46,BELOW,10:05,4004.48,62.15,9.15,,,,False,,,16:00,3984.22,session,20.26,0.30,19.96,WIN
2026-07-01,XAUUSD,A,C3B,SHORT,4007.16,4006.81,4005.83,0.98,0.35,BELOW,10:15,4002.15,32.35,4.42,,,,False,,,16:00,3974.54,session,27.61,0.30,27.31,WIN
2026-07-07,XAUUSD,A,C3B,SHORT,4163.27,4156.94,4156.07,0.87,6.33,BELOW,10:10,4155.70,3.92,4.69,3.92,-2.78,6.70,True,10:20,4158.48,16:00,4126.38,session,-35.87,0.60,-36.47,LOSS
2026-07-09,XAUUSD,A,C3B,LONG,4072.66,4080.31,4075.92,4.39,3.26,ABOVE,10:10,4087.25,2.47,17.23,2.47,-16.57,19.04,True,10:50,4070.68,10:50,4070.68,flip,-16.57,0.30,-16.87,LOSS
2026-07-10,XAUUSD,A,C3B,SHORT,4124.00,4123.61,4123.17,0.44,0.39,BELOW,10:05,4122.57,8.41,3.07,8.41,-1.66,10.07,True,10:45,4124.23,10:45,4124.23,flip,-1.66,0.30,-1.96,LOSS
2026-07-13,XAUUSD,A,C3B,LONG,4078.54,4084.86,4083.72,1.14,5.18,ABOVE,10:05,4088.42,2.45,8.47,2.45,-6.09,8.54,True,10:15,4082.33,10:15,4082.33,flip,-6.09,0.30,-6.39,LOSS
2026-07-15,XAUUSD,A,C3B,LONG,4052.72,4054.86,4053.31,1.55,0.59,ABOVE,10:20,4055.29,6.51,8.19,6.51,-4.49,11.00,True,11:30,4050.80,16:00,4030.88,session,10.72,0.60,10.12,WIN
2026-07-16,XAUUSD,A,C3B,SHORT,4058.38,4058.04,4057.54,0.50,0.34,BELOW,10:05,4055.15,0.56,5.07,0.56,-3.27,3.83,True,10:20,4058.42,10:20,4058.42,flip,-3.27,0.30,-3.57,LOSS
2026-07-17,XAUUSD,A,C3B,LONG,3978.25,3985.96,3984.68,1.28,6.43,ABOVE,10:15,3987.80,2.37,7.28,2.37,-6.55,8.92,True,10:30,3981.25,16:00,3991.81,session,-17.35,0.60,-17.95,LOSS
2026-07-22,XAUUSD,A,C3B,LONG,4080.68,4082.46,4080.73,1.73,0.05,ABOVE,10:05,4087.86,53.66,0.54,,,,False,,,16:00,4133.99,session,46.13,0.30,45.83,WIN
2026-07-23,XAUUSD,A,C3B,LONG,4129.37,4133.98,4130.46,3.52,1.09,ABOVE,11:10,4134.12,7.03,11.53,7.03,-11.36,18.39,True,11:35,4122.76,16:00,4123.80,session,-13.52,0.60,-14.12,LOSS
2026-07-24,XAUUSD,A,C3B,SHORT,4048.48,4047.20,4047.13,0.07,1.28,BELOW,10:05,4045.43,4.35,4.46,4.35,-3.13,7.48,True,10:35,4048.56,16:00,4025.03,session,-27.13,0.60,-27.73,LOSS
2026-07-30,XAUUSD,A,C3B,SHORT,4090.98,4084.36,4080.41,3.95,6.62,BELOW,10:15,4077.15,12.41,12.27,12.41,-11.74,24.15,True,11:00,4088.89,11:00,4088.89,flip,-11.74,0.30,-12.04,LOSS
2026-07-31,XAUUSD,A,C3B,SHORT,4108.32,4105.98,4104.58,1.40,2.34,BELOW,10:05,4102.75,30.94,0.94,,,,False,,,16:00,4077.87,session,24.88,0.30,24.58,WIN
2026-08-04,XAUUSD,A,C3B,LONG,4051.62,4059.45,4053.37,6.08,1.75,ABOVE,10:05,4067.17,1.73,18.88,1.73,-17.95,19.68,True,10:55,4049.22,16:00,4064.02,session,-35.32,0.60,-35.92,LOSS
2026-08-05,XAUUSD,A,C3B,LONG,4071.57,4073.04,4072.68,0.36,1.11,ABOVE,10:15,4074.68,98.05,1.02,,,,False,,,16:00,4162.08,session,87.40,0.30,87.10,WIN
2026-08-07,XAUUSD,A,C3B,LONG,4248.29,4251.85,4249.45,2.40,1.16,ABOVE,11:40,4256.56,26.27,9.74,,,,False,,,16:00,4282.30,session,25.74,0.30,25.44,WIN
2026-08-10,XAUUSD,A,C3B,SHORT,4341.77,4340.29,4332.78,7.51,1.48,BELOW,10:55,4332.00,18.86,9.59,18.86,-9.05,27.91,True,15:35,4341.05,16:00,4342.37,session,-10.17,0.60,-10.77,LOSS
2026-08-11,XAUUSD,A,C3B,LONG,4397.54,4404.11,4402.48,1.63,4.94,ABOVE,10:05,4406.14,13.02,12.77,13.02,-5.97,18.99,True,11:00,4400.17,11:00,4400.17,flip,-5.97,0.30,-6.27,LOSS
2026-08-12,XAUUSD,A,C3B,LONG,4368.54,4371.40,4368.56,2.84,0.02,ABOVE,10:10,4377.76,38.27,3.92,,,,False,,,16:00,4388.00,session,10.24,0.30,9.94,WIN
2026-08-13,XAUUSD,A,C3B,LONG,4408.39,4415.99,4414.44,1.55,6.05,ABOVE,10:05,4420.74,28.75,10.51,28.75,-8.24,36.99,True,11:45,4412.50,11:45,4412.50,flip,-8.24,0.30,-8.54,LOSS
2026-08-14,XAUUSD,A,C3B,SHORT,4361.43,4359.80,4356.04,3.76,1.63,BELOW,10:10,4351.81,40.99,0.02,,,,False,,,16:00,4335.69,session,16.12,0.30,15.82,WIN
2022-08-18,XAUUSD,A,C3C,LONG,1764.85,1765.66,1764.99,0.67,0.14,ABOVE,10:05,1765.80,0.06,1.07,0.06,-0.82,0.88,True,10:10,1764.98,16:00,1762.59,session,2.09,0.60,1.49,WIN
2022-08-19,XAUUSD,A,C3C,SHORT,1758.59,1758.42,1758.10,0.32,0.17,BELOW,10:05,1756.74,4.92,1.06,,,,False,,,16:00,1755.15,session,1.59,0.30,1.29,WIN
2022-08-22,XAUUSD,A,C3C,SHORT,1746.26,1745.74,1745.58,0.16,0.51,BELOW,10:20,1745.40,0.38,0.66,0.38,-0.57,0.95,True,10:30,1745.97,16:00,1742.46,session,-4.21,0.60,-4.81,LOSS
2022-08-24,XAUUSD,A,C3C,LONG,1745.85,1747.20,1746.09,1.12,0.24,ABOVE,10:05,1747.71,0.11,1.72,0.11,-1.65,1.75,True,10:20,1746.07,16:00,1745.49,session,-0.84,0.60,-1.44,LOSS
2022-08-29,XAUUSD,A,C3C,SHORT,1734.94,1734.90,1734.74,0.16,0.04,BELOW,10:05,1734.70,0.16,0.85,0.16,-0.36,0.53,True,10:10,1735.07,16:00,1722.87,session,-12.81,0.60,-13.41,LOSS
2022-08-30,XAUUSD,A,C3C,LONG,1738.64,1739.78,1739.62,0.16,0.97,ABOVE,10:05,1739.95,0.25,0.56,0.25,-0.45,0.70,True,10:10,1739.50,16:00,1734.75,session,4.39,0.60,3.79,WIN
2022-09-07,XAUUSD,A,C3C,SHORT,1703.67,1703.63,1702.77,0.87,0.04,BELOW,10:10,1702.49,11.03,0.00,,,,False,,,16:00,1694.62,session,7.87,0.30,7.57,WIN
2022-09-14,XAUUSD,A,C3C,SHORT,1702.77,1702.27,1701.67,0.60,0.50,BELOW,10:15,1701.39,4.07,1.22,4.07,-0.97,5.03,True,12:10,1702.36,16:00,1701.49,session,-1.94,0.60,-2.54,LOSS
2022-09-15,XAUUSD,A,C3C,SHORT,1698.05,1697.62,1696.98,0.64,0.43,BELOW,10:05,1696.85,0.62,1.03,0.62,-0.98,1.60,True,10:25,1697.83,16:00,1689.77,session,-8.77,0.60,-9.37,LOSS
2022-09-19,XAUUSD,A,C3C,SHORT,1679.20,1677.99,1677.86,0.13,1.21,BELOW,10:15,1677.49,0.22,0.97,0.22,-0.89,1.11,True,10:20,1678.38,10:20,1678.38,flip,-0.89,0.30,-1.19,LOSS
2022-09-20,XAUUSD,A,C3C,LONG,1675.04,1678.46,1675.82,2.65,0.78,ABOVE,10:05,1679.40,0.00,4.27,0.00,-4.22,4.22,True,11:00,1675.18,16:00,1670.86,session,-0.45,0.60,-1.05,LOSS
2022-09-23,XAUUSD,A,C3C,LONG,1672.28,1673.42,1672.83,0.60,0.55,ABOVE,10:35,1673.56,2.36,1.37,2.36,-0.97,3.33,True,11:30,1672.59,16:00,1672.75,session,-1.78,0.60,-2.38,LOSS
2022-09-26,XAUUSD,A,C3C,LONG,1642.96,1645.35,1644.12,1.22,1.16,ABOVE,10:05,1645.37,0.24,1.30,0.24,-1.26,1.50,True,10:10,1644.11,16:00,1639.53,session,2.02,0.60,1.42,WIN
2022-09-27,XAUUSD,A,C3C,LONG,1626.84,1628.52,1627.66,0.86,0.82,ABOVE,10:05,1629.54,6.89,0.93,,,,False,,,16:00,1635.63,session,6.10,0.30,5.80,WIN
2022-09-28,XAUUSD,A,C3C,LONG,1628.95,1629.46,1628.99,0.47,0.04,ABOVE,10:10,1629.79,0.87,0.88,0.87,-0.88,1.74,True,10:25,1628.91,16:00,1624.01,session,3.11,0.60,2.51,WIN
2022-09-29,XAUUSD,A,C3C,SHORT,1656.88,1656.23,1655.82,0.41,0.65,BELOW,10:05,1655.41,2.47,2.03,2.47,-1.88,4.36,True,11:05,1657.30,16:00,1645.32,session,-12.54,0.60,-13.14,LOSS
2022-09-30,XAUUSD,A,C3C,LONG,1663.72,1664.65,1663.78,0.87,0.06,ABOVE,10:55,1664.77,0.15,1.59,0.15,-1.55,1.71,True,11:00,1663.21,16:00,1668.20,session,-5.83,0.60,-6.43,LOSS
2022-10-04,XAUUSD,A,C3C,SHORT,1701.30,1701.11,1700.48,0.62,0.19,BELOW,11:00,1700.27,5.03,1.19,5.03,-0.93,5.96,True,15:35,1701.20,15:35,1701.20,flip,-0.93,0.30,-1.23,LOSS
2022-10-05,XAUUSD,A,C3C,SHORT,1725.58,1725.24,1725.21,0.03,0.33,BELOW,10:10,1725.06,1.28,0.59,1.28,-0.57,1.85,True,10:55,1725.62,16:00,1719.97,session,-4.88,0.60,-5.48,LOSS
2022-10-07,XAUUSD,A,C3C,LONG,1711.39,1712.81,1711.94,0.86,0.55,ABOVE,11:50,1712.95,0.22,1.83,0.22,-1.83,2.06,True,11:55,1711.12,16:00,1710.70,session,-1.32,0.60,-1.92,LOSS
2022-10-10,XAUUSD,A,C3C,SHORT,1698.76,1697.74,1697.52,0.23,1.01,BELOW,10:25,1697.49,12.27,0.05,,,,False,,,16:00,1687.03,session,10.46,0.30,10.16,WIN
2022-10-11,XAUUSD,A,C3C,LONG,1668.33,1669.23,1669.05,0.18,0.72,ABOVE,10:05,1669.55,0.77,0.83,0.77,-0.79,1.56,True,11:00,1668.76,16:00,1663.42,session,5.03,0.60,4.43,WIN
2022-10-12,XAUUSD,A,C3C,SHORT,1666.45,1666.25,1665.96,0.29,0.20,BELOW,10:05,1665.84,4.06,1.12,4.06,-0.44,4.50,True,12:20,1666.28,16:00,1667.58,session,-4.19,0.60,-4.79,LOSS
2022-10-13,XAUUSD,A,C3C,SHORT,1673.87,1673.79,1673.62,0.16,0.08,BELOW,11:10,1673.23,0.18,1.41,0.18,-1.20,1.38,True,11:25,1674.43,16:00,1669.69,session,-6.53,0.60,-7.13,LOSS
2022-10-14,XAUUSD,A,C3C,SHORT,1665.80,1665.65,1665.14,0.51,0.14,BELOW,10:05,1664.83,5.80,2.13,5.80,-2.13,7.93,True,12:45,1666.96,16:00,1667.96,session,-2.19,0.60,-2.79,LOSS
2022-10-18,XAUUSD,A,C3C,LONG,1649.96,1650.66,1650.30,0.37,0.34,ABOVE,10:25,1650.88,2.71,0.98,2.71,-0.69,3.41,True,13:05,1650.19,16:00,1659.99,session,-11.08,0.60,-11.68,LOSS
2022-10-19,XAUUSD,A,C3C,LONG,1652.44,1653.58,1652.65,0.93,0.21,ABOVE,10:05,1653.83,0.64,1.77,0.64,-1.77,2.42,True,10:50,1652.06,16:00,1645.61,session,5.08,0.60,4.48,WIN
2022-10-20,XAUUSD,A,C3C,SHORT,1628.20,1628.05,1627.77,0.28,0.15,BELOW,10:25,1627.69,1.66,0.83,1.66,-0.60,2.26,True,11:10,1628.30,16:00,1632.20,session,2.90,0.60,2.30,WIN
2022-10-24,XAUUSD,A,C3C,SHORT,1660.45,1659.27,1657.66,1.60,1.18,BELOW,10:20,1657.66,0.96,5.93,0.96,-5.45,6.41,True,10:35,1663.11,16:00,1658.38,session,-12.72,0.60,-13.32,LOSS
2022-10-25,XAUUSD,A,C3C,LONG,1651.36,1651.84,1651.56,0.28,0.20,ABOVE,10:05,1652.05,1.36,0.89,1.36,-0.68,2.04,True,11:00,1651.37,16:00,1650.24,session,1.88,0.60,1.28,WIN
2022-10-31,XAUUSD,A,C3C,LONG,1644.31,1644.64,1644.35,0.30,0.04,ABOVE,10:10,1644.83,0.60,1.05,0.60,-0.84,1.43,True,10:40,1643.99,16:00,1644.24,session,-1.29,0.60,-1.89,LOSS
2022-11-01,XAUUSD,A,C3C,SHORT,1633.25,1633.06,1632.68,0.37,0.19,BELOW,10:30,1632.41,1.62,1.94,1.62,-1.68,3.30,True,11:30,1634.10,16:00,1638.22,session,1.73,0.60,1.13,WIN
2022-11-02,XAUUSD,A,C3C,LONG,1646.51,1646.98,1646.88,0.10,0.38,ABOVE,10:05,1647.85,0.43,1.45,0.43,-1.31,1.74,True,10:50,1646.54,10:50,1646.54,flip,-1.31,0.30,-1.61,LOSS
2022-11-04,XAUUSD,A,C3C,LONG,1630.19,1630.38,1630.35,0.04,0.15,ABOVE,11:00,1631.21,0.96,1.06,0.96,-1.03,1.99,True,12:20,1630.18,16:00,1647.18,session,-18.46,0.60,-19.06,LOSS
2023-03-13,XAUUSD,A,C3C,LONG,1880.20,1886.24,1884.41,1.83,4.20,ABOVE,10:05,1888.51,0.94,4.92,0.94,-4.85,5.79,True,10:20,1883.66,16:00,1880.94,session,-2.23,0.60,-2.83,LOSS
2023-03-14,XAUUSD,A,C3C,SHORT,1910.57,1910.42,1910.19,0.23,0.14,BELOW,12:05,1910.11,0.67,1.24,0.67,-0.69,1.37,True,12:15,1910.80,16:00,1903.72,session,-7.46,0.60,-8.06,LOSS
2023-03-15,XAUUSD,A,C3C,LONG,1904.15,1904.59,1904.37,0.22,0.21,ABOVE,10:05,1904.68,0.00,0.49,0.00,-0.38,0.38,True,10:10,1904.31,16:00,1901.72,session,1.88,0.60,1.28,WIN
2023-03-16,XAUUSD,A,C3C,LONG,1919.49,1920.98,1920.46,0.52,0.97,ABOVE,10:05,1921.64,2.81,1.93,2.81,-1.92,4.73,True,11:45,1919.72,16:00,1913.13,session,2.60,0.60,2.00,WIN
2023-03-17,XAUUSD,A,C3C,LONG,1919.43,1920.11,1920.07,0.04,0.63,ABOVE,10:05,1920.18,0.05,0.35,0.05,-0.27,0.32,True,10:10,1919.91,16:00,1930.95,session,-11.60,0.60,-12.20,LOSS
2023-03-20,XAUUSD,A,C3C,LONG,1976.98,1978.17,1977.45,0.72,0.47,ABOVE,10:10,1978.87,0.80,1.98,0.80,-1.89,2.69,True,10:30,1976.97,16:00,1975.36,session,-0.47,0.60,-1.07,LOSS
2023-03-22,XAUUSD,A,C3C,LONG,1941.11,1941.62,1941.31,0.32,0.20,ABOVE,10:05,1942.33,3.98,2.10,3.98,-1.30,5.28,True,13:05,1941.03,16:00,1939.46,session,0.05,0.60,-0.55,LOSS
2023-03-24,XAUUSD,A,C3C,LONG,1990.66,1992.08,1991.98,0.09,1.32,ABOVE,10:05,1992.57,0.64,1.48,0.64,-1.40,2.04,True,10:30,1991.16,16:00,1992.45,session,-2.85,0.60,-3.45,LOSS
2023-03-27,XAUUSD,A,C3C,LONG,1972.66,1974.68,1973.96,0.72,1.30,ABOVE,10:05,1974.78,2.04,2.14,2.04,-0.95,2.99,True,11:30,1973.83,16:00,1972.62,session,-0.30,0.60,-0.90,LOSS
2023-03-30,XAUUSD,A,C3C,SHORT,1964.55,1964.39,1963.78,0.62,0.15,BELOW,10:05,1963.54,8.13,0.56,,,,False,,,16:00,1961.23,session,2.31,0.30,2.01,WIN
2023-03-31,XAUUSD,A,C3C,SHORT,1979.91,1979.70,1979.16,0.54,0.21,BELOW,10:15,1979.13,0.37,0.79,0.37,-0.72,1.09,True,10:35,1979.86,16:00,1980.81,session,0.51,0.60,-0.09,LOSS
2023-04-04,XAUUSD,A,C3C,SHORT,1985.55,1985.12,1984.47,0.65,0.42,BELOW,10:05,1984.18,6.29,0.81,,,,False,,,16:00,1979.39,session,4.79,0.30,4.49,WIN
2023-04-05,XAUUSD,A,C3C,SHORT,2022.64,2022.03,2021.97,0.06,0.61,BELOW,10:05,2021.62,0.45,0.80,0.45,-0.46,0.91,True,10:20,2022.08,16:00,2024.56,session,2.67,0.60,2.07,WIN
2023-04-11,XAUUSD,A,C3C,LONG,1991.68,1993.21,1992.41,0.80,0.73,ABOVE,10:05,1993.64,1.81,1.45,1.81,-1.26,3.07,True,11:00,1992.38,16:00,1999.15,session,-8.46,0.60,-9.06,LOSS
2023-04-12,XAUUSD,A,C3C,LONG,2004.72,2004.81,2004.80,0.01,0.08,ABOVE,10:10,2005.11,0.21,0.85,0.21,-0.55,0.76,True,10:20,2004.56,16:00,2018.62,session,-15.12,0.60,-15.72,LOSS
2023-04-13,XAUUSD,A,C3C,LONG,2017.59,2018.66,2018.20,0.46,0.62,ABOVE,10:30,2018.98,0.67,1.22,0.67,-1.01,1.68,True,10:55,2017.97,16:00,2016.80,session,-0.23,0.60,-0.83,LOSS
2023-04-19,XAUUSD,A,C3C,LONG,2005.22,2005.92,2005.83,0.10,0.61,ABOVE,10:05,2006.42,0.40,0.71,0.40,-0.61,1.01,True,10:20,2005.82,16:00,2000.69,session,4.14,0.60,3.54,WIN
2023-04-20,XAUUSD,A,C3C,SHORT,1994.24,1993.89,1993.87,0.03,0.35,BELOW,11:05,1993.78,0.45,0.85,0.45,-0.53,0.98,True,11:20,1994.31,16:00,1995.83,session,-0.04,0.60,-0.64,LOSS
2023-04-24,XAUUSD,A,C3C,SHORT,1985.10,1984.49,1984.24,0.25,0.61,BELOW,10:05,1983.73,7.21,0.96,,,,False,,,16:00,1979.29,session,4.44,0.30,4.14,WIN
2023-04-25,XAUUSD,A,C3C,SHORT,1995.33,1995.18,1995.13,0.05,0.14,BELOW,10:05,1994.78,1.43,1.07,1.43,-0.95,2.38,True,10:25,1995.73,16:00,1995.66,session,-1.81,0.60,-2.41,LOSS
2023-04-26,XAUUSD,A,C3C,SHORT,2001.08,2000.76,2000.34,0.42,0.32,BELOW,10:30,1999.76,6.55,1.93,,,,False,,,16:00,1995.09,session,4.67,0.30,4.37,WIN
2023-04-28,XAUUSD,A,C3C,SHORT,1987.62,1986.98,1986.36,0.63,0.64,BELOW,10:05,1986.02,0.36,1.31,0.36,-1.29,1.64,True,10:20,1987.31,16:00,1985.40,session,-2.87,0.60,-3.47,LOSS
2023-05-01,XAUUSD,A,C3C,SHORT,1987.16,1986.95,1986.92,0.03,0.21,BELOW,10:10,1986.49,6.57,0.18,,,,False,,,16:00,1981.84,session,4.65,0.30,4.35,WIN
2023-05-03,XAUUSD,A,C3C,SHORT,2016.29,2015.98,2015.78,0.20,0.31,BELOW,10:05,2015.02,0.76,1.17,0.76,-1.15,1.91,True,10:25,2016.17,16:00,2015.88,session,-1.50,0.60,-2.10,LOSS
2023-05-04,XAUUSD,A,C3C,SHORT,2053.17,2053.05,2052.07,0.98,0.12,BELOW,11:05,2050.47,12.00,0.51,,,,False,,,16:00,2041.26,session,9.21,0.30,8.91,WIN
2023-05-08,XAUUSD,A,C3C,SHORT,2016.18,2016.12,2016.09,0.04,0.06,BELOW,11:00,2015.94,0.63,0.56,0.63,-0.38,1.01,True,11:05,2016.33,16:00,2022.17,session,4.66,0.60,4.06,WIN
2023-05-09,XAUUSD,A,C3C,SHORT,2021.59,2021.32,2020.36,0.96,0.27,BELOW,10:05,2020.35,0.80,1.78,0.80,-1.63,2.43,True,11:10,2021.98,16:00,2027.34,session,3.06,0.60,2.46,WIN
2023-05-10,XAUUSD,A,C3C,LONG,2036.13,2037.38,2036.34,1.04,0.20,ABOVE,10:05,2037.58,0.30,1.60,0.30,-1.55,1.85,True,10:30,2036.03,16:00,2029.64,session,4.15,0.60,3.55,WIN
2023-05-11,XAUUSD,A,C3C,LONG,2031.48,2032.23,2031.52,0.71,0.03,ABOVE,10:10,2032.40,4.08,1.16,4.08,-0.93,5.01,True,14:10,2031.47,16:00,2031.30,session,-0.56,0.60,-1.16,LOSS
2023-05-12,XAUUSD,A,C3C,LONG,2016.17,2016.62,2016.42,0.19,0.25,ABOVE,10:05,2016.99,0.61,2.01,0.61,-0.94,1.55,True,10:40,2016.05,16:00,2009.62,session,1.01,0.60,0.41,WIN
2023-05-16,XAUUSD,A,C3C,LONG,2014.39,2014.56,2014.53,0.03,0.13,ABOVE,10:05,2014.77,0.43,0.35,0.43,-0.35,0.77,True,10:10,2014.42,16:00,2011.07,session,3.04,0.60,2.44,WIN
2023-05-17,XAUUSD,A,C3C,LONG,1989.43,1990.70,1989.82,0.89,0.38,ABOVE,10:05,1991.33,1.79,1.88,1.79,-1.58,3.37,True,15:20,1989.75,16:00,1988.15,session,-0.53,0.60,-1.13,LOSS
2023-05-18,XAUUSD,A,C3C,SHORT,1983.07,1982.90,1982.76,0.14,0.17,BELOW,10:05,1982.57,0.52,1.10,0.52,-0.55,1.07,True,10:45,1983.12,16:00,1978.05,session,-6.09,0.60,-6.69,LOSS
2023-05-19,XAUUSD,A,C3C,LONG,1958.30,1959.28,1958.53,0.75,0.23,ABOVE,10:20,1959.46,0.35,1.48,0.35,-1.48,1.83,True,10:45,1957.98,16:00,1962.49,session,-5.42,0.60,-6.02,LOSS
2023-05-25,XAUUSD,A,C3C,SHORT,1959.84,1959.79,1959.45,0.34,0.05,BELOW,10:05,1959.38,4.35,0.88,,,,False,,,16:00,1955.10,session,4.29,0.30,3.99,WIN
2023-05-26,XAUUSD,A,C3C,LONG,1939.77,1941.29,1940.62,0.67,0.85,ABOVE,11:05,1941.56,10.31,0.12,,,,False,,,16:00,1947.53,session,5.97,0.30,5.67,WIN
2023-05-29,XAUUSD,A,C3C,SHORT,1944.34,1943.73,1943.14,0.59,0.61,BELOW,10:05,1942.13,1.75,3.29,1.75,-2.39,4.14,True,11:10,1944.53,16:00,1947.94,session,0.20,0.60,-0.40,LOSS
2023-06-06,XAUUSD,A,C3C,SHORT,1961.99,1961.64,1961.29,0.36,0.35,BELOW,10:10,1961.19,2.11,1.00,2.11,-0.98,3.10,True,12:05,1962.17,16:00,1959.91,session,-4.95,0.60,-5.55,LOSS
2023-06-07,XAUUSD,A,C3C,LONG,1963.24,1963.53,1963.48,0.05,0.24,ABOVE,10:05,1964.14,2.65,0.76,2.65,-0.75,3.39,True,12:05,1963.39,16:00,1963.21,session,-0.59,0.60,-1.19,LOSS
2023-06-08,XAUUSD,A,C3C,LONG,1944.32,1944.94,1944.62,0.32,0.31,ABOVE,10:05,1945.37,2.53,0.78,,,,False,,,16:00,1945.62,session,0.26,0.30,-0.04,LOSS
2023-06-09,XAUUSD,A,C3C,SHORT,1966.19,1965.34,1964.73,0.60,0.86,BELOW,10:10,1964.61,0.38,0.80,0.38,-0.80,1.18,True,10:35,1965.40,16:00,1964.99,session,-0.64,0.60,-1.24,LOSS
2023-06-12,XAUUSD,A,C3C,SHORT,1960.30,1960.29,1960.05,0.24,0.01,BELOW,10:05,1960.05,0.25,0.48,0.25,-0.27,0.52,True,10:10,1960.32,16:00,1959.28,session,-1.63,0.60,-2.23,LOSS
2023-06-13,XAUUSD,A,C3C,SHORT,1960.17,1960.13,1960.01,0.12,0.04,BELOW,10:30,1959.24,3.25,1.15,3.25,-1.05,4.30,True,13:25,1960.29,16:00,1958.89,session,-3.16,0.60,-3.76,LOSS
2023-06-16,XAUUSD,A,C3C,SHORT,1958.44,1958.28,1957.88,0.40,0.16,BELOW,10:25,1957.77,1.22,1.49,1.22,-1.32,2.54,True,11:35,1959.09,16:00,1958.83,session,-3.71,0.60,-4.31,LOSS
2023-06-19,XAUUSD,A,C3C,LONG,1956.76,1957.61,1957.22,0.39,0.46,ABOVE,10:05,1958.15,0.59,1.20,0.59,-1.19,1.78,True,10:30,1956.96,16:00,1954.34,session,1.62,0.60,1.02,WIN
2023-06-21,XAUUSD,A,C3C,LONG,1937.19,1937.39,1937.38,0.01,0.19,ABOVE,10:05,1937.50,0.23,0.59,0.23,-0.13,0.37,True,10:15,1937.37,16:00,1932.43,session,4.34,0.60,3.74,WIN
2023-06-22,XAUUSD,A,C3C,SHORT,1934.29,1933.92,1933.89,0.03,0.37,BELOW,10:05,1933.73,0.26,0.20,0.26,-0.20,0.46,True,10:10,1933.93,16:00,1929.87,session,-3.96,0.60,-4.56,LOSS
2023-06-26,XAUUSD,A,C3C,LONG,1924.81,1925.60,1925.40,0.19,0.60,ABOVE,10:05,1925.84,2.80,1.65,2.80,-0.93,3.73,True,12:05,1924.90,16:00,1927.31,session,-3.24,0.60,-3.84,LOSS
2023-06-27,XAUUSD,A,C3C,LONG,1922.45,1922.73,1922.49,0.24,0.04,ABOVE,10:20,1922.78,2.03,1.04,2.03,-0.91,2.94,True,10:50,1921.87,10:50,1921.87,flip,-0.91,0.30,-1.21,LOSS
2023-06-28,XAUUSD,A,C3C,SHORT,1915.72,1915.66,1915.46,0.20,0.06,BELOW,11:15,1914.52,0.98,2.38,0.98,-1.30,2.28,True,11:45,1915.82,16:00,1915.68,session,-1.82,0.60,-2.42,LOSS
2023-06-29,XAUUSD,A,C3C,SHORT,1909.94,1909.71,1908.86,0.86,0.23,BELOW,10:05,1908.50,0.45,1.73,0.45,-1.56,2.01,True,10:55,1910.06,16:00,1904.66,session,-7.60,0.60,-8.20,LOSS
2023-06-30,XAUUSD,A,C3C,LONG,1908.31,1908.81,1908.68,0.12,0.38,ABOVE,10:35,1909.05,0.22,0.70,0.22,-0.70,0.92,True,10:45,1908.35,16:00,1905.19,session,2.56,0.60,1.96,WIN
2023-07-03,XAUUSD,A,C3C,LONG,1918.21,1918.43,1918.26,0.17,0.05,ABOVE,10:05,1918.52,0.41,0.55,0.41,-0.44,0.85,True,10:20,1918.08,16:00,1917.37,session,0.18,0.60,-0.42,LOSS
2023-07-04,XAUUSD,A,C3C,LONG,1921.16,1921.33,1921.27,0.06,0.10,ABOVE,10:05,1921.36,0.40,0.31,0.40,-0.18,0.58,True,10:20,1921.18,16:00,1924.49,session,-3.46,0.60,-4.06,LOSS
2023-07-05,XAUUSD,A,C3C,LONG,1925.98,1926.40,1926.28,0.12,0.30,ABOVE,10:05,1926.42,0.07,0.48,0.07,-0.40,0.47,True,10:10,1926.02,16:00,1924.91,session,0.57,0.60,-0.03,LOSS
2023-07-10,XAUUSD,A,C3C,SHORT,1924.97,1924.96,1924.54,0.42,0.01,BELOW,10:05,1924.08,1.18,1.71,1.18,-1.68,2.86,True,11:00,1925.76,16:00,1920.24,session,-6.89,0.60,-7.49,LOSS
2023-07-11,XAUUSD,A,C3C,LONG,1924.60,1924.94,1924.64,0.30,0.05,ABOVE,10:05,1925.26,4.86,0.33,,,,False,,,16:00,1929.74,session,4.48,0.30,4.18,WIN
2023-07-12,XAUUSD,A,C3C,LONG,1933.27,1933.93,1933.38,0.56,0.11,ABOVE,10:05,1934.03,7.00,0.23,,,,False,,,16:00,1939.44,session,5.42,0.30,5.12,WIN
2023-07-14,XAUUSD,A,C3C,SHORT,1960.40,1960.14,1959.86,0.29,0.26,BELOW,10:05,1959.51,0.00,0.81,0.00,-0.81,0.81,True,10:10,1960.32,16:00,1959.14,session,-1.40,0.60,-2.00,LOSS
2023-07-17,XAUUSD,A,C3C,LONG,1952.70,1953.38,1952.81,0.57,0.10,ABOVE,10:10,1953.38,2.63,0.92,2.63,-0.67,3.31,True,11:50,1952.71,16:00,1953.66,session,-1.64,0.60,-2.24,LOSS
2023-07-18,XAUUSD,A,C3C,SHORT,1955.64,1955.48,1954.94,0.54,0.16,BELOW,10:05,1954.87,0.09,0.74,0.09,-0.71,0.80,True,10:20,1955.58,16:00,1959.32,session,3.28,0.60,2.68,WIN
2023-07-19,XAUUSD,A,C3C,LONG,1976.99,1977.62,1977.55,0.08,0.56,ABOVE,10:30,1978.38,0.19,1.55,0.19,-1.30,1.49,True,11:10,1977.08,16:00,1978.63,session,-2.19,0.60,-2.79,LOSS
2023-07-20,XAUUSD,A,C3C,LONG,1977.74,1977.92,1977.78,0.14,0.04,ABOVE,10:05,1978.84,8.69,0.68,,,,False,,,16:00,1980.91,session,2.08,0.30,1.78,WIN
2023-07-21,XAUUSD,A,C3C,SHORT,1972.54,1972.30,1972.02,0.28,0.24,BELOW,10:05,1971.94,0.10,0.77,0.10,-0.62,0.72,True,10:20,1972.57,16:00,1970.40,session,-2.53,0.60,-3.13,LOSS
2023-07-28,XAUUSD,A,C3C,SHORT,1947.74,1947.54,1946.76,0.78,0.20,BELOW,10:20,1946.39,0.24,1.35,0.24,-1.22,1.46,True,10:50,1947.62,16:00,1952.80,session,3.60,0.60,3.00,WIN
2023-07-31,XAUUSD,A,C3C,SHORT,1958.45,1958.11,1958.03,0.08,0.35,BELOW,10:25,1957.96,1.50,0.60,1.50,-0.34,1.84,True,10:55,1958.30,16:00,1954.27,session,-2.56,0.60,-3.16,LOSS
2023-08-01,XAUUSD,A,C3C,SHORT,1964.23,1964.22,1963.96,0.26,0.01,BELOW,10:25,1963.72,5.43,0.43,,,,False,,,16:00,1958.50,session,5.22,0.30,4.92,WIN
2023-08-02,XAUUSD,A,C3C,SHORT,1952.62,1952.23,1951.39,0.84,0.38,BELOW,10:05,1949.84,4.47,0.70,,,,False,,,16:00,1949.81,session,0.03,0.30,-0.27,LOSS
2023-08-03,XAUUSD,A,C3C,SHORT,1936.39,1936.27,1936.14,0.12,0.12,BELOW,10:30,1935.92,0.13,0.53,0.13,-0.38,0.52,True,10:35,1936.31,16:00,1935.23,session,-1.44,0.60,-2.04,LOSS
2023-08-04,XAUUSD,A,C3C,LONG,1935.52,1935.87,1935.84,0.03,0.32,ABOVE,10:40,1936.16,0.14,0.58,0.14,-0.46,0.61,True,10:45,1935.70,16:00,1935.48,session,-0.59,0.60,-1.19,LOSS
2023-08-08,XAUUSD,A,C3C,SHORT,1937.17,1936.85,1936.63,0.21,0.33,BELOW,10:05,1936.19,5.01,0.22,,,,False,,,16:00,1933.66,session,2.53,0.30,2.23,WIN
2023-08-09,XAUUSD,A,C3C,LONG,1925.55,1926.01,1925.66,0.35,0.12,ABOVE,10:10,1926.18,0.00,0.56,0.00,-0.53,0.53,True,10:15,1925.65,16:00,1931.27,session,-6.01,0.60,-6.61,LOSS
2023-08-15,XAUUSD,A,C3C,SHORT,1907.93,1907.62,1907.10,0.53,0.31,BELOW,10:05,1906.68,2.88,1.63,,,,False,,,16:00,1906.16,session,0.52,0.30,0.22,WIN
2023-08-17,XAUUSD,A,C3C,SHORT,1893.94,1893.45,1892.40,1.05,0.49,BELOW,10:40,1892.24,2.63,1.38,2.63,-1.21,3.85,True,12:45,1893.45,16:00,1893.52,session,-1.37,0.60,-1.97,LOSS
2023-08-18,XAUUSD,A,C3C,LONG,1890.73,1891.33,1890.85,0.48,0.12,ABOVE,10:15,1891.61,3.62,0.37,,,,False,,,16:00,1893.20,session,1.60,0.30,1.30,WIN
2023-08-21,XAUUSD,A,C3C,LONG,1888.98,1890.23,1890.08,0.16,1.09,ABOVE,10:05,1890.77,0.42,0.77,0.42,-0.70,1.13,True,10:45,1890.07,16:00,1887.67,session,1.85,0.60,1.25,WIN
2023-08-22,XAUUSD,A,C3C,SHORT,1895.13,1894.80,1894.10,0.70,0.34,BELOW,14:55,1894.06,0.06,1.90,0.06,-1.89,1.95,True,15:10,1895.95,16:00,1895.81,session,-1.94,0.60,-2.54,LOSS
2023-08-23,XAUUSD,A,C3C,LONG,1898.65,1898.86,1898.71,0.14,0.06,ABOVE,10:05,1899.42,4.60,0.58,,,,False,,,16:00,1902.92,session,3.50,0.30,3.20,WIN
2023-08-24,XAUUSD,A,C3C,LONG,1917.39,1917.99,1917.52,0.48,0.12,ABOVE,10:10,1918.21,4.26,0.61,,,,False,,,16:00,1922.04,session,3.83,0.30,3.53,WIN
2023-08-25,XAUUSD,A,C3C,SHORT,1916.28,1915.92,1915.89,0.03,0.36,BELOW,10:15,1915.81,1.06,0.27,1.06,-0.25,1.31,True,11:15,1916.06,16:00,1913.77,session,-2.78,0.60,-3.38,LOSS
2023-08-28,XAUUSD,A,C3C,LONG,1914.89,1915.50,1915.11,0.39,0.22,ABOVE,10:05,1915.59,2.08,0.82,,,,False,,,16:00,1916.73,session,1.14,0.30,0.84,WIN
2023-08-29,XAUUSD,A,C3C,LONG,1921.35,1921.41,1921.38,0.03,0.04,ABOVE,10:05,1921.45,4.40,0.34,,,,False,,,16:00,1924.89,session,3.44,0.30,3.14,WIN
2023-08-31,XAUUSD,A,C3C,LONG,1944.31,1944.61,1944.42,0.18,0.12,ABOVE,10:05,1944.95,2.86,0.40,,,,False,,,16:00,1944.93,session,-0.02,0.30,-0.32,LOSS
2023-09-01,XAUUSD,A,C3C,LONG,1939.83,1940.10,1939.97,0.12,0.14,ABOVE,11:00,1941.84,2.32,2.05,2.32,-1.93,4.25,True,13:05,1939.90,16:00,1940.00,session,-2.97,0.60,-3.57,LOSS
2023-09-04,XAUUSD,A,C3C,LONG,1940.38,1940.62,1940.62,0.01,0.24,ABOVE,10:10,1940.76,0.05,0.32,0.05,-0.20,0.25,True,10:15,1940.56,10:15,1940.56,flip,-0.20,0.30,-0.50,LOSS
2023-09-05,XAUUSD,A,C3C,SHORT,1937.88,1937.65,1937.49,0.16,0.22,BELOW,10:05,1937.43,0.36,0.35,0.36,-0.32,0.68,True,10:45,1937.75,16:00,1936.81,session,-1.46,0.60,-2.06,LOSS
2023-09-06,XAUUSD,A,C3C,SHORT,1926.74,1926.67,1926.66,0.01,0.07,BELOW,10:05,1926.32,2.05,0.45,2.05,-0.39,2.43,True,12:50,1926.70,16:00,1927.87,session,1.06,0.60,0.46,WIN
2023-09-08,XAUUSD,A,C3C,LONG,1919.97,1920.62,1920.30,0.32,0.33,ABOVE,10:05,1920.87,6.39,0.26,,,,False,,,16:00,1926.30,session,5.43,0.30,5.13,WIN
2023-09-12,XAUUSD,A,C3C,SHORT,1921.90,1921.67,1921.60,0.07,0.23,BELOW,10:30,1921.56,0.30,0.21,0.30,-0.16,0.46,True,10:40,1921.72,16:00,1920.15,session,-1.68,0.60,-2.28,LOSS
2023-09-13,XAUUSD,A,C3C,SHORT,1913.36,1913.21,1912.92,0.29,0.14,BELOW,10:25,1912.92,0.08,0.49,0.08,-0.49,0.58,True,10:30,1913.41,16:00,1909.62,session,-4.59,0.60,-5.19,LOSS
2023-09-14,XAUUSD,A,C3C,LONG,1909.15,1909.56,1909.29,0.27,0.13,ABOVE,10:05,1909.63,3.34,0.75,3.34,-0.43,3.77,True,15:10,1909.20,16:00,1908.34,session,0.62,0.60,0.02,WIN
2023-09-18,XAUUSD,A,C3C,LONG,1923.04,1923.77,1923.37,0.40,0.33,ABOVE,10:05,1923.95,6.74,0.56,,,,False,,,16:00,1929.50,session,5.55,0.30,5.25,WIN
2023-09-21,XAUUSD,A,C3C,SHORT,1930.09,1929.49,1929.36,0.13,0.60,BELOW,10:15,1929.27,5.01,0.12,,,,False,,,16:00,1927.87,session,1.40,0.30,1.10,WIN
2023-09-22,XAUUSD,A,C3C,LONG,1921.39,1921.68,1921.45,0.23,0.06,ABOVE,10:15,1921.71,3.87,0.35,,,,False,,,16:00,1924.64,session,2.93,0.30,2.63,WIN
2023-09-26,XAUUSD,A,C3C,SHORT,1916.70,1916.29,1916.12,0.17,0.41,BELOW,10:15,1916.09,3.00,0.02,,,,False,,,16:00,1913.31,session,2.78,0.30,2.48,WIN
2023-09-29,XAUUSD,A,C3C,LONG,1866.14,1866.97,1866.74,0.23,0.60,ABOVE,10:20,1867.13,0.18,0.46,0.18,-0.45,0.63,True,10:30,1866.68,16:00,1866.52,session,-0.37,0.60,-0.97,LOSS
2023-10-02,XAUUSD,A,C3C,LONG,1846.51,1846.81,1846.54,0.27,0.03,ABOVE,10:05,1847.14,0.07,0.92,0.07,-0.90,0.97,True,10:15,1846.24,16:00,1842.67,session,2.48,0.60,1.88,WIN
2023-10-03,XAUUSD,A,C3C,SHORT,1828.31,1828.23,1827.01,1.22,0.07,BELOW,10:05,1826.64,11.33,0.37,,,,False,,,16:00,1820.52,session,6.12,0.30,5.83,WIN
2023-10-04,XAUUSD,A,C3C,SHORT,1823.11,1822.71,1822.40,0.31,0.39,BELOW,11:05,1822.16,0.23,1.73,0.23,-1.53,1.76,True,11:15,1823.69,16:00,1822.81,session,-3.33,0.60,-3.93,LOSS
2023-10-05,XAUUSD,A,C3C,LONG,1822.17,1822.45,1822.42,0.03,0.25,ABOVE,10:05,1822.74,6.48,0.93,,,,False,,,16:00,1827.31,session,4.56,0.30,4.26,WIN
2023-10-11,XAUUSD,A,C3C,LONG,1859.68,1860.09,1859.84,0.25,0.16,ABOVE,10:05,1860.35,0.45,0.68,0.45,-0.64,1.09,True,10:55,1859.71,16:00,1860.08,session,-0.43,0.60,-1.03,LOSS
2023-10-16,XAUUSD,A,C3C,SHORT,1926.16,1925.33,1924.56,0.77,0.83,BELOW,10:20,1923.16,1.45,3.08,1.45,-2.73,4.18,True,10:55,1925.89,10:55,1925.89,flip,-2.73,0.30,-3.03,LOSS
2023-10-17,XAUUSD,A,C3C,SHORT,1920.24,1919.78,1918.91,0.86,0.47,BELOW,11:15,1918.23,5.77,0.61,,,,False,,,16:00,1915.24,session,2.99,0.30,2.69,WIN
2023-10-18,XAUUSD,A,C3C,SHORT,1925.27,1925.16,1924.95,0.21,0.10,BELOW,10:05,1924.40,0.25,0.84,0.25,-0.78,1.03,True,10:30,1925.18,16:00,1939.46,session,13.31,0.60,12.71,WIN
2023-10-19,XAUUSD,A,C3C,LONG,1949.71,1950.26,1949.93,0.33,0.22,ABOVE,10:05,1950.58,2.80,1.87,2.80,-1.46,4.27,True,11:40,1949.12,16:00,1947.38,session,-1.12,0.60,-1.72,LOSS
2023-10-26,XAUUSD,A,C3C,LONG,1981.41,1983.08,1982.22,0.86,0.81,ABOVE,10:40,1983.37,6.06,0.89,,,,False,,,16:00,1989.25,session,5.88,0.30,5.58,WIN
2023-10-30,XAUUSD,A,C3C,SHORT,2002.46,2001.60,2001.42,0.17,0.86,BELOW,15:30,2000.99,0.73,0.93,0.73,-0.72,1.44,True,15:40,2001.71,16:00,2001.65,session,-0.62,0.60,-1.23,LOSS
2023-10-31,XAUUSD,A,C3C,SHORT,1995.44,1995.17,1994.86,0.32,0.27,BELOW,10:05,1994.68,0.02,0.56,0.02,-0.56,0.58,True,10:10,1995.24,16:00,1993.31,session,-2.26,0.60,-2.86,LOSS
2023-11-01,XAUUSD,A,C3C,SHORT,1985.32,1984.95,1984.91,0.04,0.37,BELOW,10:15,1984.40,9.16,0.46,,,,False,,,16:00,1977.02,session,7.38,0.30,7.08,WIN
2023-11-02,XAUUSD,A,C3C,LONG,1983.19,1984.42,1983.81,0.62,0.62,ABOVE,10:20,1984.79,3.44,1.33,,,,False,,,16:00,1986.12,session,1.33,0.30,1.03,WIN
2023-11-03,XAUUSD,A,C3C,SHORT,1985.20,1985.07,1985.02,0.05,0.13,BELOW,10:05,1984.92,0.50,0.16,0.50,-0.16,0.66,True,10:45,1985.09,16:00,1985.97,session,0.20,0.60,-0.40,LOSS
2024-03-11,XAUUSD,A,C3C,SHORT,2178.48,2178.24,2177.32,0.92,0.24,BELOW,13:50,2176.93,0.02,1.95,0.02,-1.61,1.62,True,14:05,2178.54,16:00,2181.41,session,1.41,0.60,0.81,WIN
2024-03-18,XAUUSD,A,C3C,LONG,2154.17,2155.41,2154.91,0.50,0.74,ABOVE,10:45,2155.45,2.15,0.82,2.15,-0.55,2.70,True,12:00,2154.91,16:00,2147.56,session,5.60,0.60,5.00,WIN
2024-03-19,XAUUSD,A,C3C,LONG,2161.01,2161.38,2161.30,0.09,0.28,ABOVE,10:45,2161.41,1.49,0.76,1.49,-0.22,1.71,True,11:50,2161.20,16:00,2159.41,session,1.08,0.60,0.48,WIN
2024-03-21,XAUUSD,A,C3C,LONG,2199.32,2200.96,2199.69,1.27,0.38,ABOVE,10:10,2204.31,2.12,8.22,2.12,-7.37,9.49,True,11:25,2196.94,16:00,2203.72,session,-17.16,0.60,-17.76,LOSS
2024-03-22,XAUUSD,A,C3C,LONG,2181.23,2181.38,2181.37,0.01,0.14,ABOVE,10:05,2181.54,0.09,0.41,0.09,-0.31,0.40,True,10:15,2181.23,16:00,2173.57,session,7.21,0.60,6.61,WIN
2024-03-25,XAUUSD,A,C3C,LONG,2165.87,2166.88,2166.41,0.47,0.54,ABOVE,10:05,2167.74,1.77,2.22,1.77,-2.00,3.77,True,11:15,2165.74,16:00,2170.12,session,-6.76,0.60,-7.36,LOSS
2024-03-26,XAUUSD,A,C3C,SHORT,2172.68,2172.57,2172.11,0.45,0.11,BELOW,10:30,2172.07,0.78,1.25,0.78,-0.91,1.70,True,10:55,2172.99,16:00,2172.09,session,-1.62,0.60,-2.22,LOSS
2024-03-27,XAUUSD,A,C3C,SHORT,2178.95,2178.65,2178.48,0.17,0.30,BELOW,10:05,2178.43,0.16,0.27,0.16,-0.23,0.39,True,10:10,2178.66,16:00,2178.30,session,-0.69,0.60,-1.29,LOSS
2024-03-28,XAUUSD,A,C3C,LONG,2190.73,2192.49,2191.32,1.16,0.59,ABOVE,13:20,2192.91,4.06,0.08,,,,False,,,16:00,2195.76,session,2.85,0.30,2.55,WIN
2024-04-01,XAUUSD,A,C3C,LONG,2236.93,2237.49,2237.08,0.41,0.14,ABOVE,10:05,2238.41,27.36,0.58,,,,False,,,16:00,2259.34,session,20.93,0.30,20.63,WIN
2024-04-02,XAUUSD,A,C3C,SHORT,2254.59,2253.71,2251.64,2.07,0.88,BELOW,10:15,2250.46,3.74,3.45,3.74,-3.45,7.19,True,13:50,2253.91,16:00,2256.41,session,-1.34,0.60,-1.94,LOSS
2024-04-05,XAUUSD,A,C3C,LONG,2288.84,2290.55,2289.81,0.74,0.97,ABOVE,10:05,2290.99,0.20,1.56,0.20,-1.48,1.68,True,10:45,2289.51,16:00,2278.22,session,9.98,0.60,9.38,WIN
2024-04-08,XAUUSD,A,C3C,SHORT,2311.78,2311.39,2309.93,1.47,0.38,BELOW,10:10,2308.30,5.33,5.96,5.33,-5.31,10.64,True,11:25,2313.61,16:00,2332.86,session,10.77,0.60,10.17,WIN
2024-04-10,XAUUSD,A,C3C,LONG,2353.63,2354.89,2354.76,0.12,1.13,ABOVE,14:30,2355.01,0.72,0.92,0.72,-0.77,1.49,True,14:40,2354.24,16:00,2357.66,session,-3.71,0.60,-4.31,LOSS
2024-04-11,XAUUSD,A,C3C,SHORT,2336.35,2335.61,2334.99,0.62,0.74,BELOW,10:05,2333.49,0.06,2.57,0.06,-2.52,2.58,True,10:30,2336.01,16:00,2339.50,session,1.09,0.60,0.49,WIN
2024-04-15,XAUUSD,A,C3C,SHORT,2365.42,2364.89,2361.99,2.90,0.53,BELOW,10:15,2361.41,12.99,3.41,,,,False,,,16:00,2360.30,session,1.11,0.30,0.81,WIN
2024-04-17,XAUUSD,A,C3C,SHORT,2384.01,2382.83,2381.43,1.40,1.18,BELOW,13:25,2381.32,0.55,1.73,0.55,-1.53,2.08,True,13:50,2382.85,16:00,2375.53,session,-8.15,0.60,-8.75,LOSS
2024-04-18,XAUUSD,A,C3C,LONG,2366.86,2368.76,2368.08,0.68,1.22,ABOVE,10:30,2368.92,3.17,2.79,3.17,-2.20,5.37,True,11:25,2366.72,16:00,2378.14,session,-15.47,0.60,-16.07,LOSS
2024-04-19,XAUUSD,A,C3C,SHORT,2381.20,2379.93,2378.21,1.72,1.28,BELOW,10:05,2376.67,2.83,7.77,2.83,-7.32,10.15,True,11:00,2383.99,16:00,2382.32,session,-11.75,0.60,-12.35,LOSS
2024-04-23,XAUUSD,A,C3C,LONG,2332.15,2333.79,2332.82,0.97,0.67,ABOVE,11:05,2334.03,0.48,1.89,0.48,-1.88,2.36,True,11:20,2332.15,16:00,2308.55,session,19.36,0.60,18.76,WIN
2024-04-24,XAUUSD,A,C3C,SHORT,2324.03,2323.37,2322.55,0.82,0.66,BELOW,10:05,2322.36,6.52,1.45,6.52,-1.37,7.89,True,13:10,2323.73,16:00,2330.14,session,4.40,0.60,3.80,WIN
2024-04-25,XAUUSD,A,C3C,LONG,2316.12,2317.02,2316.39,0.63,0.26,ABOVE,10:05,2317.28,2.29,1.19,2.29,-1.03,3.32,True,11:10,2316.26,16:00,2318.84,session,-13.00,0.60,-13.60,LOSS
2024-04-26,XAUUSD,A,C3C,SHORT,2331.18,2331.08,2330.72,0.36,0.10,BELOW,10:05,2330.49,4.13,1.02,4.13,-0.72,4.86,True,11:30,2331.22,16:00,2340.23,session,8.39,0.60,7.79,WIN
2024-04-29,XAUUSD,A,C3C,SHORT,2336.30,2336.25,2335.93,0.32,0.05,BELOW,10:05,2335.39,15.55,1.24,,,,False,,,16:00,2330.07,session,5.32,0.30,5.02,WIN
2024-04-30,XAUUSD,A,C3C,SHORT,2333.61,2333.18,2332.26,0.91,0.43,BELOW,12:10,2329.74,9.10,2.56,,,,False,,,16:00,2321.50,session,8.24,0.30,7.94,WIN
2024-05-03,XAUUSD,A,C3C,LONG,2303.01,2304.32,2303.86,0.47,0.84,ABOVE,11:00,2304.59,1.85,1.34,1.85,-1.34,3.18,True,11:20,2303.26,16:00,2305.43,session,-3.09,0.60,-3.69,LOSS
2024-05-06,XAUUSD,A,C3C,SHORT,2295.23,2294.50,2294.03,0.47,0.73,BELOW,10:15,2293.06,1.21,1.59,1.21,-1.58,2.79,True,10:30,2294.64,16:00,2312.66,session,15.84,0.60,15.24,WIN
2024-05-07,XAUUSD,A,C3C,LONG,2325.41,2327.06,2326.17,0.89,0.76,ABOVE,10:15,2328.26,1.72,2.92,1.72,-2.86,4.58,True,11:20,2325.40,16:00,2319.72,session,3.11,0.60,2.51,WIN
2024-05-08,XAUUSD,A,C3C,LONG,2315.09,2315.80,2315.27,0.53,0.18,ABOVE,10:05,2315.86,0.27,1.33,0.27,-0.71,0.98,True,10:25,2315.15,16:00,2318.54,session,-4.64,0.60,-5.24,LOSS
2024-05-09,XAUUSD,A,C3C,LONG,2308.72,2309.11,2308.88,0.23,0.16,ABOVE,10:40,2309.57,2.81,1.55,2.81,-1.28,4.10,True,12:05,2308.29,12:05,2308.29,flip,-1.28,0.30,-1.58,LOSS
2024-05-13,XAUUSD,A,C3C,LONG,2360.20,2360.75,2360.55,0.20,0.35,ABOVE,10:10,2361.83,2.72,2.94,2.72,-2.30,5.02,True,11:10,2359.53,16:00,2353.89,session,3.05,0.60,2.45,WIN
2024-05-14,XAUUSD,A,C3C,SHORT,2338.84,2338.47,2338.39,0.08,0.38,BELOW,10:05,2337.81,0.00,1.26,0.00,-1.19,1.19,True,10:10,2339.00,16:00,2345.06,session,4.82,0.60,4.22,WIN
2024-05-21,XAUUSD,A,C3C,LONG,2426.20,2427.11,2426.36,0.75,0.17,ABOVE,10:15,2427.13,0.64,2.05,0.64,-1.14,1.78,True,10:25,2425.99,16:00,2415.74,session,8.57,0.60,7.97,WIN
2024-05-23,XAUUSD,A,C3C,LONG,2382.17,2382.60,2382.31,0.29,0.14,ABOVE,10:05,2382.97,0.81,1.25,0.81,-0.78,1.59,True,10:15,2382.20,16:00,2360.14,session,20.82,0.60,20.22,WIN
2024-05-24,XAUUSD,A,C3C,SHORT,2333.31,2332.26,2332.05,0.20,1.05,BELOW,10:05,2332.01,5.24,0.84,5.24,-0.74,5.99,True,11:15,2332.76,16:00,2337.13,session,4.30,0.60,3.70,WIN
2024-05-27,XAUUSD,A,C3C,SHORT,2337.80,2337.33,2336.74,0.59,0.47,BELOW,10:10,2336.52,1.99,1.11,1.99,-0.97,2.96,True,11:05,2337.49,16:00,2343.25,session,2.73,0.60,2.13,WIN
2024-05-28,XAUUSD,A,C3C,LONG,2351.76,2352.55,2352.28,0.26,0.52,ABOVE,10:10,2352.82,0.87,1.24,0.87,-0.96,1.83,True,10:20,2351.86,16:00,2349.55,session,1.17,0.60,0.57,WIN
2024-05-29,XAUUSD,A,C3C,LONG,2359.68,2360.14,2359.72,0.42,0.04,ABOVE,10:05,2360.50,0.47,1.14,0.47,-1.07,1.54,True,10:20,2359.43,16:00,2355.44,session,2.55,0.60,1.95,WIN
2024-05-30,XAUUSD,A,C3C,SHORT,2338.70,2338.51,2336.89,1.62,0.20,BELOW,10:10,2336.70,2.65,2.46,2.65,-2.39,5.05,True,11:10,2339.09,16:00,2325.26,session,-16.88,0.60,-17.48,LOSS
2024-06-04,XAUUSD,A,C3C,LONG,2350.43,2351.45,2350.59,0.86,0.17,ABOVE,10:20,2351.69,1.20,2.56,1.20,-2.20,3.40,True,11:05,2349.49,16:00,2350.89,session,-3.99,0.60,-4.59,LOSS
2024-06-06,XAUUSD,A,C3C,SHORT,2355.43,2355.15,2354.88,0.28,0.28,BELOW,10:35,2354.77,0.01,0.76,0.01,-0.66,0.66,True,10:40,2355.43,16:00,2367.24,session,11.16,0.60,10.56,WIN
2024-06-07,XAUUSD,A,C3C,SHORT,2377.05,2376.91,2376.53,0.38,0.13,BELOW,11:05,2376.49,6.98,1.42,6.98,-1.31,8.30,True,12:50,2377.80,16:00,2376.10,session,-1.91,0.60,-2.51,LOSS
2024-06-12,XAUUSD,A,C3C,LONG,2314.51,2315.57,2315.20,0.38,0.69,ABOVE,10:05,2315.66,0.00,0.76,0.00,-0.67,0.67,True,10:10,2314.99,16:00,2314.55,session,-0.07,0.60,-0.67,LOSS
2024-06-13,XAUUSD,A,C3C,SHORT,2321.44,2320.65,2318.53,2.12,0.79,BELOW,11:05,2317.22,9.01,0.72,,,,False,,,16:00,2313.55,session,3.66,0.30,3.36,WIN
2024-06-14,XAUUSD,A,C3C,LONG,2302.05,2303.33,2302.43,0.89,0.38,ABOVE,10:20,2303.39,8.34,0.33,,,,False,,,16:00,2309.13,session,5.74,0.30,5.44,WIN
2024-06-17,XAUUSD,A,C3C,SHORT,2328.98,2328.95,2326.58,2.37,0.03,BELOW,10:15,2325.90,8.60,3.11,,,,False,,,16:00,2317.45,session,8.45,0.30,8.15,WIN
2024-06-18,XAUUSD,A,C3C,LONG,2320.45,2322.18,2321.11,1.07,0.66,ABOVE,10:25,2322.28,3.31,1.87,3.31,-1.76,5.07,True,11:15,2320.53,16:00,2321.91,session,-3.22,0.60,-3.82,LOSS
2024-06-20,XAUUSD,A,C3C,LONG,2329.07,2329.51,2329.36,0.14,0.29,ABOVE,10:55,2329.83,15.12,0.00,,,,False,,,16:00,2341.70,session,11.88,0.30,11.57,WIN
2024-06-21,XAUUSD,A,C3C,LONG,2360.19,2361.32,2360.95,0.38,0.76,ABOVE,10:05,2362.68,2.22,3.02,2.22,-2.02,4.24,True,11:25,2360.66,16:00,2363.45,session,-8.18,0.60,-8.78,LOSS
2024-06-24,XAUUSD,A,C3C,LONG,2318.47,2320.90,2319.19,1.71,0.72,ABOVE,10:40,2321.16,6.18,2.09,,,,False,,,16:00,2323.34,session,2.18,0.30,1.88,WIN
2024-06-27,XAUUSD,A,C3C,LONG,2298.34,2298.45,2298.44,0.01,0.10,ABOVE,10:10,2299.80,0.41,1.70,0.41,-1.51,1.92,True,10:45,2298.29,16:00,2298.72,session,-0.94,0.60,-1.54,LOSS
2024-06-28,XAUUSD,A,C3C,SHORT,2327.87,2327.76,2327.32,0.45,0.11,BELOW,10:10,2326.66,7.56,0.45,,,,False,,,16:00,2325.72,session,0.95,0.30,0.65,WIN
2024-07-01,XAUUSD,A,C3C,SHORT,2325.72,2325.05,2323.43,1.61,0.67,BELOW,10:05,2323.40,1.14,2.00,1.14,-1.82,2.96,True,10:35,2325.22,16:00,2322.78,session,-3.60,0.60,-4.20,LOSS
2024-07-02,XAUUSD,A,C3C,LONG,2332.34,2333.51,2332.36,1.14,0.03,ABOVE,11:50,2333.53,0.86,1.68,0.86,-1.59,2.44,True,12:30,2331.95,16:00,2331.05,session,-0.63,0.60,-1.23,LOSS
2024-07-03,XAUUSD,A,C3C,LONG,2330.23,2330.92,2330.32,0.61,0.09,ABOVE,10:05,2331.47,0.75,1.17,0.75,-1.17,1.92,True,10:55,2330.30,16:00,2333.99,session,-4.43,0.60,-5.03,LOSS
2024-07-08,XAUUSD,A,C3C,SHORT,2386.47,2386.17,2384.70,1.47,0.30,BELOW,12:40,2383.78,3.01,3.01,3.01,-2.81,5.82,True,15:15,2386.59,16:00,2381.38,session,-6.51,0.60,-7.11,LOSS
2024-07-09,XAUUSD,A,C3C,LONG,2361.65,2362.53,2361.86,0.67,0.21,ABOVE,10:10,2363.41,0.34,2.41,0.34,-2.35,2.68,True,10:30,2361.07,16:00,2364.91,session,-5.37,0.60,-5.97,LOSS
2024-07-18,XAUUSD,A,C3C,SHORT,2461.61,2461.45,2459.08,2.38,0.16,BELOW,10:05,2458.47,1.01,4.47,1.01,-4.25,5.26,True,11:10,2462.72,16:00,2465.74,session,-0.70,0.60,-1.30,LOSS
2024-07-19,XAUUSD,A,C3C,SHORT,2443.76,2441.38,2431.36,10.03,2.38,BELOW,10:10,2431.20,10.62,3.74,,,,False,,,16:00,2421.80,session,9.40,0.30,9.10,WIN
2024-07-25,XAUUSD,A,C3C,SHORT,2399.61,2398.89,2398.07,0.82,0.72,BELOW,10:05,2396.58,29.72,3.57,,,,False,,,16:00,2376.74,session,19.84,0.30,19.54,WIN
2024-07-26,XAUUSD,A,C3C,LONG,2363.72,2364.73,2363.86,0.88,0.14,ABOVE,10:05,2365.37,0.08,1.93,0.08,-1.65,1.74,True,10:25,2363.72,16:00,2372.59,session,-10.72,0.60,-11.32,LOSS
2024-07-29,XAUUSD,A,C3C,SHORT,2398.20,2398.09,2397.16,0.93,0.11,BELOW,11:15,2396.99,8.23,1.28,,,,False,,,16:00,2394.84,session,2.15,0.30,1.85,WIN
2024-08-01,XAUUSD,A,C3C,LONG,2445.39,2446.07,2445.84,0.24,0.45,ABOVE,10:05,2446.24,0.78,0.90,0.78,-0.74,1.52,True,10:20,2445.50,16:00,2447.62,session,-4.34,0.60,-4.94,LOSS
2024-08-07,XAUUSD,A,C3C,SHORT,2384.83,2384.69,2383.95,0.74,0.14,BELOW,10:05,2382.20,0.74,3.28,0.74,-2.86,3.60,True,10:50,2385.06,16:00,2389.93,session,0.49,0.60,-0.11,LOSS
2024-08-09,XAUUSD,A,C3C,LONG,2423.34,2425.12,2424.66,0.47,1.32,ABOVE,11:35,2425.25,3.78,1.97,3.78,-1.32,5.10,True,12:35,2423.93,16:00,2419.14,session,3.98,0.60,3.38,WIN
2024-08-13,XAUUSD,A,C3C,LONG,2474.41,2475.93,2475.57,0.36,1.16,ABOVE,10:05,2476.21,0.76,1.05,0.76,-0.95,1.70,True,10:15,2475.26,16:00,2463.03,session,10.54,0.60,9.94,WIN
2024-08-14,XAUUSD,A,C3C,LONG,2463.73,2464.28,2464.24,0.04,0.51,ABOVE,10:05,2465.55,7.10,3.03,7.10,-2.18,9.29,True,12:00,2463.37,16:00,2461.95,session,-0.89,0.60,-1.49,LOSS
2024-08-15,XAUUSD,A,C3C,LONG,2448.51,2449.52,2449.50,0.02,0.99,ABOVE,10:05,2449.56,0.43,0.96,0.43,-0.38,0.81,True,10:20,2449.18,16:00,2453.72,session,-4.43,0.60,-5.03,LOSS
2024-08-20,XAUUSD,A,C3C,LONG,2503.36,2504.47,2503.73,0.74,0.38,ABOVE,10:05,2504.67,3.61,2.87,3.61,-1.66,5.26,True,11:10,2503.01,16:00,2500.57,session,0.23,0.60,-0.37,LOSS
2024-08-21,XAUUSD,A,C3C,SHORT,2514.61,2513.07,2512.99,0.08,1.55,BELOW,11:20,2512.62,1.69,2.03,1.69,-1.25,2.94,True,11:40,2513.87,16:00,2515.76,session,-2.15,0.60,-2.75,LOSS
2024-08-23,XAUUSD,A,C3C,LONG,2486.26,2487.68,2487.35,0.33,1.09,ABOVE,10:15,2488.16,7.69,1.39,,,,False,,,16:00,2491.68,session,3.51,0.30,3.21,WIN
2024-08-26,XAUUSD,A,C3C,LONG,2514.30,2516.03,2515.30,0.73,1.00,ABOVE,10:25,2516.18,0.82,3.66,0.82,-3.66,4.47,True,10:45,2512.52,16:00,2510.54,session,-0.55,0.60,-1.15,LOSS
2024-08-27,XAUUSD,A,C3C,SHORT,2516.30,2515.66,2515.53,0.13,0.64,BELOW,10:10,2514.97,0.19,0.98,0.19,-0.81,1.01,True,10:15,2515.78,16:00,2514.71,session,-2.54,0.60,-3.14,LOSS
2024-08-28,XAUUSD,A,C3C,SHORT,2526.28,2525.37,2524.74,0.63,0.91,BELOW,10:10,2524.72,21.39,1.21,,,,False,,,16:00,2504.72,session,20.00,0.30,19.70,WIN
2024-08-29,XAUUSD,A,C3C,LONG,2507.82,2509.95,2508.22,1.73,0.40,ABOVE,10:05,2509.99,10.05,0.30,,,,False,,,16:00,2518.55,session,8.56,0.30,8.26,WIN
2024-09-02,XAUUSD,A,C3C,LONG,2502.38,2503.14,2503.03,0.11,0.66,ABOVE,10:10,2503.16,0.27,0.57,0.27,-0.36,0.63,True,10:15,2502.80,16:00,2497.97,session,3.22,0.60,2.62,WIN
2024-09-03,XAUUSD,A,C3C,SHORT,2497.93,2497.36,2497.33,0.03,0.57,BELOW,10:05,2496.52,6.82,1.11,,,,False,,,16:00,2493.51,session,3.01,0.30,2.71,WIN
2024-09-05,XAUUSD,A,C3C,LONG,2495.37,2496.57,2495.98,0.59,0.61,ABOVE,11:05,2497.05,2.38,1.62,2.38,-1.54,3.92,True,13:50,2495.51,16:00,2501.36,session,-7.95,0.60,-8.55,LOSS
2024-09-06,XAUUSD,A,C3C,SHORT,2517.75,2517.49,2517.43,0.06,0.26,BELOW,10:05,2517.19,4.10,0.92,4.10,-0.63,4.73,True,12:55,2517.82,16:00,2519.30,session,0.30,0.60,-0.30,LOSS
2024-09-09,XAUUSD,A,C3C,LONG,2496.43,2497.95,2497.01,0.94,0.59,ABOVE,11:05,2498.12,0.64,2.59,0.64,-2.03,2.67,True,11:20,2496.09,16:00,2489.55,session,3.09,0.60,2.49,WIN
2024-09-11,XAUUSD,A,C3C,LONG,2517.86,2518.78,2518.69,0.09,0.84,ABOVE,10:40,2519.01,0.17,1.30,0.17,-1.13,1.30,True,10:45,2517.88,16:00,2522.10,session,-5.99,0.60,-6.59,LOSS
2024-09-17,XAUUSD,A,C3C,LONG,2583.71,2584.18,2583.78,0.40,0.07,ABOVE,12:10,2585.18,1.18,3.52,1.18,-3.07,4.26,True,12:45,2582.11,16:00,2581.44,session,-2.86,0.60,-3.46,LOSS
2024-09-18,XAUUSD,A,C3C,LONG,2573.84,2574.21,2574.09,0.12,0.26,ABOVE,11:00,2574.38,0.38,1.94,0.38,-1.40,1.78,True,11:05,2572.98,16:00,2568.64,session,2.62,0.60,2.02,WIN
2024-09-19,XAUUSD,A,C3C,LONG,2557.37,2559.43,2558.36,1.06,0.99,ABOVE,12:15,2559.45,18.03,0.11,,,,False,,,16:00,2577.01,session,17.57,0.30,17.27,WIN
2024-09-23,XAUUSD,A,C3C,SHORT,2620.89,2620.28,2619.45,0.83,0.61,BELOW,10:05,2618.93,2.75,2.16,2.75,-2.16,4.91,True,11:35,2621.09,16:00,2629.01,session,5.72,0.60,5.12,WIN
2024-09-25,XAUUSD,A,C3C,SHORT,2658.52,2658.32,2657.59,0.73,0.20,BELOW,11:30,2656.39,0.51,4.08,0.51,-4.06,4.57,True,11:50,2660.45,16:00,2659.24,session,-4.89,0.60,-5.49,LOSS
2024-09-26,XAUUSD,A,C3C,SHORT,2658.44,2656.76,2656.43,0.33,1.68,BELOW,10:05,2656.26,0.77,0.64,0.77,-0.59,1.37,True,10:15,2656.86,16:00,2660.98,session,3.67,0.60,3.07,WIN
2024-10-01,XAUUSD,A,C3C,LONG,2635.35,2636.02,2635.85,0.17,0.50,ABOVE,10:05,2636.56,0.25,1.91,0.25,-1.84,2.09,True,10:35,2634.72,16:00,2643.51,session,-10.04,0.60,-10.64,LOSS
2024-10-02,XAUUSD,A,C3C,SHORT,2660.74,2660.41,2660.09,0.32,0.32,BELOW,10:05,2659.37,2.98,1.48,2.98,-1.40,4.38,True,11:45,2660.77,16:00,2648.14,session,-15.14,0.60,-15.74,LOSS
2024-10-04,XAUUSD,A,C3C,LONG,2655.33,2656.14,2655.89,0.24,0.57,ABOVE,10:05,2656.99,10.88,1.43,,,,False,,,16:00,2667.03,session,10.05,0.30,9.75,WIN
2024-10-08,XAUUSD,A,C3C,LONG,2643.31,2644.26,2644.09,0.18,0.78,ABOVE,10:15,2644.83,0.15,1.10,0.15,-0.92,1.07,True,10:25,2643.91,16:00,2642.28,session,0.41,0.60,-0.19,LOSS
2024-10-09,XAUUSD,A,C3C,LONG,2621.70,2622.67,2622.11,0.56,0.42,ABOVE,10:05,2623.09,0.74,1.11,0.74,-1.07,1.81,True,10:55,2622.02,16:00,2619.51,session,2.00,0.60,1.40,WIN
2024-10-10,XAUUSD,A,C3C,LONG,2608.30,2608.91,2608.86,0.05,0.56,ABOVE,10:05,2609.12,0.34,0.51,0.34,-0.51,0.85,True,10:35,2608.62,16:00,2614.88,session,-6.62,0.60,-7.22,LOSS
2024-10-15,XAUUSD,A,C3C,LONG,2650.11,2650.43,2650.12,0.31,0.01,ABOVE,10:05,2650.66,0.36,1.21,0.36,-1.18,1.54,True,10:40,2649.48,16:00,2642.24,session,6.80,0.60,6.20,WIN
2024-10-16,XAUUSD,A,C3C,SHORT,2662.57,2662.28,2662.01,0.27,0.29,BELOW,10:05,2661.70,0.36,0.91,0.36,-0.65,1.01,True,10:40,2662.36,16:00,2667.74,session,3.97,0.60,3.37,WIN
2024-10-17,XAUUSD,A,C3C,LONG,2673.43,2673.85,2673.82,0.03,0.39,ABOVE,10:10,2674.01,10.93,0.01,,,,False,,,16:00,2678.91,session,4.90,0.30,4.60,WIN
2024-10-21,XAUUSD,A,C3C,LONG,2722.20,2724.07,2723.70,0.37,1.49,ABOVE,10:35,2724.28,0.92,1.60,0.92,-1.59,2.51,True,10:45,2722.69,16:00,2730.11,session,-8.29,0.60,-8.89,LOSS
2024-10-23,XAUUSD,A,C3C,SHORT,2747.99,2747.57,2747.41,0.16,0.41,BELOW,10:40,2746.57,8.62,1.52,8.62,-1.48,10.11,True,15:10,2748.05,16:00,2750.20,session,-0.12,0.60,-0.72,LOSS
2024-10-24,XAUUSD,A,C3C,LONG,2717.93,2719.30,2718.11,1.18,0.18,ABOVE,10:10,2719.71,7.53,1.78,,,,False,,,16:00,2727.09,session,7.38,0.30,7.08,WIN
2024-10-28,XAUUSD,A,C3C,LONG,2732.72,2736.68,2734.66,2.02,1.93,ABOVE,10:05,2737.16,3.16,3.57,3.16,-3.34,6.50,True,11:05,2733.83,16:00,2733.31,session,-2.87,0.60,-3.47,LOSS
2024-10-29,XAUUSD,A,C3C,LONG,2741.53,2742.20,2741.66,0.53,0.13,ABOVE,10:10,2742.49,0.36,1.24,0.36,-1.03,1.39,True,10:30,2741.46,16:00,2755.73,session,-14.75,0.60,-15.35,LOSS
2024-10-30,XAUUSD,A,C3C,SHORT,2774.93,2774.76,2774.24,0.53,0.17,BELOW,10:05,2773.91,0.38,1.35,0.38,-1.14,1.53,True,10:50,2775.05,16:00,2779.44,session,2.85,0.60,2.25,WIN
2024-10-31,XAUUSD,A,C3C,LONG,2786.90,2787.88,2787.51,0.36,0.61,ABOVE,11:15,2787.99,0.28,1.32,0.28,-1.23,1.51,True,11:20,2786.76,16:00,2784.18,session,0.80,0.60,0.20,WIN
2024-11-01,XAUUSD,A,C3C,LONG,2745.88,2746.32,2746.18,0.14,0.30,ABOVE,10:05,2746.62,1.32,0.92,1.32,-0.88,2.20,True,11:30,2745.75,16:00,2752.36,session,-7.37,0.60,-7.97,LOSS
2025-03-10,XAUUSD,A,C3C,LONG,2911.96,2912.74,2911.99,0.75,0.03,ABOVE,10:05,2912.80,5.59,2.98,5.59,-2.03,7.62,True,13:10,2910.76,16:00,2909.59,session,-0.86,0.60,-1.46,LOSS
2025-03-11,XAUUSD,A,C3C,SHORT,2885.36,2885.06,2884.66,0.40,0.30,BELOW,10:15,2884.34,1.91,1.76,1.91,-0.81,2.72,True,11:05,2885.14,16:00,2897.84,session,9.79,0.60,9.19,WIN
2025-03-12,XAUUSD,A,C3C,LONG,2915.47,2918.43,2917.79,0.64,2.32,ABOVE,10:05,2919.46,0.30,2.03,0.30,-1.87,2.16,True,10:10,2917.59,16:00,2913.74,session,1.08,0.60,0.48,WIN
2025-03-13,XAUUSD,A,C3C,LONG,2937.78,2938.58,2938.22,0.36,0.43,ABOVE,10:35,2938.69,0.20,1.33,0.20,-1.01,1.21,True,10:45,2937.68,16:00,2944.63,session,-7.99,0.60,-8.59,LOSS
2025-03-17,XAUUSD,A,C3C,LONG,2989.15,2989.48,2989.18,0.30,0.03,ABOVE,10:05,2989.83,4.41,1.49,4.41,-1.49,5.89,True,11:10,2988.34,16:00,2983.08,session,3.13,0.60,2.53,WIN
2025-03-19,XAUUSD,A,C3C,LONG,3034.04,3034.66,3034.53,0.12,0.49,ABOVE,14:10,3034.94,4.11,0.95,,,,False,,,16:00,3037.36,session,2.41,0.30,2.11,WIN
2025-03-21,XAUUSD,A,C3C,LONG,3045.11,3045.89,3045.84,0.05,0.72,ABOVE,10:10,3046.07,0.00,0.68,0.00,-0.37,0.37,True,10:15,3045.70,16:00,3029.61,session,15.24,0.60,14.64,WIN
2025-03-25,XAUUSD,A,C3C,LONG,3010.17,3011.86,3011.51,0.35,1.34,ABOVE,10:05,3012.09,0.00,0.62,0.00,-0.60,0.60,True,10:10,3011.49,16:00,3017.42,session,-7.04,0.60,-7.64,LOSS
2025-03-26,XAUUSD,A,C3C,LONG,3020.82,3021.47,3021.46,0.01,0.64,ABOVE,10:05,3021.55,0.07,0.37,0.07,-0.36,0.43,True,10:10,3021.20,16:00,3015.64,session,5.09,0.60,4.49,WIN
2025-03-27,XAUUSD,A,C3C,SHORT,3020.01,3019.55,3018.78,0.76,0.47,BELOW,10:15,3018.77,0.41,1.35,0.41,-1.09,1.51,True,10:20,3019.86,16:00,3033.53,session,11.70,0.60,11.10,WIN
2025-03-28,XAUUSD,A,C3C,SHORT,3055.93,3055.16,3054.51,0.65,0.77,BELOW,10:05,3054.34,0.11,0.96,0.11,-0.94,1.05,True,10:40,3055.28,16:00,3074.30,session,17.46,0.60,16.86,WIN
2025-04-03,XAUUSD,A,C3C,LONG,3144.70,3148.82,3145.99,2.82,1.30,ABOVE,10:05,3153.24,14.60,10.47,14.60,-10.47,25.07,True,11:15,3142.76,16:00,3140.43,session,-7.12,0.60,-7.72,LOSS
2025-04-07,XAUUSD,A,C3C,LONG,2995.82,2999.75,2999.64,0.11,3.82,ABOVE,11:10,3007.05,50.25,2.32,,,,False,,,16:00,3030.14,session,23.09,0.30,22.79,WIN
2025-04-09,XAUUSD,A,C3C,LONG,2970.83,2978.57,2977.97,0.61,7.14,ABOVE,10:05,2981.02,6.08,8.61,6.08,-7.58,13.66,True,11:00,2973.44,11:00,2973.44,flip,-7.58,0.30,-7.88,LOSS
2025-04-16,XAUUSD,A,C3C,LONG,3244.05,3258.99,3251.91,7.07,7.87,ABOVE,10:15,3259.17,32.76,3.16,,,,False,,,16:00,3287.07,session,27.90,0.30,27.60,WIN
2025-04-17,XAUUSD,A,C3C,SHORT,3352.01,3350.27,3346.19,4.08,1.74,BELOW,10:05,3344.85,2.84,8.66,2.84,-8.21,11.05,True,11:10,3353.06,16:00,3326.47,session,-37.94,0.60,-38.54,LOSS
2025-04-22,XAUUSD,A,C3C,SHORT,3436.39,3434.53,3419.24,15.30,1.86,BELOW,10:05,3418.82,3.45,17.75,3.45,-17.18,20.63,True,11:15,3436.01,16:00,3490.03,session,32.80,0.60,32.20,WIN
2025-04-23,XAUUSD,A,C3C,SHORT,3339.34,3338.49,3336.80,1.69,0.84,BELOW,13:10,3336.32,5.30,3.84,5.30,-2.70,8.01,True,13:15,3339.03,16:00,3310.12,session,-31.59,0.60,-32.19,LOSS
2025-04-24,XAUUSD,A,C3C,LONG,3314.59,3316.48,3315.23,1.25,0.64,ABOVE,10:05,3317.54,50.14,0.00,,,,False,,,16:00,3325.75,session,8.21,0.30,7.91,WIN
2025-04-25,XAUUSD,A,C3C,SHORT,3353.24,3352.45,3348.92,3.53,0.78,BELOW,11:20,3348.74,0.16,4.33,0.16,-4.33,4.49,True,11:25,3353.07,16:00,3297.05,session,-60.72,0.60,-61.32,LOSS
2025-04-28,XAUUSD,A,C3C,LONG,3302.11,3308.28,3302.80,5.48,0.69,ABOVE,10:05,3310.82,5.34,9.49,5.34,-8.91,14.25,True,11:15,3301.91,16:00,3292.91,session,-6.43,0.60,-7.03,LOSS
2025-04-29,XAUUSD,A,C3C,SHORT,3339.34,3337.66,3335.00,2.66,1.67,BELOW,10:20,3334.10,28.96,6.04,,,,False,,,16:00,3310.32,session,23.78,0.30,23.48,WIN
2025-04-30,XAUUSD,A,C3C,LONG,3315.81,3321.33,3317.18,4.15,1.37,ABOVE,10:05,3323.45,4.70,7.32,4.70,-7.05,11.75,True,10:35,3316.41,16:00,3310.02,session,-2.76,0.60,-3.36,LOSS
2025-05-01,XAUUSD,A,C3C,SHORT,3275.97,3274.68,3273.03,1.64,1.29,BELOW,10:15,3268.74,47.41,0.03,,,,False,,,16:00,3241.14,session,27.59,0.30,27.29,WIN
2025-05-02,XAUUSD,A,C3C,LONG,3237.30,3240.12,3237.44,2.68,0.14,ABOVE,10:15,3240.76,3.70,8.87,3.70,-8.09,11.78,True,10:45,3232.68,16:00,3252.94,session,-30.57,0.60,-31.17,LOSS
2025-05-05,XAUUSD,A,C3C,SHORT,3250.09,3248.16,3246.58,1.58,1.93,BELOW,10:05,3245.57,4.37,7.78,4.37,-7.75,12.12,True,11:00,3253.32,16:00,3257.63,session,-5.95,0.60,-6.55,LOSS
2025-05-06,XAUUSD,A,C3C,SHORT,3334.46,3334.13,3332.28,1.85,0.33,BELOW,10:15,3328.84,6.09,21.59,6.09,-20.95,27.04,True,11:00,3349.80,16:00,3360.53,session,-19.52,0.60,-20.12,LOSS
2025-05-09,XAUUSD,A,C3C,LONG,3316.16,3317.84,3316.47,1.37,0.30,ABOVE,10:45,3319.75,3.53,6.40,3.53,-4.05,7.59,True,11:10,3315.70,16:00,3323.17,session,-16.38,0.60,-16.98,LOSS
2025-05-13,XAUUSD,A,C3C,SHORT,3237.79,3237.20,3236.86,0.34,0.59,BELOW,10:30,3236.21,2.25,2.12,2.25,-2.05,4.30,True,10:50,3238.26,16:00,3256.28,session,14.27,0.60,13.67,WIN
2025-05-14,XAUUSD,A,C3C,SHORT,3254.82,3254.44,3249.14,5.30,0.38,BELOW,10:05,3245.51,23.95,6.39,,,,False,,,16:00,3233.58,session,11.93,0.30,11.63,WIN
2025-05-19,XAUUSD,A,C3C,LONG,3227.36,3236.66,3235.03,1.63,7.66,ABOVE,10:05,3243.26,6.59,12.12,6.59,-9.67,16.26,True,11:10,3233.59,16:00,3224.43,session,-4.32,0.60,-4.92,LOSS
2025-05-23,XAUUSD,A,C3C,SHORT,3301.55,3300.22,3295.43,4.79,1.33,BELOW,10:50,3295.26,1.36,5.76,1.36,-5.62,6.98,True,10:55,3300.89,16:00,3329.28,session,21.80,0.60,21.20,WIN
2025-05-27,XAUUSD,A,C3C,SHORT,3346.44,3346.20,3345.41,0.79,0.24,BELOW,10:20,3344.55,0.72,2.15,0.72,-2.03,2.74,True,10:30,3346.57,16:00,3323.65,session,-22.15,0.60,-22.75,LOSS
2025-05-29,XAUUSD,A,C3C,LONG,3259.05,3262.92,3259.93,2.99,0.88,ABOVE,10:35,3264.40,4.88,9.93,4.88,-8.97,13.85,True,11:00,3255.43,16:00,3274.38,session,-27.73,0.60,-28.33,LOSS
2025-05-30,XAUUSD,A,C3C,LONG,3314.32,3318.20,3315.57,2.64,1.25,ABOVE,11:15,3319.93,2.99,7.86,2.99,-5.01,8.00,True,11:30,3314.93,16:00,3301.76,session,5.79,0.60,5.19,WIN
2025-06-06,XAUUSD,A,C3C,LONG,3361.58,3363.73,3361.91,1.82,0.33,ABOVE,10:10,3363.87,0.29,2.48,0.29,-2.12,2.41,True,10:35,3361.74,16:00,3364.78,session,-5.39,0.60,-5.99,LOSS
2025-06-12,XAUUSD,A,C3C,LONG,3362.89,3365.51,3363.60,1.91,0.70,ABOVE,10:15,3366.76,11.13,4.30,,,,False,,,16:00,3374.44,session,7.68,0.30,7.38,WIN
2025-06-13,XAUUSD,A,C3C,LONG,3389.91,3400.94,3395.86,5.09,5.94,ABOVE,10:05,3410.93,33.57,10.69,,,,False,,,16:00,3425.84,session,14.92,0.30,14.62,WIN
2025-06-24,XAUUSD,A,C3C,SHORT,3347.80,3344.49,3335.88,8.61,3.31,BELOW,15:35,3333.58,6.86,2.64,,,,False,,,16:00,3331.11,session,2.47,0.30,2.17,WIN
2025-06-27,XAUUSD,A,C3C,SHORT,3320.43,3318.73,3316.64,2.09,1.70,BELOW,10:15,3316.45,3.15,2.59,3.15,-2.53,5.68,True,10:55,3318.98,16:00,3298.92,session,-22.93,0.60,-23.53,LOSS
2025-06-30,XAUUSD,A,C3C,SHORT,3266.78,3266.16,3263.81,2.35,0.62,BELOW,10:35,3263.62,0.32,2.97,0.32,-2.72,3.03,True,10:45,3266.34,16:00,3290.05,session,22.98,0.60,22.38,WIN
2025-07-02,XAUUSD,A,C3C,SHORT,3338.40,3338.21,3337.01,1.20,0.19,BELOW,10:35,3336.82,0.84,1.71,0.84,-1.64,2.48,True,10:45,3338.47,16:00,3337.15,session,-3.01,0.60,-3.61,LOSS
2025-07-03,XAUUSD,A,C3C,SHORT,3350.63,3349.51,3346.14,3.38,1.12,BELOW,10:05,3345.59,3.58,4.45,3.58,-4.37,7.95,True,12:45,3349.97,16:00,3363.61,session,8.53,0.60,7.93,WIN
2025-07-04,XAUUSD,A,C3C,SHORT,3331.84,3330.99,3329.72,1.28,0.85,BELOW,10:05,3327.91,1.98,4.83,1.98,-4.70,6.68,True,11:15,3332.61,16:00,3341.31,session,2.37,0.60,1.77,WIN
2025-07-08,XAUUSD,A,C3C,SHORT,3336.58,3336.01,3334.72,1.29,0.57,BELOW,10:15,3333.76,4.02,3.34,4.02,-2.26,6.28,True,12:25,3336.02,16:00,3333.98,session,-3.97,0.60,-4.57,LOSS
2025-07-09,XAUUSD,A,C3C,LONG,3300.94,3306.38,3302.36,4.02,1.41,ABOVE,10:55,3307.18,0.13,7.77,0.13,-7.06,7.18,True,11:45,3300.12,16:00,3289.89,session,5.69,0.60,5.09,WIN
2025-07-10,XAUUSD,A,C3C,LONG,3317.17,3317.70,3317.24,0.46,0.07,ABOVE,10:05,3319.18,7.21,2.64,7.21,-1.99,9.20,True,13:50,3317.19,16:00,3321.61,session,-7.84,0.60,-8.44,LOSS
2025-07-14,XAUUSD,A,C3C,SHORT,3368.28,3367.74,3366.03,1.71,0.54,BELOW,10:05,3365.99,0.90,2.41,0.90,-2.27,3.18,True,10:10,3368.26,16:00,3357.71,session,-12.34,0.60,-12.94,LOSS
2025-07-18,XAUUSD,A,C3C,SHORT,3341.64,3340.34,3340.15,0.18,1.30,BELOW,10:05,3339.95,0.27,0.89,0.27,-0.89,1.16,True,10:10,3340.85,16:00,3332.57,session,-8.70,0.60,-9.30,LOSS
2025-07-21,XAUUSD,A,C3C,LONG,3347.68,3349.21,3348.79,0.42,1.11,ABOVE,10:05,3349.91,19.80,0.77,,,,False,,,16:00,3366.11,session,16.20,0.30,15.90,WIN
2025-07-25,XAUUSD,A,C3C,LONG,3368.64,3369.49,3369.05,0.43,0.41,ABOVE,10:05,3369.99,3.51,1.94,3.51,-1.94,5.45,True,11:15,3368.05,16:00,3359.43,session,6.04,0.60,5.44,WIN
2025-07-28,XAUUSD,A,C3C,LONG,3332.43,3334.86,3333.68,1.18,1.25,ABOVE,11:00,3336.39,2.43,5.07,2.43,-4.24,6.67,True,11:55,3332.14,16:00,3341.57,session,-14.53,0.60,-15.13,LOSS
2025-07-30,XAUUSD,A,C3C,LONG,3326.95,3330.12,3327.57,2.55,0.62,ABOVE,10:30,3330.39,3.37,5.93,3.37,-5.72,9.09,True,11:35,3324.68,16:00,3325.01,session,-7.79,0.60,-8.39,LOSS
2025-07-31,XAUUSD,A,C3C,LONG,3282.11,3287.51,3285.41,2.11,3.30,ABOVE,10:30,3287.57,14.39,2.53,,,,False,,,16:00,3299.69,session,12.12,0.30,11.82,WIN
2025-08-01,XAUUSD,A,C3C,SHORT,3290.77,3288.59,3287.82,0.76,2.18,BELOW,10:05,3287.66,1.05,2.46,1.05,-1.14,2.20,True,10:25,3288.81,16:00,3296.95,session,6.14,0.60,5.54,WIN
2025-08-06,XAUUSD,A,C3C,LONG,3382.38,3383.38,3383.26,0.12,0.88,ABOVE,10:15,3383.72,1.65,2.74,1.65,-0.84,2.49,True,10:40,3382.88,16:00,3376.38,session,5.27,0.60,4.67,WIN
2025-08-08,XAUUSD,A,C3C,SHORT,3400.68,3400.64,3399.68,0.95,0.05,BELOW,10:15,3394.26,13.05,5.33,,,,False,,,16:00,3395.08,session,-0.82,0.30,-1.12,LOSS
2025-08-11,XAUUSD,A,C3C,SHORT,3393.76,3391.53,3388.64,2.89,2.23,BELOW,10:10,3387.61,20.06,2.58,,,,False,,,16:00,3374.36,session,13.25,0.30,12.95,WIN
2025-08-12,XAUUSD,A,C3C,SHORT,3349.47,3349.12,3349.05,0.07,0.34,BELOW,11:30,3348.94,2.72,1.24,2.72,-1.19,3.91,True,11:35,3350.13,16:00,3351.30,session,-0.21,0.60,-0.81,LOSS
2025-08-13,XAUUSD,A,C3C,SHORT,3350.84,3350.64,3349.49,1.16,0.19,BELOW,10:05,3347.21,4.57,4.88,4.57,-3.76,8.33,True,11:55,3350.97,16:00,3351.57,session,-0.20,0.60,-0.80,LOSS
2025-08-14,XAUUSD,A,C3C,LONG,3362.90,3365.51,3362.95,2.57,0.05,ABOVE,10:05,3367.36,7.45,4.52,7.45,-4.49,11.94,True,12:55,3362.86,16:00,3356.74,session,-0.15,0.60,-0.75,LOSS
2025-08-20,XAUUSD,A,C3C,SHORT,3315.20,3314.41,3313.88,0.53,0.79,BELOW,10:10,3313.84,1.03,1.97,1.03,-1.91,2.94,True,10:45,3315.76,16:00,3324.66,session,7.24,0.60,6.64,WIN
2025-08-22,XAUUSD,A,C3C,SHORT,3339.24,3338.52,3337.07,1.45,0.72,BELOW,10:10,3336.62,1.43,2.64,1.43,-2.59,4.03,True,10:30,3339.21,16:00,3328.51,session,-13.37,0.60,-13.97,LOSS
2025-08-25,XAUUSD,A,C3C,SHORT,3369.32,3369.14,3366.11,3.03,0.18,BELOW,10:05,3365.39,5.61,2.84,,,,False,,,16:00,3366.51,session,-1.12,0.30,-1.42,LOSS
2025-08-26,XAUUSD,A,C3C,LONG,3352.93,3357.05,3354.99,2.07,2.06,ABOVE,10:05,3360.18,26.51,0.60,,,,False,,,16:00,3375.76,session,15.58,0.30,15.28,WIN
2025-08-27,XAUUSD,A,C3C,SHORT,3391.19,3390.93,3390.89,0.04,0.26,BELOW,10:30,3389.80,0.82,1.59,0.82,-1.38,2.20,True,10:50,3391.18,10:50,3391.18,flip,-1.38,0.30,-1.68,LOSS
2025-09-04,XAUUSD,A,C3C,LONG,3557.99,3560.55,3558.72,1.84,0.73,ABOVE,10:55,3561.57,1.90,5.99,1.90,-5.50,7.40,True,11:15,3556.07,16:00,3527.32,session,21.09,0.60,20.49,WIN
2025-09-05,XAUUSD,A,C3C,LONG,3552.51,3554.72,3552.76,1.96,0.26,ABOVE,11:20,3554.86,1.25,3.84,1.25,-3.70,4.95,True,11:45,3551.15,16:00,3556.62,session,-10.02,0.60,-10.62,LOSS
2025-09-08,XAUUSD,A,C3C,SHORT,3591.61,3591.21,3587.72,3.49,0.39,BELOW,11:05,3587.55,2.65,7.03,2.65,-3.68,6.33,True,12:00,3591.24,12:00,3591.24,flip,-3.68,0.30,-3.98,LOSS
2025-09-09,XAUUSD,A,C3C,LONG,3632.22,3635.04,3634.97,0.07,2.76,ABOVE,10:10,3637.21,22.23,1.05,,,,False,,,16:00,3650.64,session,13.44,0.30,13.14,WIN
2025-09-10,XAUUSD,A,C3C,SHORT,3636.57,3633.70,3631.41,2.29,2.87,BELOW,10:10,3630.47,10.33,5.18,10.33,-3.77,14.10,True,12:10,3634.24,16:00,3641.52,session,1.93,0.60,1.33,WIN
2025-09-11,XAUUSD,A,C3C,LONG,3644.36,3645.86,3645.01,0.86,0.65,ABOVE,10:10,3646.68,0.58,2.28,0.58,-2.22,2.80,True,10:30,3644.45,16:00,3626.55,session,15.88,0.60,15.28,WIN
2025-09-17,XAUUSD,A,C3C,LONG,3693.01,3694.48,3693.39,1.09,0.39,ABOVE,10:05,3694.95,0.57,2.39,0.57,-1.74,2.32,True,10:30,3693.20,16:00,3678.32,session,12.79,0.60,12.19,WIN
2025-09-18,XAUUSD,A,C3C,SHORT,3669.78,3669.05,3667.01,2.05,0.73,BELOW,10:05,3663.97,20.03,4.94,,,,False,,,16:00,3644.21,session,19.76,0.30,19.46,WIN
2025-09-19,XAUUSD,A,C3C,LONG,3638.59,3641.90,3640.20,1.70,1.61,ABOVE,11:00,3644.12,7.28,11.74,7.28,-4.13,11.41,True,11:55,3639.99,11:55,3639.99,flip,-4.13,0.30,-4.43,LOSS
2025-09-23,XAUUSD,A,C3C,SHORT,3748.79,3748.42,3747.78,0.64,0.37,BELOW,10:10,3746.82,1.78,2.38,1.78,-2.26,4.04,True,10:25,3749.07,16:00,3753.26,session,2.43,0.60,1.83,WIN
2025-09-26,XAUUSD,A,C3C,LONG,3744.76,3747.22,3744.78,2.44,0.01,ABOVE,10:50,3747.66,5.65,3.85,5.65,-3.79,9.45,True,11:10,3743.86,16:00,3744.24,session,-6.33,0.60,-6.93,LOSS
2025-09-30,XAUUSD,A,C3C,LONG,3830.05,3835.79,3832.97,2.82,2.91,ABOVE,10:10,3838.67,31.87,3.96,,,,False,,,16:00,3868.25,session,29.58,0.30,29.28,WIN
2025-10-01,XAUUSD,A,C3C,LONG,3862.58,3864.60,3863.05,1.55,0.47,ABOVE,10:10,3865.14,0.24,3.87,0.24,-3.87,4.11,True,10:25,3861.26,16:00,3861.91,session,-5.50,0.60,-6.10,LOSS
2025-10-02,XAUUSD,A,C3C,LONG,3862.32,3863.49,3862.49,1.01,0.17,ABOVE,11:20,3864.45,3.16,2.91,3.16,-2.63,5.79,True,12:00,3861.82,12:00,3861.82,flip,-2.63,0.30,-2.93,LOSS
2025-10-03,XAUUSD,A,C3C,SHORT,3862.87,3862.27,3860.32,1.95,0.60,BELOW,10:05,3860.14,22.07,2.68,,,,False,,,16:00,3852.65,session,7.49,0.30,7.19,WIN
2025-10-06,XAUUSD,A,C3C,LONG,3894.26,3918.51,3899.41,19.11,5.15,ABOVE,13:00,3922.18,18.65,3.29,,,,False,,,16:00,3939.68,session,17.51,0.30,17.21,WIN
2025-10-07,XAUUSD,A,C3C,LONG,3961.57,3964.53,3963.55,0.99,1.97,ABOVE,10:15,3966.99,10.41,5.55,10.41,-4.18,14.59,True,11:55,3962.81,16:00,3972.43,session,-17.10,0.60,-17.70,LOSS
2025-10-08,XAUUSD,A,C3C,LONG,3987.53,3990.64,3989.59,1.05,2.07,ABOVE,10:15,3991.93,0.00,3.34,0.00,-2.88,2.88,True,10:25,3989.05,16:00,4026.62,session,-38.97,0.60,-39.57,LOSS
2025-10-09,XAUUSD,A,C3C,SHORT,4022.09,4021.51,4014.14,7.37,0.57,BELOW,10:25,4013.95,12.62,8.51,12.62,-7.86,20.47,True,11:15,4021.80,16:00,4038.07,session,2.98,0.60,2.38,WIN
2025-10-10,XAUUSD,A,C3C,SHORT,3977.20,3975.81,3975.34,0.47,1.39,BELOW,10:05,3975.11,0.55,2.27,0.55,-1.98,2.53,True,10:15,3977.09,16:00,3967.93,session,-16.21,0.60,-16.81,LOSS
2025-10-13,XAUUSD,A,C3C,LONG,4036.67,4050.49,4042.49,8.00,5.82,ABOVE,10:05,4059.84,0.11,19.34,0.11,-18.03,18.13,True,10:30,4041.82,16:00,4061.55,session,-36.82,0.60,-37.42,LOSS
2025-10-14,XAUUSD,A,C3C,LONG,4111.95,4115.22,4115.02,0.20,3.06,ABOVE,10:05,4115.50,1.61,1.68,1.61,-0.65,2.27,True,10:10,4114.85,16:00,4169.50,session,-56.30,0.60,-56.90,LOSS
2025-10-15,XAUUSD,A,C3C,SHORT,4161.02,4158.73,4158.47,0.26,2.30,BELOW,11:25,4156.14,1.03,9.19,1.03,-8.51,9.53,True,11:35,4164.65,16:00,4179.31,session,3.49,0.60,2.89,WIN
2025-10-17,XAUUSD,A,C3C,SHORT,4357.89,4349.93,4346.97,2.96,7.96,BELOW,12:15,4337.00,58.32,15.47,58.32,-15.23,73.55,True,14:05,4352.23,16:00,4368.76,session,-5.24,0.60,-5.84,LOSS
2025-10-20,XAUUSD,A,C3C,SHORT,4262.23,4255.99,4254.83,1.16,6.24,BELOW,10:05,4252.59,33.48,12.39,33.48,-10.35,43.82,True,12:25,4262.94,16:00,4265.10,session,-11.52,0.60,-12.12,LOSS
2025-10-22,XAUUSD,A,C3C,SHORT,4124.93,4123.50,4119.80,3.70,1.43,BELOW,10:10,4117.15,2.63,10.17,2.63,-6.73,9.36,True,10:25,4123.88,16:00,4133.36,session,0.15,0.60,-0.45,LOSS
2025-10-27,XAUUSD,A,C3C,LONG,4078.47,4083.22,4081.91,1.31,3.44,ABOVE,10:05,4085.41,1.65,6.96,1.65,-4.91,6.55,True,10:20,4080.50,16:00,4072.28,session,-2.46,0.60,-3.06,LOSS
2025-10-28,XAUUSD,A,C3C,SHORT,3990.21,3990.09,3987.18,2.92,0.12,BELOW,10:05,3985.70,2.45,7.41,2.45,-6.41,8.86,True,10:15,3992.11,16:00,3973.37,session,-27.52,0.60,-28.12,LOSS
2025-10-30,XAUUSD,A,C3C,SHORT,3946.38,3942.84,3941.46,1.38,3.54,BELOW,13:00,3937.55,22.03,6.28,22.03,-5.89,27.93,True,15:10,3943.45,16:00,3971.40,session,16.58,0.60,15.98,WIN
2025-10-31,XAUUSD,A,C3C,LONG,4028.78,4037.72,4032.20,5.53,3.42,ABOVE,10:45,4040.51,2.74,11.58,2.74,-8.95,11.69,True,11:05,4031.56,16:00,4000.71,session,17.86,0.60,17.26,WIN
2026-03-10,XAUUSD,A,C3C,LONG,5142.04,5152.90,5142.65,10.26,0.61,ABOVE,10:15,5154.59,1.09,18.41,1.09,-17.16,18.25,True,10:40,5137.43,16:00,5168.64,session,-51.52,0.60,-52.12,LOSS
2026-03-12,XAUUSD,A,C3C,SHORT,5168.32,5147.68,5138.59,9.09,20.64,BELOW,10:55,5134.60,8.95,14.57,8.95,-14.48,23.43,True,11:20,5149.08,16:00,5145.12,session,-22.09,0.60,-22.69,LOSS
2026-03-13,XAUUSD,A,C3C,LONG,5088.42,5096.10,5093.23,2.87,4.81,ABOVE,10:20,5096.73,31.75,4.60,,,,False,,,16:00,5104.38,session,7.65,0.30,7.35,WIN
2026-03-16,XAUUSD,A,C3C,LONG,5020.97,5024.46,5021.85,2.61,0.88,ABOVE,11:30,5030.37,0.00,18.68,0.00,-12.93,12.93,True,12:00,5017.44,16:00,5013.93,session,-40.47,0.60,-41.07,LOSS
2026-03-17,XAUUSD,A,C3C,SHORT,5005.76,5005.59,5002.43,3.16,0.16,BELOW,11:30,5002.31,7.10,7.05,7.10,-6.97,14.06,True,12:05,5009.28,16:00,5035.57,session,18.27,0.60,17.67,WIN
2026-03-20,XAUUSD,A,C3C,SHORT,4645.99,4644.15,4636.48,7.67,1.84,BELOW,10:40,4635.86,0.23,9.31,0.23,-8.90,9.12,True,10:45,4644.76,16:00,4712.33,session,56.84,0.60,56.24,WIN
2026-03-23,XAUUSD,A,C3C,SHORT,4506.35,4499.27,4498.59,0.68,7.08,BELOW,10:05,4495.03,175.08,4.69,,,,False,,,16:00,4372.78,session,122.25,0.30,121.95,WIN
2026-03-24,XAUUSD,A,C3C,LONG,4412.40,4426.83,4426.36,0.47,13.96,ABOVE,10:05,4432.77,15.45,12.43,15.45,-10.75,26.20,True,11:10,4422.02,16:00,4328.04,session,73.01,0.60,72.41,WIN
2026-03-26,XAUUSD,A,C3C,SHORT,4518.37,4517.93,4504.42,13.51,0.44,BELOW,10:20,4503.36,14.28,24.47,14.28,-24.47,38.76,True,11:10,4527.83,16:00,4518.47,session,-33.60,0.60,-34.20,LOSS
2026-03-31,XAUUSD,A,C3C,SHORT,4512.37,4510.50,4502.80,7.70,1.87,BELOW,10:05,4495.35,2.53,20.26,2.53,-16.13,18.66,True,10:35,4511.48,16:00,4569.26,session,34.19,0.60,33.59,WIN
2026-04-01,XAUUSD,A,C3C,LONG,4671.27,4681.23,4677.03,4.20,5.76,ABOVE,10:25,4682.22,42.15,6.56,42.15,-5.28,47.43,True,15:00,4676.94,16:00,4676.09,session,-6.33,0.60,-6.93,LOSS
2026-04-02,XAUUSD,A,C3C,SHORT,4780.38,4778.79,4776.90,1.89,1.59,BELOW,12:00,4743.60,94.12,21.45,,,,False,,,16:00,4672.63,session,70.97,0.30,70.67,WIN
2026-04-09,XAUUSD,A,C3C,SHORT,4717.78,4715.88,4705.78,10.10,1.90,BELOW,10:05,4700.86,1.68,17.70,1.68,-17.61,19.29,True,10:40,4718.48,16:00,4721.77,session,-11.79,0.60,-12.39,LOSS
2026-04-13,XAUUSD,A,C3C,LONG,4660.18,4671.87,4668.49,3.38,8.31,ABOVE,10:10,4672.47,58.34,3.31,,,,False,,,16:00,4726.26,session,53.80,0.30,53.50,WIN
2026-04-15,XAUUSD,A,C3C,SHORT,4841.73,4838.40,4837.38,1.03,3.32,BELOW,10:05,4834.86,7.57,6.05,7.57,-5.89,13.46,True,11:05,4840.74,16:00,4821.26,session,-34.94,0.60,-35.54,LOSS
2026-04-17,XAUUSD,A,C3C,SHORT,4794.14,4791.63,4788.39,3.24,2.51,BELOW,11:05,4783.69,15.85,8.89,15.85,-8.28,24.13,True,12:00,4791.98,16:00,4793.61,session,-4.90,0.60,-5.50,LOSS
2026-04-20,XAUUSD,A,C3C,LONG,4744.02,4755.28,4749.81,5.47,5.79,ABOVE,10:15,4758.36,56.10,1.49,,,,False,,,16:00,4790.71,session,32.35,0.30,32.05,WIN
2026-04-21,XAUUSD,A,C3C,LONG,4821.12,4824.62,4822.45,2.18,1.32,ABOVE,10:05,4828.48,2.38,8.70,2.38,-8.35,10.73,True,10:25,4820.12,16:00,4782.82,session,26.98,0.60,26.38,WIN
2026-04-22,XAUUSD,A,C3C,LONG,4738.14,4743.28,4738.40,4.88,0.26,ABOVE,10:05,4744.44,27.55,8.55,,,,False,,,16:00,4759.26,session,14.81,0.30,14.51,WIN
2026-04-23,XAUUSD,A,C3C,SHORT,4728.12,4728.04,4721.46,6.58,0.09,BELOW,10:05,4715.50,21.36,26.81,21.36,-25.90,47.26,True,10:25,4741.40,16:00,4714.82,session,-57.98,0.60,-58.58,LOSS
2026-04-24,XAUUSD,A,C3C,SHORT,4696.72,4696.12,4691.84,4.28,0.60,BELOW,11:40,4690.93,0.61,6.37,0.61,-6.34,6.95,True,11:45,4697.27,16:00,4683.48,session,-22.26,0.60,-22.86,LOSS
2026-04-27,XAUUSD,A,C3C,SHORT,4680.88,4680.45,4678.90,1.55,0.43,BELOW,10:05,4675.74,0.00,6.76,0.00,-5.16,5.16,True,10:25,4680.91,16:00,4711.28,session,23.52,0.60,22.92,WIN
2026-04-29,XAUUSD,A,C3C,LONG,4589.43,4606.59,4595.11,11.48,5.68,ABOVE,10:05,4608.43,1.94,28.25,1.94,-26.05,27.98,True,11:00,4582.39,16:00,4597.10,session,-41.86,0.60,-42.46,LOSS
2026-04-30,XAUUSD,A,C3C,LONG,4558.00,4561.73,4559.25,2.48,1.25,ABOVE,10:05,4562.07,1.10,4.25,1.10,-4.09,5.18,True,10:10,4557.99,16:00,4562.06,session,-4.37,0.60,-4.97,LOSS
2026-05-01,XAUUSD,A,C3C,SHORT,4631.59,4628.10,4626.90,1.20,3.49,BELOW,10:10,4622.71,8.51,11.99,8.51,-8.12,16.64,True,12:10,4630.84,16:00,4605.51,session,-36.16,0.60,-36.76,LOSS
2026-05-04,XAUUSD,A,C3C,SHORT,4614.57,4613.97,4608.76,5.21,0.60,BELOW,10:15,4607.82,16.54,10.99,16.54,-7.49,24.03,True,13:55,4615.31,13:55,4615.31,flip,-7.49,0.30,-7.79,LOSS
2026-05-08,XAUUSD,A,C3C,LONG,4700.99,4705.08,4703.33,1.75,2.34,ABOVE,10:05,4707.80,1.81,6.12,1.81,-4.93,6.74,True,10:10,4702.87,16:00,4728.36,session,-37.86,0.60,-38.46,LOSS
2026-05-11,XAUUSD,A,C3C,SHORT,4698.44,4691.84,4687.49,4.35,6.60,BELOW,10:05,4686.12,10.11,7.23,10.11,-6.90,17.01,True,10:30,4693.03,16:00,4659.81,session,-37.97,0.60,-38.57,LOSS
2026-05-12,XAUUSD,A,C3C,LONG,4760.11,4767.51,4764.78,2.73,4.67,ABOVE,10:05,4768.32,5.24,15.06,5.24,-8.36,13.60,True,10:20,4759.96,16:00,4707.04,session,37.72,0.60,37.12,WIN
2026-05-15,XAUUSD,A,C3C,SHORT,4654.60,4652.24,4649.57,2.67,2.36,BELOW,10:20,4644.84,88.31,0.03,,,,False,,,16:00,4563.88,session,80.96,0.30,80.66,WIN
2026-05-18,XAUUSD,A,C3C,SHORT,4538.22,4537.70,4531.07,6.63,0.52,BELOW,10:05,4523.84,43.24,16.84,43.24,-14.60,57.83,True,12:35,4538.44,16:00,4535.48,session,-15.43,0.60,-16.03,LOSS
2026-05-19,XAUUSD,A,C3C,SHORT,4583.27,4582.30,4579.24,3.06,0.98,BELOW,10:10,4578.95,47.65,6.93,,,,False,,,16:00,4539.48,session,39.47,0.30,39.17,WIN
2026-05-20,XAUUSD,A,C3C,SHORT,4493.62,4489.23,4486.23,3.00,4.39,BELOW,10:05,4484.35,2.70,7.27,2.70,-7.10,9.81,True,10:20,4491.45,16:00,4473.02,session,-36.08,0.60,-36.68,LOSS
2026-05-25,XAUUSD,A,C3C,SHORT,4577.05,4568.98,4567.30,1.68,8.07,BELOW,11:05,4562.15,0.30,11.14,0.30,-9.53,9.84,True,11:20,4571.69,16:00,4553.15,session,-29.86,0.60,-30.46,LOSS
2026-05-27,XAUUSD,A,C3C,SHORT,4521.24,4521.03,4519.39,1.64,0.21,BELOW,10:20,4516.35,24.44,5.89,,,,False,,,16:00,4495.06,session,21.29,0.30,20.99,WIN
2026-05-29,XAUUSD,A,C3C,LONG,4490.48,4495.02,4494.76,0.27,4.28,ABOVE,10:10,4497.71,2.97,4.27,2.97,-3.34,6.31,True,10:35,4494.37,16:00,4519.11,session,-21.41,0.60,-22.01,LOSS
2026-06-02,XAUUSD,A,C3C,LONG,4480.94,4484.68,4484.49,0.19,3.56,ABOVE,10:15,4485.38,11.76,4.54,11.76,-3.91,15.66,True,10:45,4481.47,16:00,4520.76,session,-42.69,0.60,-43.29,LOSS
2026-06-03,XAUUSD,A,C3C,LONG,4471.72,4478.80,4474.40,4.39,2.68,ABOVE,10:20,4479.04,17.85,5.47,17.85,-5.18,23.03,True,11:00,4473.86,16:00,4467.08,session,2.18,0.60,1.58,WIN
2026-06-05,XAUUSD,A,C3C,SHORT,4464.32,4462.55,4461.27,1.28,1.77,BELOW,10:10,4455.54,4.73,11.48,4.73,-8.78,13.51,True,10:35,4464.32,16:00,4437.66,session,-35.61,0.60,-36.21,LOSS
2026-06-08,XAUUSD,A,C3C,LONG,4342.26,4345.49,4343.13,2.36,0.88,ABOVE,10:05,4345.71,7.68,5.61,7.68,-3.01,10.68,True,10:45,4342.70,16:00,4303.82,session,32.51,0.60,31.91,WIN
2026-06-09,XAUUSD,A,C3C,LONG,4314.18,4317.94,4317.43,0.51,3.24,ABOVE,10:05,4318.61,5.11,1.89,5.11,-1.77,6.88,True,10:25,4316.85,16:00,4344.61,session,-27.25,0.60,-27.85,LOSS
2026-06-10,XAUUSD,A,C3C,LONG,4213.26,4221.75,4220.14,1.61,6.88,ABOVE,10:05,4225.39,2.67,9.19,2.67,-7.82,10.49,True,10:25,4217.57,16:00,4210.85,session,-12.27,0.60,-12.87,LOSS
2026-06-11,XAUUSD,A,C3C,SHORT,4049.63,4048.04,4043.34,4.70,1.59,BELOW,10:05,4042.78,7.28,12.63,7.28,-8.91,16.19,True,10:10,4051.69,16:00,4088.82,session,15.35,0.60,14.75,WIN
2026-06-15,XAUUSD,A,C3C,LONG,4293.86,4294.31,4293.95,0.36,0.09,ABOVE,10:05,4296.52,11.49,5.13,11.49,-4.31,15.80,True,10:55,4292.21,16:00,4311.78,session,-24.79,0.60,-25.39,LOSS
2026-06-16,XAUUSD,A,C3C,SHORT,4316.94,4315.37,4315.22,0.15,1.57,BELOW,10:10,4313.37,6.77,7.13,6.77,-5.52,12.29,True,10:55,4318.89,16:00,4317.09,session,-10.23,0.60,-10.83,LOSS
2026-06-18,XAUUSD,A,C3C,LONG,4273.33,4291.90,4277.87,14.03,4.54,ABOVE,10:05,4292.86,36.71,0.81,,,,False,,,16:00,4307.01,session,14.15,0.30,13.85,WIN
2026-06-22,XAUUSD,A,C3C,LONG,4137.18,4146.70,4140.26,6.44,3.08,ABOVE,10:05,4148.46,72.28,1.46,,,,False,,,16:00,4191.26,session,42.80,0.30,42.50,WIN
2026-06-23,XAUUSD,A,C3C,SHORT,4190.48,4188.98,4187.32,1.66,1.50,BELOW,10:05,4184.05,5.97,9.20,5.97,-8.31,14.28,True,10:40,4192.36,16:00,4122.78,session,-76.42,0.60,-77.02,LOSS
2026-06-24,XAUUSD,A,C3C,LONG,4095.26,4102.11,4099.23,2.88,3.97,ABOVE,10:05,4109.81,1.31,13.91,1.31,-13.90,15.21,True,10:20,4095.91,16:00,4077.52,session,8.02,0.60,7.42,WIN
2026-06-25,XAUUSD,A,C3C,LONG,4010.60,4013.05,4013.04,0.01,2.44,ABOVE,10:05,4014.72,1.33,11.20,1.33,-9.63,10.96,True,10:10,4005.09,16:00,3986.53,session,6.10,0.60,5.50,WIN
2026-06-26,XAUUSD,A,C3C,SHORT,4017.53,4014.22,4012.06,2.16,3.31,BELOW,12:15,4008.88,26.27,6.17,26.27,-6.17,32.44,True,15:10,4015.05,16:00,4007.58,session,-13.02,0.60,-13.62,LOSS
2026-06-29,XAUUSD,A,C3C,LONG,4061.51,4062.84,4062.08,0.76,0.57,ABOVE,10:40,4069.12,5.30,10.96,5.30,-7.57,12.87,True,11:05,4061.55,16:00,4058.45,session,-11.22,0.60,-11.82,LOSS
2026-06-30,XAUUSD,A,C3C,SHORT,4016.53,4014.07,4008.32,5.75,2.46,BELOW,10:05,4004.48,62.15,9.15,,,,False,,,16:00,3984.22,session,20.26,0.30,19.96,WIN
2026-07-01,XAUUSD,A,C3C,SHORT,4007.16,4006.81,4005.83,0.98,0.35,BELOW,10:15,4002.15,32.35,4.42,,,,False,,,16:00,3974.54,session,27.61,0.30,27.31,WIN
2026-07-07,XAUUSD,A,C3C,SHORT,4163.27,4156.94,4156.07,0.87,6.33,BELOW,10:10,4155.70,3.92,4.69,3.92,-2.78,6.70,True,10:20,4158.48,16:00,4126.38,session,-32.88,0.60,-33.48,LOSS
2026-07-09,XAUUSD,A,C3C,LONG,4072.66,4080.31,4075.92,4.39,3.26,ABOVE,10:10,4087.25,2.47,17.23,2.47,-16.57,19.04,True,10:50,4070.68,16:00,4092.42,session,-41.72,0.60,-42.32,LOSS
2026-07-10,XAUUSD,A,C3C,SHORT,4124.00,4123.61,4123.17,0.44,0.39,BELOW,10:05,4122.57,8.41,3.07,8.41,-1.66,10.07,True,10:45,4124.23,16:00,4117.27,session,-7.13,0.60,-7.73,LOSS
2026-07-13,XAUUSD,A,C3C,LONG,4078.54,4084.86,4083.72,1.14,5.18,ABOVE,10:05,4088.42,2.45,8.47,2.45,-6.09,8.54,True,10:15,4082.33,16:00,4050.72,session,17.84,0.60,17.24,WIN
2026-07-15,XAUUSD,A,C3C,LONG,4052.72,4054.86,4053.31,1.55,0.59,ABOVE,10:20,4055.29,6.51,8.19,6.51,-4.49,11.00,True,11:30,4050.80,16:00,4030.88,session,10.72,0.60,10.12,WIN
2026-07-16,XAUUSD,A,C3C,SHORT,4058.38,4058.04,4057.54,0.50,0.34,BELOW,10:05,4055.15,0.56,5.07,0.56,-3.27,3.83,True,10:20,4058.42,16:00,4030.86,session,-32.90,0.60,-33.50,LOSS
2026-07-17,XAUUSD,A,C3C,LONG,3978.25,3985.96,3984.68,1.28,6.43,ABOVE,10:15,3987.80,2.37,7.28,2.37,-6.55,8.92,True,10:30,3981.25,16:00,3991.81,session,-18.32,0.60,-18.92,LOSS
2026-07-22,XAUUSD,A,C3C,LONG,4080.68,4082.46,4080.73,1.73,0.05,ABOVE,10:05,4087.86,53.66,0.54,,,,False,,,16:00,4133.99,session,46.13,0.30,45.83,WIN
2026-07-23,XAUUSD,A,C3C,LONG,4129.37,4133.98,4130.46,3.52,1.09,ABOVE,11:10,4134.12,7.03,11.53,7.03,-11.36,18.39,True,11:35,4122.76,16:00,4123.80,session,-13.52,0.60,-14.12,LOSS
2026-07-24,XAUUSD,A,C3C,SHORT,4048.48,4047.20,4047.13,0.07,1.28,BELOW,10:05,4045.43,4.35,4.46,4.35,-3.13,7.48,True,10:35,4048.56,16:00,4025.03,session,-27.13,0.60,-27.73,LOSS
2026-07-30,XAUUSD,A,C3C,SHORT,4090.98,4084.36,4080.41,3.95,6.62,BELOW,10:15,4077.15,12.41,12.27,12.41,-11.74,24.15,True,11:00,4088.89,16:00,4038.01,session,-59.72,0.60,-60.32,LOSS
2026-07-31,XAUUSD,A,C3C,SHORT,4108.32,4105.98,4104.58,1.40,2.34,BELOW,10:05,4102.75,30.94,0.94,,,,False,,,16:00,4077.87,session,24.88,0.30,24.58,WIN
2026-08-04,XAUUSD,A,C3C,LONG,4051.62,4059.45,4053.37,6.08,1.75,ABOVE,10:05,4067.17,1.73,18.88,1.73,-17.95,19.68,True,10:55,4049.22,16:00,4064.02,session,-35.32,0.60,-35.92,LOSS
2026-08-05,XAUUSD,A,C3C,LONG,4071.57,4073.04,4072.68,0.36,1.11,ABOVE,10:15,4074.68,98.05,1.02,,,,False,,,16:00,4162.08,session,87.40,0.30,87.10,WIN
2026-08-07,XAUUSD,A,C3C,LONG,4248.29,4251.85,4249.45,2.40,1.16,ABOVE,11:40,4256.56,26.27,9.74,,,,False,,,16:00,4282.30,session,25.74,0.30,25.44,WIN
2026-08-10,XAUUSD,A,C3C,SHORT,4341.77,4340.29,4332.78,7.51,1.48,BELOW,10:55,4332.00,18.86,9.59,18.86,-9.05,27.91,True,15:35,4341.05,16:00,4342.37,session,-10.17,0.60,-10.77,LOSS
2026-08-11,XAUUSD,A,C3C,LONG,4397.54,4404.11,4402.48,1.63,4.94,ABOVE,10:05,4406.14,13.02,12.77,13.02,-5.97,18.99,True,11:00,4400.17,16:00,4379.37,session,6.68,0.60,6.08,WIN
2026-08-12,XAUUSD,A,C3C,LONG,4368.54,4371.40,4368.56,2.84,0.02,ABOVE,10:10,4377.76,38.27,3.92,,,,False,,,16:00,4388.00,session,10.24,0.30,9.94,WIN
2026-08-13,XAUUSD,A,C3C,LONG,4408.39,4415.99,4414.44,1.55,6.05,ABOVE,10:05,4420.74,28.75,10.51,28.75,-8.24,36.99,True,11:45,4412.50,16:00,4377.79,session,29.22,0.60,28.62,WIN
2026-08-14,XAUUSD,A,C3C,SHORT,4361.43,4359.80,4356.04,3.76,1.63,BELOW,10:10,4351.81,40.99,0.02,,,,False,,,16:00,4335.69,session,16.12,0.30,15.82,WIN
2022-08-18,XAUUSD,A,C1D,LONG,1764.85,1765.66,1764.99,0.67,0.14,ABOVE,10:05,1765.80,0.06,1.07,0.06,-0.82,0.88,True,10:10,1764.98,16:00,1762.59,session,-5.05,0.90,-5.95,LOSS
2022-08-19,XAUUSD,A,C1D,SHORT,1758.59,1758.42,1758.10,0.32,0.17,BELOW,10:05,1756.74,4.92,1.06,,,,False,,,16:00,1755.15,session,1.59,0.30,1.29,WIN
2022-08-22,XAUUSD,A,C1D,SHORT,1746.26,1745.74,1745.58,0.16,0.51,BELOW,10:20,1745.40,0.38,0.66,0.38,-0.57,0.95,True,10:30,1745.97,16:00,1742.46,session,1.87,0.90,0.97,WIN
2022-08-24,XAUUSD,A,C1D,LONG,1745.85,1747.20,1746.09,1.12,0.24,ABOVE,10:05,1747.71,0.11,1.72,0.11,-1.65,1.75,True,10:20,1746.07,16:00,1745.49,session,-4.52,0.90,-5.42,LOSS
2022-08-29,XAUUSD,A,C1D,SHORT,1734.94,1734.90,1734.74,0.16,0.04,BELOW,10:05,1734.70,0.16,0.85,0.16,-0.36,0.53,True,10:10,1735.07,16:00,1722.87,session,10.40,0.90,9.50,WIN
2022-08-30,XAUUSD,A,C1D,LONG,1738.64,1739.78,1739.62,0.16,0.97,ABOVE,10:05,1739.95,0.25,0.56,0.25,-0.45,0.70,True,10:10,1739.50,16:00,1734.75,session,-6.38,0.90,-7.28,LOSS
2022-09-07,XAUUSD,A,C1D,SHORT,1703.67,1703.63,1702.77,0.87,0.04,BELOW,10:10,1702.49,11.03,0.00,,,,False,,,16:00,1694.62,session,7.87,0.30,7.57,WIN
2022-09-14,XAUUSD,A,C1D,SHORT,1702.77,1702.27,1701.67,0.60,0.50,BELOW,10:15,1701.39,4.07,1.22,4.07,-0.97,5.03,True,12:10,1702.36,16:00,1701.49,session,-2.18,0.90,-3.08,LOSS
2022-09-15,XAUUSD,A,C1D,SHORT,1698.05,1697.62,1696.98,0.64,0.43,BELOW,10:05,1696.85,0.62,1.03,0.62,-0.98,1.60,True,10:25,1697.83,16:00,1689.77,session,4.94,0.90,4.04,WIN
2022-09-19,XAUUSD,A,C1D,SHORT,1679.20,1677.99,1677.86,0.13,1.21,BELOW,10:15,1677.49,0.22,0.97,0.22,-0.89,1.11,True,10:20,1678.38,16:00,1666.36,session,9.33,0.90,8.43,WIN
2022-09-20,XAUUSD,A,C1D,LONG,1675.04,1678.46,1675.82,2.65,0.78,ABOVE,10:05,1679.40,0.00,4.27,0.00,-4.22,4.22,True,11:00,1675.18,16:00,1670.86,session,0.11,0.60,-0.49,LOSS
2022-09-23,XAUUSD,A,C1D,LONG,1672.28,1673.42,1672.83,0.60,0.55,ABOVE,10:35,1673.56,2.36,1.37,2.36,-0.97,3.33,True,11:30,1672.59,16:00,1672.75,session,-1.13,0.60,-1.73,LOSS
2022-09-26,XAUUSD,A,C1D,LONG,1642.96,1645.35,1644.12,1.22,1.16,ABOVE,10:05,1645.37,0.24,1.30,0.24,-1.26,1.50,True,10:10,1644.11,16:00,1639.53,session,3.32,0.60,2.72,WIN
2022-09-27,XAUUSD,A,C1D,LONG,1626.84,1628.52,1627.66,0.86,0.82,ABOVE,10:05,1629.54,6.89,0.93,,,,False,,,16:00,1635.63,session,6.10,0.30,5.80,WIN
2022-09-28,XAUUSD,A,C1D,LONG,1628.95,1629.46,1628.99,0.47,0.04,ABOVE,10:10,1629.79,0.87,0.88,0.87,-0.88,1.74,True,10:25,1628.91,16:00,1624.01,session,4.03,0.60,3.43,WIN
2022-09-29,XAUUSD,A,C1D,SHORT,1656.88,1656.23,1655.82,0.41,0.65,BELOW,10:05,1655.41,2.47,2.03,2.47,-1.88,4.36,True,11:05,1657.30,16:00,1645.32,session,6.90,0.90,6.00,WIN
2022-09-30,XAUUSD,A,C1D,LONG,1663.72,1664.65,1663.78,0.87,0.06,ABOVE,10:55,1664.77,0.15,1.59,0.15,-1.55,1.71,True,11:00,1663.21,16:00,1668.20,session,0.05,0.90,-0.85,LOSS
2022-10-04,XAUUSD,A,C1D,SHORT,1701.30,1701.11,1700.48,0.62,0.19,BELOW,11:00,1700.27,5.03,1.19,5.03,-0.93,5.96,True,15:35,1701.20,16:00,1699.68,session,-1.39,0.90,-2.29,LOSS
2022-10-05,XAUUSD,A,C1D,SHORT,1725.58,1725.24,1725.21,0.03,0.33,BELOW,10:10,1725.06,1.28,0.59,1.28,-0.57,1.85,True,10:55,1725.62,16:00,1719.97,session,2.41,0.90,1.51,WIN
2022-10-07,XAUUSD,A,C1D,LONG,1711.39,1712.81,1711.94,0.86,0.55,ABOVE,11:50,1712.95,0.22,1.83,0.22,-1.83,2.06,True,11:55,1711.12,16:00,1710.70,session,-1.41,0.60,-2.01,LOSS
2022-10-10,XAUUSD,A,C1D,SHORT,1698.76,1697.74,1697.52,0.23,1.01,BELOW,10:25,1697.49,12.27,0.05,,,,False,,,16:00,1687.03,session,10.46,0.30,10.16,WIN
2022-10-11,XAUUSD,A,C1D,LONG,1668.33,1669.23,1669.05,0.18,0.72,ABOVE,10:05,1669.55,0.77,0.83,0.77,-0.79,1.56,True,11:00,1668.76,16:00,1663.42,session,-7.09,0.90,-7.99,LOSS
2022-10-12,XAUUSD,A,C1D,SHORT,1666.45,1666.25,1665.96,0.29,0.20,BELOW,10:05,1665.84,4.06,1.12,4.06,-0.44,4.50,True,12:20,1666.28,16:00,1667.58,session,-4.50,0.90,-5.40,LOSS
2022-10-13,XAUUSD,A,C1D,SHORT,1673.87,1673.79,1673.62,0.16,0.08,BELOW,11:10,1673.23,0.18,1.41,0.18,-1.20,1.38,True,11:25,1674.43,16:00,1669.69,session,0.85,0.90,-0.05,LOSS
2022-10-14,XAUUSD,A,C1D,SHORT,1665.80,1665.65,1665.14,0.51,0.14,BELOW,10:05,1664.83,5.80,2.13,5.80,-2.13,7.93,True,12:45,1666.96,16:00,1667.96,session,-1.13,0.60,-1.73,LOSS
2022-10-18,XAUUSD,A,C1D,LONG,1649.96,1650.66,1650.30,0.37,0.34,ABOVE,10:25,1650.88,2.71,0.98,2.71,-0.69,3.41,True,13:05,1650.19,16:00,1659.99,session,7.93,0.90,7.03,WIN
2022-10-19,XAUUSD,A,C1D,LONG,1652.44,1653.58,1652.65,0.93,0.21,ABOVE,10:05,1653.83,0.64,1.77,0.64,-1.77,2.42,True,10:50,1652.06,16:00,1645.61,session,4.67,0.60,4.07,WIN
2022-10-20,XAUUSD,A,C1D,SHORT,1628.20,1628.05,1627.77,0.28,0.15,BELOW,10:25,1627.69,1.66,0.83,1.66,-0.60,2.26,True,11:10,1628.30,16:00,1632.20,session,-6.24,0.90,-7.14,LOSS
2022-10-24,XAUUSD,A,C1D,SHORT,1660.45,1659.27,1657.66,1.60,1.18,BELOW,10:20,1657.66,0.96,5.93,0.96,-5.45,6.41,True,10:35,1663.11,16:00,1658.38,session,-13.14,0.90,-14.04,LOSS
2022-10-25,XAUUSD,A,C1D,LONG,1651.36,1651.84,1651.56,0.28,0.20,ABOVE,10:05,1652.05,1.36,0.89,1.36,-0.68,2.04,True,11:00,1651.37,16:00,1650.24,session,-4.69,0.90,-5.59,LOSS
2022-10-31,XAUUSD,A,C1D,LONG,1644.31,1644.64,1644.35,0.30,0.04,ABOVE,10:10,1644.83,0.60,1.05,0.60,-0.84,1.43,True,10:40,1643.99,16:00,1644.24,session,-2.28,0.90,-3.18,LOSS
2022-11-01,XAUUSD,A,C1D,SHORT,1633.25,1633.06,1632.68,0.37,0.19,BELOW,10:30,1632.41,1.62,1.94,1.62,-1.68,3.30,True,11:30,1634.10,16:00,1638.22,session,2.44,0.60,1.84,WIN
2022-11-02,XAUUSD,A,C1D,LONG,1646.51,1646.98,1646.88,0.10,0.38,ABOVE,10:05,1647.85,0.43,1.45,0.43,-1.31,1.74,True,10:50,1646.54,16:00,1650.87,session,1.64,0.90,0.74,WIN
2022-11-04,XAUUSD,A,C1D,LONG,1630.19,1630.38,1630.35,0.04,0.15,ABOVE,11:00,1631.21,0.96,1.06,0.96,-1.03,1.99,True,12:20,1630.18,16:00,1647.18,session,14.12,0.90,13.22,WIN
2023-03-13,XAUUSD,A,C1D,LONG,1880.20,1886.24,1884.41,1.83,4.20,ABOVE,10:05,1888.51,0.94,4.92,0.94,-4.85,5.79,True,10:20,1883.66,16:00,1880.94,session,-14.03,0.90,-14.93,LOSS
2023-03-14,XAUUSD,A,C1D,SHORT,1910.57,1910.42,1910.19,0.23,0.14,BELOW,12:05,1910.11,0.67,1.24,0.67,-0.69,1.37,True,12:15,1910.80,16:00,1903.72,session,4.45,0.90,3.55,WIN
2023-03-15,XAUUSD,A,C1D,LONG,1904.15,1904.59,1904.37,0.22,0.21,ABOVE,10:05,1904.68,0.00,0.49,0.00,-0.38,0.38,True,10:10,1904.31,16:00,1901.72,session,-3.94,0.90,-4.84,LOSS
2023-03-16,XAUUSD,A,C1D,LONG,1919.49,1920.98,1920.46,0.52,0.97,ABOVE,10:05,1921.64,2.81,1.93,2.81,-1.92,4.73,True,11:45,1919.72,16:00,1913.13,session,4.67,0.60,4.07,WIN
2023-03-17,XAUUSD,A,C1D,LONG,1919.43,1920.11,1920.07,0.04,0.63,ABOVE,10:05,1920.18,0.05,0.35,0.05,-0.27,0.32,True,10:10,1919.91,16:00,1930.95,session,10.06,0.90,9.16,WIN
2023-03-20,XAUUSD,A,C1D,LONG,1976.98,1978.17,1977.45,0.72,0.47,ABOVE,10:10,1978.87,0.80,1.98,0.80,-1.89,2.69,True,10:30,1976.97,16:00,1975.36,session,-6.05,0.90,-6.95,LOSS
2023-03-22,XAUUSD,A,C1D,LONG,1941.11,1941.62,1941.31,0.32,0.20,ABOVE,10:05,1942.33,3.98,2.10,3.98,-1.30,5.28,True,13:05,1941.03,16:00,1939.46,session,-5.24,0.90,-6.14,LOSS
2023-03-24,XAUUSD,A,C1D,LONG,1990.66,1992.08,1991.98,0.09,1.32,ABOVE,10:05,1992.57,0.64,1.48,0.64,-1.40,2.04,True,10:30,1991.16,16:00,1992.45,session,-2.63,0.90,-3.53,LOSS
2023-03-27,XAUUSD,A,C1D,LONG,1972.66,1974.68,1973.96,0.72,1.30,ABOVE,10:05,1974.78,2.04,2.14,2.04,-0.95,2.99,True,11:30,1973.83,16:00,1972.62,session,-4.34,0.90,-5.24,LOSS
2023-03-30,XAUUSD,A,C1D,SHORT,1964.55,1964.39,1963.78,0.62,0.15,BELOW,10:05,1963.54,8.13,0.56,,,,False,,,16:00,1961.23,session,2.31,0.30,2.01,WIN
2023-03-31,XAUUSD,A,C1D,SHORT,1979.91,1979.70,1979.16,0.54,0.21,BELOW,10:15,1979.13,0.37,0.79,0.37,-0.72,1.09,True,10:35,1979.86,16:00,1980.81,session,-4.53,0.90,-5.43,LOSS
2023-04-04,XAUUSD,A,C1D,SHORT,1985.55,1985.12,1984.47,0.65,0.42,BELOW,10:05,1984.18,6.29,0.81,,,,False,,,16:00,1979.39,session,4.79,0.30,4.49,WIN
2023-04-05,XAUUSD,A,C1D,SHORT,2022.64,2022.03,2021.97,0.06,0.61,BELOW,10:05,2021.62,0.45,0.80,0.45,-0.46,0.91,True,10:20,2022.08,16:00,2024.56,session,-4.23,0.90,-5.13,LOSS
2023-04-11,XAUUSD,A,C1D,LONG,1991.68,1993.21,1992.41,0.80,0.73,ABOVE,10:05,1993.64,1.81,1.45,1.81,-1.26,3.07,True,11:00,1992.38,16:00,1999.15,session,0.63,0.90,-0.27,LOSS
2023-04-12,XAUUSD,A,C1D,LONG,2004.72,2004.81,2004.80,0.01,0.08,ABOVE,10:10,2005.11,0.21,0.85,0.21,-0.55,0.76,True,10:20,2004.56,16:00,2018.62,session,12.40,0.90,11.50,WIN
2023-04-13,XAUUSD,A,C1D,LONG,2017.59,2018.66,2018.20,0.46,0.62,ABOVE,10:30,2018.98,0.67,1.22,0.67,-1.01,1.68,True,10:55,2017.97,16:00,2016.80,session,-4.01,0.90,-4.91,LOSS
2023-04-19,XAUUSD,A,C1D,LONG,2005.22,2005.92,2005.83,0.10,0.61,ABOVE,10:05,2006.42,0.40,0.71,0.40,-0.61,1.01,True,10:20,2005.82,16:00,2000.69,session,-6.19,0.90,-7.09,LOSS
2023-04-20,XAUUSD,A,C1D,SHORT,1994.24,1993.89,1993.87,0.03,0.35,BELOW,11:05,1993.78,0.45,0.85,0.45,-0.53,0.98,True,11:20,1994.31,16:00,1995.83,session,-4.68,0.90,-5.58,LOSS
2023-04-24,XAUUSD,A,C1D,SHORT,1985.10,1984.49,1984.24,0.25,0.61,BELOW,10:05,1983.73,7.21,0.96,,,,False,,,16:00,1979.29,session,4.44,0.30,4.14,WIN
2023-04-25,XAUUSD,A,C1D,SHORT,1995.33,1995.18,1995.13,0.05,0.14,BELOW,10:05,1994.78,1.43,1.07,1.43,-0.95,2.38,True,10:25,1995.73,16:00,1995.66,session,-2.87,0.90,-3.77,LOSS
2023-04-26,XAUUSD,A,C1D,SHORT,2001.08,2000.76,2000.34,0.42,0.32,BELOW,10:30,1999.76,6.55,1.93,,,,False,,,16:00,1995.09,session,4.67,0.30,4.37,WIN
2023-04-28,XAUUSD,A,C1D,SHORT,1987.62,1986.98,1986.36,0.63,0.64,BELOW,10:05,1986.02,0.36,1.31,0.36,-1.29,1.64,True,10:20,1987.31,16:00,1985.40,session,-1.73,0.90,-2.63,LOSS
2023-05-01,XAUUSD,A,C1D,SHORT,1987.16,1986.95,1986.92,0.03,0.21,BELOW,10:10,1986.49,6.57,0.18,,,,False,,,16:00,1981.84,session,4.65,0.30,4.35,WIN
2023-05-03,XAUUSD,A,C1D,SHORT,2016.29,2015.98,2015.78,0.20,0.31,BELOW,10:05,2015.02,0.76,1.17,0.76,-1.15,1.91,True,10:25,2016.17,16:00,2015.88,session,-2.01,0.90,-2.91,LOSS
2023-05-04,XAUUSD,A,C1D,SHORT,2053.17,2053.05,2052.07,0.98,0.12,BELOW,11:05,2050.47,12.00,0.51,,,,False,,,16:00,2041.26,session,9.21,0.30,8.91,WIN
2023-05-08,XAUUSD,A,C1D,SHORT,2016.18,2016.12,2016.09,0.04,0.06,BELOW,11:00,2015.94,0.63,0.56,0.63,-0.38,1.01,True,11:05,2016.33,16:00,2022.17,session,5.47,0.60,4.87,WIN
2023-05-09,XAUUSD,A,C1D,SHORT,2021.59,2021.32,2020.36,0.96,0.27,BELOW,10:05,2020.35,0.80,1.78,0.80,-1.63,2.43,True,11:10,2021.98,16:00,2027.34,session,3.72,0.60,3.12,WIN
2023-05-10,XAUUSD,A,C1D,LONG,2036.13,2037.38,2036.34,1.04,0.20,ABOVE,10:05,2037.58,0.30,1.60,0.30,-1.55,1.85,True,10:30,2036.03,16:00,2029.64,session,4.84,0.60,4.24,WIN
2023-05-11,XAUUSD,A,C1D,LONG,2031.48,2032.23,2031.52,0.71,0.03,ABOVE,10:10,2032.40,4.08,1.16,4.08,-0.93,5.01,True,14:10,2031.47,16:00,2031.30,session,-2.70,0.90,-3.60,LOSS
2023-05-12,XAUUSD,A,C1D,LONG,2016.17,2016.62,2016.42,0.19,0.25,ABOVE,10:05,2016.99,0.61,2.01,0.61,-0.94,1.55,True,10:40,2016.05,16:00,2009.62,session,5.48,0.60,4.88,WIN
2023-05-16,XAUUSD,A,C1D,LONG,2014.39,2014.56,2014.53,0.03,0.13,ABOVE,10:05,2014.77,0.43,0.35,0.43,-0.35,0.77,True,10:10,2014.42,16:00,2011.07,session,-4.20,0.90,-5.10,LOSS
2023-05-17,XAUUSD,A,C1D,LONG,1989.43,1990.70,1989.82,0.89,0.38,ABOVE,10:05,1991.33,1.79,1.88,1.79,-1.58,3.37,True,15:20,1989.75,16:00,1988.15,session,0.02,0.60,-0.58,LOSS
2023-05-18,XAUUSD,A,C1D,SHORT,1983.07,1982.90,1982.76,0.14,0.17,BELOW,10:05,1982.57,0.52,1.10,0.52,-0.55,1.07,True,10:45,1983.12,16:00,1978.05,session,3.16,0.90,2.26,WIN
2023-05-19,XAUUSD,A,C1D,LONG,1958.30,1959.28,1958.53,0.75,0.23,ABOVE,10:20,1959.46,0.35,1.48,0.35,-1.48,1.83,True,10:45,1957.98,16:00,1962.49,session,-1.12,0.90,-2.02,LOSS
2023-05-25,XAUUSD,A,C1D,SHORT,1959.84,1959.79,1959.45,0.34,0.05,BELOW,10:05,1959.38,4.35,0.88,,,,False,,,16:00,1955.10,session,4.29,0.30,3.99,WIN
2023-05-26,XAUUSD,A,C1D,LONG,1939.77,1941.29,1940.62,0.67,0.85,ABOVE,11:05,1941.56,10.31,0.12,,,,False,,,16:00,1947.53,session,5.97,0.30,5.67,WIN
2023-05-29,XAUUSD,A,C1D,SHORT,1944.34,1943.73,1943.14,0.59,0.61,BELOW,10:05,1942.13,1.75,3.29,1.75,-2.39,4.14,True,11:10,1944.53,16:00,1947.94,session,-9.07,0.90,-9.97,LOSS
2023-06-06,XAUUSD,A,C1D,SHORT,1961.99,1961.64,1961.29,0.36,0.35,BELOW,10:10,1961.19,2.11,1.00,2.11,-0.98,3.10,True,12:05,1962.17,16:00,1959.91,session,-1.25,0.90,-2.15,LOSS
2023-06-07,XAUUSD,A,C1D,LONG,1963.24,1963.53,1963.48,0.05,0.24,ABOVE,10:05,1964.14,2.65,0.76,2.65,-0.75,3.39,True,12:05,1963.39,16:00,1963.21,session,-2.49,0.90,-3.39,LOSS
2023-06-08,XAUUSD,A,C1D,LONG,1944.32,1944.94,1944.62,0.32,0.31,ABOVE,10:05,1945.37,2.53,0.78,,,,False,,,16:00,1945.62,session,0.26,0.30,-0.04,LOSS
2023-06-09,XAUUSD,A,C1D,SHORT,1966.19,1965.34,1964.73,0.60,0.86,BELOW,10:10,1964.61,0.38,0.80,0.38,-0.80,1.18,True,10:35,1965.40,16:00,1964.99,session,-2.51,0.90,-3.41,LOSS
2023-06-12,XAUUSD,A,C1D,SHORT,1960.30,1960.29,1960.05,0.24,0.01,BELOW,10:05,1960.05,0.25,0.48,0.25,-0.27,0.52,True,10:10,1960.32,16:00,1959.28,session,0.17,0.90,-0.73,LOSS
2023-06-13,XAUUSD,A,C1D,SHORT,1960.17,1960.13,1960.01,0.12,0.04,BELOW,10:30,1959.24,3.25,1.15,3.25,-1.05,4.30,True,13:25,1960.29,16:00,1958.89,session,-0.28,0.90,-1.18,LOSS
2023-06-16,XAUUSD,A,C1D,SHORT,1958.44,1958.28,1957.88,0.40,0.16,BELOW,10:25,1957.77,1.22,1.49,1.22,-1.32,2.54,True,11:35,1959.09,16:00,1958.83,session,-3.56,0.90,-4.46,LOSS
2023-06-19,XAUUSD,A,C1D,LONG,1956.76,1957.61,1957.22,0.39,0.46,ABOVE,10:05,1958.15,0.59,1.20,0.59,-1.19,1.78,True,10:30,1956.96,16:00,1954.34,session,-5.61,0.90,-6.51,LOSS
2023-06-21,XAUUSD,A,C1D,LONG,1937.19,1937.39,1937.38,0.01,0.19,ABOVE,10:05,1937.50,0.23,0.59,0.23,-0.13,0.37,True,10:15,1937.37,16:00,1932.43,session,-6.39,0.90,-7.29,LOSS
2023-06-22,XAUUSD,A,C1D,SHORT,1934.29,1933.92,1933.89,0.03,0.37,BELOW,10:05,1933.73,0.26,0.20,0.26,-0.20,0.46,True,10:10,1933.93,16:00,1929.87,session,3.25,0.90,2.35,WIN
2023-06-26,XAUUSD,A,C1D,LONG,1924.81,1925.60,1925.40,0.19,0.60,ABOVE,10:05,1925.84,2.80,1.65,2.80,-0.93,3.73,True,12:05,1924.90,16:00,1927.31,session,-0.28,0.90,-1.18,LOSS
2023-06-27,XAUUSD,A,C1D,LONG,1922.45,1922.73,1922.49,0.24,0.04,ABOVE,10:20,1922.78,2.03,1.04,2.03,-0.91,2.94,True,10:50,1921.87,16:00,1924.83,session,0.20,0.90,-0.70,LOSS
2023-06-28,XAUUSD,A,C1D,SHORT,1915.72,1915.66,1915.46,0.20,0.06,BELOW,11:15,1914.52,0.98,2.38,0.98,-1.30,2.28,True,11:45,1915.82,16:00,1915.68,session,-2.01,0.90,-2.91,LOSS
2023-06-29,XAUUSD,A,C1D,SHORT,1909.94,1909.71,1908.86,0.86,0.23,BELOW,10:05,1908.50,0.45,1.73,0.45,-1.56,2.01,True,10:55,1910.06,16:00,1904.66,session,0.74,0.90,-0.16,LOSS
2023-06-30,XAUUSD,A,C1D,LONG,1908.31,1908.81,1908.68,0.12,0.38,ABOVE,10:35,1909.05,0.22,0.70,0.22,-0.70,0.92,True,10:45,1908.35,16:00,1905.19,session,-6.66,0.90,-7.56,LOSS
2023-07-03,XAUUSD,A,C1D,LONG,1918.21,1918.43,1918.26,0.17,0.05,ABOVE,10:05,1918.52,0.41,0.55,0.41,-0.44,0.85,True,10:20,1918.08,16:00,1917.37,session,-2.53,0.90,-3.43,LOSS
2023-07-04,XAUUSD,A,C1D,LONG,1921.16,1921.33,1921.27,0.06,0.10,ABOVE,10:05,1921.36,0.40,0.31,0.40,-0.18,0.58,True,10:20,1921.18,16:00,1924.49,session,2.67,0.90,1.77,WIN
2023-07-05,XAUUSD,A,C1D,LONG,1925.98,1926.40,1926.28,0.12,0.30,ABOVE,10:05,1926.42,0.07,0.48,0.07,-0.40,0.47,True,10:10,1926.02,16:00,1924.91,session,-2.89,0.90,-3.79,LOSS
2023-07-10,XAUUSD,A,C1D,SHORT,1924.97,1924.96,1924.54,0.42,0.01,BELOW,10:05,1924.08,1.18,1.71,1.18,-1.68,2.86,True,11:00,1925.76,16:00,1920.24,session,0.68,0.90,-0.22,LOSS
2023-07-11,XAUUSD,A,C1D,LONG,1924.60,1924.94,1924.64,0.30,0.05,ABOVE,10:05,1925.26,4.86,0.33,,,,False,,,16:00,1929.74,session,4.48,0.30,4.18,WIN
2023-07-12,XAUUSD,A,C1D,LONG,1933.27,1933.93,1933.38,0.56,0.11,ABOVE,10:05,1934.03,7.00,0.23,,,,False,,,16:00,1939.44,session,5.42,0.30,5.12,WIN
2023-07-14,XAUUSD,A,C1D,SHORT,1960.40,1960.14,1959.86,0.29,0.26,BELOW,10:05,1959.51,0.00,0.81,0.00,-0.81,0.81,True,10:10,1960.32,16:00,1959.14,session,-0.81,0.90,-1.71,LOSS
2023-07-17,XAUUSD,A,C1D,LONG,1952.70,1953.38,1952.81,0.57,0.10,ABOVE,10:10,1953.38,2.63,0.92,2.63,-0.67,3.31,True,11:50,1952.71,16:00,1953.66,session,-1.07,0.90,-1.97,LOSS
2023-07-18,XAUUSD,A,C1D,SHORT,1955.64,1955.48,1954.94,0.54,0.16,BELOW,10:05,1954.87,0.09,0.74,0.09,-0.71,0.80,True,10:20,1955.58,16:00,1959.32,session,3.04,0.60,2.44,WIN
2023-07-19,XAUUSD,A,C1D,LONG,1976.99,1977.62,1977.55,0.08,0.56,ABOVE,10:30,1978.38,0.19,1.55,0.19,-1.30,1.49,True,11:10,1977.08,16:00,1978.63,session,-1.08,0.90,-1.98,LOSS
2023-07-20,XAUUSD,A,C1D,LONG,1977.74,1977.92,1977.78,0.14,0.04,ABOVE,10:05,1978.84,8.69,0.68,,,,False,,,16:00,1980.91,session,2.08,0.30,1.78,WIN
2023-07-21,XAUUSD,A,C1D,SHORT,1972.54,1972.30,1972.02,0.28,0.24,BELOW,10:05,1971.94,0.10,0.77,0.10,-0.62,0.72,True,10:20,1972.57,16:00,1970.40,session,0.35,0.90,-0.55,LOSS
2023-07-28,XAUUSD,A,C1D,SHORT,1947.74,1947.54,1946.76,0.78,0.20,BELOW,10:20,1946.39,0.24,1.35,0.24,-1.22,1.46,True,10:50,1947.62,16:00,1952.80,session,3.96,0.60,3.36,WIN
2023-07-31,XAUUSD,A,C1D,SHORT,1958.45,1958.11,1958.03,0.08,0.35,BELOW,10:25,1957.96,1.50,0.60,1.50,-0.34,1.84,True,10:55,1958.30,16:00,1954.27,session,0.08,0.90,-0.82,LOSS
2023-08-01,XAUUSD,A,C1D,SHORT,1964.23,1964.22,1963.96,0.26,0.01,BELOW,10:25,1963.72,5.43,0.43,,,,False,,,16:00,1958.50,session,5.22,0.30,4.92,WIN
2023-08-02,XAUUSD,A,C1D,SHORT,1952.62,1952.23,1951.39,0.84,0.38,BELOW,10:05,1949.84,4.47,0.70,,,,False,,,16:00,1949.81,session,0.03,0.30,-0.27,LOSS
2023-08-03,XAUUSD,A,C1D,SHORT,1936.39,1936.27,1936.14,0.12,0.12,BELOW,10:30,1935.92,0.13,0.53,0.13,-0.38,0.52,True,10:35,1936.31,16:00,1935.23,session,-0.08,0.90,-0.98,LOSS
2023-08-04,XAUUSD,A,C1D,LONG,1935.52,1935.87,1935.84,0.03,0.32,ABOVE,10:40,1936.16,0.14,0.58,0.14,-0.46,0.61,True,10:45,1935.70,16:00,1935.48,session,-1.43,0.90,-2.33,LOSS
2023-08-08,XAUUSD,A,C1D,SHORT,1937.17,1936.85,1936.63,0.21,0.33,BELOW,10:05,1936.19,5.01,0.22,,,,False,,,16:00,1933.66,session,2.53,0.30,2.23,WIN
2023-08-09,XAUUSD,A,C1D,LONG,1925.55,1926.01,1925.66,0.35,0.12,ABOVE,10:10,1926.18,0.00,0.56,0.00,-0.53,0.53,True,10:15,1925.65,16:00,1931.27,session,3.91,0.90,3.01,WIN
2023-08-15,XAUUSD,A,C1D,SHORT,1907.93,1907.62,1907.10,0.53,0.31,BELOW,10:05,1906.68,2.88,1.63,,,,False,,,16:00,1906.16,session,0.52,0.30,0.22,WIN
2023-08-17,XAUUSD,A,C1D,SHORT,1893.94,1893.45,1892.40,1.05,0.49,BELOW,10:40,1892.24,2.63,1.38,2.63,-1.21,3.85,True,12:45,1893.45,16:00,1893.52,session,-3.59,0.90,-4.49,LOSS
2023-08-18,XAUUSD,A,C1D,LONG,1890.73,1891.33,1890.85,0.48,0.12,ABOVE,10:15,1891.61,3.62,0.37,,,,False,,,16:00,1893.20,session,1.60,0.30,1.30,WIN
2023-08-21,XAUUSD,A,C1D,LONG,1888.98,1890.23,1890.08,0.16,1.09,ABOVE,10:05,1890.77,0.42,0.77,0.42,-0.70,1.13,True,10:45,1890.07,16:00,1887.67,session,-3.88,0.90,-4.78,LOSS
2023-08-22,XAUUSD,A,C1D,SHORT,1895.13,1894.80,1894.10,0.70,0.34,BELOW,14:55,1894.06,0.06,1.90,0.06,-1.89,1.95,True,15:10,1895.95,16:00,1895.81,session,-2.03,0.60,-2.63,LOSS
2023-08-23,XAUUSD,A,C1D,LONG,1898.65,1898.86,1898.71,0.14,0.06,ABOVE,10:05,1899.42,4.60,0.58,,,,False,,,16:00,1902.92,session,3.50,0.30,3.20,WIN
2023-08-24,XAUUSD,A,C1D,LONG,1917.39,1917.99,1917.52,0.48,0.12,ABOVE,10:10,1918.21,4.26,0.61,,,,False,,,16:00,1922.04,session,3.83,0.30,3.53,WIN
2023-08-25,XAUUSD,A,C1D,SHORT,1916.28,1915.92,1915.89,0.03,0.36,BELOW,10:15,1915.81,1.06,0.27,1.06,-0.25,1.31,True,11:15,1916.06,16:00,1913.77,session,1.54,0.90,0.64,WIN
2023-08-28,XAUUSD,A,C1D,LONG,1914.89,1915.50,1915.11,0.39,0.22,ABOVE,10:05,1915.59,2.08,0.82,,,,False,,,16:00,1916.73,session,1.14,0.30,0.84,WIN
2023-08-29,XAUUSD,A,C1D,LONG,1921.35,1921.41,1921.38,0.03,0.04,ABOVE,10:05,1921.45,4.40,0.34,,,,False,,,16:00,1924.89,session,3.44,0.30,3.14,WIN
2023-08-31,XAUUSD,A,C1D,LONG,1944.31,1944.61,1944.42,0.18,0.12,ABOVE,10:05,1944.95,2.86,0.40,,,,False,,,16:00,1944.93,session,-0.02,0.30,-0.32,LOSS
2023-09-01,XAUUSD,A,C1D,LONG,1939.83,1940.10,1939.97,0.12,0.14,ABOVE,11:00,1941.84,2.32,2.05,2.32,-1.93,4.25,True,13:05,1939.90,16:00,1940.00,session,-2.64,0.90,-3.54,LOSS
2023-09-04,XAUUSD,A,C1D,LONG,1940.38,1940.62,1940.62,0.01,0.24,ABOVE,10:10,1940.76,0.05,0.32,0.05,-0.20,0.25,True,10:15,1940.56,16:00,1945.43,session,3.93,0.90,3.03,WIN
2023-09-05,XAUUSD,A,C1D,SHORT,1937.88,1937.65,1937.49,0.16,0.22,BELOW,10:05,1937.43,0.36,0.35,0.36,-0.32,0.68,True,10:45,1937.75,16:00,1936.81,session,0.05,0.90,-0.85,LOSS
2023-09-06,XAUUSD,A,C1D,SHORT,1926.74,1926.67,1926.66,0.01,0.07,BELOW,10:05,1926.32,2.05,0.45,2.05,-0.39,2.43,True,12:50,1926.70,16:00,1927.87,session,-2.13,0.90,-3.03,LOSS
2023-09-08,XAUUSD,A,C1D,LONG,1919.97,1920.62,1920.30,0.32,0.33,ABOVE,10:05,1920.87,6.39,0.26,,,,False,,,16:00,1926.30,session,5.43,0.30,5.13,WIN
2023-09-12,XAUUSD,A,C1D,SHORT,1921.90,1921.67,1921.60,0.07,0.23,BELOW,10:30,1921.56,0.30,0.21,0.30,-0.16,0.46,True,10:40,1921.72,16:00,1920.15,session,1.15,0.90,0.25,WIN
2023-09-13,XAUUSD,A,C1D,SHORT,1913.36,1913.21,1912.92,0.29,0.14,BELOW,10:25,1912.92,0.08,0.49,0.08,-0.49,0.58,True,10:30,1913.41,16:00,1909.62,session,2.21,0.90,1.31,WIN
2023-09-14,XAUUSD,A,C1D,LONG,1909.15,1909.56,1909.29,0.27,0.13,ABOVE,10:05,1909.63,3.34,0.75,3.34,-0.43,3.77,True,15:10,1909.20,16:00,1908.34,session,-2.40,0.90,-3.30,LOSS
2023-09-18,XAUUSD,A,C1D,LONG,1923.04,1923.77,1923.37,0.40,0.33,ABOVE,10:05,1923.95,6.74,0.56,,,,False,,,16:00,1929.50,session,5.55,0.30,5.25,WIN
2023-09-21,XAUUSD,A,C1D,SHORT,1930.09,1929.49,1929.36,0.13,0.60,BELOW,10:15,1929.27,5.01,0.12,,,,False,,,16:00,1927.87,session,1.40,0.30,1.10,WIN
2023-09-22,XAUUSD,A,C1D,LONG,1921.39,1921.68,1921.45,0.23,0.06,ABOVE,10:15,1921.71,3.87,0.35,,,,False,,,16:00,1924.64,session,2.93,0.30,2.63,WIN
2023-09-26,XAUUSD,A,C1D,SHORT,1916.70,1916.29,1916.12,0.17,0.41,BELOW,10:15,1916.09,3.00,0.02,,,,False,,,16:00,1913.31,session,2.78,0.30,2.48,WIN
2023-09-29,XAUUSD,A,C1D,LONG,1866.14,1866.97,1866.74,0.23,0.60,ABOVE,10:20,1867.13,0.18,0.46,0.18,-0.45,0.63,True,10:30,1866.68,16:00,1866.52,session,-2.87,0.90,-3.77,LOSS
2023-10-02,XAUUSD,A,C1D,LONG,1846.51,1846.81,1846.54,0.27,0.03,ABOVE,10:05,1847.14,0.07,0.92,0.07,-0.90,0.97,True,10:15,1846.24,16:00,1842.67,session,-6.18,0.90,-7.08,LOSS
2023-10-03,XAUUSD,A,C1D,SHORT,1828.31,1828.23,1827.01,1.22,0.07,BELOW,10:05,1826.64,11.33,0.37,,,,False,,,16:00,1820.52,session,6.12,0.30,5.83,WIN
2023-10-04,XAUUSD,A,C1D,SHORT,1823.11,1822.71,1822.40,0.31,0.39,BELOW,11:05,1822.16,0.23,1.73,0.23,-1.53,1.76,True,11:15,1823.69,16:00,1822.81,session,-5.05,0.90,-5.95,LOSS
2023-10-05,XAUUSD,A,C1D,LONG,1822.17,1822.45,1822.42,0.03,0.25,ABOVE,10:05,1822.74,6.48,0.93,,,,False,,,16:00,1827.31,session,4.56,0.30,4.26,WIN
2023-10-11,XAUUSD,A,C1D,LONG,1859.68,1860.09,1859.84,0.25,0.16,ABOVE,10:05,1860.35,0.45,0.68,0.45,-0.64,1.09,True,10:55,1859.71,16:00,1860.08,session,-1.41,0.90,-2.31,LOSS
2023-10-16,XAUUSD,A,C1D,SHORT,1926.16,1925.33,1924.56,0.77,0.83,BELOW,10:20,1923.16,1.45,3.08,1.45,-2.73,4.18,True,10:55,1925.89,16:00,1919.64,session,0.82,0.90,-0.08,LOSS
2023-10-17,XAUUSD,A,C1D,SHORT,1920.24,1919.78,1918.91,0.86,0.47,BELOW,11:15,1918.23,5.77,0.61,,,,False,,,16:00,1915.24,session,2.99,0.30,2.69,WIN
2023-10-18,XAUUSD,A,C1D,SHORT,1925.27,1925.16,1924.95,0.21,0.10,BELOW,10:05,1924.40,0.25,0.84,0.25,-0.78,1.03,True,10:30,1925.18,16:00,1939.46,session,-16.35,0.90,-17.25,LOSS
2023-10-19,XAUUSD,A,C1D,LONG,1949.71,1950.26,1949.93,0.33,0.22,ABOVE,10:05,1950.58,2.80,1.87,2.80,-1.46,4.27,True,11:40,1949.12,16:00,1947.38,session,-5.66,0.90,-6.56,LOSS
2023-10-26,XAUUSD,A,C1D,LONG,1981.41,1983.08,1982.22,0.86,0.81,ABOVE,10:40,1983.37,6.06,0.89,,,,False,,,16:00,1989.25,session,5.88,0.30,5.58,WIN
2023-10-30,XAUUSD,A,C1D,SHORT,2002.46,2001.60,2001.42,0.17,0.86,BELOW,15:30,2000.99,0.73,0.93,0.73,-0.72,1.44,True,15:40,2001.71,16:00,2001.65,session,-0.78,0.60,-1.38,LOSS
2023-10-31,XAUUSD,A,C1D,SHORT,1995.44,1995.17,1994.86,0.32,0.27,BELOW,10:05,1994.68,0.02,0.56,0.02,-0.56,0.58,True,10:10,1995.24,16:00,1993.31,session,0.18,0.90,-0.72,LOSS
2023-11-01,XAUUSD,A,C1D,SHORT,1985.32,1984.95,1984.91,0.04,0.37,BELOW,10:15,1984.40,9.16,0.46,,,,False,,,16:00,1977.02,session,7.38,0.30,7.08,WIN
2023-11-02,XAUUSD,A,C1D,LONG,1983.19,1984.42,1983.81,0.62,0.62,ABOVE,10:20,1984.79,3.44,1.33,,,,False,,,16:00,1986.12,session,1.33,0.30,1.03,WIN
2023-11-03,XAUUSD,A,C1D,SHORT,1985.20,1985.07,1985.02,0.05,0.13,BELOW,10:05,1984.92,0.50,0.16,0.50,-0.16,0.66,True,10:45,1985.09,16:00,1985.97,session,-1.22,0.90,-2.12,LOSS
2024-03-11,XAUUSD,A,C1D,SHORT,2178.48,2178.24,2177.32,0.92,0.24,BELOW,13:50,2176.93,0.02,1.95,0.02,-1.61,1.62,True,14:05,2178.54,16:00,2181.41,session,1.26,0.60,0.66,WIN
2024-03-18,XAUUSD,A,C1D,LONG,2154.17,2155.41,2154.91,0.50,0.74,ABOVE,10:45,2155.45,2.15,0.82,2.15,-0.55,2.70,True,12:00,2154.91,16:00,2147.56,session,6.80,0.60,6.20,WIN
2024-03-19,XAUUSD,A,C1D,LONG,2161.01,2161.38,2161.30,0.09,0.28,ABOVE,10:45,2161.41,1.49,0.76,1.49,-0.22,1.71,True,11:50,2161.20,16:00,2159.41,session,-3.15,0.90,-4.05,LOSS
2024-03-21,XAUUSD,A,C1D,LONG,2199.32,2200.96,2199.69,1.27,0.38,ABOVE,10:10,2204.31,2.12,8.22,2.12,-7.37,9.49,True,11:25,2196.94,16:00,2203.72,session,-15.94,0.90,-16.84,LOSS
2024-03-22,XAUUSD,A,C1D,LONG,2181.23,2181.38,2181.37,0.01,0.14,ABOVE,10:05,2181.54,0.09,0.41,0.09,-0.31,0.40,True,10:15,2181.23,16:00,2173.57,session,-8.90,0.90,-9.80,LOSS
2024-03-25,XAUUSD,A,C1D,LONG,2165.87,2166.88,2166.41,0.47,0.54,ABOVE,10:05,2167.74,1.77,2.22,1.77,-2.00,3.77,True,11:15,2165.74,16:00,2170.12,session,-8.68,0.90,-9.58,LOSS
2024-03-26,XAUUSD,A,C1D,SHORT,2172.68,2172.57,2172.11,0.45,0.11,BELOW,10:30,2172.07,0.78,1.25,0.78,-0.91,1.70,True,10:55,2172.99,16:00,2172.09,session,-2.96,0.90,-3.86,LOSS
2024-03-27,XAUUSD,A,C1D,SHORT,2178.95,2178.65,2178.48,0.17,0.30,BELOW,10:05,2178.43,0.16,0.27,0.16,-0.23,0.39,True,10:10,2178.66,16:00,2178.30,session,-0.24,0.90,-1.14,LOSS
2024-03-28,XAUUSD,A,C1D,LONG,2190.73,2192.49,2191.32,1.16,0.59,ABOVE,13:20,2192.91,4.06,0.08,,,,False,,,16:00,2195.76,session,2.85,0.30,2.55,WIN
2024-04-01,XAUUSD,A,C1D,LONG,2236.93,2237.49,2237.08,0.41,0.14,ABOVE,10:05,2238.41,27.36,0.58,,,,False,,,16:00,2259.34,session,20.93,0.30,20.63,WIN
2024-04-02,XAUUSD,A,C1D,SHORT,2254.59,2253.71,2251.64,2.07,0.88,BELOW,10:15,2250.46,3.74,3.45,3.74,-3.45,7.19,True,13:50,2253.91,16:00,2256.41,session,-10.90,0.90,-11.80,LOSS
2024-04-05,XAUUSD,A,C1D,LONG,2288.84,2290.55,2289.81,0.74,0.97,ABOVE,10:05,2290.99,0.20,1.56,0.20,-1.48,1.68,True,10:45,2289.51,16:00,2278.22,session,9.81,0.60,9.21,WIN
2024-04-08,XAUUSD,A,C1D,SHORT,2311.78,2311.39,2309.93,1.47,0.38,BELOW,10:10,2308.30,5.33,5.96,5.33,-5.31,10.64,True,11:25,2313.61,16:00,2332.86,session,13.94,0.60,13.34,WIN
2024-04-10,XAUUSD,A,C1D,LONG,2353.63,2354.89,2354.76,0.12,1.13,ABOVE,14:30,2355.01,0.72,0.92,0.72,-0.77,1.49,True,14:40,2354.24,16:00,2357.66,session,-1.23,0.90,-2.13,LOSS
2024-04-11,XAUUSD,A,C1D,SHORT,2336.35,2335.61,2334.99,0.62,0.74,BELOW,10:05,2333.49,0.06,2.57,0.06,-2.52,2.58,True,10:30,2336.01,16:00,2339.50,session,-8.64,0.90,-9.54,LOSS
2024-04-15,XAUUSD,A,C1D,SHORT,2365.42,2364.89,2361.99,2.90,0.53,BELOW,10:15,2361.41,12.99,3.41,,,,False,,,16:00,2360.30,session,1.11,0.30,0.81,WIN
2024-04-17,XAUUSD,A,C1D,SHORT,2384.01,2382.83,2381.43,1.40,1.18,BELOW,13:25,2381.32,0.55,1.73,0.55,-1.53,2.08,True,13:50,2382.85,16:00,2375.53,session,2.43,0.90,1.53,WIN
2024-04-18,XAUUSD,A,C1D,LONG,2366.86,2368.76,2368.08,0.68,1.22,ABOVE,10:30,2368.92,3.17,2.79,3.17,-2.20,5.37,True,11:25,2366.72,16:00,2378.14,session,4.97,0.90,4.07,WIN
2024-04-19,XAUUSD,A,C1D,SHORT,2381.20,2379.93,2378.21,1.72,1.28,BELOW,10:05,2376.67,2.83,7.77,2.83,-7.32,10.15,True,11:00,2383.99,16:00,2382.32,session,-9.00,0.60,-9.60,LOSS
2024-04-23,XAUUSD,A,C1D,LONG,2332.15,2333.79,2332.82,0.97,0.67,ABOVE,11:05,2334.03,0.48,1.89,0.48,-1.88,2.36,True,11:20,2332.15,16:00,2308.55,session,21.71,0.60,21.11,WIN
2024-04-24,XAUUSD,A,C1D,SHORT,2324.03,2323.37,2322.55,0.82,0.66,BELOW,10:05,2322.36,6.52,1.45,6.52,-1.37,7.89,True,13:10,2323.73,16:00,2330.14,session,5.04,0.60,4.44,WIN
2024-04-25,XAUUSD,A,C1D,LONG,2316.12,2317.02,2316.39,0.63,0.26,ABOVE,10:05,2317.28,2.29,1.19,2.29,-1.03,3.32,True,11:10,2316.26,16:00,2318.84,session,-0.12,0.90,-1.02,LOSS
2024-04-26,XAUUSD,A,C1D,SHORT,2331.18,2331.08,2330.72,0.36,0.10,BELOW,10:05,2330.49,4.13,1.02,4.13,-0.72,4.86,True,11:30,2331.22,16:00,2340.23,session,8.29,0.60,7.69,WIN
2024-04-29,XAUUSD,A,C1D,SHORT,2336.30,2336.25,2335.93,0.32,0.05,BELOW,10:05,2335.39,15.55,1.24,,,,False,,,16:00,2330.07,session,5.32,0.30,5.02,WIN
2024-04-30,XAUUSD,A,C1D,SHORT,2333.61,2333.18,2332.26,0.91,0.43,BELOW,12:10,2329.74,9.10,2.56,,,,False,,,16:00,2321.50,session,8.24,0.30,7.94,WIN
2024-05-03,XAUUSD,A,C1D,LONG,2303.01,2304.32,2303.86,0.47,0.84,ABOVE,11:00,2304.59,1.85,1.34,1.85,-1.34,3.18,True,11:20,2303.26,16:00,2305.43,session,-4.07,0.90,-4.97,LOSS
2024-05-06,XAUUSD,A,C1D,SHORT,2295.23,2294.50,2294.03,0.47,0.73,BELOW,10:15,2293.06,1.21,1.59,1.21,-1.58,2.79,True,10:30,2294.64,16:00,2312.66,session,-21.00,0.90,-21.90,LOSS
2024-05-07,XAUUSD,A,C1D,LONG,2325.41,2327.06,2326.17,0.89,0.76,ABOVE,10:15,2328.26,1.72,2.92,1.72,-2.86,4.58,True,11:20,2325.40,16:00,2319.72,session,2.83,0.60,2.23,WIN
2024-05-08,XAUUSD,A,C1D,LONG,2315.09,2315.80,2315.27,0.53,0.18,ABOVE,10:05,2315.86,0.27,1.33,0.27,-0.71,0.98,True,10:25,2315.15,16:00,2318.54,session,1.23,0.90,0.33,WIN
2024-05-09,XAUUSD,A,C1D,LONG,2308.72,2309.11,2308.88,0.23,0.16,ABOVE,10:40,2309.57,2.81,1.55,2.81,-1.28,4.10,True,12:05,2308.29,16:00,2315.47,session,3.99,0.90,3.09,WIN
2024-05-13,XAUUSD,A,C1D,LONG,2360.20,2360.75,2360.55,0.20,0.35,ABOVE,10:10,2361.83,2.72,2.94,2.72,-2.30,5.02,True,11:10,2359.53,16:00,2353.89,session,3.35,0.60,2.75,WIN
2024-05-14,XAUUSD,A,C1D,SHORT,2338.84,2338.47,2338.39,0.08,0.38,BELOW,10:05,2337.81,0.00,1.26,0.00,-1.19,1.19,True,10:10,2339.00,16:00,2345.06,session,-9.38,0.90,-10.28,LOSS
2024-05-21,XAUUSD,A,C1D,LONG,2426.20,2427.11,2426.36,0.75,0.17,ABOVE,10:15,2427.13,0.64,2.05,0.64,-1.14,1.78,True,10:25,2425.99,16:00,2415.74,session,-15.68,0.90,-16.58,LOSS
2024-05-23,XAUUSD,A,C1D,LONG,2382.17,2382.60,2382.31,0.29,0.14,ABOVE,10:05,2382.97,0.81,1.25,0.81,-0.78,1.59,True,10:15,2382.20,16:00,2360.14,session,-24.22,0.90,-25.12,LOSS
2024-05-24,XAUUSD,A,C1D,SHORT,2333.31,2332.26,2332.05,0.20,1.05,BELOW,10:05,2332.01,5.24,0.84,5.24,-0.74,5.99,True,11:15,2332.76,16:00,2337.13,session,-10.66,0.90,-11.56,LOSS
2024-05-27,XAUUSD,A,C1D,SHORT,2337.80,2337.33,2336.74,0.59,0.47,BELOW,10:10,2336.52,1.99,1.11,1.99,-0.97,2.96,True,11:05,2337.49,16:00,2343.25,session,4.80,0.60,4.20,WIN
2024-05-28,XAUUSD,A,C1D,LONG,2351.76,2352.55,2352.28,0.26,0.52,ABOVE,10:10,2352.82,0.87,1.24,0.87,-0.96,1.83,True,10:20,2351.86,16:00,2349.55,session,-7.06,0.90,-7.96,LOSS
2024-05-29,XAUUSD,A,C1D,LONG,2359.68,2360.14,2359.72,0.42,0.04,ABOVE,10:05,2360.50,0.47,1.14,0.47,-1.07,1.54,True,10:20,2359.43,16:00,2355.44,session,-7.46,0.90,-8.36,LOSS
2024-05-30,XAUUSD,A,C1D,SHORT,2338.70,2338.51,2336.89,1.62,0.20,BELOW,10:10,2336.70,2.65,2.46,2.65,-2.39,5.05,True,11:10,2339.09,16:00,2325.26,session,4.00,0.90,3.10,WIN
2024-06-04,XAUUSD,A,C1D,LONG,2350.43,2351.45,2350.59,0.86,0.17,ABOVE,10:20,2351.69,1.20,2.56,1.20,-2.20,3.40,True,11:05,2349.49,16:00,2350.89,session,-3.61,0.60,-4.21,LOSS
2024-06-06,XAUUSD,A,C1D,SHORT,2355.43,2355.15,2354.88,0.28,0.28,BELOW,10:35,2354.77,0.01,0.76,0.01,-0.66,0.66,True,10:40,2355.43,16:00,2367.24,session,11.16,0.60,10.56,WIN
2024-06-07,XAUUSD,A,C1D,SHORT,2377.05,2376.91,2376.53,0.38,0.13,BELOW,11:05,2376.49,6.98,1.42,6.98,-1.31,8.30,True,12:50,2377.80,16:00,2376.10,session,-4.47,0.90,-5.37,LOSS
2024-06-12,XAUUSD,A,C1D,LONG,2314.51,2315.57,2315.20,0.38,0.69,ABOVE,10:05,2315.66,0.00,0.76,0.00,-0.67,0.67,True,10:10,2314.99,16:00,2314.55,session,-2.63,0.90,-3.53,LOSS
2024-06-13,XAUUSD,A,C1D,SHORT,2321.44,2320.65,2318.53,2.12,0.79,BELOW,11:05,2317.22,9.01,0.72,,,,False,,,16:00,2313.55,session,3.66,0.30,3.36,WIN
2024-06-14,XAUUSD,A,C1D,LONG,2302.05,2303.33,2302.43,0.89,0.38,ABOVE,10:20,2303.39,8.34,0.33,,,,False,,,16:00,2309.13,session,5.74,0.30,5.44,WIN
2024-06-17,XAUUSD,A,C1D,SHORT,2328.98,2328.95,2326.58,2.37,0.03,BELOW,10:15,2325.90,8.60,3.11,,,,False,,,16:00,2317.45,session,8.45,0.30,8.15,WIN
2024-06-18,XAUUSD,A,C1D,LONG,2320.45,2322.18,2321.11,1.07,0.66,ABOVE,10:25,2322.28,3.31,1.87,3.31,-1.76,5.07,True,11:15,2320.53,16:00,2321.91,session,-5.27,0.90,-6.17,LOSS
2024-06-20,XAUUSD,A,C1D,LONG,2329.07,2329.51,2329.36,0.14,0.29,ABOVE,10:55,2329.83,15.12,0.00,,,,False,,,16:00,2341.70,session,11.88,0.30,11.57,WIN
2024-06-21,XAUUSD,A,C1D,LONG,2360.19,2361.32,2360.95,0.38,0.76,ABOVE,10:05,2362.68,2.22,3.02,2.22,-2.02,4.24,True,11:25,2360.66,16:00,2363.45,session,-1.16,0.90,-2.06,LOSS
2024-06-24,XAUUSD,A,C1D,LONG,2318.47,2320.90,2319.19,1.71,0.72,ABOVE,10:40,2321.16,6.18,2.09,,,,False,,,16:00,2323.34,session,2.18,0.30,1.88,WIN
2024-06-27,XAUUSD,A,C1D,LONG,2298.34,2298.45,2298.44,0.01,0.10,ABOVE,10:10,2299.80,0.41,1.70,0.41,-1.51,1.92,True,10:45,2298.29,16:00,2298.72,session,-3.07,0.90,-3.97,LOSS
2024-06-28,XAUUSD,A,C1D,SHORT,2327.87,2327.76,2327.32,0.45,0.11,BELOW,10:10,2326.66,7.56,0.45,,,,False,,,16:00,2325.72,session,0.95,0.30,0.65,WIN
2024-07-01,XAUUSD,A,C1D,SHORT,2325.72,2325.05,2323.43,1.61,0.67,BELOW,10:05,2323.40,1.14,2.00,1.14,-1.82,2.96,True,10:35,2325.22,16:00,2322.78,session,-4.28,0.90,-5.18,LOSS
2024-07-02,XAUUSD,A,C1D,LONG,2332.34,2333.51,2332.36,1.14,0.03,ABOVE,11:50,2333.53,0.86,1.68,0.86,-1.59,2.44,True,12:30,2331.95,16:00,2331.05,session,-0.69,0.60,-1.29,LOSS
2024-07-03,XAUUSD,A,C1D,LONG,2330.23,2330.92,2330.32,0.61,0.09,ABOVE,10:05,2331.47,0.75,1.17,0.75,-1.17,1.92,True,10:55,2330.30,16:00,2333.99,session,0.85,0.90,-0.05,LOSS
2024-07-08,XAUUSD,A,C1D,SHORT,2386.47,2386.17,2384.70,1.47,0.30,BELOW,12:40,2383.78,3.01,3.01,3.01,-2.81,5.82,True,15:15,2386.59,16:00,2381.38,session,-4.46,0.90,-5.36,LOSS
2024-07-09,XAUUSD,A,C1D,LONG,2361.65,2362.53,2361.86,0.67,0.21,ABOVE,10:10,2363.41,0.34,2.41,0.34,-2.35,2.68,True,10:30,2361.07,16:00,2364.91,session,-1.97,0.90,-2.87,LOSS
2024-07-18,XAUUSD,A,C1D,SHORT,2461.61,2461.45,2459.08,2.38,0.16,BELOW,10:05,2458.47,1.01,4.47,1.01,-4.25,5.26,True,11:10,2462.72,16:00,2465.74,session,-1.23,0.60,-1.83,LOSS
2024-07-19,XAUUSD,A,C1D,SHORT,2443.76,2441.38,2431.36,10.03,2.38,BELOW,10:10,2431.20,10.62,3.74,,,,False,,,16:00,2421.80,session,9.40,0.30,9.10,WIN
2024-07-25,XAUUSD,A,C1D,SHORT,2399.61,2398.89,2398.07,0.82,0.72,BELOW,10:05,2396.58,29.72,3.57,,,,False,,,16:00,2376.74,session,19.84,0.30,19.54,WIN
2024-07-26,XAUUSD,A,C1D,LONG,2363.72,2364.73,2363.86,0.88,0.14,ABOVE,10:05,2365.37,0.08,1.93,0.08,-1.65,1.74,True,10:25,2363.72,16:00,2372.59,session,4.10,0.90,3.20,WIN
2024-07-29,XAUUSD,A,C1D,SHORT,2398.20,2398.09,2397.16,0.93,0.11,BELOW,11:15,2396.99,8.23,1.28,,,,False,,,16:00,2394.84,session,2.15,0.30,1.85,WIN
2024-08-01,XAUUSD,A,C1D,LONG,2445.39,2446.07,2445.84,0.24,0.45,ABOVE,10:05,2446.24,0.78,0.90,0.78,-0.74,1.52,True,10:20,2445.50,16:00,2447.62,session,-1.34,0.90,-2.24,LOSS
2024-08-07,XAUUSD,A,C1D,SHORT,2384.83,2384.69,2383.95,0.74,0.14,BELOW,10:05,2382.20,0.74,3.28,0.74,-2.86,3.60,True,10:50,2385.06,16:00,2389.93,session,-13.00,0.90,-13.90,LOSS
2024-08-09,XAUUSD,A,C1D,LONG,2423.34,2425.12,2424.66,0.47,1.32,ABOVE,11:35,2425.25,3.78,1.97,3.78,-1.32,5.10,True,12:35,2423.93,16:00,2419.14,session,-9.11,0.90,-10.01,LOSS
2024-08-13,XAUUSD,A,C1D,LONG,2474.41,2475.93,2475.57,0.36,1.16,ABOVE,10:05,2476.21,0.76,1.05,0.76,-0.95,1.70,True,10:15,2475.26,16:00,2463.03,session,11.29,0.60,10.69,WIN
2024-08-14,XAUUSD,A,C1D,LONG,2463.73,2464.28,2464.24,0.04,0.51,ABOVE,10:05,2465.55,7.10,3.03,7.10,-2.18,9.29,True,12:00,2463.37,16:00,2461.95,session,-0.76,0.60,-1.36,LOSS
2024-08-15,XAUUSD,A,C1D,LONG,2448.51,2449.52,2449.50,0.02,0.99,ABOVE,10:05,2449.56,0.43,0.96,0.43,-0.38,0.81,True,10:20,2449.18,16:00,2453.72,session,2.15,0.90,1.25,WIN
2024-08-20,XAUUSD,A,C1D,LONG,2503.36,2504.47,2503.73,0.74,0.38,ABOVE,10:05,2504.67,3.61,2.87,3.61,-1.66,5.26,True,11:10,2503.01,16:00,2500.57,session,-9.38,0.90,-10.28,LOSS
2024-08-21,XAUUSD,A,C1D,SHORT,2514.61,2513.07,2512.99,0.08,1.55,BELOW,11:20,2512.62,1.69,2.03,1.69,-1.25,2.94,True,11:40,2513.87,16:00,2515.76,session,0.64,0.60,0.04,WIN
2024-08-23,XAUUSD,A,C1D,LONG,2486.26,2487.68,2487.35,0.33,1.09,ABOVE,10:15,2488.16,7.69,1.39,,,,False,,,16:00,2491.68,session,3.51,0.30,3.21,WIN
2024-08-26,XAUUSD,A,C1D,LONG,2514.30,2516.03,2515.30,0.73,1.00,ABOVE,10:25,2516.18,0.82,3.66,0.82,-3.66,4.47,True,10:45,2512.52,16:00,2510.54,session,-1.68,0.60,-2.28,LOSS
2024-08-27,XAUUSD,A,C1D,SHORT,2516.30,2515.66,2515.53,0.13,0.64,BELOW,10:10,2514.97,0.19,0.98,0.19,-0.81,1.01,True,10:15,2515.78,16:00,2514.71,session,-0.64,0.90,-1.54,LOSS
2024-08-28,XAUUSD,A,C1D,SHORT,2526.28,2525.37,2524.74,0.63,0.91,BELOW,10:10,2524.72,21.39,1.21,,,,False,,,16:00,2504.72,session,20.00,0.30,19.70,WIN
2024-08-29,XAUUSD,A,C1D,LONG,2507.82,2509.95,2508.22,1.73,0.40,ABOVE,10:05,2509.99,10.05,0.30,,,,False,,,16:00,2518.55,session,8.56,0.30,8.26,WIN
2024-09-02,XAUUSD,A,C1D,LONG,2502.38,2503.14,2503.03,0.11,0.66,ABOVE,10:10,2503.16,0.27,0.57,0.27,-0.36,0.63,True,10:15,2502.80,16:00,2497.97,session,-6.78,0.90,-7.68,LOSS
2024-09-03,XAUUSD,A,C1D,SHORT,2497.93,2497.36,2497.33,0.03,0.57,BELOW,10:05,2496.52,6.82,1.11,,,,False,,,16:00,2493.51,session,3.01,0.30,2.71,WIN
2024-09-05,XAUUSD,A,C1D,LONG,2495.37,2496.57,2495.98,0.59,0.61,ABOVE,11:05,2497.05,2.38,1.62,2.38,-1.54,3.92,True,13:50,2495.51,16:00,2501.36,session,-0.82,0.90,-1.72,LOSS
2024-09-06,XAUUSD,A,C1D,SHORT,2517.75,2517.49,2517.43,0.06,0.26,BELOW,10:05,2517.19,4.10,0.92,4.10,-0.63,4.73,True,12:55,2517.82,16:00,2519.30,session,-3.01,0.90,-3.91,LOSS
2024-09-09,XAUUSD,A,C1D,LONG,2496.43,2497.95,2497.01,0.94,0.59,ABOVE,11:05,2498.12,0.64,2.59,0.64,-2.03,2.67,True,11:20,2496.09,16:00,2489.55,session,-12.68,0.90,-13.58,LOSS
2024-09-11,XAUUSD,A,C1D,LONG,2517.86,2518.78,2518.69,0.09,0.84,ABOVE,10:40,2519.01,0.17,1.30,0.17,-1.13,1.30,True,10:45,2517.88,16:00,2522.10,session,-0.93,0.90,-1.83,LOSS
2024-09-17,XAUUSD,A,C1D,LONG,2583.71,2584.18,2583.78,0.40,0.07,ABOVE,12:10,2585.18,1.18,3.52,1.18,-3.07,4.26,True,12:45,2582.11,16:00,2581.44,session,-2.41,0.60,-3.01,LOSS
2024-09-18,XAUUSD,A,C1D,LONG,2573.84,2574.21,2574.09,0.12,0.26,ABOVE,11:00,2574.38,0.38,1.94,0.38,-1.40,1.78,True,11:05,2572.98,16:00,2568.64,session,-9.20,0.90,-10.10,LOSS
2024-09-19,XAUUSD,A,C1D,LONG,2557.37,2559.43,2558.36,1.06,0.99,ABOVE,12:15,2559.45,18.03,0.11,,,,False,,,16:00,2577.01,session,17.57,0.30,17.27,WIN
2024-09-23,XAUUSD,A,C1D,SHORT,2620.89,2620.28,2619.45,0.83,0.61,BELOW,10:05,2618.93,2.75,2.16,2.75,-2.16,4.91,True,11:35,2621.09,16:00,2629.01,session,-13.59,0.90,-14.49,LOSS
2024-09-25,XAUUSD,A,C1D,SHORT,2658.52,2658.32,2657.59,0.73,0.20,BELOW,11:30,2656.39,0.51,4.08,0.51,-4.06,4.57,True,11:50,2660.45,16:00,2659.24,session,-9.32,0.90,-10.22,LOSS
2024-09-26,XAUUSD,A,C1D,SHORT,2658.44,2656.76,2656.43,0.33,1.68,BELOW,10:05,2656.26,0.77,0.64,0.77,-0.59,1.37,True,10:15,2656.86,16:00,2660.98,session,3.53,0.60,2.93,WIN
2024-10-01,XAUUSD,A,C1D,LONG,2635.35,2636.02,2635.85,0.17,0.50,ABOVE,10:05,2636.56,0.25,1.91,0.25,-1.84,2.09,True,10:35,2634.72,16:00,2643.51,session,3.22,0.90,2.32,WIN
2024-10-02,XAUUSD,A,C1D,SHORT,2660.74,2660.41,2660.09,0.32,0.32,BELOW,10:05,2659.37,2.98,1.48,2.98,-1.40,4.38,True,11:45,2660.77,16:00,2648.14,session,9.74,0.90,8.84,WIN
2024-10-04,XAUUSD,A,C1D,LONG,2655.33,2656.14,2655.89,0.24,0.57,ABOVE,10:05,2656.99,10.88,1.43,,,,False,,,16:00,2667.03,session,10.05,0.30,9.75,WIN
2024-10-08,XAUUSD,A,C1D,LONG,2643.31,2644.26,2644.09,0.18,0.78,ABOVE,10:15,2644.83,0.15,1.10,0.15,-0.92,1.07,True,10:25,2643.91,16:00,2642.28,session,-4.51,0.90,-5.41,LOSS
2024-10-09,XAUUSD,A,C1D,LONG,2621.70,2622.67,2622.11,0.56,0.42,ABOVE,10:05,2623.09,0.74,1.11,0.74,-1.07,1.81,True,10:55,2622.02,16:00,2619.51,session,-5.07,0.90,-5.97,LOSS
2024-10-10,XAUUSD,A,C1D,LONG,2608.30,2608.91,2608.86,0.05,0.56,ABOVE,10:05,2609.12,0.34,0.51,0.34,-0.51,0.85,True,10:35,2608.62,16:00,2614.88,session,4.97,0.90,4.07,WIN
2024-10-15,XAUUSD,A,C1D,LONG,2650.11,2650.43,2650.12,0.31,0.01,ABOVE,10:05,2650.66,0.36,1.21,0.36,-1.18,1.54,True,10:40,2649.48,16:00,2642.24,session,-10.38,0.90,-11.28,LOSS
2024-10-16,XAUUSD,A,C1D,SHORT,2662.57,2662.28,2662.01,0.27,0.29,BELOW,10:05,2661.70,0.36,0.91,0.36,-0.65,1.01,True,10:40,2662.36,16:00,2667.74,session,-7.18,0.90,-8.08,LOSS
2024-10-17,XAUUSD,A,C1D,LONG,2673.43,2673.85,2673.82,0.03,0.39,ABOVE,10:10,2674.01,10.93,0.01,,,,False,,,16:00,2678.91,session,4.90,0.30,4.60,WIN
2024-10-21,XAUUSD,A,C1D,LONG,2722.20,2724.07,2723.70,0.37,1.49,ABOVE,10:35,2724.28,0.92,1.60,0.92,-1.59,2.51,True,10:45,2722.69,16:00,2730.11,session,1.60,0.90,0.70,WIN
2024-10-23,XAUUSD,A,C1D,SHORT,2747.99,2747.57,2747.41,0.16,0.41,BELOW,10:40,2746.57,8.62,1.52,8.62,-1.48,10.11,True,15:10,2748.05,16:00,2750.20,session,0.68,0.60,0.08,WIN
2024-10-24,XAUUSD,A,C1D,LONG,2717.93,2719.30,2718.11,1.18,0.18,ABOVE,10:10,2719.71,7.53,1.78,,,,False,,,16:00,2727.09,session,7.38,0.30,7.08,WIN
2024-10-28,XAUUSD,A,C1D,LONG,2732.72,2736.68,2734.66,2.02,1.93,ABOVE,10:05,2737.16,3.16,3.57,3.16,-3.34,6.50,True,11:05,2733.83,16:00,2733.31,session,-2.82,0.60,-3.42,LOSS
2024-10-29,XAUUSD,A,C1D,LONG,2741.53,2742.20,2741.66,0.53,0.13,ABOVE,10:10,2742.49,0.36,1.24,0.36,-1.03,1.39,True,10:30,2741.46,16:00,2755.73,session,11.49,0.90,10.59,WIN
2024-10-30,XAUUSD,A,C1D,SHORT,2774.93,2774.76,2774.24,0.53,0.17,BELOW,10:05,2773.91,0.38,1.35,0.38,-1.14,1.53,True,10:50,2775.05,16:00,2779.44,session,3.24,0.60,2.64,WIN
2024-10-31,XAUUSD,A,C1D,LONG,2786.90,2787.88,2787.51,0.36,0.61,ABOVE,11:15,2787.99,0.28,1.32,0.28,-1.23,1.51,True,11:20,2786.76,16:00,2784.18,session,-8.91,0.90,-9.81,LOSS
2024-11-01,XAUUSD,A,C1D,LONG,2745.88,2746.32,2746.18,0.14,0.30,ABOVE,10:05,2746.62,1.32,0.92,1.32,-0.88,2.20,True,11:30,2745.75,16:00,2752.36,session,3.97,0.90,3.07,WIN
2025-03-10,XAUUSD,A,C1D,LONG,2911.96,2912.74,2911.99,0.75,0.03,ABOVE,10:05,2912.80,5.59,2.98,5.59,-2.03,7.62,True,13:10,2910.76,16:00,2909.59,session,-8.84,0.90,-9.74,LOSS
2025-03-11,XAUUSD,A,C1D,SHORT,2885.36,2885.06,2884.66,0.40,0.30,BELOW,10:15,2884.34,1.91,1.76,1.91,-0.81,2.72,True,11:05,2885.14,16:00,2897.84,session,-16.24,0.90,-17.14,LOSS
2025-03-12,XAUUSD,A,C1D,LONG,2915.47,2918.43,2917.79,0.64,2.32,ABOVE,10:05,2919.46,0.30,2.03,0.30,-1.87,2.16,True,10:10,2917.59,16:00,2913.74,session,-7.82,0.90,-8.72,LOSS
2025-03-13,XAUUSD,A,C1D,LONG,2937.78,2938.58,2938.22,0.36,0.43,ABOVE,10:35,2938.69,0.20,1.33,0.20,-1.01,1.21,True,10:45,2937.68,16:00,2944.63,session,3.93,0.90,3.03,WIN
2025-03-17,XAUUSD,A,C1D,LONG,2989.15,2989.48,2989.18,0.30,0.03,ABOVE,10:05,2989.83,4.41,1.49,4.41,-1.49,5.89,True,11:10,2988.34,16:00,2983.08,session,-10.74,0.90,-11.64,LOSS
2025-03-19,XAUUSD,A,C1D,LONG,3034.04,3034.66,3034.53,0.12,0.49,ABOVE,14:10,3034.94,4.11,0.95,,,,False,,,16:00,3037.36,session,2.41,0.30,2.11,WIN
2025-03-21,XAUUSD,A,C1D,LONG,3045.11,3045.89,3045.84,0.05,0.72,ABOVE,10:10,3046.07,0.00,0.68,0.00,-0.37,0.37,True,10:15,3045.70,16:00,3029.61,session,-16.98,0.90,-17.88,LOSS
2025-03-25,XAUUSD,A,C1D,LONG,3010.17,3011.86,3011.51,0.35,1.34,ABOVE,10:05,3012.09,0.00,0.62,0.00,-0.60,0.60,True,10:10,3011.49,16:00,3017.42,session,4.15,0.90,3.25,WIN
2025-03-26,XAUUSD,A,C1D,LONG,3020.82,3021.47,3021.46,0.01,0.64,ABOVE,10:05,3021.55,0.07,0.37,0.07,-0.36,0.43,True,10:10,3021.20,16:00,3015.64,session,-6.73,0.90,-7.63,LOSS
2025-03-27,XAUUSD,A,C1D,SHORT,3020.01,3019.55,3018.78,0.76,0.47,BELOW,10:15,3018.77,0.41,1.35,0.41,-1.09,1.51,True,10:20,3019.86,16:00,3033.53,session,12.58,0.60,11.98,WIN
2025-03-28,XAUUSD,A,C1D,SHORT,3055.93,3055.16,3054.51,0.65,0.77,BELOW,10:05,3054.34,0.11,0.96,0.11,-0.94,1.05,True,10:40,3055.28,16:00,3074.30,session,18.08,0.60,17.48,WIN
2025-04-03,XAUUSD,A,C1D,LONG,3144.70,3148.82,3145.99,2.82,1.30,ABOVE,10:05,3153.24,14.60,10.47,14.60,-10.47,25.07,True,11:15,3142.76,16:00,3140.43,session,-25.21,0.90,-26.11,LOSS
2025-04-07,XAUUSD,A,C1D,LONG,2995.82,2999.75,2999.64,0.11,3.82,ABOVE,11:10,3007.05,50.25,2.32,,,,False,,,16:00,3030.14,session,23.09,0.30,22.79,WIN
2025-04-09,XAUUSD,A,C1D,LONG,2970.83,2978.57,2977.97,0.61,7.14,ABOVE,10:05,2981.02,6.08,8.61,6.08,-7.58,13.66,True,11:00,2973.44,16:00,3019.12,session,27.63,0.90,26.73,WIN
2025-04-16,XAUUSD,A,C1D,LONG,3244.05,3258.99,3251.91,7.07,7.87,ABOVE,10:15,3259.17,32.76,3.16,,,,False,,,16:00,3287.07,session,27.90,0.30,27.60,WIN
2025-04-17,XAUUSD,A,C1D,SHORT,3352.01,3350.27,3346.19,4.08,1.74,BELOW,10:05,3344.85,2.84,8.66,2.84,-8.21,11.05,True,11:10,3353.06,16:00,3326.47,session,-11.43,0.90,-12.33,LOSS
2025-04-22,XAUUSD,A,C1D,SHORT,3436.39,3434.53,3419.24,15.30,1.86,BELOW,10:05,3418.82,3.45,17.75,3.45,-17.18,20.63,True,11:15,3436.01,16:00,3490.03,session,36.85,0.60,36.25,WIN
2025-04-23,XAUUSD,A,C1D,SHORT,3339.34,3338.49,3336.80,1.69,0.84,BELOW,13:10,3336.32,5.30,3.84,5.30,-2.70,8.01,True,13:15,3339.03,16:00,3310.12,session,18.82,0.90,17.92,WIN
2025-04-24,XAUUSD,A,C1D,LONG,3314.59,3316.48,3315.23,1.25,0.64,ABOVE,10:05,3317.54,50.14,0.00,,,,False,,,16:00,3325.75,session,8.21,0.30,7.91,WIN
2025-04-25,XAUUSD,A,C1D,SHORT,3353.24,3352.45,3348.92,3.53,0.78,BELOW,11:20,3348.74,0.16,4.33,0.16,-4.33,4.49,True,11:25,3353.07,16:00,3297.05,session,40.67,0.90,39.77,WIN
2025-04-28,XAUUSD,A,C1D,LONG,3302.11,3308.28,3302.80,5.48,0.69,ABOVE,10:05,3310.82,5.34,9.49,5.34,-8.91,14.25,True,11:15,3301.91,16:00,3292.91,session,0.10,0.60,-0.50,LOSS
2025-04-29,XAUUSD,A,C1D,SHORT,3339.34,3337.66,3335.00,2.66,1.67,BELOW,10:20,3334.10,28.96,6.04,,,,False,,,16:00,3310.32,session,23.78,0.30,23.48,WIN
2025-04-30,XAUUSD,A,C1D,LONG,3315.81,3321.33,3317.18,4.15,1.37,ABOVE,10:05,3323.45,4.70,7.32,4.70,-7.05,11.75,True,10:35,3316.41,16:00,3310.02,session,-0.66,0.60,-1.26,LOSS
2025-05-01,XAUUSD,A,C1D,SHORT,3275.97,3274.68,3273.03,1.64,1.29,BELOW,10:15,3268.74,47.41,0.03,,,,False,,,16:00,3241.14,session,27.59,0.30,27.29,WIN
2025-05-02,XAUUSD,A,C1D,LONG,3237.30,3240.12,3237.44,2.68,0.14,ABOVE,10:15,3240.76,3.70,8.87,3.70,-8.09,11.78,True,10:45,3232.68,16:00,3252.94,session,-7.12,0.90,-8.02,LOSS
2025-05-05,XAUUSD,A,C1D,SHORT,3250.09,3248.16,3246.58,1.58,1.93,BELOW,10:05,3245.57,4.37,7.78,4.37,-7.75,12.12,True,11:00,3253.32,16:00,3257.63,session,-3.43,0.60,-4.03,LOSS
2025-05-06,XAUUSD,A,C1D,SHORT,3334.46,3334.13,3332.28,1.85,0.33,BELOW,10:15,3328.84,6.09,21.59,6.09,-20.95,27.04,True,11:00,3349.80,16:00,3360.53,session,-10.22,0.60,-10.82,LOSS
2025-05-09,XAUUSD,A,C1D,LONG,3316.16,3317.84,3316.47,1.37,0.30,ABOVE,10:45,3319.75,3.53,6.40,3.53,-4.05,7.59,True,11:10,3315.70,16:00,3323.17,session,-1.06,0.90,-1.96,LOSS
2025-05-13,XAUUSD,A,C1D,SHORT,3237.79,3237.20,3236.86,0.34,0.59,BELOW,10:30,3236.21,2.25,2.12,2.25,-2.05,4.30,True,10:50,3238.26,16:00,3256.28,session,-24.66,0.90,-25.56,LOSS
2025-05-14,XAUUSD,A,C1D,SHORT,3254.82,3254.44,3249.14,5.30,0.38,BELOW,10:05,3245.51,23.95,6.39,,,,False,,,16:00,3233.58,session,11.93,0.30,11.63,WIN
2025-05-19,XAUUSD,A,C1D,LONG,3227.36,3236.66,3235.03,1.63,7.66,ABOVE,10:05,3243.26,6.59,12.12,6.59,-9.67,16.26,True,11:10,3233.59,16:00,3224.43,session,-0.52,0.60,-1.12,LOSS
2025-05-23,XAUUSD,A,C1D,SHORT,3301.55,3300.22,3295.43,4.79,1.33,BELOW,10:50,3295.26,1.36,5.76,1.36,-5.62,6.98,True,10:55,3300.89,16:00,3329.28,session,-47.19,0.90,-48.09,LOSS
2025-05-27,XAUUSD,A,C1D,SHORT,3346.44,3346.20,3345.41,0.79,0.24,BELOW,10:20,3344.55,0.72,2.15,0.72,-2.03,2.74,True,10:30,3346.57,16:00,3323.65,session,15.31,0.90,14.41,WIN
2025-05-29,XAUUSD,A,C1D,LONG,3259.05,3262.92,3259.93,2.99,0.88,ABOVE,10:35,3264.40,4.88,9.93,4.88,-8.97,13.85,True,11:00,3255.43,16:00,3274.38,session,-6.51,0.90,-7.41,LOSS
2025-05-30,XAUUSD,A,C1D,LONG,3314.32,3318.20,3315.57,2.64,1.25,ABOVE,11:15,3319.93,2.99,7.86,2.99,-5.01,8.00,True,11:30,3314.93,16:00,3301.76,session,8.16,0.60,7.56,WIN
2025-06-06,XAUUSD,A,C1D,LONG,3361.58,3363.73,3361.91,1.82,0.33,ABOVE,10:10,3363.87,0.29,2.48,0.29,-2.12,2.41,True,10:35,3361.74,16:00,3364.78,session,-7.80,0.90,-8.70,LOSS
2025-06-12,XAUUSD,A,C1D,LONG,3362.89,3365.51,3363.60,1.91,0.70,ABOVE,10:15,3366.76,11.13,4.30,,,,False,,,16:00,3374.44,session,7.68,0.30,7.38,WIN
2025-06-13,XAUUSD,A,C1D,LONG,3389.91,3400.94,3395.86,5.09,5.94,ABOVE,10:05,3410.93,33.57,10.69,,,,False,,,16:00,3425.84,session,14.92,0.30,14.62,WIN
2025-06-24,XAUUSD,A,C1D,SHORT,3347.80,3344.49,3335.88,8.61,3.31,BELOW,15:35,3333.58,6.86,2.64,,,,False,,,16:00,3331.11,session,2.47,0.30,2.17,WIN
2025-06-27,XAUUSD,A,C1D,SHORT,3320.43,3318.73,3316.64,2.09,1.70,BELOW,10:15,3316.45,3.15,2.59,3.15,-2.53,5.68,True,10:55,3318.98,16:00,3298.92,session,11.81,0.90,10.91,WIN
2025-06-30,XAUUSD,A,C1D,SHORT,3266.78,3266.16,3263.81,2.35,0.62,BELOW,10:35,3263.62,0.32,2.97,0.32,-2.72,3.03,True,10:45,3266.34,16:00,3290.05,session,-37.04,0.90,-37.94,LOSS
2025-07-02,XAUUSD,A,C1D,SHORT,3338.40,3338.21,3337.01,1.20,0.19,BELOW,10:35,3336.82,0.84,1.71,0.84,-1.64,2.48,True,10:45,3338.47,16:00,3337.15,session,-5.92,0.90,-6.82,LOSS
2025-07-03,XAUUSD,A,C1D,SHORT,3350.63,3349.51,3346.14,3.38,1.12,BELOW,10:05,3345.59,3.58,4.45,3.58,-4.37,7.95,True,12:45,3349.97,16:00,3363.61,session,9.27,0.60,8.67,WIN
2025-07-04,XAUUSD,A,C1D,SHORT,3331.84,3330.99,3329.72,1.28,0.85,BELOW,10:05,3327.91,1.98,4.83,1.98,-4.70,6.68,True,11:15,3332.61,16:00,3341.31,session,-20.35,0.90,-21.25,LOSS
2025-07-08,XAUUSD,A,C1D,SHORT,3336.58,3336.01,3334.72,1.29,0.57,BELOW,10:15,3333.76,4.02,3.34,4.02,-2.26,6.28,True,12:25,3336.02,16:00,3333.98,session,-3.86,0.90,-4.76,LOSS
2025-07-09,XAUUSD,A,C1D,LONG,3300.94,3306.38,3302.36,4.02,1.41,ABOVE,10:55,3307.18,0.13,7.77,0.13,-7.06,7.18,True,11:45,3300.12,16:00,3289.89,session,3.17,0.60,2.57,WIN
2025-07-10,XAUUSD,A,C1D,LONG,3317.17,3317.70,3317.24,0.46,0.07,ABOVE,10:05,3319.18,7.21,2.64,7.21,-1.99,9.20,True,13:50,3317.19,16:00,3321.61,session,0.04,0.90,-0.86,LOSS
2025-07-14,XAUUSD,A,C1D,SHORT,3368.28,3367.74,3366.03,1.71,0.54,BELOW,10:05,3365.99,0.90,2.41,0.90,-2.27,3.18,True,10:10,3368.26,16:00,3357.71,session,-2.30,0.90,-3.20,LOSS
2025-07-18,XAUUSD,A,C1D,SHORT,3341.64,3340.34,3340.15,0.18,1.30,BELOW,10:05,3339.95,0.27,0.89,0.27,-0.89,1.16,True,10:10,3340.85,16:00,3332.57,session,4.36,0.90,3.46,WIN
2025-07-21,XAUUSD,A,C1D,LONG,3347.68,3349.21,3348.79,0.42,1.11,ABOVE,10:05,3349.91,19.80,0.77,,,,False,,,16:00,3366.11,session,16.20,0.30,15.90,WIN
2025-07-25,XAUUSD,A,C1D,LONG,3368.64,3369.49,3369.05,0.43,0.41,ABOVE,10:05,3369.99,3.51,1.94,3.51,-1.94,5.45,True,11:15,3368.05,16:00,3359.43,session,-14.29,0.90,-15.19,LOSS
2025-07-28,XAUUSD,A,C1D,LONG,3332.43,3334.86,3333.68,1.18,1.25,ABOVE,11:00,3336.39,2.43,5.07,2.43,-4.24,6.67,True,11:55,3332.14,16:00,3341.57,session,-1.67,0.90,-2.57,LOSS
2025-07-30,XAUUSD,A,C1D,LONG,3326.95,3330.12,3327.57,2.55,0.62,ABOVE,10:30,3330.39,3.37,5.93,3.37,-5.72,9.09,True,11:35,3324.68,16:00,3325.01,session,-19.96,0.90,-20.86,LOSS
2025-07-31,XAUUSD,A,C1D,LONG,3282.11,3287.51,3285.41,2.11,3.30,ABOVE,10:30,3287.57,14.39,2.53,,,,False,,,16:00,3299.69,session,12.12,0.30,11.82,WIN
2025-08-01,XAUUSD,A,C1D,SHORT,3290.77,3288.59,3287.82,0.76,2.18,BELOW,10:05,3287.66,1.05,2.46,1.05,-1.14,2.20,True,10:25,3288.81,16:00,3296.95,session,-13.87,0.90,-14.77,LOSS
2025-08-06,XAUUSD,A,C1D,LONG,3382.38,3383.38,3383.26,0.12,0.88,ABOVE,10:15,3383.72,1.65,2.74,1.65,-0.84,2.49,True,10:40,3382.88,16:00,3376.38,session,-8.60,0.90,-9.50,LOSS
2025-08-08,XAUUSD,A,C1D,SHORT,3400.68,3400.64,3399.68,0.95,0.05,BELOW,10:15,3394.26,13.05,5.33,,,,False,,,16:00,3395.08,session,-0.82,0.30,-1.12,LOSS
2025-08-11,XAUUSD,A,C1D,SHORT,3393.76,3391.53,3388.64,2.89,2.23,BELOW,10:10,3387.61,20.06,2.58,,,,False,,,16:00,3374.36,session,13.25,0.30,12.95,WIN
2025-08-12,XAUUSD,A,C1D,SHORT,3349.47,3349.12,3349.05,0.07,0.34,BELOW,11:30,3348.94,2.72,1.24,2.72,-1.19,3.91,True,11:35,3350.13,16:00,3351.30,session,-5.33,0.90,-6.23,LOSS
2025-08-13,XAUUSD,A,C1D,SHORT,3350.84,3350.64,3349.49,1.16,0.19,BELOW,10:05,3347.21,4.57,4.88,4.57,-3.76,8.33,True,11:55,3350.97,16:00,3351.57,session,-10.28,0.90,-11.18,LOSS
2025-08-14,XAUUSD,A,C1D,LONG,3362.90,3365.51,3362.95,2.57,0.05,ABOVE,10:05,3367.36,7.45,4.52,7.45,-4.49,11.94,True,12:55,3362.86,16:00,3356.74,session,1.62,0.60,1.02,WIN
2025-08-20,XAUUSD,A,C1D,SHORT,3315.20,3314.41,3313.88,0.53,0.79,BELOW,10:10,3313.84,1.03,1.97,1.03,-1.91,2.94,True,10:45,3315.76,16:00,3324.66,session,-14.65,0.90,-15.55,LOSS
2025-08-22,XAUUSD,A,C1D,SHORT,3339.24,3338.52,3337.07,1.45,0.72,BELOW,10:10,3336.62,1.43,2.64,1.43,-2.59,4.03,True,10:30,3339.21,16:00,3328.51,session,-1.58,0.90,-2.48,LOSS
2025-08-25,XAUUSD,A,C1D,SHORT,3369.32,3369.14,3366.11,3.03,0.18,BELOW,10:05,3365.39,5.61,2.84,,,,False,,,16:00,3366.51,session,-1.12,0.30,-1.42,LOSS
2025-08-26,XAUUSD,A,C1D,LONG,3352.93,3357.05,3354.99,2.07,2.06,ABOVE,10:05,3360.18,26.51,0.60,,,,False,,,16:00,3375.76,session,15.58,0.30,15.28,WIN
2025-08-27,XAUUSD,A,C1D,SHORT,3391.19,3390.93,3390.89,0.04,0.26,BELOW,10:30,3389.80,0.82,1.59,0.82,-1.38,2.20,True,10:50,3391.18,16:00,3378.44,session,8.16,0.90,7.26,WIN
2025-09-04,XAUUSD,A,C1D,LONG,3557.99,3560.55,3558.72,1.84,0.73,ABOVE,10:55,3561.57,1.90,5.99,1.90,-5.50,7.40,True,11:15,3556.07,16:00,3527.32,session,23.26,0.60,22.66,WIN
2025-09-05,XAUUSD,A,C1D,LONG,3552.51,3554.72,3552.76,1.96,0.26,ABOVE,11:20,3554.86,1.25,3.84,1.25,-3.70,4.95,True,11:45,3551.15,16:00,3556.62,session,-6.57,0.90,-7.47,LOSS
2025-09-08,XAUUSD,A,C1D,SHORT,3591.61,3591.21,3587.72,3.49,0.39,BELOW,11:05,3587.55,2.65,7.03,2.65,-3.68,6.33,True,12:00,3591.24,16:00,3590.55,session,-10.08,0.90,-10.98,LOSS
2025-09-09,XAUUSD,A,C1D,LONG,3632.22,3635.04,3634.97,0.07,2.76,ABOVE,10:10,3637.21,22.23,1.05,,,,False,,,16:00,3650.64,session,13.44,0.30,13.14,WIN
2025-09-10,XAUUSD,A,C1D,SHORT,3636.57,3633.70,3631.41,2.29,2.87,BELOW,10:10,3630.47,10.33,5.18,10.33,-3.77,14.10,True,12:10,3634.24,16:00,3641.52,session,3.51,0.60,2.91,WIN
2025-09-11,XAUUSD,A,C1D,LONG,3644.36,3645.86,3645.01,0.86,0.65,ABOVE,10:10,3646.68,0.58,2.28,0.58,-2.22,2.80,True,10:30,3644.45,16:00,3626.55,session,-23.00,0.90,-23.90,LOSS
2025-09-17,XAUUSD,A,C1D,LONG,3693.01,3694.48,3693.39,1.09,0.39,ABOVE,10:05,3694.95,0.57,2.39,0.57,-1.74,2.32,True,10:30,3693.20,16:00,3678.32,session,13.14,0.60,12.54,WIN
2025-09-18,XAUUSD,A,C1D,SHORT,3669.78,3669.05,3667.01,2.05,0.73,BELOW,10:05,3663.97,20.03,4.94,,,,False,,,16:00,3644.21,session,19.76,0.30,19.46,WIN
2025-09-19,XAUUSD,A,C1D,LONG,3638.59,3641.90,3640.20,1.70,1.61,ABOVE,11:00,3644.12,7.28,11.74,7.28,-4.13,11.41,True,11:55,3639.99,16:00,3652.38,session,2.61,0.90,1.71,WIN
2025-09-23,XAUUSD,A,C1D,SHORT,3748.79,3748.42,3747.78,0.64,0.37,BELOW,10:10,3746.82,1.78,2.38,1.78,-2.26,4.04,True,10:25,3749.07,16:00,3753.26,session,-11.13,0.90,-12.03,LOSS
2025-09-26,XAUUSD,A,C1D,LONG,3744.76,3747.22,3744.78,2.44,0.01,ABOVE,10:50,3747.66,5.65,3.85,5.65,-3.79,9.45,True,11:10,3743.86,16:00,3744.24,session,-10.30,0.90,-11.20,LOSS
2025-09-30,XAUUSD,A,C1D,LONG,3830.05,3835.79,3832.97,2.82,2.91,ABOVE,10:10,3838.67,31.87,3.96,,,,False,,,16:00,3868.25,session,29.58,0.30,29.28,WIN
2025-10-01,XAUUSD,A,C1D,LONG,3862.58,3864.60,3863.05,1.55,0.47,ABOVE,10:10,3865.14,0.24,3.87,0.24,-3.87,4.11,True,10:25,3861.26,16:00,3861.91,session,-10.92,0.90,-11.82,LOSS
2025-10-02,XAUUSD,A,C1D,LONG,3862.32,3863.49,3862.49,1.01,0.17,ABOVE,11:20,3864.45,3.16,2.91,3.16,-2.63,5.79,True,12:00,3861.82,16:00,3869.70,session,-1.88,0.90,-2.78,LOSS
2025-10-03,XAUUSD,A,C1D,SHORT,3862.87,3862.27,3860.32,1.95,0.60,BELOW,10:05,3860.14,22.07,2.68,,,,False,,,16:00,3852.65,session,7.49,0.30,7.19,WIN
2025-10-06,XAUUSD,A,C1D,LONG,3894.26,3918.51,3899.41,19.11,5.15,ABOVE,13:00,3922.18,18.65,3.29,,,,False,,,16:00,3939.68,session,17.51,0.30,17.21,WIN
2025-10-07,XAUUSD,A,C1D,LONG,3961.57,3964.53,3963.55,0.99,1.97,ABOVE,10:15,3966.99,10.41,5.55,10.41,-4.18,14.59,True,11:55,3962.81,16:00,3972.43,session,1.35,0.90,0.45,WIN
2025-10-08,XAUUSD,A,C1D,LONG,3987.53,3990.64,3989.59,1.05,2.07,ABOVE,10:15,3991.93,0.00,3.34,0.00,-2.88,2.88,True,10:25,3989.05,16:00,4026.62,session,21.21,0.90,20.31,WIN
2025-10-09,XAUUSD,A,C1D,SHORT,4022.09,4021.51,4014.14,7.37,0.57,BELOW,10:25,4013.95,12.62,8.51,12.62,-7.86,20.47,True,11:15,4021.80,16:00,4038.07,session,-49.29,0.90,-50.19,LOSS
2025-10-10,XAUUSD,A,C1D,SHORT,3977.20,3975.81,3975.34,0.47,1.39,BELOW,10:05,3975.11,0.55,2.27,0.55,-1.98,2.53,True,10:15,3977.09,16:00,3967.93,session,-2.74,0.90,-3.64,LOSS
2025-10-13,XAUUSD,A,C1D,LONG,4036.67,4050.49,4042.49,8.00,5.82,ABOVE,10:05,4059.84,0.11,19.34,0.11,-18.03,18.13,True,10:30,4041.82,16:00,4061.55,session,-19.01,0.90,-19.91,LOSS
2025-10-14,XAUUSD,A,C1D,LONG,4111.95,4115.22,4115.02,0.20,3.06,ABOVE,10:05,4115.50,1.61,1.68,1.61,-0.65,2.27,True,10:10,4114.85,16:00,4169.50,session,30.56,0.90,29.66,WIN
2025-10-15,XAUUSD,A,C1D,SHORT,4161.02,4158.73,4158.47,0.26,2.30,BELOW,11:25,4156.14,1.03,9.19,1.03,-8.51,9.53,True,11:35,4164.65,16:00,4179.31,session,6.16,0.60,5.56,WIN
2025-10-17,XAUUSD,A,C1D,SHORT,4357.89,4349.93,4346.97,2.96,7.96,BELOW,12:15,4337.00,58.32,15.47,58.32,-15.23,73.55,True,14:05,4352.23,16:00,4368.76,session,1.31,0.60,0.71,WIN
2025-10-20,XAUUSD,A,C1D,SHORT,4262.23,4255.99,4254.83,1.16,6.24,BELOW,10:05,4252.59,33.48,12.39,33.48,-10.35,43.82,True,12:25,4262.94,16:00,4265.10,session,-32.80,0.90,-33.70,LOSS
2025-10-22,XAUUSD,A,C1D,SHORT,4124.93,4123.50,4119.80,3.70,1.43,BELOW,10:10,4117.15,2.63,10.17,2.63,-6.73,9.36,True,10:25,4123.88,16:00,4133.36,session,-40.86,0.90,-41.76,LOSS
2025-10-27,XAUUSD,A,C1D,LONG,4078.47,4083.22,4081.91,1.31,3.44,ABOVE,10:05,4085.41,1.65,6.96,1.65,-4.91,6.55,True,10:20,4080.50,16:00,4072.28,session,-40.95,0.90,-41.85,LOSS
2025-10-28,XAUUSD,A,C1D,SHORT,3990.21,3990.09,3987.18,2.92,0.12,BELOW,10:05,3985.70,2.45,7.41,2.45,-6.41,8.86,True,10:15,3992.11,16:00,3973.37,session,1.00,0.90,0.10,WIN
2025-10-30,XAUUSD,A,C1D,SHORT,3946.38,3942.84,3941.46,1.38,3.54,BELOW,13:00,3937.55,22.03,6.28,22.03,-5.89,27.93,True,15:10,3943.45,16:00,3971.40,session,22.06,0.60,21.46,WIN
2025-10-31,XAUUSD,A,C1D,LONG,4028.78,4037.72,4032.20,5.53,3.42,ABOVE,10:45,4040.51,2.74,11.58,2.74,-8.95,11.69,True,11:05,4031.56,16:00,4000.71,session,21.90,0.60,21.30,WIN
2026-03-10,XAUUSD,A,C1D,LONG,5142.04,5152.90,5142.65,10.26,0.61,ABOVE,10:15,5154.59,1.09,18.41,1.09,-17.16,18.25,True,10:40,5137.43,16:00,5168.64,session,-29.27,0.90,-30.17,LOSS
2026-03-12,XAUUSD,A,C1D,SHORT,5168.32,5147.68,5138.59,9.09,20.64,BELOW,10:55,5134.60,8.95,14.57,8.95,-14.48,23.43,True,11:20,5149.08,16:00,5145.12,session,-18.44,0.60,-19.04,LOSS
2026-03-13,XAUUSD,A,C1D,LONG,5088.42,5096.10,5093.23,2.87,4.81,ABOVE,10:20,5096.73,31.75,4.60,,,,False,,,16:00,5104.38,session,7.65,0.30,7.35,WIN
2026-03-16,XAUUSD,A,C1D,LONG,5020.97,5024.46,5021.85,2.61,0.88,ABOVE,11:30,5030.37,0.00,18.68,0.00,-12.93,12.93,True,12:00,5017.44,16:00,5013.93,session,-9.43,0.60,-10.03,LOSS
2026-03-17,XAUUSD,A,C1D,SHORT,5005.76,5005.59,5002.43,3.16,0.16,BELOW,11:30,5002.31,7.10,7.05,7.10,-6.97,14.06,True,12:05,5009.28,16:00,5035.57,session,19.32,0.60,18.72,WIN
2026-03-20,XAUUSD,A,C1D,SHORT,4645.99,4644.15,4636.48,7.67,1.84,BELOW,10:40,4635.86,0.23,9.31,0.23,-8.90,9.12,True,10:45,4644.76,16:00,4712.33,session,58.67,0.60,58.07,WIN
2026-03-23,XAUUSD,A,C1D,SHORT,4506.35,4499.27,4498.59,0.68,7.08,BELOW,10:05,4495.03,175.08,4.69,,,,False,,,16:00,4372.78,session,122.25,0.30,121.95,WIN
2026-03-24,XAUUSD,A,C1D,LONG,4412.40,4426.83,4426.36,0.47,13.96,ABOVE,10:05,4432.77,15.45,12.43,15.45,-10.75,26.20,True,11:10,4422.02,16:00,4328.04,session,83.23,0.60,82.63,WIN
2026-03-26,XAUUSD,A,C1D,SHORT,4518.37,4517.93,4504.42,13.51,0.44,BELOW,10:20,4503.36,14.28,24.47,14.28,-24.47,38.76,True,11:10,4527.83,16:00,4518.47,session,-62.47,0.90,-63.37,LOSS
2026-03-31,XAUUSD,A,C1D,SHORT,4512.37,4510.50,4502.80,7.70,1.87,BELOW,10:05,4495.35,2.53,20.26,2.53,-16.13,18.66,True,10:35,4511.48,16:00,4569.26,session,-104.47,0.90,-105.37,LOSS
2026-04-01,XAUUSD,A,C1D,LONG,4671.27,4681.23,4677.03,4.20,5.76,ABOVE,10:25,4682.22,42.15,6.56,42.15,-5.28,47.43,True,15:00,4676.94,16:00,4676.09,session,-4.43,0.60,-5.03,LOSS
2026-04-02,XAUUSD,A,C1D,SHORT,4780.38,4778.79,4776.90,1.89,1.59,BELOW,12:00,4743.60,94.12,21.45,,,,False,,,16:00,4672.63,session,70.97,0.30,70.67,WIN
2026-04-09,XAUUSD,A,C1D,SHORT,4717.78,4715.88,4705.78,10.10,1.90,BELOW,10:05,4700.86,1.68,17.70,1.68,-17.61,19.29,True,10:40,4718.48,16:00,4721.77,session,-47.65,0.90,-48.55,LOSS
2026-04-13,XAUUSD,A,C1D,LONG,4660.18,4671.87,4668.49,3.38,8.31,ABOVE,10:10,4672.47,58.34,3.31,,,,False,,,16:00,4726.26,session,53.80,0.30,53.50,WIN
2026-04-15,XAUUSD,A,C1D,SHORT,4841.73,4838.40,4837.38,1.03,3.32,BELOW,10:05,4834.86,7.57,6.05,7.57,-5.89,13.46,True,11:05,4840.74,16:00,4821.26,session,2.03,0.90,1.13,WIN
2026-04-17,XAUUSD,A,C1D,SHORT,4794.14,4791.63,4788.39,3.24,2.51,BELOW,11:05,4783.69,15.85,8.89,15.85,-8.28,24.13,True,12:00,4791.98,16:00,4793.61,session,-17.11,0.90,-18.01,LOSS
2026-04-20,XAUUSD,A,C1D,LONG,4744.02,4755.28,4749.81,5.47,5.79,ABOVE,10:15,4758.36,56.10,1.49,,,,False,,,16:00,4790.71,session,32.35,0.30,32.05,WIN
2026-04-21,XAUUSD,A,C1D,LONG,4821.12,4824.62,4822.45,2.18,1.32,ABOVE,10:05,4828.48,2.38,8.70,2.38,-8.35,10.73,True,10:25,4820.12,16:00,4782.82,session,-55.77,0.90,-56.67,LOSS
2026-04-22,XAUUSD,A,C1D,LONG,4738.14,4743.28,4738.40,4.88,0.26,ABOVE,10:05,4744.44,27.55,8.55,,,,False,,,16:00,4759.26,session,14.81,0.30,14.51,WIN
2026-04-23,XAUUSD,A,C1D,SHORT,4728.12,4728.04,4721.46,6.58,0.09,BELOW,10:05,4715.50,21.36,26.81,21.36,-25.90,47.26,True,10:25,4741.40,16:00,4714.82,session,-40.58,0.90,-41.48,LOSS
2026-04-24,XAUUSD,A,C1D,SHORT,4696.72,4696.12,4691.84,4.28,0.60,BELOW,11:40,4690.93,0.61,6.37,0.61,-6.34,6.95,True,11:45,4697.27,16:00,4683.48,session,-16.77,0.90,-17.67,LOSS
2026-04-27,XAUUSD,A,C1D,SHORT,4680.88,4680.45,4678.90,1.55,0.43,BELOW,10:05,4675.74,0.00,6.76,0.00,-5.16,5.16,True,10:25,4680.91,16:00,4711.28,session,-40.46,0.90,-41.36,LOSS
2026-04-29,XAUUSD,A,C1D,LONG,4589.43,4606.59,4595.11,11.48,5.68,ABOVE,10:05,4608.43,1.94,28.25,1.94,-26.05,27.98,True,11:00,4582.39,16:00,4597.10,session,-40.76,0.60,-41.36,LOSS
2026-04-30,XAUUSD,A,C1D,LONG,4558.00,4561.73,4559.25,2.48,1.25,ABOVE,10:05,4562.07,1.10,4.25,1.10,-4.09,5.18,True,10:10,4557.99,16:00,4562.06,session,-7.58,0.90,-8.48,LOSS
2026-05-01,XAUUSD,A,C1D,SHORT,4631.59,4628.10,4626.90,1.20,3.49,BELOW,10:10,4622.71,8.51,11.99,8.51,-8.12,16.64,True,12:10,4630.84,16:00,4605.51,session,4.67,0.90,3.77,WIN
2026-05-04,XAUUSD,A,C1D,SHORT,4614.57,4613.97,4608.76,5.21,0.60,BELOW,10:15,4607.82,16.54,10.99,16.54,-7.49,24.03,True,13:55,4615.31,16:00,4594.27,session,-0.78,0.90,-1.68,LOSS
2026-05-08,XAUUSD,A,C1D,LONG,4700.99,4705.08,4703.33,1.75,2.34,ABOVE,10:05,4707.80,1.81,6.12,1.81,-4.93,6.74,True,10:10,4702.87,16:00,4728.36,session,15.99,0.90,15.09,WIN
2026-05-11,XAUUSD,A,C1D,SHORT,4698.44,4691.84,4687.49,4.35,6.60,BELOW,10:05,4686.12,10.11,7.23,10.11,-6.90,17.01,True,10:30,4693.03,16:00,4659.81,session,5.61,0.90,4.71,WIN
2026-05-12,XAUUSD,A,C1D,LONG,4760.11,4767.51,4764.78,2.73,4.67,ABOVE,10:05,4768.32,5.24,15.06,5.24,-8.36,13.60,True,10:20,4759.96,16:00,4707.04,session,44.56,0.60,43.96,WIN
2026-05-15,XAUUSD,A,C1D,SHORT,4654.60,4652.24,4649.57,2.67,2.36,BELOW,10:20,4644.84,88.31,0.03,,,,False,,,16:00,4563.88,session,80.96,0.30,80.66,WIN
2026-05-18,XAUUSD,A,C1D,SHORT,4538.22,4537.70,4531.07,6.63,0.52,BELOW,10:05,4523.84,43.24,16.84,43.24,-14.60,57.83,True,12:35,4538.44,16:00,4535.48,session,-26.76,0.90,-27.66,LOSS
2026-05-19,XAUUSD,A,C1D,SHORT,4583.27,4582.30,4579.24,3.06,0.98,BELOW,10:10,4578.95,47.65,6.93,,,,False,,,16:00,4539.48,session,39.47,0.30,39.17,WIN
2026-05-20,XAUUSD,A,C1D,SHORT,4493.62,4489.23,4486.23,3.00,4.39,BELOW,10:05,4484.35,2.70,7.27,2.70,-7.10,9.81,True,10:20,4491.45,16:00,4473.02,session,-1.63,0.90,-2.53,LOSS
2026-05-25,XAUUSD,A,C1D,SHORT,4577.05,4568.98,4567.30,1.68,8.07,BELOW,11:05,4562.15,0.30,11.14,0.30,-9.53,9.84,True,11:20,4571.69,16:00,4553.15,session,-7.15,0.90,-8.05,LOSS
2026-05-27,XAUUSD,A,C1D,SHORT,4521.24,4521.03,4519.39,1.64,0.21,BELOW,10:20,4516.35,24.44,5.89,,,,False,,,16:00,4495.06,session,21.29,0.30,20.99,WIN
2026-05-29,XAUUSD,A,C1D,LONG,4490.48,4495.02,4494.76,0.27,4.28,ABOVE,10:10,4497.71,2.97,4.27,2.97,-3.34,6.31,True,10:35,4494.37,16:00,4519.11,session,12.95,0.90,12.05,WIN
2026-06-02,XAUUSD,A,C1D,LONG,4480.94,4484.68,4484.49,0.19,3.56,ABOVE,10:15,4485.38,11.76,4.54,11.76,-3.91,15.66,True,10:45,4481.47,16:00,4520.76,session,18.50,0.90,17.60,WIN
2026-06-03,XAUUSD,A,C1D,LONG,4471.72,4478.80,4474.40,4.39,2.68,ABOVE,10:20,4479.04,17.85,5.47,17.85,-5.18,23.03,True,11:00,4473.86,16:00,4467.08,session,-21.93,0.90,-22.83,LOSS
2026-06-05,XAUUSD,A,C1D,SHORT,4464.32,4462.55,4461.27,1.28,1.77,BELOW,10:10,4455.54,4.73,11.48,4.73,-8.78,13.51,True,10:35,4464.32,16:00,4437.66,session,8.33,0.90,7.43,WIN
2026-06-08,XAUUSD,A,C1D,LONG,4342.26,4345.49,4343.13,2.36,0.88,ABOVE,10:05,4345.71,7.68,5.61,7.68,-3.01,10.68,True,10:45,4342.70,16:00,4303.82,session,35.88,0.60,35.28,WIN
2026-06-09,XAUUSD,A,C1D,LONG,4314.18,4317.94,4317.43,0.51,3.24,ABOVE,10:05,4318.61,5.11,1.89,5.11,-1.77,6.88,True,10:25,4316.85,16:00,4344.61,session,21.44,0.90,20.54,WIN
2026-06-10,XAUUSD,A,C1D,LONG,4213.26,4221.75,4220.14,1.61,6.88,ABOVE,10:05,4225.39,2.67,9.19,2.67,-7.82,10.49,True,10:25,4217.57,16:00,4210.85,session,-1.10,0.60,-1.70,LOSS
2026-06-11,XAUUSD,A,C1D,SHORT,4049.63,4048.04,4043.34,4.70,1.59,BELOW,10:05,4042.78,7.28,12.63,7.28,-8.91,16.19,True,10:10,4051.69,16:00,4088.82,session,28.22,0.60,27.62,WIN
2026-06-15,XAUUSD,A,C1D,LONG,4293.86,4294.31,4293.95,0.36,0.09,ABOVE,10:05,4296.52,11.49,5.13,11.49,-4.31,15.80,True,10:55,4292.21,16:00,4311.78,session,7.92,0.90,7.02,WIN
2026-06-16,XAUUSD,A,C1D,SHORT,4316.94,4315.37,4315.22,0.15,1.57,BELOW,10:10,4313.37,6.77,7.13,6.77,-5.52,12.29,True,10:55,4318.89,16:00,4317.09,session,-11.64,0.90,-12.54,LOSS
2026-06-18,XAUUSD,A,C1D,LONG,4273.33,4291.90,4277.87,14.03,4.54,ABOVE,10:05,4292.86,36.71,0.81,,,,False,,,16:00,4307.01,session,14.15,0.30,13.85,WIN
2026-06-22,XAUUSD,A,C1D,LONG,4137.18,4146.70,4140.26,6.44,3.08,ABOVE,10:05,4148.46,72.28,1.46,,,,False,,,16:00,4191.26,session,42.80,0.30,42.50,WIN
2026-06-23,XAUUSD,A,C1D,SHORT,4190.48,4188.98,4187.32,1.66,1.50,BELOW,10:05,4184.05,5.97,9.20,5.97,-8.31,14.28,True,10:40,4192.36,16:00,4122.78,session,46.57,0.90,45.67,WIN
2026-06-24,XAUUSD,A,C1D,LONG,4095.26,4102.11,4099.23,2.88,3.97,ABOVE,10:05,4109.81,1.31,13.91,1.31,-13.90,15.21,True,10:20,4095.91,16:00,4077.52,session,4.49,0.60,3.89,WIN
2026-06-25,XAUUSD,A,C1D,LONG,4010.60,4013.05,4013.04,0.01,2.44,ABOVE,10:05,4014.72,1.33,11.20,1.33,-9.63,10.96,True,10:10,4005.09,16:00,3986.53,session,8.93,0.60,8.33,WIN
2026-06-26,XAUUSD,A,C1D,SHORT,4017.53,4014.22,4012.06,2.16,3.31,BELOW,12:15,4008.88,26.27,6.17,26.27,-6.17,32.44,True,15:10,4015.05,16:00,4007.58,session,-6.78,0.90,-7.68,LOSS
2026-06-29,XAUUSD,A,C1D,LONG,4061.51,4062.84,4062.08,0.76,0.57,ABOVE,10:40,4069.12,5.30,10.96,5.30,-7.57,12.87,True,11:05,4061.55,16:00,4058.45,session,-14.31,0.90,-15.21,LOSS
2026-06-30,XAUUSD,A,C1D,SHORT,4016.53,4014.07,4008.32,5.75,2.46,BELOW,10:05,4004.48,62.15,9.15,,,,False,,,16:00,3984.22,session,20.26,0.30,19.96,WIN
2026-07-01,XAUUSD,A,C1D,SHORT,4007.16,4006.81,4005.83,0.98,0.35,BELOW,10:15,4002.15,32.35,4.42,,,,False,,,16:00,3974.54,session,27.61,0.30,27.31,WIN
2026-07-07,XAUUSD,A,C1D,SHORT,4163.27,4156.94,4156.07,0.87,6.33,BELOW,10:10,4155.70,3.92,4.69,3.92,-2.78,6.70,True,10:20,4158.48,16:00,4126.38,session,14.40,0.90,13.50,WIN
2026-07-09,XAUUSD,A,C1D,LONG,4072.66,4080.31,4075.92,4.39,3.26,ABOVE,10:10,4087.25,2.47,17.23,2.47,-16.57,19.04,True,10:50,4070.68,16:00,4092.42,session,-17.01,0.90,-17.91,LOSS
2026-07-10,XAUUSD,A,C1D,SHORT,4124.00,4123.61,4123.17,0.44,0.39,BELOW,10:05,4122.57,8.41,3.07,8.41,-1.66,10.07,True,10:45,4124.23,16:00,4117.27,session,2.32,0.90,1.42,WIN
2026-07-13,XAUUSD,A,C1D,LONG,4078.54,4084.86,4083.72,1.14,5.18,ABOVE,10:05,4088.42,2.45,8.47,2.45,-6.09,8.54,True,10:15,4082.33,16:00,4050.72,session,-47.32,0.90,-48.22,LOSS
2026-07-15,XAUUSD,A,C1D,LONG,4052.72,4054.86,4053.31,1.55,0.59,ABOVE,10:20,4055.29,6.51,8.19,6.51,-4.49,11.00,True,11:30,4050.80,16:00,4030.88,session,15.43,0.60,14.83,WIN
2026-07-16,XAUUSD,A,C1D,SHORT,4058.38,4058.04,4057.54,0.50,0.34,BELOW,10:05,4055.15,0.56,5.07,0.56,-3.27,3.83,True,10:20,4058.42,16:00,4030.86,session,17.79,0.90,16.89,WIN
2026-07-17,XAUUSD,A,C1D,LONG,3978.25,3985.96,3984.68,1.28,6.43,ABOVE,10:15,3987.80,2.37,7.28,2.37,-6.55,8.92,True,10:30,3981.25,16:00,3991.81,session,-6.19,0.90,-7.09,LOSS
2026-07-22,XAUUSD,A,C1D,LONG,4080.68,4082.46,4080.73,1.73,0.05,ABOVE,10:05,4087.86,53.66,0.54,,,,False,,,16:00,4133.99,session,46.13,0.30,45.83,WIN
2026-07-23,XAUUSD,A,C1D,LONG,4129.37,4133.98,4130.46,3.52,1.09,ABOVE,11:10,4134.12,7.03,11.53,7.03,-11.36,18.39,True,11:35,4122.76,16:00,4123.80,session,-12.40,0.60,-13.00,LOSS
2026-07-24,XAUUSD,A,C1D,SHORT,4048.48,4047.20,4047.13,0.07,1.28,BELOW,10:05,4045.43,4.35,4.46,4.35,-3.13,7.48,True,10:35,4048.56,16:00,4025.03,session,10.98,0.90,10.08,WIN
2026-07-30,XAUUSD,A,C1D,SHORT,4090.98,4084.36,4080.41,3.95,6.62,BELOW,10:15,4077.15,12.41,12.27,12.41,-11.74,24.15,True,11:00,4088.89,16:00,4038.01,session,12.04,0.90,11.14,WIN
2026-07-31,XAUUSD,A,C1D,SHORT,4108.32,4105.98,4104.58,1.40,2.34,BELOW,10:05,4102.75,30.94,0.94,,,,False,,,16:00,4077.87,session,24.88,0.30,24.58,WIN
2026-08-04,XAUUSD,A,C1D,LONG,4051.62,4059.45,4053.37,6.08,1.75,ABOVE,10:05,4067.17,1.73,18.88,1.73,-17.95,19.68,True,10:55,4049.22,16:00,4064.02,session,-23.63,0.90,-24.53,LOSS
2026-08-05,XAUUSD,A,C1D,LONG,4071.57,4073.04,4072.68,0.36,1.11,ABOVE,10:15,4074.68,98.05,1.02,,,,False,,,16:00,4162.08,session,87.40,0.30,87.10,WIN
2026-08-07,XAUUSD,A,C1D,LONG,4248.29,4251.85,4249.45,2.40,1.16,ABOVE,11:40,4256.56,26.27,9.74,,,,False,,,16:00,4282.30,session,25.74,0.30,25.44,WIN
2026-08-10,XAUUSD,A,C1D,SHORT,4341.77,4340.29,4332.78,7.51,1.48,BELOW,10:55,4332.00,18.86,9.59,18.86,-9.05,27.91,True,15:35,4341.05,16:00,4342.37,session,-7.73,0.60,-8.33,LOSS
2026-08-11,XAUUSD,A,C1D,LONG,4397.54,4404.11,4402.48,1.63,4.94,ABOVE,10:05,4406.14,13.02,12.77,13.02,-5.97,18.99,True,11:00,4400.17,16:00,4379.37,session,-43.19,0.90,-44.09,LOSS
2026-08-12,XAUUSD,A,C1D,LONG,4368.54,4371.40,4368.56,2.84,0.02,ABOVE,10:10,4377.76,38.27,3.92,,,,False,,,16:00,4388.00,session,10.24,0.30,9.94,WIN
2026-08-13,XAUUSD,A,C1D,LONG,4408.39,4415.99,4414.44,1.55,6.05,ABOVE,10:05,4420.74,28.75,10.51,28.75,-8.24,36.99,True,11:45,4412.50,16:00,4377.79,session,26.47,0.60,25.87,WIN
2026-08-14,XAUUSD,A,C1D,SHORT,4361.43,4359.80,4356.04,3.76,1.63,BELOW,10:10,4351.81,40.99,0.02,,,,False,,,16:00,4335.69,session,16.12,0.30,15.82,WIN
2022-08-18,XAUUSD,B,none,LONG,1764.85,1765.66,1764.99,0.67,0.14,ABOVE,10:00,1765.66,1.94,3.90,0.20,-0.68,0.88,True,10:10,1764.98,16:00,1762.59,session,-3.08,0.30,-3.38,LOSS
2022-08-19,XAUUSD,B,none,SHORT,1758.59,1758.42,1758.10,0.32,0.17,BELOW,10:00,1758.10,6.28,0.00,,,,False,,,16:00,1755.15,session,2.94,0.30,2.64,WIN
2022-08-22,XAUUSD,B,none,SHORT,1746.26,1745.74,1745.58,0.16,0.51,BELOW,10:00,1745.58,3.40,3.51,0.09,-0.38,0.46,True,10:05,1745.95,16:00,1742.46,session,3.12,0.30,2.82,WIN
2022-08-23,XAUUSD,B,none,SHORT,1734.83,1735.43,1734.41,1.02,-0.61,STRADDLE,10:00,1734.41,0.12,6.19,0.12,-1.03,1.15,True,10:10,1735.44,16:00,1736.38,session,-1.96,0.30,-2.26,LOSS
2022-08-24,XAUUSD,B,none,LONG,1745.85,1747.20,1746.09,1.12,0.24,ABOVE,10:00,1747.20,0.99,3.10,0.62,-1.14,1.75,True,10:20,1746.07,16:00,1745.49,session,-1.71,0.30,-2.01,LOSS
2022-08-25,XAUUSD,B,none,SHORT,1751.38,1751.09,1750.12,0.97,0.29,BELOW,10:00,1750.12,0.03,8.67,0.03,-1.02,1.04,True,10:05,1751.13,16:00,1757.01,session,-6.89,0.30,-7.19,LOSS
2022-08-26,XAUUSD,B,none,SHORT,1756.14,1756.48,1755.99,0.49,-0.34,STRADDLE,10:00,1755.99,3.66,1.50,3.66,-0.51,4.17,True,13:45,1756.50,16:00,1756.88,session,-0.89,0.30,-1.19,LOSS
2022-08-29,XAUUSD,B,none,SHORT,1734.94,1734.90,1734.74,0.16,0.04,BELOW,10:00,1734.74,13.47,1.47,0.32,-0.33,0.64,True,10:10,1735.07,16:00,1722.87,session,11.87,0.30,11.57,WIN
2022-08-30,XAUUSD,B,none,LONG,1738.64,1739.78,1739.62,0.16,0.97,ABOVE,10:00,1739.78,0.83,6.07,0.83,-0.28,1.11,True,10:10,1739.50,16:00,1734.75,session,-5.03,0.30,-5.33,LOSS
2022-08-31,XAUUSD,B,none,LONG,1723.44,1723.46,1723.43,0.03,-0.02,STRADDLE,10:00,1723.46,3.13,2.79,1.09,-0.17,1.26,True,10:10,1723.29,16:00,1724.57,session,1.11,0.30,0.81,WIN
2022-09-01,XAUUSD,B,none,SHORT,1708.77,1709.01,1707.54,1.47,-0.24,STRADDLE,10:00,1707.54,5.19,1.38,,,,False,,,16:00,1707.15,session,0.38,0.30,0.08,WIN
2022-09-02,XAUUSD,B,none,LONG,1697.37,1698.08,1697.24,0.83,-0.71,STRADDLE,10:00,1698.08,4.39,1.68,1.29,-1.01,2.30,True,11:30,1697.07,16:00,1702.26,session,4.18,0.30,3.88,WIN
2022-09-05,XAUUSD,B,none,LONG,1708.72,1709.24,1708.07,1.17,-0.52,STRADDLE,10:00,1709.24,4.88,1.35,,,,False,,,16:00,1712.50,session,3.26,0.30,2.96,WIN
2022-09-06,XAUUSD,B,none,SHORT,1714.26,1713.95,1713.84,0.12,0.31,BELOW,10:00,1713.84,0.00,12.96,0.00,-1.50,1.50,True,10:05,1715.34,16:00,1716.88,session,-3.05,0.30,-3.35,LOSS
2022-09-07,XAUUSD,B,none,SHORT,1703.67,1703.63,1702.77,0.87,0.04,BELOW,10:00,1702.77,11.31,1.10,0.01,-1.05,1.06,True,10:05,1703.82,16:00,1694.62,session,8.14,0.30,7.84,WIN
2022-09-08,XAUUSD,B,none,SHORT,1716.47,1716.67,1716.47,0.20,-0.20,STRADDLE,10:00,1716.47,2.90,2.90,0.31,-0.25,0.56,True,10:05,1716.72,16:00,1716.72,session,-0.25,0.30,-0.55,LOSS
2022-09-09,XAUUSD,B,none,SHORT,1710.39,1710.76,1710.38,0.38,-0.37,STRADDLE,10:00,1710.38,0.12,11.59,0.12,-1.42,1.54,True,10:10,1711.80,16:00,1719.10,session,-8.72,0.30,-9.02,LOSS
2022-09-12,XAUUSD,B,none,SHORT,1718.02,1718.47,1718.00,0.47,-0.45,STRADDLE,10:00,1718.00,5.96,0.81,,,,False,,,16:00,1712.28,session,5.72,0.30,5.42,WIN
2022-09-13,XAUUSD,B,none,LONG,1725.78,1725.84,1725.27,0.57,-0.06,STRADDLE,10:00,1725.84,1.80,5.77,1.80,-0.99,2.79,True,10:55,1724.85,16:00,1722.60,session,-3.24,0.30,-3.54,LOSS
2022-09-14,XAUUSD,B,none,SHORT,1702.77,1702.27,1701.67,0.60,0.50,BELOW,10:00,1701.67,4.35,3.53,0.33,-0.78,1.11,True,10:10,1702.45,16:00,1701.49,session,0.18,0.30,-0.12,LOSS
2022-09-15,XAUUSD,B,none,SHORT,1698.05,1697.62,1696.98,0.64,0.43,BELOW,10:00,1696.98,10.86,0.91,0.76,-0.85,1.60,True,10:25,1697.83,16:00,1689.77,session,7.21,0.30,6.91,WIN
2022-09-16,XAUUSD,B,none,LONG,1663.15,1663.44,1662.36,1.09,-0.29,STRADDLE,10:00,1663.44,4.33,2.11,4.33,-1.45,5.79,True,11:50,1661.99,16:00,1662.45,session,-0.99,0.30,-1.29,LOSS
2022-09-19,XAUUSD,B,none,SHORT,1679.20,1677.99,1677.86,0.13,1.21,BELOW,10:00,1677.86,11.70,0.79,0.59,-0.53,1.11,True,10:20,1678.38,16:00,1666.36,session,11.50,0.30,11.20,WIN
2022-09-20,XAUUSD,B,none,LONG,1675.04,1678.46,1675.82,2.65,0.78,ABOVE,10:00,1678.46,1.03,8.13,1.03,-3.28,4.31,True,11:00,1675.18,16:00,1670.86,session,-7.61,0.30,-7.91,LOSS
2022-09-21,XAUUSD,B,none,SHORT,1666.26,1666.56,1666.04,0.52,-0.30,STRADDLE,10:00,1666.04,4.26,3.30,0.00,-0.78,0.78,True,10:10,1666.82,16:00,1668.84,session,-2.80,0.30,-3.10,LOSS
2022-09-22,XAUUSD,B,none,SHORT,1666.39,1667.19,1663.66,3.53,-0.80,STRADDLE,10:00,1663.66,6.83,1.35,,,,False,,,16:00,1661.94,session,1.72,0.30,1.42,WIN
2022-09-23,XAUUSD,B,none,LONG,1672.28,1673.42,1672.83,0.60,0.55,ABOVE,10:00,1673.42,2.49,5.12,0.24,-0.88,1.12,True,10:15,1672.55,16:00,1672.75,session,-0.67,0.30,-0.97,LOSS
2022-09-26,XAUUSD,B,none,LONG,1642.96,1645.35,1644.12,1.22,1.16,ABOVE,10:00,1645.35,0.72,18.58,0.26,-1.24,1.50,True,10:10,1644.11,16:00,1639.53,session,-5.82,0.30,-6.12,LOSS
2022-09-27,XAUUSD,B,none,LONG,1626.84,1628.52,1627.66,0.86,0.82,ABOVE,10:00,1628.52,7.91,0.02,,,,False,,,16:00,1635.63,session,7.12,0.30,6.82,WIN
2022-09-28,XAUUSD,B,none,LONG,1628.95,1629.46,1628.99,0.47,0.04,ABOVE,10:00,1629.46,1.19,6.73,0.44,-0.64,1.08,True,10:05,1628.82,16:00,1624.01,session,-5.45,0.30,-5.75,LOSS
2022-09-29,XAUUSD,B,none,SHORT,1656.88,1656.23,1655.82,0.41,0.65,BELOW,10:00,1655.82,12.88,3.58,2.88,-1.48,4.36,True,11:05,1657.30,16:00,1645.32,session,10.50,0.30,10.20,WIN
2022-10-03,XAUUSD,B,none,SHORT,1664.29,1664.68,1664.03,0.66,-0.40,STRADDLE,10:00,1664.03,1.97,5.54,0.21,-0.81,1.02,True,11:20,1664.84,16:00,1662.87,session,1.16,0.30,0.86,WIN
2022-10-06,XAUUSD,B,none,LONG,1716.30,1716.81,1716.17,0.63,-0.51,STRADDLE,10:00,1716.81,7.56,0.00,,,,False,,,16:00,1723.08,session,6.27,0.30,5.97,WIN
2022-10-07,XAUUSD,B,none,LONG,1711.39,1712.81,1711.94,0.86,0.55,ABOVE,10:00,1712.81,0.72,3.56,0.00,-0.95,0.95,True,10:30,1711.86,16:00,1710.70,session,-2.11,0.30,-2.41,LOSS
2022-10-11,XAUUSD,B,none,LONG,1668.33,1669.23,1669.05,0.18,0.72,ABOVE,10:00,1669.23,4.43,7.76,1.08,-0.47,1.56,True,11:00,1668.76,16:00,1663.42,session,-5.81,0.30,-6.11,LOSS
2022-10-12,XAUUSD,B,none,SHORT,1666.45,1666.25,1665.96,0.29,0.20,BELOW,10:00,1665.96,4.49,6.36,4.18,-0.32,4.50,True,12:20,1666.28,16:00,1667.58,session,-1.62,0.30,-1.92,LOSS
2022-10-14,XAUUSD,B,none,SHORT,1665.80,1665.65,1665.14,0.51,0.14,BELOW,10:00,1665.14,6.12,5.20,6.12,-1.82,7.93,True,12:45,1666.96,16:00,1667.96,session,-2.82,0.30,-3.12,LOSS
2022-10-17,XAUUSD,B,none,LONG,1645.63,1646.23,1645.53,0.70,-0.60,STRADDLE,10:00,1646.23,6.51,0.51,,,,False,,,16:00,1649.89,session,3.66,0.30,3.36,WIN
2022-10-19,XAUUSD,B,none,LONG,1652.44,1653.58,1652.65,0.93,0.21,ABOVE,10:00,1653.58,0.89,8.49,0.89,-1.52,2.42,True,10:50,1652.06,16:00,1645.61,session,-7.97,0.30,-8.27,LOSS
2022-10-20,XAUUSD,B,none,SHORT,1628.20,1628.05,1627.77,0.28,0.15,BELOW,10:00,1627.77,5.22,5.63,1.73,-0.53,2.26,True,11:10,1628.30,16:00,1632.20,session,-4.43,0.30,-4.73,LOSS
2022-10-21,XAUUSD,B,none,SHORT,1626.88,1626.89,1626.19,0.70,-0.02,STRADDLE,10:00,1626.19,5.87,2.16,0.78,-0.91,1.69,True,10:55,1627.10,16:00,1621.41,session,4.78,0.30,4.48,WIN
2022-10-24,XAUUSD,B,none,SHORT,1660.45,1659.27,1657.66,1.60,1.18,BELOW,10:00,1657.66,5.67,13.12,0.96,-5.44,6.41,True,10:35,1663.11,16:00,1658.38,session,-0.72,0.30,-1.02,LOSS
2022-10-26,XAUUSD,B,none,SHORT,1652.04,1652.46,1651.51,0.96,-0.42,STRADDLE,10:00,1651.51,1.69,6.19,0.36,-1.30,1.66,True,10:50,1652.81,16:00,1656.18,session,-4.67,0.30,-4.97,LOSS
2022-10-27,XAUUSD,B,none,LONG,1665.43,1665.49,1665.21,0.28,-0.06,STRADDLE,10:00,1665.49,5.36,3.14,0.00,-0.70,0.70,True,10:05,1664.79,16:00,1665.81,session,0.32,0.30,0.02,WIN
2022-10-28,XAUUSD,B,none,SHORT,1662.05,1662.31,1661.94,0.36,-0.26,STRADDLE,10:00,1661.94,1.33,5.16,0.13,-0.68,0.81,True,10:10,1662.62,16:00,1664.76,session,-2.81,0.30,-3.11,LOSS
2022-10-31,XAUUSD,B,none,LONG,1644.31,1644.64,1644.35,0.30,0.04,ABOVE,10:00,1644.64,0.97,3.95,0.78,-0.65,1.43,True,10:40,1643.99,16:00,1644.24,session,-0.40,0.30,-0.70,LOSS
2022-11-02,XAUUSD,B,none,LONG,1646.51,1646.98,1646.88,0.10,0.38,ABOVE,10:00,1646.98,6.40,0.59,1.30,-0.44,1.74,True,10:50,1646.54,16:00,1650.87,session,3.88,0.30,3.58,WIN
2022-11-03,XAUUSD,B,none,SHORT,1634.08,1634.12,1632.76,1.36,-0.04,STRADDLE,10:00,1632.76,0.79,8.27,0.79,-2.28,3.07,True,11:10,1635.04,16:00,1637.64,session,-4.88,0.30,-5.18,LOSS
2023-03-13,XAUUSD,B,none,LONG,1880.20,1886.24,1884.41,1.83,4.20,ABOVE,10:00,1886.24,3.21,14.04,3.21,-2.58,5.79,True,10:20,1883.66,16:00,1880.94,session,-5.30,0.30,-5.60,LOSS
2023-03-15,XAUUSD,B,none,LONG,1904.15,1904.59,1904.37,0.22,0.21,ABOVE,10:00,1904.59,1.15,4.57,0.14,-0.28,0.42,True,10:10,1904.31,16:00,1901.72,session,-2.87,0.30,-3.17,LOSS
2023-03-16,XAUUSD,B,none,LONG,1919.49,1920.98,1920.46,0.52,0.97,ABOVE,10:00,1920.98,3.47,13.42,3.47,-1.26,4.73,True,11:45,1919.72,16:00,1913.13,session,-7.85,0.30,-8.15,LOSS
2023-03-17,XAUUSD,B,none,LONG,1919.43,1920.11,1920.07,0.04,0.63,ABOVE,10:00,1920.11,11.17,1.80,0.13,-0.19,0.33,True,10:10,1919.91,16:00,1930.95,session,10.85,0.30,10.55,WIN
2023-03-20,XAUUSD,B,none,LONG,1976.98,1978.17,1977.45,0.72,0.47,ABOVE,10:00,1978.17,1.49,9.99,1.49,-1.20,2.69,True,10:30,1976.97,16:00,1975.36,session,-2.82,0.30,-3.12,LOSS
2023-03-21,XAUUSD,B,none,LONG,1978.64,1978.86,1978.43,0.42,-0.21,STRADDLE,10:00,1978.86,6.36,3.34,0.20,-0.48,0.68,True,10:10,1978.38,16:00,1981.52,session,2.66,0.30,2.36,WIN
2023-03-22,XAUUSD,B,none,LONG,1941.11,1941.62,1941.31,0.32,0.20,ABOVE,10:00,1941.62,4.68,3.63,4.68,-0.60,5.28,True,13:05,1941.03,16:00,1939.46,session,-2.16,0.30,-2.46,LOSS
2023-03-23,XAUUSD,B,none,LONG,1966.62,1967.11,1965.77,1.34,-0.49,STRADDLE,10:00,1967.11,11.15,0.88,,,,False,,,16:00,1977.29,session,10.18,0.30,9.88,WIN
2023-03-24,XAUUSD,B,none,LONG,1990.66,1992.08,1991.98,0.09,1.32,ABOVE,10:00,1992.08,2.90,2.25,1.13,-0.91,2.04,True,10:30,1991.16,16:00,1992.45,session,0.38,0.30,0.08,WIN
2023-03-27,XAUUSD,B,none,LONG,1972.66,1974.68,1973.96,0.72,1.30,ABOVE,10:00,1974.68,4.09,2.50,2.13,-0.86,2.99,True,11:30,1973.83,16:00,1972.62,session,-2.07,0.30,-2.37,LOSS
2023-03-28,XAUUSD,B,none,LONG,1957.33,1957.58,1957.31,0.27,-0.25,STRADDLE,10:00,1957.58,6.50,0.79,,,,False,,,16:00,1957.79,session,0.21,0.30,-0.09,LOSS
2023-03-29,XAUUSD,B,none,LONG,1973.25,1973.49,1973.05,0.44,-0.24,STRADDLE,10:00,1973.49,0.34,7.59,0.01,-0.72,0.73,True,10:05,1972.77,16:00,1966.59,session,-6.91,0.30,-7.21,LOSS
2023-03-30,XAUUSD,B,none,SHORT,1964.55,1964.39,1963.78,0.62,0.15,BELOW,10:00,1963.78,8.37,0.32,,,,False,,,16:00,1961.23,session,2.55,0.30,2.25,WIN
2023-04-03,XAUUSD,B,none,LONG,1957.88,1959.01,1957.18,1.83,-1.12,STRADDLE,10:00,1959.01,5.64,9.20,5.64,-1.94,7.58,True,12:35,1957.07,16:00,1952.33,session,-6.68,0.30,-6.98,LOSS
2023-04-04,XAUUSD,B,none,SHORT,1985.55,1985.12,1984.47,0.65,0.42,BELOW,10:00,1984.47,6.58,0.52,,,,False,,,16:00,1979.39,session,5.08,0.30,4.78,WIN
2023-04-06,XAUUSD,B,none,SHORT,2020.42,2020.45,2019.69,0.76,-0.03,STRADDLE,10:00,2019.69,11.61,0.88,,,,False,,,16:00,2016.92,session,2.77,0.30,2.47,WIN
2023-04-10,XAUUSD,B,none,SHORT,2005.38,2005.68,2004.02,1.66,-0.30,STRADDLE,10:00,2004.02,15.06,0.00,,,,False,,,16:00,1992.62,session,11.39,0.30,11.09,WIN
2023-04-11,XAUUSD,B,none,LONG,1991.68,1993.21,1992.41,0.80,0.73,ABOVE,10:00,1993.21,8.40,4.34,2.24,-0.83,3.07,True,11:00,1992.38,16:00,1999.15,session,5.94,0.30,5.64,WIN
2023-04-13,XAUUSD,B,none,LONG,2017.59,2018.66,2018.20,0.46,0.62,ABOVE,10:00,2018.66,0.99,3.30,0.04,-0.70,0.74,True,10:05,2017.96,16:00,2016.80,session,-1.87,0.30,-2.17,LOSS
2023-04-14,XAUUSD,B,none,LONG,2039.90,2040.03,2039.77,0.26,-0.13,STRADDLE,10:00,2040.03,7.48,1.33,0.18,-0.85,1.03,True,10:05,2039.18,16:00,2042.58,session,2.55,0.30,2.25,WIN
2023-04-17,XAUUSD,B,none,SHORT,2002.89,2003.07,2002.51,0.56,-0.17,STRADDLE,10:00,2002.51,7.02,10.32,0.69,-0.70,1.39,True,10:15,2003.20,16:00,2012.64,session,-10.13,0.30,-10.43,LOSS
2023-04-18,XAUUSD,B,none,LONG,1994.44,1994.46,1993.98,0.48,-0.02,STRADDLE,10:00,1994.46,7.38,1.05,0.05,-0.94,0.99,True,10:05,1993.52,16:00,2000.77,session,6.31,0.30,6.01,WIN
2023-04-24,XAUUSD,B,none,SHORT,1985.10,1984.49,1984.24,0.25,0.61,BELOW,10:00,1984.24,7.72,0.45,,,,False,,,16:00,1979.29,session,4.95,0.30,4.65,WIN
2023-04-27,XAUUSD,B,none,LONG,1991.78,1991.83,1991.63,0.19,-0.05,STRADDLE,10:00,1991.83,10.96,2.20,0.17,-0.38,0.55,True,10:05,1991.44,16:00,1999.06,session,7.23,0.30,6.93,WIN
2023-04-28,XAUUSD,B,none,SHORT,1987.62,1986.98,1986.36,0.63,0.64,BELOW,10:00,1986.36,3.03,5.32,0.69,-0.95,1.64,True,10:20,1987.31,16:00,1985.40,session,0.95,0.30,0.65,WIN
2023-05-01,XAUUSD,B,none,SHORT,1987.16,1986.95,1986.92,0.03,0.21,BELOW,10:00,1986.92,7.00,0.53,0.48,-0.32,0.80,True,10:05,1987.24,16:00,1981.84,session,5.09,0.30,4.79,WIN
2023-05-02,XAUUSD,B,none,LONG,1982.07,1982.21,1981.54,0.68,-0.15,STRADDLE,10:00,1982.21,3.08,0.87,,,,False,,,16:00,1982.99,session,0.78,0.30,0.48,WIN
2023-05-03,XAUUSD,B,none,SHORT,2016.29,2015.98,2015.78,0.20,0.31,BELOW,10:00,2015.78,1.52,3.81,1.52,-0.39,1.91,True,10:25,2016.17,16:00,2015.88,session,-0.10,0.30,-0.40,LOSS
2023-05-05,XAUUSD,B,none,SHORT,2049.81,2050.01,2049.07,0.94,-0.20,STRADDLE,10:00,2049.07,3.52,3.97,0.72,-1.09,1.81,True,11:10,2050.16,16:00,2047.31,session,1.77,0.30,1.47,WIN
2023-05-08,XAUUSD,B,none,SHORT,2016.18,2016.12,2016.09,0.04,0.06,BELOW,10:00,2016.09,0.88,8.73,0.23,-1.08,1.31,True,10:05,2017.16,16:00,2022.17,session,-6.09,0.30,-6.39,LOSS
2023-05-09,XAUUSD,B,none,SHORT,2021.59,2021.32,2020.36,0.96,0.27,BELOW,10:00,2020.36,0.81,8.42,0.81,-1.62,2.43,True,11:10,2021.98,16:00,2027.34,session,-6.98,0.30,-7.28,LOSS
2023-05-10,XAUUSD,B,none,LONG,2036.13,2037.38,2036.34,1.04,0.20,ABOVE,10:00,2037.38,0.91,9.57,0.91,-1.35,2.26,True,10:30,2036.03,16:00,2029.64,session,-7.73,0.30,-8.03,LOSS
2023-05-11,XAUUSD,B,none,LONG,2031.48,2032.23,2031.52,0.71,0.03,ABOVE,10:00,2032.23,4.25,2.13,4.25,-0.76,5.01,True,14:10,2031.47,16:00,2031.30,session,-0.93,0.30,-1.23,LOSS
2023-05-12,XAUUSD,B,none,LONG,2016.17,2016.62,2016.42,0.19,0.25,ABOVE,10:00,2016.62,0.98,8.13,0.98,-0.57,1.55,True,10:40,2016.05,16:00,2009.62,session,-7.00,0.30,-7.30,LOSS
2023-05-15,XAUUSD,B,none,LONG,2009.79,2010.19,2009.60,0.60,-0.40,STRADDLE,10:00,2010.19,9.07,1.44,0.41,-1.34,1.75,True,10:15,2008.86,16:00,2015.14,session,4.95,0.30,4.65,WIN
2023-05-16,XAUUSD,B,none,LONG,2014.39,2014.56,2014.53,0.03,0.13,ABOVE,10:00,2014.56,3.83,3.52,0.63,-0.14,0.77,True,10:10,2014.42,16:00,2011.07,session,-3.49,0.30,-3.79,LOSS
2023-05-17,XAUUSD,B,none,LONG,1989.43,1990.70,1989.82,0.89,0.38,ABOVE,10:00,1990.70,2.41,2.98,2.41,-0.95,3.37,True,15:20,1989.75,16:00,1988.15,session,-2.55,0.30,-2.85,LOSS
2023-05-19,XAUUSD,B,none,LONG,1958.30,1959.28,1958.53,0.75,0.23,ABOVE,10:00,1959.28,4.95,5.15,0.59,-1.30,1.88,True,10:45,1957.98,16:00,1962.49,session,3.21,0.30,2.91,WIN
2023-05-22,XAUUSD,B,none,SHORT,1980.58,1980.89,1980.00,0.89,-0.32,STRADDLE,10:00,1980.00,7.58,2.37,1.59,-1.08,2.66,True,10:55,1981.08,16:00,1973.13,session,6.87,0.30,6.57,WIN
2023-05-23,XAUUSD,B,none,LONG,1970.07,1970.57,1969.91,0.66,-0.50,STRADDLE,10:00,1970.57,1.34,10.91,1.34,-0.84,2.17,True,10:45,1969.73,16:00,1960.47,session,-10.10,0.30,-10.40,LOSS
2023-05-24,XAUUSD,B,none,LONG,1975.37,1975.57,1975.13,0.43,-0.20,STRADDLE,10:00,1975.57,5.07,2.74,1.52,-0.51,2.03,True,10:50,1975.06,16:00,1977.18,session,1.62,0.30,1.32,WIN
2023-05-25,XAUUSD,B,none,SHORT,1959.84,1959.79,1959.45,0.34,0.05,BELOW,10:00,1959.45,4.42,0.81,,,,False,,,16:00,1955.10,session,4.36,0.30,4.06,WIN
2023-05-26,XAUUSD,B,none,LONG,1939.77,1941.29,1940.62,0.67,0.85,ABOVE,10:00,1941.29,10.58,4.47,0.13,-1.07,1.21,True,10:05,1940.21,16:00,1947.53,session,6.24,0.30,5.94,WIN
2023-05-29,XAUUSD,B,none,SHORT,1944.34,1943.73,1943.14,0.59,0.61,BELOW,10:00,1943.14,2.76,5.18,2.76,-1.38,4.14,True,11:10,1944.53,16:00,1947.94,session,-4.80,0.30,-5.10,LOSS
2023-05-30,XAUUSD,B,none,LONG,1942.58,1942.88,1941.64,1.24,-0.30,STRADDLE,10:00,1942.88,3.80,10.77,0.38,-1.36,1.75,True,10:25,1941.52,16:00,1934.68,session,-8.20,0.30,-8.50,LOSS
2023-05-31,XAUUSD,B,none,LONG,1958.90,1959.46,1958.60,0.86,-0.56,STRADDLE,10:00,1959.46,5.95,5.76,0.19,-1.34,1.53,True,10:05,1958.12,16:00,1964.03,session,4.57,0.30,4.27,WIN
2023-06-01,XAUUSD,B,none,SHORT,1966.33,1966.38,1966.10,0.28,-0.05,STRADDLE,10:00,1966.10,4.12,1.45,0.50,-0.44,0.94,True,10:10,1966.54,16:00,1962.29,session,3.81,0.30,3.51,WIN
2023-06-02,XAUUSD,B,none,SHORT,1977.14,1977.14,1976.38,0.77,0.00,STRADDLE,10:00,1976.38,2.27,7.13,0.05,-0.83,0.88,True,10:05,1977.20,16:00,1979.24,session,-2.87,0.30,-3.17,LOSS
2023-06-05,XAUUSD,B,none,SHORT,1949.14,1949.46,1948.62,0.84,-0.32,STRADDLE,10:00,1948.62,5.62,0.53,,,,False,,,16:00,1945.08,session,3.55,0.30,3.25,WIN
2023-06-07,XAUUSD,B,none,LONG,1963.24,1963.53,1963.48,0.05,0.24,ABOVE,10:00,1963.53,3.26,0.72,3.26,-0.13,3.39,True,12:05,1963.39,16:00,1963.21,session,-0.32,0.30,-0.62,LOSS
2023-06-08,XAUUSD,B,none,LONG,1944.32,1944.94,1944.62,0.32,0.31,ABOVE,10:00,1944.94,2.95,0.36,,,,False,,,16:00,1945.62,session,0.68,0.30,0.38,WIN
2023-06-09,XAUUSD,B,none,SHORT,1966.19,1965.34,1964.73,0.60,0.86,BELOW,10:00,1964.73,2.30,1.02,0.51,-0.67,1.18,True,10:35,1965.40,16:00,1964.99,session,-0.26,0.30,-0.56,LOSS
2023-06-14,XAUUSD,B,none,SHORT,1943.57,1944.01,1943.56,0.45,-0.44,STRADDLE,10:00,1943.56,0.03,6.03,0.03,-1.08,1.11,True,10:05,1944.63,16:00,1946.32,session,-2.76,0.30,-3.06,LOSS
2023-06-16,XAUUSD,B,none,SHORT,1958.44,1958.28,1957.88,0.40,0.16,BELOW,10:00,1957.88,3.15,4.20,0.01,-0.90,0.91,True,10:05,1958.78,16:00,1958.83,session,-0.95,0.30,-1.25,LOSS
2023-06-19,XAUUSD,B,none,LONG,1956.76,1957.61,1957.22,0.39,0.46,ABOVE,10:00,1957.61,1.13,3.58,1.13,-0.64,1.78,True,10:30,1956.96,16:00,1954.34,session,-3.27,0.30,-3.57,LOSS
2023-06-21,XAUUSD,B,none,LONG,1937.19,1937.39,1937.38,0.01,0.19,ABOVE,10:00,1937.39,2.18,4.97,0.34,-0.03,0.37,True,10:15,1937.37,16:00,1932.43,session,-4.96,0.30,-5.26,LOSS
2023-06-22,XAUUSD,B,none,SHORT,1934.29,1933.92,1933.89,0.03,0.37,BELOW,10:00,1933.89,5.86,0.42,0.42,-0.04,0.46,True,10:10,1933.93,16:00,1929.87,session,4.02,0.30,3.72,WIN
2023-06-23,XAUUSD,B,none,LONG,1914.79,1914.90,1914.62,0.28,-0.12,STRADDLE,10:00,1914.90,3.20,4.69,0.19,-0.45,0.64,True,10:05,1914.45,16:00,1915.73,session,0.83,0.30,0.53,WIN
2023-06-26,XAUUSD,B,none,LONG,1924.81,1925.60,1925.40,0.19,0.60,ABOVE,10:00,1925.60,3.04,1.58,3.04,-0.69,3.73,True,12:05,1924.90,16:00,1927.31,session,1.71,0.30,1.41,WIN
2023-06-27,XAUUSD,B,none,LONG,1922.45,1922.73,1922.49,0.24,0.04,ABOVE,10:00,1922.73,7.71,0.99,0.07,-0.25,0.32,True,10:05,1922.48,16:00,1924.83,session,2.10,0.30,1.80,WIN
2023-06-29,XAUUSD,B,none,SHORT,1909.94,1909.71,1908.86,0.86,0.23,BELOW,10:00,1908.86,6.00,4.01,0.81,-1.20,2.01,True,10:55,1910.06,16:00,1904.66,session,4.19,0.30,3.89,WIN
2023-07-03,XAUUSD,B,none,LONG,1918.21,1918.43,1918.26,0.17,0.05,ABOVE,10:00,1918.43,2.22,3.76,0.49,-0.35,0.85,True,10:20,1918.08,16:00,1917.37,session,-1.06,0.30,-1.36,LOSS
2023-07-06,XAUUSD,B,none,LONG,1916.97,1917.13,1916.90,0.23,-0.16,STRADDLE,10:00,1917.13,4.13,0.95,0.63,-0.48,1.11,True,10:20,1916.65,16:00,1919.79,session,2.65,0.30,2.35,WIN
2023-07-07,XAUUSD,B,none,LONG,1911.85,1912.16,1911.70,0.46,-0.32,STRADDLE,10:00,1912.16,2.44,2.46,0.32,-0.58,0.90,True,10:25,1911.59,16:00,1913.77,session,1.61,0.30,1.31,WIN
2023-07-10,XAUUSD,B,none,SHORT,1924.97,1924.96,1924.54,0.42,0.01,BELOW,10:00,1924.54,4.83,2.44,1.64,-1.22,2.86,True,11:00,1925.76,16:00,1920.24,session,4.30,0.30,4.00,WIN
2023-07-12,XAUUSD,B,none,LONG,1933.27,1933.93,1933.38,0.56,0.11,ABOVE,10:00,1933.93,7.09,0.13,,,,False,,,16:00,1939.44,session,5.51,0.30,5.21,WIN
2023-07-13,XAUUSD,B,none,SHORT,1957.74,1957.90,1957.57,0.34,-0.16,STRADDLE,10:00,1957.57,2.23,4.75,0.18,-0.66,0.84,True,10:10,1958.22,16:00,1956.82,session,0.75,0.30,0.45,WIN
2023-07-14,XAUUSD,B,none,SHORT,1960.40,1960.14,1959.86,0.29,0.26,BELOW,10:00,1959.86,1.88,3.94,0.42,-0.46,0.88,True,10:10,1960.32,16:00,1959.14,session,0.71,0.30,0.41,WIN
2023-07-18,XAUUSD,B,none,SHORT,1955.64,1955.48,1954.94,0.54,0.16,BELOW,10:00,1954.94,0.16,6.88,0.16,-0.63,0.80,True,10:20,1955.58,16:00,1959.32,session,-4.38,0.30,-4.68,LOSS
2023-07-19,XAUUSD,B,none,LONG,1976.99,1977.62,1977.55,0.08,0.56,ABOVE,10:00,1977.62,2.30,3.47,0.03,-0.41,0.44,True,10:05,1977.21,16:00,1978.63,session,1.01,0.30,0.71,WIN
2023-07-20,XAUUSD,B,none,LONG,1977.74,1977.92,1977.78,0.14,0.04,ABOVE,10:00,1977.92,9.61,0.02,,,,False,,,16:00,1980.91,session,2.99,0.30,2.69,WIN
2023-07-21,XAUUSD,B,none,SHORT,1972.54,1972.30,1972.02,0.28,0.24,BELOW,10:00,1972.02,3.83,1.83,0.17,-0.55,0.72,True,10:20,1972.57,16:00,1970.40,session,1.62,0.30,1.32,WIN
2023-07-24,XAUUSD,B,none,LONG,1961.38,1961.62,1961.29,0.33,-0.23,STRADDLE,10:00,1961.62,1.11,2.54,0.30,-0.47,0.77,True,10:05,1961.14,16:00,1960.31,session,-1.31,0.30,-1.61,LOSS
2023-07-25,XAUUSD,B,none,LONG,1954.53,1954.58,1954.48,0.10,-0.05,STRADDLE,10:00,1954.58,9.05,0.62,0.21,-0.19,0.40,True,10:05,1954.39,16:00,1961.73,session,7.15,0.30,6.85,WIN
2023-07-26,XAUUSD,B,none,LONG,1965.21,1966.01,1965.38,0.63,0.17,ABOVE,10:00,1966.01,0.07,3.94,0.07,-0.74,0.81,True,10:05,1965.27,16:00,1964.67,session,-1.34,0.30,-1.64,LOSS
2023-07-27,XAUUSD,B,none,LONG,1972.37,1972.38,1972.18,0.20,-0.02,STRADDLE,10:00,1972.38,9.85,1.17,0.17,-0.41,0.58,True,10:15,1971.97,16:00,1976.17,session,3.79,0.30,3.49,WIN
2023-07-28,XAUUSD,B,none,SHORT,1947.74,1947.54,1946.76,0.78,0.20,BELOW,10:00,1946.76,0.65,10.08,0.65,-0.86,1.51,True,10:50,1947.62,16:00,1952.80,session,-6.04,0.30,-6.34,LOSS
2023-07-31,XAUUSD,B,none,SHORT,1958.45,1958.11,1958.03,0.08,0.35,BELOW,10:00,1958.03,4.84,0.91,0.44,-0.65,1.10,True,10:10,1958.68,16:00,1954.27,session,3.76,0.30,3.46,WIN
2023-08-02,XAUUSD,B,none,SHORT,1952.62,1952.23,1951.39,0.84,0.38,BELOW,10:00,1951.39,6.03,0.07,,,,False,,,16:00,1949.81,session,1.59,0.30,1.29,WIN
2023-08-04,XAUUSD,B,none,LONG,1935.52,1935.87,1935.84,0.03,0.32,ABOVE,10:00,1935.87,2.19,2.62,0.00,-0.54,0.54,True,10:05,1935.33,16:00,1935.48,session,-0.38,0.30,-0.68,LOSS
2023-08-07,XAUUSD,B,none,SHORT,1943.55,1943.96,1943.30,0.66,-0.42,STRADDLE,10:00,1943.30,7.72,2.08,0.09,-1.74,1.82,True,10:10,1945.04,16:00,1936.25,session,7.05,0.30,6.75,WIN
2023-08-08,XAUUSD,B,none,SHORT,1937.17,1936.85,1936.63,0.21,0.33,BELOW,10:00,1936.63,5.45,0.00,,,,False,,,16:00,1933.66,session,2.97,0.30,2.67,WIN
2023-08-09,XAUUSD,B,none,LONG,1925.55,1926.01,1925.66,0.35,0.12,ABOVE,10:00,1926.01,6.23,1.70,0.31,-0.36,0.66,True,10:15,1925.65,16:00,1931.27,session,5.26,0.30,4.96,WIN
2023-08-11,XAUUSD,B,none,SHORT,1912.48,1912.45,1912.07,0.38,0.03,BELOW,10:00,1912.07,0.11,4.23,0.11,-0.67,0.78,True,10:10,1912.74,16:00,1915.95,session,-3.88,0.30,-4.18,LOSS
2023-08-14,XAUUSD,B,none,SHORT,1913.03,1913.71,1912.54,1.18,-0.69,STRADDLE,10:00,1912.54,2.39,2.15,2.39,-1.26,3.65,True,15:25,1913.80,16:00,1912.49,session,0.04,0.30,-0.26,LOSS
2023-08-15,XAUUSD,B,none,SHORT,1907.93,1907.62,1907.10,0.53,0.31,BELOW,10:00,1907.10,3.29,1.22,,,,False,,,16:00,1906.16,session,0.93,0.30,0.63,WIN
2023-08-16,XAUUSD,B,none,SHORT,1901.71,1901.48,1901.06,0.42,0.23,BELOW,10:00,1901.06,0.51,4.60,0.05,-1.08,1.12,True,10:10,1902.13,16:00,1905.11,session,-4.05,0.30,-4.35,LOSS
2023-08-17,XAUUSD,B,none,SHORT,1893.94,1893.45,1892.40,1.05,0.49,BELOW,10:00,1892.40,2.79,1.61,2.79,-1.05,3.85,True,12:45,1893.45,16:00,1893.52,session,-1.12,0.30,-1.42,LOSS
2023-08-21,XAUUSD,B,none,LONG,1888.98,1890.23,1890.08,0.16,1.09,ABOVE,10:00,1890.23,3.95,5.35,0.96,-0.17,1.13,True,10:45,1890.07,16:00,1887.67,session,-2.56,0.30,-2.86,LOSS
2023-08-22,XAUUSD,B,none,SHORT,1895.13,1894.80,1894.10,0.70,0.34,BELOW,10:00,1894.10,0.36,3.25,0.36,-1.12,1.47,True,10:30,1895.21,16:00,1895.81,session,-1.71,0.30,-2.01,LOSS
2023-08-23,XAUUSD,B,none,LONG,1898.65,1898.86,1898.71,0.14,0.06,ABOVE,10:00,1898.86,5.16,0.01,,,,False,,,16:00,1902.92,session,4.07,0.30,3.77,WIN
2023-08-25,XAUUSD,B,none,SHORT,1916.28,1915.92,1915.89,0.03,0.36,BELOW,10:00,1915.89,2.79,1.75,0.08,-0.41,0.49,True,10:05,1916.31,16:00,1913.77,session,2.13,0.30,1.83,WIN
2023-08-28,XAUUSD,B,none,LONG,1914.89,1915.50,1915.11,0.39,0.22,ABOVE,10:00,1915.50,2.16,0.73,,,,False,,,16:00,1916.73,session,1.23,0.30,0.93,WIN
2023-08-29,XAUUSD,B,none,LONG,1921.35,1921.41,1921.38,0.03,0.04,ABOVE,10:00,1921.41,4.45,0.29,,,,False,,,16:00,1924.89,session,3.48,0.30,3.18,WIN
2023-08-30,XAUUSD,B,none,LONG,1936.42,1936.49,1936.21,0.28,-0.07,STRADDLE,10:00,1936.49,1.08,1.18,0.80,-0.39,1.19,True,10:35,1936.10,16:00,1936.23,session,-0.26,0.30,-0.56,LOSS
2023-08-31,XAUUSD,B,none,LONG,1944.31,1944.61,1944.42,0.18,0.12,ABOVE,10:00,1944.61,3.20,0.06,,,,False,,,16:00,1944.93,session,0.33,0.30,0.03,WIN
2023-09-01,XAUUSD,B,none,LONG,1939.83,1940.10,1939.97,0.12,0.14,ABOVE,10:00,1940.10,4.05,1.83,0.24,-0.74,0.98,True,10:10,1939.36,16:00,1940.00,session,-0.10,0.30,-0.40,LOSS
2023-09-05,XAUUSD,B,none,SHORT,1937.88,1937.65,1937.49,0.16,0.22,BELOW,10:00,1937.49,2.46,1.54,0.42,-0.26,0.68,True,10:45,1937.75,16:00,1936.81,session,0.69,0.30,0.39,WIN
2023-09-07,XAUUSD,B,none,SHORT,1917.08,1917.14,1916.77,0.38,-0.07,STRADDLE,10:00,1916.77,0.42,3.97,0.42,-0.69,1.11,True,11:05,1917.45,16:00,1918.30,session,-1.53,0.30,-1.83,LOSS
2023-09-08,XAUUSD,B,none,LONG,1919.97,1920.62,1920.30,0.32,0.33,ABOVE,10:00,1920.62,6.64,0.03,,,,False,,,16:00,1926.30,session,5.68,0.30,5.38,WIN
2023-09-11,XAUUSD,B,none,LONG,1919.61,1919.84,1918.94,0.90,-0.23,STRADDLE,10:00,1919.84,8.25,1.42,0.01,-0.97,0.98,True,10:05,1918.87,16:00,1927.00,session,7.16,0.30,6.86,WIN
2023-09-12,XAUUSD,B,none,SHORT,1921.90,1921.67,1921.60,0.07,0.23,BELOW,10:00,1921.60,1.97,2.96,0.12,-0.13,0.25,True,10:05,1921.73,16:00,1920.15,session,1.45,0.30,1.15,WIN
2023-09-14,XAUUSD,B,none,LONG,1909.15,1909.56,1909.29,0.27,0.13,ABOVE,10:00,1909.56,3.41,1.89,3.41,-0.36,3.77,True,15:10,1909.20,16:00,1908.34,session,-1.22,0.30,-1.52,LOSS
2023-09-15,XAUUSD,B,none,LONG,1910.16,1910.27,1909.89,0.38,-0.11,STRADDLE,10:00,1910.27,6.62,0.12,,,,False,,,16:00,1916.27,session,6.00,0.30,5.70,WIN
2023-09-18,XAUUSD,B,none,LONG,1923.04,1923.77,1923.37,0.40,0.33,ABOVE,10:00,1923.77,6.92,0.38,,,,False,,,16:00,1929.50,session,5.73,0.30,5.43,WIN
2023-09-19,XAUUSD,B,none,LONG,1934.21,1934.58,1934.18,0.39,-0.37,STRADDLE,10:00,1934.58,0.00,4.22,0.00,-0.65,0.65,True,10:10,1933.93,16:00,1930.51,session,-4.07,0.30,-4.37,LOSS
2023-09-20,XAUUSD,B,none,SHORT,1931.45,1931.45,1931.09,0.37,-0.00,STRADDLE,10:00,1931.09,2.54,0.70,,,,False,,,16:00,1930.93,session,0.15,0.30,-0.15,LOSS
2023-09-21,XAUUSD,B,none,SHORT,1930.09,1929.49,1929.36,0.13,0.60,BELOW,10:00,1929.36,5.10,0.39,,,,False,,,16:00,1927.87,session,1.49,0.30,1.19,WIN
2023-09-22,XAUUSD,B,none,LONG,1921.39,1921.68,1921.45,0.23,0.06,ABOVE,10:00,1921.68,3.89,0.38,,,,False,,,16:00,1924.64,session,2.96,0.30,2.66,WIN
2023-09-25,XAUUSD,B,none,SHORT,1924.68,1924.87,1924.18,0.68,-0.18,STRADDLE,10:00,1924.18,2.76,1.18,0.79,-0.68,1.47,True,10:40,1924.87,16:00,1921.60,session,2.59,0.30,2.29,WIN
2023-09-26,XAUUSD,B,none,SHORT,1916.70,1916.29,1916.12,0.17,0.41,BELOW,10:00,1916.12,3.03,0.43,,,,False,,,16:00,1913.31,session,2.81,0.30,2.51,WIN
2023-09-27,XAUUSD,B,none,LONG,1902.06,1902.14,1901.60,0.55,-0.09,STRADDLE,10:00,1902.14,1.83,6.50,0.38,-0.58,0.95,True,10:30,1901.57,16:00,1896.98,session,-5.16,0.30,-5.46,LOSS
2023-09-29,XAUUSD,B,none,LONG,1866.14,1866.97,1866.74,0.23,0.60,ABOVE,10:00,1866.97,1.42,3.95,0.00,-0.64,0.64,True,10:05,1866.33,16:00,1866.52,session,-0.45,0.30,-0.75,LOSS
2023-10-02,XAUUSD,B,none,LONG,1846.51,1846.81,1846.54,0.27,0.03,ABOVE,10:00,1846.81,2.19,4.38,0.43,-0.57,1.00,True,10:15,1846.24,16:00,1842.67,session,-4.13,0.30,-4.43,LOSS
2023-10-03,XAUUSD,B,none,SHORT,1828.31,1828.23,1827.01,1.22,0.07,BELOW,10:00,1827.01,11.69,0.00,,,,False,,,16:00,1820.52,session,6.49,0.30,6.19,WIN
2023-10-04,XAUUSD,B,none,SHORT,1823.11,1822.71,1822.40,0.31,0.39,BELOW,10:00,1822.40,2.71,2.68,0.01,-0.89,0.90,True,10:10,1823.30,16:00,1822.81,session,-0.40,0.30,-0.70,LOSS
2023-10-05,XAUUSD,B,none,LONG,1822.17,1822.45,1822.42,0.03,0.25,ABOVE,10:00,1822.45,6.77,0.64,,,,False,,,16:00,1827.31,session,4.85,0.30,4.55,WIN
2023-10-06,XAUUSD,B,none,LONG,1821.36,1822.77,1821.25,1.52,-1.41,STRADDLE,10:00,1822.77,1.85,3.03,0.36,-1.55,1.90,True,11:15,1821.22,16:00,1822.79,session,0.02,0.30,-0.28,LOSS
2023-10-09,XAUUSD,B,none,SHORT,1848.16,1849.89,1847.47,2.42,-1.73,STRADDLE,10:00,1847.47,1.21,5.85,1.21,-2.99,4.20,True,11:50,1850.46,16:00,1851.13,session,-3.66,0.30,-3.96,LOSS
2023-10-10,XAUUSD,B,none,SHORT,1861.74,1861.44,1860.73,0.71,0.30,BELOW,10:00,1860.73,0.86,4.73,0.00,-0.77,0.77,True,10:10,1861.51,16:00,1860.43,session,0.30,0.30,0.00,WIN
2023-10-11,XAUUSD,B,none,LONG,1859.68,1860.09,1859.84,0.25,0.16,ABOVE,10:00,1860.09,2.06,0.60,0.71,-0.38,1.09,True,10:55,1859.71,16:00,1860.08,session,-0.01,0.30,-0.31,LOSS
2023-10-12,XAUUSD,B,none,LONG,1874.86,1874.94,1874.75,0.19,-0.09,STRADDLE,10:00,1874.94,4.21,0.40,1.74,-0.29,2.03,True,12:05,1874.65,16:00,1878.86,session,3.91,0.30,3.61,WIN
2023-10-19,XAUUSD,B,none,LONG,1949.71,1950.26,1949.93,0.33,0.22,ABOVE,10:00,1950.26,3.12,4.98,3.12,-1.14,4.27,True,11:40,1949.12,16:00,1947.38,session,-2.87,0.30,-3.17,LOSS
2023-10-23,XAUUSD,B,none,LONG,1976.93,1977.04,1976.33,0.71,-0.10,STRADDLE,10:00,1977.04,1.25,12.61,1.25,-0.97,2.22,True,10:25,1976.07,16:00,1974.09,session,-2.95,0.30,-3.25,LOSS
2023-10-24,XAUUSD,B,none,LONG,1973.47,1973.51,1973.11,0.40,-0.04,STRADDLE,10:00,1973.51,7.39,2.06,0.37,-0.97,1.35,True,10:30,1972.54,16:00,1976.30,session,2.79,0.30,2.49,WIN
2023-10-26,XAUUSD,B,none,LONG,1981.41,1983.08,1982.22,0.86,0.81,ABOVE,10:00,1983.08,6.36,1.51,0.22,-0.94,1.17,True,10:05,1982.13,16:00,1989.25,session,6.17,0.30,5.87,WIN
2023-10-27,XAUUSD,B,none,LONG,1985.58,1985.85,1985.41,0.43,-0.27,STRADDLE,10:00,1985.85,4.18,2.91,0.34,-1.06,1.40,True,10:05,1984.79,16:00,1989.10,session,3.25,0.30,2.95,WIN
2023-10-31,XAUUSD,B,none,SHORT,1995.44,1995.17,1994.86,0.32,0.27,BELOW,10:00,1994.86,4.24,2.49,0.28,-0.38,0.67,True,10:10,1995.24,16:00,1993.31,session,1.55,0.30,1.25,WIN
2023-11-01,XAUUSD,B,none,SHORT,1985.32,1984.95,1984.91,0.04,0.37,BELOW,10:00,1984.91,9.67,0.29,0.33,-0.11,0.43,True,10:05,1985.02,16:00,1977.02,session,7.89,0.30,7.59,WIN
2023-11-02,XAUUSD,B,none,LONG,1983.19,1984.42,1983.81,0.62,0.62,ABOVE,10:00,1984.42,3.80,0.97,,,,False,,,16:00,1986.12,session,1.69,0.30,1.39,WIN
2024-03-12,XAUUSD,B,none,LONG,2181.36,2182.53,2181.29,1.24,-1.16,STRADDLE,10:00,2182.53,2.06,5.62,2.06,-1.26,3.32,True,11:40,2181.27,16:00,2178.90,session,-3.62,0.30,-3.92,LOSS
2024-03-13,XAUUSD,B,none,SHORT,2158.63,2158.82,2158.49,0.34,-0.19,STRADDLE,10:00,2158.49,2.63,3.17,0.65,-0.36,1.01,True,10:10,2158.84,16:00,2159.09,session,-0.61,0.30,-0.91,LOSS
2024-03-14,XAUUSD,B,none,LONG,2175.18,2175.43,2174.70,0.72,-0.24,STRADDLE,10:00,2175.43,1.62,4.36,0.85,-0.91,1.76,True,11:10,2174.51,16:00,2171.11,session,-4.31,0.30,-4.61,LOSS
2024-03-15,XAUUSD,B,none,LONG,2161.62,2161.78,2161.59,0.20,-0.16,STRADDLE,10:00,2161.78,4.23,1.12,0.14,-0.22,0.36,True,10:10,2161.56,16:00,2165.20,session,3.42,0.30,3.12,WIN
2024-03-18,XAUUSD,B,none,LONG,2154.17,2155.41,2154.91,0.50,0.74,ABOVE,10:00,2155.41,2.20,9.25,0.09,-0.71,0.80,True,10:10,2154.70,16:00,2147.56,session,-7.85,0.30,-8.15,LOSS
2024-03-20,XAUUSD,B,none,SHORT,2158.49,2158.78,2158.22,0.55,-0.28,STRADDLE,10:00,2158.22,2.93,2.07,2.93,-0.59,3.53,True,12:15,2158.82,16:00,2157.30,session,0.92,0.30,0.62,WIN
2024-03-22,XAUUSD,B,none,LONG,2181.23,2181.38,2181.37,0.01,0.14,ABOVE,10:00,2181.38,4.75,9.51,0.26,-0.15,0.41,True,10:15,2181.23,16:00,2173.57,session,-7.81,0.30,-8.11,LOSS
2024-03-25,XAUUSD,B,none,LONG,2165.87,2166.88,2166.41,0.47,0.54,ABOVE,10:00,2166.88,11.53,2.87,2.63,-1.14,3.77,True,11:15,2165.74,16:00,2170.12,session,3.25,0.30,2.95,WIN
2024-04-01,XAUUSD,B,none,LONG,2236.93,2237.49,2237.08,0.41,0.14,ABOVE,10:00,2237.49,28.28,0.26,,,,False,,,16:00,2259.34,session,21.85,0.30,21.55,WIN
2024-04-02,XAUUSD,B,none,SHORT,2254.59,2253.71,2251.64,2.07,0.88,BELOW,10:00,2251.64,4.92,8.31,4.92,-2.27,7.19,True,13:50,2253.91,16:00,2256.41,session,-4.78,0.30,-5.08,LOSS
2024-04-03,XAUUSD,B,none,LONG,2283.59,2283.70,2281.94,1.76,-0.11,STRADDLE,10:00,2283.70,4.33,6.93,0.00,-1.86,1.86,True,10:05,2281.84,16:00,2282.91,session,-0.78,0.30,-1.08,LOSS
2024-04-04,XAUUSD,B,none,SHORT,2301.07,2301.84,2300.36,1.48,-0.77,STRADDLE,10:00,2300.36,3.95,4.63,3.95,-1.99,5.93,True,11:55,2302.34,16:00,2299.67,session,0.68,0.30,0.38,WIN
2024-04-05,XAUUSD,B,none,LONG,2288.84,2290.55,2289.81,0.74,0.97,ABOVE,10:00,2290.55,0.68,22.76,0.68,-1.04,1.72,True,10:45,2289.51,16:00,2278.22,session,-12.33,0.30,-12.63,LOSS
2024-04-08,XAUUSD,B,none,SHORT,2311.78,2311.39,2309.93,1.47,0.38,BELOW,10:00,2309.93,6.95,44.23,6.95,-3.68,10.64,True,11:25,2313.61,16:00,2332.86,session,-22.93,0.30,-23.23,LOSS
2024-04-09,XAUUSD,B,none,LONG,2339.64,2339.91,2338.88,1.03,-0.27,STRADDLE,10:00,2339.91,8.61,2.02,1.87,-1.76,3.63,True,11:00,2338.14,16:00,2344.97,session,5.06,0.30,4.76,WIN
2024-04-11,XAUUSD,B,none,SHORT,2336.35,2335.61,2334.99,0.62,0.74,BELOW,10:00,2334.99,1.62,11.96,1.62,-1.02,2.64,True,10:30,2336.01,16:00,2339.50,session,-4.51,0.30,-4.81,LOSS
2024-04-12,XAUUSD,B,none,SHORT,2376.57,2376.89,2375.52,1.37,-0.32,STRADDLE,10:00,2375.52,0.88,19.99,0.88,-2.12,3.00,True,10:50,2377.64,16:00,2387.66,session,-12.14,0.30,-12.44,LOSS
2024-04-15,XAUUSD,B,none,SHORT,2365.42,2364.89,2361.99,2.90,0.53,BELOW,10:00,2361.99,13.56,2.84,,,,False,,,16:00,2360.30,session,1.68,0.30,1.38,WIN
2024-04-16,XAUUSD,B,none,SHORT,2382.30,2381.99,2380.74,1.25,0.32,BELOW,10:00,2380.74,1.39,8.69,0.51,-2.07,2.58,True,10:15,2382.80,16:00,2387.36,session,-6.62,0.30,-6.92,LOSS
2024-04-17,XAUUSD,B,none,SHORT,2384.01,2382.83,2381.43,1.40,1.18,BELOW,10:00,2381.43,7.15,4.88,0.28,-2.23,2.51,True,10:15,2383.66,16:00,2375.53,session,5.89,0.30,5.59,WIN
2024-04-18,XAUUSD,B,none,LONG,2366.86,2368.76,2368.08,0.68,1.22,ABOVE,10:00,2368.76,9.40,4.68,0.81,-1.08,1.89,True,10:05,2367.68,16:00,2378.14,session,9.38,0.30,9.08,WIN
2024-04-19,XAUUSD,B,none,SHORT,2381.20,2379.93,2378.21,1.72,1.28,BELOW,10:00,2378.21,4.37,39.71,4.37,-5.78,10.15,True,11:00,2383.99,16:00,2382.32,session,-4.11,0.30,-4.41,LOSS
2024-04-22,XAUUSD,B,none,SHORT,2385.96,2386.62,2383.54,3.08,-0.66,STRADDLE,10:00,2383.54,22.59,1.49,,,,False,,,16:00,2363.42,session,20.12,0.30,19.82,WIN
2024-04-24,XAUUSD,B,none,SHORT,2324.03,2323.37,2322.55,0.82,0.66,BELOW,10:00,2322.55,6.70,8.82,6.70,-1.18,7.89,True,13:10,2323.73,16:00,2330.14,session,-7.59,0.30,-7.89,LOSS
2024-04-25,XAUUSD,B,none,LONG,2316.12,2317.02,2316.39,0.63,0.26,ABOVE,10:00,2317.02,5.14,11.99,2.55,-0.76,3.32,True,11:10,2316.26,16:00,2318.84,session,1.82,0.30,1.52,WIN
2024-04-30,XAUUSD,B,none,SHORT,2333.61,2333.18,2332.26,0.91,0.43,BELOW,10:00,2332.26,11.62,3.99,0.16,-1.55,1.72,True,10:05,2333.82,16:00,2321.50,session,10.76,0.30,10.46,WIN
2024-05-01,XAUUSD,B,none,LONG,2291.46,2292.22,2291.39,0.83,-0.76,STRADDLE,10:00,2292.22,0.73,10.54,0.73,-1.17,1.90,True,10:15,2291.05,16:00,2286.84,session,-5.38,0.30,-5.68,LOSS
2024-05-02,XAUUSD,B,none,LONG,2324.18,2324.91,2323.95,0.96,-0.72,STRADDLE,10:00,2324.91,1.61,12.19,0.73,-1.89,2.62,True,10:25,2323.01,16:00,2313.88,session,-11.03,0.30,-11.33,LOSS
2024-05-07,XAUUSD,B,none,LONG,2325.41,2327.06,2326.17,0.89,0.76,ABOVE,10:00,2327.06,2.92,7.57,0.00,-1.34,1.34,True,10:05,2325.72,16:00,2319.72,session,-7.34,0.30,-7.64,LOSS
2024-05-08,XAUUSD,B,none,LONG,2315.09,2315.80,2315.27,0.53,0.18,ABOVE,10:00,2315.80,5.73,8.73,0.56,-0.65,1.21,True,10:25,2315.15,16:00,2318.54,session,2.74,0.30,2.44,WIN
2024-05-09,XAUUSD,B,none,LONG,2308.72,2309.11,2308.88,0.23,0.16,ABOVE,10:00,2309.11,10.74,1.17,0.19,-0.76,0.95,True,10:05,2308.36,16:00,2315.47,session,6.35,0.30,6.05,WIN
2024-05-10,XAUUSD,B,none,SHORT,2346.55,2346.83,2346.31,0.52,-0.28,STRADDLE,10:00,2346.31,0.12,12.53,0.12,-0.56,0.68,True,10:10,2346.87,16:00,2357.72,session,-11.41,0.30,-11.71,LOSS
2024-05-13,XAUUSD,B,none,LONG,2360.20,2360.75,2360.55,0.20,0.35,ABOVE,10:00,2360.75,3.80,9.46,3.80,-1.22,5.02,True,11:10,2359.53,16:00,2353.89,session,-6.86,0.30,-7.16,LOSS
2024-05-14,XAUUSD,B,none,SHORT,2338.84,2338.47,2338.39,0.08,0.38,BELOW,10:00,2338.39,3.50,7.60,0.59,-0.61,1.20,True,10:10,2339.00,16:00,2345.06,session,-6.67,0.30,-6.97,LOSS
2024-05-15,XAUUSD,B,none,LONG,2355.95,2356.18,2355.91,0.27,-0.23,STRADDLE,10:00,2356.18,4.88,1.19,0.52,-0.36,0.88,True,10:10,2355.82,16:00,2358.98,session,2.80,0.30,2.50,WIN
2024-05-16,XAUUSD,B,none,SHORT,2391.14,2391.95,2390.64,1.31,-0.81,STRADDLE,10:00,2390.64,4.03,6.87,0.09,-2.01,2.09,True,10:10,2392.65,16:00,2389.01,session,1.64,0.30,1.34,WIN
2024-05-17,XAUUSD,B,none,LONG,2378.57,2378.97,2377.98,0.99,-0.40,STRADDLE,10:00,2378.97,3.48,4.95,0.74,-1.05,1.79,True,10:40,2377.93,16:00,2382.40,session,3.43,0.30,3.13,WIN
2024-05-20,XAUUSD,B,none,SHORT,2419.49,2420.38,2418.32,2.07,-0.89,STRADDLE,10:00,2418.32,1.72,31.81,1.72,-3.48,5.20,True,10:25,2421.80,16:00,2445.74,session,-27.43,0.30,-27.73,LOSS
2024-05-21,XAUUSD,B,none,LONG,2426.20,2427.11,2426.36,0.75,0.17,ABOVE,10:00,2427.11,6.03,20.95,0.09,-0.85,0.93,True,10:10,2426.26,16:00,2415.74,session,-11.38,0.30,-11.68,LOSS
2024-05-22,XAUUSD,B,none,LONG,2421.89,2422.39,2421.80,0.59,-0.49,STRADDLE,10:00,2422.39,4.22,10.86,0.85,-0.67,1.52,True,10:35,2421.72,16:00,2416.82,session,-5.57,0.30,-5.87,LOSS
2024-05-23,XAUUSD,B,none,LONG,2382.17,2382.60,2382.31,0.29,0.14,ABOVE,10:00,2382.60,1.18,27.61,1.18,-0.40,1.59,True,10:15,2382.20,16:00,2360.14,session,-22.46,0.30,-22.76,LOSS
2024-05-27,XAUUSD,B,none,SHORT,2337.80,2337.33,2336.74,0.59,0.47,BELOW,10:00,2336.74,2.21,10.93,2.21,-0.75,2.96,True,11:05,2337.49,16:00,2343.25,session,-6.51,0.30,-6.81,LOSS
2024-05-29,XAUUSD,B,none,LONG,2359.68,2360.14,2359.72,0.42,0.04,ABOVE,10:00,2360.14,1.31,5.65,0.97,-0.71,1.68,True,10:20,2359.43,16:00,2355.44,session,-4.70,0.30,-5.00,LOSS
2024-05-30,XAUUSD,B,none,SHORT,2338.70,2338.51,2336.89,1.62,0.20,BELOW,10:00,2336.89,14.23,3.06,2.84,-2.20,5.05,True,11:10,2339.09,16:00,2325.26,session,11.63,0.30,11.33,WIN
2024-05-31,XAUUSD,B,none,SHORT,2343.97,2344.05,2343.32,0.73,-0.08,STRADDLE,10:00,2343.32,6.28,4.49,0.72,-0.78,1.49,True,10:30,2344.10,16:00,2343.64,session,-0.32,0.30,-0.62,LOSS
2024-06-03,XAUUSD,B,none,LONG,2326.14,2326.26,2325.93,0.33,-0.11,STRADDLE,10:00,2326.26,4.89,10.92,0.11,-1.32,1.42,True,10:05,2324.94,16:00,2318.95,session,-7.30,0.30,-7.60,LOSS
2024-06-04,XAUUSD,B,none,LONG,2350.43,2351.45,2350.59,0.86,0.17,ABOVE,10:00,2351.45,1.43,8.26,1.43,-1.97,3.40,True,11:05,2349.49,16:00,2350.89,session,-0.56,0.30,-0.86,LOSS
2024-06-05,XAUUSD,B,none,SHORT,2328.47,2328.88,2328.42,0.46,-0.41,STRADDLE,10:00,2328.42,2.45,13.32,0.65,-0.75,1.40,True,10:20,2329.17,16:00,2336.80,session,-8.38,0.30,-8.68,LOSS
2024-06-06,XAUUSD,B,none,SHORT,2355.43,2355.15,2354.88,0.28,0.28,BELOW,10:00,2354.88,0.26,20.17,0.20,-0.28,0.49,True,10:05,2355.16,16:00,2367.24,session,-12.37,0.30,-12.67,LOSS
2024-06-07,XAUUSD,B,none,SHORT,2377.05,2376.91,2376.53,0.38,0.13,BELOW,10:00,2376.53,7.03,11.25,0.31,-0.45,0.76,True,10:05,2376.99,16:00,2376.10,session,0.43,0.30,0.13,WIN
2024-06-10,XAUUSD,B,none,LONG,2299.18,2299.71,2298.56,1.15,-0.53,STRADDLE,10:00,2299.71,1.74,7.43,0.00,-1.18,1.18,True,10:05,2298.53,16:00,2294.65,session,-5.06,0.30,-5.36,LOSS
2024-06-11,XAUUSD,B,none,SHORT,2309.82,2309.96,2309.57,0.39,-0.14,STRADDLE,10:00,2309.57,11.77,2.46,0.42,-0.82,1.24,True,10:35,2310.39,16:00,2299.62,session,9.95,0.30,9.65,WIN
2024-06-12,XAUUSD,B,none,LONG,2314.51,2315.57,2315.20,0.38,0.69,ABOVE,10:00,2315.57,1.25,4.82,0.12,-0.58,0.70,True,10:10,2314.99,16:00,2314.55,session,-1.02,0.30,-1.32,LOSS
2024-06-13,XAUUSD,B,none,SHORT,2321.44,2320.65,2318.53,2.12,0.79,BELOW,10:00,2318.53,10.33,4.48,0.90,-3.13,4.03,True,10:25,2321.66,16:00,2313.55,session,4.98,0.30,4.68,WIN
2024-06-14,XAUUSD,B,none,LONG,2302.05,2303.33,2302.43,0.89,0.38,ABOVE,10:00,2303.33,8.40,1.72,0.18,-1.63,1.81,True,10:10,2301.70,16:00,2309.13,session,5.80,0.30,5.50,WIN
2024-06-17,XAUUSD,B,none,SHORT,2328.98,2328.95,2326.58,2.37,0.03,BELOW,10:00,2326.58,9.28,2.43,,,,False,,,16:00,2317.45,session,9.13,0.30,8.83,WIN
2024-06-18,XAUUSD,B,none,LONG,2320.45,2322.18,2321.11,1.07,0.66,ABOVE,10:00,2322.18,3.55,2.88,3.41,-1.65,5.07,True,11:15,2320.53,16:00,2321.91,session,-0.27,0.30,-0.57,LOSS
2024-06-19,XAUUSD,B,none,LONG,2328.84,2328.94,2328.43,0.51,-0.10,STRADDLE,10:00,2328.94,2.90,2.41,0.91,-0.74,1.65,True,10:25,2328.20,16:00,2329.91,session,0.97,0.30,0.67,WIN
2024-06-21,XAUUSD,B,none,LONG,2360.19,2361.32,2360.95,0.38,0.76,ABOVE,10:00,2361.32,4.36,4.18,3.58,-0.66,4.24,True,11:25,2360.66,16:00,2363.45,session,2.12,0.30,1.82,WIN
2024-06-24,XAUUSD,B,none,LONG,2318.47,2320.90,2319.19,1.71,0.72,ABOVE,10:00,2320.90,6.44,2.89,0.11,-1.79,1.89,True,10:10,2319.11,16:00,2323.34,session,2.44,0.30,2.14,WIN
2024-06-25,XAUUSD,B,none,SHORT,2330.92,2330.97,2330.58,0.39,-0.05,STRADDLE,10:00,2330.58,7.82,0.39,,,,False,,,16:00,2324.14,session,6.43,0.30,6.13,WIN
2024-06-26,XAUUSD,B,none,SHORT,2319.99,2320.16,2319.36,0.80,-0.18,STRADDLE,10:00,2319.36,9.18,4.65,0.52,-2.38,2.89,True,10:10,2321.74,16:00,2310.99,session,8.37,0.30,8.07,WIN
2024-06-27,XAUUSD,B,none,LONG,2298.34,2298.45,2298.44,0.01,0.10,ABOVE,10:00,2298.45,2.73,1.84,1.76,-0.16,1.92,True,10:45,2298.29,16:00,2298.72,session,0.26,0.30,-0.04,LOSS
2024-06-28,XAUUSD,B,none,SHORT,2327.87,2327.76,2327.32,0.45,0.11,BELOW,10:00,2327.32,8.21,1.08,,,,False,,,16:00,2325.72,session,1.60,0.30,1.30,WIN
2024-07-01,XAUUSD,B,none,SHORT,2325.72,2325.05,2323.43,1.61,0.67,BELOW,10:00,2323.43,4.83,5.21,1.18,-1.78,2.96,True,10:35,2325.22,16:00,2322.78,session,0.66,0.30,0.36,WIN
2024-07-02,XAUUSD,B,none,LONG,2332.34,2333.51,2332.36,1.14,0.03,ABOVE,10:00,2333.51,0.88,8.50,0.44,-1.23,1.67,True,10:35,2332.28,16:00,2331.05,session,-2.45,0.30,-2.75,LOSS
2024-07-03,XAUUSD,B,none,LONG,2330.23,2330.92,2330.32,0.61,0.09,ABOVE,10:00,2330.92,4.93,4.03,1.30,-0.62,1.92,True,10:55,2330.30,16:00,2333.99,session,3.07,0.30,2.77,WIN
2024-07-04,XAUUSD,B,none,SHORT,2358.75,2358.93,2357.72,1.21,-0.18,STRADDLE,10:00,2357.72,2.12,4.88,1.17,-1.44,2.61,True,10:50,2359.16,16:00,2356.41,session,1.31,0.30,1.01,WIN
2024-07-05,XAUUSD,B,none,SHORT,2357.13,2356.84,2356.17,0.67,0.29,BELOW,10:00,2356.17,0.02,9.38,0.02,-0.87,0.89,True,10:05,2357.04,16:00,2365.49,session,-9.32,0.30,-9.62,LOSS
2024-07-08,XAUUSD,B,none,SHORT,2386.47,2386.17,2384.70,1.47,0.30,BELOW,10:00,2384.70,3.93,6.43,0.02,-2.06,2.08,True,10:15,2386.76,16:00,2381.38,session,3.33,0.30,3.03,WIN
2024-07-09,XAUUSD,B,none,LONG,2361.65,2362.53,2361.86,0.67,0.21,ABOVE,10:00,2362.53,6.29,1.98,1.22,-1.47,2.68,True,10:30,2361.07,16:00,2364.91,session,2.37,0.30,2.07,WIN
2024-07-10,XAUUSD,B,none,LONG,2365.14,2365.61,2365.09,0.52,-0.47,STRADDLE,10:00,2365.61,4.80,2.24,0.37,-0.55,0.92,True,10:05,2365.06,16:00,2368.85,session,3.24,0.30,2.94,WIN
2024-07-11,XAUUSD,B,none,SHORT,2372.69,2372.89,2372.47,0.41,-0.20,STRADDLE,10:00,2372.47,0.93,10.59,0.93,-0.49,1.42,True,10:30,2372.96,16:00,2382.16,session,-9.68,0.30,-9.98,LOSS
2024-07-12,XAUUSD,B,none,SHORT,2414.66,2416.07,2413.35,2.72,-1.41,STRADDLE,10:00,2413.35,7.85,0.96,,,,False,,,16:00,2406.47,session,6.88,0.30,6.58,WIN
2024-07-15,XAUUSD,B,none,SHORT,2407.44,2408.80,2407.32,1.48,-1.36,STRADDLE,10:00,2407.32,2.33,6.71,2.33,-2.21,4.55,True,11:50,2409.53,16:00,2408.05,session,-0.73,0.30,-1.03,LOSS
2024-07-16,XAUUSD,B,none,SHORT,2421.93,2422.62,2420.87,1.76,-0.70,STRADDLE,10:00,2420.87,0.79,12.00,0.79,-1.98,2.77,True,11:00,2422.85,16:00,2430.34,session,-9.47,0.30,-9.77,LOSS
2024-07-17,XAUUSD,B,none,SHORT,2467.94,2468.36,2467.76,0.61,-0.42,STRADDLE,10:00,2467.76,3.76,14.66,1.45,-1.20,2.66,True,10:30,2468.96,16:00,2466.12,session,1.64,0.30,1.34,WIN
2024-07-18,XAUUSD,B,none,SHORT,2461.61,2461.45,2459.08,2.38,0.16,BELOW,10:00,2459.08,1.62,10.90,1.62,-3.64,5.26,True,11:10,2462.72,16:00,2465.74,session,-6.66,0.30,-6.96,LOSS
2024-07-19,XAUUSD,B,none,SHORT,2443.76,2441.38,2431.36,10.03,2.38,BELOW,10:00,2431.36,10.78,3.86,,,,False,,,16:00,2421.80,session,9.56,0.30,9.26,WIN
2024-07-22,XAUUSD,B,none,SHORT,2411.30,2411.60,2409.97,1.62,-0.30,STRADDLE,10:00,2409.97,8.72,2.28,4.18,-1.92,6.11,True,11:30,2411.89,16:00,2404.68,session,5.30,0.30,5.00,WIN
2024-07-23,XAUUSD,B,none,LONG,2395.86,2396.93,2395.81,1.12,-1.07,STRADDLE,10:00,2396.93,7.09,6.09,7.09,-1.25,8.34,True,15:00,2395.68,16:00,2391.97,session,-4.96,0.30,-5.26,LOSS
2024-07-24,XAUUSD,B,none,LONG,2408.86,2409.49,2408.68,0.81,-0.62,STRADDLE,10:00,2409.49,9.04,4.47,0.81,-1.12,1.93,True,10:55,2408.36,16:00,2417.07,session,7.59,0.30,7.29,WIN
2024-07-25,XAUUSD,B,none,SHORT,2399.61,2398.89,2398.07,0.82,0.72,BELOW,10:00,2398.07,31.21,2.08,,,,False,,,16:00,2376.74,session,21.33,0.30,21.03,WIN
2024-07-26,XAUUSD,B,none,LONG,2363.72,2364.73,2363.86,0.88,0.14,ABOVE,10:00,2364.73,14.75,8.86,0.72,-1.01,1.74,True,10:25,2363.72,16:00,2372.59,session,7.86,0.30,7.56,WIN
2024-07-30,XAUUSD,B,none,LONG,2382.11,2383.01,2381.28,1.72,-0.89,STRADDLE,10:00,2383.01,7.38,6.47,0.22,-1.75,1.97,True,10:10,2381.26,16:00,2389.50,session,6.49,0.30,6.19,WIN
2024-07-31,XAUUSD,B,none,SHORT,2409.36,2409.91,2408.95,0.96,-0.55,STRADDLE,10:00,2408.95,5.01,13.25,5.01,-2.26,7.26,True,11:40,2411.20,16:00,2417.87,session,-8.92,0.30,-9.22,LOSS
2024-08-01,XAUUSD,B,none,LONG,2445.39,2446.07,2445.84,0.24,0.45,ABOVE,10:00,2446.07,12.39,8.75,0.95,-0.57,1.52,True,10:20,2445.50,16:00,2447.62,session,1.55,0.30,1.25,WIN
2024-08-02,XAUUSD,B,none,SHORT,2445.46,2446.00,2444.82,1.18,-0.54,STRADDLE,10:00,2444.82,9.76,23.72,0.28,-2.22,2.50,True,10:15,2447.03,16:00,2462.98,session,-18.16,0.30,-18.46,LOSS
2024-08-05,XAUUSD,B,none,SHORT,2439.55,2441.16,2437.28,3.88,-1.61,STRADDLE,10:00,2437.28,23.49,21.59,23.49,-7.91,31.41,True,12:50,2445.20,16:00,2431.58,session,5.70,0.30,5.40,WIN
2024-08-06,XAUUSD,B,none,LONG,2406.15,2407.49,2404.93,2.56,-1.34,STRADDLE,10:00,2407.49,10.93,9.78,10.93,-5.07,16.01,True,15:45,2402.42,16:00,2398.93,session,-8.57,0.30,-8.87,LOSS
2024-08-08,XAUUSD,B,none,SHORT,2384.86,2384.90,2383.80,1.11,-0.04,STRADDLE,10:00,2383.80,0.51,12.70,0.51,-2.37,2.88,True,10:20,2386.16,16:00,2393.72,session,-9.93,0.30,-10.23,LOSS
2024-08-09,XAUUSD,B,none,LONG,2423.34,2425.12,2424.66,0.47,1.32,ABOVE,10:00,2425.12,3.90,8.20,0.07,-1.57,1.64,True,10:05,2423.56,16:00,2419.14,session,-5.98,0.30,-6.28,LOSS
2024-08-12,XAUUSD,B,none,SHORT,2428.01,2428.05,2427.34,0.70,-0.03,STRADDLE,10:00,2427.34,3.45,8.74,0.11,-0.88,0.98,True,10:05,2428.22,16:00,2435.26,session,-7.92,0.30,-8.22,LOSS
2024-08-13,XAUUSD,B,none,LONG,2474.41,2475.93,2475.57,0.36,1.16,ABOVE,10:00,2475.93,1.03,17.38,1.03,-0.67,1.70,True,10:15,2475.26,16:00,2463.03,session,-12.90,0.30,-13.20,LOSS
2024-08-14,XAUUSD,B,none,LONG,2463.73,2464.28,2464.24,0.04,0.51,ABOVE,10:00,2464.28,8.37,8.91,8.37,-0.91,9.29,True,12:00,2463.37,16:00,2461.95,session,-2.34,0.30,-2.64,LOSS
2024-08-15,XAUUSD,B,none,LONG,2448.51,2449.52,2449.50,0.02,0.99,ABOVE,10:00,2449.52,5.99,1.24,0.47,-0.34,0.81,True,10:20,2449.18,16:00,2453.72,session,4.20,0.30,3.90,WIN
2024-08-16,XAUUSD,B,none,LONG,2457.82,2457.89,2457.39,0.50,-0.07,STRADDLE,10:00,2457.89,2.26,7.09,2.26,-1.50,3.76,True,11:30,2456.39,16:00,2457.32,session,-0.57,0.30,-0.87,LOSS
2024-08-19,XAUUSD,B,none,SHORT,2505.74,2506.54,2505.67,0.87,-0.80,STRADDLE,10:00,2505.67,10.62,1.15,0.47,-0.92,1.39,True,10:10,2506.59,16:00,2501.20,session,4.47,0.30,4.17,WIN
2024-08-20,XAUUSD,B,none,LONG,2503.36,2504.47,2503.73,0.74,0.38,ABOVE,10:00,2504.47,3.80,5.70,3.80,-1.46,5.26,True,11:10,2503.01,16:00,2500.57,session,-3.91,0.30,-4.21,LOSS
2024-08-22,XAUUSD,B,none,LONG,2513.15,2513.31,2512.88,0.43,-0.16,STRADDLE,10:00,2513.31,1.42,13.96,0.00,-0.95,0.95,True,10:05,2512.36,16:00,2505.36,session,-7.95,0.30,-8.25,LOSS
2024-08-28,XAUUSD,B,none,SHORT,2526.28,2525.37,2524.74,0.63,0.91,BELOW,10:00,2524.74,21.41,1.19,,,,False,,,16:00,2504.72,session,20.02,0.30,19.72,WIN
2024-08-29,XAUUSD,B,none,LONG,2507.82,2509.95,2508.22,1.73,0.40,ABOVE,10:00,2509.95,10.09,0.75,,,,False,,,16:00,2518.55,session,8.61,0.30,8.31,WIN
2024-08-30,XAUUSD,B,none,SHORT,2519.49,2519.68,2518.61,1.08,-0.20,STRADDLE,10:00,2518.61,6.35,1.59,,,,False,,,16:00,2513.74,session,4.86,0.30,4.56,WIN
2024-09-04,XAUUSD,B,none,LONG,2493.82,2494.42,2493.35,1.07,-0.60,STRADDLE,10:00,2494.42,2.57,2.98,0.09,-1.23,1.32,True,10:10,2493.19,16:00,2492.79,session,-1.63,0.30,-1.93,LOSS
2024-09-05,XAUUSD,B,none,LONG,2495.37,2496.57,2495.98,0.59,0.61,ABOVE,10:00,2496.57,5.84,2.69,0.04,-1.00,1.04,True,10:05,2495.57,16:00,2501.36,session,4.78,0.30,4.48,WIN
2024-09-09,XAUUSD,B,none,LONG,2496.43,2497.95,2497.01,0.94,0.59,ABOVE,10:00,2497.95,2.64,10.69,0.29,-1.16,1.45,True,10:20,2496.80,16:00,2489.55,session,-8.40,0.30,-8.70,LOSS
2024-09-11,XAUUSD,B,none,LONG,2517.86,2518.78,2518.69,0.09,0.84,ABOVE,10:00,2518.78,4.99,3.76,0.10,-0.52,0.62,True,10:05,2518.26,16:00,2522.10,session,3.32,0.30,3.02,WIN
2024-09-12,XAUUSD,B,none,SHORT,2511.93,2512.01,2511.86,0.15,-0.08,STRADDLE,10:00,2511.86,0.77,8.88,0.10,-0.42,0.52,True,10:05,2512.28,16:00,2520.47,session,-8.61,0.30,-8.91,LOSS
2024-09-13,XAUUSD,B,none,SHORT,2557.41,2558.57,2557.05,1.52,-1.16,STRADDLE,10:00,2557.05,0.20,13.32,0.20,-2.05,2.25,True,10:15,2559.10,16:00,2566.51,session,-9.46,0.30,-9.76,LOSS
2024-09-17,XAUUSD,B,none,LONG,2583.71,2584.18,2583.78,0.40,0.07,ABOVE,10:00,2584.18,2.18,9.56,0.24,-0.51,0.75,True,10:05,2583.68,16:00,2581.44,session,-2.74,0.30,-3.04,LOSS
2024-09-18,XAUUSD,B,none,LONG,2573.84,2574.21,2574.09,0.12,0.26,ABOVE,10:00,2574.21,2.33,8.42,0.24,-0.32,0.57,True,10:05,2573.89,16:00,2568.64,session,-5.57,0.30,-5.87,LOSS
2024-09-23,XAUUSD,B,none,SHORT,2620.89,2620.28,2619.45,0.83,0.61,BELOW,10:00,2619.45,3.28,11.95,3.28,-1.64,4.91,True,11:35,2621.09,16:00,2629.01,session,-9.55,0.30,-9.85,LOSS
2024-09-24,XAUUSD,B,none,SHORT,2626.16,2626.43,2625.20,1.23,-0.27,STRADDLE,10:00,2625.20,1.33,14.98,1.33,-1.65,2.98,True,11:00,2626.85,16:00,2627.07,session,-1.87,0.30,-2.17,LOSS
2024-09-25,XAUUSD,B,none,SHORT,2658.52,2658.32,2657.59,0.73,0.20,BELOW,10:00,2657.59,3.08,13.01,0.32,-0.77,1.09,True,10:10,2658.36,16:00,2659.24,session,-1.65,0.30,-1.95,LOSS
2024-09-27,XAUUSD,B,none,SHORT,2672.59,2672.68,2671.30,1.38,-0.09,STRADDLE,10:00,2671.30,8.89,2.74,5.01,-1.46,6.47,True,13:35,2672.76,16:00,2666.53,session,4.77,0.30,4.47,WIN
2024-09-30,XAUUSD,B,none,LONG,2664.30,2665.09,2663.66,1.44,-0.79,STRADDLE,10:00,2665.09,0.96,17.76,0.96,-1.85,2.81,True,10:20,2663.24,16:00,2658.47,session,-6.62,0.30,-6.92,LOSS
2024-10-01,XAUUSD,B,none,LONG,2635.35,2636.02,2635.85,0.17,0.50,ABOVE,10:00,2636.02,8.43,2.02,0.79,-1.30,2.09,True,10:35,2634.72,16:00,2643.51,session,7.49,0.30,7.19,WIN
2024-10-02,XAUUSD,B,none,SHORT,2660.74,2660.41,2660.09,0.32,0.32,BELOW,10:00,2660.09,15.51,2.02,3.70,-0.68,4.38,True,11:45,2660.77,16:00,2648.14,session,11.95,0.30,11.65,WIN
2024-10-03,XAUUSD,B,none,LONG,2660.45,2660.85,2660.39,0.46,-0.39,STRADDLE,10:00,2660.85,2.16,9.49,2.16,-1.46,3.62,True,10:10,2659.39,16:00,2652.43,session,-8.42,0.30,-8.72,LOSS
2024-10-04,XAUUSD,B,none,LONG,2655.33,2656.14,2655.89,0.24,0.57,ABOVE,10:00,2656.14,11.73,0.58,,,,False,,,16:00,2667.03,session,10.89,0.30,10.59,WIN
2024-10-07,XAUUSD,B,none,SHORT,2650.79,2650.88,2650.25,0.62,-0.09,STRADDLE,10:00,2650.25,6.36,2.24,0.07,-0.89,0.96,True,10:10,2651.14,16:00,2646.75,session,3.50,0.30,3.20,WIN
2024-10-09,XAUUSD,B,none,LONG,2621.70,2622.67,2622.11,0.56,0.42,ABOVE,10:00,2622.67,1.63,7.68,1.16,-0.65,1.81,True,10:55,2622.02,16:00,2619.51,session,-3.16,0.30,-3.46,LOSS
2024-10-11,XAUUSD,B,none,LONG,2628.59,2629.34,2628.34,1.00,-0.74,STRADDLE,10:00,2629.34,16.80,0.14,,,,False,,,16:00,2645.66,session,16.33,0.30,16.03,WIN
2024-10-14,XAUUSD,B,none,SHORT,2650.20,2650.41,2649.89,0.51,-0.21,STRADDLE,10:00,2649.89,6.65,10.51,6.65,-0.78,7.43,True,13:30,2650.68,16:00,2659.31,session,-9.41,0.30,-9.71,LOSS
2024-10-15,XAUUSD,B,none,LONG,2650.11,2650.43,2650.12,0.31,0.01,ABOVE,10:00,2650.43,2.38,8.40,0.59,-0.95,1.54,True,10:40,2649.48,16:00,2642.24,session,-8.18,0.30,-8.48,LOSS
2024-10-16,XAUUSD,B,none,SHORT,2662.57,2662.28,2662.01,0.27,0.29,BELOW,10:00,2662.01,3.21,8.15,0.66,-0.34,1.01,True,10:40,2662.36,16:00,2667.74,session,-5.72,0.30,-6.02,LOSS
2024-10-18,XAUUSD,B,none,SHORT,2693.27,2692.76,2692.53,0.22,0.51,BELOW,10:00,2692.53,0.09,19.51,0.00,-0.71,0.71,True,10:05,2693.24,16:00,2711.00,session,-18.47,0.30,-18.77,LOSS
2024-10-21,XAUUSD,B,none,LONG,2722.20,2724.07,2723.70,0.37,1.49,ABOVE,10:00,2724.07,8.82,2.97,0.37,-0.47,0.84,True,10:15,2723.60,16:00,2730.11,session,6.05,0.30,5.75,WIN
2024-10-22,XAUUSD,B,none,SHORT,2720.78,2720.78,2720.51,0.28,-0.01,STRADDLE,10:00,2720.51,0.00,15.45,0.00,-0.43,0.43,True,10:05,2720.93,16:00,2734.62,session,-14.11,0.30,-14.41,LOSS
2024-10-24,XAUUSD,B,none,LONG,2717.93,2719.30,2718.11,1.18,0.18,ABOVE,10:00,2719.30,7.95,1.37,,,,False,,,16:00,2727.09,session,7.80,0.30,7.50,WIN
2024-10-25,XAUUSD,B,none,LONG,2735.05,2735.12,2734.69,0.43,-0.07,STRADDLE,10:00,2735.12,0.43,11.13,0.43,-1.09,1.52,True,10:45,2734.03,16:00,2728.32,session,-6.80,0.30,-7.10,LOSS
2024-10-28,XAUUSD,B,none,LONG,2732.72,2736.68,2734.66,2.02,1.93,ABOVE,10:00,2736.68,3.65,11.92,3.65,-2.85,6.50,True,11:05,2733.83,16:00,2733.31,session,-3.37,0.30,-3.67,LOSS
2024-10-30,XAUUSD,B,none,SHORT,2774.93,2774.76,2774.24,0.53,0.17,BELOW,10:00,2774.24,0.71,7.95,0.71,-0.82,1.53,True,10:50,2775.05,16:00,2779.44,session,-5.20,0.30,-5.50,LOSS
2024-10-31,XAUUSD,B,none,LONG,2786.90,2787.88,2787.51,0.36,0.61,ABOVE,10:00,2787.88,2.30,5.71,0.28,-0.55,0.83,True,10:10,2787.33,16:00,2784.18,session,-3.70,0.30,-4.00,LOSS
2025-03-10,XAUUSD,B,none,LONG,2911.96,2912.74,2911.99,0.75,0.03,ABOVE,10:00,2912.74,5.64,4.41,5.64,-1.98,7.62,True,13:10,2910.76,16:00,2909.59,session,-3.16,0.30,-3.46,LOSS
2025-03-12,XAUUSD,B,none,LONG,2915.47,2918.43,2917.79,0.64,2.32,ABOVE,10:00,2918.43,1.68,7.53,1.32,-0.84,2.16,True,10:10,2917.59,16:00,2913.74,session,-4.69,0.30,-4.99,LOSS
2025-03-13,XAUUSD,B,none,LONG,2937.78,2938.58,2938.22,0.36,0.43,ABOVE,10:00,2938.58,8.62,3.78,0.66,-1.18,1.84,True,10:05,2937.39,16:00,2944.63,session,6.05,0.30,5.75,WIN
2025-03-14,XAUUSD,B,none,SHORT,2987.20,2987.32,2986.39,0.93,-0.11,STRADDLE,10:00,2986.39,4.67,7.61,0.62,-2.61,3.22,True,10:25,2988.99,16:00,2985.41,session,0.97,0.30,0.67,WIN
2025-03-17,XAUUSD,B,none,LONG,2989.15,2989.48,2989.18,0.30,0.03,ABOVE,10:00,2989.48,4.76,6.99,4.76,-1.14,5.89,True,11:10,2988.34,16:00,2983.08,session,-6.40,0.30,-6.70,LOSS
2025-03-18,XAUUSD,B,none,LONG,3000.36,3000.97,3000.33,0.64,-0.61,STRADDLE,10:00,3000.97,16.23,1.51,1.92,-1.16,3.08,True,10:55,2999.81,16:00,3013.39,session,12.43,0.30,12.13,WIN
2025-03-19,XAUUSD,B,none,LONG,3034.04,3034.66,3034.53,0.12,0.49,ABOVE,10:00,3034.66,4.39,7.21,0.41,-0.98,1.39,True,10:10,3033.68,16:00,3037.36,session,2.70,0.30,2.40,WIN
2025-03-20,XAUUSD,B,none,SHORT,3049.45,3050.24,3049.30,0.93,-0.78,STRADDLE,10:00,3049.30,4.22,8.29,0.51,-1.20,1.71,True,10:20,3050.50,16:00,3052.41,session,-3.11,0.30,-3.41,LOSS
2025-03-21,XAUUSD,B,none,LONG,3045.11,3045.89,3045.84,0.05,0.72,ABOVE,10:00,3045.89,1.66,17.82,0.10,-0.65,0.75,True,10:05,3045.24,16:00,3029.61,session,-16.28,0.30,-16.58,LOSS
2025-03-24,XAUUSD,B,none,SHORT,3025.24,3025.68,3024.55,1.14,-0.44,STRADDLE,10:00,3024.55,10.79,1.86,1.16,-1.34,2.49,True,10:15,3025.88,16:00,3019.22,session,5.33,0.30,5.03,WIN
2025-03-25,XAUUSD,B,none,LONG,3010.17,3011.86,3011.51,0.35,1.34,ABOVE,10:00,3011.86,5.58,4.32,0.61,-0.38,0.98,True,10:10,3011.49,16:00,3017.42,session,5.56,0.30,5.26,WIN
2025-03-26,XAUUSD,B,none,LONG,3020.82,3021.47,3021.46,0.01,0.64,ABOVE,10:00,3021.47,5.70,7.14,0.21,-0.27,0.48,True,10:10,3021.20,16:00,3015.64,session,-5.83,0.30,-6.13,LOSS
2025-03-27,XAUUSD,B,none,SHORT,3020.01,3019.55,3018.78,0.76,0.47,BELOW,10:00,3018.78,1.12,19.91,1.12,-1.03,2.16,True,10:05,3019.82,16:00,3033.53,session,-14.75,0.30,-15.05,LOSS
2025-03-28,XAUUSD,B,none,SHORT,3055.93,3055.16,3054.51,0.65,0.77,BELOW,10:00,3054.51,0.27,23.17,0.27,-0.78,1.05,True,10:40,3055.28,16:00,3074.30,session,-19.80,0.30,-20.10,LOSS
2025-03-31,XAUUSD,B,none,SHORT,3089.57,3090.14,3088.78,1.36,-0.57,STRADDLE,10:00,3088.78,11.98,27.31,0.72,-1.48,2.20,True,10:10,3090.26,16:00,3108.39,session,-19.61,0.30,-19.91,LOSS
2025-04-01,XAUUSD,B,none,LONG,3123.47,3125.07,3122.89,2.18,-1.59,STRADDLE,10:00,3125.07,22.95,4.94,1.53,-4.76,6.30,True,10:50,3120.30,16:00,3143.88,session,18.82,0.30,18.52,WIN
2025-04-02,XAUUSD,B,none,LONG,3113.31,3113.73,3111.48,2.25,-0.42,STRADDLE,10:00,3113.73,22.07,2.38,,,,False,,,16:00,3116.89,session,3.16,0.30,2.86,WIN
2025-04-03,XAUUSD,B,none,LONG,3144.70,3148.82,3145.99,2.82,1.30,ABOVE,10:00,3148.82,19.02,12.09,19.02,-6.05,25.07,True,11:15,3142.76,16:00,3140.43,session,-8.39,0.30,-8.69,LOSS
2025-04-04,XAUUSD,B,none,SHORT,3112.99,3115.47,3112.56,2.91,-2.48,STRADDLE,10:00,3112.56,25.47,3.89,2.71,-3.28,5.99,True,10:45,3115.84,16:00,3103.30,session,9.26,0.30,8.96,WIN
2025-04-08,XAUUSD,B,none,LONG,2982.40,2983.62,2981.30,2.32,-1.22,STRADDLE,10:00,2983.62,24.80,2.16,,,,False,,,16:00,3005.39,session,21.78,0.30,21.48,WIN
2025-04-10,XAUUSD,B,none,SHORT,3083.89,3086.80,3082.94,3.86,-2.91,STRADDLE,10:00,3082.94,4.39,49.69,0.39,-3.97,4.36,True,10:10,3086.91,16:00,3123.97,session,-41.03,0.30,-41.33,LOSS
2025-04-11,XAUUSD,B,none,SHORT,3188.86,3189.11,3186.88,2.22,-0.25,STRADDLE,10:00,3186.88,1.88,33.22,1.88,-3.24,5.11,True,10:10,3190.12,16:00,3195.78,session,-8.90,0.30,-9.20,LOSS
2025-04-14,XAUUSD,B,none,SHORT,3221.97,3223.86,3221.49,2.37,-1.88,STRADDLE,10:00,3221.49,6.07,24.36,0.00,-3.27,3.27,True,10:15,3224.76,16:00,3230.99,session,-9.51,0.30,-9.81,LOSS
2025-04-15,XAUUSD,B,none,SHORT,3213.91,3212.66,3211.34,1.32,1.26,BELOW,10:00,3211.34,1.28,21.41,0.49,-2.78,3.26,True,10:10,3214.12,16:00,3223.66,session,-12.32,0.30,-12.62,LOSS
2025-04-16,XAUUSD,B,none,LONG,3244.05,3258.99,3251.91,7.07,7.87,ABOVE,10:00,3258.99,32.95,5.72,,,,False,,,16:00,3287.07,session,28.09,0.30,27.79,WIN
2025-04-17,XAUUSD,B,none,SHORT,3352.01,3350.27,3346.19,4.08,1.74,BELOW,10:00,3346.19,25.34,10.31,4.18,-6.87,11.05,True,11:10,3353.06,16:00,3326.47,session,19.72,0.30,19.42,WIN
2025-04-21,XAUUSD,B,none,LONG,3349.42,3353.70,3348.34,5.36,-4.28,STRADDLE,10:00,3353.70,33.36,1.34,,,,False,,,16:00,3385.68,session,31.98,0.30,31.68,WIN
2025-04-22,XAUUSD,B,none,SHORT,3436.39,3434.53,3419.24,15.30,1.86,BELOW,10:00,3419.24,3.86,76.52,3.86,-16.77,20.63,True,11:15,3436.01,16:00,3490.03,session,-70.80,0.30,-71.10,LOSS
2025-04-28,XAUUSD,B,none,LONG,3302.11,3308.28,3302.80,5.48,0.69,ABOVE,10:00,3308.28,7.88,40.17,7.88,-6.37,14.25,True,11:15,3301.91,16:00,3292.91,session,-15.38,0.30,-15.68,LOSS
2025-04-29,XAUUSD,B,none,SHORT,3339.34,3337.66,3335.00,2.66,1.67,BELOW,10:00,3335.00,29.86,5.14,1.64,-2.78,4.43,True,10:10,3337.78,16:00,3310.32,session,24.68,0.30,24.38,WIN
2025-04-30,XAUUSD,B,none,LONG,3315.81,3321.33,3317.18,4.15,1.37,ABOVE,10:00,3321.33,6.83,19.94,6.83,-4.92,11.75,True,10:35,3316.41,16:00,3310.02,session,-11.31,0.30,-11.61,LOSS
2025-05-02,XAUUSD,B,none,LONG,3237.30,3240.12,3237.44,2.68,0.14,ABOVE,10:00,3240.12,18.67,12.66,4.34,-7.45,11.78,True,10:45,3232.68,16:00,3252.94,session,12.82,0.30,12.52,WIN
2025-05-05,XAUUSD,B,none,SHORT,3250.09,3248.16,3246.58,1.58,1.93,BELOW,10:00,3246.58,5.38,25.97,5.38,-6.74,12.12,True,11:00,3253.32,16:00,3257.63,session,-11.05,0.30,-11.35,LOSS
2025-05-06,XAUUSD,B,none,SHORT,3334.46,3334.13,3332.28,1.85,0.33,BELOW,10:00,3332.28,9.53,54.73,9.53,-17.51,27.04,True,11:00,3349.80,16:00,3360.53,session,-28.24,0.30,-28.54,LOSS
2025-05-08,XAUUSD,B,none,SHORT,3375.53,3376.52,3374.62,1.90,-0.99,STRADDLE,10:00,3374.62,23.59,40.17,0.78,-4.05,4.83,True,10:10,3378.67,16:00,3358.73,session,15.89,0.30,15.59,WIN
2025-05-09,XAUUSD,B,none,LONG,3316.16,3317.84,3316.47,1.37,0.30,ABOVE,10:00,3317.84,12.60,43.03,2.01,-2.19,4.20,True,10:05,3315.64,16:00,3323.17,session,5.34,0.30,5.04,WIN
2025-05-14,XAUUSD,B,none,SHORT,3254.82,3254.44,3249.14,5.30,0.38,BELOW,10:00,3249.14,27.58,2.76,,,,False,,,16:00,3233.58,session,15.57,0.30,15.27,WIN
2025-05-15,XAUUSD,B,none,SHORT,3186.14,3186.16,3182.41,3.74,-0.01,STRADDLE,10:00,3182.41,61.65,10.41,2.11,-4.43,6.54,True,10:50,3186.84,16:00,3125.43,session,56.99,0.30,56.69,WIN
2025-05-16,XAUUSD,B,none,LONG,3238.26,3240.89,3237.26,3.64,-2.64,STRADDLE,10:00,3240.89,3.78,34.30,1.53,-3.84,5.37,True,10:20,3237.05,16:00,3222.38,session,-18.52,0.30,-18.82,LOSS
2025-05-19,XAUUSD,B,none,LONG,3227.36,3236.66,3235.03,1.63,7.66,ABOVE,10:00,3236.66,13.19,29.93,13.19,-3.07,16.26,True,11:10,3233.59,16:00,3224.43,session,-12.22,0.30,-12.52,LOSS
2025-05-20,XAUUSD,B,none,LONG,3223.46,3223.91,3222.74,1.17,-0.45,STRADDLE,10:00,3223.91,8.93,19.24,0.24,-3.46,3.70,True,10:10,3220.45,16:00,3211.08,session,-12.84,0.30,-13.14,LOSS
2025-05-21,XAUUSD,B,none,LONG,3291.91,3292.25,3290.63,1.62,-0.34,STRADDLE,10:00,3292.25,27.59,6.91,22.57,-4.90,27.47,True,11:20,3287.35,16:00,3313.55,session,21.30,0.30,21.00,WIN
2025-05-22,XAUUSD,B,none,LONG,3322.31,3322.68,3320.12,2.56,-0.37,STRADDLE,10:00,3322.68,22.79,3.07,,,,False,,,16:00,3334.99,session,12.31,0.30,12.01,WIN
2025-05-23,XAUUSD,B,none,SHORT,3301.55,3300.22,3295.43,4.79,1.33,BELOW,10:00,3295.43,8.35,34.58,1.93,-7.50,9.43,True,10:15,3302.93,16:00,3329.28,session,-33.86,0.30,-34.16,LOSS
2025-05-26,XAUUSD,B,none,LONG,3344.02,3344.60,3342.72,1.88,-0.58,STRADDLE,10:00,3344.60,12.39,13.15,1.68,-2.57,4.25,True,10:05,3342.03,16:00,3346.35,session,1.75,0.30,1.45,WIN
2025-05-27,XAUUSD,B,none,SHORT,3346.44,3346.20,3345.41,0.79,0.24,BELOW,10:00,3345.41,29.32,4.68,0.13,-1.91,2.05,True,10:05,3347.33,16:00,3323.65,session,21.77,0.30,21.47,WIN
2025-05-28,XAUUSD,B,none,LONG,3309.63,3310.82,3309.53,1.29,-1.19,STRADDLE,10:00,3310.82,5.06,19.12,5.06,-2.22,7.28,True,10:55,3308.61,16:00,3304.43,session,-6.40,0.30,-6.70,LOSS
2025-05-29,XAUUSD,B,none,LONG,3259.05,3262.92,3259.93,2.99,0.88,ABOVE,10:00,3262.92,17.30,17.36,2.08,-4.53,6.61,True,10:15,3258.39,16:00,3274.38,session,11.46,0.30,11.16,WIN
2025-05-30,XAUUSD,B,none,LONG,3314.32,3318.20,3315.57,2.64,1.25,ABOVE,10:00,3318.20,4.72,28.01,0.74,-3.82,4.56,True,10:10,3314.39,16:00,3301.76,session,-16.44,0.30,-16.74,LOSS
2025-06-02,XAUUSD,B,none,LONG,3311.68,3311.69,3310.22,1.47,-0.01,STRADDLE,10:00,3311.69,14.94,10.28,3.38,-5.04,8.41,True,10:35,3306.65,16:00,3326.32,session,14.63,0.30,14.33,WIN
2025-06-03,XAUUSD,B,none,SHORT,3386.38,3387.49,3384.72,2.77,-1.12,STRADDLE,10:00,3384.72,28.37,0.00,,,,False,,,16:00,3365.28,session,19.44,0.30,19.14,WIN
2025-06-04,XAUUSD,B,none,SHORT,3359.64,3360.07,3356.28,3.78,-0.43,STRADDLE,10:00,3356.28,9.75,16.43,9.75,-5.14,14.90,True,11:15,3361.43,16:00,3352.57,session,3.71,0.30,3.41,WIN
2025-06-05,XAUUSD,B,none,SHORT,3375.64,3378.21,3374.72,3.49,-2.57,STRADDLE,10:00,3374.72,13.50,9.57,0.16,-3.62,3.79,True,10:10,3378.34,16:00,3365.26,session,9.45,0.30,9.15,WIN
2025-06-06,XAUUSD,B,none,LONG,3361.58,3363.73,3361.91,1.82,0.33,ABOVE,10:00,3363.73,11.97,7.60,0.43,-1.99,2.41,True,10:35,3361.74,16:00,3364.78,session,1.05,0.30,0.75,WIN
2025-06-10,XAUUSD,B,none,SHORT,3325.68,3326.88,3321.63,5.24,-1.20,STRADDLE,10:00,3321.63,19.62,3.71,,,,False,,,16:00,3317.53,session,4.10,0.30,3.80,WIN
2025-06-11,XAUUSD,B,none,SHORT,3326.15,3328.01,3325.45,2.56,-1.86,STRADDLE,10:00,3325.45,0.00,17.76,0.00,-2.61,2.61,True,10:05,3328.06,16:00,3338.56,session,-13.11,0.30,-13.41,LOSS
2025-06-13,XAUUSD,B,none,LONG,3389.91,3400.94,3395.86,5.09,5.94,ABOVE,10:00,3400.94,43.55,1.56,,,,False,,,16:00,3425.84,session,24.90,0.30,24.60,WIN
2025-06-16,XAUUSD,B,none,SHORT,3443.33,3444.22,3439.82,4.40,-0.89,STRADDLE,10:00,3439.82,22.05,11.56,0.49,-4.49,4.97,True,10:05,3444.30,16:00,3418.96,session,20.86,0.30,20.56,WIN
2025-06-18,XAUUSD,B,none,SHORT,3385.93,3387.43,3385.74,1.69,-1.49,STRADDLE,10:00,3385.74,15.09,14.38,2.67,-1.78,4.45,True,10:45,3387.51,16:00,3385.01,session,0.72,0.30,0.42,WIN
2025-06-19,XAUUSD,B,none,LONG,3375.80,3376.37,3375.22,1.15,-0.57,STRADDLE,10:00,3376.37,11.81,20.76,11.81,-1.48,13.29,True,11:55,3374.89,16:00,3358.99,session,-17.38,0.30,-17.68,LOSS
2025-06-20,XAUUSD,B,none,LONG,3368.75,3369.22,3368.87,0.35,0.12,ABOVE,10:00,3369.22,0.29,27.16,0.29,-0.88,1.18,True,10:05,3368.34,16:00,3346.05,session,-23.17,0.30,-23.47,LOSS
2025-06-23,XAUUSD,B,none,SHORT,3372.48,3372.82,3370.32,2.50,-0.34,STRADDLE,10:00,3370.32,23.29,2.14,,,,False,,,16:00,3359.68,session,10.64,0.30,10.34,WIN
2025-06-24,XAUUSD,B,none,SHORT,3347.80,3344.49,3335.88,8.61,3.31,BELOW,10:00,3335.88,9.16,22.08,1.01,-9.07,10.08,True,10:10,3344.94,16:00,3331.11,session,4.77,0.30,4.47,WIN
2025-06-25,XAUUSD,B,none,LONG,3324.61,3325.24,3324.21,1.03,-0.62,STRADDLE,10:00,3325.24,10.10,0.93,,,,False,,,16:00,3332.93,session,7.69,0.30,7.39,WIN
2025-06-26,XAUUSD,B,none,SHORT,3337.89,3339.18,3335.30,3.88,-1.29,STRADDLE,10:00,3335.30,6.00,7.95,6.00,-4.71,10.71,True,12:40,3340.01,16:00,3333.34,session,1.96,0.30,1.66,WIN
2025-06-27,XAUUSD,B,none,SHORT,3320.43,3318.73,3316.64,2.09,1.70,BELOW,10:00,3316.64,27.32,5.54,3.34,-2.34,5.68,True,10:55,3318.98,16:00,3298.92,session,17.72,0.30,17.42,WIN
2025-07-01,XAUUSD,B,none,SHORT,3311.89,3312.53,3311.86,0.68,-0.64,STRADDLE,10:00,3311.86,1.83,20.54,1.83,-0.79,2.62,True,10:15,3312.64,16:00,3328.51,session,-16.66,0.30,-16.96,LOSS
2025-07-02,XAUUSD,B,none,SHORT,3338.40,3338.21,3337.01,1.20,0.19,BELOW,10:00,3337.01,8.40,8.03,2.11,-5.55,7.65,True,10:05,3342.56,16:00,3337.15,session,-0.14,0.30,-0.44,LOSS
2025-07-03,XAUUSD,B,none,SHORT,3350.63,3349.51,3346.14,3.38,1.12,BELOW,10:00,3346.14,4.12,17.58,4.12,-3.83,7.95,True,12:45,3349.97,16:00,3363.61,session,-17.47,0.30,-17.77,LOSS
2025-07-04,XAUUSD,B,none,SHORT,3331.84,3330.99,3329.72,1.28,0.85,BELOW,10:00,3329.72,3.79,12.71,3.79,-2.89,6.68,True,11:15,3332.61,16:00,3341.31,session,-11.59,0.30,-11.89,LOSS
2025-07-07,XAUUSD,B,none,SHORT,3326.68,3328.95,3326.61,2.33,-2.27,STRADDLE,10:00,3326.61,21.37,1.25,,,,False,,,16:00,3314.28,session,12.33,0.30,12.03,WIN
2025-07-09,XAUUSD,B,none,LONG,3300.94,3306.38,3302.36,4.02,1.41,ABOVE,10:00,3306.38,1.61,21.39,1.61,-6.26,7.87,True,11:45,3300.12,16:00,3289.89,session,-16.49,0.30,-16.79,LOSS
2025-07-11,XAUUSD,B,none,LONG,3326.45,3326.57,3323.78,2.79,-0.11,STRADDLE,10:00,3326.57,15.24,1.63,,,,False,,,16:00,3333.74,session,7.18,0.30,6.88,WIN
2025-07-14,XAUUSD,B,none,SHORT,3368.28,3367.74,3366.03,1.71,0.54,BELOW,10:00,3366.03,12.35,7.33,1.09,-2.24,3.33,True,10:10,3368.26,16:00,3357.71,session,8.32,0.30,8.02,WIN
2025-07-15,XAUUSD,B,none,LONG,3345.76,3346.45,3345.32,1.13,-0.69,STRADDLE,10:00,3346.45,18.85,0.67,,,,False,,,16:00,3360.24,session,13.79,0.30,13.49,WIN
2025-07-16,XAUUSD,B,none,SHORT,3330.80,3331.11,3330.09,1.02,-0.30,STRADDLE,10:00,3330.09,4.88,9.91,1.11,-1.27,2.38,True,10:20,3331.36,16:00,3339.45,session,-9.37,0.30,-9.67,LOSS
2025-07-17,XAUUSD,B,none,SHORT,3346.07,3346.54,3345.88,0.66,-0.47,STRADDLE,10:00,3345.88,9.84,0.22,,,,False,,,16:00,3337.53,session,8.35,0.30,8.05,WIN
2025-07-18,XAUUSD,B,none,SHORT,3341.64,3340.34,3340.15,0.18,1.30,BELOW,10:00,3340.15,7.83,4.17,0.68,-0.70,1.38,True,10:10,3340.85,16:00,3332.57,session,7.59,0.30,7.29,WIN
2025-07-22,XAUUSD,B,none,SHORT,3395.89,3396.51,3391.93,4.58,-0.62,STRADDLE,10:00,3391.93,7.35,5.87,,,,False,,,16:00,3386.85,session,5.08,0.30,4.78,WIN
2025-07-23,XAUUSD,B,none,LONG,3427.49,3430.97,3427.26,3.70,-3.48,STRADDLE,10:00,3430.97,8.07,14.52,8.07,-6.29,14.36,True,11:00,3424.68,16:00,3422.08,session,-8.89,0.30,-9.19,LOSS
2025-07-24,XAUUSD,B,none,LONG,3390.82,3392.22,3390.16,2.05,-1.39,STRADDLE,10:00,3392.22,1.26,17.70,1.15,-2.61,3.76,True,10:05,3389.61,16:00,3378.16,session,-14.06,0.30,-14.36,LOSS
2025-07-28,XAUUSD,B,none,LONG,3332.43,3334.86,3333.68,1.18,1.25,ABOVE,10:00,3334.86,10.66,7.11,0.90,-2.03,2.93,True,10:15,3332.84,16:00,3341.57,session,6.71,0.30,6.41,WIN
2025-07-29,XAUUSD,B,none,LONG,3313.49,3313.95,3312.65,1.30,-0.47,STRADDLE,10:00,3313.95,7.01,5.80,1.41,-3.53,4.93,True,10:05,3310.43,16:00,3317.76,session,3.81,0.30,3.51,WIN
2025-07-30,XAUUSD,B,none,LONG,3326.95,3330.12,3327.57,2.55,0.62,ABOVE,10:00,3330.12,3.64,8.32,3.64,-5.44,9.09,True,11:35,3324.68,16:00,3325.01,session,-5.11,0.30,-5.41,LOSS
2025-07-31,XAUUSD,B,none,LONG,3282.11,3287.51,3285.41,2.11,3.30,ABOVE,10:00,3287.51,14.45,4.64,0.00,-2.63,2.63,True,10:05,3284.89,16:00,3299.69,session,12.18,0.30,11.88,WIN
2025-08-01,XAUUSD,B,none,SHORT,3290.77,3288.59,3287.82,0.76,2.18,BELOW,10:00,3287.82,6.08,12.72,1.21,-0.99,2.20,True,10:25,3288.81,16:00,3296.95,session,-9.12,0.30,-9.42,LOSS
2025-08-04,XAUUSD,B,none,SHORT,3360.41,3362.20,3357.64,4.56,-1.80,STRADDLE,10:00,3357.64,12.64,4.61,,,,False,,,16:00,3355.91,session,1.74,0.30,1.44,WIN
2025-08-05,XAUUSD,B,none,LONG,3378.20,3378.83,3377.40,1.43,-0.62,STRADDLE,10:00,3378.83,3.54,11.07,0.06,-1.82,1.88,True,10:05,3377.01,16:00,3371.91,session,-6.91,0.30,-7.21,LOSS
2025-08-07,XAUUSD,B,none,SHORT,3370.54,3370.22,3367.29,2.93,0.32,BELOW,10:00,3367.29,0.31,17.01,0.31,-3.71,4.02,True,10:15,3371.00,16:00,3376.82,session,-9.53,0.30,-9.83,LOSS
2025-08-08,XAUUSD,B,none,SHORT,3400.68,3400.64,3399.68,0.95,0.05,BELOW,10:00,3399.68,18.47,2.66,1.47,-1.57,3.05,True,10:05,3401.26,16:00,3395.08,session,4.61,0.30,4.31,WIN
2025-08-11,XAUUSD,B,none,SHORT,3393.76,3391.53,3388.64,2.89,2.23,BELOW,10:00,3388.64,21.09,3.18,,,,False,,,16:00,3374.36,session,14.28,0.30,13.98,WIN
2025-08-12,XAUUSD,B,none,SHORT,3349.47,3349.12,3349.05,0.07,0.34,BELOW,10:00,3349.05,2.83,8.46,0.28,-1.39,1.66,True,10:05,3350.44,16:00,3351.30,session,-2.24,0.30,-2.54,LOSS
2025-08-13,XAUUSD,B,none,SHORT,3350.84,3350.64,3349.49,1.16,0.19,BELOW,10:00,3349.49,6.85,5.02,6.85,-1.48,8.33,True,11:55,3350.97,16:00,3351.57,session,-2.08,0.30,-2.38,LOSS
2025-08-14,XAUUSD,B,none,LONG,3362.90,3365.51,3362.95,2.57,0.05,ABOVE,10:00,3365.51,9.29,9.92,9.29,-2.65,11.94,True,12:55,3362.86,16:00,3356.74,session,-8.77,0.30,-9.07,LOSS
2025-08-15,XAUUSD,B,none,SHORT,3336.25,3335.51,3332.91,2.60,0.74,BELOW,10:00,3332.91,0.24,16.00,0.24,-3.01,3.25,True,10:25,3335.93,16:00,3343.10,session,-10.18,0.30,-10.48,LOSS
2025-08-18,XAUUSD,B,none,LONG,3327.76,3328.80,3327.16,1.64,-1.04,STRADDLE,10:00,3328.80,29.69,0.31,,,,False,,,16:00,3350.78,session,21.98,0.30,21.68,WIN
2025-08-19,XAUUSD,B,none,SHORT,3331.66,3330.91,3329.32,1.59,0.74,BELOW,10:00,3329.32,0.07,12.37,0.07,-4.07,4.13,True,10:05,3333.39,16:00,3337.49,session,-8.16,0.30,-8.46,LOSS
2025-08-20,XAUUSD,B,none,SHORT,3315.20,3314.41,3313.88,0.53,0.79,BELOW,10:00,3313.88,2.32,10.87,0.53,-1.19,1.72,True,10:05,3315.07,16:00,3324.66,session,-10.78,0.30,-11.08,LOSS
2025-08-21,XAUUSD,B,none,SHORT,3346.72,3347.07,3345.47,1.60,-0.35,STRADDLE,10:00,3345.47,8.32,1.13,,,,False,,,16:00,3338.62,session,6.84,0.30,6.54,WIN
2025-08-22,XAUUSD,B,none,SHORT,3339.24,3338.52,3337.07,1.45,0.72,BELOW,10:00,3337.07,9.86,3.28,1.88,-2.14,4.03,True,10:30,3339.21,16:00,3328.51,session,8.56,0.30,8.26,WIN
2025-08-25,XAUUSD,B,none,SHORT,3369.32,3369.14,3366.11,3.03,0.18,BELOW,10:00,3366.11,6.33,2.12,,,,False,,,16:00,3366.51,session,-0.40,0.30,-0.70,LOSS
2025-08-26,XAUUSD,B,none,LONG,3352.93,3357.05,3354.99,2.07,2.06,ABOVE,10:00,3357.05,29.63,1.59,,,,False,,,16:00,3375.76,session,18.70,0.30,18.40,WIN
2025-08-27,XAUUSD,B,none,SHORT,3391.19,3390.93,3390.89,0.04,0.26,BELOW,10:00,3390.89,16.97,2.66,0.52,-1.14,1.66,True,10:05,3392.04,16:00,3378.44,session,12.45,0.30,12.15,WIN
2025-08-28,XAUUSD,B,none,LONG,3395.78,3396.45,3395.76,0.69,-0.66,STRADDLE,10:00,3396.45,1.69,11.83,0.86,-1.39,2.25,True,10:05,3395.05,16:00,3391.32,session,-5.13,0.30,-5.43,LOSS
2025-08-29,XAUUSD,B,none,LONG,3415.41,3416.28,3414.81,1.47,-0.88,STRADDLE,10:00,3416.28,1.66,9.16,1.66,-2.69,4.35,True,10:20,3413.59,16:00,3412.72,session,-3.56,0.30,-3.86,LOSS
2025-09-01,XAUUSD,B,none,SHORT,3446.45,3447.85,3444.55,3.30,-1.40,STRADDLE,10:00,3444.55,7.53,41.71,7.53,-3.94,11.47,True,11:45,3448.49,16:00,3478.76,session,-34.21,0.30,-34.51,LOSS
2025-09-02,XAUUSD,B,none,LONG,3480.69,3481.39,3479.18,2.20,-0.70,STRADDLE,10:00,3481.39,27.40,4.33,3.68,-2.33,6.01,True,10:45,3479.06,16:00,3492.82,session,11.43,0.30,11.13,WIN
2025-09-03,XAUUSD,B,none,SHORT,3528.85,3529.84,3528.39,1.44,-0.99,STRADDLE,10:00,3528.39,1.62,18.93,0.30,-1.99,2.28,True,10:05,3530.38,16:00,3533.01,session,-4.61,0.30,-4.91,LOSS
2025-09-05,XAUUSD,B,none,LONG,3552.51,3554.72,3552.76,1.96,0.26,ABOVE,10:00,3554.72,6.56,8.78,0.34,-2.76,3.10,True,10:05,3551.96,16:00,3556.62,session,1.89,0.30,1.59,WIN
2025-09-08,XAUUSD,B,none,SHORT,3591.61,3591.21,3587.72,3.49,0.39,BELOW,10:00,3587.72,8.01,9.47,0.72,-4.78,5.50,True,10:50,3592.51,16:00,3590.55,session,-2.83,0.30,-3.13,LOSS
2025-09-10,XAUUSD,B,none,SHORT,3636.57,3633.70,3631.41,2.29,2.87,BELOW,10:00,3631.41,11.27,14.05,11.27,-2.83,14.10,True,12:10,3634.24,16:00,3641.52,session,-10.11,0.30,-10.41,LOSS
2025-09-11,XAUUSD,B,none,LONG,3644.36,3645.86,3645.01,0.86,0.65,ABOVE,10:00,3645.86,3.48,23.11,1.39,-1.41,2.80,True,10:30,3644.45,16:00,3626.55,session,-19.31,0.30,-19.61,LOSS
2025-09-12,XAUUSD,B,none,LONG,3633.09,3633.97,3632.03,1.93,-0.88,STRADDLE,10:00,3633.97,22.73,3.34,0.03,-2.57,2.60,True,10:25,3631.40,16:00,3653.66,session,19.70,0.30,19.40,WIN
2025-09-15,XAUUSD,B,none,SHORT,3637.84,3638.26,3636.10,2.16,-0.42,STRADDLE,10:00,3636.10,9.64,10.85,0.09,-2.50,2.59,True,10:05,3638.60,16:00,3642.11,session,-6.01,0.30,-6.31,LOSS
2025-09-18,XAUUSD,B,none,SHORT,3669.78,3669.05,3667.01,2.05,0.73,BELOW,10:00,3667.01,23.07,1.90,,,,False,,,16:00,3644.21,session,22.80,0.30,22.50,WIN
2025-09-19,XAUUSD,B,none,LONG,3638.59,3641.90,3640.20,1.70,1.61,ABOVE,10:00,3641.90,19.45,9.52,0.11,-1.98,2.09,True,10:05,3639.92,16:00,3652.38,session,10.47,0.30,10.17,WIN
2025-09-22,XAUUSD,B,none,LONG,3687.05,3687.37,3686.27,1.10,-0.32,STRADDLE,10:00,3687.37,13.07,1.91,,,,False,,,16:00,3696.87,session,9.50,0.30,9.20,WIN
2025-09-24,XAUUSD,B,none,SHORT,3763.18,3763.80,3760.76,3.04,-0.63,STRADDLE,10:00,3760.76,10.25,16.31,1.67,-4.31,5.98,True,10:20,3765.07,16:00,3774.94,session,-14.18,0.30,-14.48,LOSS
2025-09-25,XAUUSD,B,none,LONG,3743.46,3746.07,3743.01,3.05,-2.61,STRADDLE,10:00,3746.07,5.47,16.43,5.47,-4.68,10.15,True,11:10,3741.38,16:00,3738.84,session,-7.22,0.30,-7.52,LOSS
2025-09-26,XAUUSD,B,none,LONG,3744.76,3747.22,3744.78,2.44,0.01,ABOVE,10:00,3747.22,6.09,12.78,0.80,-5.43,6.23,True,10:25,3741.79,16:00,3744.24,session,-2.98,0.30,-3.28,LOSS
2025-09-30,XAUUSD,B,none,LONG,3830.05,3835.79,3832.97,2.82,2.91,ABOVE,10:00,3835.79,34.75,3.21,3.88,-2.90,6.78,True,10:05,3832.89,16:00,3868.25,session,32.46,0.30,32.16,WIN
2025-10-01,XAUUSD,B,none,LONG,3862.58,3864.60,3863.05,1.55,0.47,ABOVE,10:00,3864.60,10.96,8.89,0.78,-3.34,4.11,True,10:25,3861.26,16:00,3861.91,session,-2.69,0.30,-2.99,LOSS
2025-10-03,XAUUSD,B,none,SHORT,3862.87,3862.27,3860.32,1.95,0.60,BELOW,10:00,3860.32,22.25,2.50,,,,False,,,16:00,3852.65,session,7.67,0.30,7.37,WIN
2025-10-06,XAUUSD,B,none,LONG,3894.26,3918.51,3899.41,19.11,5.15,ABOVE,10:00,3918.51,22.32,19.48,,,,False,,,16:00,3939.68,session,21.17,0.30,20.87,WIN
2025-10-07,XAUUSD,B,none,LONG,3961.57,3964.53,3963.55,0.99,1.97,ABOVE,10:00,3964.53,12.87,8.66,0.22,-1.39,1.62,True,10:05,3963.14,16:00,3972.43,session,7.89,0.30,7.59,WIN
2025-10-08,XAUUSD,B,none,LONG,3987.53,3990.64,3989.59,1.05,2.07,ABOVE,10:00,3990.64,36.72,6.32,1.53,-1.59,3.11,True,10:25,3989.05,16:00,4026.62,session,35.99,0.30,35.69,WIN
2025-10-09,XAUUSD,B,none,SHORT,4022.09,4021.51,4014.14,7.37,0.57,BELOW,10:00,4014.14,12.82,27.12,12.82,-7.66,20.47,True,11:15,4021.80,16:00,4038.07,session,-23.92,0.30,-24.22,LOSS
2025-10-13,XAUUSD,B,none,LONG,4036.67,4050.49,4042.49,8.00,5.82,ABOVE,10:00,4050.49,11.15,26.10,10.06,-8.67,18.73,True,10:30,4041.82,16:00,4061.55,session,11.07,0.30,10.77,WIN
2025-10-14,XAUUSD,B,none,LONG,4111.95,4115.22,4115.02,0.20,3.06,ABOVE,10:00,4115.22,55.94,2.23,1.89,-0.38,2.27,True,10:10,4114.85,16:00,4169.50,session,54.28,0.30,53.98,WIN
2025-10-16,XAUUSD,B,none,SHORT,4212.77,4213.07,4212.12,0.94,-0.30,STRADDLE,10:00,4212.12,7.28,30.26,7.28,-2.99,10.28,True,11:10,4215.12,16:00,4232.23,session,-20.10,0.30,-20.40,LOSS
2025-10-20,XAUUSD,B,none,SHORT,4262.23,4255.99,4254.83,1.16,6.24,BELOW,10:00,4254.83,35.72,16.45,35.72,-8.11,43.82,True,12:25,4262.94,16:00,4265.10,session,-10.27,0.30,-10.57,LOSS
2025-10-21,XAUUSD,B,none,LONG,4367.52,4371.85,4367.65,4.20,0.13,ABOVE,10:00,4371.85,0.59,38.76,0.02,-4.48,4.51,True,10:05,4367.37,16:00,4340.52,session,-31.33,0.30,-31.63,LOSS
2025-10-22,XAUUSD,B,none,SHORT,4124.93,4123.50,4119.80,3.70,1.43,BELOW,10:00,4119.80,115.51,23.63,1.81,-5.52,7.34,True,10:05,4125.32,16:00,4133.36,session,-13.56,0.30,-13.86,LOSS
2025-10-24,XAUUSD,B,none,LONG,4116.98,4118.97,4116.35,2.62,-1.99,STRADDLE,10:00,4118.97,25.56,16.17,0.01,-3.85,3.86,True,10:05,4115.12,16:00,4116.98,session,-1.99,0.30,-2.29,LOSS
2025-10-27,XAUUSD,B,none,LONG,4078.47,4083.22,4081.91,1.31,3.44,ABOVE,10:00,4083.22,14.65,29.51,5.42,-2.72,8.14,True,10:20,4080.50,16:00,4072.28,session,-10.94,0.30,-11.24,LOSS
2025-10-28,XAUUSD,B,none,SHORT,3990.21,3990.09,3987.18,2.92,0.12,BELOW,10:00,3987.18,23.56,32.63,3.93,-4.93,8.86,True,10:15,3992.11,16:00,3973.37,session,13.81,0.30,13.51,WIN
2025-10-29,XAUUSD,B,none,LONG,3939.64,3942.76,3934.16,8.59,-3.12,STRADDLE,10:00,3942.76,39.74,1.79,,,,False,,,16:00,3963.01,session,20.26,0.30,19.96,WIN
2026-03-11,XAUUSD,B,none,LONG,5190.16,5190.92,5189.51,1.41,-0.76,STRADDLE,10:00,5190.92,32.16,4.04,7.38,-2.88,10.26,True,11:05,5188.04,16:00,5205.42,session,14.50,0.30,14.20,WIN
2026-03-18,XAUUSD,B,none,LONG,5000.27,5001.89,4999.91,1.98,-1.62,STRADDLE,10:00,5001.89,14.08,20.05,1.28,-2.59,3.86,True,10:10,4999.31,16:00,4985.19,session,-16.70,0.30,-17.00,LOSS
2026-03-19,XAUUSD,B,none,SHORT,4833.61,4834.66,4833.57,1.09,-1.05,STRADDLE,10:00,4833.57,5.12,33.64,5.12,-2.01,7.13,True,10:20,4835.58,16:00,4852.99,session,-19.42,0.30,-19.72,LOSS
2026-03-25,XAUUSD,B,none,SHORT,4476.24,4484.34,4474.91,9.43,-8.10,STRADDLE,10:00,4474.91,0.14,127.66,0.14,-9.80,9.93,True,10:10,4484.70,16:00,4569.30,session,-94.39,0.30,-94.69,LOSS
2026-03-26,XAUUSD,B,none,SHORT,4518.37,4517.93,4504.42,13.51,0.44,BELOW,10:00,4504.42,15.35,40.18,15.35,-23.41,38.76,True,11:10,4527.83,16:00,4518.47,session,-14.05,0.30,-14.35,LOSS
2026-03-27,XAUUSD,B,none,SHORT,4408.29,4411.66,4402.45,9.20,-3.37,STRADDLE,10:00,4402.45,26.67,47.38,26.67,-14.57,41.24,True,12:35,4417.02,16:00,4443.10,session,-40.65,0.30,-40.95,LOSS
2026-03-30,XAUUSD,B,none,LONG,4487.75,4488.18,4484.48,3.70,-0.43,STRADDLE,10:00,4488.18,29.81,68.82,0.80,-10.02,10.81,True,10:05,4478.16,16:00,4499.35,session,11.18,0.30,10.88,WIN
2026-03-31,XAUUSD,B,none,SHORT,4512.37,4510.50,4502.80,7.70,1.87,BELOW,10:00,4502.80,20.11,116.43,9.98,-8.68,18.66,True,10:35,4511.48,16:00,4569.26,session,-66.46,0.30,-66.76,LOSS
2026-04-06,XAUUSD,B,none,LONG,4613.81,4623.35,4610.86,12.49,-9.55,STRADDLE,10:00,4623.35,55.55,22.24,5.85,-19.76,25.61,True,10:25,4603.59,16:00,4653.07,session,29.72,0.30,29.42,WIN
2026-04-07,XAUUSD,B,none,SHORT,4656.43,4658.93,4654.88,4.05,-2.49,STRADDLE,10:00,4654.88,38.20,9.56,4.06,-4.44,8.50,True,10:20,4659.32,16:00,4645.62,session,9.26,0.30,8.96,WIN
2026-04-08,XAUUSD,B,none,LONG,4812.22,4845.89,4833.61,12.28,21.39,ABOVE,10:00,4845.89,11.71,57.66,11.71,-12.65,24.36,True,10:15,4833.24,16:00,4830.76,session,-15.13,0.30,-15.43,LOSS
2026-04-09,XAUUSD,B,none,SHORT,4717.78,4715.88,4705.78,10.10,1.90,BELOW,10:00,4705.78,6.93,27.24,6.93,-12.70,19.63,True,10:40,4718.48,16:00,4721.77,session,-15.99,0.30,-16.29,LOSS
2026-04-10,XAUUSD,B,none,SHORT,4762.17,4763.69,4757.54,6.15,-1.52,STRADDLE,10:00,4757.54,19.39,19.57,7.01,-6.17,13.18,True,11:15,4763.71,16:00,4761.86,session,-4.32,0.30,-4.62,LOSS
2026-04-14,XAUUSD,B,none,SHORT,4758.37,4758.19,4755.10,3.09,0.18,BELOW,10:00,4755.10,1.27,22.00,1.27,-4.64,5.90,True,10:10,4759.74,16:00,4764.65,session,-9.55,0.30,-9.85,LOSS
2026-04-16,XAUUSD,B,none,LONG,4825.02,4828.94,4823.53,5.41,-3.93,STRADDLE,10:00,4828.94,9.62,17.61,2.15,-6.52,8.66,True,10:30,4822.43,16:00,4824.26,session,-4.68,0.30,-4.98,LOSS
2026-04-17,XAUUSD,B,none,SHORT,4794.14,4791.63,4788.39,3.24,2.51,BELOW,10:00,4788.39,20.55,17.81,2.43,-4.61,7.04,True,10:25,4793.01,16:00,4793.61,session,-5.22,0.30,-5.52,LOSS
2026-04-21,XAUUSD,B,none,LONG,4821.12,4824.62,4822.45,2.18,1.32,ABOVE,10:00,4824.62,6.23,48.78,6.23,-4.50,10.73,True,10:25,4820.12,16:00,4782.82,session,-41.80,0.30,-42.10,LOSS
2026-04-22,XAUUSD,B,none,LONG,4738.14,4743.28,4738.40,4.88,0.26,ABOVE,10:00,4743.28,28.72,7.39,,,,False,,,16:00,4759.26,session,15.98,0.30,15.68,WIN
2026-04-23,XAUUSD,B,none,SHORT,4728.12,4728.04,4721.46,6.58,0.09,BELOW,10:00,4721.46,28.98,32.65,27.32,-19.94,47.26,True,10:25,4741.40,16:00,4714.82,session,6.64,0.30,6.34,WIN
2026-04-24,XAUUSD,B,none,SHORT,4696.72,4696.12,4691.84,4.28,0.60,BELOW,10:00,4691.84,33.73,19.39,0.00,-4.71,4.71,True,10:05,4696.55,16:00,4683.48,session,8.36,0.30,8.06,WIN
2026-04-27,XAUUSD,B,none,SHORT,4680.88,4680.45,4678.90,1.55,0.43,BELOW,10:00,4678.90,6.46,51.07,6.46,-2.01,8.47,True,10:25,4680.91,16:00,4711.28,session,-32.39,0.30,-32.69,LOSS
2026-04-28,XAUUSD,B,none,LONG,4694.49,4697.06,4692.31,4.74,-2.56,STRADDLE,10:00,4697.06,4.58,72.95,4.58,-4.99,9.57,True,10:35,4692.07,16:00,4634.34,session,-62.72,0.30,-63.02,LOSS
2026-04-29,XAUUSD,B,none,LONG,4589.43,4606.59,4595.11,11.48,5.68,ABOVE,10:00,4606.59,3.78,30.57,3.78,-24.20,27.98,True,11:00,4582.39,16:00,4597.10,session,-9.49,0.30,-9.79,LOSS
2026-05-04,XAUUSD,B,none,SHORT,4614.57,4613.97,4608.76,5.21,0.60,BELOW,10:00,4608.76,17.48,10.05,1.55,-6.84,8.38,True,10:05,4615.60,16:00,4594.27,session,14.49,0.30,14.19,WIN
2026-05-05,XAUUSD,B,none,LONG,4519.98,4522.96,4519.60,3.36,-2.98,STRADDLE,10:00,4522.96,28.95,9.27,5.65,-3.47,9.11,True,10:20,4519.49,16:00,4544.00,session,21.04,0.30,20.74,WIN
2026-05-06,XAUUSD,B,none,LONG,4593.81,4595.68,4593.78,1.90,-1.88,STRADDLE,10:00,4595.68,70.02,7.35,0.64,-3.04,3.68,True,10:05,4592.64,16:00,4658.49,session,62.81,0.30,62.51,WIN
2026-05-07,XAUUSD,B,none,SHORT,4696.98,4698.81,4693.56,5.24,-1.82,STRADDLE,10:00,4693.56,8.29,27.86,3.48,-6.40,9.89,True,10:10,4699.97,16:00,4706.14,session,-12.57,0.30,-12.87,LOSS
2026-05-11,XAUUSD,B,none,SHORT,4698.44,4691.84,4687.49,4.35,6.60,BELOW,10:00,4687.49,39.40,18.07,11.48,-5.53,17.01,True,10:30,4693.03,16:00,4659.81,session,27.68,0.30,27.38,WIN
2026-05-13,XAUUSD,B,none,LONG,4716.01,4724.79,4716.29,8.50,0.28,ABOVE,10:00,4724.79,2.23,37.09,2.23,-10.12,12.35,True,10:55,4714.66,16:00,4709.58,session,-15.21,0.30,-15.51,LOSS
2026-05-14,XAUUSD,B,none,SHORT,4694.07,4696.44,4692.12,4.32,-2.37,STRADDLE,10:00,4692.12,23.06,20.57,0.87,-5.60,6.47,True,10:10,4697.72,16:00,4693.14,session,-1.02,0.30,-1.32,LOSS
2026-05-15,XAUUSD,B,none,SHORT,4654.60,4652.24,4649.57,2.67,2.36,BELOW,10:00,4649.57,93.03,8.53,4.51,-4.64,9.15,True,10:15,4654.21,16:00,4563.88,session,85.69,0.30,85.39,WIN
2026-05-18,XAUUSD,B,none,SHORT,4538.22,4537.70,4531.07,6.63,0.52,BELOW,10:00,4531.07,50.47,20.98,50.47,-7.37,57.83,True,12:35,4538.44,16:00,4535.48,session,-4.41,0.30,-4.71,LOSS
2026-05-19,XAUUSD,B,none,SHORT,4583.27,4582.30,4579.24,3.06,0.98,BELOW,10:00,4579.24,47.94,6.64,2.28,-5.07,7.35,True,10:05,4584.31,16:00,4539.48,session,39.76,0.30,39.46,WIN
2026-05-20,XAUUSD,B,none,SHORT,4493.62,4489.23,4486.23,3.00,4.39,BELOW,10:00,4486.23,32.57,22.60,6.39,-5.22,11.61,True,10:20,4491.45,16:00,4473.02,session,13.20,0.30,12.90,WIN
2026-05-21,XAUUSD,B,none,SHORT,4545.44,4546.68,4542.44,4.24,-1.24,STRADDLE,10:00,4542.44,23.80,28.39,5.07,-5.28,10.36,True,10:50,4547.72,16:00,4533.53,session,8.90,0.30,8.60,WIN
2026-05-26,XAUUSD,B,none,SHORT,4559.42,4560.04,4550.77,9.27,-0.62,STRADDLE,10:00,4550.77,27.66,2.93,,,,False,,,16:00,4531.14,session,19.62,0.30,19.32,WIN
2026-05-28,XAUUSD,B,none,LONG,4448.36,4449.45,4447.12,2.33,-1.09,STRADDLE,10:00,4449.45,9.41,83.17,0.54,-4.69,5.23,True,10:10,4444.76,16:00,4387.59,session,-61.86,0.30,-62.16,LOSS
2026-05-29,XAUUSD,B,none,LONG,4490.48,4495.02,4494.76,0.27,4.28,ABOVE,10:00,4495.02,27.41,2.86,1.41,-0.30,1.70,True,10:05,4494.73,16:00,4519.11,session,24.09,0.30,23.79,WIN
2026-06-01,XAUUSD,B,none,LONG,4541.16,4544.96,4539.93,5.03,-3.80,STRADDLE,10:00,4544.96,0.20,36.07,0.01,-6.49,6.50,True,10:15,4538.47,16:00,4516.45,session,-28.51,0.30,-28.81,LOSS
2026-06-03,XAUUSD,B,none,LONG,4471.72,4478.80,4474.40,4.39,2.68,ABOVE,10:00,4478.80,18.09,22.01,18.09,-4.94,23.03,True,11:00,4473.86,16:00,4467.08,session,-11.72,0.30,-12.02,LOSS
2026-06-04,XAUUSD,B,none,LONG,4459.20,4460.44,4456.88,3.56,-1.23,STRADDLE,10:00,4460.44,23.52,16.97,1.78,-4.18,5.95,True,10:05,4456.26,16:00,4473.92,session,13.48,0.30,13.18,WIN
2026-06-08,XAUUSD,B,none,LONG,4342.26,4345.49,4343.13,2.36,0.88,ABOVE,10:00,4345.49,7.90,76.97,7.90,-2.78,10.68,True,10:45,4342.70,16:00,4303.82,session,-41.67,0.30,-41.97,LOSS
2026-06-11,XAUUSD,B,none,SHORT,4049.63,4048.04,4043.34,4.70,1.59,BELOW,10:00,4043.34,7.84,74.65,7.84,-8.35,16.19,True,10:10,4051.69,16:00,4088.82,session,-45.48,0.30,-45.78,LOSS
2026-06-12,XAUUSD,B,none,SHORT,4219.11,4219.30,4219.06,0.24,-0.19,STRADDLE,10:00,4219.06,48.43,10.90,12.10,-4.51,16.61,True,10:20,4223.57,16:00,4180.87,session,38.19,0.30,37.89,WIN
2026-06-15,XAUUSD,B,none,LONG,4293.86,4294.31,4293.95,0.36,0.09,ABOVE,10:00,4294.31,40.98,9.40,13.70,-2.10,15.80,True,10:55,4292.21,16:00,4311.78,session,17.47,0.30,17.17,WIN
2026-06-17,XAUUSD,B,none,LONG,4333.05,4334.10,4331.54,2.56,-1.05,STRADDLE,10:00,4334.10,15.19,16.63,15.19,-4.21,19.40,True,12:50,4329.89,16:00,4327.69,session,-6.41,0.30,-6.71,LOSS
2026-06-18,XAUUSD,B,none,LONG,4273.33,4291.90,4277.87,14.03,4.54,ABOVE,10:00,4291.90,37.67,0.67,,,,False,,,16:00,4307.01,session,15.11,0.30,14.81,WIN
2026-06-19,XAUUSD,B,none,LONG,4189.47,4190.54,4187.81,2.73,-1.07,STRADDLE,10:00,4190.54,3.69,68.81,3.07,-4.80,7.87,True,10:05,4185.74,16:00,4137.83,session,-52.71,0.30,-53.01,LOSS
2026-06-22,XAUUSD,B,none,LONG,4137.18,4146.70,4140.26,6.44,3.08,ABOVE,10:00,4146.70,74.04,3.61,,,,False,,,16:00,4191.26,session,44.56,0.30,44.26,WIN
2026-06-24,XAUUSD,B,none,LONG,4095.26,4102.11,4099.23,2.88,3.97,ABOVE,10:00,4102.11,9.76,51.99,9.76,-6.20,15.96,True,10:20,4095.91,16:00,4077.52,session,-24.59,0.30,-24.89,LOSS
2026-06-26,XAUUSD,B,none,SHORT,4017.53,4014.22,4012.06,2.16,3.31,BELOW,10:00,4012.06,29.45,17.73,0.89,-2.60,3.49,True,10:05,4014.66,16:00,4007.58,session,4.48,0.30,4.18,WIN
2026-06-30,XAUUSD,B,none,SHORT,4016.53,4014.07,4008.32,5.75,2.46,BELOW,10:00,4008.32,65.99,5.31,,,,False,,,16:00,3984.22,session,24.10,0.30,23.80,WIN
2026-07-02,XAUUSD,B,none,SHORT,4034.22,4034.61,4032.68,1.93,-0.39,STRADDLE,10:00,4032.68,0.68,43.07,0.68,-6.08,6.76,True,10:05,4038.76,16:00,4070.05,session,-37.37,0.30,-37.67,LOSS
2026-07-03,XAUUSD,B,none,LONG,4130.55,4131.33,4125.47,5.86,-0.78,STRADDLE,10:00,4131.33,63.93,6.41,,,,False,,,16:00,4164.55,session,33.22,0.30,32.92,WIN
2026-07-06,XAUUSD,B,none,SHORT,4181.68,4183.50,4175.02,8.48,-1.82,STRADDLE,10:00,4175.02,30.50,27.58,4.32,-9.47,13.79,True,10:35,4184.49,16:00,4146.51,session,28.51,0.30,28.21,WIN
2026-07-07,XAUUSD,B,none,SHORT,4163.27,4156.94,4156.07,0.87,6.33,BELOW,10:00,4156.07,39.75,6.36,4.29,-2.41,6.70,True,10:20,4158.48,16:00,4126.38,session,29.69,0.30,29.39,WIN
2026-07-08,XAUUSD,B,none,LONG,4098.08,4102.25,4098.05,4.20,-4.17,STRADDLE,10:00,4102.25,31.43,5.94,24.17,-4.29,28.46,True,11:30,4097.96,16:00,4123.44,session,21.19,0.30,20.89,WIN
2026-07-09,XAUUSD,B,none,LONG,4072.66,4080.31,4075.92,4.39,3.26,ABOVE,10:00,4080.31,19.05,26.24,9.41,-9.63,19.04,True,10:50,4070.68,16:00,4092.42,session,12.11,0.30,11.81,WIN
2026-07-14,XAUUSD,B,none,SHORT,3997.02,4001.32,3994.14,7.18,-4.30,STRADDLE,10:00,3994.14,11.05,39.95,11.05,-10.49,21.54,True,10:30,4004.63,16:00,4029.63,session,-35.49,0.30,-35.79,LOSS
2026-07-15,XAUUSD,B,none,LONG,4052.72,4054.86,4053.31,1.55,0.59,ABOVE,10:00,4054.86,6.94,32.87,0.53,-3.64,4.17,True,10:10,4051.22,16:00,4030.88,session,-23.98,0.30,-24.28,LOSS
2026-07-16,XAUUSD,B,none,SHORT,4058.38,4058.04,4057.54,0.50,0.34,BELOW,10:00,4057.54,33.45,3.29,2.97,-0.88,3.85,True,10:20,4058.42,16:00,4030.86,session,26.68,0.30,26.38,WIN
2026-07-20,XAUUSD,B,none,SHORT,3991.21,3995.40,3987.00,8.40,-4.19,STRADDLE,10:00,3987.00,0.90,41.73,0.90,-8.77,9.67,True,10:10,3995.77,16:00,4010.18,session,-23.18,0.30,-23.48,LOSS
2026-07-21,XAUUSD,B,none,SHORT,4006.68,4009.90,4004.71,5.19,-3.22,STRADDLE,10:00,4004.71,0.53,63.04,0.53,-5.50,6.03,True,10:10,4010.21,16:00,4065.18,session,-60.47,0.30,-60.77,LOSS
2026-07-22,XAUUSD,B,none,LONG,4080.68,4082.46,4080.73,1.73,0.05,ABOVE,10:00,4082.46,59.06,1.06,,,,False,,,16:00,4133.99,session,51.53,0.30,51.23,WIN
2026-07-27,XAUUSD,B,none,LONG,4094.27,4101.96,4093.66,8.30,-7.69,STRADDLE,10:00,4101.96,13.94,17.74,13.94,-8.55,22.49,True,12:55,4093.41,16:00,4093.68,session,-8.28,0.30,-8.58,LOSS
2026-07-28,XAUUSD,B,none,SHORT,4070.18,4072.87,4065.21,7.66,-2.69,STRADDLE,10:00,4065.21,30.62,2.36,,,,False,,,16:00,4046.00,session,19.21,0.30,18.91,WIN
2026-07-29,XAUUSD,B,none,SHORT,4022.21,4024.76,4021.59,3.17,-2.55,STRADDLE,10:00,4021.59,11.40,18.15,4.20,-3.43,7.63,True,10:15,4025.02,16:00,4037.23,session,-15.64,0.30,-15.94,LOSS
2026-07-30,XAUUSD,B,none,SHORT,4090.98,4084.36,4080.41,3.95,6.62,BELOW,10:00,4080.41,52.00,12.17,15.67,-8.48,24.15,True,11:00,4088.89,16:00,4038.01,session,42.40,0.30,42.10,WIN
2026-07-31,XAUUSD,B,none,SHORT,4108.32,4105.98,4104.58,1.40,2.34,BELOW,10:00,4104.58,32.77,0.35,,,,False,,,16:00,4077.87,session,26.71,0.30,26.41,WIN
2026-08-03,XAUUSD,B,none,LONG,4068.74,4077.76,4074.67,3.09,5.93,ABOVE,10:00,4077.76,0.46,30.68,0.46,-5.01,5.47,True,10:05,4072.75,16:00,4067.78,session,-9.98,0.30,-10.28,LOSS
2026-08-04,XAUUSD,B,none,LONG,4051.62,4059.45,4053.37,6.08,1.75,ABOVE,10:00,4059.45,9.45,17.02,9.45,-10.23,19.68,True,10:55,4049.22,16:00,4064.02,session,4.57,0.30,4.27,WIN
2026-08-05,XAUUSD,B,none,LONG,4071.57,4073.04,4072.68,0.36,1.11,ABOVE,10:00,4073.04,99.69,1.93,0.87,-0.78,1.65,True,10:05,4072.26,16:00,4162.08,session,89.04,0.30,88.74,WIN
2026-08-06,XAUUSD,B,none,SHORT,4274.71,4277.77,4267.98,9.79,-3.06,STRADDLE,10:00,4267.98,21.07,35.86,3.77,-14.01,17.78,True,10:20,4281.99,16:00,4267.10,session,0.88,0.30,0.58,WIN
2026-08-11,XAUUSD,B,none,LONG,4397.54,4404.11,4402.48,1.63,4.94,ABOVE,10:00,4404.11,30.84,36.97,15.05,-3.94,18.99,True,11:00,4400.17,16:00,4379.37,session,-24.74,0.30,-25.04,LOSS
2026-08-13,XAUUSD,B,none,LONG,4408.39,4415.99,4414.44,1.55,6.05,ABOVE,10:00,4415.99,33.50,39.82,33.50,-3.49,36.99,True,11:45,4412.50,16:00,4377.79,session,-38.20,0.30,-38.50,LOSS
2022-08-18,XAUUSD,B,C1,LONG,1764.85,1765.66,1764.99,0.67,0.14,ABOVE,10:00,1765.66,0.20,0.93,0.20,-0.68,0.88,True,10:10,1764.98,16:00,1762.59,session,1.72,0.60,1.12,WIN
2022-08-19,XAUUSD,B,C1,SHORT,1758.59,1758.42,1758.10,0.32,0.17,BELOW,10:00,1758.10,6.28,0.00,,,,False,,,16:00,1755.15,session,2.94,0.30,2.64,WIN
2022-08-22,XAUUSD,B,C1,SHORT,1746.26,1745.74,1745.58,0.16,0.51,BELOW,10:00,1745.58,0.09,0.47,0.09,-0.38,0.46,True,10:05,1745.95,16:00,1742.46,session,-3.87,0.60,-4.47,LOSS
2022-08-23,XAUUSD,B,C1,SHORT,1734.83,1735.43,1734.41,1.02,-0.61,STRADDLE,10:00,1734.41,0.12,1.33,0.12,-1.03,1.15,True,10:10,1735.44,16:00,1736.38,session,-0.10,0.60,-0.70,LOSS
2022-08-24,XAUUSD,B,C1,LONG,1745.85,1747.20,1746.09,1.12,0.24,ABOVE,10:00,1747.20,0.62,1.21,0.62,-1.14,1.75,True,10:20,1746.07,16:00,1745.49,session,-0.56,0.60,-1.16,LOSS
2022-08-25,XAUUSD,B,C1,SHORT,1751.38,1751.09,1750.12,0.97,0.29,BELOW,10:00,1750.12,0.03,1.04,0.03,-1.02,1.04,True,10:05,1751.13,16:00,1757.01,session,4.86,0.60,4.26,WIN
2022-08-26,XAUUSD,B,C1,SHORT,1756.14,1756.48,1755.99,0.49,-0.34,STRADDLE,10:00,1755.99,3.66,0.76,3.66,-0.51,4.17,True,13:45,1756.50,16:00,1756.88,session,-0.13,0.60,-0.73,LOSS
2022-08-29,XAUUSD,B,C1,SHORT,1734.94,1734.90,1734.74,0.16,0.04,BELOW,10:00,1734.74,0.32,0.82,0.32,-0.33,0.64,True,10:10,1735.07,16:00,1722.87,session,-12.52,0.60,-13.12,LOSS
2022-08-30,XAUUSD,B,C1,LONG,1738.64,1739.78,1739.62,0.16,0.97,ABOVE,10:00,1739.78,0.83,0.38,0.83,-0.28,1.11,True,10:10,1739.50,16:00,1734.75,session,4.47,0.60,3.87,WIN
2022-08-31,XAUUSD,B,C1,LONG,1723.44,1723.46,1723.43,0.03,-0.02,STRADDLE,10:00,1723.46,1.09,0.36,1.09,-0.17,1.26,True,10:10,1723.29,16:00,1724.57,session,-1.45,0.60,-2.05,LOSS
2022-09-01,XAUUSD,B,C1,SHORT,1708.77,1709.01,1707.54,1.47,-0.24,STRADDLE,10:00,1707.54,5.19,1.38,,,,False,,,16:00,1707.15,session,0.38,0.30,0.08,WIN
2022-09-02,XAUUSD,B,C1,LONG,1697.37,1698.08,1697.24,0.83,-0.71,STRADDLE,10:00,1698.08,1.29,1.35,1.29,-1.01,2.30,True,11:30,1697.07,16:00,1702.26,session,-6.20,0.60,-6.80,LOSS
2022-09-05,XAUUSD,B,C1,LONG,1708.72,1709.24,1708.07,1.17,-0.52,STRADDLE,10:00,1709.24,4.88,1.35,,,,False,,,16:00,1712.50,session,3.26,0.30,2.96,WIN
2022-09-06,XAUUSD,B,C1,SHORT,1714.26,1713.95,1713.84,0.12,0.31,BELOW,10:00,1713.84,0.00,2.05,0.00,-1.50,1.50,True,10:05,1715.34,16:00,1716.88,session,0.04,0.60,-0.56,LOSS
2022-09-07,XAUUSD,B,C1,SHORT,1703.67,1703.63,1702.77,0.87,0.04,BELOW,10:00,1702.77,0.01,1.10,0.01,-1.05,1.06,True,10:05,1703.82,16:00,1694.62,session,-10.24,0.60,-10.84,LOSS
2022-09-08,XAUUSD,B,C1,SHORT,1716.47,1716.67,1716.47,0.20,-0.20,STRADDLE,10:00,1716.47,0.31,0.40,0.31,-0.25,0.56,True,10:05,1716.72,16:00,1716.72,session,-0.26,0.60,-0.86,LOSS
2022-09-09,XAUUSD,B,C1,SHORT,1710.39,1710.76,1710.38,0.38,-0.37,STRADDLE,10:00,1710.38,0.12,1.51,0.12,-1.42,1.54,True,10:10,1711.80,16:00,1719.10,session,5.88,0.60,5.28,WIN
2022-09-12,XAUUSD,B,C1,SHORT,1718.02,1718.47,1718.00,0.47,-0.45,STRADDLE,10:00,1718.00,5.96,0.81,,,,False,,,16:00,1712.28,session,5.72,0.30,5.42,WIN
2022-09-13,XAUUSD,B,C1,LONG,1725.78,1725.84,1725.27,0.57,-0.06,STRADDLE,10:00,1725.84,1.80,1.19,1.80,-0.99,2.79,True,10:55,1724.85,16:00,1722.60,session,1.26,0.60,0.66,WIN
2022-09-14,XAUUSD,B,C1,SHORT,1702.77,1702.27,1701.67,0.60,0.50,BELOW,10:00,1701.67,0.33,1.60,0.33,-0.78,1.11,True,10:10,1702.45,16:00,1701.49,session,-1.74,0.60,-2.34,LOSS
2022-09-15,XAUUSD,B,C1,SHORT,1698.05,1697.62,1696.98,0.64,0.43,BELOW,10:00,1696.98,0.76,0.89,0.76,-0.85,1.60,True,10:25,1697.83,16:00,1689.77,session,-8.90,0.60,-9.50,LOSS
2022-09-16,XAUUSD,B,C1,LONG,1663.15,1663.44,1662.36,1.09,-0.29,STRADDLE,10:00,1663.44,4.33,1.47,4.33,-1.45,5.79,True,11:50,1661.99,16:00,1662.45,session,-1.91,0.60,-2.51,LOSS
2022-09-19,XAUUSD,B,C1,SHORT,1679.20,1677.99,1677.86,0.13,1.21,BELOW,10:00,1677.86,0.59,0.79,0.59,-0.53,1.11,True,10:20,1678.38,16:00,1666.36,session,-12.55,0.60,-13.15,LOSS
2022-09-20,XAUUSD,B,C1,LONG,1675.04,1678.46,1675.82,2.65,0.78,ABOVE,10:00,1678.46,1.03,3.33,1.03,-3.28,4.31,True,11:00,1675.18,16:00,1670.86,session,1.05,0.60,0.45,WIN
2022-09-21,XAUUSD,B,C1,SHORT,1666.26,1666.56,1666.04,0.52,-0.30,STRADDLE,10:00,1666.04,0.00,1.48,0.00,-0.78,0.78,True,10:10,1666.82,16:00,1668.84,session,1.24,0.60,0.64,WIN
2022-09-22,XAUUSD,B,C1,SHORT,1666.39,1667.19,1663.66,3.53,-0.80,STRADDLE,10:00,1663.66,6.83,1.35,,,,False,,,16:00,1661.94,session,1.72,0.30,1.42,WIN
2022-09-23,XAUUSD,B,C1,LONG,1672.28,1673.42,1672.83,0.60,0.55,ABOVE,10:00,1673.42,0.24,1.04,0.24,-0.88,1.12,True,10:15,1672.55,16:00,1672.75,session,-1.08,0.60,-1.68,LOSS
2022-09-26,XAUUSD,B,C1,LONG,1642.96,1645.35,1644.12,1.22,1.16,ABOVE,10:00,1645.35,0.26,1.28,0.26,-1.24,1.50,True,10:10,1644.11,16:00,1639.53,session,3.34,0.60,2.74,WIN
2022-09-27,XAUUSD,B,C1,LONG,1626.84,1628.52,1627.66,0.86,0.82,ABOVE,10:00,1628.52,7.91,0.02,,,,False,,,16:00,1635.63,session,7.12,0.30,6.82,WIN
2022-09-28,XAUUSD,B,C1,LONG,1628.95,1629.46,1628.99,0.47,0.04,ABOVE,10:00,1629.46,0.44,0.97,0.44,-0.64,1.08,True,10:05,1628.82,16:00,1624.01,session,4.17,0.60,3.57,WIN
2022-09-29,XAUUSD,B,C1,SHORT,1656.88,1656.23,1655.82,0.41,0.65,BELOW,10:00,1655.82,2.88,1.62,2.88,-1.48,4.36,True,11:05,1657.30,16:00,1645.32,session,-13.46,0.60,-14.06,LOSS
2022-10-03,XAUUSD,B,C1,SHORT,1664.29,1664.68,1664.03,0.66,-0.40,STRADDLE,10:00,1664.03,0.21,1.35,0.21,-0.81,1.02,True,11:20,1664.84,16:00,1662.87,session,-2.78,0.60,-3.38,LOSS
2022-10-06,XAUUSD,B,C1,LONG,1716.30,1716.81,1716.17,0.63,-0.51,STRADDLE,10:00,1716.81,7.56,0.00,,,,False,,,16:00,1723.08,session,6.27,0.30,5.97,WIN
2022-10-07,XAUUSD,B,C1,LONG,1711.39,1712.81,1711.94,0.86,0.55,ABOVE,10:00,1712.81,0.00,1.46,0.00,-0.95,0.95,True,10:30,1711.86,16:00,1710.70,session,0.20,0.60,-0.40,LOSS
2022-10-11,XAUUSD,B,C1,LONG,1668.33,1669.23,1669.05,0.18,0.72,ABOVE,10:00,1669.23,1.08,0.52,1.08,-0.47,1.56,True,11:00,1668.76,16:00,1663.42,session,4.86,0.60,4.26,WIN
2022-10-12,XAUUSD,B,C1,SHORT,1666.45,1666.25,1665.96,0.29,0.20,BELOW,10:00,1665.96,4.18,1.00,4.18,-0.32,4.50,True,12:20,1666.28,16:00,1667.58,session,0.98,0.60,0.38,WIN
2022-10-14,XAUUSD,B,C1,SHORT,1665.80,1665.65,1665.14,0.51,0.14,BELOW,10:00,1665.14,6.12,1.82,6.12,-1.82,7.93,True,12:45,1666.96,16:00,1667.96,session,-0.82,0.60,-1.42,LOSS
2022-10-17,XAUUSD,B,C1,LONG,1645.63,1646.23,1645.53,0.70,-0.60,STRADDLE,10:00,1646.23,6.51,0.51,,,,False,,,16:00,1649.89,session,3.66,0.30,3.36,WIN
2022-10-19,XAUUSD,B,C1,LONG,1652.44,1653.58,1652.65,0.93,0.21,ABOVE,10:00,1653.58,0.89,1.52,0.89,-1.52,2.42,True,10:50,1652.06,16:00,1645.61,session,4.92,0.60,4.32,WIN
2022-10-20,XAUUSD,B,C1,SHORT,1628.20,1628.05,1627.77,0.28,0.15,BELOW,10:00,1627.77,1.73,0.75,1.73,-0.53,2.26,True,11:10,1628.30,16:00,1632.20,session,3.38,0.60,2.78,WIN
2022-10-21,XAUUSD,B,C1,SHORT,1626.88,1626.89,1626.19,0.70,-0.02,STRADDLE,10:00,1626.19,0.78,1.12,0.78,-0.91,1.69,True,10:55,1627.10,16:00,1621.41,session,-6.60,0.60,-7.20,LOSS
2022-10-24,XAUUSD,B,C1,SHORT,1660.45,1659.27,1657.66,1.60,1.18,BELOW,10:00,1657.66,0.96,5.93,0.96,-5.44,6.41,True,10:35,1663.11,16:00,1658.38,session,-10.17,0.60,-10.77,LOSS
2022-10-26,XAUUSD,B,C1,SHORT,1652.04,1652.46,1651.51,0.96,-0.42,STRADDLE,10:00,1651.51,0.36,1.32,0.36,-1.30,1.66,True,10:50,1652.81,16:00,1656.18,session,2.07,0.60,1.47,WIN
2022-10-27,XAUUSD,B,C1,LONG,1665.43,1665.49,1665.21,0.28,-0.06,STRADDLE,10:00,1665.49,0.00,0.70,0.00,-0.70,0.70,True,10:05,1664.79,16:00,1665.81,session,-1.72,0.60,-2.32,LOSS
2022-10-28,XAUUSD,B,C1,SHORT,1662.05,1662.31,1661.94,0.36,-0.26,STRADDLE,10:00,1661.94,0.13,0.84,0.13,-0.68,0.81,True,10:10,1662.62,16:00,1664.76,session,1.45,0.60,0.85,WIN
2022-10-31,XAUUSD,B,C1,LONG,1644.31,1644.64,1644.35,0.30,0.04,ABOVE,10:00,1644.64,0.78,0.86,0.78,-0.65,1.43,True,10:40,1643.99,16:00,1644.24,session,-0.90,0.60,-1.50,LOSS
2022-11-02,XAUUSD,B,C1,LONG,1646.51,1646.98,1646.88,0.10,0.38,ABOVE,10:00,1646.98,1.30,0.59,1.30,-0.44,1.74,True,10:50,1646.54,16:00,1650.87,session,-4.77,0.60,-5.37,LOSS
2022-11-03,XAUUSD,B,C1,SHORT,1634.08,1634.12,1632.76,1.36,-0.04,STRADDLE,10:00,1632.76,0.79,2.30,0.79,-2.28,3.07,True,11:10,1635.04,16:00,1637.64,session,0.33,0.60,-0.27,LOSS
2023-03-13,XAUUSD,B,C1,LONG,1880.20,1886.24,1884.41,1.83,4.20,ABOVE,10:00,1886.24,3.21,2.65,3.21,-2.58,5.79,True,10:20,1883.66,16:00,1880.94,session,0.14,0.60,-0.46,LOSS
2023-03-15,XAUUSD,B,C1,LONG,1904.15,1904.59,1904.37,0.22,0.21,ABOVE,10:00,1904.59,0.14,0.40,0.14,-0.28,0.42,True,10:10,1904.31,16:00,1901.72,session,2.30,0.60,1.70,WIN
2023-03-16,XAUUSD,B,C1,LONG,1919.49,1920.98,1920.46,0.52,0.97,ABOVE,10:00,1920.98,3.47,1.27,3.47,-1.26,4.73,True,11:45,1919.72,16:00,1913.13,session,5.34,0.60,4.74,WIN
2023-03-17,XAUUSD,B,C1,LONG,1919.43,1920.11,1920.07,0.04,0.63,ABOVE,10:00,1920.11,0.13,0.30,0.13,-0.19,0.33,True,10:10,1919.91,16:00,1930.95,session,-11.24,0.60,-11.84,LOSS
2023-03-20,XAUUSD,B,C1,LONG,1976.98,1978.17,1977.45,0.72,0.47,ABOVE,10:00,1978.17,1.49,1.29,1.49,-1.20,2.69,True,10:30,1976.97,16:00,1975.36,session,0.41,0.60,-0.19,LOSS
2023-03-21,XAUUSD,B,C1,LONG,1978.64,1978.86,1978.43,0.42,-0.21,STRADDLE,10:00,1978.86,0.20,0.89,0.20,-0.48,0.68,True,10:10,1978.38,16:00,1981.52,session,-3.62,0.60,-4.22,LOSS
2023-03-22,XAUUSD,B,C1,LONG,1941.11,1941.62,1941.31,0.32,0.20,ABOVE,10:00,1941.62,4.68,1.39,4.68,-0.60,5.28,True,13:05,1941.03,16:00,1939.46,session,0.96,0.60,0.36,WIN
2023-03-23,XAUUSD,B,C1,LONG,1966.62,1967.11,1965.77,1.34,-0.49,STRADDLE,10:00,1967.11,11.15,0.88,,,,False,,,16:00,1977.29,session,10.18,0.30,9.88,WIN
2023-03-24,XAUUSD,B,C1,LONG,1990.66,1992.08,1991.98,0.09,1.32,ABOVE,10:00,1992.08,1.13,0.99,1.13,-0.91,2.04,True,10:30,1991.16,16:00,1992.45,session,-2.20,0.60,-2.80,LOSS
2023-03-27,XAUUSD,B,C1,LONG,1972.66,1974.68,1973.96,0.72,1.30,ABOVE,10:00,1974.68,2.13,2.05,2.13,-0.86,2.99,True,11:30,1973.83,16:00,1972.62,session,0.35,0.60,-0.25,LOSS
2023-03-28,XAUUSD,B,C1,LONG,1957.33,1957.58,1957.31,0.27,-0.25,STRADDLE,10:00,1957.58,6.50,0.79,,,,False,,,16:00,1957.79,session,0.21,0.30,-0.09,LOSS
2023-03-29,XAUUSD,B,C1,LONG,1973.25,1973.49,1973.05,0.44,-0.24,STRADDLE,10:00,1973.49,0.01,0.86,0.01,-0.72,0.73,True,10:05,1972.77,16:00,1966.59,session,5.46,0.60,4.86,WIN
2023-03-30,XAUUSD,B,C1,SHORT,1964.55,1964.39,1963.78,0.62,0.15,BELOW,10:00,1963.78,8.37,0.32,,,,False,,,16:00,1961.23,session,2.55,0.30,2.25,WIN
2023-04-03,XAUUSD,B,C1,LONG,1957.88,1959.01,1957.18,1.83,-1.12,STRADDLE,10:00,1959.01,5.64,2.09,5.64,-1.94,7.58,True,12:35,1957.07,16:00,1952.33,session,2.81,0.60,2.21,WIN
2023-04-04,XAUUSD,B,C1,SHORT,1985.55,1985.12,1984.47,0.65,0.42,BELOW,10:00,1984.47,6.58,0.52,,,,False,,,16:00,1979.39,session,5.08,0.30,4.78,WIN
2023-04-06,XAUUSD,B,C1,SHORT,2020.42,2020.45,2019.69,0.76,-0.03,STRADDLE,10:00,2019.69,11.61,0.88,,,,False,,,16:00,2016.92,session,2.77,0.30,2.47,WIN
2023-04-10,XAUUSD,B,C1,SHORT,2005.38,2005.68,2004.02,1.66,-0.30,STRADDLE,10:00,2004.02,15.06,0.00,,,,False,,,16:00,1992.62,session,11.39,0.30,11.09,WIN
2023-04-11,XAUUSD,B,C1,LONG,1991.68,1993.21,1992.41,0.80,0.73,ABOVE,10:00,1993.21,2.24,1.02,2.24,-0.83,3.07,True,11:00,1992.38,16:00,1999.15,session,-7.61,0.60,-8.21,LOSS
2023-04-13,XAUUSD,B,C1,LONG,2017.59,2018.66,2018.20,0.46,0.62,ABOVE,10:00,2018.66,0.04,1.24,0.04,-0.70,0.74,True,10:05,2017.96,16:00,2016.80,session,0.46,0.60,-0.14,LOSS
2023-04-14,XAUUSD,B,C1,LONG,2039.90,2040.03,2039.77,0.26,-0.13,STRADDLE,10:00,2040.03,0.18,0.91,0.18,-0.85,1.03,True,10:05,2039.18,16:00,2042.58,session,-4.24,0.60,-4.84,LOSS
2023-04-17,XAUUSD,B,C1,SHORT,2002.89,2003.07,2002.51,0.56,-0.17,STRADDLE,10:00,2002.51,0.69,0.97,0.69,-0.70,1.39,True,10:15,2003.20,16:00,2012.64,session,8.74,0.60,8.14,WIN
2023-04-18,XAUUSD,B,C1,LONG,1994.44,1994.46,1993.98,0.48,-0.02,STRADDLE,10:00,1994.46,0.05,0.94,0.05,-0.94,0.99,True,10:05,1993.52,16:00,2000.77,session,-8.20,0.60,-8.80,LOSS
2023-04-24,XAUUSD,B,C1,SHORT,1985.10,1984.49,1984.24,0.25,0.61,BELOW,10:00,1984.24,7.72,0.45,,,,False,,,16:00,1979.29,session,4.95,0.30,4.65,WIN
2023-04-27,XAUUSD,B,C1,LONG,1991.78,1991.83,1991.63,0.19,-0.05,STRADDLE,10:00,1991.83,0.17,0.51,0.17,-0.38,0.55,True,10:05,1991.44,16:00,1999.06,session,-8.00,0.60,-8.60,LOSS
2023-04-28,XAUUSD,B,C1,SHORT,1987.62,1986.98,1986.36,0.63,0.64,BELOW,10:00,1986.36,0.69,0.97,0.69,-0.95,1.64,True,10:20,1987.31,16:00,1985.40,session,-2.86,0.60,-3.46,LOSS
2023-05-01,XAUUSD,B,C1,SHORT,1987.16,1986.95,1986.92,0.03,0.21,BELOW,10:00,1986.92,0.48,0.53,0.48,-0.32,0.80,True,10:05,1987.24,16:00,1981.84,session,-5.72,0.60,-6.32,LOSS
2023-05-02,XAUUSD,B,C1,LONG,1982.07,1982.21,1981.54,0.68,-0.15,STRADDLE,10:00,1982.21,3.08,0.87,,,,False,,,16:00,1982.99,session,0.78,0.30,0.48,WIN
2023-05-03,XAUUSD,B,C1,SHORT,2016.29,2015.98,2015.78,0.20,0.31,BELOW,10:00,2015.78,1.52,0.41,1.52,-0.39,1.91,True,10:25,2016.17,16:00,2015.88,session,-0.69,0.60,-1.29,LOSS
2023-05-05,XAUUSD,B,C1,SHORT,2049.81,2050.01,2049.07,0.94,-0.20,STRADDLE,10:00,2049.07,0.72,1.16,0.72,-1.09,1.81,True,11:10,2050.16,16:00,2047.31,session,-3.95,0.60,-4.55,LOSS
2023-05-08,XAUUSD,B,C1,SHORT,2016.18,2016.12,2016.09,0.04,0.06,BELOW,10:00,2016.09,0.23,1.13,0.23,-1.08,1.31,True,10:05,2017.16,16:00,2022.17,session,3.93,0.60,3.33,WIN
2023-05-09,XAUUSD,B,C1,SHORT,2021.59,2021.32,2020.36,0.96,0.27,BELOW,10:00,2020.36,0.81,1.77,0.81,-1.62,2.43,True,11:10,2021.98,16:00,2027.34,session,3.73,0.60,3.13,WIN
2023-05-10,XAUUSD,B,C1,LONG,2036.13,2037.38,2036.34,1.04,0.20,ABOVE,10:00,2037.38,0.91,1.39,0.91,-1.35,2.26,True,10:30,2036.03,16:00,2029.64,session,5.04,0.60,4.44,WIN
2023-05-11,XAUUSD,B,C1,LONG,2031.48,2032.23,2031.52,0.71,0.03,ABOVE,10:00,2032.23,4.25,0.99,4.25,-0.76,5.01,True,14:10,2031.47,16:00,2031.30,session,-0.58,0.60,-1.18,LOSS
2023-05-12,XAUUSD,B,C1,LONG,2016.17,2016.62,2016.42,0.19,0.25,ABOVE,10:00,2016.62,0.98,1.63,0.98,-0.57,1.55,True,10:40,2016.05,16:00,2009.62,session,5.86,0.60,5.26,WIN
2023-05-15,XAUUSD,B,C1,LONG,2009.79,2010.19,2009.60,0.60,-0.40,STRADDLE,10:00,2010.19,0.41,1.36,0.41,-1.34,1.75,True,10:15,2008.86,16:00,2015.14,session,-7.63,0.60,-8.23,LOSS
2023-05-16,XAUUSD,B,C1,LONG,2014.39,2014.56,2014.53,0.03,0.13,ABOVE,10:00,2014.56,0.63,0.14,0.63,-0.14,0.77,True,10:10,2014.42,16:00,2011.07,session,3.21,0.60,2.61,WIN
2023-05-17,XAUUSD,B,C1,LONG,1989.43,1990.70,1989.82,0.89,0.38,ABOVE,10:00,1990.70,2.41,1.25,2.41,-0.95,3.37,True,15:20,1989.75,16:00,1988.15,session,0.64,0.60,0.04,WIN
2023-05-19,XAUUSD,B,C1,LONG,1958.30,1959.28,1958.53,0.75,0.23,ABOVE,10:00,1959.28,0.59,1.30,0.59,-1.30,1.88,True,10:45,1957.98,16:00,1962.49,session,-5.81,0.60,-6.41,LOSS
2023-05-22,XAUUSD,B,C1,SHORT,1980.58,1980.89,1980.00,0.89,-0.32,STRADDLE,10:00,1980.00,1.59,1.38,1.59,-1.08,2.66,True,10:55,1981.08,16:00,1973.13,session,-9.02,0.60,-9.62,LOSS
2023-05-23,XAUUSD,B,C1,LONG,1970.07,1970.57,1969.91,0.66,-0.50,STRADDLE,10:00,1970.57,1.34,0.91,1.34,-0.84,2.17,True,10:45,1969.73,16:00,1960.47,session,8.42,0.60,7.82,WIN
2023-05-24,XAUUSD,B,C1,LONG,1975.37,1975.57,1975.13,0.43,-0.20,STRADDLE,10:00,1975.57,1.52,0.67,1.52,-0.51,2.03,True,10:50,1975.06,16:00,1977.18,session,-2.64,0.60,-3.24,LOSS
2023-05-25,XAUUSD,B,C1,SHORT,1959.84,1959.79,1959.45,0.34,0.05,BELOW,10:00,1959.45,4.42,0.81,,,,False,,,16:00,1955.10,session,4.36,0.30,4.06,WIN
2023-05-26,XAUUSD,B,C1,LONG,1939.77,1941.29,1940.62,0.67,0.85,ABOVE,10:00,1941.29,0.13,1.10,0.13,-1.07,1.21,True,10:05,1940.21,16:00,1947.53,session,-8.39,0.60,-8.99,LOSS
2023-05-29,XAUUSD,B,C1,SHORT,1944.34,1943.73,1943.14,0.59,0.61,BELOW,10:00,1943.14,2.76,2.28,2.76,-1.38,4.14,True,11:10,1944.53,16:00,1947.94,session,2.04,0.60,1.44,WIN
2023-05-30,XAUUSD,B,C1,LONG,1942.58,1942.88,1941.64,1.24,-0.30,STRADDLE,10:00,1942.88,0.38,1.80,0.38,-1.36,1.75,True,10:25,1941.52,16:00,1934.68,session,5.47,0.60,4.87,WIN
2023-05-31,XAUUSD,B,C1,LONG,1958.90,1959.46,1958.60,0.86,-0.56,STRADDLE,10:00,1959.46,0.19,1.34,0.19,-1.34,1.53,True,10:05,1958.12,16:00,1964.03,session,-7.25,0.60,-7.85,LOSS
2023-06-01,XAUUSD,B,C1,SHORT,1966.33,1966.38,1966.10,0.28,-0.05,STRADDLE,10:00,1966.10,0.50,1.27,0.50,-0.44,0.94,True,10:10,1966.54,16:00,1962.29,session,-4.69,0.60,-5.29,LOSS
2023-06-02,XAUUSD,B,C1,SHORT,1977.14,1977.14,1976.38,0.77,0.00,STRADDLE,10:00,1976.38,0.05,0.88,0.05,-0.83,0.88,True,10:05,1977.20,16:00,1979.24,session,1.21,0.60,0.61,WIN
2023-06-05,XAUUSD,B,C1,SHORT,1949.14,1949.46,1948.62,0.84,-0.32,STRADDLE,10:00,1948.62,5.62,0.53,,,,False,,,16:00,1945.08,session,3.55,0.30,3.25,WIN
2023-06-07,XAUUSD,B,C1,LONG,1963.24,1963.53,1963.48,0.05,0.24,ABOVE,10:00,1963.53,3.26,0.14,3.26,-0.13,3.39,True,12:05,1963.39,16:00,1963.21,session,0.05,0.60,-0.55,LOSS
2023-06-08,XAUUSD,B,C1,LONG,1944.32,1944.94,1944.62,0.32,0.31,ABOVE,10:00,1944.94,2.95,0.36,,,,False,,,16:00,1945.62,session,0.68,0.30,0.38,WIN
2023-06-09,XAUUSD,B,C1,SHORT,1966.19,1965.34,1964.73,0.60,0.86,BELOW,10:00,1964.73,0.51,0.67,0.51,-0.67,1.18,True,10:35,1965.40,16:00,1964.99,session,-1.08,0.60,-1.68,LOSS
2023-06-14,XAUUSD,B,C1,SHORT,1943.57,1944.01,1943.56,0.45,-0.44,STRADDLE,10:00,1943.56,0.03,1.13,0.03,-1.08,1.11,True,10:05,1944.63,16:00,1946.32,session,0.61,0.60,0.01,WIN
2023-06-16,XAUUSD,B,C1,SHORT,1958.44,1958.28,1957.88,0.40,0.16,BELOW,10:00,1957.88,0.01,1.27,0.01,-0.90,0.91,True,10:05,1958.78,16:00,1958.83,session,-0.86,0.60,-1.46,LOSS
2023-06-19,XAUUSD,B,C1,LONG,1956.76,1957.61,1957.22,0.39,0.46,ABOVE,10:00,1957.61,1.13,0.65,1.13,-0.64,1.78,True,10:30,1956.96,16:00,1954.34,session,1.98,0.60,1.38,WIN
2023-06-21,XAUUSD,B,C1,LONG,1937.19,1937.39,1937.38,0.01,0.19,ABOVE,10:00,1937.39,0.34,0.48,0.34,-0.03,0.37,True,10:15,1937.37,16:00,1932.43,session,4.90,0.60,4.30,WIN
2023-06-22,XAUUSD,B,C1,SHORT,1934.29,1933.92,1933.89,0.03,0.37,BELOW,10:00,1933.89,0.42,0.12,0.42,-0.04,0.46,True,10:10,1933.93,16:00,1929.87,session,-4.11,0.60,-4.71,LOSS
2023-06-23,XAUUSD,B,C1,LONG,1914.79,1914.90,1914.62,0.28,-0.12,STRADDLE,10:00,1914.90,0.19,0.54,0.19,-0.45,0.64,True,10:05,1914.45,16:00,1915.73,session,-1.73,0.60,-2.33,LOSS
2023-06-26,XAUUSD,B,C1,LONG,1924.81,1925.60,1925.40,0.19,0.60,ABOVE,10:00,1925.60,3.04,1.41,3.04,-0.69,3.73,True,12:05,1924.90,16:00,1927.31,session,-3.10,0.60,-3.70,LOSS
2023-06-27,XAUUSD,B,C1,LONG,1922.45,1922.73,1922.49,0.24,0.04,ABOVE,10:00,1922.73,0.07,0.33,0.07,-0.25,0.32,True,10:05,1922.48,16:00,1924.83,session,-2.60,0.60,-3.20,LOSS
2023-06-29,XAUUSD,B,C1,SHORT,1909.94,1909.71,1908.86,0.86,0.23,BELOW,10:00,1908.86,0.81,1.37,0.81,-1.20,2.01,True,10:55,1910.06,16:00,1904.66,session,-6.59,0.60,-7.19,LOSS
2023-07-03,XAUUSD,B,C1,LONG,1918.21,1918.43,1918.26,0.17,0.05,ABOVE,10:00,1918.43,0.49,0.47,0.49,-0.35,0.85,True,10:20,1918.08,16:00,1917.37,session,0.36,0.60,-0.24,LOSS
2023-07-06,XAUUSD,B,C1,LONG,1916.97,1917.13,1916.90,0.23,-0.16,STRADDLE,10:00,1917.13,0.63,0.59,0.63,-0.48,1.11,True,10:20,1916.65,16:00,1919.79,session,-3.62,0.60,-4.22,LOSS
2023-07-07,XAUUSD,B,C1,LONG,1911.85,1912.16,1911.70,0.46,-0.32,STRADDLE,10:00,1912.16,0.32,0.61,0.32,-0.58,0.90,True,10:25,1911.59,16:00,1913.77,session,-2.76,0.60,-3.36,LOSS
2023-07-10,XAUUSD,B,C1,SHORT,1924.97,1924.96,1924.54,0.42,0.01,BELOW,10:00,1924.54,1.64,1.25,1.64,-1.22,2.86,True,11:00,1925.76,16:00,1920.24,session,-6.73,0.60,-7.33,LOSS
2023-07-12,XAUUSD,B,C1,LONG,1933.27,1933.93,1933.38,0.56,0.11,ABOVE,10:00,1933.93,7.09,0.13,,,,False,,,16:00,1939.44,session,5.51,0.30,5.21,WIN
2023-07-13,XAUUSD,B,C1,SHORT,1957.74,1957.90,1957.57,0.34,-0.16,STRADDLE,10:00,1957.57,0.18,0.74,0.18,-0.66,0.84,True,10:10,1958.22,16:00,1956.82,session,-2.07,0.60,-2.67,LOSS
2023-07-14,XAUUSD,B,C1,SHORT,1960.40,1960.14,1959.86,0.29,0.26,BELOW,10:00,1959.86,0.42,0.46,0.42,-0.46,0.88,True,10:10,1960.32,16:00,1959.14,session,-1.63,0.60,-2.23,LOSS
2023-07-18,XAUUSD,B,C1,SHORT,1955.64,1955.48,1954.94,0.54,0.16,BELOW,10:00,1954.94,0.16,0.66,0.16,-0.63,0.80,True,10:20,1955.58,16:00,1959.32,session,3.11,0.60,2.51,WIN
2023-07-19,XAUUSD,B,C1,LONG,1976.99,1977.62,1977.55,0.08,0.56,ABOVE,10:00,1977.62,0.03,0.64,0.03,-0.41,0.44,True,10:05,1977.21,16:00,1978.63,session,-1.84,0.60,-2.44,LOSS
2023-07-20,XAUUSD,B,C1,LONG,1977.74,1977.92,1977.78,0.14,0.04,ABOVE,10:00,1977.92,9.61,0.02,,,,False,,,16:00,1980.91,session,2.99,0.30,2.69,WIN
2023-07-21,XAUUSD,B,C1,SHORT,1972.54,1972.30,1972.02,0.28,0.24,BELOW,10:00,1972.02,0.17,0.69,0.17,-0.55,0.72,True,10:20,1972.57,16:00,1970.40,session,-2.71,0.60,-3.31,LOSS
2023-07-24,XAUUSD,B,C1,LONG,1961.38,1961.62,1961.29,0.33,-0.23,STRADDLE,10:00,1961.62,0.30,0.75,0.30,-0.47,0.77,True,10:05,1961.14,16:00,1960.31,session,0.37,0.60,-0.23,LOSS
2023-07-25,XAUUSD,B,C1,LONG,1954.53,1954.58,1954.48,0.10,-0.05,STRADDLE,10:00,1954.58,0.21,0.40,0.21,-0.19,0.40,True,10:05,1954.39,16:00,1961.73,session,-7.53,0.60,-8.13,LOSS
2023-07-26,XAUUSD,B,C1,LONG,1965.21,1966.01,1965.38,0.63,0.17,ABOVE,10:00,1966.01,0.07,0.95,0.07,-0.74,0.81,True,10:05,1965.27,16:00,1964.67,session,-0.14,0.60,-0.74,LOSS
2023-07-27,XAUUSD,B,C1,LONG,1972.37,1972.38,1972.18,0.20,-0.02,STRADDLE,10:00,1972.38,0.17,0.51,0.17,-0.41,0.58,True,10:15,1971.97,16:00,1976.17,session,-4.61,0.60,-5.21,LOSS
2023-07-28,XAUUSD,B,C1,SHORT,1947.74,1947.54,1946.76,0.78,0.20,BELOW,10:00,1946.76,0.65,0.98,0.65,-0.86,1.51,True,10:50,1947.62,16:00,1952.80,session,4.32,0.60,3.72,WIN
2023-07-31,XAUUSD,B,C1,SHORT,1958.45,1958.11,1958.03,0.08,0.35,BELOW,10:00,1958.03,0.44,0.91,0.44,-0.65,1.10,True,10:10,1958.68,16:00,1954.27,session,-5.07,0.60,-5.67,LOSS
2023-08-02,XAUUSD,B,C1,SHORT,1952.62,1952.23,1951.39,0.84,0.38,BELOW,10:00,1951.39,6.03,0.07,,,,False,,,16:00,1949.81,session,1.59,0.30,1.29,WIN
2023-08-04,XAUUSD,B,C1,LONG,1935.52,1935.87,1935.84,0.03,0.32,ABOVE,10:00,1935.87,0.00,0.61,0.00,-0.54,0.54,True,10:05,1935.33,16:00,1935.48,session,-0.69,0.60,-1.29,LOSS
2023-08-07,XAUUSD,B,C1,SHORT,1943.55,1943.96,1943.30,0.66,-0.42,STRADDLE,10:00,1943.30,0.09,1.80,0.09,-1.74,1.82,True,10:10,1945.04,16:00,1936.25,session,-10.52,0.60,-11.12,LOSS
2023-08-08,XAUUSD,B,C1,SHORT,1937.17,1936.85,1936.63,0.21,0.33,BELOW,10:00,1936.63,5.45,0.00,,,,False,,,16:00,1933.66,session,2.97,0.30,2.67,WIN
2023-08-09,XAUUSD,B,C1,LONG,1925.55,1926.01,1925.66,0.35,0.12,ABOVE,10:00,1926.01,0.31,0.39,0.31,-0.36,0.66,True,10:15,1925.65,16:00,1931.27,session,-5.97,0.60,-6.57,LOSS
2023-08-11,XAUUSD,B,C1,SHORT,1912.48,1912.45,1912.07,0.38,0.03,BELOW,10:00,1912.07,0.11,0.78,0.11,-0.67,0.78,True,10:10,1912.74,16:00,1915.95,session,2.54,0.60,1.94,WIN
2023-08-14,XAUUSD,B,C1,SHORT,1913.03,1913.71,1912.54,1.18,-0.69,STRADDLE,10:00,1912.54,2.39,1.26,2.39,-1.26,3.65,True,15:25,1913.80,16:00,1912.49,session,-2.57,0.60,-3.17,LOSS
2023-08-15,XAUUSD,B,C1,SHORT,1907.93,1907.62,1907.10,0.53,0.31,BELOW,10:00,1907.10,3.29,1.22,,,,False,,,16:00,1906.16,session,0.93,0.30,0.63,WIN
2023-08-16,XAUUSD,B,C1,SHORT,1901.71,1901.48,1901.06,0.42,0.23,BELOW,10:00,1901.06,0.05,1.18,0.05,-1.08,1.12,True,10:10,1902.13,16:00,1905.11,session,1.90,0.60,1.30,WIN
2023-08-17,XAUUSD,B,C1,SHORT,1893.94,1893.45,1892.40,1.05,0.49,BELOW,10:00,1892.40,2.79,1.22,2.79,-1.05,3.85,True,12:45,1893.45,16:00,1893.52,session,-0.99,0.60,-1.59,LOSS
2023-08-21,XAUUSD,B,C1,LONG,1888.98,1890.23,1890.08,0.16,1.09,ABOVE,10:00,1890.23,0.96,0.23,0.96,-0.17,1.13,True,10:45,1890.07,16:00,1887.67,session,2.22,0.60,1.62,WIN
2023-08-22,XAUUSD,B,C1,SHORT,1895.13,1894.80,1894.10,0.70,0.34,BELOW,10:00,1894.10,0.36,1.12,0.36,-1.12,1.47,True,10:30,1895.21,16:00,1895.81,session,-0.52,0.60,-1.12,LOSS
2023-08-23,XAUUSD,B,C1,LONG,1898.65,1898.86,1898.71,0.14,0.06,ABOVE,10:00,1898.86,5.16,0.01,,,,False,,,16:00,1902.92,session,4.07,0.30,3.77,WIN
2023-08-25,XAUUSD,B,C1,SHORT,1916.28,1915.92,1915.89,0.03,0.36,BELOW,10:00,1915.89,0.08,0.75,0.08,-0.41,0.49,True,10:05,1916.31,16:00,1913.77,session,-2.95,0.60,-3.55,LOSS
2023-08-28,XAUUSD,B,C1,LONG,1914.89,1915.50,1915.11,0.39,0.22,ABOVE,10:00,1915.50,2.16,0.73,,,,False,,,16:00,1916.73,session,1.23,0.30,0.93,WIN
2023-08-29,XAUUSD,B,C1,LONG,1921.35,1921.41,1921.38,0.03,0.04,ABOVE,10:00,1921.41,4.45,0.29,,,,False,,,16:00,1924.89,session,3.48,0.30,3.18,WIN
2023-08-30,XAUUSD,B,C1,LONG,1936.42,1936.49,1936.21,0.28,-0.07,STRADDLE,10:00,1936.49,0.80,0.41,0.80,-0.39,1.19,True,10:35,1936.10,16:00,1936.23,session,-0.53,0.60,-1.13,LOSS
2023-08-31,XAUUSD,B,C1,LONG,1944.31,1944.61,1944.42,0.18,0.12,ABOVE,10:00,1944.61,3.20,0.06,,,,False,,,16:00,1944.93,session,0.33,0.30,0.03,WIN
2023-09-01,XAUUSD,B,C1,LONG,1939.83,1940.10,1939.97,0.12,0.14,ABOVE,10:00,1940.10,0.24,0.76,0.24,-0.74,0.98,True,10:10,1939.36,16:00,1940.00,session,-1.39,0.60,-1.99,LOSS
2023-09-05,XAUUSD,B,C1,SHORT,1937.88,1937.65,1937.49,0.16,0.22,BELOW,10:00,1937.49,0.42,0.29,0.42,-0.26,0.68,True,10:45,1937.75,16:00,1936.81,session,-1.20,0.60,-1.80,LOSS
2023-09-07,XAUUSD,B,C1,SHORT,1917.08,1917.14,1916.77,0.38,-0.07,STRADDLE,10:00,1916.77,0.42,0.80,0.42,-0.69,1.11,True,11:05,1917.45,16:00,1918.30,session,0.15,0.60,-0.45,LOSS
2023-09-08,XAUUSD,B,C1,LONG,1919.97,1920.62,1920.30,0.32,0.33,ABOVE,10:00,1920.62,6.64,0.03,,,,False,,,16:00,1926.30,session,5.68,0.30,5.38,WIN
2023-09-11,XAUUSD,B,C1,LONG,1919.61,1919.84,1918.94,0.90,-0.23,STRADDLE,10:00,1919.84,0.01,1.42,0.01,-0.97,0.98,True,10:05,1918.87,16:00,1927.00,session,-9.11,0.60,-9.71,LOSS
2023-09-12,XAUUSD,B,C1,SHORT,1921.90,1921.67,1921.60,0.07,0.23,BELOW,10:00,1921.60,0.12,0.16,0.12,-0.13,0.25,True,10:05,1921.73,16:00,1920.15,session,-1.71,0.60,-2.31,LOSS
2023-09-14,XAUUSD,B,C1,LONG,1909.15,1909.56,1909.29,0.27,0.13,ABOVE,10:00,1909.56,3.41,0.68,3.41,-0.36,3.77,True,15:10,1909.20,16:00,1908.34,session,0.50,0.60,-0.10,LOSS
2023-09-15,XAUUSD,B,C1,LONG,1910.16,1910.27,1909.89,0.38,-0.11,STRADDLE,10:00,1910.27,6.62,0.12,,,,False,,,16:00,1916.27,session,6.00,0.30,5.70,WIN
2023-09-18,XAUUSD,B,C1,LONG,1923.04,1923.77,1923.37,0.40,0.33,ABOVE,10:00,1923.77,6.92,0.38,,,,False,,,16:00,1929.50,session,5.73,0.30,5.43,WIN
2023-09-19,XAUUSD,B,C1,LONG,1934.21,1934.58,1934.18,0.39,-0.37,STRADDLE,10:00,1934.58,0.00,0.69,0.00,-0.65,0.65,True,10:10,1933.93,16:00,1930.51,session,2.77,0.60,2.17,WIN
2023-09-20,XAUUSD,B,C1,SHORT,1931.45,1931.45,1931.09,0.37,-0.00,STRADDLE,10:00,1931.09,2.54,0.70,,,,False,,,16:00,1930.93,session,0.15,0.30,-0.15,LOSS
2023-09-21,XAUUSD,B,C1,SHORT,1930.09,1929.49,1929.36,0.13,0.60,BELOW,10:00,1929.36,5.10,0.39,,,,False,,,16:00,1927.87,session,1.49,0.30,1.19,WIN
2023-09-22,XAUUSD,B,C1,LONG,1921.39,1921.68,1921.45,0.23,0.06,ABOVE,10:00,1921.68,3.89,0.38,,,,False,,,16:00,1924.64,session,2.96,0.30,2.66,WIN
2023-09-25,XAUUSD,B,C1,SHORT,1924.68,1924.87,1924.18,0.68,-0.18,STRADDLE,10:00,1924.18,0.79,0.88,0.79,-0.68,1.47,True,10:40,1924.87,16:00,1921.60,session,-3.96,0.60,-4.56,LOSS
2023-09-26,XAUUSD,B,C1,SHORT,1916.70,1916.29,1916.12,0.17,0.41,BELOW,10:00,1916.12,3.03,0.43,,,,False,,,16:00,1913.31,session,2.81,0.30,2.51,WIN
2023-09-27,XAUUSD,B,C1,LONG,1902.06,1902.14,1901.60,0.55,-0.09,STRADDLE,10:00,1902.14,0.38,0.64,0.38,-0.58,0.95,True,10:30,1901.57,16:00,1896.98,session,4.01,0.60,3.41,WIN
2023-09-29,XAUUSD,B,C1,LONG,1866.14,1866.97,1866.74,0.23,0.60,ABOVE,10:00,1866.97,0.00,0.65,0.00,-0.64,0.64,True,10:05,1866.33,16:00,1866.52,session,-0.84,0.60,-1.44,LOSS
2023-10-02,XAUUSD,B,C1,LONG,1846.51,1846.81,1846.54,0.27,0.03,ABOVE,10:00,1846.81,0.43,0.59,0.43,-0.57,1.00,True,10:15,1846.24,16:00,1842.67,session,3.00,0.60,2.40,WIN
2023-10-03,XAUUSD,B,C1,SHORT,1828.31,1828.23,1827.01,1.22,0.07,BELOW,10:00,1827.01,11.69,0.00,,,,False,,,16:00,1820.52,session,6.49,0.30,6.19,WIN
2023-10-04,XAUUSD,B,C1,SHORT,1823.11,1822.71,1822.40,0.31,0.39,BELOW,10:00,1822.40,0.01,0.99,0.01,-0.89,0.90,True,10:10,1823.30,16:00,1822.81,session,-1.38,0.60,-1.98,LOSS
2023-10-05,XAUUSD,B,C1,LONG,1822.17,1822.45,1822.42,0.03,0.25,ABOVE,10:00,1822.45,6.77,0.64,,,,False,,,16:00,1827.31,session,4.85,0.30,4.55,WIN
2023-10-06,XAUUSD,B,C1,LONG,1821.36,1822.77,1821.25,1.52,-1.41,STRADDLE,10:00,1822.77,0.36,1.70,0.36,-1.55,1.90,True,11:15,1821.22,16:00,1822.79,session,-3.12,0.60,-3.72,LOSS
2023-10-09,XAUUSD,B,C1,SHORT,1848.16,1849.89,1847.47,2.42,-1.73,STRADDLE,10:00,1847.47,1.21,2.99,1.21,-2.99,4.20,True,11:50,1850.46,16:00,1851.13,session,-2.32,0.60,-2.92,LOSS
2023-10-10,XAUUSD,B,C1,SHORT,1861.74,1861.44,1860.73,0.71,0.30,BELOW,10:00,1860.73,0.00,0.81,0.00,-0.77,0.77,True,10:10,1861.51,16:00,1860.43,session,-1.85,0.60,-2.45,LOSS
2023-10-11,XAUUSD,B,C1,LONG,1859.68,1860.09,1859.84,0.25,0.16,ABOVE,10:00,1860.09,0.71,0.42,0.71,-0.38,1.09,True,10:55,1859.71,16:00,1860.08,session,-0.74,0.60,-1.34,LOSS
2023-10-12,XAUUSD,B,C1,LONG,1874.86,1874.94,1874.75,0.19,-0.09,STRADDLE,10:00,1874.94,1.74,0.40,1.74,-0.29,2.03,True,12:05,1874.65,16:00,1878.86,session,-4.49,0.60,-5.09,LOSS
2023-10-19,XAUUSD,B,C1,LONG,1949.71,1950.26,1949.93,0.33,0.22,ABOVE,10:00,1950.26,3.12,1.55,3.12,-1.14,4.27,True,11:40,1949.12,16:00,1947.38,session,0.59,0.60,-0.01,LOSS
2023-10-23,XAUUSD,B,C1,LONG,1976.93,1977.04,1976.33,0.71,-0.10,STRADDLE,10:00,1977.04,1.25,1.27,1.25,-0.97,2.22,True,10:25,1976.07,16:00,1974.09,session,1.01,0.60,0.41,WIN
2023-10-24,XAUUSD,B,C1,LONG,1973.47,1973.51,1973.11,0.40,-0.04,STRADDLE,10:00,1973.51,0.37,1.12,0.37,-0.97,1.35,True,10:30,1972.54,16:00,1976.30,session,-4.74,0.60,-5.34,LOSS
2023-10-26,XAUUSD,B,C1,LONG,1981.41,1983.08,1982.22,0.86,0.81,ABOVE,10:00,1983.08,0.22,0.97,0.22,-0.94,1.17,True,10:05,1982.13,16:00,1989.25,session,-8.06,0.60,-8.66,LOSS
2023-10-27,XAUUSD,B,C1,LONG,1985.58,1985.85,1985.41,0.43,-0.27,STRADDLE,10:00,1985.85,0.34,1.08,0.34,-1.06,1.40,True,10:05,1984.79,16:00,1989.10,session,-5.37,0.60,-5.97,LOSS
2023-10-31,XAUUSD,B,C1,SHORT,1995.44,1995.17,1994.86,0.32,0.27,BELOW,10:00,1994.86,0.28,0.47,0.28,-0.38,0.67,True,10:10,1995.24,16:00,1993.31,session,-2.32,0.60,-2.92,LOSS
2023-11-01,XAUUSD,B,C1,SHORT,1985.32,1984.95,1984.91,0.04,0.37,BELOW,10:00,1984.91,0.33,0.29,0.33,-0.11,0.43,True,10:05,1985.02,16:00,1977.02,session,-8.11,0.60,-8.71,LOSS
2023-11-02,XAUUSD,B,C1,LONG,1983.19,1984.42,1983.81,0.62,0.62,ABOVE,10:00,1984.42,3.80,0.97,,,,False,,,16:00,1986.12,session,1.69,0.30,1.39,WIN
2024-03-12,XAUUSD,B,C1,LONG,2181.36,2182.53,2181.29,1.24,-1.16,STRADDLE,10:00,2182.53,2.06,1.26,2.06,-1.26,3.32,True,11:40,2181.27,16:00,2178.90,session,1.11,0.60,0.51,WIN
2024-03-13,XAUUSD,B,C1,SHORT,2158.63,2158.82,2158.49,0.34,-0.19,STRADDLE,10:00,2158.49,0.65,0.78,0.65,-0.36,1.01,True,10:10,2158.84,16:00,2159.09,session,-0.10,0.60,-0.70,LOSS
2024-03-14,XAUUSD,B,C1,LONG,2175.18,2175.43,2174.70,0.72,-0.24,STRADDLE,10:00,2175.43,0.85,1.14,0.85,-0.91,1.76,True,11:10,2174.51,16:00,2171.11,session,2.48,0.60,1.88,WIN
2024-03-15,XAUUSD,B,C1,LONG,2161.62,2161.78,2161.59,0.20,-0.16,STRADDLE,10:00,2161.78,0.14,0.35,0.14,-0.22,0.36,True,10:10,2161.56,16:00,2165.20,session,-3.87,0.60,-4.47,LOSS
2024-03-18,XAUUSD,B,C1,LONG,2154.17,2155.41,2154.91,0.50,0.74,ABOVE,10:00,2155.41,0.09,0.71,0.09,-0.71,0.80,True,10:10,2154.70,16:00,2147.56,session,6.43,0.60,5.83,WIN
2024-03-20,XAUUSD,B,C1,SHORT,2158.49,2158.78,2158.22,0.55,-0.28,STRADDLE,10:00,2158.22,2.93,0.67,2.93,-0.59,3.53,True,12:15,2158.82,16:00,2157.30,session,-2.10,0.60,-2.70,LOSS
2024-03-22,XAUUSD,B,C1,LONG,2181.23,2181.38,2181.37,0.01,0.14,ABOVE,10:00,2181.38,0.26,0.26,0.26,-0.15,0.41,True,10:15,2181.23,16:00,2173.57,session,7.51,0.60,6.91,WIN
2024-03-25,XAUUSD,B,C1,LONG,2165.87,2166.88,2166.41,0.47,0.54,ABOVE,10:00,2166.88,2.63,1.36,2.63,-1.14,3.77,True,11:15,2165.74,16:00,2170.12,session,-5.52,0.60,-6.12,LOSS
2024-04-01,XAUUSD,B,C1,LONG,2236.93,2237.49,2237.08,0.41,0.14,ABOVE,10:00,2237.49,28.28,0.26,,,,False,,,16:00,2259.34,session,21.85,0.30,21.55,WIN
2024-04-02,XAUUSD,B,C1,SHORT,2254.59,2253.71,2251.64,2.07,0.88,BELOW,10:00,2251.64,4.92,2.27,4.92,-2.27,7.19,True,13:50,2253.91,16:00,2256.41,session,0.24,0.60,-0.36,LOSS
2024-04-03,XAUUSD,B,C1,LONG,2283.59,2283.70,2281.94,1.76,-0.11,STRADDLE,10:00,2283.70,0.00,2.11,0.00,-1.86,1.86,True,10:05,2281.84,16:00,2282.91,session,-2.94,0.60,-3.54,LOSS
2024-04-04,XAUUSD,B,C1,SHORT,2301.07,2301.84,2300.36,1.48,-0.77,STRADDLE,10:00,2300.36,3.95,2.28,3.95,-1.99,5.93,True,11:55,2302.34,16:00,2299.67,session,-4.66,0.60,-5.26,LOSS
2024-04-05,XAUUSD,B,C1,LONG,2288.84,2290.55,2289.81,0.74,0.97,ABOVE,10:00,2290.55,0.68,1.12,0.68,-1.04,1.72,True,10:45,2289.51,16:00,2278.22,session,10.25,0.60,9.65,WIN
2024-04-08,XAUUSD,B,C1,SHORT,2311.78,2311.39,2309.93,1.47,0.38,BELOW,10:00,2309.93,6.95,4.34,6.95,-3.68,10.64,True,11:25,2313.61,16:00,2332.86,session,15.57,0.60,14.97,WIN
2024-04-09,XAUUSD,B,C1,LONG,2339.64,2339.91,2338.88,1.03,-0.27,STRADDLE,10:00,2339.91,1.87,2.02,1.87,-1.76,3.63,True,11:00,2338.14,16:00,2344.97,session,-8.59,0.60,-9.19,LOSS
2024-04-11,XAUUSD,B,C1,SHORT,2336.35,2335.61,2334.99,0.62,0.74,BELOW,10:00,2334.99,1.62,1.06,1.62,-1.02,2.64,True,10:30,2336.01,16:00,2339.50,session,2.47,0.60,1.87,WIN
2024-04-12,XAUUSD,B,C1,SHORT,2376.57,2376.89,2375.52,1.37,-0.32,STRADDLE,10:00,2375.52,0.88,3.69,0.88,-2.12,3.00,True,10:50,2377.64,16:00,2387.66,session,7.90,0.60,7.30,WIN
2024-04-15,XAUUSD,B,C1,SHORT,2365.42,2364.89,2361.99,2.90,0.53,BELOW,10:00,2361.99,13.56,2.84,,,,False,,,16:00,2360.30,session,1.68,0.30,1.38,WIN
2024-04-16,XAUUSD,B,C1,SHORT,2382.30,2381.99,2380.74,1.25,0.32,BELOW,10:00,2380.74,0.51,2.08,0.51,-2.07,2.58,True,10:15,2382.80,16:00,2387.36,session,2.49,0.60,1.89,WIN
2024-04-17,XAUUSD,B,C1,SHORT,2384.01,2382.83,2381.43,1.40,1.18,BELOW,10:00,2381.43,0.28,2.23,0.28,-2.23,2.51,True,10:15,2383.66,16:00,2375.53,session,-10.36,0.60,-10.96,LOSS
2024-04-18,XAUUSD,B,C1,LONG,2366.86,2368.76,2368.08,0.68,1.22,ABOVE,10:00,2368.76,0.81,1.08,0.81,-1.08,1.89,True,10:05,2367.68,16:00,2378.14,session,-11.54,0.60,-12.14,LOSS
2024-04-19,XAUUSD,B,C1,SHORT,2381.20,2379.93,2378.21,1.72,1.28,BELOW,10:00,2378.21,4.37,6.23,4.37,-5.78,10.15,True,11:00,2383.99,16:00,2382.32,session,-7.46,0.60,-8.06,LOSS
2024-04-22,XAUUSD,B,C1,SHORT,2385.96,2386.62,2383.54,3.08,-0.66,STRADDLE,10:00,2383.54,22.59,1.49,,,,False,,,16:00,2363.42,session,20.12,0.30,19.82,WIN
2024-04-24,XAUUSD,B,C1,SHORT,2324.03,2323.37,2322.55,0.82,0.66,BELOW,10:00,2322.55,6.70,1.26,6.70,-1.18,7.89,True,13:10,2323.73,16:00,2330.14,session,5.22,0.60,4.62,WIN
2024-04-25,XAUUSD,B,C1,LONG,2316.12,2317.02,2316.39,0.63,0.26,ABOVE,10:00,2317.02,2.55,0.93,2.55,-0.76,3.32,True,11:10,2316.26,16:00,2318.84,session,-3.35,0.60,-3.95,LOSS
2024-04-30,XAUUSD,B,C1,SHORT,2333.61,2333.18,2332.26,0.91,0.43,BELOW,10:00,2332.26,0.16,1.79,0.16,-1.55,1.72,True,10:05,2333.82,16:00,2321.50,session,-13.87,0.60,-14.47,LOSS
2024-05-01,XAUUSD,B,C1,LONG,2291.46,2292.22,2291.39,0.83,-0.76,STRADDLE,10:00,2292.22,0.73,1.17,0.73,-1.17,1.90,True,10:15,2291.05,16:00,2286.84,session,3.04,0.60,2.44,WIN
2024-05-02,XAUUSD,B,C1,LONG,2324.18,2324.91,2323.95,0.96,-0.72,STRADDLE,10:00,2324.91,0.73,1.89,0.73,-1.89,2.62,True,10:25,2323.01,16:00,2313.88,session,7.24,0.60,6.64,WIN
2024-05-07,XAUUSD,B,C1,LONG,2325.41,2327.06,2326.17,0.89,0.76,ABOVE,10:00,2327.06,0.00,1.48,0.00,-1.34,1.34,True,10:05,2325.72,16:00,2319.72,session,4.67,0.60,4.07,WIN
2024-05-08,XAUUSD,B,C1,LONG,2315.09,2315.80,2315.27,0.53,0.18,ABOVE,10:00,2315.80,0.56,1.27,0.56,-0.65,1.21,True,10:25,2315.15,16:00,2318.54,session,-4.04,0.60,-4.64,LOSS
2024-05-09,XAUUSD,B,C1,LONG,2308.72,2309.11,2308.88,0.23,0.16,ABOVE,10:00,2309.11,0.19,0.88,0.19,-0.76,0.95,True,10:05,2308.36,16:00,2315.47,session,-7.87,0.60,-8.47,LOSS
2024-05-10,XAUUSD,B,C1,SHORT,2346.55,2346.83,2346.31,0.52,-0.28,STRADDLE,10:00,2346.31,0.12,0.71,0.12,-0.56,0.68,True,10:10,2346.87,16:00,2357.72,session,10.29,0.60,9.69,WIN
2024-05-13,XAUUSD,B,C1,LONG,2360.20,2360.75,2360.55,0.20,0.35,ABOVE,10:00,2360.75,3.80,1.86,3.80,-1.22,5.02,True,11:10,2359.53,16:00,2353.89,session,4.43,0.60,3.83,WIN
2024-05-14,XAUUSD,B,C1,SHORT,2338.84,2338.47,2338.39,0.08,0.38,BELOW,10:00,2338.39,0.59,0.68,0.59,-0.61,1.20,True,10:10,2339.00,16:00,2345.06,session,5.45,0.60,4.85,WIN
2024-05-15,XAUUSD,B,C1,LONG,2355.95,2356.18,2355.91,0.27,-0.23,STRADDLE,10:00,2356.18,0.52,0.59,0.52,-0.36,0.88,True,10:10,2355.82,16:00,2358.98,session,-3.51,0.60,-4.11,LOSS
2024-05-16,XAUUSD,B,C1,SHORT,2391.14,2391.95,2390.64,1.31,-0.81,STRADDLE,10:00,2390.64,0.09,2.43,0.09,-2.01,2.09,True,10:10,2392.65,16:00,2389.01,session,-5.65,0.60,-6.25,LOSS
2024-05-17,XAUUSD,B,C1,LONG,2378.57,2378.97,2377.98,0.99,-0.40,STRADDLE,10:00,2378.97,0.74,1.24,0.74,-1.05,1.79,True,10:40,2377.93,16:00,2382.40,session,-5.52,0.60,-6.12,LOSS
2024-05-20,XAUUSD,B,C1,SHORT,2419.49,2420.38,2418.32,2.07,-0.89,STRADDLE,10:00,2418.32,1.72,3.60,1.72,-3.48,5.20,True,10:25,2421.80,16:00,2445.74,session,20.47,0.60,19.87,WIN
2024-05-21,XAUUSD,B,C1,LONG,2426.20,2427.11,2426.36,0.75,0.17,ABOVE,10:00,2427.11,0.09,1.32,0.09,-0.85,0.93,True,10:10,2426.26,16:00,2415.74,session,9.68,0.60,9.08,WIN
2024-05-22,XAUUSD,B,C1,LONG,2421.89,2422.39,2421.80,0.59,-0.49,STRADDLE,10:00,2422.39,0.85,1.59,0.85,-0.67,1.52,True,10:35,2421.72,16:00,2416.82,session,4.22,0.60,3.62,WIN
2024-05-23,XAUUSD,B,C1,LONG,2382.17,2382.60,2382.31,0.29,0.14,ABOVE,10:00,2382.60,1.18,0.88,1.18,-0.40,1.59,True,10:15,2382.20,16:00,2360.14,session,21.66,0.60,21.06,WIN
2024-05-27,XAUUSD,B,C1,SHORT,2337.80,2337.33,2336.74,0.59,0.47,BELOW,10:00,2336.74,2.21,0.89,2.21,-0.75,2.96,True,11:05,2337.49,16:00,2343.25,session,5.02,0.60,4.42,WIN
2024-05-29,XAUUSD,B,C1,LONG,2359.68,2360.14,2359.72,0.42,0.04,ABOVE,10:00,2360.14,0.97,0.78,0.97,-0.71,1.68,True,10:20,2359.43,16:00,2355.44,session,3.28,0.60,2.68,WIN
2024-05-30,XAUUSD,B,C1,SHORT,2338.70,2338.51,2336.89,1.62,0.20,BELOW,10:00,2336.89,2.84,2.27,2.84,-2.20,5.05,True,11:10,2339.09,16:00,2325.26,session,-16.03,0.60,-16.63,LOSS
2024-05-31,XAUUSD,B,C1,SHORT,2343.97,2344.05,2343.32,0.73,-0.08,STRADDLE,10:00,2343.32,0.72,1.00,0.72,-0.78,1.49,True,10:30,2344.10,16:00,2343.64,session,-1.24,0.60,-1.84,LOSS
2024-06-03,XAUUSD,B,C1,LONG,2326.14,2326.26,2325.93,0.33,-0.11,STRADDLE,10:00,2326.26,0.11,1.56,0.11,-1.32,1.42,True,10:05,2324.94,16:00,2318.95,session,4.67,0.60,4.07,WIN
2024-06-04,XAUUSD,B,C1,LONG,2350.43,2351.45,2350.59,0.86,0.17,ABOVE,10:00,2351.45,1.43,2.32,1.43,-1.97,3.40,True,11:05,2349.49,16:00,2350.89,session,-3.37,0.60,-3.97,LOSS
2024-06-05,XAUUSD,B,C1,SHORT,2328.47,2328.88,2328.42,0.46,-0.41,STRADDLE,10:00,2328.42,0.65,0.83,0.65,-0.75,1.40,True,10:20,2329.17,16:00,2336.80,session,6.88,0.60,6.28,WIN
2024-06-06,XAUUSD,B,C1,SHORT,2355.43,2355.15,2354.88,0.28,0.28,BELOW,10:00,2354.88,0.20,0.66,0.20,-0.28,0.49,True,10:05,2355.16,16:00,2367.24,session,11.80,0.60,11.20,WIN
2024-06-07,XAUUSD,B,C1,SHORT,2377.05,2376.91,2376.53,0.38,0.13,BELOW,10:00,2376.53,0.31,0.58,0.31,-0.45,0.76,True,10:05,2376.99,16:00,2376.10,session,-1.34,0.60,-1.94,LOSS
2024-06-10,XAUUSD,B,C1,LONG,2299.18,2299.71,2298.56,1.15,-0.53,STRADDLE,10:00,2299.71,0.00,1.24,0.00,-1.18,1.18,True,10:05,2298.53,16:00,2294.65,session,2.70,0.60,2.10,WIN
2024-06-11,XAUUSD,B,C1,SHORT,2309.82,2309.96,2309.57,0.39,-0.14,STRADDLE,10:00,2309.57,0.42,0.85,0.42,-0.82,1.24,True,10:35,2310.39,16:00,2299.62,session,-11.60,0.60,-12.20,LOSS
2024-06-12,XAUUSD,B,C1,LONG,2314.51,2315.57,2315.20,0.38,0.69,ABOVE,10:00,2315.57,0.12,0.67,0.12,-0.58,0.70,True,10:10,2314.99,16:00,2314.55,session,-0.14,0.60,-0.74,LOSS
2024-06-13,XAUUSD,B,C1,SHORT,2321.44,2320.65,2318.53,2.12,0.79,BELOW,10:00,2318.53,0.90,3.31,0.90,-3.13,4.03,True,10:25,2321.66,16:00,2313.55,session,-11.24,0.60,-11.84,LOSS
2024-06-14,XAUUSD,B,C1,LONG,2302.05,2303.33,2302.43,0.89,0.38,ABOVE,10:00,2303.33,0.18,1.72,0.18,-1.63,1.81,True,10:10,2301.70,16:00,2309.13,session,-9.06,0.60,-9.66,LOSS
2024-06-17,XAUUSD,B,C1,SHORT,2328.98,2328.95,2326.58,2.37,0.03,BELOW,10:00,2326.58,9.28,2.43,,,,False,,,16:00,2317.45,session,9.13,0.30,8.83,WIN
2024-06-18,XAUUSD,B,C1,LONG,2320.45,2322.18,2321.11,1.07,0.66,ABOVE,10:00,2322.18,3.41,1.76,3.41,-1.65,5.07,True,11:15,2320.53,16:00,2321.91,session,-3.03,0.60,-3.63,LOSS
2024-06-19,XAUUSD,B,C1,LONG,2328.84,2328.94,2328.43,0.51,-0.10,STRADDLE,10:00,2328.94,0.91,0.81,0.91,-0.74,1.65,True,10:25,2328.20,16:00,2329.91,session,-2.46,0.60,-3.06,LOSS
2024-06-21,XAUUSD,B,C1,LONG,2360.19,2361.32,2360.95,0.38,0.76,ABOVE,10:00,2361.32,3.58,1.66,3.58,-0.66,4.24,True,11:25,2360.66,16:00,2363.45,session,-3.44,0.60,-4.04,LOSS
2024-06-24,XAUUSD,B,C1,LONG,2318.47,2320.90,2319.19,1.71,0.72,ABOVE,10:00,2320.90,0.11,2.02,0.11,-1.79,1.89,True,10:10,2319.11,16:00,2323.34,session,-6.02,0.60,-6.62,LOSS
2024-06-25,XAUUSD,B,C1,SHORT,2330.92,2330.97,2330.58,0.39,-0.05,STRADDLE,10:00,2330.58,7.82,0.39,,,,False,,,16:00,2324.14,session,6.43,0.30,6.13,WIN
2024-06-26,XAUUSD,B,C1,SHORT,2319.99,2320.16,2319.36,0.80,-0.18,STRADDLE,10:00,2319.36,0.52,2.39,0.52,-2.38,2.89,True,10:10,2321.74,16:00,2310.99,session,-13.12,0.60,-13.72,LOSS
2024-06-27,XAUUSD,B,C1,LONG,2298.34,2298.45,2298.44,0.01,0.10,ABOVE,10:00,2298.45,1.76,0.36,1.76,-0.16,1.92,True,10:45,2298.29,16:00,2298.72,session,-0.59,0.60,-1.19,LOSS
2024-06-28,XAUUSD,B,C1,SHORT,2327.87,2327.76,2327.32,0.45,0.11,BELOW,10:00,2327.32,8.21,1.08,,,,False,,,16:00,2325.72,session,1.60,0.30,1.30,WIN
2024-07-01,XAUUSD,B,C1,SHORT,2325.72,2325.05,2323.43,1.61,0.67,BELOW,10:00,2323.43,1.18,1.97,1.18,-1.78,2.96,True,10:35,2325.22,16:00,2322.78,session,-4.23,0.60,-4.83,LOSS
2024-07-02,XAUUSD,B,C1,LONG,2332.34,2333.51,2332.36,1.14,0.03,ABOVE,10:00,2333.51,0.44,1.64,0.44,-1.23,1.67,True,10:35,2332.28,16:00,2331.05,session,-0.01,0.60,-0.61,LOSS
2024-07-03,XAUUSD,B,C1,LONG,2330.23,2330.92,2330.32,0.61,0.09,ABOVE,10:00,2330.92,1.30,0.62,1.30,-0.62,1.92,True,10:55,2330.30,16:00,2333.99,session,-4.32,0.60,-4.92,LOSS
2024-07-04,XAUUSD,B,C1,SHORT,2358.75,2358.93,2357.72,1.21,-0.18,STRADDLE,10:00,2357.72,1.17,1.53,1.17,-1.44,2.61,True,10:50,2359.16,16:00,2356.41,session,-4.19,0.60,-4.79,LOSS
2024-07-05,XAUUSD,B,C1,SHORT,2357.13,2356.84,2356.17,0.67,0.29,BELOW,10:00,2356.17,0.02,0.90,0.02,-0.87,0.89,True,10:05,2357.04,16:00,2365.49,session,7.59,0.60,6.99,WIN
2024-07-08,XAUUSD,B,C1,SHORT,2386.47,2386.17,2384.70,1.47,0.30,BELOW,10:00,2384.70,0.02,2.07,0.02,-2.06,2.08,True,10:15,2386.76,16:00,2381.38,session,-7.45,0.60,-8.05,LOSS
2024-07-09,XAUUSD,B,C1,LONG,2361.65,2362.53,2361.86,0.67,0.21,ABOVE,10:00,2362.53,1.22,1.53,1.22,-1.47,2.68,True,10:30,2361.07,16:00,2364.91,session,-5.31,0.60,-5.91,LOSS
2024-07-10,XAUUSD,B,C1,LONG,2365.14,2365.61,2365.09,0.52,-0.47,STRADDLE,10:00,2365.61,0.37,0.59,0.37,-0.55,0.92,True,10:05,2365.06,16:00,2368.85,session,-4.34,0.60,-4.94,LOSS
2024-07-11,XAUUSD,B,C1,SHORT,2372.69,2372.89,2372.47,0.41,-0.20,STRADDLE,10:00,2372.47,0.93,0.82,0.93,-0.49,1.42,True,10:30,2372.96,16:00,2382.16,session,8.71,0.60,8.11,WIN
2024-07-12,XAUUSD,B,C1,SHORT,2414.66,2416.07,2413.35,2.72,-1.41,STRADDLE,10:00,2413.35,7.85,0.96,,,,False,,,16:00,2406.47,session,6.88,0.30,6.58,WIN
2024-07-15,XAUUSD,B,C1,SHORT,2407.44,2408.80,2407.32,1.48,-1.36,STRADDLE,10:00,2407.32,2.33,2.60,2.33,-2.21,4.55,True,11:50,2409.53,16:00,2408.05,session,-3.70,0.60,-4.30,LOSS
2024-07-16,XAUUSD,B,C1,SHORT,2421.93,2422.62,2420.87,1.76,-0.70,STRADDLE,10:00,2420.87,0.79,2.39,0.79,-1.98,2.77,True,11:00,2422.85,16:00,2430.34,session,5.51,0.60,4.91,WIN
2024-07-17,XAUUSD,B,C1,SHORT,2467.94,2468.36,2467.76,0.61,-0.42,STRADDLE,10:00,2467.76,1.45,1.54,1.45,-1.20,2.66,True,10:30,2468.96,16:00,2466.12,session,-4.05,0.60,-4.65,LOSS
2024-07-18,XAUUSD,B,C1,SHORT,2461.61,2461.45,2459.08,2.38,0.16,BELOW,10:00,2459.08,1.62,3.86,1.62,-3.64,5.26,True,11:10,2462.72,16:00,2465.74,session,-0.61,0.60,-1.21,LOSS
2024-07-19,XAUUSD,B,C1,SHORT,2443.76,2441.38,2431.36,10.03,2.38,BELOW,10:00,2431.36,10.78,3.86,,,,False,,,16:00,2421.80,session,9.56,0.30,9.26,WIN
2024-07-22,XAUUSD,B,C1,SHORT,2411.30,2411.60,2409.97,1.62,-0.30,STRADDLE,10:00,2409.97,4.18,2.28,4.18,-1.92,6.11,True,11:30,2411.89,16:00,2404.68,session,-9.14,0.60,-9.74,LOSS
2024-07-23,XAUUSD,B,C1,LONG,2395.86,2396.93,2395.81,1.12,-1.07,STRADDLE,10:00,2396.93,7.09,1.91,7.09,-1.25,8.34,True,15:00,2395.68,16:00,2391.97,session,2.46,0.60,1.86,WIN
2024-07-24,XAUUSD,B,C1,LONG,2408.86,2409.49,2408.68,0.81,-0.62,STRADDLE,10:00,2409.49,0.81,1.42,0.81,-1.12,1.93,True,10:55,2408.36,16:00,2417.07,session,-9.84,0.60,-10.44,LOSS
2024-07-25,XAUUSD,B,C1,SHORT,2399.61,2398.89,2398.07,0.82,0.72,BELOW,10:00,2398.07,31.21,2.08,,,,False,,,16:00,2376.74,session,21.33,0.30,21.03,WIN
2024-07-26,XAUUSD,B,C1,LONG,2363.72,2364.73,2363.86,0.88,0.14,ABOVE,10:00,2364.73,0.72,1.29,0.72,-1.01,1.74,True,10:25,2363.72,16:00,2372.59,session,-9.89,0.60,-10.49,LOSS
2024-07-30,XAUUSD,B,C1,LONG,2382.11,2383.01,2381.28,1.72,-0.89,STRADDLE,10:00,2383.01,0.22,1.95,0.22,-1.75,1.97,True,10:10,2381.26,16:00,2389.50,session,-9.99,0.60,-10.59,LOSS
2024-07-31,XAUUSD,B,C1,SHORT,2409.36,2409.91,2408.95,0.96,-0.55,STRADDLE,10:00,2408.95,5.01,3.37,5.01,-2.26,7.26,True,11:40,2411.20,16:00,2417.87,session,4.41,0.60,3.81,WIN
2024-08-01,XAUUSD,B,C1,LONG,2445.39,2446.07,2445.84,0.24,0.45,ABOVE,10:00,2446.07,0.95,0.74,0.95,-0.57,1.52,True,10:20,2445.50,16:00,2447.62,session,-2.69,0.60,-3.29,LOSS
2024-08-02,XAUUSD,B,C1,SHORT,2445.46,2446.00,2444.82,1.18,-0.54,STRADDLE,10:00,2444.82,0.28,2.59,0.28,-2.22,2.50,True,10:15,2447.03,16:00,2462.98,session,13.73,0.60,13.13,WIN
2024-08-05,XAUUSD,B,C1,SHORT,2439.55,2441.16,2437.28,3.88,-1.61,STRADDLE,10:00,2437.28,23.49,8.95,23.49,-7.91,31.41,True,12:50,2445.20,16:00,2431.58,session,-21.53,0.60,-22.13,LOSS
2024-08-06,XAUUSD,B,C1,LONG,2406.15,2407.49,2404.93,2.56,-1.34,STRADDLE,10:00,2407.49,10.93,5.38,10.93,-5.07,16.01,True,15:45,2402.42,16:00,2398.93,session,-1.58,0.60,-2.18,LOSS
2024-08-08,XAUUSD,B,C1,SHORT,2384.86,2384.90,2383.80,1.11,-0.04,STRADDLE,10:00,2383.80,0.51,2.88,0.51,-2.37,2.88,True,10:20,2386.16,16:00,2393.72,session,5.19,0.60,4.59,WIN
2024-08-09,XAUUSD,B,C1,LONG,2423.34,2425.12,2424.66,0.47,1.32,ABOVE,10:00,2425.12,0.07,1.57,0.07,-1.57,1.64,True,10:05,2423.56,16:00,2419.14,session,2.85,0.60,2.25,WIN
2024-08-12,XAUUSD,B,C1,SHORT,2428.01,2428.05,2427.34,0.70,-0.03,STRADDLE,10:00,2427.34,0.11,1.22,0.11,-0.88,0.98,True,10:05,2428.22,16:00,2435.26,session,6.17,0.60,5.57,WIN
2024-08-13,XAUUSD,B,C1,LONG,2474.41,2475.93,2475.57,0.36,1.16,ABOVE,10:00,2475.93,1.03,0.86,1.03,-0.67,1.70,True,10:15,2475.26,16:00,2463.03,session,11.56,0.60,10.96,WIN
2024-08-14,XAUUSD,B,C1,LONG,2463.73,2464.28,2464.24,0.04,0.51,ABOVE,10:00,2464.28,8.37,1.76,8.37,-0.91,9.29,True,12:00,2463.37,16:00,2461.95,session,0.51,0.60,-0.09,LOSS
2024-08-15,XAUUSD,B,C1,LONG,2448.51,2449.52,2449.50,0.02,0.99,ABOVE,10:00,2449.52,0.47,0.92,0.47,-0.34,0.81,True,10:20,2449.18,16:00,2453.72,session,-4.88,0.60,-5.47,LOSS
2024-08-16,XAUUSD,B,C1,LONG,2457.82,2457.89,2457.39,0.50,-0.07,STRADDLE,10:00,2457.89,2.26,1.97,2.26,-1.50,3.76,True,11:30,2456.39,16:00,2457.32,session,-2.43,0.60,-3.03,LOSS
2024-08-19,XAUUSD,B,C1,SHORT,2505.74,2506.54,2505.67,0.87,-0.80,STRADDLE,10:00,2505.67,0.47,1.13,0.47,-0.92,1.39,True,10:10,2506.59,16:00,2501.20,session,-6.31,0.60,-6.91,LOSS
2024-08-20,XAUUSD,B,C1,LONG,2503.36,2504.47,2503.73,0.74,0.38,ABOVE,10:00,2504.47,3.80,2.67,3.80,-1.46,5.26,True,11:10,2503.01,16:00,2500.57,session,0.99,0.60,0.39,WIN
2024-08-22,XAUUSD,B,C1,LONG,2513.15,2513.31,2512.88,0.43,-0.16,STRADDLE,10:00,2513.31,0.00,1.00,0.00,-0.95,0.95,True,10:05,2512.36,16:00,2505.36,session,6.06,0.60,5.46,WIN
2024-08-28,XAUUSD,B,C1,SHORT,2526.28,2525.37,2524.74,0.63,0.91,BELOW,10:00,2524.74,21.41,1.19,,,,False,,,16:00,2504.72,session,20.02,0.30,19.72,WIN
2024-08-29,XAUUSD,B,C1,LONG,2507.82,2509.95,2508.22,1.73,0.40,ABOVE,10:00,2509.95,10.09,0.75,,,,False,,,16:00,2518.55,session,8.61,0.30,8.31,WIN
2024-08-30,XAUUSD,B,C1,SHORT,2519.49,2519.68,2518.61,1.08,-0.20,STRADDLE,10:00,2518.61,6.35,1.59,,,,False,,,16:00,2513.74,session,4.86,0.30,4.56,WIN
2024-09-04,XAUUSD,B,C1,LONG,2493.82,2494.42,2493.35,1.07,-0.60,STRADDLE,10:00,2494.42,0.09,1.56,0.09,-1.23,1.32,True,10:10,2493.19,16:00,2492.79,session,-0.83,0.60,-1.43,LOSS
2024-09-05,XAUUSD,B,C1,LONG,2495.37,2496.57,2495.98,0.59,0.61,ABOVE,10:00,2496.57,0.04,1.14,0.04,-1.00,1.04,True,10:05,2495.57,16:00,2501.36,session,-6.78,0.60,-7.38,LOSS
2024-09-09,XAUUSD,B,C1,LONG,2496.43,2497.95,2497.01,0.94,0.59,ABOVE,10:00,2497.95,0.29,1.32,0.29,-1.16,1.45,True,10:20,2496.80,16:00,2489.55,session,6.08,0.60,5.48,WIN
2024-09-11,XAUUSD,B,C1,LONG,2517.86,2518.78,2518.69,0.09,0.84,ABOVE,10:00,2518.78,0.10,1.12,0.10,-0.52,0.62,True,10:05,2518.26,16:00,2522.10,session,-4.36,0.60,-4.96,LOSS
2024-09-12,XAUUSD,B,C1,SHORT,2511.93,2512.01,2511.86,0.15,-0.08,STRADDLE,10:00,2511.86,0.10,0.62,0.10,-0.42,0.52,True,10:05,2512.28,16:00,2520.47,session,7.76,0.60,7.16,WIN
2024-09-13,XAUUSD,B,C1,SHORT,2557.41,2558.57,2557.05,1.52,-1.16,STRADDLE,10:00,2557.05,0.20,2.15,0.20,-2.05,2.25,True,10:15,2559.10,16:00,2566.51,session,5.37,0.60,4.77,WIN
2024-09-17,XAUUSD,B,C1,LONG,2583.71,2584.18,2583.78,0.40,0.07,ABOVE,10:00,2584.18,0.24,0.55,0.24,-0.51,0.75,True,10:05,2583.68,16:00,2581.44,session,1.73,0.60,1.13,WIN
2024-09-18,XAUUSD,B,C1,LONG,2573.84,2574.21,2574.09,0.12,0.26,ABOVE,10:00,2574.21,0.24,0.52,0.24,-0.32,0.57,True,10:05,2573.89,16:00,2568.64,session,4.93,0.60,4.33,WIN
2024-09-23,XAUUSD,B,C1,SHORT,2620.89,2620.28,2619.45,0.83,0.61,BELOW,10:00,2619.45,3.28,1.64,3.28,-1.64,4.91,True,11:35,2621.09,16:00,2629.01,session,6.28,0.60,5.68,WIN
2024-09-24,XAUUSD,B,C1,SHORT,2626.16,2626.43,2625.20,1.23,-0.27,STRADDLE,10:00,2625.20,1.33,1.82,1.33,-1.65,2.98,True,11:00,2626.85,16:00,2627.07,session,-1.43,0.60,-2.03,LOSS
2024-09-25,XAUUSD,B,C1,SHORT,2658.52,2658.32,2657.59,0.73,0.20,BELOW,10:00,2657.59,0.32,1.05,0.32,-0.77,1.09,True,10:10,2658.36,16:00,2659.24,session,0.10,0.60,-0.50,LOSS
2024-09-27,XAUUSD,B,C1,SHORT,2672.59,2672.68,2671.30,1.38,-0.09,STRADDLE,10:00,2671.30,5.01,1.86,5.01,-1.46,6.47,True,13:35,2672.76,16:00,2666.53,session,-7.69,0.60,-8.29,LOSS
2024-09-30,XAUUSD,B,C1,LONG,2664.30,2665.09,2663.66,1.44,-0.79,STRADDLE,10:00,2665.09,0.96,2.34,0.96,-1.85,2.81,True,10:20,2663.24,16:00,2658.47,session,2.93,0.60,2.33,WIN
2024-10-01,XAUUSD,B,C1,LONG,2635.35,2636.02,2635.85,0.17,0.50,ABOVE,10:00,2636.02,0.79,1.38,0.79,-1.30,2.09,True,10:35,2634.72,16:00,2643.51,session,-10.09,0.60,-10.69,LOSS
2024-10-02,XAUUSD,B,C1,SHORT,2660.74,2660.41,2660.09,0.32,0.32,BELOW,10:00,2660.09,3.70,0.76,3.70,-0.68,4.38,True,11:45,2660.77,16:00,2648.14,session,-13.30,0.60,-13.90,LOSS
2024-10-03,XAUUSD,B,C1,LONG,2660.45,2660.85,2660.39,0.46,-0.39,STRADDLE,10:00,2660.85,2.16,1.54,2.16,-1.46,3.62,True,10:10,2659.39,16:00,2652.43,session,5.50,0.60,4.90,WIN
2024-10-04,XAUUSD,B,C1,LONG,2655.33,2656.14,2655.89,0.24,0.57,ABOVE,10:00,2656.14,11.73,0.58,,,,False,,,16:00,2667.03,session,10.89,0.30,10.59,WIN
2024-10-07,XAUUSD,B,C1,SHORT,2650.79,2650.88,2650.25,0.62,-0.09,STRADDLE,10:00,2650.25,0.07,0.99,0.07,-0.89,0.96,True,10:10,2651.14,16:00,2646.75,session,-5.29,0.60,-5.89,LOSS
2024-10-09,XAUUSD,B,C1,LONG,2621.70,2622.67,2622.11,0.56,0.42,ABOVE,10:00,2622.67,1.16,0.69,1.16,-0.65,1.81,True,10:55,2622.02,16:00,2619.51,session,1.86,0.60,1.26,WIN
2024-10-11,XAUUSD,B,C1,LONG,2628.59,2629.34,2628.34,1.00,-0.74,STRADDLE,10:00,2629.34,16.80,0.14,,,,False,,,16:00,2645.66,session,16.33,0.30,16.03,WIN
2024-10-14,XAUUSD,B,C1,SHORT,2650.20,2650.41,2649.89,0.51,-0.21,STRADDLE,10:00,2649.89,6.65,0.97,6.65,-0.78,7.43,True,13:30,2650.68,16:00,2659.31,session,7.85,0.60,7.25,WIN
2024-10-15,XAUUSD,B,C1,LONG,2650.11,2650.43,2650.12,0.31,0.01,ABOVE,10:00,2650.43,0.59,0.98,0.59,-0.95,1.54,True,10:40,2649.48,16:00,2642.24,session,6.29,0.60,5.69,WIN
2024-10-16,XAUUSD,B,C1,SHORT,2662.57,2662.28,2662.01,0.27,0.29,BELOW,10:00,2662.01,0.66,0.61,0.66,-0.34,1.01,True,10:40,2662.36,16:00,2667.74,session,5.04,0.60,4.44,WIN
2024-10-18,XAUUSD,B,C1,SHORT,2693.27,2692.76,2692.53,0.22,0.51,BELOW,10:00,2692.53,0.00,0.71,0.00,-0.71,0.71,True,10:05,2693.24,16:00,2711.00,session,17.05,0.60,16.45,WIN
2024-10-21,XAUUSD,B,C1,LONG,2722.20,2724.07,2723.70,0.37,1.49,ABOVE,10:00,2724.07,0.37,0.62,0.37,-0.47,0.84,True,10:15,2723.60,16:00,2730.11,session,-6.98,0.60,-7.58,LOSS
2024-10-22,XAUUSD,B,C1,SHORT,2720.78,2720.78,2720.51,0.28,-0.01,STRADDLE,10:00,2720.51,0.00,0.47,0.00,-0.43,0.43,True,10:05,2720.93,16:00,2734.62,session,13.26,0.60,12.66,WIN
2024-10-24,XAUUSD,B,C1,LONG,2717.93,2719.30,2718.11,1.18,0.18,ABOVE,10:00,2719.30,7.95,1.37,,,,False,,,16:00,2727.09,session,7.80,0.30,7.50,WIN
2024-10-25,XAUUSD,B,C1,LONG,2735.05,2735.12,2734.69,0.43,-0.07,STRADDLE,10:00,2735.12,0.43,1.09,0.43,-1.09,1.52,True,10:45,2734.03,16:00,2728.32,session,4.63,0.60,4.03,WIN
2024-10-28,XAUUSD,B,C1,LONG,2732.72,2736.68,2734.66,2.02,1.93,ABOVE,10:00,2736.68,3.65,3.08,3.65,-2.85,6.50,True,11:05,2733.83,16:00,2733.31,session,-2.33,0.60,-2.93,LOSS
2024-10-30,XAUUSD,B,C1,SHORT,2774.93,2774.76,2774.24,0.53,0.17,BELOW,10:00,2774.24,0.71,1.02,0.71,-0.82,1.53,True,10:50,2775.05,16:00,2779.44,session,3.57,0.60,2.97,WIN
2024-10-31,XAUUSD,B,C1,LONG,2786.90,2787.88,2787.51,0.36,0.61,ABOVE,10:00,2787.88,0.28,0.62,0.28,-0.55,0.83,True,10:10,2787.33,16:00,2784.18,session,2.61,0.60,2.01,WIN
2025-03-10,XAUUSD,B,C1,LONG,2911.96,2912.74,2911.99,0.75,0.03,ABOVE,10:00,2912.74,5.64,2.93,5.64,-1.98,7.62,True,13:10,2910.76,16:00,2909.59,session,-0.81,0.60,-1.41,LOSS
2025-03-12,XAUUSD,B,C1,LONG,2915.47,2918.43,2917.79,0.64,2.32,ABOVE,10:00,2918.43,1.32,1.00,1.32,-0.84,2.16,True,10:10,2917.59,16:00,2913.74,session,3.00,0.60,2.40,WIN
2025-03-13,XAUUSD,B,C1,LONG,2937.78,2938.58,2938.22,0.36,0.43,ABOVE,10:00,2938.58,0.66,1.31,0.66,-1.18,1.84,True,10:05,2937.39,16:00,2944.63,session,-8.42,0.60,-9.02,LOSS
2025-03-14,XAUUSD,B,C1,SHORT,2987.20,2987.32,2986.39,0.93,-0.11,STRADDLE,10:00,2986.39,0.62,2.97,0.62,-2.61,3.22,True,10:25,2988.99,16:00,2985.41,session,-6.18,0.60,-6.78,LOSS
2025-03-17,XAUUSD,B,C1,LONG,2989.15,2989.48,2989.18,0.30,0.03,ABOVE,10:00,2989.48,4.76,1.14,4.76,-1.14,5.89,True,11:10,2988.34,16:00,2983.08,session,4.13,0.60,3.53,WIN
2025-03-18,XAUUSD,B,C1,LONG,3000.36,3000.97,3000.33,0.64,-0.61,STRADDLE,10:00,3000.97,1.92,1.31,1.92,-1.16,3.08,True,10:55,2999.81,16:00,3013.39,session,-14.74,0.60,-15.34,LOSS
2025-03-19,XAUUSD,B,C1,LONG,3034.04,3034.66,3034.53,0.12,0.49,ABOVE,10:00,3034.66,0.41,0.98,0.41,-0.98,1.39,True,10:10,3033.68,16:00,3037.36,session,-4.66,0.60,-5.26,LOSS
2025-03-20,XAUUSD,B,C1,SHORT,3049.45,3050.24,3049.30,0.93,-0.78,STRADDLE,10:00,3049.30,0.51,1.20,0.51,-1.20,1.71,True,10:20,3050.50,16:00,3052.41,session,0.72,0.60,0.12,WIN
2025-03-21,XAUUSD,B,C1,LONG,3045.11,3045.89,3045.84,0.05,0.72,ABOVE,10:00,3045.89,0.10,0.65,0.10,-0.65,0.75,True,10:05,3045.24,16:00,3029.61,session,14.97,0.60,14.37,WIN
2025-03-24,XAUUSD,B,C1,SHORT,3025.24,3025.68,3024.55,1.14,-0.44,STRADDLE,10:00,3024.55,1.16,1.86,1.16,-1.34,2.49,True,10:15,3025.88,16:00,3019.22,session,-8.00,0.60,-8.60,LOSS
2025-03-25,XAUUSD,B,C1,LONG,3010.17,3011.86,3011.51,0.35,1.34,ABOVE,10:00,3011.86,0.61,0.40,0.61,-0.38,0.98,True,10:10,3011.49,16:00,3017.42,session,-6.31,0.60,-6.91,LOSS
2025-03-26,XAUUSD,B,C1,LONG,3020.82,3021.47,3021.46,0.01,0.64,ABOVE,10:00,3021.47,0.21,0.28,0.21,-0.27,0.48,True,10:10,3021.20,16:00,3015.64,session,5.29,0.60,4.69,WIN
2025-03-27,XAUUSD,B,C1,SHORT,3020.01,3019.55,3018.78,0.76,0.47,BELOW,10:00,3018.78,1.12,1.03,1.12,-1.03,2.16,True,10:05,3019.82,16:00,3033.53,session,12.68,0.60,12.08,WIN
2025-03-28,XAUUSD,B,C1,SHORT,3055.93,3055.16,3054.51,0.65,0.77,BELOW,10:00,3054.51,0.27,0.80,0.27,-0.78,1.05,True,10:40,3055.28,16:00,3074.30,session,18.24,0.60,17.64,WIN
2025-03-31,XAUUSD,B,C1,SHORT,3089.57,3090.14,3088.78,1.36,-0.57,STRADDLE,10:00,3088.78,0.72,1.96,0.72,-1.48,2.20,True,10:10,3090.26,16:00,3108.39,session,16.65,0.60,16.05,WIN
2025-04-01,XAUUSD,B,C1,LONG,3123.47,3125.07,3122.89,2.18,-1.59,STRADDLE,10:00,3125.07,1.53,4.81,1.53,-4.76,6.30,True,10:50,3120.30,16:00,3143.88,session,-28.34,0.60,-28.94,LOSS
2025-04-02,XAUUSD,B,C1,LONG,3113.31,3113.73,3111.48,2.25,-0.42,STRADDLE,10:00,3113.73,22.07,2.38,,,,False,,,16:00,3116.89,session,3.16,0.30,2.86,WIN
2025-04-03,XAUUSD,B,C1,LONG,3144.70,3148.82,3145.99,2.82,1.30,ABOVE,10:00,3148.82,19.02,6.05,19.02,-6.05,25.07,True,11:15,3142.76,16:00,3140.43,session,-3.72,0.60,-4.32,LOSS
2025-04-04,XAUUSD,B,C1,SHORT,3112.99,3115.47,3112.56,2.91,-2.48,STRADDLE,10:00,3112.56,2.71,3.49,2.71,-3.28,5.99,True,10:45,3115.84,16:00,3103.30,session,-15.83,0.60,-16.43,LOSS
2025-04-08,XAUUSD,B,C1,LONG,2982.40,2983.62,2981.30,2.32,-1.22,STRADDLE,10:00,2983.62,24.80,2.16,,,,False,,,16:00,3005.39,session,21.78,0.30,21.48,WIN
2025-04-10,XAUUSD,B,C1,SHORT,3083.89,3086.80,3082.94,3.86,-2.91,STRADDLE,10:00,3082.94,0.39,4.73,0.39,-3.97,4.36,True,10:10,3086.91,16:00,3123.97,session,33.09,0.60,32.49,WIN
2025-04-11,XAUUSD,B,C1,SHORT,3188.86,3189.11,3186.88,2.22,-0.25,STRADDLE,10:00,3186.88,1.88,3.71,1.88,-3.24,5.11,True,10:10,3190.12,16:00,3195.78,session,2.43,0.60,1.83,WIN
2025-04-14,XAUUSD,B,C1,SHORT,3221.97,3223.86,3221.49,2.37,-1.88,STRADDLE,10:00,3221.49,0.00,3.66,0.00,-3.27,3.27,True,10:15,3224.76,16:00,3230.99,session,2.96,0.60,2.36,WIN
2025-04-15,XAUUSD,B,C1,SHORT,3213.91,3212.66,3211.34,1.32,1.26,BELOW,10:00,3211.34,0.49,2.92,0.49,-2.78,3.26,True,10:10,3214.12,16:00,3223.66,session,6.77,0.60,6.17,WIN
2025-04-16,XAUUSD,B,C1,LONG,3244.05,3258.99,3251.91,7.07,7.87,ABOVE,10:00,3258.99,32.95,5.72,,,,False,,,16:00,3287.07,session,28.09,0.30,27.79,WIN
2025-04-17,XAUUSD,B,C1,SHORT,3352.01,3350.27,3346.19,4.08,1.74,BELOW,10:00,3346.19,4.18,7.32,4.18,-6.87,11.05,True,11:10,3353.06,16:00,3326.47,session,-33.46,0.60,-34.06,LOSS
2025-04-21,XAUUSD,B,C1,LONG,3349.42,3353.70,3348.34,5.36,-4.28,STRADDLE,10:00,3353.70,33.36,1.34,,,,False,,,16:00,3385.68,session,31.98,0.30,31.68,WIN
2025-04-22,XAUUSD,B,C1,SHORT,3436.39,3434.53,3419.24,15.30,1.86,BELOW,10:00,3419.24,3.86,17.34,3.86,-16.77,20.63,True,11:15,3436.01,16:00,3490.03,session,37.26,0.60,36.66,WIN
2025-04-28,XAUUSD,B,C1,LONG,3302.11,3308.28,3302.80,5.48,0.69,ABOVE,10:00,3308.28,7.88,6.95,7.88,-6.37,14.25,True,11:15,3301.91,16:00,3292.91,session,2.64,0.60,2.04,WIN
2025-04-29,XAUUSD,B,C1,SHORT,3339.34,3337.66,3335.00,2.66,1.67,BELOW,10:00,3335.00,1.64,2.96,1.64,-2.78,4.43,True,10:10,3337.78,16:00,3310.32,session,-30.24,0.60,-30.84,LOSS
2025-04-30,XAUUSD,B,C1,LONG,3315.81,3321.33,3317.18,4.15,1.37,ABOVE,10:00,3321.33,6.83,5.19,6.83,-4.92,11.75,True,10:35,3316.41,16:00,3310.02,session,1.47,0.60,0.87,WIN
2025-05-02,XAUUSD,B,C1,LONG,3237.30,3240.12,3237.44,2.68,0.14,ABOVE,10:00,3240.12,4.34,8.24,4.34,-7.45,11.78,True,10:45,3232.68,16:00,3252.94,session,-27.71,0.60,-28.31,LOSS
2025-05-05,XAUUSD,B,C1,SHORT,3250.09,3248.16,3246.58,1.58,1.93,BELOW,10:00,3246.58,5.38,6.77,5.38,-6.74,12.12,True,11:00,3253.32,16:00,3257.63,session,-2.42,0.60,-3.02,LOSS
2025-05-06,XAUUSD,B,C1,SHORT,3334.46,3334.13,3332.28,1.85,0.33,BELOW,10:00,3332.28,9.53,18.15,9.53,-17.51,27.04,True,11:00,3349.80,16:00,3360.53,session,-6.78,0.60,-7.38,LOSS
2025-05-08,XAUUSD,B,C1,SHORT,3375.53,3376.52,3374.62,1.90,-0.99,STRADDLE,10:00,3374.62,0.78,4.20,0.78,-4.05,4.83,True,10:10,3378.67,16:00,3358.73,session,-23.99,0.60,-24.59,LOSS
2025-05-09,XAUUSD,B,C1,LONG,3316.16,3317.84,3316.47,1.37,0.30,ABOVE,10:00,3317.84,2.01,2.79,2.01,-2.19,4.20,True,10:05,3315.64,16:00,3323.17,session,-9.72,0.60,-10.32,LOSS
2025-05-14,XAUUSD,B,C1,SHORT,3254.82,3254.44,3249.14,5.30,0.38,BELOW,10:00,3249.14,27.58,2.76,,,,False,,,16:00,3233.58,session,15.57,0.30,15.27,WIN
2025-05-15,XAUUSD,B,C1,SHORT,3186.14,3186.16,3182.41,3.74,-0.01,STRADDLE,10:00,3182.41,2.11,4.88,2.11,-4.43,6.54,True,10:50,3186.84,16:00,3125.43,session,-65.84,0.60,-66.44,LOSS
2025-05-16,XAUUSD,B,C1,LONG,3238.26,3240.89,3237.26,3.64,-2.64,STRADDLE,10:00,3240.89,1.53,7.51,1.53,-3.84,5.37,True,10:20,3237.05,16:00,3222.38,session,10.84,0.60,10.24,WIN
2025-05-19,XAUUSD,B,C1,LONG,3227.36,3236.66,3235.03,1.63,7.66,ABOVE,10:00,3236.66,13.19,5.52,13.19,-3.07,16.26,True,11:10,3233.59,16:00,3224.43,session,6.09,0.60,5.49,WIN
2025-05-20,XAUUSD,B,C1,LONG,3223.46,3223.91,3222.74,1.17,-0.45,STRADDLE,10:00,3223.91,0.24,3.47,0.24,-3.46,3.70,True,10:10,3220.45,16:00,3211.08,session,5.91,0.60,5.31,WIN
2025-05-21,XAUUSD,B,C1,LONG,3291.91,3292.25,3290.63,1.62,-0.34,STRADDLE,10:00,3292.25,22.57,5.51,22.57,-4.90,27.47,True,11:20,3287.35,16:00,3313.55,session,-31.11,0.60,-31.71,LOSS
2025-05-22,XAUUSD,B,C1,LONG,3322.31,3322.68,3320.12,2.56,-0.37,STRADDLE,10:00,3322.68,22.79,3.07,,,,False,,,16:00,3334.99,session,12.31,0.30,12.01,WIN
2025-05-23,XAUUSD,B,C1,SHORT,3301.55,3300.22,3295.43,4.79,1.33,BELOW,10:00,3295.43,1.93,7.60,1.93,-7.50,9.43,True,10:15,3302.93,16:00,3329.28,session,18.86,0.60,18.26,WIN
2025-05-26,XAUUSD,B,C1,LONG,3344.02,3344.60,3342.72,1.88,-0.58,STRADDLE,10:00,3344.60,1.68,4.10,1.68,-2.57,4.25,True,10:05,3342.03,16:00,3346.35,session,-6.89,0.60,-7.49,LOSS
2025-05-27,XAUUSD,B,C1,SHORT,3346.44,3346.20,3345.41,0.79,0.24,BELOW,10:00,3345.41,0.13,2.12,0.13,-1.91,2.05,True,10:05,3347.33,16:00,3323.65,session,-25.60,0.60,-26.20,LOSS
2025-05-28,XAUUSD,B,C1,LONG,3309.63,3310.82,3309.53,1.29,-1.19,STRADDLE,10:00,3310.82,5.06,2.57,5.06,-2.22,7.28,True,10:55,3308.61,16:00,3304.43,session,1.96,0.60,1.36,WIN
2025-05-29,XAUUSD,B,C1,LONG,3259.05,3262.92,3259.93,2.99,0.88,ABOVE,10:00,3262.92,2.08,9.05,2.08,-4.53,6.61,True,10:15,3258.39,16:00,3274.38,session,-20.53,0.60,-21.13,LOSS
2025-05-30,XAUUSD,B,C1,LONG,3314.32,3318.20,3315.57,2.64,1.25,ABOVE,10:00,3318.20,0.74,4.57,0.74,-3.82,4.56,True,10:10,3314.39,16:00,3301.76,session,8.81,0.60,8.21,WIN
2025-06-02,XAUUSD,B,C1,LONG,3311.68,3311.69,3310.22,1.47,-0.01,STRADDLE,10:00,3311.69,3.38,5.30,3.38,-5.04,8.41,True,10:35,3306.65,16:00,3326.32,session,-24.71,0.60,-25.31,LOSS
2025-06-03,XAUUSD,B,C1,SHORT,3386.38,3387.49,3384.72,2.77,-1.12,STRADDLE,10:00,3384.72,28.37,0.00,,,,False,,,16:00,3365.28,session,19.44,0.30,19.14,WIN
2025-06-04,XAUUSD,B,C1,SHORT,3359.64,3360.07,3356.28,3.78,-0.43,STRADDLE,10:00,3356.28,9.75,5.41,9.75,-5.14,14.90,True,11:15,3361.43,16:00,3352.57,session,-14.00,0.60,-14.60,LOSS
2025-06-05,XAUUSD,B,C1,SHORT,3375.64,3378.21,3374.72,3.49,-2.57,STRADDLE,10:00,3374.72,0.16,3.63,0.16,-3.62,3.79,True,10:10,3378.34,16:00,3365.26,session,-16.70,0.60,-17.30,LOSS
2025-06-06,XAUUSD,B,C1,LONG,3361.58,3363.73,3361.91,1.82,0.33,ABOVE,10:00,3363.73,0.43,2.34,0.43,-1.99,2.41,True,10:35,3361.74,16:00,3364.78,session,-5.02,0.60,-5.62,LOSS
2025-06-10,XAUUSD,B,C1,SHORT,3325.68,3326.88,3321.63,5.24,-1.20,STRADDLE,10:00,3321.63,19.62,3.71,,,,False,,,16:00,3317.53,session,4.10,0.30,3.80,WIN
2025-06-11,XAUUSD,B,C1,SHORT,3326.15,3328.01,3325.45,2.56,-1.86,STRADDLE,10:00,3325.45,0.00,3.33,0.00,-2.61,2.61,True,10:05,3328.06,16:00,3338.56,session,7.89,0.60,7.29,WIN
2025-06-13,XAUUSD,B,C1,LONG,3389.91,3400.94,3395.86,5.09,5.94,ABOVE,10:00,3400.94,43.55,1.56,,,,False,,,16:00,3425.84,session,24.90,0.30,24.60,WIN
2025-06-16,XAUUSD,B,C1,SHORT,3443.33,3444.22,3439.82,4.40,-0.89,STRADDLE,10:00,3439.82,0.49,5.82,0.49,-4.49,4.97,True,10:05,3444.30,16:00,3418.96,session,-29.83,0.60,-30.43,LOSS
2025-06-18,XAUUSD,B,C1,SHORT,3385.93,3387.43,3385.74,1.69,-1.49,STRADDLE,10:00,3385.74,2.67,3.23,2.67,-1.78,4.45,True,10:45,3387.51,16:00,3385.01,session,-4.28,0.60,-4.88,LOSS
2025-06-19,XAUUSD,B,C1,LONG,3375.80,3376.37,3375.22,1.15,-0.57,STRADDLE,10:00,3376.37,11.81,1.76,11.81,-1.48,13.29,True,11:55,3374.89,16:00,3358.99,session,14.42,0.60,13.82,WIN
2025-06-20,XAUUSD,B,C1,LONG,3368.75,3369.22,3368.87,0.35,0.12,ABOVE,10:00,3369.22,0.29,1.03,0.29,-0.88,1.18,True,10:05,3368.34,16:00,3346.05,session,21.40,0.60,20.80,WIN
2025-06-23,XAUUSD,B,C1,SHORT,3372.48,3372.82,3370.32,2.50,-0.34,STRADDLE,10:00,3370.32,23.29,2.14,,,,False,,,16:00,3359.68,session,10.64,0.30,10.34,WIN
2025-06-24,XAUUSD,B,C1,SHORT,3347.80,3344.49,3335.88,8.61,3.31,BELOW,10:00,3335.88,1.01,9.24,1.01,-9.07,10.08,True,10:10,3344.94,16:00,3331.11,session,-22.90,0.60,-23.50,LOSS
2025-06-25,XAUUSD,B,C1,LONG,3324.61,3325.24,3324.21,1.03,-0.62,STRADDLE,10:00,3325.24,10.10,0.93,,,,False,,,16:00,3332.93,session,7.69,0.30,7.39,WIN
2025-06-26,XAUUSD,B,C1,SHORT,3337.89,3339.18,3335.30,3.88,-1.29,STRADDLE,10:00,3335.30,6.00,4.91,6.00,-4.71,10.71,True,12:40,3340.01,16:00,3333.34,session,-11.38,0.60,-11.98,LOSS
2025-06-27,XAUUSD,B,C1,SHORT,3320.43,3318.73,3316.64,2.09,1.70,BELOW,10:00,3316.64,3.34,2.40,3.34,-2.34,5.68,True,10:55,3318.98,16:00,3298.92,session,-22.40,0.60,-23.00,LOSS
2025-07-01,XAUUSD,B,C1,SHORT,3311.89,3312.53,3311.86,0.68,-0.64,STRADDLE,10:00,3311.86,1.83,1.01,1.83,-0.79,2.62,True,10:15,3312.64,16:00,3328.51,session,15.08,0.60,14.48,WIN
2025-07-02,XAUUSD,B,C1,SHORT,3338.40,3338.21,3337.01,1.20,0.19,BELOW,10:00,3337.01,2.11,6.06,2.11,-5.55,7.65,True,10:05,3342.56,16:00,3337.15,session,-10.95,0.60,-11.55,LOSS
2025-07-03,XAUUSD,B,C1,SHORT,3350.63,3349.51,3346.14,3.38,1.12,BELOW,10:00,3346.14,4.12,3.90,4.12,-3.83,7.95,True,12:45,3349.97,16:00,3363.61,session,9.82,0.60,9.22,WIN
2025-07-04,XAUUSD,B,C1,SHORT,3331.84,3330.99,3329.72,1.28,0.85,BELOW,10:00,3329.72,3.79,3.02,3.79,-2.89,6.68,True,11:15,3332.61,16:00,3341.31,session,5.80,0.60,5.20,WIN
2025-07-07,XAUUSD,B,C1,SHORT,3326.68,3328.95,3326.61,2.33,-2.27,STRADDLE,10:00,3326.61,21.37,1.25,,,,False,,,16:00,3314.28,session,12.33,0.30,12.03,WIN
2025-07-09,XAUUSD,B,C1,LONG,3300.94,3306.38,3302.36,4.02,1.41,ABOVE,10:00,3306.38,1.61,6.97,1.61,-6.26,7.87,True,11:45,3300.12,16:00,3289.89,session,3.97,0.60,3.37,WIN
2025-07-11,XAUUSD,B,C1,LONG,3326.45,3326.57,3323.78,2.79,-0.11,STRADDLE,10:00,3326.57,15.24,1.63,,,,False,,,16:00,3333.74,session,7.18,0.30,6.88,WIN
2025-07-14,XAUUSD,B,C1,SHORT,3368.28,3367.74,3366.03,1.71,0.54,BELOW,10:00,3366.03,1.09,2.39,1.09,-2.24,3.33,True,10:10,3368.26,16:00,3357.71,session,-12.79,0.60,-13.39,LOSS
2025-07-15,XAUUSD,B,C1,LONG,3345.76,3346.45,3345.32,1.13,-0.69,STRADDLE,10:00,3346.45,18.85,0.67,,,,False,,,16:00,3360.24,session,13.79,0.30,13.49,WIN
2025-07-16,XAUUSD,B,C1,SHORT,3330.80,3331.11,3330.09,1.02,-0.30,STRADDLE,10:00,3330.09,1.11,1.36,1.11,-1.27,2.38,True,10:20,3331.36,16:00,3339.45,session,6.83,0.60,6.23,WIN
2025-07-17,XAUUSD,B,C1,SHORT,3346.07,3346.54,3345.88,0.66,-0.47,STRADDLE,10:00,3345.88,9.84,0.22,,,,False,,,16:00,3337.53,session,8.35,0.30,8.05,WIN
2025-07-18,XAUUSD,B,C1,SHORT,3341.64,3340.34,3340.15,0.18,1.30,BELOW,10:00,3340.15,0.68,1.28,0.68,-0.70,1.38,True,10:10,3340.85,16:00,3332.57,session,-8.98,0.60,-9.58,LOSS
2025-07-22,XAUUSD,B,C1,SHORT,3395.89,3396.51,3391.93,4.58,-0.62,STRADDLE,10:00,3391.93,7.35,5.87,,,,False,,,16:00,3386.85,session,5.08,0.30,4.78,WIN
2025-07-23,XAUUSD,B,C1,LONG,3427.49,3430.97,3427.26,3.70,-3.48,STRADDLE,10:00,3430.97,8.07,6.35,8.07,-6.29,14.36,True,11:00,3424.68,16:00,3422.08,session,-3.70,0.60,-4.30,LOSS
2025-07-24,XAUUSD,B,C1,LONG,3390.82,3392.22,3390.16,2.05,-1.39,STRADDLE,10:00,3392.22,1.15,2.96,1.15,-2.61,3.76,True,10:05,3389.61,16:00,3378.16,session,8.85,0.60,8.25,WIN
2025-07-28,XAUUSD,B,C1,LONG,3332.43,3334.86,3333.68,1.18,1.25,ABOVE,10:00,3334.86,0.90,2.03,0.90,-2.03,2.93,True,10:15,3332.84,16:00,3341.57,session,-10.76,0.60,-11.36,LOSS
2025-07-29,XAUUSD,B,C1,LONG,3313.49,3313.95,3312.65,1.30,-0.47,STRADDLE,10:00,3313.95,1.41,4.10,1.41,-3.53,4.93,True,10:05,3310.43,16:00,3317.76,session,-10.86,0.60,-11.46,LOSS
2025-07-30,XAUUSD,B,C1,LONG,3326.95,3330.12,3327.57,2.55,0.62,ABOVE,10:00,3330.12,3.64,5.65,3.64,-5.44,9.09,True,11:35,3324.68,16:00,3325.01,session,-5.77,0.60,-6.37,LOSS
2025-07-31,XAUUSD,B,C1,LONG,3282.11,3287.51,3285.41,2.11,3.30,ABOVE,10:00,3287.51,0.00,4.14,0.00,-2.63,2.63,True,10:05,3284.89,16:00,3299.69,session,-17.43,0.60,-18.03,LOSS
2025-08-01,XAUUSD,B,C1,SHORT,3290.77,3288.59,3287.82,0.76,2.18,BELOW,10:00,3287.82,1.21,2.30,1.21,-0.99,2.20,True,10:25,3288.81,16:00,3296.95,session,7.15,0.60,6.55,WIN
2025-08-04,XAUUSD,B,C1,SHORT,3360.41,3362.20,3357.64,4.56,-1.80,STRADDLE,10:00,3357.64,12.64,4.61,,,,False,,,16:00,3355.91,session,1.74,0.30,1.44,WIN
2025-08-05,XAUUSD,B,C1,LONG,3378.20,3378.83,3377.40,1.43,-0.62,STRADDLE,10:00,3378.83,0.06,1.89,0.06,-1.82,1.88,True,10:05,3377.01,16:00,3371.91,session,3.28,0.60,2.68,WIN
2025-08-07,XAUUSD,B,C1,SHORT,3370.54,3370.22,3367.29,2.93,0.32,BELOW,10:00,3367.29,0.31,3.91,0.31,-3.71,4.02,True,10:15,3371.00,16:00,3376.82,session,2.11,0.60,1.51,WIN
2025-08-08,XAUUSD,B,C1,SHORT,3400.68,3400.64,3399.68,0.95,0.05,BELOW,10:00,3399.68,1.47,2.60,1.47,-1.57,3.05,True,10:05,3401.26,16:00,3395.08,session,-7.75,0.60,-8.35,LOSS
2025-08-11,XAUUSD,B,C1,SHORT,3393.76,3391.53,3388.64,2.89,2.23,BELOW,10:00,3388.64,21.09,3.18,,,,False,,,16:00,3374.36,session,14.28,0.30,13.98,WIN
2025-08-12,XAUUSD,B,C1,SHORT,3349.47,3349.12,3349.05,0.07,0.34,BELOW,10:00,3349.05,0.28,1.62,0.28,-1.39,1.66,True,10:05,3350.44,16:00,3351.30,session,-0.53,0.60,-1.13,LOSS
2025-08-13,XAUUSD,B,C1,SHORT,3350.84,3350.64,3349.49,1.16,0.19,BELOW,10:00,3349.49,6.85,2.60,6.85,-1.48,8.33,True,11:55,3350.97,16:00,3351.57,session,-0.89,0.60,-1.49,LOSS
2025-08-14,XAUUSD,B,C1,LONG,3362.90,3365.51,3362.95,2.57,0.05,ABOVE,10:00,3365.51,9.29,2.68,9.29,-2.65,11.94,True,12:55,3362.86,16:00,3356.74,session,3.46,0.60,2.86,WIN
2025-08-15,XAUUSD,B,C1,SHORT,3336.25,3335.51,3332.91,2.60,0.74,BELOW,10:00,3332.91,0.24,3.25,0.24,-3.01,3.25,True,10:25,3335.93,16:00,3343.10,session,4.16,0.60,3.56,WIN
2025-08-18,XAUUSD,B,C1,LONG,3327.76,3328.80,3327.16,1.64,-1.04,STRADDLE,10:00,3328.80,29.69,0.31,,,,False,,,16:00,3350.78,session,21.98,0.30,21.68,WIN
2025-08-19,XAUUSD,B,C1,SHORT,3331.66,3330.91,3329.32,1.59,0.74,BELOW,10:00,3329.32,0.07,4.35,0.07,-4.07,4.13,True,10:05,3333.39,16:00,3337.49,session,0.03,0.60,-0.57,LOSS
2025-08-20,XAUUSD,B,C1,SHORT,3315.20,3314.41,3313.88,0.53,0.79,BELOW,10:00,3313.88,0.53,1.30,0.53,-1.19,1.72,True,10:05,3315.07,16:00,3324.66,session,8.39,0.60,7.79,WIN
2025-08-21,XAUUSD,B,C1,SHORT,3346.72,3347.07,3345.47,1.60,-0.35,STRADDLE,10:00,3345.47,8.32,1.13,,,,False,,,16:00,3338.62,session,6.84,0.30,6.54,WIN
2025-08-22,XAUUSD,B,C1,SHORT,3339.24,3338.52,3337.07,1.45,0.72,BELOW,10:00,3337.07,1.88,2.20,1.88,-2.14,4.03,True,10:30,3339.21,16:00,3328.51,session,-12.85,0.60,-13.45,LOSS
2025-08-25,XAUUSD,B,C1,SHORT,3369.32,3369.14,3366.11,3.03,0.18,BELOW,10:00,3366.11,6.33,2.12,,,,False,,,16:00,3366.51,session,-0.40,0.30,-0.70,LOSS
2025-08-26,XAUUSD,B,C1,LONG,3352.93,3357.05,3354.99,2.07,2.06,ABOVE,10:00,3357.05,29.63,1.59,,,,False,,,16:00,3375.76,session,18.70,0.30,18.40,WIN
2025-08-27,XAUUSD,B,C1,SHORT,3391.19,3390.93,3390.89,0.04,0.26,BELOW,10:00,3390.89,0.52,1.18,0.52,-1.14,1.66,True,10:05,3392.04,16:00,3378.44,session,-14.74,0.60,-15.34,LOSS
2025-08-28,XAUUSD,B,C1,LONG,3395.78,3396.45,3395.76,0.69,-0.66,STRADDLE,10:00,3396.45,0.86,1.66,0.86,-1.39,2.25,True,10:05,3395.05,16:00,3391.32,session,2.35,0.60,1.75,WIN
2025-08-29,XAUUSD,B,C1,LONG,3415.41,3416.28,3414.81,1.47,-0.88,STRADDLE,10:00,3416.28,1.66,2.71,1.66,-2.69,4.35,True,10:20,3413.59,16:00,3412.72,session,-1.82,0.60,-2.42,LOSS
2025-09-01,XAUUSD,B,C1,SHORT,3446.45,3447.85,3444.55,3.30,-1.40,STRADDLE,10:00,3444.55,7.53,6.00,7.53,-3.94,11.47,True,11:45,3448.49,16:00,3478.76,session,26.33,0.60,25.73,WIN
2025-09-02,XAUUSD,B,C1,LONG,3480.69,3481.39,3479.18,2.20,-0.70,STRADDLE,10:00,3481.39,3.68,2.93,3.68,-2.33,6.01,True,10:45,3479.06,16:00,3492.82,session,-16.09,0.60,-16.69,LOSS
2025-09-03,XAUUSD,B,C1,SHORT,3528.85,3529.84,3528.39,1.44,-0.99,STRADDLE,10:00,3528.39,0.30,2.71,0.30,-1.99,2.28,True,10:05,3530.38,16:00,3533.01,session,0.64,0.60,0.04,WIN
2025-09-05,XAUUSD,B,C1,LONG,3552.51,3554.72,3552.76,1.96,0.26,ABOVE,10:00,3554.72,0.34,4.01,0.34,-2.76,3.10,True,10:05,3551.96,16:00,3556.62,session,-7.42,0.60,-8.02,LOSS
2025-09-08,XAUUSD,B,C1,SHORT,3591.61,3591.21,3587.72,3.49,0.39,BELOW,10:00,3587.72,0.72,5.16,0.72,-4.78,5.50,True,10:50,3592.51,16:00,3590.55,session,-6.74,0.60,-7.34,LOSS
2025-09-10,XAUUSD,B,C1,SHORT,3636.57,3633.70,3631.41,2.29,2.87,BELOW,10:00,3631.41,11.27,4.24,11.27,-2.83,14.10,True,12:10,3634.24,16:00,3641.52,session,4.45,0.60,3.85,WIN
2025-09-11,XAUUSD,B,C1,LONG,3644.36,3645.86,3645.01,0.86,0.65,ABOVE,10:00,3645.86,1.39,1.47,1.39,-1.41,2.80,True,10:30,3644.45,16:00,3626.55,session,16.50,0.60,15.90,WIN
2025-09-12,XAUUSD,B,C1,LONG,3633.09,3633.97,3632.03,1.93,-0.88,STRADDLE,10:00,3633.97,0.03,3.15,0.03,-2.57,2.60,True,10:25,3631.40,16:00,3653.66,session,-24.83,0.60,-25.43,LOSS
2025-09-15,XAUUSD,B,C1,SHORT,3637.84,3638.26,3636.10,2.16,-0.42,STRADDLE,10:00,3636.10,0.09,2.66,0.09,-2.50,2.59,True,10:05,3638.60,16:00,3642.11,session,1.01,0.60,0.41,WIN
2025-09-18,XAUUSD,B,C1,SHORT,3669.78,3669.05,3667.01,2.05,0.73,BELOW,10:00,3667.01,23.07,1.90,,,,False,,,16:00,3644.21,session,22.80,0.30,22.50,WIN
2025-09-19,XAUUSD,B,C1,LONG,3638.59,3641.90,3640.20,1.70,1.61,ABOVE,10:00,3641.90,0.11,2.42,0.11,-1.98,2.09,True,10:05,3639.92,16:00,3652.38,session,-14.43,0.60,-15.03,LOSS
2025-09-22,XAUUSD,B,C1,LONG,3687.05,3687.37,3686.27,1.10,-0.32,STRADDLE,10:00,3687.37,13.07,1.91,,,,False,,,16:00,3696.87,session,9.50,0.30,9.20,WIN
2025-09-24,XAUUSD,B,C1,SHORT,3763.18,3763.80,3760.76,3.04,-0.63,STRADDLE,10:00,3760.76,1.67,4.57,1.67,-4.31,5.98,True,10:20,3765.07,16:00,3774.94,session,5.56,0.60,4.96,WIN
2025-09-25,XAUUSD,B,C1,LONG,3743.46,3746.07,3743.01,3.05,-2.61,STRADDLE,10:00,3746.07,5.47,5.41,5.47,-4.68,10.15,True,11:10,3741.38,16:00,3738.84,session,-2.15,0.60,-2.75,LOSS
2025-09-26,XAUUSD,B,C1,LONG,3744.76,3747.22,3744.78,2.44,0.01,ABOVE,10:00,3747.22,0.80,7.14,0.80,-5.43,6.23,True,10:25,3741.79,16:00,3744.24,session,-7.88,0.60,-8.48,LOSS
2025-09-30,XAUUSD,B,C1,LONG,3830.05,3835.79,3832.97,2.82,2.91,ABOVE,10:00,3835.79,3.88,3.21,3.88,-2.90,6.78,True,10:05,3832.89,16:00,3868.25,session,-38.26,0.60,-38.86,LOSS
2025-10-01,XAUUSD,B,C1,LONG,3862.58,3864.60,3863.05,1.55,0.47,ABOVE,10:00,3864.60,0.78,3.34,0.78,-3.34,4.11,True,10:25,3861.26,16:00,3861.91,session,-3.98,0.60,-4.58,LOSS
2025-10-03,XAUUSD,B,C1,SHORT,3862.87,3862.27,3860.32,1.95,0.60,BELOW,10:00,3860.32,22.25,2.50,,,,False,,,16:00,3852.65,session,7.67,0.30,7.37,WIN
2025-10-06,XAUUSD,B,C1,LONG,3894.26,3918.51,3899.41,19.11,5.15,ABOVE,10:00,3918.51,22.32,19.48,,,,False,,,16:00,3939.68,session,21.17,0.30,20.87,WIN
2025-10-07,XAUUSD,B,C1,LONG,3961.57,3964.53,3963.55,0.99,1.97,ABOVE,10:00,3964.53,0.22,2.65,0.22,-1.39,1.62,True,10:05,3963.14,16:00,3972.43,session,-10.68,0.60,-11.28,LOSS
2025-10-08,XAUUSD,B,C1,LONG,3987.53,3990.64,3989.59,1.05,2.07,ABOVE,10:00,3990.64,1.53,2.05,1.53,-1.59,3.11,True,10:25,3989.05,16:00,4026.62,session,-39.16,0.60,-39.76,LOSS
2025-10-09,XAUUSD,B,C1,SHORT,4022.09,4021.51,4014.14,7.37,0.57,BELOW,10:00,4014.14,12.82,8.32,12.82,-7.66,20.47,True,11:15,4021.80,16:00,4038.07,session,8.60,0.60,8.00,WIN
2025-10-13,XAUUSD,B,C1,LONG,4036.67,4050.49,4042.49,8.00,5.82,ABOVE,10:00,4050.49,10.06,9.99,10.06,-8.67,18.73,True,10:30,4041.82,16:00,4061.55,session,-28.41,0.60,-29.01,LOSS
2025-10-14,XAUUSD,B,C1,LONG,4111.95,4115.22,4115.02,0.20,3.06,ABOVE,10:00,4115.22,1.89,1.40,1.89,-0.38,2.27,True,10:10,4114.85,16:00,4169.50,session,-55.03,0.60,-55.63,LOSS
2025-10-16,XAUUSD,B,C1,SHORT,4212.77,4213.07,4212.12,0.94,-0.30,STRADDLE,10:00,4212.12,7.28,3.67,7.28,-2.99,10.28,True,11:10,4215.12,16:00,4232.23,session,14.11,0.60,13.51,WIN
2025-10-20,XAUUSD,B,C1,SHORT,4262.23,4255.99,4254.83,1.16,6.24,BELOW,10:00,4254.83,35.72,10.15,35.72,-8.11,43.82,True,12:25,4262.94,16:00,4265.10,session,-5.94,0.60,-6.54,LOSS
2025-10-21,XAUUSD,B,C1,LONG,4367.52,4371.85,4367.65,4.20,0.13,ABOVE,10:00,4371.85,0.02,5.28,0.02,-4.48,4.51,True,10:05,4367.37,16:00,4340.52,session,22.36,0.60,21.76,WIN
2025-10-22,XAUUSD,B,C1,SHORT,4124.93,4123.50,4119.80,3.70,1.43,BELOW,10:00,4119.80,1.81,5.86,1.81,-5.52,7.34,True,10:05,4125.32,16:00,4133.36,session,2.52,0.60,1.92,WIN
2025-10-24,XAUUSD,B,C1,LONG,4116.98,4118.97,4116.35,2.62,-1.99,STRADDLE,10:00,4118.97,0.01,4.11,0.01,-3.85,3.86,True,10:05,4115.12,16:00,4116.98,session,-5.71,0.60,-6.31,LOSS
2025-10-27,XAUUSD,B,C1,LONG,4078.47,4083.22,4081.91,1.31,3.44,ABOVE,10:00,4083.22,5.42,4.77,5.42,-2.72,8.14,True,10:20,4080.50,16:00,4072.28,session,5.51,0.60,4.91,WIN
2025-10-28,XAUUSD,B,C1,SHORT,3990.21,3990.09,3987.18,2.92,0.12,BELOW,10:00,3987.18,3.93,5.93,3.93,-4.93,8.86,True,10:15,3992.11,16:00,3973.37,session,-23.68,0.60,-24.28,LOSS
2025-10-29,XAUUSD,B,C1,LONG,3939.64,3942.76,3934.16,8.59,-3.12,STRADDLE,10:00,3942.76,39.74,1.79,,,,False,,,16:00,3963.01,session,20.26,0.30,19.96,WIN
2026-03-11,XAUUSD,B,C1,LONG,5190.16,5190.92,5189.51,1.41,-0.76,STRADDLE,10:00,5190.92,7.38,4.04,7.38,-2.88,10.26,True,11:05,5188.04,16:00,5205.42,session,-20.26,0.60,-20.86,LOSS
2026-03-18,XAUUSD,B,C1,LONG,5000.27,5001.89,4999.91,1.98,-1.62,STRADDLE,10:00,5001.89,1.28,2.88,1.28,-2.59,3.86,True,10:10,4999.31,16:00,4985.19,session,11.53,0.60,10.93,WIN
2026-03-19,XAUUSD,B,C1,SHORT,4833.61,4834.66,4833.57,1.09,-1.05,STRADDLE,10:00,4833.57,5.12,3.45,5.12,-2.01,7.13,True,10:20,4835.58,16:00,4852.99,session,15.41,0.60,14.81,WIN
2026-03-25,XAUUSD,B,C1,SHORT,4476.24,4484.34,4474.91,9.43,-8.10,STRADDLE,10:00,4474.91,0.14,10.05,0.14,-9.80,9.93,True,10:10,4484.70,16:00,4569.30,session,74.80,0.60,74.20,WIN
2026-03-26,XAUUSD,B,C1,SHORT,4518.37,4517.93,4504.42,13.51,0.44,BELOW,10:00,4504.42,15.35,23.41,15.35,-23.41,38.76,True,11:10,4527.83,16:00,4518.47,session,-32.77,0.60,-33.37,LOSS
2026-03-27,XAUUSD,B,C1,SHORT,4408.29,4411.66,4402.45,9.20,-3.37,STRADDLE,10:00,4402.45,26.67,15.28,26.67,-14.57,41.24,True,12:35,4417.02,16:00,4443.10,session,11.51,0.60,10.91,WIN
2026-03-30,XAUUSD,B,C1,LONG,4487.75,4488.18,4484.48,3.70,-0.43,STRADDLE,10:00,4488.18,0.80,23.54,0.80,-10.02,10.81,True,10:05,4478.16,16:00,4499.35,session,-31.21,0.60,-31.81,LOSS
2026-03-31,XAUUSD,B,C1,SHORT,4512.37,4510.50,4502.80,7.70,1.87,BELOW,10:00,4502.80,9.98,12.81,9.98,-8.68,18.66,True,10:35,4511.48,16:00,4569.26,session,49.09,0.60,48.49,WIN
2026-04-06,XAUUSD,B,C1,LONG,4613.81,4623.35,4610.86,12.49,-9.55,STRADDLE,10:00,4623.35,5.85,22.24,5.85,-19.76,25.61,True,10:25,4603.59,16:00,4653.07,session,-69.24,0.60,-69.84,LOSS
2026-04-07,XAUUSD,B,C1,SHORT,4656.43,4658.93,4654.88,4.05,-2.49,STRADDLE,10:00,4654.88,4.06,6.01,4.06,-4.44,8.50,True,10:20,4659.32,16:00,4645.62,session,-18.13,0.60,-18.73,LOSS
2026-04-08,XAUUSD,B,C1,LONG,4812.22,4845.89,4833.61,12.28,21.39,ABOVE,10:00,4845.89,11.71,16.27,11.71,-12.65,24.36,True,10:15,4833.24,16:00,4830.76,session,-10.17,0.60,-10.77,LOSS
2026-04-09,XAUUSD,B,C1,SHORT,4717.78,4715.88,4705.78,10.10,1.90,BELOW,10:00,4705.78,6.93,12.79,6.93,-12.70,19.63,True,10:40,4718.48,16:00,4721.77,session,-9.41,0.60,-10.01,LOSS
2026-04-10,XAUUSD,B,C1,SHORT,4762.17,4763.69,4757.54,6.15,-1.52,STRADDLE,10:00,4757.54,7.01,9.93,7.01,-6.17,13.18,True,11:15,4763.71,16:00,4761.86,session,-8.02,0.60,-8.62,LOSS
2026-04-14,XAUUSD,B,C1,SHORT,4758.37,4758.19,4755.10,3.09,0.18,BELOW,10:00,4755.10,1.27,5.49,1.27,-4.64,5.90,True,10:10,4759.74,16:00,4764.65,session,0.27,0.60,-0.33,LOSS
2026-04-16,XAUUSD,B,C1,LONG,4825.02,4828.94,4823.53,5.41,-3.93,STRADDLE,10:00,4828.94,2.15,8.15,2.15,-6.52,8.66,True,10:30,4822.43,16:00,4824.26,session,-8.35,0.60,-8.95,LOSS
2026-04-17,XAUUSD,B,C1,SHORT,4794.14,4791.63,4788.39,3.24,2.51,BELOW,10:00,4788.39,2.43,4.63,2.43,-4.61,7.04,True,10:25,4793.01,16:00,4793.61,session,-4.01,0.60,-4.61,LOSS
2026-04-21,XAUUSD,B,C1,LONG,4821.12,4824.62,4822.45,2.18,1.32,ABOVE,10:00,4824.62,6.23,4.85,6.23,-4.50,10.73,True,10:25,4820.12,16:00,4782.82,session,32.80,0.60,32.20,WIN
2026-04-22,XAUUSD,B,C1,LONG,4738.14,4743.28,4738.40,4.88,0.26,ABOVE,10:00,4743.28,28.72,7.39,,,,False,,,16:00,4759.26,session,15.98,0.30,15.68,WIN
2026-04-23,XAUUSD,B,C1,SHORT,4728.12,4728.04,4721.46,6.58,0.09,BELOW,10:00,4721.46,27.32,20.85,27.32,-19.94,47.26,True,10:25,4741.40,16:00,4714.82,session,-46.52,0.60,-47.12,LOSS
2026-04-24,XAUUSD,B,C1,SHORT,4696.72,4696.12,4691.84,4.28,0.60,BELOW,10:00,4691.84,0.00,6.19,0.00,-4.71,4.71,True,10:05,4696.55,16:00,4683.48,session,-17.78,0.60,-18.38,LOSS
2026-04-27,XAUUSD,B,C1,SHORT,4680.88,4680.45,4678.90,1.55,0.43,BELOW,10:00,4678.90,6.46,3.60,6.46,-2.01,8.47,True,10:25,4680.91,16:00,4711.28,session,28.36,0.60,27.76,WIN
2026-04-28,XAUUSD,B,C1,LONG,4694.49,4697.06,4692.31,4.74,-2.56,STRADDLE,10:00,4697.06,4.58,5.03,4.58,-4.99,9.57,True,10:35,4692.07,16:00,4634.34,session,52.75,0.60,52.15,WIN
2026-04-29,XAUUSD,B,C1,LONG,4589.43,4606.59,4595.11,11.48,5.68,ABOVE,10:00,4606.59,3.78,26.41,3.78,-24.20,27.98,True,11:00,4582.39,16:00,4597.10,session,-38.92,0.60,-39.52,LOSS
2026-05-04,XAUUSD,B,C1,SHORT,4614.57,4613.97,4608.76,5.21,0.60,BELOW,10:00,4608.76,1.55,7.89,1.55,-6.84,8.38,True,10:05,4615.60,16:00,4594.27,session,-28.16,0.60,-28.76,LOSS
2026-05-05,XAUUSD,B,C1,LONG,4519.98,4522.96,4519.60,3.36,-2.98,STRADDLE,10:00,4522.96,5.65,5.98,5.65,-3.47,9.11,True,10:20,4519.49,16:00,4544.00,session,-27.97,0.60,-28.57,LOSS
2026-05-06,XAUUSD,B,C1,LONG,4593.81,4595.68,4593.78,1.90,-1.88,STRADDLE,10:00,4595.68,0.64,4.35,0.64,-3.04,3.68,True,10:05,4592.64,16:00,4658.49,session,-68.89,0.60,-69.49,LOSS
2026-05-07,XAUUSD,B,C1,SHORT,4696.98,4698.81,4693.56,5.24,-1.82,STRADDLE,10:00,4693.56,3.48,7.33,3.48,-6.40,9.89,True,10:10,4699.97,16:00,4706.14,session,-0.23,0.60,-0.83,LOSS
2026-05-11,XAUUSD,B,C1,SHORT,4698.44,4691.84,4687.49,4.35,6.60,BELOW,10:00,4687.49,11.48,5.86,11.48,-5.53,17.01,True,10:30,4693.03,16:00,4659.81,session,-38.75,0.60,-39.35,LOSS
2026-05-13,XAUUSD,B,C1,LONG,4716.01,4724.79,4716.29,8.50,0.28,ABOVE,10:00,4724.79,2.23,10.50,2.23,-10.12,12.35,True,10:55,4714.66,16:00,4709.58,session,-5.04,0.60,-5.64,LOSS
2026-05-14,XAUUSD,B,C1,SHORT,4694.07,4696.44,4692.12,4.32,-2.37,STRADDLE,10:00,4692.12,0.87,5.70,0.87,-5.60,6.47,True,10:10,4697.72,16:00,4693.14,session,-10.18,0.60,-10.78,LOSS
2026-05-15,XAUUSD,B,C1,SHORT,4654.60,4652.24,4649.57,2.67,2.36,BELOW,10:00,4649.57,4.51,8.53,4.51,-4.64,9.15,True,10:15,4654.21,16:00,4563.88,session,-94.97,0.60,-95.57,LOSS
2026-05-18,XAUUSD,B,C1,SHORT,4538.22,4537.70,4531.07,6.63,0.52,BELOW,10:00,4531.07,50.47,9.61,50.47,-7.37,57.83,True,12:35,4538.44,16:00,4535.48,session,-10.32,0.60,-10.92,LOSS
2026-05-19,XAUUSD,B,C1,SHORT,4583.27,4582.30,4579.24,3.06,0.98,BELOW,10:00,4579.24,2.28,6.38,2.28,-5.07,7.35,True,10:05,4584.31,16:00,4539.48,session,-49.90,0.60,-50.50,LOSS
2026-05-20,XAUUSD,B,C1,SHORT,4493.62,4489.23,4486.23,3.00,4.39,BELOW,10:00,4486.23,6.39,5.39,6.39,-5.22,11.61,True,10:20,4491.45,16:00,4473.02,session,-23.65,0.60,-24.25,LOSS
2026-05-21,XAUUSD,B,C1,SHORT,4545.44,4546.68,4542.44,4.24,-1.24,STRADDLE,10:00,4542.44,5.07,10.90,5.07,-5.28,10.36,True,10:50,4547.72,16:00,4533.53,session,-19.47,0.60,-20.07,LOSS
2026-05-26,XAUUSD,B,C1,SHORT,4559.42,4560.04,4550.77,9.27,-0.62,STRADDLE,10:00,4550.77,27.66,2.93,,,,False,,,16:00,4531.14,session,19.62,0.30,19.32,WIN
2026-05-28,XAUUSD,B,C1,LONG,4448.36,4449.45,4447.12,2.33,-1.09,STRADDLE,10:00,4449.45,0.54,4.81,0.54,-4.69,5.23,True,10:10,4444.76,16:00,4387.59,session,52.48,0.60,51.88,WIN
2026-05-29,XAUUSD,B,C1,LONG,4490.48,4495.02,4494.76,0.27,4.28,ABOVE,10:00,4495.02,1.41,2.86,1.41,-0.30,1.70,True,10:05,4494.73,16:00,4519.11,session,-24.69,0.60,-25.29,LOSS
2026-06-01,XAUUSD,B,C1,LONG,4541.16,4544.96,4539.93,5.03,-3.80,STRADDLE,10:00,4544.96,0.01,7.05,0.01,-6.49,6.50,True,10:15,4538.47,16:00,4516.45,session,15.52,0.60,14.92,WIN
2026-06-03,XAUUSD,B,C1,LONG,4471.72,4478.80,4474.40,4.39,2.68,ABOVE,10:00,4478.80,18.09,5.23,18.09,-4.94,23.03,True,11:00,4473.86,16:00,4467.08,session,1.84,0.60,1.24,WIN
2026-06-04,XAUUSD,B,C1,LONG,4459.20,4460.44,4456.88,3.56,-1.23,STRADDLE,10:00,4460.44,1.78,4.81,1.78,-4.18,5.95,True,10:05,4456.26,16:00,4473.92,session,-21.84,0.60,-22.44,LOSS
2026-06-08,XAUUSD,B,C1,LONG,4342.26,4345.49,4343.13,2.36,0.88,ABOVE,10:00,4345.49,7.90,5.39,7.90,-2.78,10.68,True,10:45,4342.70,16:00,4303.82,session,36.10,0.60,35.50,WIN
2026-06-11,XAUUSD,B,C1,SHORT,4049.63,4048.04,4043.34,4.70,1.59,BELOW,10:00,4043.34,7.84,12.07,7.84,-8.35,16.19,True,10:10,4051.69,16:00,4088.82,session,28.78,0.60,28.18,WIN
2026-06-12,XAUUSD,B,C1,SHORT,4219.11,4219.30,4219.06,0.24,-0.19,STRADDLE,10:00,4219.06,12.10,6.10,12.10,-4.51,16.61,True,10:20,4223.57,16:00,4180.87,session,-47.21,0.60,-47.81,LOSS
2026-06-15,XAUUSD,B,C1,LONG,4293.86,4294.31,4293.95,0.36,0.09,ABOVE,10:00,4294.31,13.70,2.92,13.70,-2.10,15.80,True,10:55,4292.21,16:00,4311.78,session,-21.67,0.60,-22.27,LOSS
2026-06-17,XAUUSD,B,C1,LONG,4333.05,4334.10,4331.54,2.56,-1.05,STRADDLE,10:00,4334.10,15.19,4.60,15.19,-4.21,19.40,True,12:50,4329.89,16:00,4327.69,session,-2.01,0.60,-2.61,LOSS
2026-06-18,XAUUSD,B,C1,LONG,4273.33,4291.90,4277.87,14.03,4.54,ABOVE,10:00,4291.90,37.67,0.67,,,,False,,,16:00,4307.01,session,15.11,0.30,14.81,WIN
2026-06-19,XAUUSD,B,C1,LONG,4189.47,4190.54,4187.81,2.73,-1.07,STRADDLE,10:00,4190.54,3.07,6.14,3.07,-4.80,7.87,True,10:05,4185.74,16:00,4137.83,session,43.11,0.60,42.51,WIN
2026-06-22,XAUUSD,B,C1,LONG,4137.18,4146.70,4140.26,6.44,3.08,ABOVE,10:00,4146.70,74.04,3.61,,,,False,,,16:00,4191.26,session,44.56,0.30,44.26,WIN
2026-06-24,XAUUSD,B,C1,LONG,4095.26,4102.11,4099.23,2.88,3.97,ABOVE,10:00,4102.11,9.76,6.21,9.76,-6.20,15.96,True,10:20,4095.91,16:00,4077.52,session,12.19,0.60,11.59,WIN
2026-06-26,XAUUSD,B,C1,SHORT,4017.53,4014.22,4012.06,2.16,3.31,BELOW,10:00,4012.06,0.89,3.39,0.89,-2.60,3.49,True,10:05,4014.66,16:00,4007.58,session,-9.68,0.60,-10.28,LOSS
2026-06-30,XAUUSD,B,C1,SHORT,4016.53,4014.07,4008.32,5.75,2.46,BELOW,10:00,4008.32,65.99,5.31,,,,False,,,16:00,3984.22,session,24.10,0.30,23.80,WIN
2026-07-02,XAUUSD,B,C1,SHORT,4034.22,4034.61,4032.68,1.93,-0.39,STRADDLE,10:00,4032.68,0.68,7.36,0.68,-6.08,6.76,True,10:05,4038.76,16:00,4070.05,session,25.21,0.60,24.61,WIN
2026-07-03,XAUUSD,B,C1,LONG,4130.55,4131.33,4125.47,5.86,-0.78,STRADDLE,10:00,4131.33,63.93,6.41,,,,False,,,16:00,4164.55,session,33.22,0.30,32.92,WIN
2026-07-06,XAUUSD,B,C1,SHORT,4181.68,4183.50,4175.02,8.48,-1.82,STRADDLE,10:00,4175.02,4.32,9.70,4.32,-9.47,13.79,True,10:35,4184.49,16:00,4146.51,session,-47.45,0.60,-48.05,LOSS
2026-07-07,XAUUSD,B,C1,SHORT,4163.27,4156.94,4156.07,0.87,6.33,BELOW,10:00,4156.07,4.29,4.32,4.29,-2.41,6.70,True,10:20,4158.48,16:00,4126.38,session,-34.51,0.60,-35.11,LOSS
2026-07-08,XAUUSD,B,C1,LONG,4098.08,4102.25,4098.05,4.20,-4.17,STRADDLE,10:00,4102.25,24.17,4.82,24.17,-4.29,28.46,True,11:30,4097.96,16:00,4123.44,session,-29.77,0.60,-30.37,LOSS
2026-07-09,XAUUSD,B,C1,LONG,4072.66,4080.31,4075.92,4.39,3.26,ABOVE,10:00,4080.31,9.41,10.29,9.41,-9.63,19.04,True,10:50,4070.68,16:00,4092.42,session,-31.37,0.60,-31.97,LOSS
2026-07-14,XAUUSD,B,C1,SHORT,3997.02,4001.32,3994.14,7.18,-4.30,STRADDLE,10:00,3994.14,11.05,12.25,11.05,-10.49,21.54,True,10:30,4004.63,16:00,4029.63,session,14.51,0.60,13.91,WIN
2026-07-15,XAUUSD,B,C1,LONG,4052.72,4054.86,4053.31,1.55,0.59,ABOVE,10:00,4054.86,0.53,3.85,0.53,-3.64,4.17,True,10:10,4051.22,16:00,4030.88,session,16.70,0.60,16.10,WIN
2026-07-16,XAUUSD,B,C1,SHORT,4058.38,4058.04,4057.54,0.50,0.34,BELOW,10:00,4057.54,2.97,2.68,2.97,-0.88,3.85,True,10:20,4058.42,16:00,4030.86,session,-28.44,0.60,-29.04,LOSS
2026-07-20,XAUUSD,B,C1,SHORT,3991.21,3995.40,3987.00,8.40,-4.19,STRADDLE,10:00,3987.00,0.90,11.55,0.90,-8.77,9.67,True,10:10,3995.77,16:00,4010.18,session,5.64,0.60,5.04,WIN
2026-07-21,XAUUSD,B,C1,SHORT,4006.68,4009.90,4004.71,5.19,-3.22,STRADDLE,10:00,4004.71,0.53,7.49,0.53,-5.50,6.03,True,10:10,4010.21,16:00,4065.18,session,49.47,0.60,48.87,WIN
2026-07-22,XAUUSD,B,C1,LONG,4080.68,4082.46,4080.73,1.73,0.05,ABOVE,10:00,4082.46,59.06,1.06,,,,False,,,16:00,4133.99,session,51.53,0.30,51.23,WIN
2026-07-27,XAUUSD,B,C1,LONG,4094.27,4101.96,4093.66,8.30,-7.69,STRADDLE,10:00,4101.96,13.94,11.58,13.94,-8.55,22.49,True,12:55,4093.41,16:00,4093.68,session,-8.82,0.60,-9.42,LOSS
2026-07-28,XAUUSD,B,C1,SHORT,4070.18,4072.87,4065.21,7.66,-2.69,STRADDLE,10:00,4065.21,30.62,2.36,,,,False,,,16:00,4046.00,session,19.21,0.30,18.91,WIN
2026-07-29,XAUUSD,B,C1,SHORT,4022.21,4024.76,4021.59,3.17,-2.55,STRADDLE,10:00,4021.59,4.20,4.57,4.20,-3.43,7.63,True,10:15,4025.02,16:00,4037.23,session,8.78,0.60,8.18,WIN
2026-07-30,XAUUSD,B,C1,SHORT,4090.98,4084.36,4080.41,3.95,6.62,BELOW,10:00,4080.41,15.67,9.01,15.67,-8.48,24.15,True,11:00,4088.89,16:00,4038.01,session,-59.36,0.60,-59.96,LOSS
2026-07-31,XAUUSD,B,C1,SHORT,4108.32,4105.98,4104.58,1.40,2.34,BELOW,10:00,4104.58,32.77,0.35,,,,False,,,16:00,4077.87,session,26.71,0.30,26.41,WIN
2026-08-03,XAUUSD,B,C1,LONG,4068.74,4077.76,4074.67,3.09,5.93,ABOVE,10:00,4077.76,0.46,5.16,0.46,-5.01,5.47,True,10:05,4072.75,16:00,4067.78,session,-0.04,0.60,-0.64,LOSS
2026-08-04,XAUUSD,B,C1,LONG,4051.62,4059.45,4053.37,6.08,1.75,ABOVE,10:00,4059.45,9.45,11.16,9.45,-10.23,19.68,True,10:55,4049.22,16:00,4064.02,session,-25.03,0.60,-25.63,LOSS
2026-08-05,XAUUSD,B,C1,LONG,4071.57,4073.04,4072.68,0.36,1.11,ABOVE,10:00,4073.04,0.87,0.92,0.87,-0.78,1.65,True,10:05,4072.26,16:00,4162.08,session,-90.60,0.60,-91.20,LOSS
2026-08-06,XAUUSD,B,C1,SHORT,4274.71,4277.77,4267.98,9.79,-3.06,STRADDLE,10:00,4267.98,3.77,15.65,3.77,-14.01,17.78,True,10:20,4281.99,16:00,4267.10,session,-28.90,0.60,-29.50,LOSS
2026-08-11,XAUUSD,B,C1,LONG,4397.54,4404.11,4402.48,1.63,4.94,ABOVE,10:00,4404.11,15.05,10.74,15.05,-3.94,18.99,True,11:00,4400.17,16:00,4379.37,session,16.86,0.60,16.26,WIN
2026-08-13,XAUUSD,B,C1,LONG,4408.39,4415.99,4414.44,1.55,6.05,ABOVE,10:00,4415.99,33.50,5.76,33.50,-3.49,36.99,True,11:45,4412.50,16:00,4377.79,session,31.22,0.60,30.62,WIN
2022-08-18,XAUUSD,B,C2,LONG,1764.85,1765.66,1764.99,0.67,0.14,ABOVE,10:00,1765.66,0.20,0.93,0.20,-0.68,0.88,True,10:10,1764.98,10:10,1764.98,flip,-0.68,0.30,-0.98,LOSS
2022-08-19,XAUUSD,B,C2,SHORT,1758.59,1758.42,1758.10,0.32,0.17,BELOW,10:00,1758.10,6.28,0.00,,,,False,,,16:00,1755.15,session,2.94,0.30,2.64,WIN
2022-08-22,XAUUSD,B,C2,SHORT,1746.26,1745.74,1745.58,0.16,0.51,BELOW,10:00,1745.58,0.09,0.47,0.09,-0.38,0.46,True,10:05,1745.95,10:05,1745.95,flip,-0.38,0.30,-0.68,LOSS
2022-08-23,XAUUSD,B,C2,SHORT,1734.83,1735.43,1734.41,1.02,-0.61,STRADDLE,10:00,1734.41,0.12,1.33,0.12,-1.03,1.15,True,10:10,1735.44,10:10,1735.44,flip,-1.03,0.30,-1.33,LOSS
2022-08-24,XAUUSD,B,C2,LONG,1745.85,1747.20,1746.09,1.12,0.24,ABOVE,10:00,1747.20,0.62,1.21,0.62,-1.14,1.75,True,10:20,1746.07,10:20,1746.07,flip,-1.14,0.30,-1.44,LOSS
2022-08-25,XAUUSD,B,C2,SHORT,1751.38,1751.09,1750.12,0.97,0.29,BELOW,10:00,1750.12,0.03,1.04,0.03,-1.02,1.04,True,10:05,1751.13,10:05,1751.13,flip,-1.02,0.30,-1.32,LOSS
2022-08-26,XAUUSD,B,C2,SHORT,1756.14,1756.48,1755.99,0.49,-0.34,STRADDLE,10:00,1755.99,3.66,0.76,3.66,-0.51,4.17,True,13:45,1756.50,13:45,1756.50,flip,-0.51,0.30,-0.81,LOSS
2022-08-29,XAUUSD,B,C2,SHORT,1734.94,1734.90,1734.74,0.16,0.04,BELOW,10:00,1734.74,0.32,0.82,0.32,-0.33,0.64,True,10:10,1735.07,10:10,1735.07,flip,-0.33,0.30,-0.63,LOSS
2022-08-30,XAUUSD,B,C2,LONG,1738.64,1739.78,1739.62,0.16,0.97,ABOVE,10:00,1739.78,0.83,0.38,0.83,-0.28,1.11,True,10:10,1739.50,10:10,1739.50,flip,-0.28,0.30,-0.58,LOSS
2022-08-31,XAUUSD,B,C2,LONG,1723.44,1723.46,1723.43,0.03,-0.02,STRADDLE,10:00,1723.46,1.09,0.36,1.09,-0.17,1.26,True,10:10,1723.29,10:10,1723.29,flip,-0.17,0.30,-0.47,LOSS
2022-09-01,XAUUSD,B,C2,SHORT,1708.77,1709.01,1707.54,1.47,-0.24,STRADDLE,10:00,1707.54,5.19,1.38,,,,False,,,16:00,1707.15,session,0.38,0.30,0.08,WIN
2022-09-02,XAUUSD,B,C2,LONG,1697.37,1698.08,1697.24,0.83,-0.71,STRADDLE,10:00,1698.08,1.29,1.35,1.29,-1.01,2.30,True,11:30,1697.07,11:30,1697.07,flip,-1.01,0.30,-1.31,LOSS
2022-09-05,XAUUSD,B,C2,LONG,1708.72,1709.24,1708.07,1.17,-0.52,STRADDLE,10:00,1709.24,4.88,1.35,,,,False,,,16:00,1712.50,session,3.26,0.30,2.96,WIN
2022-09-06,XAUUSD,B,C2,SHORT,1714.26,1713.95,1713.84,0.12,0.31,BELOW,10:00,1713.84,0.00,2.05,0.00,-1.50,1.50,True,10:05,1715.34,10:05,1715.34,flip,-1.50,0.30,-1.80,LOSS
2022-09-07,XAUUSD,B,C2,SHORT,1703.67,1703.63,1702.77,0.87,0.04,BELOW,10:00,1702.77,0.01,1.10,0.01,-1.05,1.06,True,10:05,1703.82,10:05,1703.82,flip,-1.05,0.30,-1.35,LOSS
2022-09-08,XAUUSD,B,C2,SHORT,1716.47,1716.67,1716.47,0.20,-0.20,STRADDLE,10:00,1716.47,0.31,0.40,0.31,-0.25,0.56,True,10:05,1716.72,10:05,1716.72,flip,-0.25,0.30,-0.55,LOSS
2022-09-09,XAUUSD,B,C2,SHORT,1710.39,1710.76,1710.38,0.38,-0.37,STRADDLE,10:00,1710.38,0.12,1.51,0.12,-1.42,1.54,True,10:10,1711.80,10:10,1711.80,flip,-1.42,0.30,-1.72,LOSS
2022-09-12,XAUUSD,B,C2,SHORT,1718.02,1718.47,1718.00,0.47,-0.45,STRADDLE,10:00,1718.00,5.96,0.81,,,,False,,,16:00,1712.28,session,5.72,0.30,5.42,WIN
2022-09-13,XAUUSD,B,C2,LONG,1725.78,1725.84,1725.27,0.57,-0.06,STRADDLE,10:00,1725.84,1.80,1.19,1.80,-0.99,2.79,True,10:55,1724.85,10:55,1724.85,flip,-0.99,0.30,-1.29,LOSS
2022-09-14,XAUUSD,B,C2,SHORT,1702.77,1702.27,1701.67,0.60,0.50,BELOW,10:00,1701.67,0.33,1.60,0.33,-0.78,1.11,True,10:10,1702.45,10:10,1702.45,flip,-0.78,0.30,-1.08,LOSS
2022-09-15,XAUUSD,B,C2,SHORT,1698.05,1697.62,1696.98,0.64,0.43,BELOW,10:00,1696.98,0.76,0.89,0.76,-0.85,1.60,True,10:25,1697.83,10:25,1697.83,flip,-0.85,0.30,-1.15,LOSS
2022-09-16,XAUUSD,B,C2,LONG,1663.15,1663.44,1662.36,1.09,-0.29,STRADDLE,10:00,1663.44,4.33,1.47,4.33,-1.45,5.79,True,11:50,1661.99,11:50,1661.99,flip,-1.45,0.30,-1.75,LOSS
2022-09-19,XAUUSD,B,C2,SHORT,1679.20,1677.99,1677.86,0.13,1.21,BELOW,10:00,1677.86,0.59,0.79,0.59,-0.53,1.11,True,10:20,1678.38,10:20,1678.38,flip,-0.53,0.30,-0.83,LOSS
2022-09-20,XAUUSD,B,C2,LONG,1675.04,1678.46,1675.82,2.65,0.78,ABOVE,10:00,1678.46,1.03,3.33,1.03,-3.28,4.31,True,11:00,1675.18,11:00,1675.18,flip,-3.28,0.30,-3.58,LOSS
2022-09-21,XAUUSD,B,C2,SHORT,1666.26,1666.56,1666.04,0.52,-0.30,STRADDLE,10:00,1666.04,0.00,1.48,0.00,-0.78,0.78,True,10:10,1666.82,10:10,1666.82,flip,-0.78,0.30,-1.08,LOSS
2022-09-22,XAUUSD,B,C2,SHORT,1666.39,1667.19,1663.66,3.53,-0.80,STRADDLE,10:00,1663.66,6.83,1.35,,,,False,,,16:00,1661.94,session,1.72,0.30,1.42,WIN
2022-09-23,XAUUSD,B,C2,LONG,1672.28,1673.42,1672.83,0.60,0.55,ABOVE,10:00,1673.42,0.24,1.04,0.24,-0.88,1.12,True,10:15,1672.55,10:15,1672.55,flip,-0.88,0.30,-1.18,LOSS
2022-09-26,XAUUSD,B,C2,LONG,1642.96,1645.35,1644.12,1.22,1.16,ABOVE,10:00,1645.35,0.26,1.28,0.26,-1.24,1.50,True,10:10,1644.11,10:10,1644.11,flip,-1.24,0.30,-1.54,LOSS
2022-09-27,XAUUSD,B,C2,LONG,1626.84,1628.52,1627.66,0.86,0.82,ABOVE,10:00,1628.52,7.91,0.02,,,,False,,,16:00,1635.63,session,7.12,0.30,6.82,WIN
2022-09-28,XAUUSD,B,C2,LONG,1628.95,1629.46,1628.99,0.47,0.04,ABOVE,10:00,1629.46,0.44,0.97,0.44,-0.64,1.08,True,10:05,1628.82,10:05,1628.82,flip,-0.64,0.30,-0.94,LOSS
2022-09-29,XAUUSD,B,C2,SHORT,1656.88,1656.23,1655.82,0.41,0.65,BELOW,10:00,1655.82,2.88,1.62,2.88,-1.48,4.36,True,11:05,1657.30,11:05,1657.30,flip,-1.48,0.30,-1.78,LOSS
2022-10-03,XAUUSD,B,C2,SHORT,1664.29,1664.68,1664.03,0.66,-0.40,STRADDLE,10:00,1664.03,0.21,1.35,0.21,-0.81,1.02,True,11:20,1664.84,11:20,1664.84,flip,-0.81,0.30,-1.11,LOSS
2022-10-06,XAUUSD,B,C2,LONG,1716.30,1716.81,1716.17,0.63,-0.51,STRADDLE,10:00,1716.81,7.56,0.00,,,,False,,,16:00,1723.08,session,6.27,0.30,5.97,WIN
2022-10-07,XAUUSD,B,C2,LONG,1711.39,1712.81,1711.94,0.86,0.55,ABOVE,10:00,1712.81,0.00,1.46,0.00,-0.95,0.95,True,10:30,1711.86,10:30,1711.86,flip,-0.95,0.30,-1.25,LOSS
2022-10-11,XAUUSD,B,C2,LONG,1668.33,1669.23,1669.05,0.18,0.72,ABOVE,10:00,1669.23,1.08,0.52,1.08,-0.47,1.56,True,11:00,1668.76,11:00,1668.76,flip,-0.47,0.30,-0.77,LOSS
2022-10-12,XAUUSD,B,C2,SHORT,1666.45,1666.25,1665.96,0.29,0.20,BELOW,10:00,1665.96,4.18,1.00,4.18,-0.32,4.50,True,12:20,1666.28,12:20,1666.28,flip,-0.32,0.30,-0.62,LOSS
2022-10-14,XAUUSD,B,C2,SHORT,1665.80,1665.65,1665.14,0.51,0.14,BELOW,10:00,1665.14,6.12,1.82,6.12,-1.82,7.93,True,12:45,1666.96,12:45,1666.96,flip,-1.82,0.30,-2.12,LOSS
2022-10-17,XAUUSD,B,C2,LONG,1645.63,1646.23,1645.53,0.70,-0.60,STRADDLE,10:00,1646.23,6.51,0.51,,,,False,,,16:00,1649.89,session,3.66,0.30,3.36,WIN
2022-10-19,XAUUSD,B,C2,LONG,1652.44,1653.58,1652.65,0.93,0.21,ABOVE,10:00,1653.58,0.89,1.52,0.89,-1.52,2.42,True,10:50,1652.06,10:50,1652.06,flip,-1.52,0.30,-1.82,LOSS
2022-10-20,XAUUSD,B,C2,SHORT,1628.20,1628.05,1627.77,0.28,0.15,BELOW,10:00,1627.77,1.73,0.75,1.73,-0.53,2.26,True,11:10,1628.30,11:10,1628.30,flip,-0.53,0.30,-0.83,LOSS
2022-10-21,XAUUSD,B,C2,SHORT,1626.88,1626.89,1626.19,0.70,-0.02,STRADDLE,10:00,1626.19,0.78,1.12,0.78,-0.91,1.69,True,10:55,1627.10,10:55,1627.10,flip,-0.91,0.30,-1.21,LOSS
2022-10-24,XAUUSD,B,C2,SHORT,1660.45,1659.27,1657.66,1.60,1.18,BELOW,10:00,1657.66,0.96,5.93,0.96,-5.44,6.41,True,10:35,1663.11,10:35,1663.11,flip,-5.44,0.30,-5.74,LOSS
2022-10-26,XAUUSD,B,C2,SHORT,1652.04,1652.46,1651.51,0.96,-0.42,STRADDLE,10:00,1651.51,0.36,1.32,0.36,-1.30,1.66,True,10:50,1652.81,10:50,1652.81,flip,-1.30,0.30,-1.60,LOSS
2022-10-27,XAUUSD,B,C2,LONG,1665.43,1665.49,1665.21,0.28,-0.06,STRADDLE,10:00,1665.49,0.00,0.70,0.00,-0.70,0.70,True,10:05,1664.79,10:05,1664.79,flip,-0.70,0.30,-1.00,LOSS
2022-10-28,XAUUSD,B,C2,SHORT,1662.05,1662.31,1661.94,0.36,-0.26,STRADDLE,10:00,1661.94,0.13,0.84,0.13,-0.68,0.81,True,10:10,1662.62,10:10,1662.62,flip,-0.68,0.30,-0.98,LOSS
2022-10-31,XAUUSD,B,C2,LONG,1644.31,1644.64,1644.35,0.30,0.04,ABOVE,10:00,1644.64,0.78,0.86,0.78,-0.65,1.43,True,10:40,1643.99,10:40,1643.99,flip,-0.65,0.30,-0.95,LOSS
2022-11-02,XAUUSD,B,C2,LONG,1646.51,1646.98,1646.88,0.10,0.38,ABOVE,10:00,1646.98,1.30,0.59,1.30,-0.44,1.74,True,10:50,1646.54,10:50,1646.54,flip,-0.44,0.30,-0.74,LOSS
2022-11-03,XAUUSD,B,C2,SHORT,1634.08,1634.12,1632.76,1.36,-0.04,STRADDLE,10:00,1632.76,0.79,2.30,0.79,-2.28,3.07,True,11:10,1635.04,11:10,1635.04,flip,-2.28,0.30,-2.58,LOSS
2023-03-13,XAUUSD,B,C2,LONG,1880.20,1886.24,1884.41,1.83,4.20,ABOVE,10:00,1886.24,3.21,2.65,3.21,-2.58,5.79,True,10:20,1883.66,10:20,1883.66,flip,-2.58,0.30,-2.88,LOSS
2023-03-15,XAUUSD,B,C2,LONG,1904.15,1904.59,1904.37,0.22,0.21,ABOVE,10:00,1904.59,0.14,0.40,0.14,-0.28,0.42,True,10:10,1904.31,10:10,1904.31,flip,-0.28,0.30,-0.58,LOSS
2023-03-16,XAUUSD,B,C2,LONG,1919.49,1920.98,1920.46,0.52,0.97,ABOVE,10:00,1920.98,3.47,1.27,3.47,-1.26,4.73,True,11:45,1919.72,11:45,1919.72,flip,-1.26,0.30,-1.56,LOSS
2023-03-17,XAUUSD,B,C2,LONG,1919.43,1920.11,1920.07,0.04,0.63,ABOVE,10:00,1920.11,0.13,0.30,0.13,-0.19,0.33,True,10:10,1919.91,10:10,1919.91,flip,-0.19,0.30,-0.49,LOSS
2023-03-20,XAUUSD,B,C2,LONG,1976.98,1978.17,1977.45,0.72,0.47,ABOVE,10:00,1978.17,1.49,1.29,1.49,-1.20,2.69,True,10:30,1976.97,10:30,1976.97,flip,-1.20,0.30,-1.50,LOSS
2023-03-21,XAUUSD,B,C2,LONG,1978.64,1978.86,1978.43,0.42,-0.21,STRADDLE,10:00,1978.86,0.20,0.89,0.20,-0.48,0.68,True,10:10,1978.38,10:10,1978.38,flip,-0.48,0.30,-0.78,LOSS
2023-03-22,XAUUSD,B,C2,LONG,1941.11,1941.62,1941.31,0.32,0.20,ABOVE,10:00,1941.62,4.68,1.39,4.68,-0.60,5.28,True,13:05,1941.03,13:05,1941.03,flip,-0.60,0.30,-0.90,LOSS
2023-03-23,XAUUSD,B,C2,LONG,1966.62,1967.11,1965.77,1.34,-0.49,STRADDLE,10:00,1967.11,11.15,0.88,,,,False,,,16:00,1977.29,session,10.18,0.30,9.88,WIN
2023-03-24,XAUUSD,B,C2,LONG,1990.66,1992.08,1991.98,0.09,1.32,ABOVE,10:00,1992.08,1.13,0.99,1.13,-0.91,2.04,True,10:30,1991.16,10:30,1991.16,flip,-0.91,0.30,-1.21,LOSS
2023-03-27,XAUUSD,B,C2,LONG,1972.66,1974.68,1973.96,0.72,1.30,ABOVE,10:00,1974.68,2.13,2.05,2.13,-0.86,2.99,True,11:30,1973.83,11:30,1973.83,flip,-0.86,0.30,-1.16,LOSS
2023-03-28,XAUUSD,B,C2,LONG,1957.33,1957.58,1957.31,0.27,-0.25,STRADDLE,10:00,1957.58,6.50,0.79,,,,False,,,16:00,1957.79,session,0.21,0.30,-0.09,LOSS
2023-03-29,XAUUSD,B,C2,LONG,1973.25,1973.49,1973.05,0.44,-0.24,STRADDLE,10:00,1973.49,0.01,0.86,0.01,-0.72,0.73,True,10:05,1972.77,10:05,1972.77,flip,-0.72,0.30,-1.02,LOSS
2023-03-30,XAUUSD,B,C2,SHORT,1964.55,1964.39,1963.78,0.62,0.15,BELOW,10:00,1963.78,8.37,0.32,,,,False,,,16:00,1961.23,session,2.55,0.30,2.25,WIN
2023-04-03,XAUUSD,B,C2,LONG,1957.88,1959.01,1957.18,1.83,-1.12,STRADDLE,10:00,1959.01,5.64,2.09,5.64,-1.94,7.58,True,12:35,1957.07,12:35,1957.07,flip,-1.94,0.30,-2.24,LOSS
2023-04-04,XAUUSD,B,C2,SHORT,1985.55,1985.12,1984.47,0.65,0.42,BELOW,10:00,1984.47,6.58,0.52,,,,False,,,16:00,1979.39,session,5.08,0.30,4.78,WIN
2023-04-06,XAUUSD,B,C2,SHORT,2020.42,2020.45,2019.69,0.76,-0.03,STRADDLE,10:00,2019.69,11.61,0.88,,,,False,,,16:00,2016.92,session,2.77,0.30,2.47,WIN
2023-04-10,XAUUSD,B,C2,SHORT,2005.38,2005.68,2004.02,1.66,-0.30,STRADDLE,10:00,2004.02,15.06,0.00,,,,False,,,16:00,1992.62,session,11.39,0.30,11.09,WIN
2023-04-11,XAUUSD,B,C2,LONG,1991.68,1993.21,1992.41,0.80,0.73,ABOVE,10:00,1993.21,2.24,1.02,2.24,-0.83,3.07,True,11:00,1992.38,11:00,1992.38,flip,-0.83,0.30,-1.13,LOSS
2023-04-13,XAUUSD,B,C2,LONG,2017.59,2018.66,2018.20,0.46,0.62,ABOVE,10:00,2018.66,0.04,1.24,0.04,-0.70,0.74,True,10:05,2017.96,10:05,2017.96,flip,-0.70,0.30,-1.00,LOSS
2023-04-14,XAUUSD,B,C2,LONG,2039.90,2040.03,2039.77,0.26,-0.13,STRADDLE,10:00,2040.03,0.18,0.91,0.18,-0.85,1.03,True,10:05,2039.18,10:05,2039.18,flip,-0.85,0.30,-1.15,LOSS
2023-04-17,XAUUSD,B,C2,SHORT,2002.89,2003.07,2002.51,0.56,-0.17,STRADDLE,10:00,2002.51,0.69,0.97,0.69,-0.70,1.39,True,10:15,2003.20,10:15,2003.20,flip,-0.70,0.30,-1.00,LOSS
2023-04-18,XAUUSD,B,C2,LONG,1994.44,1994.46,1993.98,0.48,-0.02,STRADDLE,10:00,1994.46,0.05,0.94,0.05,-0.94,0.99,True,10:05,1993.52,10:05,1993.52,flip,-0.94,0.30,-1.24,LOSS
2023-04-24,XAUUSD,B,C2,SHORT,1985.10,1984.49,1984.24,0.25,0.61,BELOW,10:00,1984.24,7.72,0.45,,,,False,,,16:00,1979.29,session,4.95,0.30,4.65,WIN
2023-04-27,XAUUSD,B,C2,LONG,1991.78,1991.83,1991.63,0.19,-0.05,STRADDLE,10:00,1991.83,0.17,0.51,0.17,-0.38,0.55,True,10:05,1991.44,10:05,1991.44,flip,-0.38,0.30,-0.68,LOSS
2023-04-28,XAUUSD,B,C2,SHORT,1987.62,1986.98,1986.36,0.63,0.64,BELOW,10:00,1986.36,0.69,0.97,0.69,-0.95,1.64,True,10:20,1987.31,10:20,1987.31,flip,-0.95,0.30,-1.25,LOSS
2023-05-01,XAUUSD,B,C2,SHORT,1987.16,1986.95,1986.92,0.03,0.21,BELOW,10:00,1986.92,0.48,0.53,0.48,-0.32,0.80,True,10:05,1987.24,10:05,1987.24,flip,-0.32,0.30,-0.62,LOSS
2023-05-02,XAUUSD,B,C2,LONG,1982.07,1982.21,1981.54,0.68,-0.15,STRADDLE,10:00,1982.21,3.08,0.87,,,,False,,,16:00,1982.99,session,0.78,0.30,0.48,WIN
2023-05-03,XAUUSD,B,C2,SHORT,2016.29,2015.98,2015.78,0.20,0.31,BELOW,10:00,2015.78,1.52,0.41,1.52,-0.39,1.91,True,10:25,2016.17,10:25,2016.17,flip,-0.39,0.30,-0.69,LOSS
2023-05-05,XAUUSD,B,C2,SHORT,2049.81,2050.01,2049.07,0.94,-0.20,STRADDLE,10:00,2049.07,0.72,1.16,0.72,-1.09,1.81,True,11:10,2050.16,11:10,2050.16,flip,-1.09,0.30,-1.39,LOSS
2023-05-08,XAUUSD,B,C2,SHORT,2016.18,2016.12,2016.09,0.04,0.06,BELOW,10:00,2016.09,0.23,1.13,0.23,-1.08,1.31,True,10:05,2017.16,10:05,2017.16,flip,-1.08,0.30,-1.38,LOSS
2023-05-09,XAUUSD,B,C2,SHORT,2021.59,2021.32,2020.36,0.96,0.27,BELOW,10:00,2020.36,0.81,1.77,0.81,-1.62,2.43,True,11:10,2021.98,11:10,2021.98,flip,-1.62,0.30,-1.92,LOSS
2023-05-10,XAUUSD,B,C2,LONG,2036.13,2037.38,2036.34,1.04,0.20,ABOVE,10:00,2037.38,0.91,1.39,0.91,-1.35,2.26,True,10:30,2036.03,10:30,2036.03,flip,-1.35,0.30,-1.65,LOSS
2023-05-11,XAUUSD,B,C2,LONG,2031.48,2032.23,2031.52,0.71,0.03,ABOVE,10:00,2032.23,4.25,0.99,4.25,-0.76,5.01,True,14:10,2031.47,14:10,2031.47,flip,-0.76,0.30,-1.06,LOSS
2023-05-12,XAUUSD,B,C2,LONG,2016.17,2016.62,2016.42,0.19,0.25,ABOVE,10:00,2016.62,0.98,1.63,0.98,-0.57,1.55,True,10:40,2016.05,10:40,2016.05,flip,-0.57,0.30,-0.87,LOSS
2023-05-15,XAUUSD,B,C2,LONG,2009.79,2010.19,2009.60,0.60,-0.40,STRADDLE,10:00,2010.19,0.41,1.36,0.41,-1.34,1.75,True,10:15,2008.86,10:15,2008.86,flip,-1.34,0.30,-1.64,LOSS
2023-05-16,XAUUSD,B,C2,LONG,2014.39,2014.56,2014.53,0.03,0.13,ABOVE,10:00,2014.56,0.63,0.14,0.63,-0.14,0.77,True,10:10,2014.42,10:10,2014.42,flip,-0.14,0.30,-0.44,LOSS
2023-05-17,XAUUSD,B,C2,LONG,1989.43,1990.70,1989.82,0.89,0.38,ABOVE,10:00,1990.70,2.41,1.25,2.41,-0.95,3.37,True,15:20,1989.75,15:20,1989.75,flip,-0.95,0.30,-1.25,LOSS
2023-05-19,XAUUSD,B,C2,LONG,1958.30,1959.28,1958.53,0.75,0.23,ABOVE,10:00,1959.28,0.59,1.30,0.59,-1.30,1.88,True,10:45,1957.98,10:45,1957.98,flip,-1.30,0.30,-1.60,LOSS
2023-05-22,XAUUSD,B,C2,SHORT,1980.58,1980.89,1980.00,0.89,-0.32,STRADDLE,10:00,1980.00,1.59,1.38,1.59,-1.08,2.66,True,10:55,1981.08,10:55,1981.08,flip,-1.08,0.30,-1.38,LOSS
2023-05-23,XAUUSD,B,C2,LONG,1970.07,1970.57,1969.91,0.66,-0.50,STRADDLE,10:00,1970.57,1.34,0.91,1.34,-0.84,2.17,True,10:45,1969.73,10:45,1969.73,flip,-0.84,0.30,-1.14,LOSS
2023-05-24,XAUUSD,B,C2,LONG,1975.37,1975.57,1975.13,0.43,-0.20,STRADDLE,10:00,1975.57,1.52,0.67,1.52,-0.51,2.03,True,10:50,1975.06,10:50,1975.06,flip,-0.51,0.30,-0.81,LOSS
2023-05-25,XAUUSD,B,C2,SHORT,1959.84,1959.79,1959.45,0.34,0.05,BELOW,10:00,1959.45,4.42,0.81,,,,False,,,16:00,1955.10,session,4.36,0.30,4.06,WIN
2023-05-26,XAUUSD,B,C2,LONG,1939.77,1941.29,1940.62,0.67,0.85,ABOVE,10:00,1941.29,0.13,1.10,0.13,-1.07,1.21,True,10:05,1940.21,10:05,1940.21,flip,-1.07,0.30,-1.37,LOSS
2023-05-29,XAUUSD,B,C2,SHORT,1944.34,1943.73,1943.14,0.59,0.61,BELOW,10:00,1943.14,2.76,2.28,2.76,-1.38,4.14,True,11:10,1944.53,11:10,1944.53,flip,-1.38,0.30,-1.68,LOSS
2023-05-30,XAUUSD,B,C2,LONG,1942.58,1942.88,1941.64,1.24,-0.30,STRADDLE,10:00,1942.88,0.38,1.80,0.38,-1.36,1.75,True,10:25,1941.52,10:25,1941.52,flip,-1.36,0.30,-1.66,LOSS
2023-05-31,XAUUSD,B,C2,LONG,1958.90,1959.46,1958.60,0.86,-0.56,STRADDLE,10:00,1959.46,0.19,1.34,0.19,-1.34,1.53,True,10:05,1958.12,10:05,1958.12,flip,-1.34,0.30,-1.64,LOSS
2023-06-01,XAUUSD,B,C2,SHORT,1966.33,1966.38,1966.10,0.28,-0.05,STRADDLE,10:00,1966.10,0.50,1.27,0.50,-0.44,0.94,True,10:10,1966.54,10:10,1966.54,flip,-0.44,0.30,-0.74,LOSS
2023-06-02,XAUUSD,B,C2,SHORT,1977.14,1977.14,1976.38,0.77,0.00,STRADDLE,10:00,1976.38,0.05,0.88,0.05,-0.83,0.88,True,10:05,1977.20,10:05,1977.20,flip,-0.83,0.30,-1.13,LOSS
2023-06-05,XAUUSD,B,C2,SHORT,1949.14,1949.46,1948.62,0.84,-0.32,STRADDLE,10:00,1948.62,5.62,0.53,,,,False,,,16:00,1945.08,session,3.55,0.30,3.25,WIN
2023-06-07,XAUUSD,B,C2,LONG,1963.24,1963.53,1963.48,0.05,0.24,ABOVE,10:00,1963.53,3.26,0.14,3.26,-0.13,3.39,True,12:05,1963.39,12:05,1963.39,flip,-0.13,0.30,-0.43,LOSS
2023-06-08,XAUUSD,B,C2,LONG,1944.32,1944.94,1944.62,0.32,0.31,ABOVE,10:00,1944.94,2.95,0.36,,,,False,,,16:00,1945.62,session,0.68,0.30,0.38,WIN
2023-06-09,XAUUSD,B,C2,SHORT,1966.19,1965.34,1964.73,0.60,0.86,BELOW,10:00,1964.73,0.51,0.67,0.51,-0.67,1.18,True,10:35,1965.40,10:35,1965.40,flip,-0.67,0.30,-0.97,LOSS
2023-06-14,XAUUSD,B,C2,SHORT,1943.57,1944.01,1943.56,0.45,-0.44,STRADDLE,10:00,1943.56,0.03,1.13,0.03,-1.08,1.11,True,10:05,1944.63,10:05,1944.63,flip,-1.08,0.30,-1.38,LOSS
2023-06-16,XAUUSD,B,C2,SHORT,1958.44,1958.28,1957.88,0.40,0.16,BELOW,10:00,1957.88,0.01,1.27,0.01,-0.90,0.91,True,10:05,1958.78,10:05,1958.78,flip,-0.90,0.30,-1.20,LOSS
2023-06-19,XAUUSD,B,C2,LONG,1956.76,1957.61,1957.22,0.39,0.46,ABOVE,10:00,1957.61,1.13,0.65,1.13,-0.64,1.78,True,10:30,1956.96,10:30,1956.96,flip,-0.64,0.30,-0.94,LOSS
2023-06-21,XAUUSD,B,C2,LONG,1937.19,1937.39,1937.38,0.01,0.19,ABOVE,10:00,1937.39,0.34,0.48,0.34,-0.03,0.37,True,10:15,1937.37,10:15,1937.37,flip,-0.03,0.30,-0.33,LOSS
2023-06-22,XAUUSD,B,C2,SHORT,1934.29,1933.92,1933.89,0.03,0.37,BELOW,10:00,1933.89,0.42,0.12,0.42,-0.04,0.46,True,10:10,1933.93,10:10,1933.93,flip,-0.04,0.30,-0.34,LOSS
2023-06-23,XAUUSD,B,C2,LONG,1914.79,1914.90,1914.62,0.28,-0.12,STRADDLE,10:00,1914.90,0.19,0.54,0.19,-0.45,0.64,True,10:05,1914.45,10:05,1914.45,flip,-0.45,0.30,-0.75,LOSS
2023-06-26,XAUUSD,B,C2,LONG,1924.81,1925.60,1925.40,0.19,0.60,ABOVE,10:00,1925.60,3.04,1.41,3.04,-0.69,3.73,True,12:05,1924.90,12:05,1924.90,flip,-0.69,0.30,-0.99,LOSS
2023-06-27,XAUUSD,B,C2,LONG,1922.45,1922.73,1922.49,0.24,0.04,ABOVE,10:00,1922.73,0.07,0.33,0.07,-0.25,0.32,True,10:05,1922.48,10:05,1922.48,flip,-0.25,0.30,-0.55,LOSS
2023-06-29,XAUUSD,B,C2,SHORT,1909.94,1909.71,1908.86,0.86,0.23,BELOW,10:00,1908.86,0.81,1.37,0.81,-1.20,2.01,True,10:55,1910.06,10:55,1910.06,flip,-1.20,0.30,-1.50,LOSS
2023-07-03,XAUUSD,B,C2,LONG,1918.21,1918.43,1918.26,0.17,0.05,ABOVE,10:00,1918.43,0.49,0.47,0.49,-0.35,0.85,True,10:20,1918.08,10:20,1918.08,flip,-0.35,0.30,-0.65,LOSS
2023-07-06,XAUUSD,B,C2,LONG,1916.97,1917.13,1916.90,0.23,-0.16,STRADDLE,10:00,1917.13,0.63,0.59,0.63,-0.48,1.11,True,10:20,1916.65,10:20,1916.65,flip,-0.48,0.30,-0.78,LOSS
2023-07-07,XAUUSD,B,C2,LONG,1911.85,1912.16,1911.70,0.46,-0.32,STRADDLE,10:00,1912.16,0.32,0.61,0.32,-0.58,0.90,True,10:25,1911.59,10:25,1911.59,flip,-0.58,0.30,-0.88,LOSS
2023-07-10,XAUUSD,B,C2,SHORT,1924.97,1924.96,1924.54,0.42,0.01,BELOW,10:00,1924.54,1.64,1.25,1.64,-1.22,2.86,True,11:00,1925.76,11:00,1925.76,flip,-1.22,0.30,-1.52,LOSS
2023-07-12,XAUUSD,B,C2,LONG,1933.27,1933.93,1933.38,0.56,0.11,ABOVE,10:00,1933.93,7.09,0.13,,,,False,,,16:00,1939.44,session,5.51,0.30,5.21,WIN
2023-07-13,XAUUSD,B,C2,SHORT,1957.74,1957.90,1957.57,0.34,-0.16,STRADDLE,10:00,1957.57,0.18,0.74,0.18,-0.66,0.84,True,10:10,1958.22,10:10,1958.22,flip,-0.66,0.30,-0.96,LOSS
2023-07-14,XAUUSD,B,C2,SHORT,1960.40,1960.14,1959.86,0.29,0.26,BELOW,10:00,1959.86,0.42,0.46,0.42,-0.46,0.88,True,10:10,1960.32,10:10,1960.32,flip,-0.46,0.30,-0.76,LOSS
2023-07-18,XAUUSD,B,C2,SHORT,1955.64,1955.48,1954.94,0.54,0.16,BELOW,10:00,1954.94,0.16,0.66,0.16,-0.63,0.80,True,10:20,1955.58,10:20,1955.58,flip,-0.63,0.30,-0.93,LOSS
2023-07-19,XAUUSD,B,C2,LONG,1976.99,1977.62,1977.55,0.08,0.56,ABOVE,10:00,1977.62,0.03,0.64,0.03,-0.41,0.44,True,10:05,1977.21,10:05,1977.21,flip,-0.41,0.30,-0.71,LOSS
2023-07-20,XAUUSD,B,C2,LONG,1977.74,1977.92,1977.78,0.14,0.04,ABOVE,10:00,1977.92,9.61,0.02,,,,False,,,16:00,1980.91,session,2.99,0.30,2.69,WIN
2023-07-21,XAUUSD,B,C2,SHORT,1972.54,1972.30,1972.02,0.28,0.24,BELOW,10:00,1972.02,0.17,0.69,0.17,-0.55,0.72,True,10:20,1972.57,10:20,1972.57,flip,-0.55,0.30,-0.85,LOSS
2023-07-24,XAUUSD,B,C2,LONG,1961.38,1961.62,1961.29,0.33,-0.23,STRADDLE,10:00,1961.62,0.30,0.75,0.30,-0.47,0.77,True,10:05,1961.14,10:05,1961.14,flip,-0.47,0.30,-0.77,LOSS
2023-07-25,XAUUSD,B,C2,LONG,1954.53,1954.58,1954.48,0.10,-0.05,STRADDLE,10:00,1954.58,0.21,0.40,0.21,-0.19,0.40,True,10:05,1954.39,10:05,1954.39,flip,-0.19,0.30,-0.49,LOSS
2023-07-26,XAUUSD,B,C2,LONG,1965.21,1966.01,1965.38,0.63,0.17,ABOVE,10:00,1966.01,0.07,0.95,0.07,-0.74,0.81,True,10:05,1965.27,10:05,1965.27,flip,-0.74,0.30,-1.04,LOSS
2023-07-27,XAUUSD,B,C2,LONG,1972.37,1972.38,1972.18,0.20,-0.02,STRADDLE,10:00,1972.38,0.17,0.51,0.17,-0.41,0.58,True,10:15,1971.97,10:15,1971.97,flip,-0.41,0.30,-0.71,LOSS
2023-07-28,XAUUSD,B,C2,SHORT,1947.74,1947.54,1946.76,0.78,0.20,BELOW,10:00,1946.76,0.65,0.98,0.65,-0.86,1.51,True,10:50,1947.62,10:50,1947.62,flip,-0.86,0.30,-1.16,LOSS
2023-07-31,XAUUSD,B,C2,SHORT,1958.45,1958.11,1958.03,0.08,0.35,BELOW,10:00,1958.03,0.44,0.91,0.44,-0.65,1.10,True,10:10,1958.68,10:10,1958.68,flip,-0.65,0.30,-0.95,LOSS
2023-08-02,XAUUSD,B,C2,SHORT,1952.62,1952.23,1951.39,0.84,0.38,BELOW,10:00,1951.39,6.03,0.07,,,,False,,,16:00,1949.81,session,1.59,0.30,1.29,WIN
2023-08-04,XAUUSD,B,C2,LONG,1935.52,1935.87,1935.84,0.03,0.32,ABOVE,10:00,1935.87,0.00,0.61,0.00,-0.54,0.54,True,10:05,1935.33,10:05,1935.33,flip,-0.54,0.30,-0.84,LOSS
2023-08-07,XAUUSD,B,C2,SHORT,1943.55,1943.96,1943.30,0.66,-0.42,STRADDLE,10:00,1943.30,0.09,1.80,0.09,-1.74,1.82,True,10:10,1945.04,10:10,1945.04,flip,-1.74,0.30,-2.04,LOSS
2023-08-08,XAUUSD,B,C2,SHORT,1937.17,1936.85,1936.63,0.21,0.33,BELOW,10:00,1936.63,5.45,0.00,,,,False,,,16:00,1933.66,session,2.97,0.30,2.67,WIN
2023-08-09,XAUUSD,B,C2,LONG,1925.55,1926.01,1925.66,0.35,0.12,ABOVE,10:00,1926.01,0.31,0.39,0.31,-0.36,0.66,True,10:15,1925.65,10:15,1925.65,flip,-0.36,0.30,-0.66,LOSS
2023-08-11,XAUUSD,B,C2,SHORT,1912.48,1912.45,1912.07,0.38,0.03,BELOW,10:00,1912.07,0.11,0.78,0.11,-0.67,0.78,True,10:10,1912.74,10:10,1912.74,flip,-0.67,0.30,-0.97,LOSS
2023-08-14,XAUUSD,B,C2,SHORT,1913.03,1913.71,1912.54,1.18,-0.69,STRADDLE,10:00,1912.54,2.39,1.26,2.39,-1.26,3.65,True,15:25,1913.80,15:25,1913.80,flip,-1.26,0.30,-1.56,LOSS
2023-08-15,XAUUSD,B,C2,SHORT,1907.93,1907.62,1907.10,0.53,0.31,BELOW,10:00,1907.10,3.29,1.22,,,,False,,,16:00,1906.16,session,0.93,0.30,0.63,WIN
2023-08-16,XAUUSD,B,C2,SHORT,1901.71,1901.48,1901.06,0.42,0.23,BELOW,10:00,1901.06,0.05,1.18,0.05,-1.08,1.12,True,10:10,1902.13,10:10,1902.13,flip,-1.08,0.30,-1.38,LOSS
2023-08-17,XAUUSD,B,C2,SHORT,1893.94,1893.45,1892.40,1.05,0.49,BELOW,10:00,1892.40,2.79,1.22,2.79,-1.05,3.85,True,12:45,1893.45,12:45,1893.45,flip,-1.05,0.30,-1.35,LOSS
2023-08-21,XAUUSD,B,C2,LONG,1888.98,1890.23,1890.08,0.16,1.09,ABOVE,10:00,1890.23,0.96,0.23,0.96,-0.17,1.13,True,10:45,1890.07,10:45,1890.07,flip,-0.17,0.30,-0.47,LOSS
2023-08-22,XAUUSD,B,C2,SHORT,1895.13,1894.80,1894.10,0.70,0.34,BELOW,10:00,1894.10,0.36,1.12,0.36,-1.12,1.47,True,10:30,1895.21,10:30,1895.21,flip,-1.12,0.30,-1.42,LOSS
2023-08-23,XAUUSD,B,C2,LONG,1898.65,1898.86,1898.71,0.14,0.06,ABOVE,10:00,1898.86,5.16,0.01,,,,False,,,16:00,1902.92,session,4.07,0.30,3.77,WIN
2023-08-25,XAUUSD,B,C2,SHORT,1916.28,1915.92,1915.89,0.03,0.36,BELOW,10:00,1915.89,0.08,0.75,0.08,-0.41,0.49,True,10:05,1916.31,10:05,1916.31,flip,-0.41,0.30,-0.71,LOSS
2023-08-28,XAUUSD,B,C2,LONG,1914.89,1915.50,1915.11,0.39,0.22,ABOVE,10:00,1915.50,2.16,0.73,,,,False,,,16:00,1916.73,session,1.23,0.30,0.93,WIN
2023-08-29,XAUUSD,B,C2,LONG,1921.35,1921.41,1921.38,0.03,0.04,ABOVE,10:00,1921.41,4.45,0.29,,,,False,,,16:00,1924.89,session,3.48,0.30,3.18,WIN
2023-08-30,XAUUSD,B,C2,LONG,1936.42,1936.49,1936.21,0.28,-0.07,STRADDLE,10:00,1936.49,0.80,0.41,0.80,-0.39,1.19,True,10:35,1936.10,10:35,1936.10,flip,-0.39,0.30,-0.69,LOSS
2023-08-31,XAUUSD,B,C2,LONG,1944.31,1944.61,1944.42,0.18,0.12,ABOVE,10:00,1944.61,3.20,0.06,,,,False,,,16:00,1944.93,session,0.33,0.30,0.03,WIN
2023-09-01,XAUUSD,B,C2,LONG,1939.83,1940.10,1939.97,0.12,0.14,ABOVE,10:00,1940.10,0.24,0.76,0.24,-0.74,0.98,True,10:10,1939.36,10:10,1939.36,flip,-0.74,0.30,-1.04,LOSS
2023-09-05,XAUUSD,B,C2,SHORT,1937.88,1937.65,1937.49,0.16,0.22,BELOW,10:00,1937.49,0.42,0.29,0.42,-0.26,0.68,True,10:45,1937.75,10:45,1937.75,flip,-0.26,0.30,-0.56,LOSS
2023-09-07,XAUUSD,B,C2,SHORT,1917.08,1917.14,1916.77,0.38,-0.07,STRADDLE,10:00,1916.77,0.42,0.80,0.42,-0.69,1.11,True,11:05,1917.45,11:05,1917.45,flip,-0.69,0.30,-0.99,LOSS
2023-09-08,XAUUSD,B,C2,LONG,1919.97,1920.62,1920.30,0.32,0.33,ABOVE,10:00,1920.62,6.64,0.03,,,,False,,,16:00,1926.30,session,5.68,0.30,5.38,WIN
2023-09-11,XAUUSD,B,C2,LONG,1919.61,1919.84,1918.94,0.90,-0.23,STRADDLE,10:00,1919.84,0.01,1.42,0.01,-0.97,0.98,True,10:05,1918.87,10:05,1918.87,flip,-0.97,0.30,-1.27,LOSS
2023-09-12,XAUUSD,B,C2,SHORT,1921.90,1921.67,1921.60,0.07,0.23,BELOW,10:00,1921.60,0.12,0.16,0.12,-0.13,0.25,True,10:05,1921.73,10:05,1921.73,flip,-0.13,0.30,-0.43,LOSS
2023-09-14,XAUUSD,B,C2,LONG,1909.15,1909.56,1909.29,0.27,0.13,ABOVE,10:00,1909.56,3.41,0.68,3.41,-0.36,3.77,True,15:10,1909.20,15:10,1909.20,flip,-0.36,0.30,-0.66,LOSS
2023-09-15,XAUUSD,B,C2,LONG,1910.16,1910.27,1909.89,0.38,-0.11,STRADDLE,10:00,1910.27,6.62,0.12,,,,False,,,16:00,1916.27,session,6.00,0.30,5.70,WIN
2023-09-18,XAUUSD,B,C2,LONG,1923.04,1923.77,1923.37,0.40,0.33,ABOVE,10:00,1923.77,6.92,0.38,,,,False,,,16:00,1929.50,session,5.73,0.30,5.43,WIN
2023-09-19,XAUUSD,B,C2,LONG,1934.21,1934.58,1934.18,0.39,-0.37,STRADDLE,10:00,1934.58,0.00,0.69,0.00,-0.65,0.65,True,10:10,1933.93,10:10,1933.93,flip,-0.65,0.30,-0.95,LOSS
2023-09-20,XAUUSD,B,C2,SHORT,1931.45,1931.45,1931.09,0.37,-0.00,STRADDLE,10:00,1931.09,2.54,0.70,,,,False,,,16:00,1930.93,session,0.15,0.30,-0.15,LOSS
2023-09-21,XAUUSD,B,C2,SHORT,1930.09,1929.49,1929.36,0.13,0.60,BELOW,10:00,1929.36,5.10,0.39,,,,False,,,16:00,1927.87,session,1.49,0.30,1.19,WIN
2023-09-22,XAUUSD,B,C2,LONG,1921.39,1921.68,1921.45,0.23,0.06,ABOVE,10:00,1921.68,3.89,0.38,,,,False,,,16:00,1924.64,session,2.96,0.30,2.66,WIN
2023-09-25,XAUUSD,B,C2,SHORT,1924.68,1924.87,1924.18,0.68,-0.18,STRADDLE,10:00,1924.18,0.79,0.88,0.79,-0.68,1.47,True,10:40,1924.87,10:40,1924.87,flip,-0.68,0.30,-0.98,LOSS
2023-09-26,XAUUSD,B,C2,SHORT,1916.70,1916.29,1916.12,0.17,0.41,BELOW,10:00,1916.12,3.03,0.43,,,,False,,,16:00,1913.31,session,2.81,0.30,2.51,WIN
2023-09-27,XAUUSD,B,C2,LONG,1902.06,1902.14,1901.60,0.55,-0.09,STRADDLE,10:00,1902.14,0.38,0.64,0.38,-0.58,0.95,True,10:30,1901.57,10:30,1901.57,flip,-0.58,0.30,-0.88,LOSS
2023-09-29,XAUUSD,B,C2,LONG,1866.14,1866.97,1866.74,0.23,0.60,ABOVE,10:00,1866.97,0.00,0.65,0.00,-0.64,0.64,True,10:05,1866.33,10:05,1866.33,flip,-0.64,0.30,-0.94,LOSS
2023-10-02,XAUUSD,B,C2,LONG,1846.51,1846.81,1846.54,0.27,0.03,ABOVE,10:00,1846.81,0.43,0.59,0.43,-0.57,1.00,True,10:15,1846.24,10:15,1846.24,flip,-0.57,0.30,-0.87,LOSS
2023-10-03,XAUUSD,B,C2,SHORT,1828.31,1828.23,1827.01,1.22,0.07,BELOW,10:00,1827.01,11.69,0.00,,,,False,,,16:00,1820.52,session,6.49,0.30,6.19,WIN
2023-10-04,XAUUSD,B,C2,SHORT,1823.11,1822.71,1822.40,0.31,0.39,BELOW,10:00,1822.40,0.01,0.99,0.01,-0.89,0.90,True,10:10,1823.30,10:10,1823.30,flip,-0.89,0.30,-1.19,LOSS
2023-10-05,XAUUSD,B,C2,LONG,1822.17,1822.45,1822.42,0.03,0.25,ABOVE,10:00,1822.45,6.77,0.64,,,,False,,,16:00,1827.31,session,4.85,0.30,4.55,WIN
2023-10-06,XAUUSD,B,C2,LONG,1821.36,1822.77,1821.25,1.52,-1.41,STRADDLE,10:00,1822.77,0.36,1.70,0.36,-1.55,1.90,True,11:15,1821.22,11:15,1821.22,flip,-1.55,0.30,-1.85,LOSS
2023-10-09,XAUUSD,B,C2,SHORT,1848.16,1849.89,1847.47,2.42,-1.73,STRADDLE,10:00,1847.47,1.21,2.99,1.21,-2.99,4.20,True,11:50,1850.46,11:50,1850.46,flip,-2.99,0.30,-3.29,LOSS
2023-10-10,XAUUSD,B,C2,SHORT,1861.74,1861.44,1860.73,0.71,0.30,BELOW,10:00,1860.73,0.00,0.81,0.00,-0.77,0.77,True,10:10,1861.51,10:10,1861.51,flip,-0.77,0.30,-1.07,LOSS
2023-10-11,XAUUSD,B,C2,LONG,1859.68,1860.09,1859.84,0.25,0.16,ABOVE,10:00,1860.09,0.71,0.42,0.71,-0.38,1.09,True,10:55,1859.71,10:55,1859.71,flip,-0.38,0.30,-0.68,LOSS
2023-10-12,XAUUSD,B,C2,LONG,1874.86,1874.94,1874.75,0.19,-0.09,STRADDLE,10:00,1874.94,1.74,0.40,1.74,-0.29,2.03,True,12:05,1874.65,12:05,1874.65,flip,-0.29,0.30,-0.59,LOSS
2023-10-19,XAUUSD,B,C2,LONG,1949.71,1950.26,1949.93,0.33,0.22,ABOVE,10:00,1950.26,3.12,1.55,3.12,-1.14,4.27,True,11:40,1949.12,11:40,1949.12,flip,-1.14,0.30,-1.44,LOSS
2023-10-23,XAUUSD,B,C2,LONG,1976.93,1977.04,1976.33,0.71,-0.10,STRADDLE,10:00,1977.04,1.25,1.27,1.25,-0.97,2.22,True,10:25,1976.07,10:25,1976.07,flip,-0.97,0.30,-1.27,LOSS
2023-10-24,XAUUSD,B,C2,LONG,1973.47,1973.51,1973.11,0.40,-0.04,STRADDLE,10:00,1973.51,0.37,1.12,0.37,-0.97,1.35,True,10:30,1972.54,10:30,1972.54,flip,-0.97,0.30,-1.27,LOSS
2023-10-26,XAUUSD,B,C2,LONG,1981.41,1983.08,1982.22,0.86,0.81,ABOVE,10:00,1983.08,0.22,0.97,0.22,-0.94,1.17,True,10:05,1982.13,10:05,1982.13,flip,-0.94,0.30,-1.24,LOSS
2023-10-27,XAUUSD,B,C2,LONG,1985.58,1985.85,1985.41,0.43,-0.27,STRADDLE,10:00,1985.85,0.34,1.08,0.34,-1.06,1.40,True,10:05,1984.79,10:05,1984.79,flip,-1.06,0.30,-1.36,LOSS
2023-10-31,XAUUSD,B,C2,SHORT,1995.44,1995.17,1994.86,0.32,0.27,BELOW,10:00,1994.86,0.28,0.47,0.28,-0.38,0.67,True,10:10,1995.24,10:10,1995.24,flip,-0.38,0.30,-0.68,LOSS
2023-11-01,XAUUSD,B,C2,SHORT,1985.32,1984.95,1984.91,0.04,0.37,BELOW,10:00,1984.91,0.33,0.29,0.33,-0.11,0.43,True,10:05,1985.02,10:05,1985.02,flip,-0.11,0.30,-0.41,LOSS
2023-11-02,XAUUSD,B,C2,LONG,1983.19,1984.42,1983.81,0.62,0.62,ABOVE,10:00,1984.42,3.80,0.97,,,,False,,,16:00,1986.12,session,1.69,0.30,1.39,WIN
2024-03-12,XAUUSD,B,C2,LONG,2181.36,2182.53,2181.29,1.24,-1.16,STRADDLE,10:00,2182.53,2.06,1.26,2.06,-1.26,3.32,True,11:40,2181.27,11:40,2181.27,flip,-1.26,0.30,-1.56,LOSS
2024-03-13,XAUUSD,B,C2,SHORT,2158.63,2158.82,2158.49,0.34,-0.19,STRADDLE,10:00,2158.49,0.65,0.78,0.65,-0.36,1.01,True,10:10,2158.84,10:10,2158.84,flip,-0.36,0.30,-0.66,LOSS
2024-03-14,XAUUSD,B,C2,LONG,2175.18,2175.43,2174.70,0.72,-0.24,STRADDLE,10:00,2175.43,0.85,1.14,0.85,-0.91,1.76,True,11:10,2174.51,11:10,2174.51,flip,-0.91,0.30,-1.21,LOSS
2024-03-15,XAUUSD,B,C2,LONG,2161.62,2161.78,2161.59,0.20,-0.16,STRADDLE,10:00,2161.78,0.14,0.35,0.14,-0.22,0.36,True,10:10,2161.56,10:10,2161.56,flip,-0.22,0.30,-0.52,LOSS
2024-03-18,XAUUSD,B,C2,LONG,2154.17,2155.41,2154.91,0.50,0.74,ABOVE,10:00,2155.41,0.09,0.71,0.09,-0.71,0.80,True,10:10,2154.70,10:10,2154.70,flip,-0.71,0.30,-1.01,LOSS
2024-03-20,XAUUSD,B,C2,SHORT,2158.49,2158.78,2158.22,0.55,-0.28,STRADDLE,10:00,2158.22,2.93,0.67,2.93,-0.59,3.53,True,12:15,2158.82,12:15,2158.82,flip,-0.59,0.30,-0.89,LOSS
2024-03-22,XAUUSD,B,C2,LONG,2181.23,2181.38,2181.37,0.01,0.14,ABOVE,10:00,2181.38,0.26,0.26,0.26,-0.15,0.41,True,10:15,2181.23,10:15,2181.23,flip,-0.15,0.30,-0.45,LOSS
2024-03-25,XAUUSD,B,C2,LONG,2165.87,2166.88,2166.41,0.47,0.54,ABOVE,10:00,2166.88,2.63,1.36,2.63,-1.14,3.77,True,11:15,2165.74,11:15,2165.74,flip,-1.14,0.30,-1.44,LOSS
2024-04-01,XAUUSD,B,C2,LONG,2236.93,2237.49,2237.08,0.41,0.14,ABOVE,10:00,2237.49,28.28,0.26,,,,False,,,16:00,2259.34,session,21.85,0.30,21.55,WIN
2024-04-02,XAUUSD,B,C2,SHORT,2254.59,2253.71,2251.64,2.07,0.88,BELOW,10:00,2251.64,4.92,2.27,4.92,-2.27,7.19,True,13:50,2253.91,13:50,2253.91,flip,-2.27,0.30,-2.57,LOSS
2024-04-03,XAUUSD,B,C2,LONG,2283.59,2283.70,2281.94,1.76,-0.11,STRADDLE,10:00,2283.70,0.00,2.11,0.00,-1.86,1.86,True,10:05,2281.84,10:05,2281.84,flip,-1.86,0.30,-2.16,LOSS
2024-04-04,XAUUSD,B,C2,SHORT,2301.07,2301.84,2300.36,1.48,-0.77,STRADDLE,10:00,2300.36,3.95,2.28,3.95,-1.99,5.93,True,11:55,2302.34,11:55,2302.34,flip,-1.99,0.30,-2.29,LOSS
2024-04-05,XAUUSD,B,C2,LONG,2288.84,2290.55,2289.81,0.74,0.97,ABOVE,10:00,2290.55,0.68,1.12,0.68,-1.04,1.72,True,10:45,2289.51,10:45,2289.51,flip,-1.04,0.30,-1.34,LOSS
2024-04-08,XAUUSD,B,C2,SHORT,2311.78,2311.39,2309.93,1.47,0.38,BELOW,10:00,2309.93,6.95,4.34,6.95,-3.68,10.64,True,11:25,2313.61,11:25,2313.61,flip,-3.68,0.30,-3.98,LOSS
2024-04-09,XAUUSD,B,C2,LONG,2339.64,2339.91,2338.88,1.03,-0.27,STRADDLE,10:00,2339.91,1.87,2.02,1.87,-1.76,3.63,True,11:00,2338.14,11:00,2338.14,flip,-1.76,0.30,-2.06,LOSS
2024-04-11,XAUUSD,B,C2,SHORT,2336.35,2335.61,2334.99,0.62,0.74,BELOW,10:00,2334.99,1.62,1.06,1.62,-1.02,2.64,True,10:30,2336.01,10:30,2336.01,flip,-1.02,0.30,-1.32,LOSS
2024-04-12,XAUUSD,B,C2,SHORT,2376.57,2376.89,2375.52,1.37,-0.32,STRADDLE,10:00,2375.52,0.88,3.69,0.88,-2.12,3.00,True,10:50,2377.64,10:50,2377.64,flip,-2.12,0.30,-2.42,LOSS
2024-04-15,XAUUSD,B,C2,SHORT,2365.42,2364.89,2361.99,2.90,0.53,BELOW,10:00,2361.99,13.56,2.84,,,,False,,,16:00,2360.30,session,1.68,0.30,1.38,WIN
2024-04-16,XAUUSD,B,C2,SHORT,2382.30,2381.99,2380.74,1.25,0.32,BELOW,10:00,2380.74,0.51,2.08,0.51,-2.07,2.58,True,10:15,2382.80,10:15,2382.80,flip,-2.07,0.30,-2.37,LOSS
2024-04-17,XAUUSD,B,C2,SHORT,2384.01,2382.83,2381.43,1.40,1.18,BELOW,10:00,2381.43,0.28,2.23,0.28,-2.23,2.51,True,10:15,2383.66,10:15,2383.66,flip,-2.23,0.30,-2.53,LOSS
2024-04-18,XAUUSD,B,C2,LONG,2366.86,2368.76,2368.08,0.68,1.22,ABOVE,10:00,2368.76,0.81,1.08,0.81,-1.08,1.89,True,10:05,2367.68,10:05,2367.68,flip,-1.08,0.30,-1.38,LOSS
2024-04-19,XAUUSD,B,C2,SHORT,2381.20,2379.93,2378.21,1.72,1.28,BELOW,10:00,2378.21,4.37,6.23,4.37,-5.78,10.15,True,11:00,2383.99,11:00,2383.99,flip,-5.78,0.30,-6.08,LOSS
2024-04-22,XAUUSD,B,C2,SHORT,2385.96,2386.62,2383.54,3.08,-0.66,STRADDLE,10:00,2383.54,22.59,1.49,,,,False,,,16:00,2363.42,session,20.12,0.30,19.82,WIN
2024-04-24,XAUUSD,B,C2,SHORT,2324.03,2323.37,2322.55,0.82,0.66,BELOW,10:00,2322.55,6.70,1.26,6.70,-1.18,7.89,True,13:10,2323.73,13:10,2323.73,flip,-1.18,0.30,-1.48,LOSS
2024-04-25,XAUUSD,B,C2,LONG,2316.12,2317.02,2316.39,0.63,0.26,ABOVE,10:00,2317.02,2.55,0.93,2.55,-0.76,3.32,True,11:10,2316.26,11:10,2316.26,flip,-0.76,0.30,-1.06,LOSS
2024-04-30,XAUUSD,B,C2,SHORT,2333.61,2333.18,2332.26,0.91,0.43,BELOW,10:00,2332.26,0.16,1.79,0.16,-1.55,1.72,True,10:05,2333.82,10:05,2333.82,flip,-1.55,0.30,-1.85,LOSS
2024-05-01,XAUUSD,B,C2,LONG,2291.46,2292.22,2291.39,0.83,-0.76,STRADDLE,10:00,2292.22,0.73,1.17,0.73,-1.17,1.90,True,10:15,2291.05,10:15,2291.05,flip,-1.17,0.30,-1.47,LOSS
2024-05-02,XAUUSD,B,C2,LONG,2324.18,2324.91,2323.95,0.96,-0.72,STRADDLE,10:00,2324.91,0.73,1.89,0.73,-1.89,2.62,True,10:25,2323.01,10:25,2323.01,flip,-1.89,0.30,-2.19,LOSS
2024-05-07,XAUUSD,B,C2,LONG,2325.41,2327.06,2326.17,0.89,0.76,ABOVE,10:00,2327.06,0.00,1.48,0.00,-1.34,1.34,True,10:05,2325.72,10:05,2325.72,flip,-1.34,0.30,-1.64,LOSS
2024-05-08,XAUUSD,B,C2,LONG,2315.09,2315.80,2315.27,0.53,0.18,ABOVE,10:00,2315.80,0.56,1.27,0.56,-0.65,1.21,True,10:25,2315.15,10:25,2315.15,flip,-0.65,0.30,-0.95,LOSS
2024-05-09,XAUUSD,B,C2,LONG,2308.72,2309.11,2308.88,0.23,0.16,ABOVE,10:00,2309.11,0.19,0.88,0.19,-0.76,0.95,True,10:05,2308.36,10:05,2308.36,flip,-0.76,0.30,-1.06,LOSS
2024-05-10,XAUUSD,B,C2,SHORT,2346.55,2346.83,2346.31,0.52,-0.28,STRADDLE,10:00,2346.31,0.12,0.71,0.12,-0.56,0.68,True,10:10,2346.87,10:10,2346.87,flip,-0.56,0.30,-0.86,LOSS
2024-05-13,XAUUSD,B,C2,LONG,2360.20,2360.75,2360.55,0.20,0.35,ABOVE,10:00,2360.75,3.80,1.86,3.80,-1.22,5.02,True,11:10,2359.53,11:10,2359.53,flip,-1.22,0.30,-1.52,LOSS
2024-05-14,XAUUSD,B,C2,SHORT,2338.84,2338.47,2338.39,0.08,0.38,BELOW,10:00,2338.39,0.59,0.68,0.59,-0.61,1.20,True,10:10,2339.00,10:10,2339.00,flip,-0.61,0.30,-0.91,LOSS
2024-05-15,XAUUSD,B,C2,LONG,2355.95,2356.18,2355.91,0.27,-0.23,STRADDLE,10:00,2356.18,0.52,0.59,0.52,-0.36,0.88,True,10:10,2355.82,10:10,2355.82,flip,-0.36,0.30,-0.66,LOSS
2024-05-16,XAUUSD,B,C2,SHORT,2391.14,2391.95,2390.64,1.31,-0.81,STRADDLE,10:00,2390.64,0.09,2.43,0.09,-2.01,2.09,True,10:10,2392.65,10:10,2392.65,flip,-2.01,0.30,-2.31,LOSS
2024-05-17,XAUUSD,B,C2,LONG,2378.57,2378.97,2377.98,0.99,-0.40,STRADDLE,10:00,2378.97,0.74,1.24,0.74,-1.05,1.79,True,10:40,2377.93,10:40,2377.93,flip,-1.05,0.30,-1.35,LOSS
2024-05-20,XAUUSD,B,C2,SHORT,2419.49,2420.38,2418.32,2.07,-0.89,STRADDLE,10:00,2418.32,1.72,3.60,1.72,-3.48,5.20,True,10:25,2421.80,10:25,2421.80,flip,-3.48,0.30,-3.78,LOSS
2024-05-21,XAUUSD,B,C2,LONG,2426.20,2427.11,2426.36,0.75,0.17,ABOVE,10:00,2427.11,0.09,1.32,0.09,-0.85,0.93,True,10:10,2426.26,10:10,2426.26,flip,-0.85,0.30,-1.15,LOSS
2024-05-22,XAUUSD,B,C2,LONG,2421.89,2422.39,2421.80,0.59,-0.49,STRADDLE,10:00,2422.39,0.85,1.59,0.85,-0.67,1.52,True,10:35,2421.72,10:35,2421.72,flip,-0.67,0.30,-0.97,LOSS
2024-05-23,XAUUSD,B,C2,LONG,2382.17,2382.60,2382.31,0.29,0.14,ABOVE,10:00,2382.60,1.18,0.88,1.18,-0.40,1.59,True,10:15,2382.20,10:15,2382.20,flip,-0.40,0.30,-0.70,LOSS
2024-05-27,XAUUSD,B,C2,SHORT,2337.80,2337.33,2336.74,0.59,0.47,BELOW,10:00,2336.74,2.21,0.89,2.21,-0.75,2.96,True,11:05,2337.49,11:05,2337.49,flip,-0.75,0.30,-1.05,LOSS
2024-05-29,XAUUSD,B,C2,LONG,2359.68,2360.14,2359.72,0.42,0.04,ABOVE,10:00,2360.14,0.97,0.78,0.97,-0.71,1.68,True,10:20,2359.43,10:20,2359.43,flip,-0.71,0.30,-1.01,LOSS
2024-05-30,XAUUSD,B,C2,SHORT,2338.70,2338.51,2336.89,1.62,0.20,BELOW,10:00,2336.89,2.84,2.27,2.84,-2.20,5.05,True,11:10,2339.09,11:10,2339.09,flip,-2.20,0.30,-2.50,LOSS
2024-05-31,XAUUSD,B,C2,SHORT,2343.97,2344.05,2343.32,0.73,-0.08,STRADDLE,10:00,2343.32,0.72,1.00,0.72,-0.78,1.49,True,10:30,2344.10,10:30,2344.10,flip,-0.78,0.30,-1.08,LOSS
2024-06-03,XAUUSD,B,C2,LONG,2326.14,2326.26,2325.93,0.33,-0.11,STRADDLE,10:00,2326.26,0.11,1.56,0.11,-1.32,1.42,True,10:05,2324.94,10:05,2324.94,flip,-1.32,0.30,-1.62,LOSS
2024-06-04,XAUUSD,B,C2,LONG,2350.43,2351.45,2350.59,0.86,0.17,ABOVE,10:00,2351.45,1.43,2.32,1.43,-1.97,3.40,True,11:05,2349.49,11:05,2349.49,flip,-1.97,0.30,-2.27,LOSS
2024-06-05,XAUUSD,B,C2,SHORT,2328.47,2328.88,2328.42,0.46,-0.41,STRADDLE,10:00,2328.42,0.65,0.83,0.65,-0.75,1.40,True,10:20,2329.17,10:20,2329.17,flip,-0.75,0.30,-1.05,LOSS
2024-06-06,XAUUSD,B,C2,SHORT,2355.43,2355.15,2354.88,0.28,0.28,BELOW,10:00,2354.88,0.20,0.66,0.20,-0.28,0.49,True,10:05,2355.16,10:05,2355.16,flip,-0.28,0.30,-0.58,LOSS
2024-06-07,XAUUSD,B,C2,SHORT,2377.05,2376.91,2376.53,0.38,0.13,BELOW,10:00,2376.53,0.31,0.58,0.31,-0.45,0.76,True,10:05,2376.99,10:05,2376.99,flip,-0.45,0.30,-0.75,LOSS
2024-06-10,XAUUSD,B,C2,LONG,2299.18,2299.71,2298.56,1.15,-0.53,STRADDLE,10:00,2299.71,0.00,1.24,0.00,-1.18,1.18,True,10:05,2298.53,10:05,2298.53,flip,-1.18,0.30,-1.48,LOSS
2024-06-11,XAUUSD,B,C2,SHORT,2309.82,2309.96,2309.57,0.39,-0.14,STRADDLE,10:00,2309.57,0.42,0.85,0.42,-0.82,1.24,True,10:35,2310.39,10:35,2310.39,flip,-0.82,0.30,-1.12,LOSS
2024-06-12,XAUUSD,B,C2,LONG,2314.51,2315.57,2315.20,0.38,0.69,ABOVE,10:00,2315.57,0.12,0.67,0.12,-0.58,0.70,True,10:10,2314.99,10:10,2314.99,flip,-0.58,0.30,-0.88,LOSS
2024-06-13,XAUUSD,B,C2,SHORT,2321.44,2320.65,2318.53,2.12,0.79,BELOW,10:00,2318.53,0.90,3.31,0.90,-3.13,4.03,True,10:25,2321.66,10:25,2321.66,flip,-3.13,0.30,-3.43,LOSS
2024-06-14,XAUUSD,B,C2,LONG,2302.05,2303.33,2302.43,0.89,0.38,ABOVE,10:00,2303.33,0.18,1.72,0.18,-1.63,1.81,True,10:10,2301.70,10:10,2301.70,flip,-1.63,0.30,-1.93,LOSS
2024-06-17,XAUUSD,B,C2,SHORT,2328.98,2328.95,2326.58,2.37,0.03,BELOW,10:00,2326.58,9.28,2.43,,,,False,,,16:00,2317.45,session,9.13,0.30,8.83,WIN
2024-06-18,XAUUSD,B,C2,LONG,2320.45,2322.18,2321.11,1.07,0.66,ABOVE,10:00,2322.18,3.41,1.76,3.41,-1.65,5.07,True,11:15,2320.53,11:15,2320.53,flip,-1.65,0.30,-1.95,LOSS
2024-06-19,XAUUSD,B,C2,LONG,2328.84,2328.94,2328.43,0.51,-0.10,STRADDLE,10:00,2328.94,0.91,0.81,0.91,-0.74,1.65,True,10:25,2328.20,10:25,2328.20,flip,-0.74,0.30,-1.04,LOSS
2024-06-21,XAUUSD,B,C2,LONG,2360.19,2361.32,2360.95,0.38,0.76,ABOVE,10:00,2361.32,3.58,1.66,3.58,-0.66,4.24,True,11:25,2360.66,11:25,2360.66,flip,-0.66,0.30,-0.96,LOSS
2024-06-24,XAUUSD,B,C2,LONG,2318.47,2320.90,2319.19,1.71,0.72,ABOVE,10:00,2320.90,0.11,2.02,0.11,-1.79,1.89,True,10:10,2319.11,10:10,2319.11,flip,-1.79,0.30,-2.09,LOSS
2024-06-25,XAUUSD,B,C2,SHORT,2330.92,2330.97,2330.58,0.39,-0.05,STRADDLE,10:00,2330.58,7.82,0.39,,,,False,,,16:00,2324.14,session,6.43,0.30,6.13,WIN
2024-06-26,XAUUSD,B,C2,SHORT,2319.99,2320.16,2319.36,0.80,-0.18,STRADDLE,10:00,2319.36,0.52,2.39,0.52,-2.38,2.89,True,10:10,2321.74,10:10,2321.74,flip,-2.38,0.30,-2.68,LOSS
2024-06-27,XAUUSD,B,C2,LONG,2298.34,2298.45,2298.44,0.01,0.10,ABOVE,10:00,2298.45,1.76,0.36,1.76,-0.16,1.92,True,10:45,2298.29,10:45,2298.29,flip,-0.16,0.30,-0.46,LOSS
2024-06-28,XAUUSD,B,C2,SHORT,2327.87,2327.76,2327.32,0.45,0.11,BELOW,10:00,2327.32,8.21,1.08,,,,False,,,16:00,2325.72,session,1.60,0.30,1.30,WIN
2024-07-01,XAUUSD,B,C2,SHORT,2325.72,2325.05,2323.43,1.61,0.67,BELOW,10:00,2323.43,1.18,1.97,1.18,-1.78,2.96,True,10:35,2325.22,10:35,2325.22,flip,-1.78,0.30,-2.08,LOSS
2024-07-02,XAUUSD,B,C2,LONG,2332.34,2333.51,2332.36,1.14,0.03,ABOVE,10:00,2333.51,0.44,1.64,0.44,-1.23,1.67,True,10:35,2332.28,10:35,2332.28,flip,-1.23,0.30,-1.53,LOSS
2024-07-03,XAUUSD,B,C2,LONG,2330.23,2330.92,2330.32,0.61,0.09,ABOVE,10:00,2330.92,1.30,0.62,1.30,-0.62,1.92,True,10:55,2330.30,10:55,2330.30,flip,-0.62,0.30,-0.93,LOSS
2024-07-04,XAUUSD,B,C2,SHORT,2358.75,2358.93,2357.72,1.21,-0.18,STRADDLE,10:00,2357.72,1.17,1.53,1.17,-1.44,2.61,True,10:50,2359.16,10:50,2359.16,flip,-1.44,0.30,-1.74,LOSS
2024-07-05,XAUUSD,B,C2,SHORT,2357.13,2356.84,2356.17,0.67,0.29,BELOW,10:00,2356.17,0.02,0.90,0.02,-0.87,0.89,True,10:05,2357.04,10:05,2357.04,flip,-0.87,0.30,-1.17,LOSS
2024-07-08,XAUUSD,B,C2,SHORT,2386.47,2386.17,2384.70,1.47,0.30,BELOW,10:00,2384.70,0.02,2.07,0.02,-2.06,2.08,True,10:15,2386.76,10:15,2386.76,flip,-2.06,0.30,-2.36,LOSS
2024-07-09,XAUUSD,B,C2,LONG,2361.65,2362.53,2361.86,0.67,0.21,ABOVE,10:00,2362.53,1.22,1.53,1.22,-1.47,2.68,True,10:30,2361.07,10:30,2361.07,flip,-1.47,0.30,-1.77,LOSS
2024-07-10,XAUUSD,B,C2,LONG,2365.14,2365.61,2365.09,0.52,-0.47,STRADDLE,10:00,2365.61,0.37,0.59,0.37,-0.55,0.92,True,10:05,2365.06,10:05,2365.06,flip,-0.55,0.30,-0.85,LOSS
2024-07-11,XAUUSD,B,C2,SHORT,2372.69,2372.89,2372.47,0.41,-0.20,STRADDLE,10:00,2372.47,0.93,0.82,0.93,-0.49,1.42,True,10:30,2372.96,10:30,2372.96,flip,-0.49,0.30,-0.79,LOSS
2024-07-12,XAUUSD,B,C2,SHORT,2414.66,2416.07,2413.35,2.72,-1.41,STRADDLE,10:00,2413.35,7.85,0.96,,,,False,,,16:00,2406.47,session,6.88,0.30,6.58,WIN
2024-07-15,XAUUSD,B,C2,SHORT,2407.44,2408.80,2407.32,1.48,-1.36,STRADDLE,10:00,2407.32,2.33,2.60,2.33,-2.21,4.55,True,11:50,2409.53,11:50,2409.53,flip,-2.21,0.30,-2.51,LOSS
2024-07-16,XAUUSD,B,C2,SHORT,2421.93,2422.62,2420.87,1.76,-0.70,STRADDLE,10:00,2420.87,0.79,2.39,0.79,-1.98,2.77,True,11:00,2422.85,11:00,2422.85,flip,-1.98,0.30,-2.28,LOSS
2024-07-17,XAUUSD,B,C2,SHORT,2467.94,2468.36,2467.76,0.61,-0.42,STRADDLE,10:00,2467.76,1.45,1.54,1.45,-1.20,2.66,True,10:30,2468.96,10:30,2468.96,flip,-1.20,0.30,-1.50,LOSS
2024-07-18,XAUUSD,B,C2,SHORT,2461.61,2461.45,2459.08,2.38,0.16,BELOW,10:00,2459.08,1.62,3.86,1.62,-3.64,5.26,True,11:10,2462.72,11:10,2462.72,flip,-3.64,0.30,-3.94,LOSS
2024-07-19,XAUUSD,B,C2,SHORT,2443.76,2441.38,2431.36,10.03,2.38,BELOW,10:00,2431.36,10.78,3.86,,,,False,,,16:00,2421.80,session,9.56,0.30,9.26,WIN
2024-07-22,XAUUSD,B,C2,SHORT,2411.30,2411.60,2409.97,1.62,-0.30,STRADDLE,10:00,2409.97,4.18,2.28,4.18,-1.92,6.11,True,11:30,2411.89,11:30,2411.89,flip,-1.92,0.30,-2.22,LOSS
2024-07-23,XAUUSD,B,C2,LONG,2395.86,2396.93,2395.81,1.12,-1.07,STRADDLE,10:00,2396.93,7.09,1.91,7.09,-1.25,8.34,True,15:00,2395.68,15:00,2395.68,flip,-1.25,0.30,-1.55,LOSS
2024-07-24,XAUUSD,B,C2,LONG,2408.86,2409.49,2408.68,0.81,-0.62,STRADDLE,10:00,2409.49,0.81,1.42,0.81,-1.12,1.93,True,10:55,2408.36,10:55,2408.36,flip,-1.12,0.30,-1.43,LOSS
2024-07-25,XAUUSD,B,C2,SHORT,2399.61,2398.89,2398.07,0.82,0.72,BELOW,10:00,2398.07,31.21,2.08,,,,False,,,16:00,2376.74,session,21.33,0.30,21.03,WIN
2024-07-26,XAUUSD,B,C2,LONG,2363.72,2364.73,2363.86,0.88,0.14,ABOVE,10:00,2364.73,0.72,1.29,0.72,-1.01,1.74,True,10:25,2363.72,10:25,2363.72,flip,-1.01,0.30,-1.31,LOSS
2024-07-30,XAUUSD,B,C2,LONG,2382.11,2383.01,2381.28,1.72,-0.89,STRADDLE,10:00,2383.01,0.22,1.95,0.22,-1.75,1.97,True,10:10,2381.26,10:10,2381.26,flip,-1.75,0.30,-2.05,LOSS
2024-07-31,XAUUSD,B,C2,SHORT,2409.36,2409.91,2408.95,0.96,-0.55,STRADDLE,10:00,2408.95,5.01,3.37,5.01,-2.26,7.26,True,11:40,2411.20,11:40,2411.20,flip,-2.26,0.30,-2.56,LOSS
2024-08-01,XAUUSD,B,C2,LONG,2445.39,2446.07,2445.84,0.24,0.45,ABOVE,10:00,2446.07,0.95,0.74,0.95,-0.57,1.52,True,10:20,2445.50,10:20,2445.50,flip,-0.57,0.30,-0.87,LOSS
2024-08-02,XAUUSD,B,C2,SHORT,2445.46,2446.00,2444.82,1.18,-0.54,STRADDLE,10:00,2444.82,0.28,2.59,0.28,-2.22,2.50,True,10:15,2447.03,10:15,2447.03,flip,-2.22,0.30,-2.52,LOSS
2024-08-05,XAUUSD,B,C2,SHORT,2439.55,2441.16,2437.28,3.88,-1.61,STRADDLE,10:00,2437.28,23.49,8.95,23.49,-7.91,31.41,True,12:50,2445.20,12:50,2445.20,flip,-7.91,0.30,-8.21,LOSS
2024-08-06,XAUUSD,B,C2,LONG,2406.15,2407.49,2404.93,2.56,-1.34,STRADDLE,10:00,2407.49,10.93,5.38,10.93,-5.07,16.01,True,15:45,2402.42,15:45,2402.42,flip,-5.07,0.30,-5.37,LOSS
2024-08-08,XAUUSD,B,C2,SHORT,2384.86,2384.90,2383.80,1.11,-0.04,STRADDLE,10:00,2383.80,0.51,2.88,0.51,-2.37,2.88,True,10:20,2386.16,10:20,2386.16,flip,-2.37,0.30,-2.67,LOSS
2024-08-09,XAUUSD,B,C2,LONG,2423.34,2425.12,2424.66,0.47,1.32,ABOVE,10:00,2425.12,0.07,1.57,0.07,-1.57,1.64,True,10:05,2423.56,10:05,2423.56,flip,-1.57,0.30,-1.87,LOSS
2024-08-12,XAUUSD,B,C2,SHORT,2428.01,2428.05,2427.34,0.70,-0.03,STRADDLE,10:00,2427.34,0.11,1.22,0.11,-0.88,0.98,True,10:05,2428.22,10:05,2428.22,flip,-0.88,0.30,-1.18,LOSS
2024-08-13,XAUUSD,B,C2,LONG,2474.41,2475.93,2475.57,0.36,1.16,ABOVE,10:00,2475.93,1.03,0.86,1.03,-0.67,1.70,True,10:15,2475.26,10:15,2475.26,flip,-0.67,0.30,-0.97,LOSS
2024-08-14,XAUUSD,B,C2,LONG,2463.73,2464.28,2464.24,0.04,0.51,ABOVE,10:00,2464.28,8.37,1.76,8.37,-0.91,9.29,True,12:00,2463.37,12:00,2463.37,flip,-0.91,0.30,-1.21,LOSS
2024-08-15,XAUUSD,B,C2,LONG,2448.51,2449.52,2449.50,0.02,0.99,ABOVE,10:00,2449.52,0.47,0.92,0.47,-0.34,0.81,True,10:20,2449.18,10:20,2449.18,flip,-0.34,0.30,-0.64,LOSS
2024-08-16,XAUUSD,B,C2,LONG,2457.82,2457.89,2457.39,0.50,-0.07,STRADDLE,10:00,2457.89,2.26,1.97,2.26,-1.50,3.76,True,11:30,2456.39,11:30,2456.39,flip,-1.50,0.30,-1.80,LOSS
2024-08-19,XAUUSD,B,C2,SHORT,2505.74,2506.54,2505.67,0.87,-0.80,STRADDLE,10:00,2505.67,0.47,1.13,0.47,-0.92,1.39,True,10:10,2506.59,10:10,2506.59,flip,-0.92,0.30,-1.22,LOSS
2024-08-20,XAUUSD,B,C2,LONG,2503.36,2504.47,2503.73,0.74,0.38,ABOVE,10:00,2504.47,3.80,2.67,3.80,-1.46,5.26,True,11:10,2503.01,11:10,2503.01,flip,-1.46,0.30,-1.76,LOSS
2024-08-22,XAUUSD,B,C2,LONG,2513.15,2513.31,2512.88,0.43,-0.16,STRADDLE,10:00,2513.31,0.00,1.00,0.00,-0.95,0.95,True,10:05,2512.36,10:05,2512.36,flip,-0.95,0.30,-1.25,LOSS
2024-08-28,XAUUSD,B,C2,SHORT,2526.28,2525.37,2524.74,0.63,0.91,BELOW,10:00,2524.74,21.41,1.19,,,,False,,,16:00,2504.72,session,20.02,0.30,19.72,WIN
2024-08-29,XAUUSD,B,C2,LONG,2507.82,2509.95,2508.22,1.73,0.40,ABOVE,10:00,2509.95,10.09,0.75,,,,False,,,16:00,2518.55,session,8.61,0.30,8.31,WIN
2024-08-30,XAUUSD,B,C2,SHORT,2519.49,2519.68,2518.61,1.08,-0.20,STRADDLE,10:00,2518.61,6.35,1.59,,,,False,,,16:00,2513.74,session,4.86,0.30,4.56,WIN
2024-09-04,XAUUSD,B,C2,LONG,2493.82,2494.42,2493.35,1.07,-0.60,STRADDLE,10:00,2494.42,0.09,1.56,0.09,-1.23,1.32,True,10:10,2493.19,10:10,2493.19,flip,-1.23,0.30,-1.53,LOSS
2024-09-05,XAUUSD,B,C2,LONG,2495.37,2496.57,2495.98,0.59,0.61,ABOVE,10:00,2496.57,0.04,1.14,0.04,-1.00,1.04,True,10:05,2495.57,10:05,2495.57,flip,-1.00,0.30,-1.30,LOSS
2024-09-09,XAUUSD,B,C2,LONG,2496.43,2497.95,2497.01,0.94,0.59,ABOVE,10:00,2497.95,0.29,1.32,0.29,-1.16,1.45,True,10:20,2496.80,10:20,2496.80,flip,-1.16,0.30,-1.46,LOSS
2024-09-11,XAUUSD,B,C2,LONG,2517.86,2518.78,2518.69,0.09,0.84,ABOVE,10:00,2518.78,0.10,1.12,0.10,-0.52,0.62,True,10:05,2518.26,10:05,2518.26,flip,-0.52,0.30,-0.82,LOSS
2024-09-12,XAUUSD,B,C2,SHORT,2511.93,2512.01,2511.86,0.15,-0.08,STRADDLE,10:00,2511.86,0.10,0.62,0.10,-0.42,0.52,True,10:05,2512.28,10:05,2512.28,flip,-0.42,0.30,-0.72,LOSS
2024-09-13,XAUUSD,B,C2,SHORT,2557.41,2558.57,2557.05,1.52,-1.16,STRADDLE,10:00,2557.05,0.20,2.15,0.20,-2.05,2.25,True,10:15,2559.10,10:15,2559.10,flip,-2.05,0.30,-2.35,LOSS
2024-09-17,XAUUSD,B,C2,LONG,2583.71,2584.18,2583.78,0.40,0.07,ABOVE,10:00,2584.18,0.24,0.55,0.24,-0.51,0.75,True,10:05,2583.68,10:05,2583.68,flip,-0.51,0.30,-0.81,LOSS
2024-09-18,XAUUSD,B,C2,LONG,2573.84,2574.21,2574.09,0.12,0.26,ABOVE,10:00,2574.21,0.24,0.52,0.24,-0.32,0.57,True,10:05,2573.89,10:05,2573.89,flip,-0.32,0.30,-0.62,LOSS
2024-09-23,XAUUSD,B,C2,SHORT,2620.89,2620.28,2619.45,0.83,0.61,BELOW,10:00,2619.45,3.28,1.64,3.28,-1.64,4.91,True,11:35,2621.09,11:35,2621.09,flip,-1.64,0.30,-1.94,LOSS
2024-09-24,XAUUSD,B,C2,SHORT,2626.16,2626.43,2625.20,1.23,-0.27,STRADDLE,10:00,2625.20,1.33,1.82,1.33,-1.65,2.98,True,11:00,2626.85,11:00,2626.85,flip,-1.65,0.30,-1.95,LOSS
2024-09-25,XAUUSD,B,C2,SHORT,2658.52,2658.32,2657.59,0.73,0.20,BELOW,10:00,2657.59,0.32,1.05,0.32,-0.77,1.09,True,10:10,2658.36,10:10,2658.36,flip,-0.77,0.30,-1.07,LOSS
2024-09-27,XAUUSD,B,C2,SHORT,2672.59,2672.68,2671.30,1.38,-0.09,STRADDLE,10:00,2671.30,5.01,1.86,5.01,-1.46,6.47,True,13:35,2672.76,13:35,2672.76,flip,-1.46,0.30,-1.76,LOSS
2024-09-30,XAUUSD,B,C2,LONG,2664.30,2665.09,2663.66,1.44,-0.79,STRADDLE,10:00,2665.09,0.96,2.34,0.96,-1.85,2.81,True,10:20,2663.24,10:20,2663.24,flip,-1.85,0.30,-2.15,LOSS
2024-10-01,XAUUSD,B,C2,LONG,2635.35,2636.02,2635.85,0.17,0.50,ABOVE,10:00,2636.02,0.79,1.38,0.79,-1.30,2.09,True,10:35,2634.72,10:35,2634.72,flip,-1.30,0.30,-1.60,LOSS
2024-10-02,XAUUSD,B,C2,SHORT,2660.74,2660.41,2660.09,0.32,0.32,BELOW,10:00,2660.09,3.70,0.76,3.70,-0.68,4.38,True,11:45,2660.77,11:45,2660.77,flip,-0.68,0.30,-0.98,LOSS
2024-10-03,XAUUSD,B,C2,LONG,2660.45,2660.85,2660.39,0.46,-0.39,STRADDLE,10:00,2660.85,2.16,1.54,2.16,-1.46,3.62,True,10:10,2659.39,10:10,2659.39,flip,-1.46,0.30,-1.76,LOSS
2024-10-04,XAUUSD,B,C2,LONG,2655.33,2656.14,2655.89,0.24,0.57,ABOVE,10:00,2656.14,11.73,0.58,,,,False,,,16:00,2667.03,session,10.89,0.30,10.59,WIN
2024-10-07,XAUUSD,B,C2,SHORT,2650.79,2650.88,2650.25,0.62,-0.09,STRADDLE,10:00,2650.25,0.07,0.99,0.07,-0.89,0.96,True,10:10,2651.14,10:10,2651.14,flip,-0.89,0.30,-1.19,LOSS
2024-10-09,XAUUSD,B,C2,LONG,2621.70,2622.67,2622.11,0.56,0.42,ABOVE,10:00,2622.67,1.16,0.69,1.16,-0.65,1.81,True,10:55,2622.02,10:55,2622.02,flip,-0.65,0.30,-0.95,LOSS
2024-10-11,XAUUSD,B,C2,LONG,2628.59,2629.34,2628.34,1.00,-0.74,STRADDLE,10:00,2629.34,16.80,0.14,,,,False,,,16:00,2645.66,session,16.33,0.30,16.03,WIN
2024-10-14,XAUUSD,B,C2,SHORT,2650.20,2650.41,2649.89,0.51,-0.21,STRADDLE,10:00,2649.89,6.65,0.97,6.65,-0.78,7.43,True,13:30,2650.68,13:30,2650.68,flip,-0.78,0.30,-1.08,LOSS
2024-10-15,XAUUSD,B,C2,LONG,2650.11,2650.43,2650.12,0.31,0.01,ABOVE,10:00,2650.43,0.59,0.98,0.59,-0.95,1.54,True,10:40,2649.48,10:40,2649.48,flip,-0.95,0.30,-1.25,LOSS
2024-10-16,XAUUSD,B,C2,SHORT,2662.57,2662.28,2662.01,0.27,0.29,BELOW,10:00,2662.01,0.66,0.61,0.66,-0.34,1.01,True,10:40,2662.36,10:40,2662.36,flip,-0.34,0.30,-0.64,LOSS
2024-10-18,XAUUSD,B,C2,SHORT,2693.27,2692.76,2692.53,0.22,0.51,BELOW,10:00,2692.53,0.00,0.71,0.00,-0.71,0.71,True,10:05,2693.24,10:05,2693.24,flip,-0.71,0.30,-1.01,LOSS
2024-10-21,XAUUSD,B,C2,LONG,2722.20,2724.07,2723.70,0.37,1.49,ABOVE,10:00,2724.07,0.37,0.62,0.37,-0.47,0.84,True,10:15,2723.60,10:15,2723.60,flip,-0.47,0.30,-0.77,LOSS
2024-10-22,XAUUSD,B,C2,SHORT,2720.78,2720.78,2720.51,0.28,-0.01,STRADDLE,10:00,2720.51,0.00,0.47,0.00,-0.43,0.43,True,10:05,2720.93,10:05,2720.93,flip,-0.43,0.30,-0.73,LOSS
2024-10-24,XAUUSD,B,C2,LONG,2717.93,2719.30,2718.11,1.18,0.18,ABOVE,10:00,2719.30,7.95,1.37,,,,False,,,16:00,2727.09,session,7.80,0.30,7.50,WIN
2024-10-25,XAUUSD,B,C2,LONG,2735.05,2735.12,2734.69,0.43,-0.07,STRADDLE,10:00,2735.12,0.43,1.09,0.43,-1.09,1.52,True,10:45,2734.03,10:45,2734.03,flip,-1.09,0.30,-1.39,LOSS
2024-10-28,XAUUSD,B,C2,LONG,2732.72,2736.68,2734.66,2.02,1.93,ABOVE,10:00,2736.68,3.65,3.08,3.65,-2.85,6.50,True,11:05,2733.83,11:05,2733.83,flip,-2.85,0.30,-3.15,LOSS
2024-10-30,XAUUSD,B,C2,SHORT,2774.93,2774.76,2774.24,0.53,0.17,BELOW,10:00,2774.24,0.71,1.02,0.71,-0.82,1.53,True,10:50,2775.05,10:50,2775.05,flip,-0.82,0.30,-1.12,LOSS
2024-10-31,XAUUSD,B,C2,LONG,2786.90,2787.88,2787.51,0.36,0.61,ABOVE,10:00,2787.88,0.28,0.62,0.28,-0.55,0.83,True,10:10,2787.33,10:10,2787.33,flip,-0.55,0.30,-0.85,LOSS
2025-03-10,XAUUSD,B,C2,LONG,2911.96,2912.74,2911.99,0.75,0.03,ABOVE,10:00,2912.74,5.64,2.93,5.64,-1.98,7.62,True,13:10,2910.76,13:10,2910.76,flip,-1.98,0.30,-2.28,LOSS
2025-03-12,XAUUSD,B,C2,LONG,2915.47,2918.43,2917.79,0.64,2.32,ABOVE,10:00,2918.43,1.32,1.00,1.32,-0.84,2.16,True,10:10,2917.59,10:10,2917.59,flip,-0.84,0.30,-1.14,LOSS
2025-03-13,XAUUSD,B,C2,LONG,2937.78,2938.58,2938.22,0.36,0.43,ABOVE,10:00,2938.58,0.66,1.31,0.66,-1.18,1.84,True,10:05,2937.39,10:05,2937.39,flip,-1.18,0.30,-1.48,LOSS
2025-03-14,XAUUSD,B,C2,SHORT,2987.20,2987.32,2986.39,0.93,-0.11,STRADDLE,10:00,2986.39,0.62,2.97,0.62,-2.61,3.22,True,10:25,2988.99,10:25,2988.99,flip,-2.61,0.30,-2.91,LOSS
2025-03-17,XAUUSD,B,C2,LONG,2989.15,2989.48,2989.18,0.30,0.03,ABOVE,10:00,2989.48,4.76,1.14,4.76,-1.14,5.89,True,11:10,2988.34,11:10,2988.34,flip,-1.14,0.30,-1.44,LOSS
2025-03-18,XAUUSD,B,C2,LONG,3000.36,3000.97,3000.33,0.64,-0.61,STRADDLE,10:00,3000.97,1.92,1.31,1.92,-1.16,3.08,True,10:55,2999.81,10:55,2999.81,flip,-1.16,0.30,-1.46,LOSS
2025-03-19,XAUUSD,B,C2,LONG,3034.04,3034.66,3034.53,0.12,0.49,ABOVE,10:00,3034.66,0.41,0.98,0.41,-0.98,1.39,True,10:10,3033.68,10:10,3033.68,flip,-0.98,0.30,-1.28,LOSS
2025-03-20,XAUUSD,B,C2,SHORT,3049.45,3050.24,3049.30,0.93,-0.78,STRADDLE,10:00,3049.30,0.51,1.20,0.51,-1.20,1.71,True,10:20,3050.50,10:20,3050.50,flip,-1.20,0.30,-1.50,LOSS
2025-03-21,XAUUSD,B,C2,LONG,3045.11,3045.89,3045.84,0.05,0.72,ABOVE,10:00,3045.89,0.10,0.65,0.10,-0.65,0.75,True,10:05,3045.24,10:05,3045.24,flip,-0.65,0.30,-0.95,LOSS
2025-03-24,XAUUSD,B,C2,SHORT,3025.24,3025.68,3024.55,1.14,-0.44,STRADDLE,10:00,3024.55,1.16,1.86,1.16,-1.34,2.49,True,10:15,3025.88,10:15,3025.88,flip,-1.34,0.30,-1.64,LOSS
2025-03-25,XAUUSD,B,C2,LONG,3010.17,3011.86,3011.51,0.35,1.34,ABOVE,10:00,3011.86,0.61,0.40,0.61,-0.38,0.98,True,10:10,3011.49,10:10,3011.49,flip,-0.38,0.30,-0.68,LOSS
2025-03-26,XAUUSD,B,C2,LONG,3020.82,3021.47,3021.46,0.01,0.64,ABOVE,10:00,3021.47,0.21,0.28,0.21,-0.27,0.48,True,10:10,3021.20,10:10,3021.20,flip,-0.27,0.30,-0.57,LOSS
2025-03-27,XAUUSD,B,C2,SHORT,3020.01,3019.55,3018.78,0.76,0.47,BELOW,10:00,3018.78,1.12,1.03,1.12,-1.03,2.16,True,10:05,3019.82,10:05,3019.82,flip,-1.03,0.30,-1.33,LOSS
2025-03-28,XAUUSD,B,C2,SHORT,3055.93,3055.16,3054.51,0.65,0.77,BELOW,10:00,3054.51,0.27,0.80,0.27,-0.78,1.05,True,10:40,3055.28,10:40,3055.28,flip,-0.78,0.30,-1.08,LOSS
2025-03-31,XAUUSD,B,C2,SHORT,3089.57,3090.14,3088.78,1.36,-0.57,STRADDLE,10:00,3088.78,0.72,1.96,0.72,-1.48,2.20,True,10:10,3090.26,10:10,3090.26,flip,-1.48,0.30,-1.78,LOSS
2025-04-01,XAUUSD,B,C2,LONG,3123.47,3125.07,3122.89,2.18,-1.59,STRADDLE,10:00,3125.07,1.53,4.81,1.53,-4.76,6.30,True,10:50,3120.30,10:50,3120.30,flip,-4.76,0.30,-5.06,LOSS
2025-04-02,XAUUSD,B,C2,LONG,3113.31,3113.73,3111.48,2.25,-0.42,STRADDLE,10:00,3113.73,22.07,2.38,,,,False,,,16:00,3116.89,session,3.16,0.30,2.86,WIN
2025-04-03,XAUUSD,B,C2,LONG,3144.70,3148.82,3145.99,2.82,1.30,ABOVE,10:00,3148.82,19.02,6.05,19.02,-6.05,25.07,True,11:15,3142.76,11:15,3142.76,flip,-6.05,0.30,-6.35,LOSS
2025-04-04,XAUUSD,B,C2,SHORT,3112.99,3115.47,3112.56,2.91,-2.48,STRADDLE,10:00,3112.56,2.71,3.49,2.71,-3.28,5.99,True,10:45,3115.84,10:45,3115.84,flip,-3.28,0.30,-3.58,LOSS
2025-04-08,XAUUSD,B,C2,LONG,2982.40,2983.62,2981.30,2.32,-1.22,STRADDLE,10:00,2983.62,24.80,2.16,,,,False,,,16:00,3005.39,session,21.78,0.30,21.48,WIN
2025-04-10,XAUUSD,B,C2,SHORT,3083.89,3086.80,3082.94,3.86,-2.91,STRADDLE,10:00,3082.94,0.39,4.73,0.39,-3.97,4.36,True,10:10,3086.91,10:10,3086.91,flip,-3.97,0.30,-4.27,LOSS
2025-04-11,XAUUSD,B,C2,SHORT,3188.86,3189.11,3186.88,2.22,-0.25,STRADDLE,10:00,3186.88,1.88,3.71,1.88,-3.24,5.11,True,10:10,3190.12,10:10,3190.12,flip,-3.24,0.30,-3.54,LOSS
2025-04-14,XAUUSD,B,C2,SHORT,3221.97,3223.86,3221.49,2.37,-1.88,STRADDLE,10:00,3221.49,0.00,3.66,0.00,-3.27,3.27,True,10:15,3224.76,10:15,3224.76,flip,-3.27,0.30,-3.57,LOSS
2025-04-15,XAUUSD,B,C2,SHORT,3213.91,3212.66,3211.34,1.32,1.26,BELOW,10:00,3211.34,0.49,2.92,0.49,-2.78,3.26,True,10:10,3214.12,10:10,3214.12,flip,-2.78,0.30,-3.08,LOSS
2025-04-16,XAUUSD,B,C2,LONG,3244.05,3258.99,3251.91,7.07,7.87,ABOVE,10:00,3258.99,32.95,5.72,,,,False,,,16:00,3287.07,session,28.09,0.30,27.79,WIN
2025-04-17,XAUUSD,B,C2,SHORT,3352.01,3350.27,3346.19,4.08,1.74,BELOW,10:00,3346.19,4.18,7.32,4.18,-6.87,11.05,True,11:10,3353.06,11:10,3353.06,flip,-6.87,0.30,-7.17,LOSS
2025-04-21,XAUUSD,B,C2,LONG,3349.42,3353.70,3348.34,5.36,-4.28,STRADDLE,10:00,3353.70,33.36,1.34,,,,False,,,16:00,3385.68,session,31.98,0.30,31.68,WIN
2025-04-22,XAUUSD,B,C2,SHORT,3436.39,3434.53,3419.24,15.30,1.86,BELOW,10:00,3419.24,3.86,17.34,3.86,-16.77,20.63,True,11:15,3436.01,11:15,3436.01,flip,-16.77,0.30,-17.07,LOSS
2025-04-28,XAUUSD,B,C2,LONG,3302.11,3308.28,3302.80,5.48,0.69,ABOVE,10:00,3308.28,7.88,6.95,7.88,-6.37,14.25,True,11:15,3301.91,11:15,3301.91,flip,-6.37,0.30,-6.67,LOSS
2025-04-29,XAUUSD,B,C2,SHORT,3339.34,3337.66,3335.00,2.66,1.67,BELOW,10:00,3335.00,1.64,2.96,1.64,-2.78,4.43,True,10:10,3337.78,10:10,3337.78,flip,-2.78,0.30,-3.08,LOSS
2025-04-30,XAUUSD,B,C2,LONG,3315.81,3321.33,3317.18,4.15,1.37,ABOVE,10:00,3321.33,6.83,5.19,6.83,-4.92,11.75,True,10:35,3316.41,10:35,3316.41,flip,-4.92,0.30,-5.22,LOSS
2025-05-02,XAUUSD,B,C2,LONG,3237.30,3240.12,3237.44,2.68,0.14,ABOVE,10:00,3240.12,4.34,8.24,4.34,-7.45,11.78,True,10:45,3232.68,10:45,3232.68,flip,-7.45,0.30,-7.75,LOSS
2025-05-05,XAUUSD,B,C2,SHORT,3250.09,3248.16,3246.58,1.58,1.93,BELOW,10:00,3246.58,5.38,6.77,5.38,-6.74,12.12,True,11:00,3253.32,11:00,3253.32,flip,-6.74,0.30,-7.04,LOSS
2025-05-06,XAUUSD,B,C2,SHORT,3334.46,3334.13,3332.28,1.85,0.33,BELOW,10:00,3332.28,9.53,18.15,9.53,-17.51,27.04,True,11:00,3349.80,11:00,3349.80,flip,-17.51,0.30,-17.81,LOSS
2025-05-08,XAUUSD,B,C2,SHORT,3375.53,3376.52,3374.62,1.90,-0.99,STRADDLE,10:00,3374.62,0.78,4.20,0.78,-4.05,4.83,True,10:10,3378.67,10:10,3378.67,flip,-4.05,0.30,-4.35,LOSS
2025-05-09,XAUUSD,B,C2,LONG,3316.16,3317.84,3316.47,1.37,0.30,ABOVE,10:00,3317.84,2.01,2.79,2.01,-2.19,4.20,True,10:05,3315.64,10:05,3315.64,flip,-2.19,0.30,-2.49,LOSS
2025-05-14,XAUUSD,B,C2,SHORT,3254.82,3254.44,3249.14,5.30,0.38,BELOW,10:00,3249.14,27.58,2.76,,,,False,,,16:00,3233.58,session,15.57,0.30,15.27,WIN
2025-05-15,XAUUSD,B,C2,SHORT,3186.14,3186.16,3182.41,3.74,-0.01,STRADDLE,10:00,3182.41,2.11,4.88,2.11,-4.43,6.54,True,10:50,3186.84,10:50,3186.84,flip,-4.43,0.30,-4.73,LOSS
2025-05-16,XAUUSD,B,C2,LONG,3238.26,3240.89,3237.26,3.64,-2.64,STRADDLE,10:00,3240.89,1.53,7.51,1.53,-3.84,5.37,True,10:20,3237.05,10:20,3237.05,flip,-3.84,0.30,-4.14,LOSS
2025-05-19,XAUUSD,B,C2,LONG,3227.36,3236.66,3235.03,1.63,7.66,ABOVE,10:00,3236.66,13.19,5.52,13.19,-3.07,16.26,True,11:10,3233.59,11:10,3233.59,flip,-3.07,0.30,-3.37,LOSS
2025-05-20,XAUUSD,B,C2,LONG,3223.46,3223.91,3222.74,1.17,-0.45,STRADDLE,10:00,3223.91,0.24,3.47,0.24,-3.46,3.70,True,10:10,3220.45,10:10,3220.45,flip,-3.46,0.30,-3.76,LOSS
2025-05-21,XAUUSD,B,C2,LONG,3291.91,3292.25,3290.63,1.62,-0.34,STRADDLE,10:00,3292.25,22.57,5.51,22.57,-4.90,27.47,True,11:20,3287.35,11:20,3287.35,flip,-4.90,0.30,-5.20,LOSS
2025-05-22,XAUUSD,B,C2,LONG,3322.31,3322.68,3320.12,2.56,-0.37,STRADDLE,10:00,3322.68,22.79,3.07,,,,False,,,16:00,3334.99,session,12.31,0.30,12.01,WIN
2025-05-23,XAUUSD,B,C2,SHORT,3301.55,3300.22,3295.43,4.79,1.33,BELOW,10:00,3295.43,1.93,7.60,1.93,-7.50,9.43,True,10:15,3302.93,10:15,3302.93,flip,-7.50,0.30,-7.80,LOSS
2025-05-26,XAUUSD,B,C2,LONG,3344.02,3344.60,3342.72,1.88,-0.58,STRADDLE,10:00,3344.60,1.68,4.10,1.68,-2.57,4.25,True,10:05,3342.03,10:05,3342.03,flip,-2.57,0.30,-2.87,LOSS
2025-05-27,XAUUSD,B,C2,SHORT,3346.44,3346.20,3345.41,0.79,0.24,BELOW,10:00,3345.41,0.13,2.12,0.13,-1.91,2.05,True,10:05,3347.33,10:05,3347.33,flip,-1.91,0.30,-2.21,LOSS
2025-05-28,XAUUSD,B,C2,LONG,3309.63,3310.82,3309.53,1.29,-1.19,STRADDLE,10:00,3310.82,5.06,2.57,5.06,-2.22,7.28,True,10:55,3308.61,10:55,3308.61,flip,-2.22,0.30,-2.52,LOSS
2025-05-29,XAUUSD,B,C2,LONG,3259.05,3262.92,3259.93,2.99,0.88,ABOVE,10:00,3262.92,2.08,9.05,2.08,-4.53,6.61,True,10:15,3258.39,10:15,3258.39,flip,-4.53,0.30,-4.83,LOSS
2025-05-30,XAUUSD,B,C2,LONG,3314.32,3318.20,3315.57,2.64,1.25,ABOVE,10:00,3318.20,0.74,4.57,0.74,-3.82,4.56,True,10:10,3314.39,10:10,3314.39,flip,-3.82,0.30,-4.12,LOSS
2025-06-02,XAUUSD,B,C2,LONG,3311.68,3311.69,3310.22,1.47,-0.01,STRADDLE,10:00,3311.69,3.38,5.30,3.38,-5.04,8.41,True,10:35,3306.65,10:35,3306.65,flip,-5.04,0.30,-5.34,LOSS
2025-06-03,XAUUSD,B,C2,SHORT,3386.38,3387.49,3384.72,2.77,-1.12,STRADDLE,10:00,3384.72,28.37,0.00,,,,False,,,16:00,3365.28,session,19.44,0.30,19.14,WIN
2025-06-04,XAUUSD,B,C2,SHORT,3359.64,3360.07,3356.28,3.78,-0.43,STRADDLE,10:00,3356.28,9.75,5.41,9.75,-5.14,14.90,True,11:15,3361.43,11:15,3361.43,flip,-5.14,0.30,-5.44,LOSS
2025-06-05,XAUUSD,B,C2,SHORT,3375.64,3378.21,3374.72,3.49,-2.57,STRADDLE,10:00,3374.72,0.16,3.63,0.16,-3.62,3.79,True,10:10,3378.34,10:10,3378.34,flip,-3.62,0.30,-3.92,LOSS
2025-06-06,XAUUSD,B,C2,LONG,3361.58,3363.73,3361.91,1.82,0.33,ABOVE,10:00,3363.73,0.43,2.34,0.43,-1.99,2.41,True,10:35,3361.74,10:35,3361.74,flip,-1.99,0.30,-2.29,LOSS
2025-06-10,XAUUSD,B,C2,SHORT,3325.68,3326.88,3321.63,5.24,-1.20,STRADDLE,10:00,3321.63,19.62,3.71,,,,False,,,16:00,3317.53,session,4.10,0.30,3.80,WIN
2025-06-11,XAUUSD,B,C2,SHORT,3326.15,3328.01,3325.45,2.56,-1.86,STRADDLE,10:00,3325.45,0.00,3.33,0.00,-2.61,2.61,True,10:05,3328.06,10:05,3328.06,flip,-2.61,0.30,-2.91,LOSS
2025-06-13,XAUUSD,B,C2,LONG,3389.91,3400.94,3395.86,5.09,5.94,ABOVE,10:00,3400.94,43.55,1.56,,,,False,,,16:00,3425.84,session,24.90,0.30,24.60,WIN
2025-06-16,XAUUSD,B,C2,SHORT,3443.33,3444.22,3439.82,4.40,-0.89,STRADDLE,10:00,3439.82,0.49,5.82,0.49,-4.49,4.97,True,10:05,3444.30,10:05,3444.30,flip,-4.49,0.30,-4.79,LOSS
2025-06-18,XAUUSD,B,C2,SHORT,3385.93,3387.43,3385.74,1.69,-1.49,STRADDLE,10:00,3385.74,2.67,3.23,2.67,-1.78,4.45,True,10:45,3387.51,10:45,3387.51,flip,-1.78,0.30,-2.08,LOSS
2025-06-19,XAUUSD,B,C2,LONG,3375.80,3376.37,3375.22,1.15,-0.57,STRADDLE,10:00,3376.37,11.81,1.76,11.81,-1.48,13.29,True,11:55,3374.89,11:55,3374.89,flip,-1.48,0.30,-1.78,LOSS
2025-06-20,XAUUSD,B,C2,LONG,3368.75,3369.22,3368.87,0.35,0.12,ABOVE,10:00,3369.22,0.29,1.03,0.29,-0.88,1.18,True,10:05,3368.34,10:05,3368.34,flip,-0.88,0.30,-1.18,LOSS
2025-06-23,XAUUSD,B,C2,SHORT,3372.48,3372.82,3370.32,2.50,-0.34,STRADDLE,10:00,3370.32,23.29,2.14,,,,False,,,16:00,3359.68,session,10.64,0.30,10.34,WIN
2025-06-24,XAUUSD,B,C2,SHORT,3347.80,3344.49,3335.88,8.61,3.31,BELOW,10:00,3335.88,1.01,9.24,1.01,-9.07,10.08,True,10:10,3344.94,10:10,3344.94,flip,-9.07,0.30,-9.37,LOSS
2025-06-25,XAUUSD,B,C2,LONG,3324.61,3325.24,3324.21,1.03,-0.62,STRADDLE,10:00,3325.24,10.10,0.93,,,,False,,,16:00,3332.93,session,7.69,0.30,7.39,WIN
2025-06-26,XAUUSD,B,C2,SHORT,3337.89,3339.18,3335.30,3.88,-1.29,STRADDLE,10:00,3335.30,6.00,4.91,6.00,-4.71,10.71,True,12:40,3340.01,12:40,3340.01,flip,-4.71,0.30,-5.01,LOSS
2025-06-27,XAUUSD,B,C2,SHORT,3320.43,3318.73,3316.64,2.09,1.70,BELOW,10:00,3316.64,3.34,2.40,3.34,-2.34,5.68,True,10:55,3318.98,10:55,3318.98,flip,-2.34,0.30,-2.64,LOSS
2025-07-01,XAUUSD,B,C2,SHORT,3311.89,3312.53,3311.86,0.68,-0.64,STRADDLE,10:00,3311.86,1.83,1.01,1.83,-0.79,2.62,True,10:15,3312.64,10:15,3312.64,flip,-0.79,0.30,-1.09,LOSS
2025-07-02,XAUUSD,B,C2,SHORT,3338.40,3338.21,3337.01,1.20,0.19,BELOW,10:00,3337.01,2.11,6.06,2.11,-5.55,7.65,True,10:05,3342.56,10:05,3342.56,flip,-5.55,0.30,-5.85,LOSS
2025-07-03,XAUUSD,B,C2,SHORT,3350.63,3349.51,3346.14,3.38,1.12,BELOW,10:00,3346.14,4.12,3.90,4.12,-3.83,7.95,True,12:45,3349.97,12:45,3349.97,flip,-3.83,0.30,-4.13,LOSS
2025-07-04,XAUUSD,B,C2,SHORT,3331.84,3330.99,3329.72,1.28,0.85,BELOW,10:00,3329.72,3.79,3.02,3.79,-2.89,6.68,True,11:15,3332.61,11:15,3332.61,flip,-2.89,0.30,-3.19,LOSS
2025-07-07,XAUUSD,B,C2,SHORT,3326.68,3328.95,3326.61,2.33,-2.27,STRADDLE,10:00,3326.61,21.37,1.25,,,,False,,,16:00,3314.28,session,12.33,0.30,12.03,WIN
2025-07-09,XAUUSD,B,C2,LONG,3300.94,3306.38,3302.36,4.02,1.41,ABOVE,10:00,3306.38,1.61,6.97,1.61,-6.26,7.87,True,11:45,3300.12,11:45,3300.12,flip,-6.26,0.30,-6.56,LOSS
2025-07-11,XAUUSD,B,C2,LONG,3326.45,3326.57,3323.78,2.79,-0.11,STRADDLE,10:00,3326.57,15.24,1.63,,,,False,,,16:00,3333.74,session,7.18,0.30,6.88,WIN
2025-07-14,XAUUSD,B,C2,SHORT,3368.28,3367.74,3366.03,1.71,0.54,BELOW,10:00,3366.03,1.09,2.39,1.09,-2.24,3.33,True,10:10,3368.26,10:10,3368.26,flip,-2.24,0.30,-2.54,LOSS
2025-07-15,XAUUSD,B,C2,LONG,3345.76,3346.45,3345.32,1.13,-0.69,STRADDLE,10:00,3346.45,18.85,0.67,,,,False,,,16:00,3360.24,session,13.79,0.30,13.49,WIN
2025-07-16,XAUUSD,B,C2,SHORT,3330.80,3331.11,3330.09,1.02,-0.30,STRADDLE,10:00,3330.09,1.11,1.36,1.11,-1.27,2.38,True,10:20,3331.36,10:20,3331.36,flip,-1.27,0.30,-1.57,LOSS
2025-07-17,XAUUSD,B,C2,SHORT,3346.07,3346.54,3345.88,0.66,-0.47,STRADDLE,10:00,3345.88,9.84,0.22,,,,False,,,16:00,3337.53,session,8.35,0.30,8.05,WIN
2025-07-18,XAUUSD,B,C2,SHORT,3341.64,3340.34,3340.15,0.18,1.30,BELOW,10:00,3340.15,0.68,1.28,0.68,-0.70,1.38,True,10:10,3340.85,10:10,3340.85,flip,-0.70,0.30,-1.00,LOSS
2025-07-22,XAUUSD,B,C2,SHORT,3395.89,3396.51,3391.93,4.58,-0.62,STRADDLE,10:00,3391.93,7.35,5.87,,,,False,,,16:00,3386.85,session,5.08,0.30,4.78,WIN
2025-07-23,XAUUSD,B,C2,LONG,3427.49,3430.97,3427.26,3.70,-3.48,STRADDLE,10:00,3430.97,8.07,6.35,8.07,-6.29,14.36,True,11:00,3424.68,11:00,3424.68,flip,-6.29,0.30,-6.59,LOSS
2025-07-24,XAUUSD,B,C2,LONG,3390.82,3392.22,3390.16,2.05,-1.39,STRADDLE,10:00,3392.22,1.15,2.96,1.15,-2.61,3.76,True,10:05,3389.61,10:05,3389.61,flip,-2.61,0.30,-2.91,LOSS
2025-07-28,XAUUSD,B,C2,LONG,3332.43,3334.86,3333.68,1.18,1.25,ABOVE,10:00,3334.86,0.90,2.03,0.90,-2.03,2.93,True,10:15,3332.84,10:15,3332.84,flip,-2.03,0.30,-2.33,LOSS
2025-07-29,XAUUSD,B,C2,LONG,3313.49,3313.95,3312.65,1.30,-0.47,STRADDLE,10:00,3313.95,1.41,4.10,1.41,-3.53,4.93,True,10:05,3310.43,10:05,3310.43,flip,-3.53,0.30,-3.83,LOSS
2025-07-30,XAUUSD,B,C2,LONG,3326.95,3330.12,3327.57,2.55,0.62,ABOVE,10:00,3330.12,3.64,5.65,3.64,-5.44,9.09,True,11:35,3324.68,11:35,3324.68,flip,-5.44,0.30,-5.74,LOSS
2025-07-31,XAUUSD,B,C2,LONG,3282.11,3287.51,3285.41,2.11,3.30,ABOVE,10:00,3287.51,0.00,4.14,0.00,-2.63,2.63,True,10:05,3284.89,10:05,3284.89,flip,-2.63,0.30,-2.93,LOSS
2025-08-01,XAUUSD,B,C2,SHORT,3290.77,3288.59,3287.82,0.76,2.18,BELOW,10:00,3287.82,1.21,2.30,1.21,-0.99,2.20,True,10:25,3288.81,10:25,3288.81,flip,-0.99,0.30,-1.29,LOSS
2025-08-04,XAUUSD,B,C2,SHORT,3360.41,3362.20,3357.64,4.56,-1.80,STRADDLE,10:00,3357.64,12.64,4.61,,,,False,,,16:00,3355.91,session,1.74,0.30,1.44,WIN
2025-08-05,XAUUSD,B,C2,LONG,3378.20,3378.83,3377.40,1.43,-0.62,STRADDLE,10:00,3378.83,0.06,1.89,0.06,-1.82,1.88,True,10:05,3377.01,10:05,3377.01,flip,-1.82,0.30,-2.12,LOSS
2025-08-07,XAUUSD,B,C2,SHORT,3370.54,3370.22,3367.29,2.93,0.32,BELOW,10:00,3367.29,0.31,3.91,0.31,-3.71,4.02,True,10:15,3371.00,10:15,3371.00,flip,-3.71,0.30,-4.01,LOSS
2025-08-08,XAUUSD,B,C2,SHORT,3400.68,3400.64,3399.68,0.95,0.05,BELOW,10:00,3399.68,1.47,2.60,1.47,-1.57,3.05,True,10:05,3401.26,10:05,3401.26,flip,-1.57,0.30,-1.87,LOSS
2025-08-11,XAUUSD,B,C2,SHORT,3393.76,3391.53,3388.64,2.89,2.23,BELOW,10:00,3388.64,21.09,3.18,,,,False,,,16:00,3374.36,session,14.28,0.30,13.98,WIN
2025-08-12,XAUUSD,B,C2,SHORT,3349.47,3349.12,3349.05,0.07,0.34,BELOW,10:00,3349.05,0.28,1.62,0.28,-1.39,1.66,True,10:05,3350.44,10:05,3350.44,flip,-1.39,0.30,-1.69,LOSS
2025-08-13,XAUUSD,B,C2,SHORT,3350.84,3350.64,3349.49,1.16,0.19,BELOW,10:00,3349.49,6.85,2.60,6.85,-1.48,8.33,True,11:55,3350.97,11:55,3350.97,flip,-1.48,0.30,-1.78,LOSS
2025-08-14,XAUUSD,B,C2,LONG,3362.90,3365.51,3362.95,2.57,0.05,ABOVE,10:00,3365.51,9.29,2.68,9.29,-2.65,11.94,True,12:55,3362.86,12:55,3362.86,flip,-2.65,0.30,-2.95,LOSS
2025-08-15,XAUUSD,B,C2,SHORT,3336.25,3335.51,3332.91,2.60,0.74,BELOW,10:00,3332.91,0.24,3.25,0.24,-3.01,3.25,True,10:25,3335.93,10:25,3335.93,flip,-3.01,0.30,-3.31,LOSS
2025-08-18,XAUUSD,B,C2,LONG,3327.76,3328.80,3327.16,1.64,-1.04,STRADDLE,10:00,3328.80,29.69,0.31,,,,False,,,16:00,3350.78,session,21.98,0.30,21.68,WIN
2025-08-19,XAUUSD,B,C2,SHORT,3331.66,3330.91,3329.32,1.59,0.74,BELOW,10:00,3329.32,0.07,4.35,0.07,-4.07,4.13,True,10:05,3333.39,10:05,3333.39,flip,-4.07,0.30,-4.37,LOSS
2025-08-20,XAUUSD,B,C2,SHORT,3315.20,3314.41,3313.88,0.53,0.79,BELOW,10:00,3313.88,0.53,1.30,0.53,-1.19,1.72,True,10:05,3315.07,10:05,3315.07,flip,-1.19,0.30,-1.49,LOSS
2025-08-21,XAUUSD,B,C2,SHORT,3346.72,3347.07,3345.47,1.60,-0.35,STRADDLE,10:00,3345.47,8.32,1.13,,,,False,,,16:00,3338.62,session,6.84,0.30,6.54,WIN
2025-08-22,XAUUSD,B,C2,SHORT,3339.24,3338.52,3337.07,1.45,0.72,BELOW,10:00,3337.07,1.88,2.20,1.88,-2.14,4.03,True,10:30,3339.21,10:30,3339.21,flip,-2.14,0.30,-2.44,LOSS
2025-08-25,XAUUSD,B,C2,SHORT,3369.32,3369.14,3366.11,3.03,0.18,BELOW,10:00,3366.11,6.33,2.12,,,,False,,,16:00,3366.51,session,-0.40,0.30,-0.70,LOSS
2025-08-26,XAUUSD,B,C2,LONG,3352.93,3357.05,3354.99,2.07,2.06,ABOVE,10:00,3357.05,29.63,1.59,,,,False,,,16:00,3375.76,session,18.70,0.30,18.40,WIN
2025-08-27,XAUUSD,B,C2,SHORT,3391.19,3390.93,3390.89,0.04,0.26,BELOW,10:00,3390.89,0.52,1.18,0.52,-1.14,1.66,True,10:05,3392.04,10:05,3392.04,flip,-1.14,0.30,-1.44,LOSS
2025-08-28,XAUUSD,B,C2,LONG,3395.78,3396.45,3395.76,0.69,-0.66,STRADDLE,10:00,3396.45,0.86,1.66,0.86,-1.39,2.25,True,10:05,3395.05,10:05,3395.05,flip,-1.39,0.30,-1.69,LOSS
2025-08-29,XAUUSD,B,C2,LONG,3415.41,3416.28,3414.81,1.47,-0.88,STRADDLE,10:00,3416.28,1.66,2.71,1.66,-2.69,4.35,True,10:20,3413.59,10:20,3413.59,flip,-2.69,0.30,-2.99,LOSS
2025-09-01,XAUUSD,B,C2,SHORT,3446.45,3447.85,3444.55,3.30,-1.40,STRADDLE,10:00,3444.55,7.53,6.00,7.53,-3.94,11.47,True,11:45,3448.49,11:45,3448.49,flip,-3.94,0.30,-4.24,LOSS
2025-09-02,XAUUSD,B,C2,LONG,3480.69,3481.39,3479.18,2.20,-0.70,STRADDLE,10:00,3481.39,3.68,2.93,3.68,-2.33,6.01,True,10:45,3479.06,10:45,3479.06,flip,-2.33,0.30,-2.63,LOSS
2025-09-03,XAUUSD,B,C2,SHORT,3528.85,3529.84,3528.39,1.44,-0.99,STRADDLE,10:00,3528.39,0.30,2.71,0.30,-1.99,2.28,True,10:05,3530.38,10:05,3530.38,flip,-1.99,0.30,-2.29,LOSS
2025-09-05,XAUUSD,B,C2,LONG,3552.51,3554.72,3552.76,1.96,0.26,ABOVE,10:00,3554.72,0.34,4.01,0.34,-2.76,3.10,True,10:05,3551.96,10:05,3551.96,flip,-2.76,0.30,-3.06,LOSS
2025-09-08,XAUUSD,B,C2,SHORT,3591.61,3591.21,3587.72,3.49,0.39,BELOW,10:00,3587.72,0.72,5.16,0.72,-4.78,5.50,True,10:50,3592.51,10:50,3592.51,flip,-4.78,0.30,-5.08,LOSS
2025-09-10,XAUUSD,B,C2,SHORT,3636.57,3633.70,3631.41,2.29,2.87,BELOW,10:00,3631.41,11.27,4.24,11.27,-2.83,14.10,True,12:10,3634.24,12:10,3634.24,flip,-2.83,0.30,-3.13,LOSS
2025-09-11,XAUUSD,B,C2,LONG,3644.36,3645.86,3645.01,0.86,0.65,ABOVE,10:00,3645.86,1.39,1.47,1.39,-1.41,2.80,True,10:30,3644.45,10:30,3644.45,flip,-1.41,0.30,-1.71,LOSS
2025-09-12,XAUUSD,B,C2,LONG,3633.09,3633.97,3632.03,1.93,-0.88,STRADDLE,10:00,3633.97,0.03,3.15,0.03,-2.57,2.60,True,10:25,3631.40,10:25,3631.40,flip,-2.57,0.30,-2.87,LOSS
2025-09-15,XAUUSD,B,C2,SHORT,3637.84,3638.26,3636.10,2.16,-0.42,STRADDLE,10:00,3636.10,0.09,2.66,0.09,-2.50,2.59,True,10:05,3638.60,10:05,3638.60,flip,-2.50,0.30,-2.80,LOSS
2025-09-18,XAUUSD,B,C2,SHORT,3669.78,3669.05,3667.01,2.05,0.73,BELOW,10:00,3667.01,23.07,1.90,,,,False,,,16:00,3644.21,session,22.80,0.30,22.50,WIN
2025-09-19,XAUUSD,B,C2,LONG,3638.59,3641.90,3640.20,1.70,1.61,ABOVE,10:00,3641.90,0.11,2.42,0.11,-1.98,2.09,True,10:05,3639.92,10:05,3639.92,flip,-1.98,0.30,-2.28,LOSS
2025-09-22,XAUUSD,B,C2,LONG,3687.05,3687.37,3686.27,1.10,-0.32,STRADDLE,10:00,3687.37,13.07,1.91,,,,False,,,16:00,3696.87,session,9.50,0.30,9.20,WIN
2025-09-24,XAUUSD,B,C2,SHORT,3763.18,3763.80,3760.76,3.04,-0.63,STRADDLE,10:00,3760.76,1.67,4.57,1.67,-4.31,5.98,True,10:20,3765.07,10:20,3765.07,flip,-4.31,0.30,-4.61,LOSS
2025-09-25,XAUUSD,B,C2,LONG,3743.46,3746.07,3743.01,3.05,-2.61,STRADDLE,10:00,3746.07,5.47,5.41,5.47,-4.68,10.15,True,11:10,3741.38,11:10,3741.38,flip,-4.68,0.30,-4.98,LOSS
2025-09-26,XAUUSD,B,C2,LONG,3744.76,3747.22,3744.78,2.44,0.01,ABOVE,10:00,3747.22,0.80,7.14,0.80,-5.43,6.23,True,10:25,3741.79,10:25,3741.79,flip,-5.43,0.30,-5.73,LOSS
2025-09-30,XAUUSD,B,C2,LONG,3830.05,3835.79,3832.97,2.82,2.91,ABOVE,10:00,3835.79,3.88,3.21,3.88,-2.90,6.78,True,10:05,3832.89,10:05,3832.89,flip,-2.90,0.30,-3.20,LOSS
2025-10-01,XAUUSD,B,C2,LONG,3862.58,3864.60,3863.05,1.55,0.47,ABOVE,10:00,3864.60,0.78,3.34,0.78,-3.34,4.11,True,10:25,3861.26,10:25,3861.26,flip,-3.34,0.30,-3.64,LOSS
2025-10-03,XAUUSD,B,C2,SHORT,3862.87,3862.27,3860.32,1.95,0.60,BELOW,10:00,3860.32,22.25,2.50,,,,False,,,16:00,3852.65,session,7.67,0.30,7.37,WIN
2025-10-06,XAUUSD,B,C2,LONG,3894.26,3918.51,3899.41,19.11,5.15,ABOVE,10:00,3918.51,22.32,19.48,,,,False,,,16:00,3939.68,session,21.17,0.30,20.87,WIN
2025-10-07,XAUUSD,B,C2,LONG,3961.57,3964.53,3963.55,0.99,1.97,ABOVE,10:00,3964.53,0.22,2.65,0.22,-1.39,1.62,True,10:05,3963.14,10:05,3963.14,flip,-1.39,0.30,-1.69,LOSS
2025-10-08,XAUUSD,B,C2,LONG,3987.53,3990.64,3989.59,1.05,2.07,ABOVE,10:00,3990.64,1.53,2.05,1.53,-1.59,3.11,True,10:25,3989.05,10:25,3989.05,flip,-1.59,0.30,-1.89,LOSS
2025-10-09,XAUUSD,B,C2,SHORT,4022.09,4021.51,4014.14,7.37,0.57,BELOW,10:00,4014.14,12.82,8.32,12.82,-7.66,20.47,True,11:15,4021.80,11:15,4021.80,flip,-7.66,0.30,-7.96,LOSS
2025-10-13,XAUUSD,B,C2,LONG,4036.67,4050.49,4042.49,8.00,5.82,ABOVE,10:00,4050.49,10.06,9.99,10.06,-8.67,18.73,True,10:30,4041.82,10:30,4041.82,flip,-8.67,0.30,-8.97,LOSS
2025-10-14,XAUUSD,B,C2,LONG,4111.95,4115.22,4115.02,0.20,3.06,ABOVE,10:00,4115.22,1.89,1.40,1.89,-0.38,2.27,True,10:10,4114.85,10:10,4114.85,flip,-0.38,0.30,-0.68,LOSS
2025-10-16,XAUUSD,B,C2,SHORT,4212.77,4213.07,4212.12,0.94,-0.30,STRADDLE,10:00,4212.12,7.28,3.67,7.28,-2.99,10.28,True,11:10,4215.12,11:10,4215.12,flip,-2.99,0.30,-3.29,LOSS
2025-10-20,XAUUSD,B,C2,SHORT,4262.23,4255.99,4254.83,1.16,6.24,BELOW,10:00,4254.83,35.72,10.15,35.72,-8.11,43.82,True,12:25,4262.94,12:25,4262.94,flip,-8.11,0.30,-8.41,LOSS
2025-10-21,XAUUSD,B,C2,LONG,4367.52,4371.85,4367.65,4.20,0.13,ABOVE,10:00,4371.85,0.02,5.28,0.02,-4.48,4.51,True,10:05,4367.37,10:05,4367.37,flip,-4.48,0.30,-4.78,LOSS
2025-10-22,XAUUSD,B,C2,SHORT,4124.93,4123.50,4119.80,3.70,1.43,BELOW,10:00,4119.80,1.81,5.86,1.81,-5.52,7.34,True,10:05,4125.32,10:05,4125.32,flip,-5.52,0.30,-5.82,LOSS
2025-10-24,XAUUSD,B,C2,LONG,4116.98,4118.97,4116.35,2.62,-1.99,STRADDLE,10:00,4118.97,0.01,4.11,0.01,-3.85,3.86,True,10:05,4115.12,10:05,4115.12,flip,-3.85,0.30,-4.15,LOSS
2025-10-27,XAUUSD,B,C2,LONG,4078.47,4083.22,4081.91,1.31,3.44,ABOVE,10:00,4083.22,5.42,4.77,5.42,-2.72,8.14,True,10:20,4080.50,10:20,4080.50,flip,-2.72,0.30,-3.02,LOSS
2025-10-28,XAUUSD,B,C2,SHORT,3990.21,3990.09,3987.18,2.92,0.12,BELOW,10:00,3987.18,3.93,5.93,3.93,-4.93,8.86,True,10:15,3992.11,10:15,3992.11,flip,-4.93,0.30,-5.23,LOSS
2025-10-29,XAUUSD,B,C2,LONG,3939.64,3942.76,3934.16,8.59,-3.12,STRADDLE,10:00,3942.76,39.74,1.79,,,,False,,,16:00,3963.01,session,20.26,0.30,19.96,WIN
2026-03-11,XAUUSD,B,C2,LONG,5190.16,5190.92,5189.51,1.41,-0.76,STRADDLE,10:00,5190.92,7.38,4.04,7.38,-2.88,10.26,True,11:05,5188.04,11:05,5188.04,flip,-2.88,0.30,-3.18,LOSS
2026-03-18,XAUUSD,B,C2,LONG,5000.27,5001.89,4999.91,1.98,-1.62,STRADDLE,10:00,5001.89,1.28,2.88,1.28,-2.59,3.86,True,10:10,4999.31,10:10,4999.31,flip,-2.59,0.30,-2.89,LOSS
2026-03-19,XAUUSD,B,C2,SHORT,4833.61,4834.66,4833.57,1.09,-1.05,STRADDLE,10:00,4833.57,5.12,3.45,5.12,-2.01,7.13,True,10:20,4835.58,10:20,4835.58,flip,-2.01,0.30,-2.31,LOSS
2026-03-25,XAUUSD,B,C2,SHORT,4476.24,4484.34,4474.91,9.43,-8.10,STRADDLE,10:00,4474.91,0.14,10.05,0.14,-9.80,9.93,True,10:10,4484.70,10:10,4484.70,flip,-9.80,0.30,-10.10,LOSS
2026-03-26,XAUUSD,B,C2,SHORT,4518.37,4517.93,4504.42,13.51,0.44,BELOW,10:00,4504.42,15.35,23.41,15.35,-23.41,38.76,True,11:10,4527.83,11:10,4527.83,flip,-23.41,0.30,-23.71,LOSS
2026-03-27,XAUUSD,B,C2,SHORT,4408.29,4411.66,4402.45,9.20,-3.37,STRADDLE,10:00,4402.45,26.67,15.28,26.67,-14.57,41.24,True,12:35,4417.02,12:35,4417.02,flip,-14.57,0.30,-14.87,LOSS
2026-03-30,XAUUSD,B,C2,LONG,4487.75,4488.18,4484.48,3.70,-0.43,STRADDLE,10:00,4488.18,0.80,23.54,0.80,-10.02,10.81,True,10:05,4478.16,10:05,4478.16,flip,-10.02,0.30,-10.32,LOSS
2026-03-31,XAUUSD,B,C2,SHORT,4512.37,4510.50,4502.80,7.70,1.87,BELOW,10:00,4502.80,9.98,12.81,9.98,-8.68,18.66,True,10:35,4511.48,10:35,4511.48,flip,-8.68,0.30,-8.98,LOSS
2026-04-06,XAUUSD,B,C2,LONG,4613.81,4623.35,4610.86,12.49,-9.55,STRADDLE,10:00,4623.35,5.85,22.24,5.85,-19.76,25.61,True,10:25,4603.59,10:25,4603.59,flip,-19.76,0.30,-20.06,LOSS
2026-04-07,XAUUSD,B,C2,SHORT,4656.43,4658.93,4654.88,4.05,-2.49,STRADDLE,10:00,4654.88,4.06,6.01,4.06,-4.44,8.50,True,10:20,4659.32,10:20,4659.32,flip,-4.44,0.30,-4.74,LOSS
2026-04-08,XAUUSD,B,C2,LONG,4812.22,4845.89,4833.61,12.28,21.39,ABOVE,10:00,4845.89,11.71,16.27,11.71,-12.65,24.36,True,10:15,4833.24,10:15,4833.24,flip,-12.65,0.30,-12.95,LOSS
2026-04-09,XAUUSD,B,C2,SHORT,4717.78,4715.88,4705.78,10.10,1.90,BELOW,10:00,4705.78,6.93,12.79,6.93,-12.70,19.63,True,10:40,4718.48,10:40,4718.48,flip,-12.70,0.30,-13.00,LOSS
2026-04-10,XAUUSD,B,C2,SHORT,4762.17,4763.69,4757.54,6.15,-1.52,STRADDLE,10:00,4757.54,7.01,9.93,7.01,-6.17,13.18,True,11:15,4763.71,11:15,4763.71,flip,-6.17,0.30,-6.47,LOSS
2026-04-14,XAUUSD,B,C2,SHORT,4758.37,4758.19,4755.10,3.09,0.18,BELOW,10:00,4755.10,1.27,5.49,1.27,-4.64,5.90,True,10:10,4759.74,10:10,4759.74,flip,-4.64,0.30,-4.94,LOSS
2026-04-16,XAUUSD,B,C2,LONG,4825.02,4828.94,4823.53,5.41,-3.93,STRADDLE,10:00,4828.94,2.15,8.15,2.15,-6.52,8.66,True,10:30,4822.43,10:30,4822.43,flip,-6.52,0.30,-6.82,LOSS
2026-04-17,XAUUSD,B,C2,SHORT,4794.14,4791.63,4788.39,3.24,2.51,BELOW,10:00,4788.39,2.43,4.63,2.43,-4.61,7.04,True,10:25,4793.01,10:25,4793.01,flip,-4.61,0.30,-4.91,LOSS
2026-04-21,XAUUSD,B,C2,LONG,4821.12,4824.62,4822.45,2.18,1.32,ABOVE,10:00,4824.62,6.23,4.85,6.23,-4.50,10.73,True,10:25,4820.12,10:25,4820.12,flip,-4.50,0.30,-4.80,LOSS
2026-04-22,XAUUSD,B,C2,LONG,4738.14,4743.28,4738.40,4.88,0.26,ABOVE,10:00,4743.28,28.72,7.39,,,,False,,,16:00,4759.26,session,15.98,0.30,15.68,WIN
2026-04-23,XAUUSD,B,C2,SHORT,4728.12,4728.04,4721.46,6.58,0.09,BELOW,10:00,4721.46,27.32,20.85,27.32,-19.94,47.26,True,10:25,4741.40,10:25,4741.40,flip,-19.94,0.30,-20.24,LOSS
2026-04-24,XAUUSD,B,C2,SHORT,4696.72,4696.12,4691.84,4.28,0.60,BELOW,10:00,4691.84,0.00,6.19,0.00,-4.71,4.71,True,10:05,4696.55,10:05,4696.55,flip,-4.71,0.30,-5.01,LOSS
2026-04-27,XAUUSD,B,C2,SHORT,4680.88,4680.45,4678.90,1.55,0.43,BELOW,10:00,4678.90,6.46,3.60,6.46,-2.01,8.47,True,10:25,4680.91,10:25,4680.91,flip,-2.01,0.30,-2.31,LOSS
2026-04-28,XAUUSD,B,C2,LONG,4694.49,4697.06,4692.31,4.74,-2.56,STRADDLE,10:00,4697.06,4.58,5.03,4.58,-4.99,9.57,True,10:35,4692.07,10:35,4692.07,flip,-4.99,0.30,-5.29,LOSS
2026-04-29,XAUUSD,B,C2,LONG,4589.43,4606.59,4595.11,11.48,5.68,ABOVE,10:00,4606.59,3.78,26.41,3.78,-24.20,27.98,True,11:00,4582.39,11:00,4582.39,flip,-24.20,0.30,-24.50,LOSS
2026-05-04,XAUUSD,B,C2,SHORT,4614.57,4613.97,4608.76,5.21,0.60,BELOW,10:00,4608.76,1.55,7.89,1.55,-6.84,8.38,True,10:05,4615.60,10:05,4615.60,flip,-6.84,0.30,-7.14,LOSS
2026-05-05,XAUUSD,B,C2,LONG,4519.98,4522.96,4519.60,3.36,-2.98,STRADDLE,10:00,4522.96,5.65,5.98,5.65,-3.47,9.11,True,10:20,4519.49,10:20,4519.49,flip,-3.47,0.30,-3.77,LOSS
2026-05-06,XAUUSD,B,C2,LONG,4593.81,4595.68,4593.78,1.90,-1.88,STRADDLE,10:00,4595.68,0.64,4.35,0.64,-3.04,3.68,True,10:05,4592.64,10:05,4592.64,flip,-3.04,0.30,-3.34,LOSS
2026-05-07,XAUUSD,B,C2,SHORT,4696.98,4698.81,4693.56,5.24,-1.82,STRADDLE,10:00,4693.56,3.48,7.33,3.48,-6.40,9.89,True,10:10,4699.97,10:10,4699.97,flip,-6.40,0.30,-6.70,LOSS
2026-05-11,XAUUSD,B,C2,SHORT,4698.44,4691.84,4687.49,4.35,6.60,BELOW,10:00,4687.49,11.48,5.86,11.48,-5.53,17.01,True,10:30,4693.03,10:30,4693.03,flip,-5.53,0.30,-5.83,LOSS
2026-05-13,XAUUSD,B,C2,LONG,4716.01,4724.79,4716.29,8.50,0.28,ABOVE,10:00,4724.79,2.23,10.50,2.23,-10.12,12.35,True,10:55,4714.66,10:55,4714.66,flip,-10.12,0.30,-10.43,LOSS
2026-05-14,XAUUSD,B,C2,SHORT,4694.07,4696.44,4692.12,4.32,-2.37,STRADDLE,10:00,4692.12,0.87,5.70,0.87,-5.60,6.47,True,10:10,4697.72,10:10,4697.72,flip,-5.60,0.30,-5.90,LOSS
2026-05-15,XAUUSD,B,C2,SHORT,4654.60,4652.24,4649.57,2.67,2.36,BELOW,10:00,4649.57,4.51,8.53,4.51,-4.64,9.15,True,10:15,4654.21,10:15,4654.21,flip,-4.64,0.30,-4.94,LOSS
2026-05-18,XAUUSD,B,C2,SHORT,4538.22,4537.70,4531.07,6.63,0.52,BELOW,10:00,4531.07,50.47,9.61,50.47,-7.37,57.83,True,12:35,4538.44,12:35,4538.44,flip,-7.37,0.30,-7.67,LOSS
2026-05-19,XAUUSD,B,C2,SHORT,4583.27,4582.30,4579.24,3.06,0.98,BELOW,10:00,4579.24,2.28,6.38,2.28,-5.07,7.35,True,10:05,4584.31,10:05,4584.31,flip,-5.07,0.30,-5.37,LOSS
2026-05-20,XAUUSD,B,C2,SHORT,4493.62,4489.23,4486.23,3.00,4.39,BELOW,10:00,4486.23,6.39,5.39,6.39,-5.22,11.61,True,10:20,4491.45,10:20,4491.45,flip,-5.22,0.30,-5.52,LOSS
2026-05-21,XAUUSD,B,C2,SHORT,4545.44,4546.68,4542.44,4.24,-1.24,STRADDLE,10:00,4542.44,5.07,10.90,5.07,-5.28,10.36,True,10:50,4547.72,10:50,4547.72,flip,-5.28,0.30,-5.58,LOSS
2026-05-26,XAUUSD,B,C2,SHORT,4559.42,4560.04,4550.77,9.27,-0.62,STRADDLE,10:00,4550.77,27.66,2.93,,,,False,,,16:00,4531.14,session,19.62,0.30,19.32,WIN
2026-05-28,XAUUSD,B,C2,LONG,4448.36,4449.45,4447.12,2.33,-1.09,STRADDLE,10:00,4449.45,0.54,4.81,0.54,-4.69,5.23,True,10:10,4444.76,10:10,4444.76,flip,-4.69,0.30,-4.99,LOSS
2026-05-29,XAUUSD,B,C2,LONG,4490.48,4495.02,4494.76,0.27,4.28,ABOVE,10:00,4495.02,1.41,2.86,1.41,-0.30,1.70,True,10:05,4494.73,10:05,4494.73,flip,-0.30,0.30,-0.60,LOSS
2026-06-01,XAUUSD,B,C2,LONG,4541.16,4544.96,4539.93,5.03,-3.80,STRADDLE,10:00,4544.96,0.01,7.05,0.01,-6.49,6.50,True,10:15,4538.47,10:15,4538.47,flip,-6.49,0.30,-6.79,LOSS
2026-06-03,XAUUSD,B,C2,LONG,4471.72,4478.80,4474.40,4.39,2.68,ABOVE,10:00,4478.80,18.09,5.23,18.09,-4.94,23.03,True,11:00,4473.86,11:00,4473.86,flip,-4.94,0.30,-5.24,LOSS
2026-06-04,XAUUSD,B,C2,LONG,4459.20,4460.44,4456.88,3.56,-1.23,STRADDLE,10:00,4460.44,1.78,4.81,1.78,-4.18,5.95,True,10:05,4456.26,10:05,4456.26,flip,-4.18,0.30,-4.48,LOSS
2026-06-08,XAUUSD,B,C2,LONG,4342.26,4345.49,4343.13,2.36,0.88,ABOVE,10:00,4345.49,7.90,5.39,7.90,-2.78,10.68,True,10:45,4342.70,10:45,4342.70,flip,-2.78,0.30,-3.08,LOSS
2026-06-11,XAUUSD,B,C2,SHORT,4049.63,4048.04,4043.34,4.70,1.59,BELOW,10:00,4043.34,7.84,12.07,7.84,-8.35,16.19,True,10:10,4051.69,10:10,4051.69,flip,-8.35,0.30,-8.65,LOSS
2026-06-12,XAUUSD,B,C2,SHORT,4219.11,4219.30,4219.06,0.24,-0.19,STRADDLE,10:00,4219.06,12.10,6.10,12.10,-4.51,16.61,True,10:20,4223.57,10:20,4223.57,flip,-4.51,0.30,-4.81,LOSS
2026-06-15,XAUUSD,B,C2,LONG,4293.86,4294.31,4293.95,0.36,0.09,ABOVE,10:00,4294.31,13.70,2.92,13.70,-2.10,15.80,True,10:55,4292.21,10:55,4292.21,flip,-2.10,0.30,-2.40,LOSS
2026-06-17,XAUUSD,B,C2,LONG,4333.05,4334.10,4331.54,2.56,-1.05,STRADDLE,10:00,4334.10,15.19,4.60,15.19,-4.21,19.40,True,12:50,4329.89,12:50,4329.89,flip,-4.21,0.30,-4.51,LOSS
2026-06-18,XAUUSD,B,C2,LONG,4273.33,4291.90,4277.87,14.03,4.54,ABOVE,10:00,4291.90,37.67,0.67,,,,False,,,16:00,4307.01,session,15.11,0.30,14.81,WIN
2026-06-19,XAUUSD,B,C2,LONG,4189.47,4190.54,4187.81,2.73,-1.07,STRADDLE,10:00,4190.54,3.07,6.14,3.07,-4.80,7.87,True,10:05,4185.74,10:05,4185.74,flip,-4.80,0.30,-5.10,LOSS
2026-06-22,XAUUSD,B,C2,LONG,4137.18,4146.70,4140.26,6.44,3.08,ABOVE,10:00,4146.70,74.04,3.61,,,,False,,,16:00,4191.26,session,44.56,0.30,44.26,WIN
2026-06-24,XAUUSD,B,C2,LONG,4095.26,4102.11,4099.23,2.88,3.97,ABOVE,10:00,4102.11,9.76,6.21,9.76,-6.20,15.96,True,10:20,4095.91,10:20,4095.91,flip,-6.20,0.30,-6.50,LOSS
2026-06-26,XAUUSD,B,C2,SHORT,4017.53,4014.22,4012.06,2.16,3.31,BELOW,10:00,4012.06,0.89,3.39,0.89,-2.60,3.49,True,10:05,4014.66,10:05,4014.66,flip,-2.60,0.30,-2.90,LOSS
2026-06-30,XAUUSD,B,C2,SHORT,4016.53,4014.07,4008.32,5.75,2.46,BELOW,10:00,4008.32,65.99,5.31,,,,False,,,16:00,3984.22,session,24.10,0.30,23.80,WIN
2026-07-02,XAUUSD,B,C2,SHORT,4034.22,4034.61,4032.68,1.93,-0.39,STRADDLE,10:00,4032.68,0.68,7.36,0.68,-6.08,6.76,True,10:05,4038.76,10:05,4038.76,flip,-6.08,0.30,-6.38,LOSS
2026-07-03,XAUUSD,B,C2,LONG,4130.55,4131.33,4125.47,5.86,-0.78,STRADDLE,10:00,4131.33,63.93,6.41,,,,False,,,16:00,4164.55,session,33.22,0.30,32.92,WIN
2026-07-06,XAUUSD,B,C2,SHORT,4181.68,4183.50,4175.02,8.48,-1.82,STRADDLE,10:00,4175.02,4.32,9.70,4.32,-9.47,13.79,True,10:35,4184.49,10:35,4184.49,flip,-9.47,0.30,-9.77,LOSS
2026-07-07,XAUUSD,B,C2,SHORT,4163.27,4156.94,4156.07,0.87,6.33,BELOW,10:00,4156.07,4.29,4.32,4.29,-2.41,6.70,True,10:20,4158.48,10:20,4158.48,flip,-2.41,0.30,-2.71,LOSS
2026-07-08,XAUUSD,B,C2,LONG,4098.08,4102.25,4098.05,4.20,-4.17,STRADDLE,10:00,4102.25,24.17,4.82,24.17,-4.29,28.46,True,11:30,4097.96,11:30,4097.96,flip,-4.29,0.30,-4.59,LOSS
2026-07-09,XAUUSD,B,C2,LONG,4072.66,4080.31,4075.92,4.39,3.26,ABOVE,10:00,4080.31,9.41,10.29,9.41,-9.63,19.04,True,10:50,4070.68,10:50,4070.68,flip,-9.63,0.30,-9.93,LOSS
2026-07-14,XAUUSD,B,C2,SHORT,3997.02,4001.32,3994.14,7.18,-4.30,STRADDLE,10:00,3994.14,11.05,12.25,11.05,-10.49,21.54,True,10:30,4004.63,10:30,4004.63,flip,-10.49,0.30,-10.79,LOSS
2026-07-15,XAUUSD,B,C2,LONG,4052.72,4054.86,4053.31,1.55,0.59,ABOVE,10:00,4054.86,0.53,3.85,0.53,-3.64,4.17,True,10:10,4051.22,10:10,4051.22,flip,-3.64,0.30,-3.94,LOSS
2026-07-16,XAUUSD,B,C2,SHORT,4058.38,4058.04,4057.54,0.50,0.34,BELOW,10:00,4057.54,2.97,2.68,2.97,-0.88,3.85,True,10:20,4058.42,10:20,4058.42,flip,-0.88,0.30,-1.18,LOSS
2026-07-20,XAUUSD,B,C2,SHORT,3991.21,3995.40,3987.00,8.40,-4.19,STRADDLE,10:00,3987.00,0.90,11.55,0.90,-8.77,9.67,True,10:10,3995.77,10:10,3995.77,flip,-8.77,0.30,-9.07,LOSS
2026-07-21,XAUUSD,B,C2,SHORT,4006.68,4009.90,4004.71,5.19,-3.22,STRADDLE,10:00,4004.71,0.53,7.49,0.53,-5.50,6.03,True,10:10,4010.21,10:10,4010.21,flip,-5.50,0.30,-5.80,LOSS
2026-07-22,XAUUSD,B,C2,LONG,4080.68,4082.46,4080.73,1.73,0.05,ABOVE,10:00,4082.46,59.06,1.06,,,,False,,,16:00,4133.99,session,51.53,0.30,51.23,WIN
2026-07-27,XAUUSD,B,C2,LONG,4094.27,4101.96,4093.66,8.30,-7.69,STRADDLE,10:00,4101.96,13.94,11.58,13.94,-8.55,22.49,True,12:55,4093.41,12:55,4093.41,flip,-8.55,0.30,-8.85,LOSS
2026-07-28,XAUUSD,B,C2,SHORT,4070.18,4072.87,4065.21,7.66,-2.69,STRADDLE,10:00,4065.21,30.62,2.36,,,,False,,,16:00,4046.00,session,19.21,0.30,18.91,WIN
2026-07-29,XAUUSD,B,C2,SHORT,4022.21,4024.76,4021.59,3.17,-2.55,STRADDLE,10:00,4021.59,4.20,4.57,4.20,-3.43,7.63,True,10:15,4025.02,10:15,4025.02,flip,-3.43,0.30,-3.73,LOSS
2026-07-30,XAUUSD,B,C2,SHORT,4090.98,4084.36,4080.41,3.95,6.62,BELOW,10:00,4080.41,15.67,9.01,15.67,-8.48,24.15,True,11:00,4088.89,11:00,4088.89,flip,-8.48,0.30,-8.78,LOSS
2026-07-31,XAUUSD,B,C2,SHORT,4108.32,4105.98,4104.58,1.40,2.34,BELOW,10:00,4104.58,32.77,0.35,,,,False,,,16:00,4077.87,session,26.71,0.30,26.41,WIN
2026-08-03,XAUUSD,B,C2,LONG,4068.74,4077.76,4074.67,3.09,5.93,ABOVE,10:00,4077.76,0.46,5.16,0.46,-5.01,5.47,True,10:05,4072.75,10:05,4072.75,flip,-5.01,0.30,-5.31,LOSS
2026-08-04,XAUUSD,B,C2,LONG,4051.62,4059.45,4053.37,6.08,1.75,ABOVE,10:00,4059.45,9.45,11.16,9.45,-10.23,19.68,True,10:55,4049.22,10:55,4049.22,flip,-10.23,0.30,-10.53,LOSS
2026-08-05,XAUUSD,B,C2,LONG,4071.57,4073.04,4072.68,0.36,1.11,ABOVE,10:00,4073.04,0.87,0.92,0.87,-0.78,1.65,True,10:05,4072.26,10:05,4072.26,flip,-0.78,0.30,-1.08,LOSS
2026-08-06,XAUUSD,B,C2,SHORT,4274.71,4277.77,4267.98,9.79,-3.06,STRADDLE,10:00,4267.98,3.77,15.65,3.77,-14.01,17.78,True,10:20,4281.99,10:20,4281.99,flip,-14.01,0.30,-14.31,LOSS
2026-08-11,XAUUSD,B,C2,LONG,4397.54,4404.11,4402.48,1.63,4.94,ABOVE,10:00,4404.11,15.05,10.74,15.05,-3.94,18.99,True,11:00,4400.17,11:00,4400.17,flip,-3.94,0.30,-4.24,LOSS
2026-08-13,XAUUSD,B,C2,LONG,4408.39,4415.99,4414.44,1.55,6.05,ABOVE,10:00,4415.99,33.50,5.76,33.50,-3.49,36.99,True,11:45,4412.50,11:45,4412.50,flip,-3.49,0.30,-3.79,LOSS
