net,pf,dd,streak
387.003,5.104738974565664,31.48400000000001,2
343.972,4.145203174719286,31.444000000000017,2
220.708,2.411429156114905,31.434,2
385.946,5.120977214000471,31.434,2
188.35700000000003,2.0967631114656546,62.59100000000001,4
379.188,5.047521455104394,15.864000000000004,1
434.942,6.587856674846154,15.606999999999971,1
285.174,3.2817935956728386,36.730999999999995,2
559.9809999999999,18.971148908857508,15.580000000000041,1
378.12299999999993,5.027812693069729,31.444000000000017,2
230.207,2.47706828185353,46.70000000000002,3
558.711,18.753201359982206,15.864000000000004,1
272.459,2.9351468447032922,31.176999999999992,2
354.461,4.2514286762615,31.189999999999998,2
501.7020000000001,11.541729702471004,15.864000000000004,1
577.352,38.05725288831836,15.580000000000013,1
253.64300000000003,2.800866200433101,46.809999999999995,3
356.365,4.26398366016065,31.364000000000004,2
429.42600000000004,6.477023149033863,31.471000000000004,2
312.48900000000003,3.500812292425273,15.863999999999976,1
520.126,12.102653318248768,15.620000000000005,1
386.923,5.136400081247794,15.864000000000004,1
478.5229999999999,8.601032483519974,15.864000000000004,1
312.91100000000006,3.5129982251419487,31.176999999999964,2
427.729,6.489757938239598,31.186999999999955,2
203.592,2.30310555825802,46.58000000000001,3
478.68199999999996,8.695852090032153,15.620000000000005,1
469.42499999999995,8.535637461071694,15.607000000000028,1
427.749,6.5001800180018,15.62,1
271.308,2.9309078486634212,31.186999999999998,2
435.795,6.56826893590923,47.064,3
396.768,5.204877118239913,31.443999999999996,2
312.778,3.4878343660269,31.187000000000012,2
377.658,5.024316951536593,31.48400000000001,2
583.551,38.47919075144508,15.569999999999993,1
468.713,8.44958517435392,15.863999999999976,1
345.988,4.156277652596722,45.742000000000004,2
344.7,4.1442410311140305,78.44200000000001,5
436.76899999999995,6.583282200746536,15.864,1
477.849,8.664346319790848,15.620000000000005,1
271.18,2.914747894116235,31.471000000000004,2
394.04799999999994,5.202954509092848,31.214,2
230.47000000000003,2.476917358761407,31.0,2
394.93899999999996,5.211873986861189,31.433999999999997,2
244.935,2.7450360142774706,52.337999999999994,3
386.63899999999995,5.113706005021918,31.069999999999993,2
419.45700000000005,6.368431156730745,31.15,2
345.98,4.169824458533368,46.757,3
509.606,11.915372587658233,15.606999999999971,1
510.865,11.929931536157468,31.24000000000001,2
428.28799999999995,6.469973690260288,31.43399999999997,2
263.34499999999997,2.8788750080264838,46.607,3
352.76,4.22240593399165,47.053999999999974,3
433.833,6.550504727421604,31.107000000000028,2
375.35600000000005,4.975133967339504,31.728,2
386.32000000000005,5.133223490643757,31.159999999999997,2
352.317,4.208365205988416,31.444000000000003,2
396.195,5.214302429477088,31.727999999999952,2
518.263,12.109603429796358,15.579999999999984,1
468.625,8.461231053368996,15.864000000000004,1
353.537,4.244649412628487,31.069999999999993,2
426.871,6.450483924512883,15.864000000000004,1
189.208,2.104580428970075,46.620000000000005,3
467.91999999999996,8.438518400763057,15.864000000000004,1
271.56600000000003,2.932881606855614,68.151,4
312.29699999999997,3.502018939576023,46.727000000000004,3
314.106,3.513491453812177,31.471,2
470.9140000000001,8.563668486990041,31.120000000000005,2
311.529,3.4925510465339564,15.864000000000004,1
409.56500000000005,6.255752178320737,15.620000000000005,1
328.757,4.003965607039409,47.063999999999965,3
431.65000000000003,6.551054526748971,31.19,2
179.296,2.0418794925881376,52.33500000000001,3
419.6069999999999,6.362321248290756,31.444000000000017,2
396.97799999999995,5.231227550335213,31.186999999999955,2
396.37199999999996,5.233793700131381,31.149999999999977,2
386.76200000000006,5.120714270493725,31.187000000000012,2
468.52299999999997,8.514764142621138,31.159999999999968,2
394.272,5.19014825442372,31.189999999999998,2
270.57,2.9186368084412364,31.72800000000001,2
269.89300000000003,2.923671249670352,36.864,2
387.514,5.144800735876099,31.200000000000017,2
379.249,5.04787012626613,15.863999999999976,1
469.16399999999993,8.422071758526862,31.727999999999952,2
352.184,4.204906769558373,31.471000000000004,2
395.333,5.2027640461383085,31.433999999999997,2
511.663,11.951690924657536,15.579999999999984,1
387.107,5.114132976236024,31.470999999999947,2
471.423,8.535052106642796,31.120000000000005,2
543.7059999999999,18.426474358974357,31.200000000000017,2
552.438,18.7120230843219,31.189999999999998,2
478.092,8.595754821899527,15.864,1
469.48699999999997,8.494046098837952,15.863999999999976,1
355.497,4.245421680147529,31.444000000000003,2
396.01099999999997,5.232967056459371,31.48399999999998,2
303.919,3.4325585490403236,31.471000000000004,2
419.11300000000006,6.362381330126155,15.864000000000004,1
230.36700000000002,2.4787590509936837,31.200000000000017,2
410.418,6.251132321707311,31.471000000000004,2
437.142,6.585194460060307,31.43399999999997,2
434.96400000000006,6.567824272602758,46.943999999999996,3
430.079,6.52041536704019,31.139999999999986,2
477.521,8.643882761601382,15.863999999999976,1
387.17800000000005,5.132499386280433,31.44399999999996,2
470.08599999999996,8.496069270143995,15.863999999999976,1
313.88899999999995,3.5119560172217863,31.48400000000001,2
378.146,5.039244589715653,31.214,2
296.142,3.374245376049258,31.186999999999998,2
347.934,4.193607901089521,15.620000000000005,1
273.699,2.9451421017845343,36.84800000000001,2
172.751,2.005430164476364,46.769999999999996,3
471.68500000000006,8.550946899963181,15.620000000000005,1
311.996,3.470198885229288,31.72800000000001,2
396.635,5.218533960136989,46.971000000000004,3
420.15,6.392484020843495,62.307,4
263.20300000000003,2.8737977432100523,45.388000000000005,2
386.355,5.127988973652157,31.149999999999977,2
545.1909999999999,18.541537966537966,15.58,1
427.98499999999996,6.489802462801437,31.24000000000001,2
469.87600000000003,8.541303545348036,15.620000000000005,1
471.693,8.539367687488014,46.98399999999998,3
376.153,5.028628038984685,31.150000000000006,2
436.634,6.6067131502240715,31.189999999999998,2
347.09000000000003,4.1706982862571715,62.64799999999997,4
302.28200000000004,3.4146244048950374,47.054,3
343.94100000000003,4.140497452473567,15.864000000000004,1
302.6700000000001,3.4229494548423767,31.200000000000017,2
377.632,5.03263423177139,31.176999999999964,2
353.726,4.243585746510902,31.189999999999998,2
353.95799999999997,4.239356444704762,46.677,3
346.515,4.184265904558863,46.714,3
427.65200000000004,6.469814795866162,15.864,1
394.72800000000007,5.216954222530848,15.607000000000028,1
460.92699999999996,8.392574178027266,46.73000000000002,3
471.33199999999994,8.574396965947258,15.620000000000005,1
377.373,5.013112139097145,15.864000000000004,1
386.46099999999996,5.106132727002273,15.864000000000004,1
478.94499999999994,8.69673935751362,15.620000000000005,1
395.898,5.220166078604854,31.189999999999998,2
519.0230000000001,12.107560939071629,15.620000000000005,1
458.94,8.321485546550955,15.864000000000004,1
344.58099999999996,4.158656534452888,31.069999999999993,2
511.95,11.868503736413045,15.864000000000004,1
253.291,2.7987118124103447,31.433999999999997,2
394.787,5.205006124514033,31.470999999999947,2
344.17100000000005,4.124396310686662,31.48400000000001,2
255.55800000000002,2.8193713736517996,46.727000000000004,3
270.232,2.915153576845119,47.053999999999995,3
327.659,4.003373144999404,31.139999999999986,2
384.573,5.071451257728465,31.72800000000001,2
427.51300000000003,6.464751824724215,15.864000000000004,1
436.427,6.597586158246438,15.620000000000005,1
394.682,5.194505552898666,31.189999999999998,2
352.57200000000006,4.216076184916262,47.064,3
503.64400000000006,11.74692727893479,15.863999999999976,1
478.414,8.684501341214643,15.607,1
344.50600000000003,4.156319859273647,31.471000000000004,2
354.862,4.242081220592938,31.187000000000012,2
346.02000000000004,4.166419590402461,31.363999999999976,2
386.94500000000005,5.142126165473093,46.84700000000004,3
517.8670000000001,12.063170262764368,15.620000000000005,1
262.037,2.8676773508385542,31.364000000000004,2
304.81500000000005,3.44221262548974,31.226999999999975,2
212.44700000000003,2.360609961509149,31.444000000000003,2
380.707,5.0724295066535445,15.864000000000004,1
514.341,11.997241821680566,15.620000000000005,1
344.10800000000006,4.142022315966326,31.19999999999999,2
428.58000000000004,6.485894219446009,31.364000000000004,2
354.135,4.252615336572462,31.10699999999997,2
450.02700000000004,8.17471781136407,31.48400000000001,2
395.253,5.225451940860157,62.541,4
353.953,4.239221751425355,31.176999999999992,2
344.459,4.142042707677713,31.444000000000017,2
253.927,2.809099393706229,31.150000000000006,2
346.337,4.169610498956693,31.176999999999992,2
468.89300000000003,8.531570747064588,15.607,1
544.374,18.520888316704216,15.569999999999993,1
344.538,4.157972887507906,31.213999999999942,2
508.999,11.815039095699472,31.484,2
354.56499999999994,4.252979439801096,46.75699999999998,3
561.2900000000001,18.997563087183767,15.607000000000028,1
378.51399999999995,5.045941381448147,15.619999999999997,1
303.641,3.4176008790088854,47.297999999999945,3
356.03499999999997,4.264070335634459,31.189999999999998,2
378.448,5.033164950870686,31.200000000000017,2
419.694,6.343153231145287,31.48400000000001,2
352.943,4.230776976309912,31.444000000000017,2
297.857,3.3802282280362483,47.01400000000001,3
509.02399999999994,11.86566909300489,15.620000000000005,1
312.964,3.5140295773855903,36.66,2
345.411,4.161627811187083,31.44399999999996,2
345.622,4.168692814052845,31.08,2
269.99699999999996,2.9226310430033258,15.864000000000004,1
435.678,6.5848277806975934,31.17700000000002,2
430.2010000000001,6.505938515882971,31.189999999999998,2
355.70000000000005,4.2476603515179185,31.48399999999998,2
433.87899999999996,6.521845370664969,31.24,2
502.54,11.698941900321476,15.864000000000004,1
428.85,6.464797706275885,46.747,3
294.997,3.3582591873116368,47.053999999999974,3
347.33700000000005,4.1860810699248745,31.18999999999999,2
303.454,3.4222449272817257,31.48400000000001,2
253.966,2.8117005870981098,31.177,2
461.277,8.368171362852214,62.603999999999985,4
352.713,4.240656008820286,31.150000000000006,2
296.114,3.367945878081742,47.091,3
394.21799999999996,5.181264716488831,15.864000000000004,1
471.127,8.557742592681713,15.606999999999971,1
394.349,5.191100199804446,31.433999999999997,2
311.63599999999997,3.4913938521805172,46.793999999999954,3
345.32399999999996,4.159385549994968,46.934,3
459.4240000000001,8.372015404364571,31.120000000000005,2
460.899,8.368371408930312,31.08,2
376.911,5.022915754981802,31.149999999999977,2
476.872,8.627023223082336,15.864000000000004,1
355.843,4.269203560961717,31.080000000000013,2
470.107,8.540170336984941,15.620000000000005,1
429.05299999999994,6.465991464424485,15.864000000000004,1
394.877,5.227488303874442,31.14999999999999,2
344.495,4.141626008845925,31.484,2
345.22400000000005,4.164173632497434,31.189999999999998,2
478.207,8.667628713903186,31.177,2
471.52,8.52974241867744,15.863999999999997,1
303.908,3.427089406221299,46.797,3
295.869,3.3749698983769205,31.186999999999998,2
460.897,8.355404478064505,15.863999999999976,1
15.775000000000002,1.0674967374794089,98.82,4
353.66400000000004,4.23429783809489,31.226999999999997,2
418.825,6.375271121834773,15.620000000000005,1
344.66799999999995,4.149637671226618,47.051,3
452.893,8.203871603995674,31.43399999999997,2
426.70000000000005,6.461130877722886,31.43399999999997,2
305.337,3.4451998846819145,46.864000000000004,3
314.165,3.5112105831101874,36.59100000000001,2
311.49999999999994,3.4848634721081053,31.227000000000004,2
335.39500000000004,4.067983278601551,31.48400000000001,2
429.37600000000003,6.505243993127676,15.620000000000005,1
427.50199999999995,6.451788560862078,15.864000000000004,1
552.486,18.685211267605634,15.620000000000005,1
420.42,6.399206339013961,31.189999999999998,2
270.152,2.9147630219223326,36.397,2
272.691,2.9452223847059247,62.364000000000004,4
476.801,8.617724592992603,31.107,2
346.955,4.16712156204073,31.214,2
387.05899999999997,5.139801277046322,15.607,1
437.76899999999995,6.623236994219654,15.619999999999997,1
312.889,3.5054972333661643,31.433999999999997,2
426.287,6.427780182841428,31.72800000000001,2
346.48299999999995,4.169119462915368,31.107,2
368.109,4.939227583550033,31.189999999999998,2
417.682,6.338403139019184,31.43399999999997,2
461.292,8.410670393753916,15.606999999999971,1
228.44500000000002,2.465574759100299,62.307,4
251.432,2.787033220088416,31.200000000000017,2
179.91,2.04650554052875,46.971000000000004,3
231.76700000000002,2.4818672395493664,46.797,3
352.814,4.209179635979953,31.48400000000001,2
394.77799999999996,5.211953738477296,31.176999999999964,2
294.18,3.3482737976451804,31.364000000000004,2
636.5440000000001,inf,0.0,0
550.673,18.678105939004816,15.580000000000013,1
352.05300000000005,4.1999291031549095,47.347999999999956,3
502.33599999999996,11.673465918748937,15.863999999999976,1
411.56199999999995,6.25857024212611,31.471000000000004,2
105.023,1.5162027593596554,109.351,7
479.14700000000005,8.673595874505533,15.620000000000005,1
521.063,12.186410476599397,15.580000000000013,1
355.10099999999994,4.247053337112865,31.200000000000017,2
387.795,5.133658089410962,15.864,1
296.756,3.3744089101543433,31.471000000000004,2
270.51800000000003,2.920719671688843,47.02400000000003,3
369.69500000000005,4.960862251840107,46.68700000000001,3
427.269,6.491889460154242,31.149999999999977,2
429.27,6.479016694746515,31.363999999999976,2
509.605,11.890391930589393,15.607,1
394.20099999999996,5.215287060106719,46.797,3
213.59699999999998,2.368781600651078,37.087999999999994,2
359.277,4.833760163902939,31.44399999999996,2
264.214,2.8805534598357276,31.433999999999997,2
467.428,8.462847654628476,15.864000000000004,1
473.125,8.58821170809944,31.149999999999977,2
312.703,3.511529472238508,31.120000000000005,2
541.483,18.40711093965988,15.607,1
428.01399999999995,6.453449703765051,31.471000000000004,2
269.31600000000003,2.910693001872978,31.48400000000001,2
355.65500000000003,4.2640877386196765,31.189999999999998,2
303.201,3.4337073781544984,52.11699999999996,3
314.82000000000005,3.5234453902755734,46.821,3
436.52899999999994,6.600330994137042,31.19999999999999,2
270.43,2.91890952181595,15.864000000000004,1
394.76,5.211312381318142,31.444000000000017,2
140.277,1.74754994697547,61.215,3
461.156,8.410866665595321,15.620000000000005,1
303.628,3.4358834477889735,46.757000000000005,3
396.25100000000003,5.216108953556419,31.10699999999997,2
233.26300000000003,2.49731044753126,46.794,3
386.638,5.114570917759237,46.984,3
429.347,6.478600959575337,31.069999999999993,2
468.706,8.524095418499375,15.607,1
479.759,8.694117458382781,31.176999999999964,2
295.053,3.3658939468050137,31.176999999999964,2
377.932,5.037433097952077,31.189999999999998,2
468.219,8.438896126592738,15.864000000000004,1
511.39,11.950535331905783,31.08,2
478.773,8.680768120127057,31.107000000000028,2
479.033,8.717625261801194,46.56999999999999,3
434.90900000000005,6.558368692807116,31.48400000000001,2
147.43300000000002,1.7871825812100892,52.048,3
469.265,8.503317823507778,31.07,2
467.40500000000003,8.462480441932497,31.44399999999996,2
419.407,6.3855053481772535,31.120000000000005,2
543.0840000000001,18.276961252147355,31.43399999999997,2
435.018,6.5445971092813995,31.14999999999999,2
449.63699999999994,8.154356542769857,31.364000000000004,2
469.428,8.534959871589084,15.579999999999998,1
422.44399999999996,6.421509240246406,46.72,3
345.23,4.162982033404491,31.189999999999998,2
345.26500000000004,4.152385300159781,46.93399999999997,3
436.43399999999997,6.598609436334248,15.620000000000005,1
351.727,4.211092344912585,31.364000000000004,2
352.899,4.232149399179367,46.579999999999984,3
311.099,3.4884336655521606,31.471000000000004,2
269.485,2.9149760170545393,62.918,4
334.61,4.054264981059741,31.17700000000002,2
336.017,4.063556463230066,31.48400000000001,2
411.198,6.2812483945543285,31.159999999999968,2
355.146,4.242217312713396,31.48399999999998,2
304.072,3.439974001171552,31.14,2
501.2370000000001,11.668248765537205,15.864,1
519.999,12.163568054959212,15.580000000000013,1
478.831,8.67640316142168,31.189999999999998,2
355.804,4.26413709588639,31.139999999999986,2
550.369,18.65304551432146,31.17700000000002,2
385.83299999999997,5.113752918723545,15.863999999999976,1
147.887,1.7889368421614185,62.724,4
502.467,11.681469356518782,15.864000000000004,1
426.89,6.449543626731345,31.471000000000004,2
287.609,3.298757143428046,31.226999999999997,2
459.776,8.351593354759279,31.069999999999993,2
467.749,8.473103161796425,31.471000000000004,2
169.83800000000002,1.9870916371709708,62.84800000000001,4
426.37800000000004,6.475018298085441,31.120000000000005,2
188.399,2.0941153240840222,62.928,4
263.776,2.874221075892254,47.33499999999998,3
436.75500000000005,6.575477117508138,31.364000000000004,2
395.49899999999997,5.230071553097961,15.620000000000005,1
378.64500000000004,5.042286299922068,31.120000000000005,2
509.14,11.874412644169157,15.620000000000005,1
361.12300000000005,4.849186723230084,31.444000000000017,2
393.96200000000005,5.181654141722923,31.727999999999952,2
304.64300000000003,3.4337367685240663,46.650000000000006,3
336.618,4.072313238716743,15.864000000000004,1
452.354,8.245315052695647,15.864000000000004,1
540.529,18.33020198781661,15.620000000000005,1
370.49800000000005,4.950798694789824,15.864000000000004,1
438.598,6.6283188111950935,15.620000000000005,1
264.11300000000006,2.882648551551095,31.24,2
477.7,8.636601975892829,31.363999999999976,2
311.96500000000003,3.495500395965155,31.433999999999997,2
452.21399999999994,8.24701923076923,15.620000000000005,1
419.698,6.391803699897225,31.15,2
542.9230000000001,18.429309791332265,15.579999999999984,1
387.54,5.132393555197749,31.43399999999997,2
419.971,6.388803346421331,15.607,1
477.99600000000004,8.594229608210735,31.728,2
269.836,2.923264980292372,31.227000000000004,2
469.35499999999996,8.455404654118022,31.226999999999997,2
427.25,6.482906421641599,31.17700000000002,2
396.07399999999996,5.225780983270742,31.214,2
304.64099999999996,3.434498741359332,31.727999999999952,2
347.03000000000003,4.1712220485968325,31.199999999999996,2
262.897,2.867763134524529,31.48399999999998,2
518.825,12.042588966456666,15.864000000000004,1
461.162,8.429708393748992,31.069999999999993,2
354.602,4.240594014164953,31.471000000000004,2
354.604,4.245773494064127,31.363999999999976,2
259.783,2.8403573275526184,37.17399999999998,2
437.81399999999996,6.603373691350756,31.44399999999996,2
345.795,4.173391944350125,31.187000000000012,2
377.828,5.012105509068513,15.864000000000004,1
436.12600000000003,6.600405783701878,31.107,2
334.89699999999993,4.070562131533827,31.19999999999999,2
305.326,3.4426470823533175,47.22800000000001,3
469.38899999999995,8.522259615384616,31.19999999999999,2
377.454,5.021414645060249,46.797,3
353.878,4.236166107305832,31.186999999999998,2
559.34,18.765849320289668,15.864000000000033,1
344.74899999999997,4.136591091054661,46.983999999999995,3
370.502,4.961867895676722,31.176999999999992,2
469.505,8.549889848360591,31.107,2
346.12399999999997,4.17242264261622,31.176999999999992,2
314.411,3.516878667317745,46.69,3
470.492,8.559318766066838,15.620000000000005,1
418.773,6.379229287090559,15.620000000000005,1
353.985,4.233684729784046,52.56399999999991,3
502.54600000000005,11.788879347359382,15.58,1
385.30899999999997,5.094458317836459,31.227000000000004,2
354.53200000000004,4.232274239868715,31.44399999999996,2
311.621,3.498424559237374,31.159999999999997,2
262.115,2.8622073816205464,31.444000000000017,2
574.775,37.9155427103404,15.569999999999993,1
271.363,2.933046494896033,47.01400000000001,3
353.03999999999996,4.216999872428059,31.069999999999993,2
344.335,4.150913699545209,31.176999999999992,2
311.57000000000005,3.497875479019354,62.27999999999997,4
395.28600000000006,5.223863053513421,31.139999999999986,2
352.71799999999996,4.222787701585272,42.831999999999994,2
471.425,8.567378846493412,31.107000000000028,2
428.73,6.46257246607632,15.864000000000004,1
336.669,4.071657314903517,31.120000000000005,2
388.802,5.1594668036031415,31.189999999999998,2
270.421,2.9173491020214266,52.661,3
335.945,4.070290080242739,15.864000000000004,1
394.571,5.197653141556204,15.864000000000004,1
535.211,18.026499968187313,15.863999999999976,1
394.88500000000005,5.211477752655603,15.864000000000004,1
385.72,5.113293663488814,47.01399999999995,3
426.96000000000004,6.4834069659919855,31.107,2
451.224,8.252073288331726,31.069999999999993,2
386.35200000000003,5.129898450026723,31.15,2
476.234,8.609516809408156,15.863999999999976,1
477.807,8.631358706936481,31.17700000000002,2
305.06399999999996,3.4392435933314673,31.433999999999997,2
428.086,6.431253885484465,31.471000000000004,2
468.836,8.534285760200556,31.120000000000005,2
396.677,5.233885858833826,62.61099999999999,4
261.4320000000001,2.8568668674356497,46.70000000000002,3
302.903,3.408081980506574,31.72800000000001,2
294.931,3.3562058607356278,31.471000000000004,2
436.057,6.572542203933497,15.863999999999976,1
343.3,4.135045295149037,31.484,2
270.41999999999996,2.9266035437194096,46.687,3
386.19899999999996,5.131752094232435,46.971000000000004,3
355.01300000000003,4.248714288328849,31.364,2
229.231,2.4683470518528003,62.504000000000005,4
470.118,8.549670788501688,15.620000000000005,1
427.96900000000005,6.493754894032169,15.607000000000028,1
462.91,8.421164852429582,15.619999999999997,1
478.80600000000004,8.679695895552314,15.620000000000005,1
410.76800000000003,6.250035147812529,31.484,2
519.0079999999999,12.055896387184728,15.863999999999976,1
369.972,4.943507642456671,15.864000000000004,1
303.399,3.4302249207010354,31.48400000000001,2
520.199,11.996004904033144,15.864000000000004,1
520.478,12.173851438385574,15.579999999999984,1
397.207,5.235022550138073,15.864,1
302.053,3.406624226151113,62.554,4
396.81100000000004,5.248966698790022,31.189999999999998,2
347.61899999999997,4.1883753565630535,46.79699999999997,3
188.745,2.0951897412092375,52.739000000000004,3
377.29200000000003,5.033181181652004,15.620000000000005,1
502.532,11.745440160797143,15.607000000000028,1
340.355,4.122293776603552,31.214,2
386.568,5.13645215828108,46.79399999999998,3
354.28000000000003,4.222133294528522,31.364000000000004,2
393.827,5.194825529376677,31.2,2
305.482,3.4405758660360473,47.22799999999995,3
460.71000000000004,8.379152384918473,15.863999999999976,1
338.719,4.099324720005856,36.61099999999993,2
344.875,4.1560572505811075,46.72,3
460.416,8.383194355355997,31.24000000000001,2
418.10799999999995,6.347059876716883,15.864,1
460.47599999999994,8.348685785416768,15.863999999999976,1
428.051,6.495512960419048,15.607000000000028,1
477.421,8.592814656954738,15.864000000000004,1
345.657,4.1703798141744715,15.620000000000005,1
410.906,6.281568123393317,15.580000000000013,1
396.563,5.253142428142428,31.119999999999997,2
338.05499999999995,4.095344919149559,46.70000000000002,3
388.14300000000003,5.157754354392956,31.176999999999964,2
480.833,8.686686702688878,31.120000000000005,2
428.168,6.475714249175128,15.864000000000004,1
386.466,5.127675481693511,31.226999999999975,2
328.30899999999997,4.004456686860552,31.239999999999995,2
433.838,6.579407641755726,36.434,2
470.331,8.505960645377506,15.863999999999976,1
385.78900000000004,5.122690404693461,46.806999999999995,3
478.37299999999993,8.660832105566588,31.364000000000004,2
520.358,12.087015809434526,31.069999999999993,2
419.31899999999996,6.383476697907304,15.620000000000005,1
361.737,4.858363376495937,31.364000000000004,2
550.6419999999999,18.640866277952206,15.607,1
510.83299999999997,11.884071248987942,15.863999999999976,1
345.34799999999996,4.142898745927449,31.727999999999952,2
435.832,6.596414859329455,15.62,1
420.11299999999994,6.37407577967099,31.189999999999998,2
396.96000000000004,5.23677076440327,31.364000000000004,2
314.31399999999996,3.521147660642812,46.971000000000004,3
427.175,6.470711029148097,31.444000000000003,2
552.5569999999999,18.578322835146654,15.863999999999976,1
345.492,4.155350978135788,31.189999999999998,2
353.853,4.23593748571115,31.24000000000001,2
387.32399999999996,5.142635592585858,31.176999999999964,2
312.952,3.5024548609445216,31.433999999999997,2
429.08799999999997,6.509604519774012,15.58,1
229.92199999999997,2.4692534299535427,46.971000000000004,3
379.34200000000004,5.046573647380099,15.864000000000004,1
343.641,4.136326299649533,47.054,3
303.664,3.431880065349008,31.364000000000004,2
510.7820000000001,11.852923678395376,15.864000000000004,1
343.965,4.159497368348536,46.797,3
521.813,12.160104369399235,15.607,1
387.00300000000004,5.118455218797889,47.347999999999956,3
460.25500000000005,8.396030853286197,15.580000000000013,1
318.935,3.90765626139596,31.433999999999997,2
220.676,2.4120101097354194,46.984,3
96.315,1.4724867179796612,58.395,3
396.15899999999993,5.221148416106381,62.66100000000001,4
221.32800000000003,2.4194243496998618,77.757,5
353.82199999999995,4.225712931223105,31.15,2
418.253,6.373447075298381,31.149999999999977,2
389.207,5.153269093276136,31.471000000000004,2
336.566,4.081428989965574,31.160000000000025,2
420.20799999999997,6.37185518510943,31.120000000000005,2
354.069,4.226170625700462,15.864000000000004,1
336.242,4.079110997152041,31.176999999999992,2
387.142,5.141131922085424,46.739999999999995,3
468.885,8.528177381028836,31.07,2
378.778,5.048200754539528,15.620000000000005,1
296.41,3.380038541833949,46.64999999999999,3
518.857,11.967637608861079,15.864000000000004,1
367.63,4.92863631020443,15.62,1
187.709,2.0907036066450124,47.10400000000001,3
419.17,6.364071457821457,31.363999999999976,2
477.298,8.657105271601376,31.226999999999975,2
427.562,6.493043154283952,46.64999999999998,3
470.879,8.548920275101402,15.620000000000005,1
436.51700000000005,6.598740492772584,31.159999999999997,2
354.51599999999996,4.241022453009581,31.139999999999986,2
345.81000000000006,4.1652799516709225,31.44399999999996,2
343.70799999999997,4.146327843941377,31.15,2
396.632,5.241735912819361,31.120000000000005,2
378.13999999999993,5.035171964870719,15.864000000000004,1
510.28,11.839033094014189,15.863999999999976,1
346.519,4.170608741799416,31.48399999999998,2
355.254,4.250027445383687,31.176999999999992,2
396.736,5.225180515026944,15.863999999999976,1
428.901,6.494222689075631,15.864000000000004,1
427.15099999999995,6.46012450307423,31.139999999999986,2
420.05100000000004,6.384302817443023,31.363999999999976,2
419.648,6.360789974578761,31.470999999999947,2
263.564,2.869791925311615,31.48400000000001,2
395.527,5.1942588704375305,31.433999999999997,2
189.48,2.101570266672093,46.757000000000005,3
467.336,8.428053723277438,15.863999999999976,1
387.43,5.14186444301903,15.620000000000005,1
222.39899999999997,2.4238547968885045,62.33700000000002,4
429.336,6.525559845559847,31.0,2
387.28000000000003,5.139774027001315,31.080000000000013,2
427.42,6.460073325583476,31.226999999999975,2
254.089,2.8114925319930135,36.821,2
302.35400000000004,3.4293266913064437,31.150000000000006,2
387.73499999999996,5.145701241352764,46.757000000000005,3
377.727,5.031496147031827,31.214,2
304.029,3.4409412784816222,46.726999999999975,3
229.05100000000002,2.47005667122347,31.434000000000005,2
386.172,5.0912818230937935,47.29800000000001,3
643.9110000000001,inf,0.0,0
477.878,8.595613128824604,31.727999999999952,2
345.77200000000005,4.143124653437445,31.226999999999997,2
397.851,5.253407742390713,31.190000000000012,2
418.66499999999996,6.372321313999742,15.620000000000005,1
228.844,2.4605541124435963,62.84800000000001,4
462.605,8.424249719146204,15.620000000000005,1
304.36100000000005,3.441000264662716,62.417,4
501.769,11.60038026830041,31.727999999999952,2
510.407,11.856489556302378,31.433999999999997,2
387.363,5.141148171905068,31.15,2
252.87199999999999,2.7993524744725513,46.797,3
263.234,2.874432117578365,47.00399999999999,3
435.55,6.557753164556961,15.863999999999976,1
428.011,6.475807277007317,31.150000000000006,2
475.89700000000005,8.594787826558786,31.471000000000004,2
355.616,4.267118064806564,46.68699999999998,3
386.593,5.12348273140346,31.43399999999997,2
377.755,5.02921475350385,46.81999999999999,3
260.599,2.8513448231767096,47.091,3
386.919,5.123265627997187,31.43399999999997,2
270.708,2.927419527094858,47.024,3
470.157,8.482406302220099,31.10699999999997,2
470.745,8.512567625795949,15.864,1
312.114,3.500212280209877,47.07799999999992,3
193.57100000000003,2.238101634206403,78.21100000000004,5
397.19,5.2536170577337025,31.119999999999997,2
429.191,6.488516330340929,15.864,1
386.91,5.140732020547946,46.69999999999999,3
387.445,5.144240025671194,15.620000000000005,1
354.406,4.246457262725915,31.24000000000001,2
312.664,3.5122856637793882,31.107,2
394.46400000000006,5.20968155041407,31.484,2
354.307,4.240178146833962,47.05099999999999,3
367.199,4.9268420489787195,31.200000000000003,2
519.261,12.100064129970074,15.620000000000005,1
263.38800000000003,2.874674372588934,31.444000000000003,2
411.23900000000003,6.290608516660235,31.15,2
394.6789999999999,5.23171110896673,31.186999999999955,2
460.593,8.35842093491389,15.864000000000004,1
387.848,5.135104590911999,31.44399999999996,2
271.332,2.9349759315385984,46.833999999999996,3
270.649,2.9298849837066196,36.80000000000004,2
513.096,11.929959100204497,31.363999999999976,2
395.35699999999997,5.21799618055926,62.25999999999999,4
470.47599999999994,8.536418536851043,15.620000000000005,1
355.228,4.2590621760231935,31.069999999999993,2
385.96500000000003,5.112529434955408,31.48400000000001,2
468.058,8.500448689186593,15.620000000000005,1
544.8650000000001,18.469220904135945,15.620000000000005,1
429.374,6.524129324430378,46.607,3
179.615,2.0481306202477723,46.69000000000001,3
438.37199999999996,6.642797379226898,15.607000000000028,1
600.456,39.441485275288095,15.620000000000005,1
594.424,38.469994957135654,15.863999999999976,1
479.19599999999997,8.664192949907235,15.863999999999976,1
294.716,3.358652591815992,47.01400000000001,3
353.74699999999996,4.233873916700186,15.863999999999976,1
451.36300000000006,8.169613215789056,31.48399999999998,2
518.185,12.021929637980174,15.864,1
420.96200000000005,6.36838615060894,15.864000000000004,1
428.133,6.506038041591109,15.607,1
295.00800000000004,3.3662920807565517,15.62,1
345.25,4.158015092613767,31.471000000000004,2
545.226,18.54266409266409,31.08,2
295.20399999999995,3.3475467196819086,31.364,2
436.343,6.5395269712704245,31.17700000000002,2
347.782,4.189870399075459,31.19999999999999,2
502.93199999999996,11.704324876553718,15.863999999999976,1
227.972,2.4626340912590465,63.277000000000044,4
294.494,3.358877007489287,31.187000000000012,2
387.14500000000004,5.127741467731446,47.051000000000016,3
417.515,6.296262938908057,31.48400000000001,2
328.058,4.014130834252113,31.0,2
419.622,6.384601565507506,31.200000000000003,2
427.519,6.45012875755335,31.470999999999947,2
387.75800000000004,5.119869526875552,47.041,3
535.029,17.993679329183077,15.864000000000004,1
314.578,3.508616496144307,62.72799999999998,4
522.08,12.177049882252195,15.569999999999993,1
263.411,2.870564341459604,31.364000000000004,2
148.087,1.789086103725176,99.331,5
261.099,2.856968102130081,62.661,4
426.836,6.4677700348432055,15.864000000000004,1
430.598,6.482880244476985,31.48399999999998,2
428.37800000000004,6.479100583239538,15.863999999999976,1
551.102,18.69187800963082,15.580000000000013,1
469.06899999999996,8.489406204595168,31.186999999999955,2
451.771,8.253403763406334,15.607,1
409.424,6.250102585145671,15.620000000000005,1
303.83000000000004,3.4409113549817634,15.62,1
503.717,11.730167859577367,15.864000000000004,1
313.402,3.5183572123072473,46.620000000000005,3
138.667,1.7405921874833101,62.541,4
378.475,5.04625976886152,15.620000000000005,1
427.13500000000005,6.46879801290587,15.863999999999976,1
312.67699999999996,3.510776173575088,36.471000000000004,2
229.924,2.4702151060183644,109.57800000000002,7
428.61699999999996,6.463708443809911,31.433999999999997,2
427.40500000000003,6.4626730230953084,31.200000000000017,2
353.634,4.207855587808418,31.471000000000004,2
172.97900000000004,2.009424383184333,77.827,5
393.584,5.181814318196307,62.634000000000015,4
362.103,4.881726769864072,31.10699999999997,2
462.048,8.429977326450867,31.0,2
396.136,5.213405943542726,31.433999999999997,2
551.667,18.749903474903476,15.580000000000013,1
180.73800000000003,2.0535710121948374,62.444,4
187.03099999999998,2.0849735762807233,31.471000000000004,2
429.461,6.512907408120563,15.607000000000028,1
307.136,3.457658176696994,46.769999999999996,3
479.225,8.689746469833121,31.120000000000005,2
362.118,4.850312071367053,46.971000000000004,3
510.23500000000007,11.918788786646694,15.58,1
428.40000000000003,6.5066390734861255,15.620000000000005,1
550.901,18.497808410621268,15.864000000000004,1
179.58399999999997,2.040626285687796,53.17900000000003,3
477.751,8.678415300546447,15.579999999999984,1
477.963,8.634703852788958,31.444000000000003,2
286.933,3.3009679152532856,31.150000000000006,2
343.798,4.146460440214158,15.863999999999976,1
469.865,8.50655014857654,47.014,3
344.509,4.15753343048567,36.65099999999998,2
385.196,5.116045477859464,31.364000000000004,2
516.3340000000001,12.02476833069992,15.619999999999997,1
353.21200000000005,4.213179775485326,46.727,3
387.75100000000003,5.153733261917514,15.62,1
410.529,6.267919928140639,31.24000000000001,2
212.11400000000003,2.361529228260939,66.358,3
303.04900000000004,3.4261776667627375,15.864,1
353.173,4.239108901810444,46.794,3
356.156,4.263563973573045,31.471000000000004,2
518.861,12.046411615677757,31.10699999999997,2
385.32,5.099236153960723,37.145,2
188.24,2.0961073747343293,78.24100000000001,5
389.6260000000001,5.179191247452537,35.807,2
419.829,6.361253000970527,15.864000000000004,1
545.6210000000001,18.3301041799009,15.864000000000004,1
387.268,5.149581578749986,31.176999999999964,2
288.00800000000004,3.309458895981012,31.214000000000027,2
428.5249999999999,6.474398937121541,31.200000000000017,2
509.618,11.89299760601915,15.607,1
480.00399999999996,8.70546120011558,31.08,2
469.94100000000003,8.52616069569674,15.620000000000005,1
459.098,8.297115155368354,15.864000000000004,1
427.455,6.455850819421045,15.863999999999976,1
478.428,8.677327214082835,15.607,1
479.09900000000005,8.657742471708971,15.863999999999976,1
345.11199999999997,4.1474536699255795,47.004,3
387.0110000000001,5.128381549752517,31.433999999999997,2
353.341,4.2126874153278235,47.078,3
476.38899999999995,8.568698166566046,31.471000000000004,2
459.428,8.343328431685954,46.94400000000002,3
459.12600000000003,8.296052631578947,15.863999999999976,1
409.68199999999996,6.202839653552107,31.444000000000017,2
476.829,8.611240582301111,15.863999999999997,1
501.89099999999996,11.73793324775353,31.159999999999997,2
354.567,4.23929726470427,31.226999999999997,2
480.22099999999995,8.66868941728813,31.444000000000003,2
344.10299999999995,4.143210778716602,46.934000000000005,3
295.276,3.357587129226715,52.073999999999984,3
549.448,18.595286130592115,15.619999999999997,1
386.69499999999994,5.101602689888522,31.471000000000004,2
302.675,3.4163353610831697,31.226999999999975,2
253.202,2.7914010598331718,31.444000000000003,2
439.599,6.64210539825962,15.620000000000005,1
428.687,6.50728417266187,15.619999999999997,1
346.693,4.176764344750491,62.20000000000002,4
219.02199999999996,2.395907025359617,47.004000000000005,3
271.04699999999997,2.9258430319307673,36.56700000000001,2
601.051,39.77748387096774,15.5,1
603.4659999999999,39.039964699949564,15.864000000000004,1
419.459,6.392612876684153,31.176999999999992,2
313.072,3.498260397714578,47.335000000000036,3
477.227,8.616377796929362,31.214,2
229.976,2.466627552517123,47.06400000000002,3
509.42699999999996,11.786546116710426,15.863999999999976,1
260.48400000000004,2.8519224206574902,62.214,4
476.995,8.661708723517034,15.607,1
387.575,5.1558546000428915,46.56999999999999,3
396.08500000000004,5.236475067918797,46.78,3
297.57,3.381874794886778,31.08,2
238.17999999999998,2.6918356039834634,76.899,3
427.85699999999997,6.471247170752292,46.757000000000005,3
429.994,6.4978711434452965,31.227000000000004,2
478.607,8.671090381625554,15.607,1
170.78199999999998,1.9945318277904274,46.69000000000001,3
231.15999999999997,2.476126922905,47.34800000000001,3
270.75000000000006,2.9187294928034357,31.177,2
417.661,6.330844437637209,15.864,1
229.30900000000003,2.4677560791392232,36.72400000000002,2
354.128,4.239726278040034,31.471000000000004,2
172.38400000000001,2.0047971275522998,52.48399999999998,3
435.283,6.59799117764317,46.607,3
345.427,4.16070382841666,31.177,2
355.004,4.23737438217002,31.48400000000001,2
428.39599999999996,6.478139665733175,31.187000000000012,2
313.156,3.505608807668304,31.214,2
469.551,8.52763037658111,15.619999999999997,1
476.09700000000004,8.631349479859587,31.159999999999997,2
480.35799999999995,8.712877328195248,31.199999999999996,2
345.39,4.15372815427601,62.219999999999985,4
330.223,4.018464182228682,15.864000000000004,1
562.177,19.02600442492064,15.607000000000028,1
377.89700000000005,5.0308583375110665,31.200000000000003,2
468.868,8.450864480040682,31.44399999999996,2
500.511,11.712992294520548,15.579999999999984,1
313.685,3.503971263220914,31.120000000000005,2
396.43399999999997,5.245520845604378,31.186999999999955,2
345.69199999999995,4.1633312286673805,31.48399999999998,2
470.54200000000003,8.532649238798086,15.620000000000005,1
551.143,18.512726001715862,15.864,1
462.05,8.418438122150151,15.607,1
471.075,8.565039344788824,15.620000000000005,1
386.11600000000004,5.128081767057968,15.620000000000005,1
313.251,3.4985722489870144,37.127999999999986,2
253.82,2.804133970203571,31.364,2
343.956,4.1506169220763764,15.864000000000004,1
273.139,2.9457948053058263,67.281,3
385.17800000000005,5.123343396064829,77.80700000000002,5
454.113,8.253737780333525,15.863999999999976,1
428.4710000000001,6.504014284429716,31.239999999999995,2
510.998,11.928802104497723,15.607,1
302.65299999999996,3.4239193983709884,31.069999999999993,2
436.997,6.590270048995152,15.864000000000004,1
593.899,39.143802183686574,15.570000000000007,1
419.066,6.381333949713641,15.607,1
393.609,5.212109538026903,15.620000000000005,1
430.278,6.506219287469287,15.864000000000004,1
477.359,8.667555455611419,31.177000000000007,2
294.332,3.35695638943609,31.069999999999993,2
459.539,8.349801676156355,31.363999999999976,2
419.78,6.387527753891962,15.620000000000005,1
520.062,12.113148278735817,31.189999999999998,2
303.032,3.4339137698387203,46.65,3
427.142,6.486942335607025,15.620000000000005,1
394.158,5.202379683135382,31.189999999999998,2
512.854,11.984942275151543,15.607,1
377.74399999999997,5.014069390574358,31.72800000000001,2
353.881,4.2342119212561,31.363999999999976,2
287.106,3.3042030160271585,46.767000000000024,3
389.103,5.161662941056932,15.620000000000005,1
428.15799999999996,6.500700181147783,15.607,1
303.364,3.412437375745527,46.714,3
428.593,6.48437579976455,31.471000000000004,2
302.28499999999997,3.419480062110807,31.150000000000006,2
470.776,8.511863541350865,15.863999999999976,1
428.12999999999994,6.480134145717065,15.863999999999976,1
213.777,2.3708838599213804,31.186999999999998,2
385.582,5.103027400904496,15.864,1
427.756,6.492712867727314,46.7,3
335.564,4.073465163352598,31.069999999999993,2
428.66400000000004,6.484582512346785,15.864000000000004,1
493.634,11.497490643075876,15.864000000000004,1
352.94,4.217349292153985,46.97099999999995,3
230.118,2.4721051183797234,62.333999999999996,4
302.37300000000005,3.4083295500704884,31.72800000000001,2
469.00399999999996,8.455750735235673,31.72800000000001,2
396.699,5.234572645467064,31.139999999999986,2
429.262,6.495538400481367,15.863999999999976,1
470.229,8.521979076686824,15.864000000000004,1
344.90900000000005,4.15772656943796,46.860000000000014,3
212.88600000000002,2.3648463244816575,59.345,3
378.747,5.026867258518951,47.041,3
418.858,6.366465516136884,31.10699999999997,2
420.50100000000003,6.359568176604043,15.864000000000004,1
642.5690000000001,inf,0.0,0
345.485,4.154019609633186,47.024,3
469.19,8.48500414778891,31.200000000000017,2
355.62,4.252572369323638,31.433999999999997,2
352.318,4.230674711610761,31.48399999999998,2
395.498,5.2299251336898385,31.189999999999998,2
263.228,2.8771830985915496,46.727,3
327.665,3.9944254055289017,31.226999999999997,2
346.255,4.171762787630075,46.766999999999996,3
397.253,5.247014550391824,31.24000000000001,2
337.252,4.077341411781882,31.364000000000004,2
252.66500000000002,2.791200845036474,46.719999999999985,3
345.081,4.155430180777426,31.227000000000032,2
229.16600000000003,2.4683069037321803,46.797,3
502.011,11.675633718952026,15.863999999999976,1
338.52000000000004,4.106913736611691,31.159999999999997,2
337.85499999999996,4.099189094978627,31.107,2
436.55800000000005,7.978898231927615,15.864000000000004,1
354.64799999999997,4.234717889782739,31.139999999999986,2
395.242,5.2145210650344955,31.444000000000017,2
388.217,5.139612501466182,31.483999999999998,2
387.16,5.12953047336647,31.200000000000017,2
345.117,4.154980436610963,31.186999999999998,2
311.499,3.4810159852811164,47.04100000000001,3
396.631,5.2499062436379615,31.14999999999999,2
344.096,4.149101292235604,31.213999999999942,2
345.25300000000004,4.159892367816513,46.971000000000004,3
390.19500000000005,5.166969243912858,15.620000000000005,1
271.358,2.9330521876647335,31.364,2
285.379,3.2890567974909968,31.176999999999992,2
378.66,5.040893423116737,31.24000000000001,2
296.108,3.3699067589739484,47.041,3
462.32599999999996,8.42012935946202,31.10699999999997,2
353.03799999999995,4.229370386293576,46.767000000000024,3
388.004,5.1363268090912975,31.19999999999999,2
387.67500000000007,5.142535048726279,31.364000000000004,2
288.038,3.3019284098810027,47.051,3
179.757,2.0461997800010474,31.186999999999998,2
552.592,18.716960564283426,15.620000000000005,1
262.935,2.860077675672234,52.892000000000024,3
355.57099999999997,4.251440223851936,31.19999999999999,2
262.34000000000003,2.8646935061981127,46.863999999999976,3
394.047,5.1926584029366385,31.727999999999952,2
262.082,2.8641316717878684,31.471000000000004,2
542.9999999999999,18.409426098108373,15.620000000000005,1
353.587,4.240528254852723,31.186999999999998,2
517.228,11.99222170272453,15.863999999999976,1
304.071,3.4295553513643084,31.363999999999976,2
311.673,3.4875730294033143,15.864000000000004,1
356.405,4.268151557943771,31.176999999999992,2
476.731,8.650095479564165,15.607,1
435.11100000000005,6.563296722967357,31.159999999999997,2
519.8019999999999,12.107592367032076,15.620000000000005,1
395.68100000000004,5.233693558741708,31.19,2
470.618,8.54316396858471,31.19999999999999,2
504.405,11.653142688181129,15.863999999999976,1
602.189,38.95946797781139,15.864,1
467.918,8.47222177863656,31.177,2
394.67199999999997,5.228915533554062,15.607,1
513.278,12.00982410982411,15.620000000000005,1
353.34599999999995,4.229912795480722,47.103999999999985,3
395.991,5.228685233437273,31.364,2
335.782,4.063564618402445,15.864000000000004,1
387.44499999999994,5.13371671218846,15.864000000000004,1
255.166,2.8183152688999584,78.14400000000003,5
471.00200000000007,8.528322997250816,15.864,1
269.503,2.91333640978311,31.433999999999997,2
421.211,6.406101599199117,15.620000000000005,1
230.463,2.478521113206821,46.797,3
294.819,3.350859986125398,46.84700000000001,3
436.928,6.60279031596225,15.620000000000005,1
428.173,6.494046244257961,15.863999999999976,1
410.676,6.279290397223294,15.579999999999984,1
272.38800000000003,2.9380011526065273,31.189999999999998,2
344.47499999999997,4.150176953114283,31.48399999999998,2
409.654,6.232453283263721,31.24000000000001,2
411.233,6.281223111202436,15.62,1
337.49499999999995,4.0991276400367305,31.120000000000005,2
377.68799999999993,5.029488643031654,15.864000000000004,1
344.675,4.139717067927381,47.30800000000002,3
478.175,8.676593353668324,31.139999999999986,2
436.67699999999996,6.5714231034218775,31.079999999999984,2
469.976,8.550179125098397,15.607,1
313.319,3.5025679118842796,46.821,3
352.616,4.209714270109868,31.186999999999998,2
394.524,5.211670260691333,15.864000000000004,1
384.392,5.109957552364559,31.186999999999955,2
352.448,4.2149450870215635,31.72800000000001,2
436.727,6.565173622172666,37.328,2
171.977,2.001251732047834,31.227000000000004,2
395.20300000000003,5.228850557493526,46.687,3
417.53,6.366916462074372,31.120000000000005,2
304.953,3.440190124108793,78.21399999999994,5
393.717,5.193653870734098,31.48400000000001,2
452.34999999999997,8.250360634717103,15.620000000000005,1
425.573,6.384546282706615,47.30800000000002,3
436.509,6.589747858267919,31.364,2
203.498,2.3054701984205903,31.227000000000004,2
395.24,5.2295632818603055,36.593999999999994,2
436.45599999999996,6.596737792367665,15.620000000000005,1
386.11699999999996,5.134900406939388,31.189999999999998,2
262.116,2.8650500565671226,31.43400000000001,2
347.09900000000005,4.185066573680685,62.25699999999995,4
503.991,11.788864152074327,15.607,1
452.35599999999994,8.230292180806854,15.864000000000004,1
253.34100000000004,2.8000767377912306,31.227000000000004,2
384.93100000000004,5.082762351244139,15.864000000000004,1
419.477,6.36594008238033,31.24000000000001,2
439.50699999999995,6.640924609184487,31.213999999999942,2
494.86299999999994,11.53258556104206,15.864,1
427.038,6.425322695395873,31.363999999999976,2
254.421,2.796377886041093,31.433999999999997,2
519.404,12.064331970006815,15.863999999999976,1
262.439,2.869077209050573,31.107,2
560.437,18.96848348829753,15.620000000000005,1
438.296,6.613853523580193,46.639999999999986,3
395.296,5.231656925086177,15.620000000000005,1
453.849,8.288405331620364,31.19999999999999,2
395.73499999999996,5.223831531310371,15.863999999999976,1
378.097,5.022950470819811,31.069999999999993,2
303.826,3.4277335634608623,47.054,3
270.193,2.9255350232680777,46.5,3
353.565,4.228167085140379,31.484,2
337.81199999999995,4.091223542976363,31.120000000000005,2
476.966,8.639523336643494,15.864000000000004,1
344.84999999999997,4.158805909994413,36.807,2
221.249,2.414861710631495,67.46000000000001,3
545.515,18.4766130582431,15.606999999999971,1
388.03099999999995,5.146649283477777,31.189999999999998,2
437.14300000000003,6.600807174887892,15.620000000000005,1
425.845,6.464665648619863,15.620000000000005,1
436.941,6.609934905696714,15.620000000000005,1
302.31100000000004,3.4089869554477144,31.364,2
429.596,6.529831245896998,31.0,2
462.23900000000003,8.421472609337872,15.607000000000028,1
311.909,3.4953718148725947,31.227000000000004,2
305.85100000000006,3.45399329236003,31.0,2
261.147,2.8553301836524456,78.17099999999999,5
213.374,2.3694411819447923,45.281000000000006,2
552.4330000000001,18.574378061971117,15.864000000000004,1
512.772,11.954325998718222,31.24000000000001,2
337.411,4.078707970254118,31.226999999999975,2
262.146,2.8592969813890154,62.888000000000005,4
468.928,8.49277770676211,15.864000000000004,1
303.28400000000005,3.4283895556925637,62.51400000000001,4
303.619,3.423020445948319,46.794,3
326.454,3.9843675723114056,47.041000000000025,3
412.53,6.295635430038511,31.119999999999997,2
311.007,3.478301405667294,47.054,3
412.2,6.28366703412208,15.863999999999976,1
394.82199999999995,5.2095936710345345,46.984,3
378.9599999999999,5.031703814032661,31.160000000000025,2
303.50600000000003,3.4231629035863698,31.471000000000004,2
504.5319999999999,11.785207353569902,15.620000000000005,1
354.995,4.244897213005366,46.69,3
229.09799999999998,2.467654934720496,46.944,3
345.767,4.164220217069019,15.864,1
344.692,4.151469714285714,31.364000000000004,2
271.831,2.9409983791155825,31.16000000000001,2
286.08000000000004,3.2947348156704206,46.79400000000001,3
387.74199999999996,5.144712509754038,46.757000000000005,3
552.41,18.733868378812197,15.579999999999984,1
451.892,8.1917243574441,15.864,1
254.29500000000004,2.810379809917061,31.433999999999997,2
418.45000000000005,6.360345357655258,31.120000000000005,2
353.59900000000005,4.232195906726752,15.864000000000004,1
420.62499999999994,6.374369130518111,31.471000000000004,2
263.21500000000003,2.877143937070767,62.15999999999997,4
437.116,6.6073581855966355,31.226999999999975,2
510.425,11.839120001698838,15.864,1
509.65100000000007,11.893702975376199,15.607,1
418.2819999999999,6.336046333622492,46.944,3
438.721,6.634235298650265,15.619999999999997,1
409.607,6.242566970856638,31.08,2
312.382,3.5010968950663743,31.186999999999998,2
187.51600000000002,2.0880837433850155,52.97200000000001,3
230.72499999999997,2.4758937881007363,46.687,3
518.288,12.100621118012421,15.620000000000005,1
394.548,5.201296972665609,31.19999999999999,2
263.63500000000005,2.8817630264097076,36.516999999999996,2
303.462,3.433712136401184,46.757000000000005,3
417.448,6.362209377007066,31.200000000000017,2
262.63599999999997,2.8568327877660966,36.95500000000001,2
352.566,4.23197081228744,36.77699999999999,2
163.378,1.9491050836823725,77.8,5
479.344,8.699439420466776,31.150000000000006,2
511.60599999999994,11.89821915473756,15.863999999999976,1
345.946,4.170703987828462,62.349999999999966,4
387.34999999999997,5.14632840933419,31.189999999999998,2
437.898,6.602727807773997,31.444000000000017,2
396.078,5.234135807748226,31.21399999999997,2
264.639,2.8778578828605084,31.434000000000005,2
469.283,8.460185994753994,31.17700000000002,2
313.60699999999997,3.5107842823288284,62.563999999999965,4
379.723,5.0619036412648155,31.189999999999998,2
478.11000000000007,8.596040799466175,31.470999999999947,2
468.415,8.475741325928054,31.187000000000012,2
520.1469999999999,12.130900920179755,15.580000000000041,1
336.588,4.069238134318151,31.176999999999964,2
477.72,8.683226916705534,31.069999999999993,2
296.635,3.383165556635682,31.214,2
394.70900000000006,5.20538473012423,31.199999999999996,2
395.94800000000004,5.222049242383852,31.433999999999997,2
353.47499999999997,4.219878118765884,46.68700000000001,3
270.238,2.9180915472464135,31.434,2
354.25100000000003,4.221078569545095,47.09100000000001,3
478.57800000000003,8.710294828419526,31.0,2
477.938,8.62894266377219,62.647999999999996,4
469.805,8.531702390304119,31.189999999999998,2
311.85600000000005,3.499166559815361,46.7,3
470.89,8.526532830381688,31.48399999999998,2
436.139,6.579294111627074,31.227000000000032,2
270.88199999999995,2.9215714093169423,31.444000000000003,2
230.892,2.473944934215986,47.10400000000001,3
96.35799999999998,1.4726443321724625,83.985,5
354.41999999999996,4.252723451510173,15.607,1
313.085,3.5025178245995456,37.016999999999996,2
420.503,6.372604384933817,31.471000000000004,2
303.08000000000004,3.419240255749168,46.78399999999999,3
271.624,2.9312737743965305,46.766999999999996,3
426.403,6.467826733688963,46.757000000000005,3
353.885,4.239577802596166,31.214,2
479.11800000000005,8.70571111504254,15.607,1
355.009,4.25854773421939,31.189999999999998,2
303.765,3.436024924416786,46.82000000000002,3
418.543,6.348723977968332,31.226999999999975,2
478.41200000000003,8.651653764954258,31.364,2
396.233,5.238511403020838,46.79399999999998,3
420.45300000000003,6.39063040886188,31.189999999999998,2
387.12800000000004,5.132274454549336,31.120000000000005,2
343.91,4.137349705340364,31.484,2
344.919,4.168347663139329,46.67700000000002,3
427.339,6.46930913558758,15.863999999999976,1
370.472,4.961250588084342,31.214,2
561.112,18.991855580850995,15.607,1
511.55100000000004,11.874577496226696,15.863999999999976,1
437.87,6.636335551636696,15.607000000000028,1
558.83,18.777883820067444,15.863999999999976,1
395.11199999999997,5.215382317483011,46.74699999999996,3
501.011,11.648254022231198,15.864,1
263.776,2.878866878930985,36.534000000000006,2
368.073,4.91379658674039,31.471000000000004,2
303.987,3.4283603073924374,31.120000000000005,2
343.641,4.142636353659875,46.67699999999999,3
269.471,2.9157341712758242,62.87799999999996,4
342.599,4.134941986018082,31.200000000000017,2
426.13200000000006,6.459451149204397,31.48400000000001,2
436.57700000000006,6.599007361428169,15.620000000000005,1
329.04200000000003,4.019842143906021,46.56999999999999,3
426.54100000000005,6.46980674779754,15.606999999999971,1
469.61400000000003,8.478168094525303,31.363999999999976,2
385.908,5.121759748790414,31.227000000000004,2
378.93,5.0539846583432295,31.364,2
272.179,2.941902526380377,46.864000000000004,3
396.031,5.219784552109195,31.48399999999998,2
510.381,11.8067459981367,15.864000000000004,1
337.023,4.0928053592731946,36.767,2
188.17999999999998,2.0855807782168507,63.45600000000002,4
386.255,5.1147425722534114,31.19999999999999,2
352.1460000000001,4.219826640333553,31.139999999999986,2
478.24300000000005,8.63222738226329,31.48399999999998,2
395.047,5.216038249324981,31.187000000000012,2
534.646,18.20778886385581,15.569999999999993,1
477.808,8.674397687118535,15.62,1
261.95599999999996,2.8642166839835466,46.944,3
395.236,5.216705252264459,31.363999999999976,2
314.509,3.5169781121203627,31.0,2
419.744,6.328796861709556,31.433999999999997,2
420.137,6.40320485615443,31.15,2
345.98,4.176634776061847,31.214,2
203.915,2.3057078093384216,31.186999999999998,2
352.10599999999994,4.222230356717976,46.69,3
311.684,3.495248617015315,31.08,2
428.017,6.496981917188945,15.607000000000028,1
550.523,18.629711467640185,15.620000000000005,1
313.505,3.5179506537732514,31.187000000000012,2
389.25600000000003,5.157207851848687,31.079999999999984,2
270.369,2.919293811981345,62.71100000000001,4
343.47700000000003,4.139040951919649,31.17700000000002,2
435.966,6.5806505293071,15.864,1
212.36700000000002,2.3572204611687715,42.595,2
272.034,2.9371363872649208,31.139999999999986,2
303.104,3.430392738585885,62.44399999999996,4
304.461,3.447947320179459,46.607,3
418.604,6.341516945692118,15.863999999999976,1
416.387,6.28463549598944,15.864000000000004,1
476.0760000000001,8.607721563488765,15.863999999999976,1
315.676,3.5226230241813035,31.363999999999976,2
491.41700000000003,11.446567887587426,15.864000000000004,1
328.341,4.010811157775047,31.08,2
287.592,3.306567001379487,31.227000000000004,2
170.226,1.9923110554082017,36.918,2
326.573,3.976638836225755,61.35900000000001,3
147.308,1.7854374056913127,42.522999999999996,2
347.859,4.19107421337492,15.620000000000005,1
428.342,6.4926908083709485,46.79699999999997,3
393.312,5.213756160274267,31.069999999999993,2
312.153,3.5069107029562234,77.797,5
550.2589999999999,18.64385801776381,31.187000000000012,2
211.73000000000002,2.3527431174489997,78.02400000000002,5
419.57500000000005,6.378201348475915,31.080000000000013,2
436.081,6.608253919261288,31.069999999999993,2
394.77000000000004,5.203660912992088,15.864000000000004,1
387.32000000000005,5.135648237128152,31.14,2
385.62600000000003,5.110669324492864,31.471000000000004,2
428.854,6.523621844410099,15.57,1
388.831,5.167222180543796,31.0,2
501.845,11.674373590845278,15.864000000000004,1
460.14,8.313328459264438,31.433999999999997,2
520.203,12.123292064917571,31.187000000000012,2
418.932,6.33841350748646,62.61100000000001,4
436.96999999999997,6.588280430723585,47.00399999999996,3
436.726,6.575106912618879,15.864000000000004,1
386.979,5.126851585244905,15.864000000000004,1
450.871,8.192760513049581,15.864000000000004,1
353.85900000000004,4.234513395672801,31.471000000000004,2
478.53800000000007,8.654893303899927,31.43399999999997,2
270.43100000000004,2.922832439811721,46.5,3
394.577,5.20967449403079,15.864000000000004,1
353.64,4.248964142328222,31.159999999999997,2
354.968,4.2493134634396394,31.149999999999977,2
387.763,5.134022047378409,31.471000000000004,2
222.03500000000003,2.4240224216109443,62.373999999999995,4
310.709,3.478217521694742,46.607,3
375.80299999999994,5.016834656947101,46.76,3
254.20900000000003,2.812528965925377,62.403999999999996,4
436.279,6.580085694186864,15.863999999999976,1
260.877,2.8535831521507435,76.785,4
418.99199999999996,6.3357784145176685,31.484,2
343.747,4.155958501652589,31.08,2
478.644,8.68486288613448,15.607000000000028,1
334.4800000000001,4.036145453225133,31.43399999999997,2
499.876,11.560388718707088,15.864000000000004,1
278.958,3.2375711879361515,31.200000000000017,2
146.239,1.7788903506202296,89.693,3
386.995,5.128651289820129,31.15,2
354.906,4.255719658746904,46.81999999999999,3
227.30300000000003,2.4466840631364564,62.878,4
479.654,8.717683024939662,15.58,1
435.232,6.57889609557259,31.069999999999993,2
356.18000000000006,4.260109469676167,31.15,2
270.688,2.9248513809483176,31.471000000000004,2
311.62199999999996,3.494352882791301,31.444000000000003,2
270.609,2.927950071601086,31.364000000000004,2
394.21,5.208902317933825,31.189999999999998,2
527.1930000000001,17.7660921002417,15.863999999999976,1
467.486,8.470930418384631,31.139999999999986,2
437.743,6.618284262135173,77.914,5
463.16900000000004,8.438434483755442,31.080000000000013,2
379.644,5.061058576868769,15.620000000000005,1
351.91499999999996,4.22322565281505,36.637,2
345.776,4.170395364189834,62.26700000000001,4
543.5210000000001,18.420544871794874,15.620000000000005,1
344.95,4.144141023771329,15.864000000000004,1
437.25399999999996,6.616333136383488,15.607,1
378.927,5.047630238097781,31.226999999999997,2
261.454,2.855086242984554,37.001,2
426.65,6.45211746364403,15.864,1
285.216,3.2810345654920896,31.189999999999998,2
426.269,6.4577102325104985,31.120000000000005,2
312.32,3.4964629711042727,31.44399999999996,2
435.582,6.564551981399628,31.444000000000003,2
353.62500000000006,4.236220040083829,37.051,2
437.23400000000004,6.589012028479759,15.863999999999976,1
479.078,8.694796016704146,15.619999999999997,1
460.728,8.351182308453266,15.863999999999976,1
304.278,3.443018867924528,31.139999999999986,2
510.681,11.940741692910855,31.107000000000028,2
311.81800000000004,3.4939853472822087,62.41699999999997,4
553.376,18.764879614767256,15.579999999999984,1
314.644,3.513231359079836,36.564,2
512.268,11.884497705252421,31.19999999999999,2
520.069,12.129946283733172,31.107,2
395.528,5.2214869682156815,46.98400000000001,3
178.778,2.03795866233163,47.078,3
221.36600000000004,2.417822213397724,62.376999999999995,4
426.64900000000006,6.468176458525582,46.797,3
438.566,6.625020842151167,31.24000000000001,2
420.90600000000006,6.3821543655056,15.864000000000004,1
290.79600000000005,3.3345107735782413,31.200000000000017,2
502.70799999999997,11.742312541402224,15.620000000000005,1
388.53299999999996,5.154544482463645,62.279999999999994,4
512.009,11.841217074616752,31.727999999999952,2
469.307,8.525769724182169,15.620000000000005,1
434.393,6.511272662682855,15.864000000000004,1
385.81699999999995,5.128416119160229,31.187000000000012,2
560.1600000000001,18.79189429551518,15.864000000000004,1
469.521,8.548569131832798,31.200000000000003,2
270.385,2.921098440441934,62.513999999999996,4
543.028,18.47756678467976,15.569999999999993,1
378.026,5.0330947071939915,36.17699999999999,2
289.202,3.314078815763153,31.434,2
302.75399999999996,3.4154812149450686,31.433999999999997,2
468.50999999999993,8.520586866141228,15.620000000000005,1
378.04300000000006,5.038446336434821,15.863999999999976,1
467.994,8.464257233085585,31.214,2
469.456,8.491996616715342,15.863999999999976,1
459.679,8.356747327315794,15.863999999999997,1
387.52000000000004,5.137474509134005,15.864000000000004,1
262.197,2.863319475535657,31.433999999999997,2
427.338,6.461607279791422,46.81,3
345.524,4.1594809849946515,47.064,3
386.022,5.106835469971807,31.44399999999999,2
270.94100000000003,2.93229779555974,31.226999999999997,2
296.291,3.3704228169126766,46.794,3
386.967,5.103312620617988,31.364000000000004,2
352.9,4.230974877316341,46.73999999999998,3
378.788,5.050905279818623,31.24000000000001,2
396.503,5.246259785600308,31.120000000000005,2
561.9689999999999,18.856725239109018,15.864000000000004,1
460.54299999999995,8.34975503104004,31.48400000000001,2
427.54699999999997,6.484606306283194,15.620000000000005,1
303.819,3.4296773161661807,31.72800000000001,2
312.989,3.5012106924521516,47.22800000000001,3
513.1110000000001,11.981038799837354,31.120000000000005,2
386.91100000000006,5.149624624624625,31.120000000000005,2
296.502,3.3782756214356184,31.177,2
312.179,3.4980715063056143,62.660999999999945,4
296.923,3.3718167875515226,31.200000000000017,2
479.161,8.648952812719495,15.864000000000004,1
310.97,3.4848179755169877,31.48400000000001,2
429.769,6.5185613210575655,31.226999999999975,2
313.59499999999997,3.511009864838896,31.186999999999998,2
271.718,2.9255348550452474,31.471000000000004,2
561.606,19.029085072231144,15.579999999999984,1
335.43500000000006,4.063585134851267,47.063999999999965,3
246.185,2.750399943119201,31.139999999999986,2
347.676,4.154582490268844,31.727999999999952,2
296.081,3.378466308923235,62.19,4
336.008,4.077813705104836,52.66799999999995,3
520.586,12.089510906612135,15.863999999999976,1
469.3930000000001,8.483467253363946,31.24000000000001,2
346.3970000000001,4.173674035933192,46.769999999999996,3
368.935,4.935684492377935,15.864000000000004,1
420.385,6.367667713680125,15.864000000000004,1
386.1460000000001,5.114589549058052,31.48400000000001,2
344.772,4.1544218558436565,31.069999999999993,2
412.95500000000004,6.277987244539308,31.189999999999998,2
492.399,11.48907208588957,15.863999999999976,1
541.192,18.358693908971357,15.607,1
552.668,18.581854043392504,15.863999999999976,1
346.385,4.170456001610925,31.48399999999998,2
344.99,4.137442137523986,62.660999999999945,4
337.79200000000003,4.0833097530920535,15.864000000000004,1
478.717,8.693940855030537,15.579999999999984,1
305.4800000000001,3.450426747096195,46.650000000000006,3
387.465,5.110205900136842,47.297999999999945,3
544.3810000000001,18.356874123198576,15.864000000000004,1
344.23,4.140268933934208,46.94399999999996,3
345.541,4.1608792696536705,31.444,2
353.193,4.2338350821293185,31.434,2
132.00900000000001,1.7053345301830538,103.615,4
479.255,8.689364159994867,31.176999999999992,2
417.07500000000005,6.353017429473522,31.226999999999975,2
509.96700000000004,11.9224030841722,31.070000000000007,2
312.88100000000003,3.5034285211352127,31.186999999999998,2
214.019,2.3712925527484288,62.59100000000001,4
379.07199999999995,5.059716837663589,31.186999999999998,2
345.851,4.161517085032085,31.433999999999997,2
476.446,8.615337893996548,15.864000000000004,1
418.383,6.334612638343449,15.863999999999976,1
304.25,3.429937145093404,47.051000000000016,3
355.151,4.2559659689943805,31.19999999999999,2
353.43800000000005,4.223475762688676,15.864000000000004,1
387.16400000000004,5.125436876651606,15.864000000000004,1
427.369,6.496000514403293,15.620000000000005,1
394.89799999999997,5.213234038921134,15.863999999999976,1
354.859,4.239005823399478,46.93399999999997,3
410.104,6.269904908763815,15.620000000000005,1
635.999,inf,0.0,0
457.96400000000006,8.311747613117475,15.864000000000004,1
437.887,6.624463739820691,31.10699999999997,2
428.72300000000007,6.478818162068216,15.863999999999976,1
344.884,4.152677477741009,36.87700000000001,2
419.266,6.341104231954954,31.43400000000001,2
272.164,2.9396228566541716,52.02400000000006,3
387.22800000000007,5.142317690225822,31.214,2
419.866,6.367002850532397,15.863999999999976,1
303.829,3.430670890734252,31.363999999999976,2
468.191,8.509439106933774,31.227000000000004,2
294.33699999999993,3.357751646133389,31.189999999999998,2
493.90899999999993,11.505572808099716,15.864000000000004,1
336.47299999999996,4.076802794491486,31.080000000000013,2
104.936,1.51648849250881,78.241,5
347.623,4.1869505028557805,31.079999999999984,2
384.76899999999995,5.0775841970284645,47.06399999999999,3
385.48900000000003,5.116361267725952,31.471000000000004,2
356.00600000000003,4.240483515683312,31.200000000000017,2
437.88000000000005,6.633346198379005,46.72999999999996,3
436.04200000000003,6.596021560574949,31.19999999999999,2
480.316,8.71046970815809,31.107,2
542.4970000000001,18.38772435897436,15.620000000000005,1
426.802,6.443555895669919,31.434,2
480.189,8.703484454711715,15.62,1
420.195,6.4058278656889245,15.58,1
221.04,2.419981498612396,73.47799999999998,4
385.4,5.099040650060624,31.471,2
477.649,8.629688198837135,15.864,1
427.264,6.445767162048484,15.864000000000004,1
519.705,12.061318746807423,31.48400000000001,2
294.874,3.3553177043811653,31.444000000000017,2
561.861,19.008365384615388,15.620000000000005,1
394.43800000000005,5.224597555881629,31.069999999999993,2
511.85400000000004,11.969867123874844,15.580000000000013,1
393.759,5.192582891458506,15.864000000000004,1
393.335,5.18107892638852,62.711,4
518.827,12.103366362060479,15.620000000000005,1
426.972,6.4639127764127755,31.19999999999999,2
385.573,5.108483931463642,31.363999999999976,2
386.61600000000004,5.122848550771003,15.863999999999976,1
345.897,4.157579077091606,31.177,2
296.54100000000005,3.3803832168056704,31.15,2
436.21500000000003,6.612647967061246,15.579999999999984,1
388.005,5.142077844439225,31.120000000000005,2
410.34599999999995,6.255186721991701,31.434,2
376.85300000000007,5.003622726500085,31.72800000000001,2
294.509,3.34502225513381,37.414999999999964,2
394.46299999999997,5.217908277285315,46.714,3
517.282,11.952866943338696,47.22800000000001,3
428.55400000000003,6.462209080017335,15.864000000000004,1
468.569,8.484649543160181,31.363999999999976,2
437.461,6.618270317476626,15.607000000000028,1
345.202,4.149883203153514,62.541,4
427.186,6.47253394824494,31.24000000000001,2
347.58900000000006,4.187690868572372,31.17700000000002,2
229.84,2.4740703685175927,31.214,2
212.779,2.3593062254447887,62.634,4
417.48099999999994,6.331268835878837,31.364000000000004,2
426.71399999999994,6.457328848588712,15.864,1
386.839,5.1159653136138745,31.07,2
336.523,4.084141356746156,46.80699999999996,3
429.692,6.470438458012935,31.19999999999999,2
302.719,3.412891861086092,62.50399999999999,4
377.478,5.019357930043124,31.080000000000013,2
469.429,8.504740132052245,15.864000000000004,1
396.325,5.226204440273839,52.635000000000005,3
353.33599999999996,4.21334315517602,15.864000000000004,1
426.591,6.460644384992511,15.864000000000004,1
229.808,2.472392009123643,47.34800000000001,3
346.537,4.177198129641515,31.150000000000006,2
503.172,11.755215458276334,15.607,1
388.1650000000001,5.150431974680296,31.214,2
428.583,6.491063535380713,15.864000000000004,1
314.48900000000003,3.523907739719432,31.24000000000001,2
435.99,6.57931511056511,15.863999999999976,1
519.807,12.047735436016238,31.444000000000003,2
328.24199999999996,4.001097152888255,46.69,3
312.98100000000005,3.4878659491427073,31.471,2
427.879,6.473418272059764,15.863999999999976,1
236.528,2.685704918967459,46.746999999999986,3
435.773,6.569624621362202,31.187000000000012,2
378.678,5.059584048027443,46.579999999999984,3
427.28,6.466664960786068,15.863999999999976,1
270.985,2.923393593538175,37.31199999999998,2
430.344,6.520769724182168,31.189999999999998,2
468.378,8.486381944888434,15.864,1
476.001,8.571435388432905,47.297999999999945,3
468.57500000000005,8.443014851878326,15.864000000000004,1
345.775,4.1590608012425205,47.054,3
387.07099999999997,5.130343385193248,15.864,1
418.508,6.367551622418879,15.620000000000005,1
502.24800000000005,11.773230373230374,15.620000000000005,1
536.887,18.259362844375865,15.607,1
378.554,5.052172982230786,31.139999999999986,2
520.162,12.12479414846975,15.607,1
437.248,6.611715030096128,31.227000000000004,2
430.707,6.537218451095342,15.607,1
227.705,2.4519872722751126,47.348,3
427.725,6.46417895194052,15.864000000000004,1
478.918,8.677797906279558,15.620000000000005,1
337.164,4.080023385829649,31.186999999999998,2
437.96599999999995,6.602450942768696,31.444000000000017,2
310.92500000000007,3.4848356496096025,36.930999999999926,2
422.213,6.417849351982549,31.200000000000003,2
252.41899999999998,2.791832301663922,47.09100000000001,3
353.69699999999995,4.236582754550197,31.186999999999998,2
297.374,3.373447626344858,47.041,3
437.18500000000006,6.613788409928477,31.187000000000012,2
353.444,4.23625176259454,46.934,3
412.144,6.300410252453155,46.64999999999999,3
470.6310000000001,8.523956451535547,31.444000000000003,2
384.955,5.116285286569718,31.24000000000001,2
385.30899999999997,5.071183288779942,47.59200000000001,3
272.72900000000004,2.936101941575267,47.090999999999994,3
386.35100000000006,5.118090345136328,31.187000000000012,2
420.38100000000003,6.393164586193182,31.149999999999977,2
503.062,11.76759417808219,15.579999999999984,1
352.615,4.22659309688518,62.59400000000002,4
395.95700000000005,5.224397477888852,31.177,2
353.625,4.24197585192112,31.24000000000001,2
511.729,11.873045215026346,15.864000000000004,1
500.824,11.586454722245707,15.864000000000004,1
386.469,5.116276840490798,31.227,2
503.26200000000006,11.757139192886456,15.607,1
252.5,2.794955641492266,52.376999999999995,3
313.61199999999997,3.499318611082332,36.680999999999926,2
435.66400000000004,6.588230012442119,15.607000000000028,1
519.884,12.097487565906036,15.620000000000005,1
394.05600000000004,5.192754162898336,15.864000000000004,1
314.23800000000006,3.520012510325028,31.226999999999975,2
387.519,5.143524656772594,31.159999999999968,2
311.308,3.4905038480615698,31.470999999999947,2
518.9780000000001,12.048902514317342,15.864000000000004,1
312.457,3.5090901790733153,31.189999999999998,2
356.18800000000005,4.259078972650997,46.971000000000004,3
138.03,1.7366786217497119,66.45500000000001,3
436.25800000000004,6.59829070797028,15.620000000000005,1
272.344,2.9442449509912407,31.24000000000001,2
477.353,8.648171884513092,15.62,1
479.195,8.64742024544773,47.041000000000004,3
345.159,4.145759282550445,31.48400000000001,2
562.5100000000001,19.09877734877735,15.579999999999984,1
353.587,4.229340956416907,46.834,3
420.221,6.375457313173177,31.119999999999997,2
261.90799999999996,2.8599438980222276,68.248,4
346.9030000000001,4.175953052330905,31.434,2
427.26500000000004,6.458999846680636,15.863999999999976,1
353.71700000000004,4.246599357503443,31.120000000000005,2
503.45,11.785825995672388,31.176999999999992,2
428.255,6.504775248402895,31.10699999999997,2
304.921,3.4392118904390117,31.227000000000004,2
260.752,2.861716407254034,46.72,3
344.797,4.152055070025963,31.364000000000004,2
352.36699999999996,4.211072128309108,31.444000000000017,2
397.82400000000007,5.260406738276021,31.119999999999997,2
518.4110000000001,12.110394342048865,15.579999999999984,1
427.10499999999996,6.448601826810225,31.72799999999998,2
377.497,5.022301307391504,31.227000000000004,2
437.996,6.622758257699271,15.607,1
396.489,5.229937909403205,15.863999999999976,1
337.939,4.088146868803173,47.00399999999999,3
344.295,4.137513099740283,31.24000000000001,2
237.65200000000002,2.6913770034446434,31.48400000000001,2
512.6659999999999,11.898280223634702,15.863999999999976,1
354.67199999999997,4.225874520219016,31.72800000000001,2
438.241,6.63147005911077,31.079999999999984,2
451.902,8.257138268829292,15.620000000000005,1
255.71699999999998,2.815411155836688,46.834,3
427.579,6.429436712718407,31.72800000000001,2
354.521,4.232674982674983,31.200000000000003,2
462.94399999999996,8.405445180279617,15.864000000000004,1
393.938,5.187488705819825,46.74000000000001,3
262.853,2.8766233302633744,62.177,4
268.67499999999995,2.9082708903015027,47.09100000000001,3
529.045,17.956570512820512,15.620000000000005,1
377.596,5.018774345984377,52.45799999999991,3
252.93800000000002,2.796881327034419,31.444000000000003,2
386.074,5.127500347456087,36.83700000000002,2
427.49300000000005,6.47520428289659,31.107,2
345.77,4.169468531724935,46.69,3
520.659,12.139473684210527,15.620000000000005,1
353.014,4.236077626114936,31.107,2
519.976,12.041940073474766,15.864000000000004,1
502.508,11.682340936629751,15.863999999999997,1
336.25499999999994,4.075850019666852,46.7,3
421.341,6.426155827430779,31.0,2
345.73499999999996,4.159676844481407,47.053999999999974,3
436.244,6.598326574611159,15.607000000000028,1
393.44500000000005,5.20823796179434,31.186999999999998,2
518.501,11.960112454553139,15.864000000000033,1
336.628,4.093239729111342,31.176999999999964,2
287.90299999999996,3.2935726463043506,31.363999999999976,2
500.595,11.665935142966722,31.069999999999993,2
270.411,2.9221572209466804,46.82,3
519.112,12.118983871313214,15.606999999999971,1
396.32599999999996,5.238916756687381,46.68700000000001,3
229.57800000000003,2.471484059531593,36.910999999999994,2
346.791,4.173968753718161,31.080000000000013,2
386.08299999999997,5.12169187902339,15.863999999999976,1
443.358,8.081943645773434,15.864000000000004,1
435.75299999999993,6.602378503471328,31.07,2
261.00100000000003,2.8515699266468983,52.74800000000002,3
519.652,12.132934850140327,31.069999999999993,2
510.949,11.916080928066314,15.620000000000005,1
376.802,4.99611844058881,31.48399999999998,2
428.296,6.47756135616631,47.04099999999994,3
385.11800000000005,5.091863405512229,31.150000000000006,2
387.74000000000007,5.1522810023559655,15.620000000000005,1
426.312,6.435711735604631,31.080000000000013,2
303.198,3.4170373559095037,31.72800000000001,2
519.3059999999999,12.148690425075142,15.579999999999998,1
272.081,2.9359546324560095,78.231,5
379.319,5.032948806549359,15.864000000000004,1
542.1990000000001,18.390993360490103,15.606999999999971,1
504.78999999999996,11.688362835605995,15.864000000000004,1
336.981,4.076581059243502,31.186999999999998,2
437.725,6.608192079537739,15.863999999999976,1
550.951,18.6643475472908,15.62,1
343.76399999999995,4.125354571241545,15.864000000000004,1
469.002,8.522446950133928,31.24,2
253.247,2.8015978031984523,31.226999999999997,2
386.844,5.147126929674099,31.139999999999986,2
305.38100000000003,3.4502812301915253,46.864000000000004,3
378.35900000000004,5.032173496030265,31.176999999999992,2
311.26,3.494110482539784,47.22800000000001,3
386.548,5.11286907485237,31.364000000000004,2
262.20399999999995,2.866207357954748,46.84700000000001,3
512.523,11.903816696451365,31.139999999999986,2
429.03000000000003,6.506455835921656,31.186999999999955,2
427.11099999999993,6.461707650797305,31.150000000000006,2
243.848,2.7391130700215385,62.28000000000003,4
462.76900000000006,8.422117080994388,15.620000000000005,1
263.922,2.8810189012743397,62.55099999999996,4
173.233,2.0106117353308366,62.390000000000015,4
428.079,6.5079644879053005,15.579999999999984,1
368.446,4.935505922816462,15.863999999999976,1
338.404,4.106704490163137,31.080000000000013,2
509.809,11.891027558214061,15.620000000000005,1
386.3380000000001,5.114136627442629,31.176999999999964,2
479.812,8.671959194768233,31.069999999999993,2
353.904,4.2334469305899445,31.444000000000003,2
313.928,3.5179909203201953,46.79699999999999,3
551.933,18.53782847701058,15.864,1
520.1160000000001,12.051249362570118,15.864000000000004,1
220.50400000000002,2.409881137347426,36.257000000000005,2
419.009,6.355363556191766,15.864000000000004,1
436.777,6.605885976846267,31.107,2
296.69300000000004,3.3737718821006815,31.0,2
510.089,11.897707607836434,15.62,1
479.172,8.719864668922186,15.569999999999993,1
561.7480000000002,19.00474358974359,15.620000000000005,1
460.71500000000003,8.403779709772285,15.619999999999997,1
286.767,3.2908005943346486,46.971000000000004,3
315.087,3.5283619935644874,36.90100000000001,2
428.53499999999997,6.482020186514181,31.444,2
458.40100000000007,8.357134832362336,31.119999999999997,2
347.31199999999995,4.184391245748026,46.676999999999964,3
417.77900000000005,6.3524354933763805,31.119999999999997,2
344.435,4.14374509410197,31.0,2
343.672,4.131065396038702,52.696999999999946,3
387.07399999999996,5.115706873086084,31.444,2
395.994,5.235818883908993,46.69,3
231.28199999999998,2.4805080080400463,46.934,3
272.775,2.945779952635033,46.714,3
420.57599999999996,6.39961484144306,46.81,3
559.576,18.981233933161956,15.620000000000005,1
428.176,6.493661791121375,46.77999999999997,3
227.875,2.458726754793074,31.364000000000004,2
469.31600000000003,8.494546557863977,31.149999999999977,2
346.27000000000004,4.167460963584307,46.64999999999998,3
254.027,2.804745834961458,47.013999999999996,3
344.562,4.160626324334737,31.189999999999998,2
463.988,8.438446863427226,46.77000000000001,3
222.41899999999998,2.428418213345321,46.70999999999998,3
477.501,8.633420724494036,15.864000000000004,1
386.14500000000004,5.118396774778426,15.864000000000004,1
377.603,5.0382324317965494,31.200000000000017,2
345.403,4.169300080745797,15.620000000000005,1
509.10099999999994,11.813989549258675,15.863999999999976,1
552.735,18.744301765650082,15.580000000000013,1
428.423,6.474774452424159,15.863999999999976,1
469.103,8.497970078639474,15.864000000000004,1
395.04299999999995,5.210019822239273,31.434,2
575.341,37.267082702975294,15.863999999999976,1
479.428,8.695844101642134,46.69,3
302.10100000000006,3.401381525082867,31.471,2
354.48199999999997,4.230345833143482,31.44399999999996,2
270.322,2.91682384808475,68.79899999999998,3
469.6929999999999,8.504161940215047,31.226999999999997,2
385.34800000000007,5.11722973694895,31.226999999999997,2
385.267,5.103474352419905,31.471000000000004,2
232.575,2.494045018886348,46.714,3
435.24300000000005,6.567832060482788,31.470999999999947,2
376.676,5.015564368257217,31.24,2
346.38300000000004,4.168204809248978,31.471000000000004,2
386.237,5.109428863259139,46.76,3
303.846,3.432636264651252,78.134,5
427.416,6.485529473670701,15.620000000000005,1
345.28800000000007,4.157322994486152,31.444000000000003,2
426.2799999999999,6.453173171636539,15.863999999999976,1
336.128,4.068961424332343,31.43399999999997,2
584.025,38.38956466069142,15.620000000000005,1
395.342,5.214374040593553,15.863999999999976,1
311.888,3.500304633637967,31.190000000000012,2
436.441,6.56273420173851,15.864,1
454.54699999999997,8.288261420302405,15.620000000000005,1
461.804,8.425695449429169,31.07,2
458.413,8.350602911936374,15.864000000000004,1
468.541,8.523137443802183,31.200000000000017,2
335.622,4.064341474549189,31.48399999999998,2
187.49599999999998,2.0946689942258625,58.084999999999994,3
137.87599999999998,1.7349231900898692,94.279,6
301.282,3.401820805331675,36.80799999999999,2
272.63,2.933381556179616,31.44399999999999,2
469.978,8.560778635778636,31.0,2
294.809,3.3529754493503177,31.728,2
502.0909999999999,11.689382810670411,31.470999999999947,2
436.19999999999993,6.537008593660748,31.444000000000003,2
337.182,4.0576190648917265,31.48399999999998,2
395.04999999999995,5.222108221915846,46.807000000000016,3
295.494,3.3723025048169557,46.779999999999994,3
471.721,8.541382232098606,15.863999999999997,1
418.15299999999996,6.367542103101252,31.214,2
387.10099999999994,5.105778409452493,31.72800000000001,2
419.149,6.36263609728637,31.177,2
384.69,5.087272495457878,31.214,2
537.483,18.232542481564604,15.620000000000005,1
509.814,11.912114726027397,15.579999999999998,1
428.439,6.486898724450591,31.433999999999997,2
312.999,3.5067795388471983,31.120000000000005,2
271.56899999999996,2.9400973016995646,31.08,2
438.39300000000003,6.613657899454504,15.864000000000004,1
370.649,4.94609701047611,31.728,2
386.822,5.126497477091135,31.190000000000012,2
251.72099999999998,2.7929995512532857,46.77000000000001,3
361.236,4.86373457120243,31.227000000000004,2
262.26300000000003,2.864716129261616,36.61,2
388.048,5.138516504026023,31.107000000000028,2
377.938,5.019547992555171,31.189999999999998,2
518.891,12.120681525932278,31.080000000000013,2
409.913,6.259070614800372,31.214,2
262.976,2.875131912951713,15.620000000000005,1
479.83399999999995,8.659206997829141,15.864,1
354.188,4.235243610588429,62.39999999999998,4
271.535,2.929310369328274,31.433999999999997,2
261.18,2.8614363806116416,46.56999999999999,3
395.01500000000004,5.215246876033763,31.471000000000004,2
311.53700000000003,3.487619275761568,46.699999999999996,3
355.142,4.247814317591542,15.864000000000004,1
228.418,2.4538730825536246,47.59200000000001,3
296.735,3.3716980378052193,31.471,2
270.99,2.9280957395338247,46.82000000000002,3
478.358,8.700547327752737,15.620000000000005,1
459.83,8.376517958836647,15.607,1
303.81,3.430324459234609,62.467,4
354.149,4.227399482375241,15.864,1
220.493,2.4078933925880515,47.024,3
552.843,18.559490534874858,15.864000000000004,1
544.4499999999999,18.359074097691618,15.863999999999976,1
221.837,2.416954630522678,36.541,2
477.839,8.67859553270127,15.579999999999984,1
369.78499999999997,4.944205047251317,31.434,2
395.75699999999995,5.2192477451544805,31.176999999999992,2
494.152,11.572357723577234,15.580000000000013,1
337.125,4.080905468635765,77.94000000000003,5
386.374,5.125238893456188,15.863999999999976,1
477.233,8.58656704554487,15.864,1
222.09799999999998,2.426255932083662,62.36699999999999,4
509.23100000000005,11.758022604837858,15.863999999999976,1
386.31399999999996,5.127991964438365,31.139999999999986,2
344.12399999999997,4.1270923068534975,47.33500000000001,3
356.392,4.268931611388318,31.214,2
452.77,8.279260450160773,31.119999999999997,2
469.478,8.540967280787703,15.607000000000028,1
386.64200000000005,5.137553907562576,31.200000000000003,2
468.836,8.45509477165755,31.44399999999996,2
398.55,5.257239603918092,15.620000000000005,1
390.623,5.18046875,31.19999999999999,2
563.601,19.06992625841616,15.620000000000005,1
393.843,5.196784024551383,31.19999999999999,2
395.005,5.1897453303492815,15.864000000000004,1
253.637,2.80437226111206,31.364000000000004,2
419.52500000000003,6.384462355930899,15.620000000000005,1
435.50399999999996,6.569033644071047,15.863999999999976,1
428.864,6.487843578850387,31.470999999999947,2
428.8999999999999,6.477789981864159,15.864000000000004,1
436.91299999999995,6.591126638001637,31.444000000000003,2
502.793,11.732661643221553,15.620000000000005,1
354.45000000000005,4.251834862385322,31.120000000000005,2
385.233,5.116880757475367,15.620000000000005,1
477.99199999999996,8.611579986623777,15.864000000000004,1
313.09799999999996,3.5069700779079356,31.150000000000006,2
368.758,4.928055561473402,46.94399999999996,3
296.20000000000005,3.3732453047881545,31.214,2
508.75800000000004,11.878568221181602,31.159999999999997,2
313.67900000000003,3.5068649702704433,78.144,5
295.621,3.3719129611502483,57.614999999999995,3
419.259,6.346463822081665,31.48399999999998,2
262.773,2.874486389316898,66.17,3
385.93100000000004,5.109364851195229,31.72800000000001,2
420.735,6.364601927882899,15.864000000000004,1
351.791,4.216992519706641,31.189999999999998,2
272.038,2.9359241679179617,47.024,3
228.547,2.463590663123179,52.581,3
388.38800000000003,5.158775029446408,31.189999999999998,2
387.934,5.146631891741668,45.214,2
421.93,6.403955019339635,31.471,2
312.947,3.5055604038398416,31.2,2
360.946,4.840463903814438,15.864000000000004,1
468.245,8.523216580976865,15.62,1
270.73900000000003,2.9142156169574926,31.72800000000001,2
187.74599999999998,2.0912800362702133,47.33500000000001,3
335.74700000000007,4.071484114133069,31.364000000000004,2
302.84299999999996,3.4144575815800176,46.93399999999997,3
434.97299999999996,6.567013080093173,31.120000000000005,2
271.06800000000004,2.9287879434743624,46.78399999999999,3
377.362,5.026740935185778,15.864000000000004,1
535.074,18.134979344797774,15.619999999999997,1
386.16999999999996,5.108847156461137,31.364000000000004,2
477.61299999999994,8.632282910927163,15.863999999999976,1
478.873,8.685331407478735,15.580000000000013,1
344.9150000000001,4.155730205493239,31.471000000000004,2
163.612,1.9513321161516906,31.214,2
302.83000000000004,3.4301442855537907,36.72399999999999,2
386.316,5.113332907429885,31.433999999999997,2
394.566,5.191045727335493,31.48399999999998,2
302.817,3.4244949919534986,47.078,3
510.429,11.922940295313506,15.580000000000013,1
302.93199999999996,3.407412999769536,31.444000000000003,2
437.216,6.548003959089409,15.864000000000004,1
486.148,11.267550899721213,15.864000000000004,1
430.437,6.511780674571671,31.159999999999997,2
485.396,11.387912769918893,15.620000000000005,1
396.899,5.247907613930689,31.176999999999964,2
552.054,18.707091766366236,15.606999999999971,1
392.771,5.205842354931629,31.176999999999992,2
223.47599999999997,2.4321895948422823,46.944,3
430.19599999999997,6.5382674408125965,15.607000000000028,1
453.037,8.256254604862736,15.864000000000004,1
419.12600000000003,6.359598982110204,31.43399999999997,2
219.49900000000002,2.4071891988921945,52.34,3
520.6899999999999,12.171926963760807,15.607,1
490.91499999999996,11.427694464505715,15.864000000000004,1
437.21999999999997,6.57266308088404,15.863999999999976,1
338.25,4.085040404224658,46.834,3
270.51,2.9275193991777173,47.024,3
271.664,2.934171086824961,46.67699999999999,3
181.585,2.0550397415636326,67.62700000000004,4
437.75700000000006,6.579720859091199,31.363999999999976,2
303.222,3.4143993502615673,31.48399999999998,2
395.193,5.20172239647015,31.727999999999998,2
394.35999999999996,5.188279275260731,31.189999999999998,2
395.00800000000004,5.20901883897366,31.227000000000004,2
312.77400000000006,3.5008915364010713,46.944,3
411.23,6.278676319572808,15.620000000000005,1
418.78299999999996,6.37562897925652,31.214,2
254.179,2.8114109791121784,31.200000000000017,2
311.34200000000004,3.4822170311490965,47.01400000000001,3
393.976,5.213782260393382,31.189999999999998,2
304.713,3.4438821340348404,36.88399999999996,2
347.759,4.172549377366236,31.72800000000001,2
551.5870000000001,18.541883984225926,15.863999999999976,1
551.499,18.539085358096933,15.864000000000004,1
410.93499999999995,6.253042388914455,31.150000000000006,2
312.619,3.507753026207074,31.214,2
427.5319999999999,6.465204274684257,15.863999999999976,1
294.687,3.358854700307377,46.76699999999994,3
344.923,4.159561409936979,31.227000000000004,2
401.67900000000003,6.105742830994509,15.863999999999976,1
429.351,6.518863195238891,15.620000000000005,1
303.137,3.4120516248130106,68.24199999999993,3
387.15200000000004,5.122365969227493,46.971000000000004,3
262.165,2.8699624816331193,46.82099999999997,3
214.26399999999998,2.372704034236878,46.834,3
188.698,2.0974067892223855,47.004000000000005,3
263.049,2.868046727976423,47.10400000000001,3
427.841,6.49683942749955,31.227000000000004,2
344.591,4.1508631725247795,31.15,2
302.73900000000003,3.417753464041848,42.49800000000002,2
395.72,5.226242604182242,15.864000000000004,1
418.95900000000006,6.3572579407702925,46.769999999999996,3
344.34900000000005,4.123743604630065,31.159999999999997,2
345.168,4.168306652959318,46.687,3
397.336,5.234411466936644,31.176999999999992,2
345.7250000000001,4.172633085866883,15.607000000000028,1
393.32399999999996,5.179051828555643,47.014,3
435.414,6.556017762351981,15.864000000000004,1
268.40999999999997,2.8976951357466065,37.38199999999989,2
429.6,6.521141241485671,31.120000000000005,2
343.624,4.1365432887590705,31.363999999999976,2
361.05,4.840467174403268,31.214,2
477.08099999999996,8.60555095013391,15.864,1
509.94,11.931189710610933,15.579999999999984,1
420.223,6.389547261767348,31.2,2
346.29600000000005,4.167322150474693,31.190000000000012,2
325.769,3.979113131109912,31.07,2
519.375,12.029177549850292,15.863999999999976,1
245.449,2.751118308874414,46.807000000000016,3
376.15899999999993,5.021327546209683,31.107,2
355.085,4.246194633633497,46.971000000000004,3
477.304,8.663348532528417,15.607,1
288.04600000000005,3.302194728176601,31.444000000000017,2
510.84,11.798173670415151,15.863999999999976,1
345.77000000000004,4.166855949589683,46.807000000000016,3
352.321,4.212204372640907,31.48400000000001,2
252.985,2.804715365958054,46.81,3
420.951,6.410194455511716,15.620000000000005,1
561.3340000000001,19.066752494367556,15.57,1
513.009,11.996977491961415,15.579999999999984,1
395.279,5.2078711490557605,31.24000000000001,2
468.36,8.505288122556246,15.620000000000005,1
335.80199999999996,4.062350098034745,31.471000000000004,2
476.718,11.149198441591619,15.863999999999976,1
347.94500000000005,4.194089999449208,31.0,2
345.485,4.161350243402511,15.864,1
345.06600000000003,4.154514206311478,31.17700000000002,2
426.98,6.456543686342666,31.200000000000003,2
302.57800000000003,3.415830991313235,47.054,3
260.293,2.8443230450925374,53.025999999999996,3
427.66299999999995,6.465272009303395,15.864000000000004,1
231.38500000000002,2.4839601344244637,36.773999999999994,2
510.14500000000004,11.777331784092112,15.864,1
271.455,2.9289749511458516,47.06399999999999,3
384.915,5.114977549711354,46.75999999999999,3
377.28299999999996,5.02632758473491,31.44399999999996,2
377.79200000000003,5.026860517171545,31.471,2
553.374,18.72839110655475,15.607000000000028,1
428.497,6.493269575919184,15.863999999999976,1
397.132,5.221754475485818,46.77000000000001,3
337.473,4.078711855129317,15.864000000000004,1
469.55600000000004,8.534595635430039,31.239999999999995,2
377.082,4.9955285242010685,47.041,3
353.589,4.2336119544939095,31.226999999999997,2
245.941,2.747459891148342,36.66799999999999,2
386.67600000000004,5.132169229618389,46.80699999999999,3
467.911,8.468889669263184,15.863999999999976,1
469.05199999999996,8.488776064118529,31.19999999999999,2
312.577,3.5025980576616687,47.104,3
263.148,2.879494321834155,31.189999999999998,2
462.55300000000005,8.394813831913158,46.686999999999955,3
500.70900000000006,11.691143186573857,15.620000000000005,1
312.90000000000003,3.502919672996625,31.24000000000001,2
378.32099999999997,5.030050599201065,15.864000000000004,1
517.1360000000001,11.98793132755397,31.19999999999999,2
262.486,2.867935269922147,47.041,3
436.75800000000004,6.604491210060313,31.189999999999998,2
560.4860000000001,18.824895051520162,15.864000000000004,1
542.725,18.467814612166077,15.569999999999993,1
426.476,6.481908042726584,31.226999999999997,2
559.1940000000001,18.957418111753373,15.569999999999993,1
439.387,6.664393451076449,15.569999999999993,1
478.546,8.683289448333442,15.607,1
327.09900000000005,3.9748171996071155,31.433999999999997,2
395.08700000000005,5.220834579718816,15.864000000000004,1
355.06800000000004,4.257504587155964,46.73000000000002,3
311.08799999999997,3.487072480452823,31.471,2
378.47800000000007,5.039942786388284,31.48399999999998,2
377.212,4.999618288234794,31.433999999999997,2
203.772,2.302124070240012,62.32000000000002,4
395.247,5.227331065905154,15.607,1
411.426,6.25508679158524,31.24000000000001,2
470.65200000000004,8.54201653740145,31.227000000000004,2
230.55,2.477941459286896,62.3,4
469.107,8.490012932892656,15.864,1
478.429,8.629108130949913,15.863999999999976,1
346.264,4.174957134080928,31.107000000000028,2
519.952,12.038383152173914,31.48400000000001,2
385.915,5.123904680487283,15.620000000000005,1
302.97200000000004,3.4171047907774543,31.24000000000001,2
188.713,2.0938615812659402,31.177,2
429.85,6.51040291255913,31.19999999999999,2
380.18,5.050026099647389,31.199999999999996,2
387.911,5.142843411581263,47.054000000000016,3
344.695,4.153717359878498,31.471,2
470.5850000000001,8.557534488573404,15.607,1
262.763,2.872851939758092,36.60400000000001,2
344.53,4.1526980902444155,46.757,3
494.034,11.556958779408935,15.620000000000005,1
436.18000000000006,6.607579965031369,31.107000000000028,2
458.84099999999995,8.370110991535087,15.607,1
434.25399999999996,6.583106196965801,46.579999999999984,3
352.314,4.221274378034397,31.187000000000012,2
354.142,4.251783631906123,31.15,2
551.661,18.72689588688946,15.620000000000005,1
385.278,5.080210958846081,31.471000000000004,2
477.603,8.666548950992825,36.774,2
470.486,8.539839743589745,31.19999999999999,2
387.856,5.1506784812294,60.70099999999991,3
303.528,3.425081094901008,31.186999999999998,2
343.81999999999994,4.151016368202064,31.186999999999955,2
270.622,2.931124542412068,46.79700000000001,3
180.51100000000002,2.0534329316331594,67.55800000000002,3
252.491,2.7990352552227318,31.177,2
264.12100000000004,2.88396793015393,31.177,2
438.674,6.629077377133325,15.620000000000005,1
311.10900000000004,3.4921816171876254,52.480999999999995,3
410.52000000000004,6.250220613625609,15.863999999999976,1
395.425,5.218721660923282,31.471000000000004,2
385.866,5.095720290408865,15.864000000000004,1
386.535,5.137294358161988,15.620000000000005,1
304.286,3.436997941711183,62.59100000000001,4
438.289,6.5834416163469145,31.44399999999996,2
452.99199999999996,8.233520694941236,31.14,2
338.25899999999996,4.090506253940119,62.644,4
296.144,3.3705933207390095,31.364,2
437.237,6.573092855777197,15.864000000000004,1
542.4300000000001,18.2506678539626,15.863999999999976,1
264.194,2.8811743009520017,46.650000000000006,3
518.1370000000001,12.009200237973825,15.864000000000004,1
395.466,5.226689752468899,15.864000000000004,1
435.95699999999994,6.593207944165042,31.186999999999998,2
295.93000000000006,3.373954130133086,46.620000000000005,3
478.375,8.677708764665285,31.187000000000012,2
377.703,5.043626280685602,15.606999999999971,1
367.349,4.9085917965632815,31.150000000000006,2
219.55999999999997,2.405013150400911,62.284,4
517.619,12.076802910335974,15.579999999999998,1
418.457,6.3724098087045835,36.777,2
313.523,3.5004027466524175,68.586,4
394.84999999999997,5.209757553788089,52.721000000000004,3
229.613,2.4740136351380846,67.757,3
352.87399999999997,4.216659678036863,31.43399999999997,2
353.283,4.2344814326521645,31.19999999999999,2
429.13300000000004,6.493183651002932,15.864000000000004,1
281.088,3.24917182774017,42.45000000000002,2
311.244,3.4782743711630797,31.471000000000004,2
386.24899999999997,5.128488515022927,31.189999999999998,2
479.54599999999994,8.706397544474262,15.620000000000005,1
384.568,5.100702700973543,47.054,3
270.63100000000003,2.92654208933974,31.069999999999993,2
427.846,6.478602709555151,31.149999999999977,2
385.15000000000003,5.103277081735276,31.189999999999998,2
434.45400000000006,6.571065859663521,31.176999999999992,2
387.103,5.128922499306697,46.7,3
388.81800000000004,5.162933618843683,31.200000000000017,2
478.414,8.632154935868805,15.864,1
418.813,6.351011907803956,15.864,1
428.526,6.477910722503451,15.863999999999976,1
309.84700000000004,3.461134587278388,78.54799999999994,5
353.165,4.2292619143411,31.150000000000006,2
460.16100000000006,8.381472569778634,31.150000000000006,2
552.375,18.544625841697368,15.863999999999976,1
325.95799999999997,3.9815776956569464,31.434000000000005,2
395.49999999999994,5.209327571893825,31.08,2
344.821,4.157961736773178,31.07,2
518.383,12.016767968716794,15.863999999999976,1
395.3,5.19942208813156,15.864000000000004,1
426.67499999999995,6.443810763224374,15.864000000000004,1
470.039,8.470660224419085,15.863999999999976,1
179.16100000000003,2.0450117822729292,35.244,2
271.77700000000004,2.9347827634567065,31.471,2
517.9540000000001,12.02405074067768,15.864,1
535.018,18.133186024914338,31.227000000000004,2
470.792,8.543051238504184,31.187000000000012,2
420.42,6.34967170560391,15.864000000000004,1
344.792,4.150108721472034,62.684000000000005,4
345.365,4.157161009589454,31.139999999999986,2
435.41,6.5678316134064785,31.187000000000012,2
468.347,8.488639452519148,31.177,2
254.779,2.815816293804478,31.080000000000013,2
187.90099999999998,2.0907608001578954,46.98400000000001,3
384.553,5.097047762116321,31.189999999999998,2
477.353,8.668690860603725,15.607,1
509.21099999999996,11.81334012868701,31.226999999999997,2
416.583,6.345124908580007,31.226999999999997,2
385.672,5.111159672106682,31.471000000000004,2
511.808,11.948467281322866,15.607,1
437.48699999999997,6.58867413548626,31.17700000000002,2
428.32400000000007,6.470922583694167,31.471,2
511.93,11.948734948777725,15.607,1
386.623,5.1320444173693724,31.150000000000006,2
479.71999999999997,8.663993353995592,15.864000000000004,1
561.368,19.005837636719377,15.606999999999971,1
380.674,5.063947219523652,31.470999999999947,2
378.529,5.046101716655621,15.864000000000004,1
338.323,4.099018970239349,15.864000000000004,1
385.59999999999997,5.114778414487093,31.226999999999997,2
335.861,4.065040427823103,31.444,2
220.61100000000002,2.4117748696125174,31.364000000000004,2
428.069,6.4920070820075955,31.0,2
438.30400000000003,6.636625514403293,15.620000000000005,1
311.81899999999996,3.4869518750697868,37.17399999999998,2
377.46799999999996,5.038516267773653,31.120000000000005,2
468.501,8.504661369898125,15.607,1
428.334,6.502254422135728,15.607000000000028,1
437.23900000000003,6.6128241335044935,31.19999999999999,2
427.687,6.463693502644422,15.863999999999976,1
468.30499999999995,8.50284377653524,15.620000000000005,1
495.996,11.475542789558167,31.48399999999998,2
354.01000000000005,4.240633095632593,15.864000000000004,1
396.967,5.249272104474417,15.619999999999997,1
468.576,8.483924549999202,46.747000000000014,3
560.6039999999999,19.021795737293857,15.606999999999971,1
502.71299999999997,11.678299842814054,31.471000000000004,2
312.32500000000005,3.4979005878354057,31.727999999999952,2
385.619,5.124973257455821,46.620000000000005,3
302.65299999999996,3.4148102639389784,46.757000000000005,3
511.10200000000003,11.95375053579083,15.579999999999984,1
460.079,8.320503436863545,31.120000000000005,2
387.81999999999994,5.132426903077316,31.364000000000004,2
434.986,6.573813764559655,31.433999999999997,2
394.308,5.191288080103743,31.2,2
437.354,6.633101494075218,31.139999999999986,2
469.008,8.533417928907593,15.606999999999971,1
394.662,5.226860876084395,15.580000000000013,1
477.952,8.675847559702573,15.607,1
386.286,5.119153746081171,31.48400000000001,2
534.077,18.124987975759133,15.607,1
353.678,4.2422536760661504,31.149999999999977,2
525.604,17.896647056932522,15.607,1
395.769,5.233547986821274,31.200000000000017,2
378.018,5.050033748674159,31.080000000000013,2
436.885,6.613035434386001,15.620000000000005,1
303.31800000000004,3.41683797867763,47.053999999999974,3
293.85,3.3392720672525793,31.471000000000004,2
429.36999999999995,6.513437857133685,15.62,1
353.8,4.2161005008681105,15.864000000000004,1
273.126,2.9379984673459543,47.013999999999996,3
386.01800000000003,5.127607703082731,15.620000000000005,1
304.82099999999997,3.426146131805157,31.471,2
230.843,2.475082270999073,31.444000000000017,2
425.482,6.442268581880509,31.470999999999947,2
304.097,3.4298989995844913,31.200000000000017,2
576.455,37.99967907573812,15.579999999999984,1
469.08500000000004,8.514136511445368,31.2,2
346.38800000000003,4.17766748924381,31.189999999999998,2
427.493,6.440572701240853,47.34800000000001,3
298.639,3.3894752002304354,31.200000000000003,2
427.03499999999997,6.4661179663099695,15.864000000000004,1
270.81399999999996,2.9277487507296307,47.078,3
385.97700000000003,5.128184560097543,46.67699999999999,3
353.05000000000007,4.225526472066146,15.864000000000004,1
509.99699999999996,11.934755574614066,15.570000000000007,1
221.54399999999998,2.4184989307346556,62.551000000000016,4
394.67599999999993,5.220501743054516,31.159999999999997,2
471.029,8.54358514437629,31.227000000000032,2
385.724,5.1075981044672805,46.97099999999995,3
326.739,3.9959563543003855,31.149999999999977,2
453.311,8.176957664418477,15.864000000000004,1
344.152,4.139356898517674,31.14,2
476.254,8.569800524517207,15.864000000000004,1
346.345,4.169683713438519,31.177,2
345.829,4.157621299830171,31.079999999999984,2
462.71200000000005,8.417633857005452,15.620000000000005,1
495.308,11.59550345476715,15.607,1
426.634,6.479923960233257,31.07,2
478.92699999999996,8.66234161013695,15.863999999999976,1
519.225,12.054161078112024,15.864000000000004,1
302.265,3.415318230852211,46.944,3
420.01300000000003,6.363808185939596,37.13499999999999,2
245.79799999999997,2.7381939042500534,45.725,2
420.27900000000005,6.378263206388207,31.159999999999968,2
294.848,3.356936162048954,46.807,3
428.206,6.480405457291321,31.189999999999998,2
461.401,8.36779828819622,15.863999999999976,1
467.206,8.477210165802447,46.98399999999998,3
302.402,3.4266512594589824,62.306999999999995,4
388.316,5.153823114115784,31.0,2
354.793,4.242961866110928,47.00399999999996,3
417.9309999999999,6.362420929725291,15.620000000000005,1
221.48699999999997,2.4111047400611625,62.905,4
436.777,6.586455202404553,31.471000000000004,2
354.011,4.231855611751173,36.98399999999998,2
494.02799999999996,11.460489540103328,15.864000000000004,1
437.45099999999996,6.619152215799616,31.120000000000005,2
310.32,3.481210221639428,31.069999999999993,2
462.46199999999993,8.383561643835616,31.189999999999998,2
439.263,6.630061137386088,46.807,3
354.281,4.2474838212917305,31.0,2
387.042,5.123126418169615,31.186999999999998,2
387.157,5.119348832260466,31.364000000000004,2
355.621,4.249431200372803,31.177,2
478.852,8.673418370617268,15.620000000000005,1
344.037,4.146171502775466,31.159999999999968,2
354.326,4.244624739020549,31.364000000000004,2
420.9430000000001,6.380976121081965,15.864000000000004,1
352.69800000000004,4.229007214267404,31.214,2
313.73999999999995,3.5143250975709437,31.48400000000001,2
336.028,4.085656565656566,31.159999999999997,2
436.415,6.56545303832175,15.863999999999976,1
478.86899999999997,8.693045447973397,15.606999999999971,1
313.04,3.513226876048717,31.139999999999986,2
231.02700000000002,2.484110312397618,51.684,3
419.408,6.387385998715478,15.620000000000005,1
427.90200000000004,6.452022679492898,31.43399999999997,2
270.32399999999996,2.918157370023203,78.131,5
386.037,5.101758486957445,46.806999999999995,3
461.057,8.401781987477925,15.579999999999984,1
429.183,6.515994704846609,31.079999999999984,2
478.26200000000006,8.672201100470026,31.186999999999955,2
542.1310000000001,18.08683182047403,15.864000000000004,1
302.742,3.42854163324242,31.200000000000017,2
516.877,11.860585812741638,15.864000000000004,1
273.799,2.946406102268446,47.051000000000016,3
377.436,5.018354484285836,15.864000000000004,1
426.648,6.462562736863669,15.863999999999976,1
377.993,5.032871713895528,15.863999999999976,1
435.58000000000004,6.590092402464066,15.620000000000005,1
371.33700000000005,4.970796753531443,15.620000000000005,1
552.841,18.793401995494044,15.569999999999993,1
255.16600000000003,2.8158050169009075,47.22800000000001,3
433.90999999999997,6.533295926955545,15.864000000000004,1
459.8929999999999,8.378712275578803,31.176999999999964,2
368.70899999999995,4.933273594265049,31.364000000000004,2
222.36900000000003,2.422906615134568,47.00399999999999,3
271.55300000000005,2.9376159488540687,46.67699999999999,3
305.16100000000006,3.436376265448855,46.934,3
593.722,39.13243416827231,15.57000000000005,1
385.759,5.11502602833248,31.363999999999976,2
293.60699999999997,3.339274332334757,47.06400000000001,3
470.355,8.538827715535895,31.176999999999992,2
335.755,4.075045564032348,31.2,2
460.87699999999995,8.322249054685265,15.864000000000004,1
418.689,6.373318788501027,15.620000000000005,1
354.683,4.243616709953543,46.98400000000001,3
470.70799999999997,8.52482654986092,15.864000000000004,1
502.11699999999996,11.745067408517011,15.580000000000013,1
360.274,4.831805322158644,31.471000000000004,2
470.937,8.549850105006655,31.17700000000002,2
486.056,11.345138770645326,15.863999999999976,1
419.0450000000001,6.33645335880293,31.227000000000004,2
265.032,2.8892936320670652,46.727,3
353.785,4.231355893501393,46.864000000000004,3
180.625,2.0496022407010326,47.054,3
228.85899999999998,2.4641541059958545,46.660000000000025,3
600.317,39.46459921829948,15.607,1
434.81,6.5792080478353485,31.0,2
419.59,6.382533288862663,31.159999999999997,2
252.44799999999998,2.795441129405071,37.090999999999994,2
394.39700000000005,5.212113121302091,15.863999999999976,1
228.89999999999998,2.4602591337964825,51.98700000000001,3
435.962,6.592052436474647,31.213999999999942,2
381.23,5.0561561050346855,47.054,3
271.342,2.9289532800636957,31.484,2
430.291,6.522640347049309,31.186999999999955,2
270.249,2.9102109191665018,31.72800000000001,2
418.179,6.343867406138982,31.149999999999977,2
460.73,8.375574303232106,31.24,2
552.4250000000001,18.774292149292155,15.579999999999984,1
436.68,6.609248554913297,31.159999999999997,2
428.118,6.488903419362284,15.620000000000005,1
228.42399999999998,2.4613711390331914,31.72800000000001,2
313.151,3.5054485230582135,46.746999999999986,3
396.65299999999996,5.246047293319203,31.107,2
397.383,5.241285461182146,31.14,2
388.204,5.125967179661594,31.24000000000001,2
395.024,5.195910563492484,47.091,3
312.67199999999997,3.5095269435125287,31.17700000000002,2
393.07800000000003,5.19323455051685,31.471000000000004,2
467.78299999999996,8.478066950155066,31.07,2
271.59200000000004,2.9325577258334223,31.200000000000017,2
221.517,2.4187166563126445,37.058,2
294.624,3.3495673671199016,47.10400000000001,3
302.72900000000004,3.4255770910285483,36.283000000000015,2
502.261,11.741942382958703,15.607,1
437.521,6.591036879903903,15.864000000000004,1
379.68,5.070762302991316,31.08,2
436.134,6.590458122901018,15.864000000000004,1
344.81300000000005,4.135262186417407,46.77999999999997,3
428.594,6.483476414068397,15.864000000000004,1
469.2199999999999,8.501398858531438,15.864,1
436.41100000000006,6.586346820957233,15.864000000000004,1
459.48499999999996,8.303266311690376,31.44399999999996,2
535.694,18.182345960162944,15.607000000000028,1
576.912,37.36611195158851,15.864000000000004,1
271.144,2.9327806567964245,46.779999999999994,3
436.74800000000005,6.56778256546238,31.363999999999976,2
353.975,4.227196061448694,31.227000000000004,2
428.785,6.497384548321752,31.176999999999964,2
602.4359999999999,39.66726572528883,15.579999999999984,1
384.68199999999996,5.0895338329878275,15.864000000000004,1
434.675,6.56056593877525,31.44399999999996,2
510.875,11.94185050331977,15.620000000000005,1
377.523,5.037808699744377,31.14999999999999,2
471.03299999999996,8.554174551752896,15.607000000000028,1
420.972,6.396385078836047,15.620000000000005,1
345.572,4.169222303741747,31.15,2
469.444,8.455278871807902,31.484,2
429.048,6.50364944777249,31.186999999999955,2
427.276,6.481622127856107,31.150000000000006,2
304.977,3.4425320956904075,46.7,3
377.84400000000005,5.032443623867408,15.864000000000004,1
337.432,4.083682887822709,47.078,3
417.68,6.321103254984394,15.864000000000004,1
437.162,6.613493072409057,31.10699999999997,2
312.15999999999997,3.501723060154835,31.444000000000017,2
297.589,3.38795227128654,36.918000000000006,2
304.428,3.4370812152263537,31.364000000000004,2
435.18699999999995,6.563059262668099,46.757000000000005,3
501.94800000000004,11.751344057232206,31.107,2
394.856,5.2183667364642545,31.444000000000003,2
377.91,5.021388667198724,15.864000000000004,1
311.384,3.4897773157957865,31.48400000000001,2
480.44999999999993,8.686708050684755,31.364000000000004,2
436.38100000000003,6.603464437510434,46.69,3
342.60499999999996,4.118872270116251,31.187000000000012,2
179.71699999999998,2.045078940482075,62.644,4
428.788,6.485958470336869,15.863999999999976,1
221.83799999999997,2.425107924761024,46.5,3
269.90500000000003,2.9129174462777114,46.934,3
509.919,11.894075672442156,15.620000000000005,1
478.535,8.668338568040513,15.620000000000005,1
265.166,2.879823336334441,62.63100000000003,4
409.848,6.24451041613349,31.364000000000004,2
296.149,3.371829474375506,15.864000000000004,1
343.414,4.139412001316415,31.227000000000004,2
502.505,11.68841196239418,15.863999999999976,1
311.544,3.496526191792677,31.471000000000004,2
593.609,39.00313700384123,15.62,1
436.464,6.578242421144113,15.864000000000004,1
468.58700000000005,8.500872404795825,31.471,2
479.21099999999996,8.69693221972374,31.120000000000005,2
410.20500000000004,6.257420793601969,31.079999999999984,2
355.158,4.2598256080771,31.15,2
221.502,2.4208136088981256,67.958,4
213.862,2.3708399569252863,62.306999999999995,4
417.70099999999996,6.356239741485434,31.187000000000012,2
467.646,8.432626593343716,31.727999999999952,2
567.035,36.7435073121533,15.864000000000004,1
311.56199999999995,3.4970105951560417,46.64999999999999,3
268.274,2.903205896750119,47.041,3
420.865,6.40214614861309,31.187000000000012,2
303.084,3.4274295599801374,46.687,3
353.602,4.242954226546951,31.190000000000012,2
395.49199999999996,5.224574596494228,15.620000000000005,1
336.078,4.076594926627425,31.226999999999975,2
385.916,5.1204808985884815,15.864000000000004,1
436.391,6.601435044347748,15.607,1
396.963,5.230436404326744,31.363999999999976,2
312.623,3.5120975194259403,46.67700000000002,3
396.1909999999999,5.226307817033623,31.364000000000004,2
246.502,2.759082572735512,46.677,3
387.10999999999996,5.122665019489233,15.864000000000004,1
518.496,12.010511562718992,15.864000000000004,1
549.882,18.61651822899981,15.607,1
461.677,8.361977962398942,15.864000000000004,1
387.084,5.1350268665007315,31.139999999999986,2
395.332,5.220431083259494,46.579999999999984,3
344.72700000000003,4.162342904320705,31.200000000000003,2
221.037,2.41725816069402,47.004,3
377.58500000000004,5.027960017495013,31.08,2
177.712,2.034123178622969,46.78,3
394.986,5.195640627987509,47.05099999999993,3
468.877,8.476790355758958,31.484,2
271.61,2.9349851818078196,31.43400000000001,2
262.397,2.860681312135695,31.16000000000001,2
394.29600000000005,5.208023393560369,31.433999999999997,2
410.705,6.217819392214655,31.48399999999998,2
303.75100000000003,3.434272846026238,31.079999999999984,2
394.4390000000001,5.194597756154623,15.864000000000004,1
468.27299999999997,8.44259194507136,15.864000000000004,1
338.65,4.097672972082983,46.650000000000006,3
379.44,5.063527421099415,31.107,2
378.32500000000005,5.0248196770144045,62.91799999999995,4
311.33299999999997,3.4905643774249033,31.471000000000004,2
344.45799999999997,4.15051127737026,15.864000000000004,1
272.068,2.9239657732833604,78.699,5
422.402,6.404739360749289,15.863999999999976,1
435.779,6.5766149672399665,15.864000000000004,1
435.1929999999999,6.540472068034832,31.728,2
344.107,4.134543036464168,31.107,2
418.045,6.339152979641881,31.364000000000004,2
310.396,3.4808261001614476,31.444000000000003,2
512.7120000000001,11.950704826997013,31.19999999999999,2
310.64,3.4865522540983607,52.58800000000002,3
344.75800000000004,4.136672974743431,31.444000000000017,2
429.662,6.519809866392599,31.07,2
477.407,8.623387199795607,15.864000000000004,1
476.91200000000003,8.558993216255628,15.864000000000004,1
264.26800000000003,2.875717763629525,31.434,2
420.21,6.391454965357968,31.120000000000005,2
394.85400000000004,5.232226116595388,31.120000000000005,2
347.22,4.181301766473649,31.186999999999998,2
343.0570000000001,4.126487796875854,31.471000000000004,2
552.7090000000001,18.699714990232813,15.620000000000005,1
584.709,38.52946084724005,15.58,1
426.43600000000004,6.452169688291098,15.863999999999997,1
356.047,4.263671695968614,31.150000000000006,2
601.3989999999999,38.909669692385265,15.864000000000033,1
313.986,3.5018406081177993,31.150000000000006,2
320.783,3.946288013078979,15.619999999999997,1
492.82099999999997,11.473519785778041,15.864,1
442.861,8.104304024896932,46.766999999999996,3
511.2730000000001,11.925337094258179,15.62,1
383.514,5.077983943856663,15.864,1
536.106,18.1883937159346,15.620000000000005,1
311.036,3.498060412333047,31.107,2
437.83900000000006,6.60390881980264,31.187000000000012,2
436.076,6.599548005187668,31.149999999999977,2
271.321,2.9244944425923696,47.22800000000001,3
469.777,8.541288085529905,31.107,2
346.2060000000001,4.16502262650272,31.186999999999983,2
254.73299999999995,2.811563488959214,46.834,3
353.66499999999996,4.246718075828514,31.19999999999999,2
387.642,5.138335237159848,31.08,2
213.407,2.369512343817182,31.24000000000001,2
384.585,5.088068030826468,15.864000000000004,1
231.72899999999998,2.486194932048922,77.937,5
428.249,6.4879795986364925,15.620000000000005,1
354.406,4.243872077910191,31.364,2
353.642,4.2383612321892965,15.864000000000004,1
460.063,8.336240850887405,15.864000000000004,1
418.16400000000004,6.351197788697788,31.43399999999997,2
295.882,3.3760469617030844,31.149999999999977,2
476.84000000000003,8.660449499574279,15.607,1
344.183,4.14615440867292,46.79400000000001,3
501.82300000000004,11.757191854233657,31.069999999999993,2
353.855,4.21551896479654,78.56200000000001,5
344.92,4.162459772433459,31.19999999999999,2
470.776,8.519062145629361,31.139999999999986,2
389.0450000000001,5.139437144225143,15.864000000000004,1
395.60300000000007,5.214775039686345,15.863999999999976,1
420.087,6.39333675696495,15.620000000000005,1
315.01199999999994,3.532311872472809,31.176999999999992,2
396.72299999999996,5.240124406823138,31.226999999999975,2
435.49600000000004,6.568931343588957,15.863999999999976,1
346.0,4.156012842965557,31.48400000000001,2
294.38899999999995,3.348629781802226,31.471000000000004,2
329.24,4.015460140679953,31.363999999999976,2
417.528,6.332073303109636,15.863999999999976,1
420.6700000000001,6.401723230222017,36.70699999999994,2
562.8919999999999,19.070369181380414,15.580000000000041,1
468.53499999999997,8.488891375231763,15.863999999999976,1
387.294,5.135194003715646,46.971000000000004,3
594.2479999999999,38.458900655572364,15.864000000000004,1
394.73499999999996,5.226737338044758,46.74000000000001,3
438.385,6.623637016702157,31.226999999999997,2
420.622,6.380793388852644,15.863999999999976,1
520.918,12.166516613076098,31.079999999999984,2
429.05100000000004,6.486305048335123,31.199999999999996,2
352.491,4.217186145210606,31.364000000000004,2
353.176,4.2354568606973375,31.471,2
377.07800000000003,5.030161173100765,31.200000000000017,2
345.601,4.167716152922521,31.080000000000013,2
494.005,11.580531162989935,15.620000000000005,1
559.5780000000001,18.84141053437062,15.864000000000004,1
353.78999999999996,4.2359532063184275,46.97100000000003,3
436.91700000000003,6.550830877121658,15.864000000000004,1
346.41200000000003,4.159684407351667,31.44399999999996,2
451.117,8.223188266564193,15.620000000000005,1
557.9250000000001,18.874191068110463,15.607,1
559.396,18.921317357595953,15.607,1
401.87899999999996,6.140826873385012,15.863999999999976,1
436.624,6.6015497709982425,31.176999999999964,2
437.27700000000004,6.624864934396708,15.620000000000005,1
477.169,8.632994209297118,15.864000000000004,1
355.40200000000004,4.255879146550382,46.78000000000003,3
344.483,4.149674045222225,31.159999999999997,2
262.279,2.8655461587157065,31.433999999999997,2
437.02,6.583849741263655,15.863999999999976,1
435.241,6.585240032337958,46.687,3
463.79900000000004,8.395815726108657,15.863999999999976,1
378.946,5.039462323181716,15.863999999999976,1
428.59000000000003,6.499396925603716,31.149999999999977,2
312.153,3.4930755223308414,46.69999999999999,3
396.59099999999995,5.247657095119261,46.57,3
511.02500000000003,11.929379558141026,15.607,1
436.39399999999995,6.560930232558141,15.863999999999976,1
345.717,4.1612457823172795,31.364000000000004,2
560.439,18.800755939524837,15.864000000000033,1
518.137,12.012242035238357,31.444000000000003,2
469.64500000000004,8.527568520596251,31.149999999999977,2
387.66799999999995,5.1499989294966495,36.277000000000015,2
435.724,6.590720710317308,31.176999999999992,2
326.92699999999996,3.985034970142985,45.388,2
264.58500000000004,2.8930027902983473,46.5,3
345.543,4.1635020324458925,31.364,2
395.071,5.212697667971124,15.864,1
327.10400000000004,3.985751449043859,31.444000000000017,2
402.11,6.120985201599551,31.44399999999996,2
469.455,8.496766260519635,15.863999999999976,1
394.587,5.178220862143818,31.48399999999998,2
386.90000000000003,5.134518797153177,46.60700000000003,3
387.77399999999994,5.151311422759876,31.189999999999998,2
372.391,4.96110071054759,31.471000000000004,2
459.854,8.369455128205127,46.82000000000001,3
427.844,6.467585078784934,15.864000000000004,1
427.131,6.447057323216221,31.444000000000017,2
385.696,5.11347638752613,31.364000000000004,2
435.21400000000006,6.575377914424801,15.620000000000005,1
509.50700000000006,11.896913831084117,31.17700000000002,2
428.235,6.501689427907038,31.149999999999977,2
418.547,6.3846262704232615,31.069999999999993,2
262.02400000000006,2.86470060775132,31.227000000000004,2
459.906,8.308447749809305,31.48400000000001,2
429.44999999999993,6.47432694268815,31.434,2
169.864,1.9867667390874977,77.99700000000001,5
377.97900000000004,5.041259488934032,46.81999999999999,3
244.96199999999996,2.7382314122305327,31.48400000000001,2
387.12800000000004,5.136999476367056,46.77000000000001,3
468.254,8.499983983086139,31.43399999999997,2
392.819,5.182574160437829,15.864000000000004,1
328.63300000000004,4.006321239731416,15.864000000000004,1
294.54100000000005,3.3417901666454646,46.984,3
535.093,17.995712107737262,15.864,1
354.125,4.241685813934328,31.176999999999992,2
427.59,6.4861431870669755,15.620000000000005,1
477.782,8.66942228357706,15.62,1
353.34499999999997,4.229726518226025,31.43399999999997,2
352.705,4.218052590281199,31.186999999999998,2
388.50200000000007,5.140135126494597,31.189999999999998,2
427.31100000000004,6.441719197707736,15.864000000000004,1
427.14099999999996,6.462091277605146,31.433999999999997,2
470.909,8.55618491359253,15.607,1
553.0699999999999,18.73399172732228,15.606999999999971,1
313.326,3.5040238473894942,31.364000000000004,2
294.27200000000005,3.3513919519289166,62.878000000000014,4
231.703,2.484438265593768,31.200000000000017,2
385.16900000000004,5.094275843741697,15.864000000000004,1
336.213,4.076676000658869,46.72700000000003,3
477.515,8.602773532034137,31.44399999999996,2
262.71000000000004,2.8717671031819543,62.35000000000002,4
220.29800000000003,2.4136709575574007,46.68700000000001,3
222.92100000000002,2.4180995820530926,31.728,2
601.3539999999999,39.79703225806451,15.5,1
345.09200000000004,4.164123817208245,31.187000000000012,2
544.7119999999999,18.486741573033704,31.15000000000009,2
313.73699999999997,3.512026198216087,47.054,3
304.505,3.4368587845516085,31.080000000000013,2
302.45799999999997,3.4191221166458714,45.535,2
467.845,8.516789845758357,15.620000000000005,1
344.46,4.15832905450011,46.68700000000001,3
345.29499999999996,4.147285620533761,62.62099999999998,4
429.22,6.507763377389965,15.620000000000005,1
163.023,1.94460089000139,31.484,2
189.201,2.100479275967567,31.48400000000001,2
273.213,2.9433593194298235,46.79400000000001,3
421.16,6.412880589150078,31.119999999999997,2
352.13000000000005,4.225017630303975,31.200000000000003,2
502.138,11.672206754372914,15.864000000000004,1
468.295,8.47191817978747,31.43399999999997,2
377.406,5.031383188950725,31.200000000000017,2
420.496,6.40761316872428,31.07,2
592.223,39.20793548387096,15.5,1
469.093,8.531516922484105,15.607000000000028,1
294.238,3.3435548617305972,31.484,2
271.091,2.9312464825355664,46.821,3
369.259,4.945875765379726,31.214,2
214.67000000000002,2.3798578168588578,62.139999999999986,4
395.19399999999996,5.213694715741886,31.471,2
231.77499999999998,2.485946736078165,62.297,4
288.37,3.3053370427219235,31.484,2
429.12,6.469423130847077,15.864,1
379.15900000000005,5.056304426899459,15.620000000000005,1
311.416,3.4996468246323764,62.23000000000002,4
395.416,5.233984002741164,31.069999999999993,2
418.54499999999996,6.367957317464184,31.107000000000028,2
394.744,5.182850845589793,31.200000000000017,2
477.34400000000005,8.662760458471121,31.214,2
305.04999999999995,3.452959150852364,31.069999999999993,2
518.3530000000001,12.085393498716854,15.619999999999997,1
520.505,12.129035706649562,31.2,2
426.653,6.457944762124061,15.864,1
418.35400000000004,6.3294861015567285,31.43399999999997,2
352.903,4.215458488228005,31.189999999999998,2
313.925,3.513249751817338,46.69,3
302.81600000000003,3.4178470481148504,31.727999999999952,2
270.821,2.9278123020194906,52.17399999999998,3
427.401,6.456345508164074,31.227000000000004,2
345.533,4.1622524435333315,31.43399999999997,2
418.196,6.332908260858476,15.864000000000004,1
436.543,6.556668618416027,31.483999999999998,2
326.07099999999997,3.9774910512090003,62.17699999999999,4
221.45499999999998,2.4167226433803535,62.387,4
437.94,6.631220264883632,31.200000000000017,2
377.50100000000003,5.008207513112909,31.471000000000004,2
336.91600000000005,4.08009324861727,46.794,3
253.59400000000002,2.8038097134890596,31.160000000000025,2
335.36800000000005,4.071866928023156,46.66,3
313.132,3.515985440754638,31.140000000000008,2
220.628,2.4134847009379317,36.297,2
520.537,12.149506286546577,15.606999999999971,1
354.178,4.237814019819358,46.66,3
336.481,4.082061663033324,31.24000000000001,2
385.278,5.103154486783531,15.864000000000004,1
348.932,4.1896813353566005,31.189999999999998,2
345.80600000000004,4.159834792302491,31.44399999999996,2
471.394,8.496962371576704,47.013999999999996,3
379.336,5.047200409696142,31.471000000000004,2
385.21199999999993,5.096779682647722,31.727999999999952,2
337.076,4.087030982406975,15.864000000000004,1
392.737,5.17858662808018,31.48400000000001,2
285.14799999999997,3.277812837001238,46.797,3
428.723,6.509870196632823,15.619999999999997,1
129.915,1.6925512689976492,78.21100000000001,5
312.42,3.4958657878969444,31.120000000000005,2
344.476,4.147969441093688,31.72800000000001,2
337.334,4.091205659460996,15.620000000000005,1
353.961,4.2374284303144485,31.48400000000001,2
395.84299999999996,5.218365694068501,46.797,3
335.476,4.077366209844607,31.187000000000012,2
419.28799999999995,6.358039205663609,31.44399999999996,2
394.399,5.214835317502724,31.364000000000004,2
396.15200000000004,5.226162282105443,31.471000000000004,2
354.65900000000005,4.249757179247531,46.807000000000016,3
468.60799999999995,8.480492944256431,15.864,1
272.835,2.9476111273708483,62.19,4
436.365,6.599160828393256,31.364,2
427.168,6.461528626588591,15.864000000000004,1
470.444,8.564989467251998,31.08,2
347.093,4.17382796426514,31.189999999999998,2
434.51599999999996,6.535376697495478,15.863999999999976,1
386.736,5.120173868575812,47.054,3
344.84999999999997,4.164922907488987,31.079999999999984,2
503.24899999999997,11.753873111524245,46.797,3
352.932,4.233251188654873,31.24,2
344.99,4.140498124749663,47.22800000000001,3
385.912,5.134476108849367,46.56999999999999,3
312.134,3.4914512858990125,47.041,3
520.106,12.047750541654274,15.863999999999976,1
518.905,12.10669948630137,15.580000000000013,1
467.57,8.486630159797611,31.227000000000004,2
503.71299999999997,11.779221057136743,15.579999999999984,1
467.17999999999995,8.458888143819651,31.19999999999999,2
510.295,11.83336871603261,15.864000000000004,1
469.142,8.504590971622356,15.863999999999976,1
385.157,5.104619811371022,15.864000000000004,1
335.009,4.06453648987358,31.471000000000004,2
444.376,8.043301844924871,15.864,1
462.78,8.385455067745486,15.863999999999976,1
386.434,5.133116570585153,62.297000000000025,4
378.803,5.051022372417333,31.214,2
273.272,2.948074537703703,72.55500000000004,4
394.83799999999997,5.226482551916078,31.139999999999986,2
437.199,6.589993734896625,31.444,2
511.039,11.964855064689855,15.607000000000028,1
397.02199999999993,5.229577704862147,15.864000000000004,1
336.49999999999994,4.0889413147048295,31.120000000000005,2
377.043,5.020033905172138,15.864000000000004,1
471.021,8.577557915057916,15.580000000000013,1
220.88899999999995,2.4170088014164377,62.417,4
427.8260000000001,6.496434857458535,31.159999999999968,2
463.046,8.450458567980693,15.580000000000013,1
335.765,4.065367234217373,31.120000000000005,2
437.609,6.618511433230192,15.620000000000005,1
427.85799999999995,6.456119768420515,15.863999999999976,1
312.058,3.503473726434016,31.189999999999998,2
312.867,3.4986982078395044,31.433999999999997,2
286.826,3.293360411935907,31.07,2
295.66700000000003,3.363350785340314,31.444000000000017,2
527.217,17.96868361763759,15.569999999999993,1
396.068,5.2428280664167115,31.189999999999998,2
396.67699999999996,5.239360906273379,46.81,3
452.318,8.226566119729673,15.864000000000004,1
461.17900000000003,8.407665001525933,15.607,1
312.89000000000004,3.499420857131445,31.44399999999996,2
478.11899999999997,8.673600077037893,15.620000000000005,1
273.481,2.944988905325444,31.227000000000004,2
396.58700000000005,5.250801204754708,46.60700000000003,3
419.654,6.3709524662758845,15.864,1
386.997,5.139580904296854,31.24000000000001,2
303.60699999999997,3.434230781565697,67.334,3
312.63300000000004,3.4931060056300294,37.212,2
435.89599999999996,6.602272289125657,31.19999999999999,2
313.40099999999995,3.5113265755839578,31.177,2
553.552,18.77052969502408,15.579999999999984,1
327.476,3.9994962308911224,31.189999999999998,2
335.445,4.066645335283631,31.226999999999997,2
386.27600000000007,5.127409496944053,15.607,1
421.673,6.40973995150551,31.226999999999975,2
214.965,2.377795296786971,31.434,2
337.83299999999997,4.094927489762452,31.19999999999999,2
509.63300000000004,11.822301501348454,15.863999999999976,1
519.863,12.117686056458513,15.620000000000005,1
386.498,5.108708593783221,31.190000000000012,2
469.61099999999993,8.552808916480371,31.069999999999993,2
586.6080000000001,38.84567741935484,15.5,1
468.957,8.496834734789145,15.863999999999976,1
409.873,6.2439579841608985,15.864000000000004,1
451.62399999999997,8.22009240459785,15.863999999999976,1
512.129,11.955334032130406,31.139999999999986,2
510.91999999999996,11.87434020091946,31.120000000000005,2
428.31199999999995,6.501759794476557,46.70000000000002,3
411.78999999999996,6.283829907357508,31.069999999999993,2
376.898,5.02191845140912,31.471000000000004,2
521.0,12.142716598584169,15.606999999999971,1
344.87199999999996,4.15227962414537,62.67400000000001,4
336.577,4.088995961820852,31.069999999999993,2
603.7110000000001,39.64987195902689,15.620000000000005,1
303.44599999999997,3.4286366001040456,46.747,3
437.3,6.606625895867792,31.189999999999998,2
502.1329999999999,11.738515825491875,15.620000000000005,1
352.479,4.220015530078107,31.227000000000004,2
229.595,2.4738318536920416,57.96199999999999,3
427.728,6.4813030217597465,31.227000000000004,2
469.066,8.495701364696858,15.864000000000004,1
337.769,4.069706360819026,47.09100000000001,3
346.125,4.168453236422223,46.76999999999998,3
461.99800000000005,8.379688198837135,15.864000000000004,1
436.741,6.592503905549723,15.864000000000004,1
385.594,5.09413688390563,47.078,3
510.36,11.84695330598712,15.863999999999976,1
378.68,5.01859241022158,46.93399999999997,3
390.17999999999995,5.171531207903009,31.187000000000012,2
189.934,2.103843873862355,31.364000000000004,2
437.33500000000004,6.598174626540877,31.43399999999997,2
346.476,4.169432298432097,46.84700000000001,3
293.753,3.345295883498866,46.767000000000024,3
148.63100000000003,1.7946014723257295,31.471000000000004,2
394.19800000000004,5.2179612014081345,31.19999999999999,2
459.10900000000004,8.358695303734573,31.200000000000017,2
435.772,6.5822402131584345,31.080000000000013,2
502.03799999999995,11.685297122424657,15.864000000000004,1
303.38100000000003,3.4236548831635716,31.48400000000001,2
428.567,6.487835172996644,46.64999999999998,3
220.066,2.404234411291764,68.258,3
262.748,2.870252263538523,36.781000000000006,2
387.96900000000005,5.156781022992693,31.214,2
320.66999999999996,3.9334760414951426,46.69,3
337.897,4.100057799755957,46.766999999999996,3
451.705,8.247340638888444,15.607,1
418.16200000000003,6.343650164847803,31.44399999999996,2
428.315,6.4932603147323995,15.864000000000004,1
510.777,11.849590042057859,15.863999999999976,1
427.755,6.473232336156819,31.139999999999986,2
384.656,5.093914302134996,31.43399999999997,2
602.4950000000001,39.67105263157895,15.579999999999984,1
189.943,2.1033831747470164,62.541,4
353.073,4.226532514530102,46.699999999999996,3
271.018,2.9303138866532286,83.63500000000002,4
518.894,12.05346796182686,15.863999999999976,1
434.587,6.5670603607296565,31.2,2
469.956,8.49997606166515,31.189999999999998,2
385.554,5.1001116605519226,31.44399999999996,2
345.431,4.157360266898222,31.176999999999992,2
511.287,11.960064308681673,31.149999999999977,2
501.70900000000006,11.599112707299039,31.471000000000004,2
435.87300000000005,6.579245814346423,47.00399999999996,3
288.053,3.308227959677548,31.080000000000013,2
437.189,6.591724755387863,31.214,2
421.26,6.396341463414633,31.19999999999999,2
387.908,5.135259314535472,15.864,1
468.44000000000005,8.50861557696315,31.19999999999999,2
385.755,5.115246751584203,31.444000000000003,2
345.11299999999994,4.151083800514964,46.714,3
305.156,3.4391990727788664,47.298,3
478.46799999999996,8.639475659018698,15.864000000000004,1
558.2800000000001,18.739506212068257,15.863999999999976,1
385.662,5.113991295442909,31.150000000000006,2
377.065,5.008003996683603,31.444000000000003,2
387.76200000000006,5.144483278289031,15.620000000000005,1
411.01800000000003,6.253230403496889,31.44399999999996,2
353.686,4.240633675703906,31.107,2
385.324,5.0967944287916644,31.444000000000003,2
409.445,6.268206381883685,31.069999999999993,2
344.15900000000005,4.158378224600109,31.120000000000005,2
397.112,5.249914383561644,15.620000000000005,1
336.096,4.064192916077859,62.631,4
336.664,4.0730135548354705,31.433999999999997,2
310.884,3.4834560879359655,15.864000000000004,1
353.474,4.227837235635753,31.139999999999986,2
336.842,4.0907472656536745,46.797,3
352.143,4.197143713172875,31.444000000000003,2
394.96100000000007,5.224452906068839,15.620000000000005,1
592.776,38.94980793854033,15.620000000000005,1
346.067,4.177258538376791,31.19999999999999,2
386.178,5.139365875619011,46.607,3
293.266,3.338476504876046,31.434,2
428.38800000000003,6.499910129670048,31.200000000000017,2
353.91900000000004,4.237044286315328,31.48399999999998,2
304.153,3.425481861896825,31.444000000000017,2
335.312,4.065065174866086,36.38400000000007,2
303.572,3.43604002664163,31.24000000000001,2
392.919,5.1987497328489,15.620000000000005,1
303.887,3.421429652825919,31.444000000000017,2
552.679,18.721454452175585,15.606999999999971,1
295.137,3.3635919531024765,52.367000000000004,3
427.98499999999996,6.49403080872914,15.620000000000005,1
542.2400000000001,18.452204699066627,15.569999999999993,1
480.54100000000005,8.718666174084841,15.607,1
426.826,6.474233679620367,46.77000000000001,3
386.97200000000004,5.138251114842104,31.176999999999964,2
428.417,6.50332061608026,31.08,2
336.367,4.073500790380205,47.06400000000002,3
355.55,4.249673250404438,31.44399999999996,2
387.20900000000006,5.125916375415565,31.471000000000004,2
534.772,18.16213093709884,15.580000000000013,1
352.77399999999994,4.218594042242598,15.864,1
395.465,5.228667664670659,31.119999999999997,2
395.803,5.222889638101741,31.213999999999942,2
519.6310000000001,12.103938286642308,15.619999999999997,1
261.492,2.863527198352349,46.797,3
471.632,8.57398426208447,15.620000000000005,1
403.222,6.175218831018815,31.227000000000032,2
368.862,4.932514552549095,15.864000000000004,1
644.1840000000001,inf,0.0,0
261.73,2.863629566864377,31.444000000000003,2
344.61100000000005,4.155922890242227,31.214,2
430.00300000000004,6.497986216772577,31.48399999999998,2
311.718,3.4836306559688945,47.023999999999944,3
511.989,11.944613082513895,46.78000000000003,3
436.491,6.583797060290901,46.94400000000002,3
478.28000000000003,8.647463264098752,31.17700000000002,2
295.24,3.3694263426535267,77.92699999999991,5
429.152,6.509223718500071,15.607000000000028,1
318.804,3.9021228562065327,47.297999999999945,3
437.07300000000004,6.604649671727534,15.620000000000005,1
429.277,6.508494803028358,31.199999999999996,2
468.791,8.529932377082096,15.607,1
252.14,2.7870989233746073,31.227000000000004,2
417.95500000000004,6.352153257097488,15.864,1
511.01,11.923685335613511,31.159999999999968,2
320.268,3.9145478040878725,31.364000000000004,2
303.939,3.4266199342126273,15.864000000000004,1
329.1650000000001,4.012565895445893,15.864000000000004,1
502.123,11.613913080240128,15.864000000000004,1
420.507,6.3770523246892745,31.189999999999998,2
428.331,6.485515598586138,31.149999999999977,2
353.342,4.227221247990648,31.189999999999998,2
253.91499999999996,2.806272852732369,46.86,3
355.443,4.25303619640324,15.864000000000004,1
501.399,11.667155986724532,31.139999999999986,2
469.16900000000004,8.518613483758275,31.186999999999998,2
327.377,3.993544316529659,46.69,3
519.7710000000001,12.144318181818184,15.569999999999993,1
348.0,4.185996264694035,62.513999999999996,4
511.27899999999994,11.932473752859925,15.607,1
345.3929999999999,4.14760507418073,31.727999999999952,2
437.289,6.612745475548711,31.189999999999998,2
345.15500000000003,4.159573786398879,15.863999999999976,1
421.305,6.41377006206551,46.714,3
320.626,3.9383419784086953,31.107,2
172.739,2.0078062555060936,52.363999999999976,3
469.90099999999995,8.539284740160767,15.607,1
470.55799999999994,8.51318037393623,46.76699999999994,3
445.825,8.15793783315137,15.607,1
270.57099999999997,2.926114967075992,46.64999999999998,3
386.697,5.134160813367972,31.120000000000005,2
354.321,4.2536064866254675,31.10699999999997,2
387.878,5.135424440795785,15.863999999999976,1
294.97,3.361063306945434,31.444000000000017,2
314.20199999999994,3.516414252648945,52.708,3
378.707,5.029440868223652,31.364000000000004,2
458.69699999999995,8.357162333392145,15.620000000000005,1
337.387,4.074561443477468,31.72800000000001,2
188.61800000000002,2.0995313155808426,58.131,3
314.976,3.5297854739090977,46.639999999999986,3
385.956,5.131539227335495,15.620000000000005,1
345.989,4.162778580178072,47.053999999999974,3
352.908,4.235105924628966,15.620000000000005,1
370.092,4.94592231664019,31.444000000000017,2
480.298,8.710180755771022,15.607,1
439.062,6.613598588487996,46.77999999999997,3
336.281,4.078706924964295,62.257,4
312.482,3.5039023061267005,31.444000000000003,2
352.24199999999996,4.195634423820151,15.864000000000004,1
385.951,5.117952712218855,46.71,3
476.948,8.652349703980619,31.14,2
397.377,5.2210384313058995,15.864,1
451.26200000000006,8.201640573881681,15.864000000000004,1
385.584,5.113290875924089,15.863999999999976,1
343.403,4.12995488310623,47.041000000000004,3
510.88599999999997,11.961572296007036,31.107,2
229.353,2.466563930736374,31.433999999999997,2
459.858,8.378150721196272,15.607,1
227.471,2.44929373761572,62.42700000000005,4
471.354,8.548427390942283,15.863999999999976,1
303.78,3.421348807180035,31.471000000000004,2
356.029,4.267310286600531,46.65,3
262.496,2.860327989681224,46.98400000000001,3
326.883,3.997001925369029,31.189999999999998,2
377.72499999999997,5.033024407952337,46.68700000000001,3
295.07800000000003,3.3533005287545157,31.119999999999997,2
352.92299999999994,4.223894912807959,31.471000000000004,2
436.64099999999996,6.604643998613732,15.607,1
426.86,6.417555081734186,15.864000000000004,1
311.145,3.49540850289124,31.227000000000004,2
312.524,3.5077956363694724,31.186999999999998,2
295.54200000000003,3.366532141827616,46.7,3
310.483,3.487366211625969,31.189999999999998,2
269.21600000000007,2.9104850441755667,31.48399999999998,2
427.618,6.49023585450717,31.187000000000012,2
345.601,4.152085879498732,31.19999999999999,2
180.58,2.0529568857945866,42.355,2
337.048,4.091587859219784,31.227000000000032,2
436.6,6.600523365445054,46.807000000000016,3
518.166,11.971584653171849,15.864000000000004,1
431.00100000000003,6.517095275278094,31.363999999999976,2
429.466,6.504986284513036,15.864000000000004,1
394.87,5.223795821878978,15.620000000000005,1
312.377,3.5059524764548264,31.227000000000004,2
480.1,8.70539425746706,15.619999999999997,1
477.259,8.634433886809353,31.079999999999984,2
304.40799999999996,3.4313932219905903,31.471000000000004,2
354.87899999999996,4.248498773388012,31.08,2
314.14599999999996,3.517034164476636,31.149999999999977,2
419.88800000000003,6.402086790947804,31.107,2
377.64,5.041350969564658,31.364000000000004,2
427.19100000000003,6.466435481394279,46.714,3
219.198,2.399142124009038,68.538,3
392.739,6.018772203337848,15.864000000000004,1
396.62199999999996,5.242218752005476,31.186999999999955,2
429.702,6.474050294275012,31.44399999999999,2
395.86600000000004,5.229337606837607,31.19999999999999,2
386.068,5.118454038254338,31.10699999999997,2
430.56800000000004,6.509648359522957,15.863999999999976,1
346.206,4.155215311004784,47.053999999999974,3
471.445,8.559569623500737,46.757,3
313.24100000000004,3.507713492006309,62.60400000000001,4
470.998,8.549254688251322,15.620000000000005,1
468.9389999999999,8.487330555156392,15.864000000000004,1
469.94200000000006,8.53269110551878,15.62,1
270.909,2.9313670972709387,47.09100000000001,3
230.07,2.4724951198438347,46.747,3
344.93600000000004,4.158725652695487,62.51400000000001,4
428.77799999999996,6.51270249421445,31.08,2
427.84,6.4738296592929965,15.864000000000004,1
343.745,4.132015817479409,37.001999999999896,2
288.362,3.3071728607432895,31.15,2
500.817,11.644130836751609,15.864000000000004,1
345.616,4.171749245184322,15.620000000000005,1
426.43899999999996,6.475801584549996,31.189999999999998,2
311.389,3.480950028682516,31.444000000000003,2
179.88,2.0484655961297467,62.541,4
434.67499999999995,7.949129510319579,31.186999999999998,2
437.059,6.585347152113071,31.470999999999947,2
436.244,6.611577051710832,31.160000000000025,2
314.3,3.52198613429195,31.07,2
493.573,11.569014989293363,15.620000000000005,1
396.196,5.213730390853496,31.43399999999997,2
246.434,2.7500550367503465,31.200000000000017,2
510.743,11.939023345470122,15.62,1
426.739,6.474732831282794,31.200000000000003,2
468.051,8.439063543024252,31.48400000000001,2
353.60699999999997,4.237833185301847,46.766999999999996,3
394.96,5.214525044283671,31.44399999999996,2
345.252,4.1599121361889075,31.19999999999999,2
301.848,3.4070429498732073,31.24000000000001,2
354.52200000000005,4.237407312707749,31.239999999999995,2
378.245,5.044925195966251,31.107,2
271.018,2.9275132463283664,62.671,4
220.272,2.4066259674576616,47.051,3
386.867,5.130061598573732,15.863999999999976,1
251.81999999999996,2.7804393475540343,47.051,3
418.937,6.380368334532004,31.177,2
271.566,2.9366584892743037,52.417,3
314.67,3.521434638375615,46.67699999999999,3
346.52,4.17448102750142,31.107,2
313.16200000000003,3.50425423024022,47.078,3
460.166,8.356300156664641,31.364000000000004,2
469.819,8.543657675016057,31.119999999999997,2
467.848,8.508393516289521,15.620000000000005,1
344.314,4.1410352314400924,31.48400000000001,2
305.435,3.4435777431097243,31.08,2
394.781,5.183686229626332,47.29799999999997,3
303.649,3.4393396529562983,31.120000000000005,2
346.301,4.172765419430498,62.39099999999999,4
508.362,11.815292315547614,31.433999999999997,2
452.642,8.240650094378857,31.433999999999997,2
436.548,6.571909940266503,15.863999999999976,1
395.96099999999996,5.218274598372183,31.364000000000004,2
436.7,6.556828014455133,15.863999999999976,1
470.947,8.561769428387924,15.620000000000005,1
269.538,2.913856640749813,46.809999999999995,3
368.492,4.934316310951196,15.863999999999976,1
427.54200000000003,6.459957857097247,15.863999999999976,1
313.434,3.5150372319938374,36.874,2
435.388,6.525789420245711,15.864000000000004,1
393.235,5.199703099301537,31.189999999999998,2
213.101,2.3650869910574728,37.074000000000005,2
346.269,4.173460784134025,46.82000000000002,3
468.782,8.491163028540381,15.864000000000004,1
396.036,5.211580794385069,47.051000000000016,3
354.43600000000004,4.24304837543805,31.159999999999968,2
417.20000000000005,6.298988975257836,15.864000000000004,1
312.94800000000004,3.5042250816208953,31.434000000000005,2
396.344,5.2106470906946845,31.470999999999947,2
385.607,5.119556856544593,46.846999999999994,3
344.43399999999997,4.132015422107445,47.054,3
356.69,4.270674968135929,62.297,4
396.06300000000005,5.23501673420943,31.107,2
395.8960000000001,5.208167690639682,15.864000000000004,1
138.485,1.739738686380924,109.33099999999999,7
354.116,4.232902725156343,31.48400000000001,2
345.876,4.161543313132421,46.769999999999996,3
452.06600000000003,8.244647435897436,15.620000000000005,1
353.95799999999997,4.244820505298669,31.070000000000007,2
105.51499999999999,1.5195761255472007,58.119,3
510.74700000000007,11.933488889840305,15.607,1
478.34099999999995,8.64562687807685,31.08,2
461.03899999999993,8.386788220591534,15.620000000000005,1
355.54699999999997,4.252618675156206,31.364000000000004,2
344.35200000000003,4.142413900093081,47.041,3
452.42100000000005,8.189502288329521,15.864000000000004,1
470.645,8.555222011750732,46.687,3
336.813,4.06586624673445,31.079999999999984,2
426.62500000000006,6.4584943319941654,31.363999999999976,2
148.63299999999998,1.7931238727441543,78.244,5
429.02200000000005,6.490146396396397,15.864000000000004,1
304.86,3.44263188257163,46.757,3
261.28499999999997,2.856310610635502,36.68699999999998,2
436.053,6.6071727082181395,31.187000000000012,2
476.363,8.605866104644665,31.471000000000004,2
189.26999999999998,2.100093577992316,51.78399999999999,3
187.64500000000004,2.0888133272213487,68.429,4
470.41600000000005,8.565755826109335,45.01400000000001,2
312.879,3.509375701774085,46.80699999999996,3
593.388,39.110982658959536,15.569999999999993,1
269.471,2.9115621164936973,31.186999999999998,2
425.82,6.4683446770258115,15.579999999999984,1
436.322,6.590001793630051,31.364000000000004,2
314.214,3.5111405920337564,47.06399999999999,3
301.844,3.4127253107389794,31.187000000000012,2
429.52400000000006,6.477364890713867,31.364000000000004,2
419.708,6.37068127143369,31.471000000000004,2
386.85800000000006,5.100156859420044,15.864000000000004,1
451.77099999999996,8.209763648840587,15.864000000000004,1
459.599,8.353113400742352,31.139999999999986,2
437.662,6.594983636735528,15.864000000000004,1
314.11,3.5156774333058363,31.186999999999983,2
310.845,3.4844742836590337,31.444000000000003,2
305.04200000000003,3.439984642211522,31.48400000000001,2
469.701,8.513532968615031,15.864000000000004,1
452.94700000000006,8.268084082156612,15.620000000000005,1
427.61,6.478597327388502,15.864,1
436.321,6.5759159627353005,31.44399999999996,2
477.636,8.6319187012655,31.444000000000003,2
252.93699999999995,2.805957574416131,31.119999999999997,2
261.584,2.865472387037882,31.24000000000001,2
428.52500000000003,6.479999488477967,31.107,2
436.409,6.5911164065903085,31.189999999999998,2
295.495,3.3716060579307694,15.620000000000005,1
418.92400000000004,6.362501760090117,15.863999999999976,1
378.966,5.02705488550024,31.48399999999998,2
468.18600000000004,8.502860531081232,15.607,1
304.174,3.4363546072023583,15.864000000000004,1
512.17,11.944504989636089,31.227000000000004,2
311.112,3.485475985044579,62.541,4
384.323,5.06278278151296,15.864000000000004,1
336.595,4.064997860115281,31.72800000000001,2
634.67,inf,0.0,0
254.286,2.8085260732269353,31.200000000000003,2
434.867,6.537943330149632,15.864000000000004,1
478.929,8.637081213822137,15.864000000000004,1
353.549,4.237509615032416,31.43399999999997,2
519.189,12.100898011545866,15.62,1
533.8430000000001,18.176415701415703,15.579999999999984,1
344.206,4.140909588641092,15.864000000000004,1
431.15999999999997,6.496545218122943,31.728000000000005,2
451.32400000000007,8.204124632869366,15.864000000000004,1
311.51,3.495453853610081,31.48400000000001,2
387.34999999999997,5.145884619501231,31.24000000000001,2
554.028,18.76300096184675,15.620000000000005,1
559.306,18.995688545688548,15.580000000000013,1
355.316,4.251903646214672,62.329999999999984,4
503.33,11.796439296439297,15.620000000000005,1
412.332,6.279268667417802,15.863999999999976,1
396.885,5.226452265587562,31.471,2
519.267,12.038604621500394,15.863999999999976,1
503.238,11.722248263518985,15.864000000000004,1
271.634,2.934839127864322,62.513999999999996,4
346.492,4.175708249699836,46.77000000000001,3
467.35,8.44093109158069,15.864000000000004,1
302.3,3.411743587697954,46.807,3
355.465,4.264141414141413,31.119999999999997,2
462.37,8.393070145984236,15.864000000000004,1
378.733,5.0508802703916835,15.620000000000005,1
417.25699999999995,6.345953286953401,15.863999999999976,1
395.236,5.190728645347358,15.864000000000004,1
425.658,6.461074617674228,15.606999999999971,1
229.44,2.464105672898985,47.078,3
354.515,4.249420261959102,31.2,2
295.202,3.364434405811727,31.434000000000005,2
480.20099999999996,8.674129830280949,15.863999999999976,1
520.2900000000001,11.997928468757927,31.44399999999996,2
312.25300000000004,3.509124366196051,31.176999999999992,2
436.319,6.594981021748053,15.620000000000005,1
510.641,11.953260403260403,15.620000000000005,1
564.009,18.936935504388757,15.864000000000004,1
421.1940000000001,6.403802730165247,62.33700000000002,4
419.831,6.394898483680288,15.620000000000005,1
468.132,8.478863788861553,15.864000000000004,1
419.05500000000006,6.358005907097469,15.864000000000004,1
386.425,5.127149417921607,15.620000000000005,1
395.73199999999997,5.226506178509254,31.107000000000028,2
511.36400000000003,11.92728166335449,15.620000000000005,1
427.284,6.466925970470073,15.863999999999976,1
346.36100000000005,4.169076070049591,15.864,1
469.09799999999996,8.491065297583878,31.470999999999947,2
294.452,3.356728375793374,31.200000000000017,2
384.297,5.093884160177264,31.24000000000001,2
502.63599999999997,11.768387000021423,15.607000000000028,1
478.883,8.654290007032799,31.19999999999999,2
343.42800000000005,4.132666836939469,46.7,3
467.073,8.498362497993256,31.15,2
468.577,8.51804194009017,15.606999999999971,1
311.71900000000005,3.498188783279104,31.19999999999999,2
227.85000000000002,2.4612888330212157,46.84700000000001,3
462.88599999999997,8.3997825878441,15.864,1
426.718,6.473480329908544,31.176999999999992,2
393.31,5.182591588238422,37.152000000000015,2
385.605,5.123191582639193,46.714,3
393.476,5.16985651003582,31.72800000000001,2
421.103,6.384673418239476,15.864000000000004,1
393.78700000000003,5.2140143610816825,31.176999999999992,2
352.874,4.222740764418466,31.080000000000013,2
428.31600000000003,6.479008365952874,31.433999999999997,2
304.17499999999995,3.4366163335602993,31.176999999999964,2
510.14500000000004,11.926215463696725,15.620000000000005,1
419.69399999999996,6.374215688785309,15.864000000000004,1
394.348,5.197066774516274,31.069999999999993,2
426.35200000000003,6.445734503327331,15.863999999999976,1
377.352,5.041296292329771,46.68700000000001,3
437.93800000000005,6.602307761190211,31.19999999999999,2
461.49399999999997,8.385794763459446,15.863999999999976,1
397.133,5.242103464114424,31.189999999999998,2
478.1239999999999,8.676514032496305,15.607,1
353.96600000000007,4.24183281892533,46.797,3
478.98699999999997,8.69333440411179,31.069999999999993,2
429.70700000000005,6.506452067608954,31.24000000000001,2
438.10599999999994,6.599442747408648,31.226999999999997,2
427.448,6.48594016710089,15.620000000000005,1
345.702,4.164204514251194,15.864000000000004,1
303.765,3.4386259272341926,31.186999999999998,2
147.354,1.7831147297038754,31.107,2
435.823,6.596299292474029,15.620000000000005,1
344.372,4.152031046918191,36.554,2
427.19800000000004,6.460725287929338,31.176999999999992,2
395.641,5.237028390288829,31.079999999999984,2
476.3109999999999,8.575161423709405,15.864000000000004,1
418.539,6.381961500379339,31.0,2
314.80000000000007,3.5182388327147063,31.119999999999997,2
271.27799999999996,2.924571671810152,62.67400000000001,4
477.38700000000006,8.681206757843928,15.579999999999998,1
328.17,3.9994241895239053,46.81999999999999,3
426.76800000000003,6.485661400825225,15.620000000000005,1
468.902,8.454129242508545,15.863999999999976,1
378.606,5.0403171588035045,31.239999999999995,2
296.32800000000003,3.3775855705505715,31.08,2
394.014,5.2057768669143085,31.444000000000003,2
254.612,2.812726936165972,31.227000000000004,2
421.076,6.401180092355054,31.200000000000017,2
410.24499999999995,6.226849964325757,15.864000000000004,1
419.44899999999996,6.3983140283140285,31.079999999999984,2
460.85499999999996,8.391419406575782,31.189999999999998,2
386.112,5.129672609816358,31.189999999999998,2
261.912,2.862750257814445,31.227000000000004,2
510.962,11.859055553194201,31.189999999999998,2
378.899,5.054997859589041,15.620000000000005,1
436.754,6.570486576111217,47.041,3
360.074,4.845547557511161,15.863999999999976,1
221.08700000000002,2.416361830936289,62.50399999999999,4
476.32,8.643132220795893,15.620000000000005,1
312.03700000000003,3.503827513159585,62.25999999999999,4
286.39900000000006,3.2969435466407893,31.189999999999998,2
509.583,11.895509942270687,15.620000000000005,1
385.72400000000005,5.1268469085345645,46.806999999999995,3
231.10399999999998,2.4834233042987077,62.23000000000002,4
271.538,2.9313901217707974,46.78399999999999,3
346.90299999999996,4.183852345420671,31.186999999999998,2
379.596,5.062152878102026,31.176999999999992,2
253.95000000000005,2.812491524576943,46.67699999999999,3
302.661,3.4070383330682352,31.471000000000004,2
268.866,2.915709522045202,77.75699999999995,5
543.7240000000002,18.40473751600512,15.620000000000005,1
418.62,6.3632100853255436,31.189999999999998,2
420.20500000000004,6.383792440743114,31.24000000000001,2
453.238,8.238951621919469,31.43399999999997,2
477.20399999999995,8.655597266339399,15.620000000000005,1
395.569,5.232042366534717,31.159999999999968,2
509.845,11.914179903240997,15.607,1
264.496,2.888353430858089,46.64999999999999,3
344.96,4.156344072247486,31.187000000000012,2
270.283,2.9111266669495004,47.348000000000006,3
428.61100000000005,6.478086936516661,31.19999999999999,2
221.0,2.417020921897141,31.364000000000004,2
409.49499999999995,6.2302219838046335,31.48399999999998,2
252.73299999999998,2.8017865799754755,31.48400000000001,2
311.20000000000005,3.4851267718107413,78.415,5
303.58500000000004,3.4257303119406797,78.47499999999991,5
336.43300000000005,4.085126088950023,15.620000000000005,1
419.192,6.372809884518273,31.227000000000004,2
313.64500000000004,3.5041117107910456,31.150000000000006,2
409.221,6.270749613601236,31.0,2
478.829,8.686228871374226,31.189999999999998,2
342.635,4.135271402950112,31.444000000000003,2
262.976,2.8673028857077942,31.364000000000004,2
395.24,5.219448922291851,46.72700000000003,3
304.328,3.4434203131272585,46.58,3
212.88400000000001,2.362762858880389,46.934,3
344.887,4.161084836486288,31.226999999999997,2
467.75,8.482323959433089,31.43399999999997,2
263.41499999999996,2.8622086488091454,47.013999999999996,3
360.39599999999996,4.83612211010346,31.15,2
418.272,6.343417052045275,31.200000000000003,2
420.831,6.376795114222926,31.471000000000004,2
337.477,4.098108877260626,31.0,2
461.11800000000005,8.38923786936735,31.177,2
353.686,4.236482096613318,46.797,3
492.329,11.463063714030685,15.864000000000004,1
395.25800000000004,5.227493930286533,31.19999999999999,2
467.56,8.466147164026573,46.75999999999999,3
430.26400000000007,6.520168325977625,15.863999999999976,1
387.02099999999996,5.149024442538592,31.119999999999997,2
303.437,3.4354648409596202,77.87700000000001,5
437.419,6.606210909463755,15.620000000000005,1
379.139,5.053921987938925,15.620000000000005,1
346.726,4.166881307941726,31.444000000000017,2
452.373,8.23206663362696,15.863999999999976,1
511.653,11.871430392656807,15.863999999999976,1
394.2180000000001,5.21650587203457,31.214,2
221.12599999999998,2.415315096199388,46.807,3
421.18699999999995,6.38960689972872,31.471,2
389.457,5.1550500901516045,15.864000000000004,1
395.841,5.241759537076725,15.620000000000005,1
264.246,2.882925508415397,31.139999999999986,2
356.13100000000003,4.267256880733945,31.200000000000017,2
428.662,6.510006812602028,15.620000000000005,1
222.271,2.428715595150861,67.79400000000001,4
463.47600000000006,8.439422150882825,15.580000000000013,1
428.407,6.4885976375329895,46.69,3
418.37299999999993,6.32701367490896,15.864000000000004,1
305.009,3.4481017738181228,36.797,2
386.952,5.142201098301166,15.62,1
437.451,6.623920086393089,46.677,3
311.179,3.492662490587802,46.797,3
386.463,5.110215368253124,15.864000000000004,1
264.188,2.8753762280651944,47.348,3
541.7370000000001,18.415276304368792,15.607000000000028,1
314.797,3.518678241388967,31.364000000000004,2
345.639,4.158886106490705,31.227000000000032,2
393.655,5.187462769126031,46.944,3
428.21200000000005,6.4978622876731675,46.77999999999997,3
344.73099999999994,4.155692459790738,31.14999999999999,2
344.324,4.146494137858558,31.471000000000004,2
313.531,3.5106984416790783,62.513999999999996,4
519.289,12.064239144330339,15.863999999999976,1
378.675,5.038553831386978,31.187000000000012,2
434.735,6.57681453164687,15.620000000000005,1
387.249,5.129158491853621,31.444000000000003,2
346.28700000000003,4.162207327318551,46.620000000000005,3
335.332,4.078586904630751,31.139999999999986,2
396.236,5.230081882332846,31.2,2
503.52,11.793569131832799,15.580000000000013,1
271.46299999999997,2.9368908486379266,62.15,4
512.115,11.99667167704531,15.57,1
335.969,4.074358763188478,47.013999999999996,3
438.12600000000003,6.600628930817611,15.863999999999976,1
478.79,8.65892440093419,31.364000000000004,2
393.83299999999997,5.186951159873274,31.471000000000004,2
355.15299999999996,4.255566453694622,46.727000000000004,3
478.79999999999995,8.652963365513713,15.864,1
263.366,2.87367762039257,62.55400000000001,4
378.17400000000004,5.021031589915894,31.107,2
355.284,4.253993259085581,46.7,3
380.94599999999997,5.058186234300263,62.42699999999999,4
296.485,3.3729240865981036,36.81699999999999,2
468.297,8.504278571886418,15.620000000000005,1
270.39,2.9238267353502003,31.484,2
306.592,3.45173569183773,31.227000000000004,2
261.081,2.8564571867400486,31.150000000000006,2
431.231,6.5240699938511995,31.48400000000001,2
345.005,4.142751735320374,31.728,2
429.92999999999995,6.500569337649211,31.471000000000004,2
345.349,4.138509215165946,31.728,2
353.692,4.231805264937272,31.44399999999996,2
378.52299999999997,5.049067220059048,46.864000000000004,3
437.07200000000006,6.591229484079775,31.48399999999998,2
435.277,6.593597799966588,15.606999999999971,1
418.619,6.346006002170998,15.864,1
511.204,11.943271824292504,15.607,1
272.648,2.9399890423435155,46.809999999999995,3
305.65500000000003,3.443129136426128,47.053999999999995,3
508.42499999999995,11.738045957590607,15.864000000000004,1
389.314,5.165077938611976,31.0,2
386.41200000000003,5.117292303758085,46.746999999999986,3
428.37800000000004,6.494350173791476,15.620000000000005,1
271.48,2.924680259762358,47.014,3
435.48,6.56516849624925,15.863999999999976,1
500.743,11.697350993377485,15.620000000000005,1
263.596,2.881122124929528,46.727000000000004,3
311.865,3.4853365422929183,31.48400000000001,2
312.438,3.50128491485938,37.020999999999994,2
479.06500000000005,8.692116249197175,15.620000000000005,1
222.31900000000002,2.4246560419350085,34.971000000000004,2
271.72900000000004,2.929085113482277,31.72800000000001,2
425.641,6.446880118755119,31.079999999999984,2
355.164,4.240015325950118,62.96800000000002,4
460.41600000000005,8.395409351558861,15.606999999999971,1
510.44,11.90753680791504,15.620000000000005,1
170.49200000000002,1.9910308948760427,77.99700000000001,5
352.655,4.220946587753909,31.189999999999998,2
402.49299999999994,6.159703616342123,31.186999999999955,2
262.171,2.860873330210241,31.471000000000004,2
221.08999999999997,2.4137545160980913,36.769999999999996,2
394.332,5.198818080178884,31.363999999999976,2
452.45,8.188363890565917,15.864000000000004,1
437.52700000000004,6.613350610694859,31.149999999999977,2
295.71200000000005,3.367002585427156,15.864000000000004,1
378.633,5.037976708471973,31.226999999999975,2
562.136,19.024689774585564,15.606999999999971,1
244.39000000000001,2.738539680733005,31.187000000000012,2
395.699,5.215483444837432,31.364000000000004,2
388.63999999999993,5.141164436109452,15.864000000000004,1
140.649,1.7514866879317803,46.77,3
477.725,8.627247182041703,31.189999999999998,2
343.406,4.140401093725709,31.150000000000006,2
419.7,6.397376543209877,15.620000000000005,1
435.503,6.587670002566076,15.620000000000005,1
353.596,4.239304494402609,31.444000000000003,2
510.654,11.946495176848877,31.150000000000006,2
477.01099999999997,8.657046085686309,31.226999999999975,2
336.598,4.073449113387754,46.86,3
402.1,6.129611675256417,31.080000000000013,2
229.18599999999998,2.469442449733279,31.186999999999998,2
295.81,3.3678438780737707,46.58000000000001,3
435.886,6.585632456398889,31.24000000000001,2
177.44,2.027107439930075,47.33500000000001,3
354.934,4.239187770933151,31.364000000000004,2
262.231,2.8680348772599698,46.766999999999996,3
477.67999999999995,8.631402370834266,31.160000000000025,2
418.786,6.370841562572139,31.189999999999998,2
386.81300000000005,5.137922550278134,31.200000000000017,2
426.372,6.4559553667400325,15.863999999999976,1
394.10299999999995,5.2029583653271905,46.727,3
311.689,3.496487813473661,46.69,3
312.01599999999996,3.4981065003482747,46.944,3
232.434,2.4929186658188334,41.934,2
294.329,3.351152294603986,31.728,2
264.105,2.879149027002028,46.934,3
601.9540000000001,39.53738796414853,15.620000000000005,1
311.909,3.494054901208211,31.48399999999998,2
345.733,4.15320352045237,47.34800000000001,3
314.11999999999995,3.5152941930111146,31.43399999999997,2
469.43500000000006,8.514927881921656,31.24000000000001,2
424.98400000000004,6.412085323145495,15.864000000000004,1
427.773,6.455035833609631,31.364000000000004,2
476.03700000000003,8.59580986421152,31.444000000000017,2
378.491,5.037065085223031,31.44399999999996,2
452.666,8.270575008030837,15.620000000000005,1
295.72300000000007,3.3763540226929387,31.186999999999998,2
263.983,2.876278474714809,67.79799999999997,3
386.975,5.142136924130844,15.607,1
470.279,8.566838294448916,15.579999999999984,1
345.71,4.156448299475006,47.054,3
264.051,2.874976034765566,46.834,3
437.322,6.598724891500557,46.639999999999986,3
311.164,3.4816684611396895,31.189999999999998,2
313.01200000000006,3.506883654623942,31.433999999999997,2
386.16900000000004,5.129398932814355,31.149999999999977,2
386.07500000000005,5.129276875193857,31.159999999999968,2
419.70500000000004,6.364464838058233,31.44399999999996,2
428.09799999999996,6.458484214821238,15.864000000000004,1
429.261,6.490324230990598,31.107000000000028,2
344.507,4.1331350722107025,31.471000000000004,2
344.877,4.154430125033156,47.091,3
427.26099999999997,6.469220824106194,46.75699999999995,3
385.45399999999995,5.112474393991123,31.470999999999947,2
286.55600000000004,3.2866855524079326,47.10399999999999,3
230.97400000000002,2.481552277100706,36.28999999999999,2
312.99,3.4876013352408206,15.864000000000004,1
170.623,1.991982651364519,76.601,4
346.65700000000004,4.179260251107422,31.227000000000004,2
345.338,4.166669723256368,15.620000000000005,1
336.81100000000004,4.082627836098883,46.81999999999999,3
561.448,19.018228498074453,15.580000000000041,1
219.96700000000004,2.4036564354540233,47.078,3
467.83299999999997,8.523003200025729,15.607,1
501.98500000000007,11.687126099082414,15.864000000000004,1
434.8299999999999,6.560414828454878,31.176999999999992,2
327.658,4.001328191552702,46.807,3
221.447,2.4179777295400555,62.349999999999994,4
509.17900000000003,11.81266059331932,15.863999999999976,1
410.847,6.259110866476363,31.187000000000012,2
427.5,6.468779982346395,31.444000000000003,2
352.524,4.7606170192338455,15.864000000000004,1
428.62100000000004,6.50021815008726,31.214,2
293.714,3.3461833402562546,68.365,3
471.69100000000003,8.573715478484264,15.62,1
353.21000000000004,4.228964785899733,31.187000000000012,2
508.47300000000007,11.868523426812585,15.607,1
512.1279999999999,11.940568254646443,15.620000000000005,1
386.058,5.10023896765971,15.864,1
386.663,5.122294718437494,15.864000000000004,1
311.666,3.4935673824687163,47.078,3
252.33100000000002,2.790991489754345,31.471000000000004,2
502.81300000000005,11.710910872528968,15.863999999999976,1
370.546,4.962762146149487,15.620000000000005,1
550.509,18.71264478764479,15.579999999999984,1
353.366,4.241087070175278,46.650000000000006,3
394.14199999999994,5.21073885731379,47.024,3
511.56600000000003,11.966045016077171,31.069999999999993,2
417.70200000000006,6.318470039980648,31.484,2
520.2090000000001,12.14176483186978,15.620000000000005,1
427.191,6.493005014787193,31.079999999999984,2
502.868,11.74274727622303,31.189999999999998,2
187.075,2.1994447578990566,52.17400000000001,3
262.05,2.847712657942238,47.592,3
386.74,5.122544264531879,31.199999999999996,2
435.8090000000001,6.587294871794872,15.620000000000005,1
510.58000000000004,11.919862266612489,15.607,1
354.82,4.260104560030137,31.079999999999984,2
386.86699999999996,5.111451192943302,31.43399999999997,2
346.842,4.178129638792678,46.807,3
353.476,4.214616357005793,47.298000000000016,3
563.246,19.058544405258097,15.620000000000005,1
181.59599999999998,2.0581592518136524,62.08,4
395.01400000000007,5.2048710906729685,31.471000000000004,2
377.355,5.036443569694183,31.14,2
427.0919999999999,6.4839753466872105,31.139999999999986,2
220.54200000000003,2.4098897235096692,83.90100000000001,5
293.38800000000003,3.352165860932727,62.12,4
272.799,2.9396833071437207,46.766999999999996,3
454.93399999999997,8.296455493183641,15.620000000000005,1
550.644,18.55656166305318,15.863999999999976,1
344.645,4.152481134232793,31.176999999999992,2
301.792,3.409478491361415,46.864000000000004,3
379.593,5.02102709688354,31.484,2
396.436,5.25100528646643,15.607,1
254.06900000000002,2.8071498175558887,47.02400000000003,3
395.33799999999997,5.232287763622739,31.120000000000005,2
314.37300000000005,3.5195393271034034,62.554,4
385.73499999999996,5.116087244168428,31.079999999999984,2
376.332,5.005449417274226,46.971000000000004,3
355.19700000000006,4.255581830180379,31.226999999999997,2
385.08,5.081009760595174,15.864000000000004,1
354.72700000000003,4.2427439186039075,31.434,2
425.459,6.432454863505197,31.227000000000032,2
394.318,5.190191807024069,31.728,2
385.82700000000006,5.103451209784631,15.864000000000004,1
427.749,6.4498649475078995,31.18999999999999,2
428.662,6.501309034907598,15.620000000000005,1
521.153,12.120540286787302,15.864000000000004,1
476.70599999999996,8.661620057859208,31.079999999999984,2
417.928,6.3322105692924024,31.149999999999977,2
376.426,5.001041644522863,31.471000000000004,2
480.563,8.723609771777564,15.579999999999998,1
353.17800000000005,4.230060087249979,36.59399999999994,2
386.358,5.136285289111094,31.176999999999992,2
261.42400000000004,2.85342682330254,46.94400000000002,3
221.70799999999997,2.4217519558804668,62.400000000000034,4
311.43299999999994,3.4826852250442433,78.428,5
512.006,11.947316655976053,31.189999999999998,2
420.53100000000006,6.3992450601512445,15.620000000000005,1
477.969,8.667131857555342,31.139999999999986,2
271.919,2.9179750871104715,47.09100000000001,3
420.596,6.362829601672872,47.347999999999956,3
302.233,3.424050176049277,31.471000000000004,2
387.555,5.1541256672454825,46.58000000000001,3
385.723,5.1277194559482915,31.17700000000002,2
387.46900000000005,5.133399473016077,46.807000000000016,3
378.128,5.0448418980788166,31.214,2
252.966,2.801264614990245,46.971000000000004,3
295.576,3.366482253945125,31.176999999999992,2
387.305,5.144959332191781,31.24000000000001,2
428.67699999999996,6.4988904139461505,31.159999999999968,2
179.89600000000002,2.0477222163981783,46.677,3
519.8159999999999,12.047926717816836,15.864000000000004,1
427.952,6.489590415228909,15.620000000000005,1
312.218,3.5012657822213678,46.809999999999995,3
460.16,8.315157777601145,31.176999999999992,2
355.15500000000003,4.250727662145094,31.189999999999998,2
410.04400000000004,6.265480134576368,31.186999999999955,2
420.553,6.362281328097109,31.079999999999984,2
387.62100000000004,5.124724660814047,31.72800000000001,2
410.307,6.251324647400619,15.864000000000004,1
477.31,8.619404891130833,31.159999999999997,2
327.038,3.990171069113385,47.06400000000002,3
492.398,11.456307999405407,15.863999999999976,1
427.868,6.499800763525586,15.619999999999997,1
437.36999999999995,6.598407659618044,31.069999999999993,2
222.54299999999998,2.4215912357469094,46.82000000000001,3
230.83300000000003,2.480733332905684,93.37699999999998,6
378.46099999999996,5.044250908313743,15.620000000000005,1
468.278,8.44148868548182,15.864000000000004,1
346.5490000000001,4.17300261861598,77.74699999999999,5
396.942,5.232783808569175,31.471000000000004,2
518.216,12.090290410255315,15.620000000000005,1
270.654,2.9230506884938396,62.514,4
419.375,6.343173478748344,15.864000000000004,1
420.1410000000001,6.399784081123808,31.107,2
462.36300000000006,8.412395594530036,15.620000000000005,1
354.028,4.244064472972849,52.20799999999997,3
369.669,4.928803724014794,31.72800000000001,2
387.189,5.126714628297362,31.176999999999964,2
394.166,5.215679144385027,31.189999999999998,2
503.15299999999996,11.77946311888082,15.607,1
393.328,5.188885812264371,37.208,2
480.51500000000004,8.722838315654132,15.579999999999984,1
550.997,18.6941875401413,15.569999999999993,1
562.1960000000001,19.03239567629984,31.176999999999992,2
351.796,4.22985677561513,46.71,3
429.594,6.48994901023629,31.444000000000003,2
429.333,6.503281462301637,31.150000000000006,2
312.351,3.4984482234558225,47.078,3
262.88300000000004,2.8739343046961876,46.72,3
451.145,8.205522991167687,46.747000000000014,3
345.59900000000005,4.158145315312845,15.864000000000004,1
435.935,6.6056553550992065,15.607,1
297.39200000000005,3.3838846983190516,31.226999999999997,2
395.28000000000003,5.218659950052296,31.226999999999997,2
355.887,4.246610958054334,15.864000000000004,1
469.77599999999995,8.550969235220368,15.607000000000028,1
380.039,5.070247402806041,31.080000000000013,2
262.481,2.86897700813865,36.980999999999995,2
398.78999999999996,5.244478739822256,31.471000000000004,2
229.363,2.470643301851103,52.55100000000001,3
501.925,11.720311832550193,31.200000000000017,2
395.404,5.2233188071434675,46.69,3
261.826,2.8625360128045525,62.554,4
421.406,6.414163476115836,46.60700000000003,3
369.234,4.931618289072981,31.24000000000001,2
518.8580000000001,12.021241344152259,31.471000000000004,2
270.68,2.922921180691223,47.30800000000002,3
477.35499999999996,8.624139528197919,31.43399999999997,2
355.78200000000004,4.2564665824592245,31.2,2
385.671,5.133222591362126,31.07,2
189.799,2.106390048266374,46.699999999999996,3
354.97999999999996,4.259089239809035,31.120000000000005,2
428.76200000000006,6.51249678580612,15.620000000000005,1
427.79699999999997,6.486687187379761,31.199999999999996,2
386.732,5.143394366649882,15.607,1
396.315,5.244701018561162,31.069999999999993,2
303.238,3.4183780076402237,62.297,4
377.29699999999997,5.024758917904079,31.189999999999998,2
296.319,3.3704002943811595,31.18999999999999,2
429.10100000000006,6.498686520496689,15.620000000000005,1
344.3570000000001,4.155070365755333,15.620000000000005,1
305.532,3.452949252149619,46.607,3
270.569,2.9254154065112963,31.214,2
377.32300000000004,5.032219455635467,31.200000000000017,2
171.99900000000002,1.9997733058975344,46.739999999999995,3
273.262,2.9488090144059336,62.31999999999999,4
427.018,6.456820098653105,31.149999999999977,2
459.044,8.328990644059138,15.864000000000004,1
508.53799999999995,11.799048650485233,15.863999999999976,1
311.95,3.501724220892745,52.64399999999998,3
401.9049999999999,6.125162590221631,31.190000000000012,2
346.508,4.177107019731533,15.620000000000005,1
459.9240000000001,8.395465508924266,15.620000000000005,1
313.90500000000003,3.517342037097925,46.74000000000001,3
467.962,8.441197048721534,15.863999999999976,1
436.483,6.599238012161019,46.76699999999997,3
312.002,3.49819442553907,46.650000000000006,3
386.85,5.1241564588863655,31.48399999999998,2
513.604,12.00029985007496,15.620000000000005,1
271.95599999999996,2.935106519233232,35.959999999999994,2
475.998,8.605745877540587,15.863999999999976,1
429.02000000000004,6.506822236769482,31.150000000000006,2
379.14200000000005,5.05568867399769,31.364000000000004,2
296.119,3.374936840838914,31.107,2
304.675,3.429973999457658,46.82000000000002,3
311.187,3.487128253902285,31.470999999999997,2
346.78799999999995,4.175597963444562,31.364000000000004,2
429.97900000000004,6.535473821079599,15.607,1
426.06899999999996,6.433306128694942,31.433999999999997,2
271.441,2.9305765961835264,31.227000000000004,2
451.59700000000004,8.252240244098282,31.189999999999998,2
396.282,5.232832377351234,15.863999999999976,1
329.568,4.003855443649455,47.335,3
305.852,3.452230524999198,62.43399999999997,4
359.528,4.84024951666827,37.048,2
418.468,6.373447872927823,31.226999999999975,2
312.395,3.4941318302302564,15.864000000000004,1
545.131,18.32169298719456,31.470999999999947,2
212.87599999999995,2.3672716996159133,62.266999999999996,4
263.94999999999993,2.8728358971448036,31.471000000000004,2
295.988,3.3734674076034223,62.387,4
429.171,6.489945506178525,15.863999999999976,1
187.74599999999998,2.0925946402071753,37.048,2
377.371,5.016507902719386,31.107,2
352.38399999999996,4.2110222157423784,47.307999999999936,3
386.39500000000004,5.120184259071668,31.433999999999997,2
384.41400000000004,5.08655440744993,31.150000000000006,2
442.36799999999994,8.091844750468924,15.62,1
542.0730000000001,18.418798200514143,15.620000000000005,1
213.437,2.372020518886117,36.590999999999994,2
230.355,2.4759344926124784,46.77000000000001,3
310.58599999999996,3.4831385215625446,46.769999999999996,3
367.222,4.918957568513616,46.94400000000002,3
397.29299999999995,5.241818900075805,15.863999999999976,1
436.806,6.614689512449067,31.18999999999999,2
338.37000000000006,4.091040304015786,62.684,4
429.11299999999994,6.502577451784981,15.864000000000004,1
493.775,11.567230937145547,15.620000000000005,1
428.66499999999996,6.481789815596306,15.864,1
312.88800000000003,3.4978086456711774,31.364000000000004,2
180.818,2.0528712340891357,46.833999999999996,3
452.163,8.227207339684163,15.864,1
460.28400000000005,8.383445620789221,31.189999999999998,2
334.53,4.052420274647566,46.797,3
518.7360000000001,11.965079901919337,15.864000000000004,1
378.821,5.035376830892144,31.471000000000004,2
512.14,11.938487825715507,31.24000000000001,2
220.34599999999998,2.4078896925396784,46.769999999999996,3
386.496,5.098926738217452,31.483999999999995,2
386.608,5.1001145378186905,46.94400000000002,3
434.57,6.559222729656778,31.186999999999998,2
419.20599999999996,6.382233235328103,62.307000000000045,4
419.652,6.36742341881435,15.863999999999976,1
353.256,4.226229508196721,31.177,2
353.41700000000003,4.239267121278781,46.81,3
272.158,2.9385715608550407,67.62699999999995,4
462.11699999999996,8.424758997429306,31.0,2
551.872,18.756499356499358,15.579999999999998,1
419.523,6.357619023293829,31.44399999999999,2
561.288,18.85040071237756,15.863999999999976,1
270.523,2.9221608793582456,31.484,2
427.958,6.450861014876707,15.864000000000004,1
419.903,6.36404747001188,31.227000000000004,2
389.371,5.167337371834664,31.187000000000012,2
378.539,5.041586145781062,15.864000000000004,1
395.083,5.228335670023652,46.676999999999964,3
393.9200000000001,5.18551771768581,37.41499999999991,2
353.526,4.232237714285715,47.054,3
434.87000000000006,6.586931664889449,31.176999999999992,2
469.76200000000006,8.557303732303733,15.579999999999984,1
354.264,4.248221227902882,46.66,3
231.56099999999998,2.4795095583725213,62.84800000000001,4
386.80699999999996,5.140205722114592,31.160000000000025,2
518.719,12.015247074812596,15.864000000000004,1
395.165,5.22876068787655,46.69,3
436.17400000000004,6.582598456438545,15.864,1
388.57000000000005,5.151211486688604,46.79699999999997,3
436.285,6.5811618119251385,31.08,2
254.54799999999997,2.8100290118891857,47.22800000000001,3
419.63,6.379871794871795,15.620000000000005,1
221.94099999999997,2.4201042966375534,31.364000000000004,2
428.59200000000004,6.484363003531761,31.471000000000004,2
328.229,4.012546579290341,46.834,3
386.867,5.141291199674577,31.227000000000004,2
426.68899999999996,6.4535218108153005,15.863999999999976,1
501.912,11.752876148852753,15.607,1
329.48900000000003,4.011286991171471,31.176999999999964,2
471.399,8.532982837418903,31.471000000000004,2
355.096,4.255252832679403,31.364,2
396.401,5.235777483330484,15.863999999999976,1
354.358,4.2489937377941995,62.269999999999996,4
396.669,5.225051925227673,31.471000000000004,2
270.685,2.926062701902688,62.661,4
510.526,11.934375669308205,15.619999999999997,1
387.58900000000006,5.154935465889114,31.177,2
230.04600000000002,2.472464027856009,62.434,4
428.036,6.493980233602875,31.200000000000017,2
287.817,3.310168797707626,36.610000000000014,2
260.736,2.8513579720950046,45.510999999999996,2
354.05100000000004,4.24698275862069,31.120000000000005,2
345.92800000000005,4.157487358294237,31.189999999999998,2
461.168,8.423824855119125,31.120000000000005,2
409.925,6.246637058273924,15.863999999999976,1
559.7539999999999,18.940833333333334,15.620000000000005,1
469.60099999999994,8.50869029916375,15.863999999999976,1
337.472,4.091988565564758,77.99400000000003,5
396.466,5.216153559844739,31.226999999999975,2
427.02700000000004,6.4636377594104255,15.864000000000004,1
418.669,6.364731359157367,15.863999999999976,1
330.23199999999997,4.0125709281322415,31.444000000000017,2
270.324,2.9162945004465994,47.298,3
377.49800000000005,5.032925943335755,46.757000000000005,3
419.345,6.374564236645135,31.08,2
314.474,3.5275196913679467,15.620000000000005,1
312.916,3.509732838203094,62.294,4
271.922,2.938409335547936,46.79400000000001,3
261.65999999999997,2.858129939851867,46.794,3
244.42700000000002,2.7453959911740133,31.0,2
509.13199999999995,11.808678668478262,15.864000000000004,1
260.626,2.8450614487172228,31.444000000000003,2
509.39500000000004,11.761487271574945,15.864000000000004,1
379.54,5.049247314122329,15.864000000000004,1
344.658,4.146555895375907,78.17099999999999,5
427.64,6.4977887483287065,15.607000000000028,1
353.10599999999994,4.240396439386987,31.08,2
480.269,8.70810663328358,15.620000000000005,1
346.07000000000005,4.170968599100214,46.71999999999997,3
345.024,4.147885589161079,47.09100000000004,3
336.541,4.068893509146285,31.176999999999992,2
345.203,4.162415947525605,31.0,2
295.645,3.368855414446536,62.364000000000004,4
469.37,8.535238401027453,15.580000000000013,1
396.569,5.240744701328144,31.363999999999976,2
438.242,6.623245310134217,15.864000000000004,1
262.548,2.863020308530718,31.444000000000003,2
462.067,8.383856946530729,15.864,1
355.13000000000005,4.261664217487143,31.080000000000013,2
542.189,18.39067261121981,15.607,1
560.7870000000001,18.811809172913225,15.864000000000004,1
437.733,6.610522942835171,15.620000000000005,1
385.558,5.08954274016483,47.051,3
311.4200000000001,3.486625465114422,62.60400000000001,4
519.943,12.061675602076418,15.864000000000004,1
335.486,4.078785320326338,31.139999999999986,2
396.19599999999997,5.230422619428961,31.24000000000001,2
461.53900000000004,8.391246556914995,15.864000000000004,1
263.92199999999997,2.876872093188639,52.408,3
419.338,6.390156432767331,15.620000000000005,1
511.432,11.982005582993345,15.569999999999993,1
204.352,2.308506006198294,52.347,3
468.741,8.523087293562522,31.227000000000032,2
467.649,8.510382706730692,15.607,1
263.699,2.884318012919453,46.794,3
386.3179999999999,5.130683033232112,46.846999999999994,3
386.9910000000001,5.128300316830416,31.200000000000017,2
310.78,3.486936342175809,31.200000000000017,2
426.762,6.460945897527768,31.176999999999964,2
470.07,8.51018517039191,31.120000000000005,2
377.163,4.987935628489257,15.864000000000004,1
254.28300000000002,2.807900405969385,46.82000000000002,3
247.126,2.7637117551760317,52.307000000000016,3
310.831,3.48569349369842,46.834,3
509.17,11.886679495403035,15.620000000000005,1
479.184,8.639563803328869,31.48399999999998,2
387.057,5.12680321139555,31.187000000000012,2
418.66200000000003,6.336332929704927,31.471000000000004,2
462.14400000000006,8.42435780037592,31.069999999999993,2
426.483,6.412770332013402,15.864000000000004,1
479.21,8.666869320363498,15.863999999999976,1
351.633,4.218873866039308,15.863999999999976,1
595.188,39.226589595375714,15.569999999999993,1
427.324,6.485475154362589,15.607,1
352.402,4.2058111820679365,37.265000000000015,2
511.197,11.87329306164121,15.864000000000004,1
551.523,18.661735036987224,15.619999999999997,1
347.064,4.179289875783225,46.934,3
271.24699999999996,2.924529238977735,52.83800000000001,3
355.94,4.250652979963105,62.72800000000001,4
469.056,8.532978945508857,15.607000000000028,1
221.375,2.4153325831777614,46.971000000000004,3
385.261,5.111468026978571,62.26999999999998,4
395.714,5.227533011409769,31.214,2
420.955,6.404688844094649,31.16,2
303.778,3.4277379962917967,47.004000000000005,3
355.219,4.229087504317946,47.051,3
272.666,2.9340894743188697,31.72800000000001,2
501.36999999999995,11.666539017955918,31.434,2
427.502,6.469715192302771,31.444000000000017,2
220.95,2.4107753997037342,94.025,6
468.01200000000006,8.47885838473585,15.863999999999976,1
376.582,5.025419290012935,15.864000000000004,1
451.41900000000004,8.260224841983371,31.176999999999992,2
271.56,2.9361048331325175,31.186999999999998,2
477.90200000000004,8.625203433640744,31.189999999999998,2
344.202,4.152783629801968,31.189999999999998,2
353.296,4.243628351083364,46.650000000000006,3
188.365,2.0956230914643013,78.25100000000003,5
344.641,4.142871473125536,31.48399999999998,2
426.462,6.448044150335982,31.471000000000004,2
430.584,6.497893204627289,31.226999999999997,2
518.277,12.109903536977493,15.579999999999984,1
395.509,5.235025163293716,15.620000000000005,1
346.089,4.1740510102075445,31.189999999999998,2
326.94300000000004,3.97277662099128,31.727999999999952,2
468.341,8.477424402081937,15.864000000000004,1
437.75500000000005,6.600898180608511,31.213999999999942,2
344.35400000000004,4.147516109867008,31.176999999999992,2
479.55,8.680911042060417,31.069999999999993,2
469.1,8.49229368641293,15.863999999999976,1
419.527,6.394458017230295,31.0,2
469.625,8.535581906580445,15.607000000000028,1
264.32800000000003,2.8853503184713376,36.03,2
272.674,2.9417767491543527,31.120000000000005,2
503.934,11.725651285544016,15.864000000000004,1
437.285,6.612910264802906,15.607,1
468.481,8.468927364326253,31.48400000000001,2
520.0450000000001,11.9834628706598,15.864000000000004,1
245.97699999999998,2.751461467804986,47.090999999999994,3
484.82000000000005,11.37558584972286,15.620000000000005,1
312.56600000000003,3.496832687622319,31.189999999999998,2
477.063,8.639853308564472,15.864000000000004,1
353.856,4.233983439653439,46.747,3
518.941,12.040358267381498,15.863999999999976,1
312.572,3.5041017752996217,31.189999999999998,2
314.666,3.5133267837602538,47.051,3
190.064,2.106599516753515,51.946,3
336.358,4.074148882694329,31.15,2
353.76,4.237159250006863,46.757,3
460.037,8.335826250578048,15.864000000000004,1
501.12899999999996,11.665950110675976,15.863999999999976,1
352.729,4.2186827024856735,37.03400000000002,2
244.668,2.740566843093734,46.807000000000016,3
346.943,4.183430595316744,31.0,2
295.205,3.369658925804924,31.08,2
312.24499999999995,3.5024042699834905,31.120000000000005,2
138.055,1.7344132354505795,78.56200000000001,5
375.63800000000003,4.997212024474595,31.10699999999997,2
311.88499999999993,3.4841695274355033,31.471000000000004,2
437.99100000000004,6.5779399403988705,31.471000000000004,2
395.138,5.204266638293345,46.94400000000002,3
390.046,5.172328954687433,15.620000000000005,1
429.98199999999997,6.514427886218484,31.176999999999964,2
295.64300000000003,3.357054588651747,47.33500000000001,3
386.60800000000006,5.138518685035915,31.120000000000005,2
262.355,2.8648001250995114,31.189999999999998,2
435.909,6.596397529881501,31.214,2
468.847,8.52925967560623,15.620000000000005,1
470.225,8.54121628123296,15.607,1
420.0,6.3891754561552085,31.364000000000004,2
461.57099999999997,8.415152537471686,15.607,1
395.747,5.213884895916521,31.364000000000004,2
312.987,3.4980007183048003,31.471,2
353.302,4.221060309066873,31.444000000000017,2
353.445,4.243477622486718,31.214,2
354.025,4.238902510429628,46.944,3
386.782,5.142598562661326,31.189999999999998,2
354.68999999999994,4.2444818470376235,31.48399999999998,2
262.94100000000003,2.867584805954883,37.158,2
147.30100000000002,1.7865197936801187,78.378,5
560.74,18.832972904210656,15.863999999999976,1
377.91299999999995,5.034773231978134,31.43399999999997,2
394.538,5.197748648763672,31.139999999999986,2
494.59799999999996,11.609137709137709,15.620000000000005,1
179.778,2.0486901435562994,36.864000000000004,2
313.36899999999997,3.5079953260556387,46.863999999999976,3
494.83399999999995,11.571794817014549,15.619999999999997,1
429.03200000000004,6.479475848680682,15.864000000000004,1
310.887,3.4779967957659474,31.364000000000004,2
427.343,6.48016157989228,15.620000000000005,1
336.037,4.073855892280532,31.160000000000025,2
395.16100000000006,5.2142415322924665,31.177000000000007,2
380.724,5.063483253997053,15.864000000000004,1
377.571,5.028971124911967,46.65,3
510.216,11.843201428146386,15.864000000000004,1
356.247,4.266792601626762,15.607,1
436.385,6.604451351073667,15.607,1
384.9750000000001,5.097309436131038,52.925,3
459.232,8.342895060840089,31.176999999999992,2
442.34799999999996,8.029430460208491,15.864000000000004,1
476.909,8.619450080682528,31.120000000000005,2
386.521,5.123286502170875,47.091,3
388.025,5.138889185182025,31.471,2
387.118,5.122442894414568,31.364,2
345.68299999999994,4.1619757603475875,31.176999999999992,2
369.491,4.929166932516642,31.44399999999996,2
511.348,11.858720349960713,15.863999999999976,1
477.71500000000003,8.633181004729645,15.864000000000004,1
511.848,11.944640451600488,15.607,1
387.236,5.147594361852534,31.080000000000013,2
357.254,4.274345367391643,31.150000000000006,2
353.769,4.237152739650818,31.44399999999996,2
228.55100000000002,2.461332872972334,31.471000000000004,2
261.509,2.852322229226726,15.864000000000004,1
353.18500000000006,4.223020204048111,62.64799999999991,4
478.962,8.63602448823417,47.103999999999985,3
313.23499999999996,3.500319289899264,31.444000000000017,2
395.141,5.205954357729808,31.43399999999997,2
311.61100000000005,3.5006901532782284,15.620000000000005,1
345.382,4.1675669726789994,31.226999999999997,2
458.281,8.343776039997438,15.620000000000005,1
377.00900000000007,5.021815427614384,15.864000000000004,1
419.30600000000004,6.362106447735236,15.864,1
452.496,8.26236217439453,31.19999999999999,2
437.80400000000003,6.62072639971242,31.176999999999992,2
470.026,8.544921906351831,46.797,3
261.288,2.8558440820501168,62.95500000000001,4
435.531,6.525710805770182,15.864000000000004,1
384.591,5.107956548210336,15.864,1
302.415,3.419939504513155,62.257,4
395.52500000000003,5.222356256805518,31.119999999999997,2
396.00600000000003,5.223433300627106,31.48399999999998,2
518.9209999999999,12.056398346614394,15.863999999999997,1
436.69,6.609377007064868,31.119999999999997,2
230.03199999999998,2.471112645971631,62.353999999999985,4
467.88399999999996,8.471678829785535,31.176999999999964,2
544.386,18.42592829705506,15.620000000000005,1
420.337,6.3872782733517885,15.863999999999976,1
377.538,5.038401061110101,15.620000000000005,1
467.456,8.443803942800725,15.863999999999976,1
541.982,18.483290322580643,15.5,1
395.012,5.215214862716223,15.864000000000004,1
395.74800000000005,5.237584323803405,46.65999999999997,3
471.734,8.569544287548139,31.24000000000001,2
310.61800000000005,3.478618565421046,47.09100000000001,3
427.94100000000003,6.502648836312203,31.189999999999998,2
352.898,4.21816921702019,31.433999999999997,2
354.406,4.251908537032959,31.149999999999977,2
313.54699999999997,3.5042089962302723,31.48400000000001,2
603.0380000000001,39.60678617157491,15.620000000000005,1
519.564,12.090656819006554,15.620000000000005,1
344.927,4.136869196700588,31.727999999999952,2
394.538,5.193866595801223,31.226999999999997,2
396.401,5.248807571518913,15.619999999999997,1
304.924,3.4411300846202493,46.66,3
304.459,3.434931780738656,31.364000000000004,2
394.323,5.2090302609809465,15.864000000000004,1
435.82,6.547465695883507,15.864000000000004,1
510.33,11.846315699985125,31.186999999999998,2
509.59,11.789997459134414,15.864000000000004,1
394.7169999999999,5.217918167149315,15.620000000000005,1
337.088,4.086095140440181,31.433999999999997,2
386.41,5.146608432506681,31.0,2
428.382,6.474460390282553,31.44399999999996,2
312.34499999999997,3.4953862378064855,31.214,2
385.025,5.105707095480815,31.200000000000017,2
437.336,6.588672783499884,15.863999999999976,1
388.13399999999996,5.13621347428547,31.471,2
388.411,5.136961059986366,31.48399999999998,2
460.21599999999995,8.32851364693143,15.864000000000004,1
377.389,5.031933760683761,31.200000000000017,2
510.57699999999994,11.919798105096563,15.607,1
434.825,6.555803999233374,31.471000000000004,2
518.5649999999999,12.037055167716668,15.863999999999976,1
395.03000000000003,5.218873486126835,62.553999999999974,4
272.087,2.9314484070645688,47.051,3
478.58299999999997,8.649494917204784,15.863999999999976,1
466.27599999999995,8.452784348826802,31.48399999999998,2
180.712,2.053051139807002,46.677,3
426.55400000000003,6.455282577278716,47.041,3
435.466,6.569259889245564,31.139999999999986,2
386.53900000000004,5.134372259182408,31.186999999999998,2
345.346,4.138881314646162,47.34800000000001,3
355.674,4.263243848285227,46.58,3
435.51300000000003,6.583213681349676,31.363999999999976,2
347.009,4.177912705826328,15.620000000000005,1
227.93400000000003,2.460132603055636,36.541,2
303.273,3.4254466642140793,31.24000000000001,2
427.46500000000003,6.442987203157828,31.471000000000004,2
296.537,3.381364235006906,31.159999999999997,2
220.627,2.411777880160741,46.727,3
229.76,2.4716130354580863,31.189999999999998,2
460.78000000000003,8.39377406931964,31.160000000000025,2
302.53700000000003,3.4285140916862664,31.119999999999997,2
393.605,5.213870480799084,31.069999999999993,2
511.062,11.864182309049552,31.176999999999992,2
260.783,2.851954692326812,46.767000000000024,3
478.02500000000003,8.563806389341602,31.470999999999975,2
469.78599999999994,8.543127809890816,31.159999999999968,2
396.479,5.236294088106763,46.620000000000005,3
478.342,8.674346221723088,15.620000000000005,1
310.819,3.492454131383115,31.19999999999999,2
352.409,4.209787598367823,31.444000000000017,2
253.839,2.8003787448933277,15.864000000000004,1
345.60699999999997,4.173705428065053,31.150000000000006,2
518.542,12.103683083511777,15.620000000000005,1
312.032,3.5008976660682225,31.227,2
438.136,6.604840669813615,46.806999999999995,3
264.148,2.8804852350713337,83.08800000000001,5
420.074,6.404271195162743,31.16000000000001,2
427.67699999999996,6.49430883864337,46.69,3
427.96199999999993,6.496275557382101,31.186999999999983,2
336.879,4.0661041939711655,31.444000000000017,2
219.327,2.4053657473856873,93.49000000000001,6
561.254,19.00218109503801,15.606999999999971,1
387.473,5.1180227862092424,31.176999999999992,2
472.2059999999999,8.554812492000513,31.433999999999997,2
438.26099999999997,6.63701493305208,31.139999999999986,2
502.12300000000005,11.678015481456278,15.864000000000004,1
419.822,6.39894547325103,31.069999999999993,2
303.01000000000005,3.420497663458082,37.051,2
396.251,5.233857956427435,31.187000000000012,2
429.509,6.495675205363769,47.01400000000001,3
343.43299999999994,4.137864556684453,31.433999999999997,2
271.80199999999996,2.9294800806428714,52.488,3
313.385,3.4990430774628796,31.364000000000004,2
186.916,2.0857992634159377,78.298,5
377.765,5.006756326764386,31.48400000000001,2
231.7,2.4872775823555084,46.607,3
467.663,8.492918255519596,31.187000000000012,2
377.82,5.048649807115303,31.0,2
352.389,4.236281649783721,31.176999999999964,2
346.09,4.161938696267874,31.226999999999997,2
461.582,8.399874953909293,15.620000000000005,1
426.544,6.478064317271139,15.607000000000028,1
252.14900000000003,2.792040083863402,31.48400000000001,2
470.386,8.505640567407573,15.864000000000004,1
479.756,8.660040554996728,15.864000000000004,1
469.08,8.48754948282467,15.863999999999976,1
436.96799999999996,6.6203840662662214,31.176999999999964,2
386.241,5.130566368652949,31.107000000000028,2
478.876,8.643915208785598,15.864,1
345.157,4.1630666874387146,31.186999999999998,2
221.46899999999997,2.417900701046768,46.68700000000001,3
509.344,11.843797236592792,15.863999999999976,1
354.443,4.2306675659909585,31.48400000000001,2
352.026,4.20221591529309,47.348,3
418.63100000000003,6.3690602916468935,31.107,2
387.82099999999997,5.152837118656772,31.176999999999964,2
313.356,3.5066875719953923,31.48399999999998,2
345.86899999999997,4.156747136403048,31.444000000000003,2
352.773,4.221024086484907,31.364000000000004,2
344.559,4.148727930694155,31.433999999999997,2
467.78100000000006,8.43040266857279,15.864000000000004,1
452.77199999999993,8.285148833467417,31.149999999999977,2
396.886,5.248677928361916,31.214,2
510.6310000000001,11.87119712162824,15.864000000000004,1
553.2719999999999,18.59547131408217,15.864000000000033,1
503.503,11.772421908429614,15.620000000000005,1
353.61400000000003,4.23502396896842,31.433999999999997,2
476.58400000000006,8.635850930880892,15.620000000000005,1
502.481,11.781234578496791,15.607000000000028,1
519.432,12.042112199995747,15.864000000000004,1
437.105,6.5726178637905095,31.434,2
439.014,6.590754536771728,47.041000000000004,3
337.264,4.090734139166614,46.934,3
377.96900000000005,5.042146577261596,15.620000000000005,1
437.123,6.587093228354508,15.863999999999976,1
436.29299999999995,6.560139165009939,15.864000000000004,1
451.65500000000003,8.17732964658022,31.444000000000003,2
478.286,8.629991225971125,31.214,2
396.52200000000005,5.227268366008891,15.864000000000004,1
395.702,5.231020914417689,15.620000000000005,1
353.931,4.221185700243911,31.434,2
434.51800000000003,6.553584437826715,31.433999999999997,2
436.44000000000005,6.586718039963645,31.150000000000006,2
437.762,6.617086252470039,15.607,1
394.401,5.170201742513957,31.727999999999952,2
304.536,3.435606030311513,31.363999999999976,2
385.773,5.07897352393842,31.72800000000001,2
395.14099999999996,5.20206306162599,31.107,2
436.298,6.579401007698405,31.120000000000005,2
304.80400000000003,3.441478965749255,47.00400000000001,3
263.081,2.8755596429691734,52.29399999999998,3
419.812,6.39139815326133,31.120000000000005,2
476.932,8.642651112108199,31.214,2
343.696,4.13642751546787,31.727999999999952,2
337.56899999999996,4.09361425246064,31.069999999999993,2
386.72499999999997,5.136804159000471,31.227000000000004,2
393.769,5.21395702238774,31.107,2
222.82500000000002,2.432737069519817,62.187,4
262.95099999999996,2.862800104846307,47.34800000000001,3
421.561,6.3939785551603245,31.444000000000017,2
304.374,3.440634747536304,31.186999999999998,2
509.36,11.831915617556993,31.16,2
295.241,3.3617768462818383,31.364000000000004,2
427.25199999999995,6.491176886398397,46.687,3
428.933,6.505210873527223,15.620000000000005,1
411.524,6.287200966158749,15.620000000000005,1
478.37499999999994,8.642871978399448,15.863999999999976,1
391.73900000000003,6.010475289061701,31.08,2
302.944,3.423920435906258,37.08799999999994,2
302.744,3.427759200006416,31.444000000000017,2
435.679,6.580334042062658,31.139999999999986,2
293.58,3.340980312417769,52.871999999999986,3
459.1880000000001,8.341017729532702,46.970999999999975,3
396.08700000000005,5.2337794215105715,15.864000000000004,1
470.19399999999996,8.540719119864002,15.607,1
378.59900000000005,5.057867095391212,31.139999999999986,2
230.47,2.4784332341168014,46.934,3
461.363,8.380154845314651,31.433999999999997,2
387.03,5.089799541386197,47.33500000000001,3
270.438,2.926594524510049,31.471000000000004,2
509.25699999999995,11.814316960778067,31.471000000000004,2
394.49,5.208746305918,31.484,2
438.42099999999994,6.62482038386534,31.186999999999955,2
587.589,38.73853564547207,15.569999999999993,1
302.97,3.42879245797292,31.364,2
385.88899999999995,5.11786236407679,46.620000000000005,3
396.17900000000003,5.227532705892396,31.149999999999977,2
386.126,5.119072764318708,31.470999999999947,2
436.208,6.577822106286123,15.863999999999976,1
467.29599999999994,8.456335466164573,15.863999999999976,1
478.61,8.65972088854747,46.984,3
351.263,4.74556679924505,31.119999999999997,2
385.051,5.100736969903512,31.227000000000004,2
347.11699999999996,4.183770992506443,31.080000000000013,2
453.858,8.289720526823002,15.619999999999997,1
419.71799999999996,6.379620610099974,15.620000000000005,1
395.656,5.2309814573218985,15.607000000000028,1
419.05499999999995,6.385134353675931,15.606999999999971,1
385.736,5.111403630317307,31.48400000000001,2
369.632,4.942278772624012,31.444000000000003,2
467.39599999999996,8.505957925164607,15.620000000000005,1
478.819,8.638615914746985,31.44399999999996,2
427.22999999999996,6.472116197453699,46.833999999999946,3
221.039,2.4156280821303686,62.59100000000001,4
477.07,8.609014641615364,15.864000000000004,1
304.771,3.437758456579295,31.187000000000012,2
420.28999999999996,6.394973300472376,15.620000000000005,1
436.14500000000004,6.576303475081187,31.189999999999998,2
427.2169999999999,6.461456841889956,31.48399999999998,2
271.533,2.933665185438387,31.433999999999997,2
344.82599999999996,4.16296092460099,31.24000000000001,2
346.68300000000005,4.172196398506697,31.43400000000001,2
552.418,18.71308558053035,15.607,1
261.984,2.860047711007611,31.483999999999998,2
380.123,5.074463523913649,31.107,2
344.755,4.157068158716495,31.433999999999997,2
295.348,3.366551550067708,31.107,2
311.682,3.4871088980920693,31.471,2
326.525,3.9879393490176693,31.48399999999998,2
385.154,5.1182370300671485,15.607,1
230.96200000000002,2.483149675066143,77.92700000000004,5
229.279,2.472975837899998,46.757000000000005,3
518.13,12.113899613899614,15.620000000000005,1
384.369,5.103700461223095,15.864000000000004,1
495.52700000000004,11.519849694293478,15.863999999999976,1
346.909,4.161910404229139,15.864000000000004,1
303.749,3.4238838127917646,46.86,3
418.012,6.351992215507529,31.363999999999976,2
468.467,8.51832771625742,15.580000000000013,1
337.26800000000003,4.075438836456481,47.054,3
520.045,12.063845630159134,15.864000000000004,1
387.3520000000001,5.128627919122585,15.864000000000004,1
303.589,3.430306280920284,31.44399999999996,2
295.97,3.3817264438668353,31.0,2
356.40400000000005,4.270541597078203,31.0,2
353.62,4.2382487339859525,46.94399999999996,3
561.3499999999999,18.858051791054272,15.864000000000004,1
403.13599999999997,6.149857564415376,15.864000000000004,1
462.26399999999995,8.404872891537318,31.24000000000001,2
387.03,5.151791461059858,31.080000000000013,2
394.216,5.201340708294701,15.863999999999976,1
393.58700000000005,5.21412893347752,46.639999999999986,3
336.81100000000004,4.0813023749405355,68.032,3
436.013,6.598523369286082,31.189999999999998,2
427.84499999999997,6.491035332469166,31.150000000000006,2
470.872,8.483899678947202,47.34800000000001,3
346.841,4.171523669315387,31.150000000000006,2
477.04800000000006,8.65149886923188,15.620000000000005,1
210.952,2.346739956205032,58.60199999999999,3
477.88599999999997,11.179916496250852,15.863999999999976,1
469.20799999999997,8.545113930564266,15.606999999999971,1
642.789,inf,0.0,0
427.992,6.480963540666179,31.24000000000001,2
501.624,11.752926045016078,31.08,2
592.019,38.932914717754855,15.607000000000028,1
461.195,8.395686337395768,31.19999999999999,2
428.743,6.4832781266386155,31.139999999999986,2
479.003,8.644722142423953,15.863999999999976,1
369.78000000000003,4.942007355684664,31.470999999999947,2
311.89099999999996,3.502937163951528,31.189999999999998,2
470.001,8.541736200256741,15.620000000000005,1
470.088,8.54591713886704,15.620000000000005,1
305.952,3.449811030683492,31.226999999999997,2
286.302,3.2938843531419506,46.74699999999996,3
560.5319999999999,18.82635796972395,15.863999999999976,1
337.083,4.091738743613967,31.189999999999998,2
147.469,1.785780510678205,93.53999999999999,6
353.19300000000004,4.202025330226739,31.728,2
388.049,5.150389852080815,31.189999999999998,2
386.57,5.125129387158392,47.10400000000001,3
397.574,5.244819081581448,31.17700000000002,2
462.354,8.348867519669396,31.470999999999997,2
460.456,8.400450016072003,15.580000000000013,1
519.555,12.108723540731237,15.620000000000005,1
337.19699999999995,4.093068053606318,15.620000000000005,1
427.777,6.493476306664953,31.149999999999977,2
429.603,6.504131913748703,31.107,2
219.688,2.4015004593242826,62.968,4
460.72999999999996,8.389414595028068,31.189999999999998,2
434.817,6.562382469202135,31.10699999999997,2
476.15000000000003,8.60210109525178,15.863999999999976,1
286.438,3.277782637392349,37.66199999999992,2
518.585,12.09343915117548,15.606999999999971,1
472.096,8.571222375469096,15.607,1
370.53599999999994,4.941369186912309,46.784,3
304.822,3.4434629258517035,46.77000000000001,3
518.95,12.143439982821562,15.569999999999993,1
460.168,8.356332129040508,15.863999999999976,1
187.59199999999998,2.091908126797127,47.041,3
558.4080000000001,18.905152788020654,15.606999999999971,1
344.356,4.161723928971482,31.080000000000013,2
347.912,4.1744374897352134,46.72,3
262.05400000000003,2.8650468300737324,31.444000000000003,2
106.77099999999999,1.5252513823569922,99.04500000000002,6
458.864,8.353118389846804,15.620000000000005,1
346.12199999999996,4.176684380076543,15.620000000000005,1
386.774,5.138080819968546,31.187000000000012,2
426.824,6.442240016320702,15.864000000000004,1
412.42,6.289673836366667,31.24000000000001,2
460.76199999999994,8.357594532447623,15.864000000000004,1
421.63300000000004,6.405551282051283,31.189999999999998,2
452.279,8.187245741164505,15.864000000000004,1
436.534,6.595585407747326,31.444000000000017,2
469.30500000000006,8.522480645006171,15.620000000000005,1
188.09,2.096216947097872,31.471000000000004,2
385.354,5.126243428167597,46.67699999999999,3
426.234,6.413732662703857,31.43400000000001,2
478.9870000000001,8.64288107737231,15.863999999999976,1
294.658,3.356302628527561,46.747000000000014,3
189.039,2.1012472401680076,47.09100000000001,3
411.677,6.288962832586046,15.606999999999971,1
437.268,6.571357584251767,31.727999999999952,2
386.468,5.12681530838886,31.471000000000004,2
419.21799999999996,6.375003205374773,15.620000000000005,1
254.245,2.8114553201191272,31.139999999999986,2
272.368,2.9376658485398215,46.79400000000001,3
355.22700000000003,4.263154510380306,31.080000000000013,2
336.909,4.069254525412457,46.93400000000001,3
509.25200000000007,11.873553401375071,15.620000000000005,1
437.884,6.616057457996666,31.24000000000001,2
427.56,6.467239527389903,31.189999999999998,2
460.15500000000003,8.347080519231689,31.186999999999998,2
558.326,18.733642485071783,15.863999999999976,1
296.057,3.3672439710868036,47.104,3
227.351,2.448963073432501,52.33099999999996,3
221.14199999999997,2.4167414089126926,47.051000000000016,3
302.793,3.4262648439878842,31.434000000000005,2
302.384,3.41916876675067,46.834,3
552.3499999999999,18.731942215088285,15.579999999999998,1
187.34000000000003,2.090295358649789,36.81699999999999,2
303.88,3.431467938357151,78.158,5
178.485,2.042442967445011,46.57,3
393.943,5.219295896837212,31.139999999999986,2
459.927,8.344612829561969,31.149999999999977,2
428.8589999999999,6.464216092246925,31.433999999999997,2
451.1809999999999,8.206097970005269,15.863999999999976,1
294.22,3.3424599730898144,31.227000000000004,2
255.228,2.8144772575393495,47.051,3
294.239,3.3487447615246455,46.72700000000003,3
263.017,2.8602761235200087,37.405000000000015,2
222.734,2.4255158466028366,31.444000000000003,2
311.14300000000003,3.48713439540851,62.41699999999997,4
479.507,8.665489017488888,31.189999999999998,2
478.275,8.679431599229286,15.620000000000005,1
461.257,8.331431296193276,31.471,2
312.94599999999997,3.505071042625575,31.471000000000004,2
345.266,4.163398812577879,31.200000000000017,2
311.142,3.4900324116682,31.07,2
336.808,4.091967318461397,31.159999999999968,2
436.40799999999996,6.539648891201971,47.30800000000001,3
520.312,12.049075194835531,15.863999999999976,1
352.687,4.237145479577788,31.189999999999998,2
304.35400000000004,3.427994766736869,52.14099999999999,3
395.082,5.229683000203411,31.14999999999999,2
429.50300000000004,6.521739689396278,15.607,1
87.856,1.4318606343026798,77.85999999999999,5
394.78000000000003,5.216383637722953,31.239999999999995,2
172.623,2.0029282066477263,46.971000000000004,3
429.76199999999994,6.4937106918239,47.051000000000016,3
353.545,4.232529646798511,31.48399999999998,2
509.06300000000005,11.810197277611433,15.864000000000004,1
428.82800000000003,6.513345332990486,31.120000000000005,2
379.847,5.061492237286686,31.120000000000005,2
518.884,12.015709918478262,15.864,1
270.74,2.918794605206274,47.041,3
229.335,2.4707466764145685,47.00399999999999,3
509.627,11.881560404834099,15.620000000000005,1
550.615,18.555637036092335,31.364000000000033,2
559.825,18.92013444302177,15.620000000000005,1
304.652,3.447849458045751,31.10699999999997,2
402.064,6.161283697047496,15.620000000000005,1
388.51000000000005,5.117665762251992,31.43399999999997,2
345.56800000000004,4.142784386481865,47.33500000000001,3
262.15,2.862323731041097,31.159999999999997,2
468.35900000000004,8.4836859261153,15.864000000000004,1
512.355,11.916499765628329,15.864000000000004,1
461.633,8.396305316114976,15.620000000000005,1
518.7049999999999,12.119078242229369,15.579999999999984,1
428.488,6.494562987279442,31.0,2
477.322,8.645225357978024,31.364000000000004,2
427.09999999999997,6.443885029634822,31.364,2
385.395,5.093762613923647,47.30800000000002,3
304.55699999999996,3.4218088997741654,31.44399999999999,2
312.889,3.5010711259612153,31.470999999999947,2
555.7660000000001,18.86626804256277,15.606999999999971,1
303.85900000000004,3.439831059651039,46.67699999999999,3
426.696,6.434787038923987,15.864000000000004,1
478.16100000000006,8.657437063608993,31.363999999999976,2
418.606,6.383307613168725,31.070000000000007,2
302.639,3.4194667626014312,62.658,4
427.61199999999997,6.483329913828479,15.620000000000005,1
461.50700000000006,8.36231953417883,15.863999999999976,1
470.529,8.550208600770219,15.620000000000005,1
384.84200000000004,5.090669444503497,15.864000000000004,1
470.605,8.543318319521694,31.199999999999996,2
627.243,inf,0.0,0
461.47400000000005,8.376030944313024,31.484,2
460.48900000000003,8.360287066044371,15.864000000000004,1
272.585,2.934022505711569,31.484,2
387.7,5.137629267563847,15.864,1
519.2969999999999,12.119850107066382,15.620000000000005,1
386.57800000000003,5.117437798227676,31.444000000000003,2
451.174,8.195987112826565,31.214,2
386.97700000000003,5.104593811983579,47.05099999999999,3
429.15500000000003,6.507848094767509,31.227000000000004,2
351.618,4.225646059427375,31.176999999999992,2
469.5229999999999,8.519105118185895,15.863999999999976,1
512.333,11.964388897211462,31.10699999999997,2
295.5,3.37088505018574,46.757000000000005,3
521.5869999999999,12.152170194569168,15.620000000000005,1
378.196,5.033488332409027,31.444000000000003,2
344.92600000000004,4.1453557294231365,31.471000000000004,2
252.99300000000002,2.7968890940729434,68.23799999999997,4
468.374,8.512374292267472,31.227000000000004,2
436.31499999999994,6.60765740871644,31.0,2
519.44,12.141999141999143,15.620000000000005,1
272.54900000000004,2.937258330490163,62.27000000000001,4
427.31499999999994,6.468302108927108,31.433999999999997,2
305.816,3.444670050761421,31.470999999999975,2
386.73699999999997,5.110200654678399,15.864000000000004,1
394.34399999999994,5.192116341370071,31.14999999999999,2
344.42900000000003,4.1464760425706855,31.483999999999998,2
261.363,2.858052820531049,31.364000000000004,2
435.714,6.576496787570071,15.864000000000004,1
262.678,2.865637295984318,31.444000000000017,2
286.573,3.2838323544178705,31.200000000000017,2
262.618,2.8678112686875017,31.214,2
461.188,8.412214721954355,15.579999999999984,1
519.034,12.094262995896035,15.607,1
344.809,4.155626532928213,46.714,3
328.913,4.005391032611178,47.091,3
336.141,4.052136961673612,31.72800000000001,2
604.5200000000001,39.70166453265045,15.620000000000005,1
271.798,2.9397931728484057,36.70000000000002,2
387.6700000000001,5.149309643583432,31.200000000000003,2
351.13800000000003,4.211990376963255,46.94400000000002,3
343.939,4.149797607927176,31.069999999999993,2
396.08799999999997,5.218279409572089,31.227000000000004,2
544.0659999999999,18.43019158070097,15.607,1
178.42200000000003,2.037584540500933,68.168,4
436.141,6.538861090650479,31.434,2
437.72599999999994,6.620735262015744,31.120000000000005,2
311.349,3.4894974613201133,46.971000000000004,3
344.823,4.16000586504889,46.68699999999998,3
231.72000000000003,2.6537253782472168,46.73,3
353.637,4.2417886640937965,31.079999999999984,2
294.90900000000005,3.3647392772089075,31.227000000000004,2
519.908,12.049882042889632,15.864000000000004,1
253.74800000000002,2.79662409017531,31.434,2
345.15,4.141382699868938,62.807999999999936,4
509.63300000000004,11.918289521605931,15.607,1
528.316,17.954942233632867,15.580000000000013,1
393.698,5.170441304209656,62.967999999999996,4
585.4079999999999,38.598458574181116,15.569999999999993,1
426.976,6.47447239531246,15.619999999999997,1
385.83299999999997,5.116386254280868,15.864000000000004,1
311.43100000000004,3.4925646689716996,46.769999999999996,3
435.026,6.590372283691223,31.17700000000002,2
337.654,4.104664527340769,31.186999999999998,2
396.114,5.2363321355236145,31.186999999999955,2
344.484,4.156725649930814,31.187000000000012,2
394.671,5.208567041310329,31.227000000000004,2
296.411,3.3706431850536656,62.644000000000005,4
475.942,8.638292408923128,46.69,3
452.3550000000001,8.261614280669086,15.607,1
378.53600000000006,5.048340177960301,46.757,3
429.087,6.4738863091289485,15.864,1
396.947,5.233288541933282,31.107,2
387.24500000000006,5.140594927505239,15.607,1
518.609,12.108209994216807,15.607,1
393.43300000000005,5.218215932239734,31.19999999999999,2
181.144,2.056202443077461,77.984,5
395.461,5.218655657609797,31.107,2
395.109,5.224093139613202,15.620000000000005,1
428.621,6.466058789772364,46.971000000000004,3
513.726,11.975409660948149,15.620000000000005,1
461.24800000000005,8.407583471180562,15.607,1
368.81,4.897266281318356,31.471000000000004,2
229.059,2.466907032295662,52.72799999999998,3
369.52200000000005,4.942493171730966,31.080000000000013,2
303.366,3.4207502453738066,31.363999999999976,2
395.011,5.2174544367452835,31.119999999999997,2
552.471,18.412726928895612,15.864,1
386.31,5.1242913726285675,46.84700000000001,3
261.073,2.854237986335033,42.74800000000002,2
542.119,18.448310267138723,15.569999999999993,1
271.37800000000004,2.9308563622392354,46.80699999999996,3
254.882,2.8178978225052953,62.3,4
386.838,5.13328204635061,31.364000000000004,2
385.827,5.112505062994309,31.119999999999997,2
387.02399999999994,5.142838792549776,31.150000000000006,2
353.291,4.208935837814271,31.433999999999997,2
427.21099999999996,6.470471483084488,31.363999999999976,2
395.30699999999996,5.212788405179304,31.214,2
420.0160000000001,6.371666815873949,46.72,3
469.67,8.549750843915769,31.07,2
313.522,3.517440179861892,46.7,3
304.248,3.439174563471066,46.797,3
335.67900000000003,4.068980965093529,31.471000000000004,2
494.68,11.555650392625468,31.363999999999976,2
337.798,4.086943012757247,47.024,3
354.394,4.23022094210296,46.807000000000016,3
270.91499999999996,2.9236750170415817,52.661,3
396.778,5.237541918533866,46.864000000000004,3
148.107,1.7919271097898097,62.604,4
370.74800000000005,4.969592171054745,31.186999999999998,2
312.855,3.5072326716407143,31.0,2
354.25100000000003,4.221752337298556,31.43399999999997,2
306.9,3.4557697385793507,31.48400000000001,2
478.679,8.683821050772911,15.620000000000005,1
394.98,5.221946683199008,15.619999999999997,1
303.463,3.4359472454787,31.200000000000003,2
428.98699999999997,6.51064267088006,15.620000000000005,1
262.078,2.864474545402806,62.72400000000002,4
427.079,6.451330031655264,31.24000000000001,2
352.454,4.217347646693687,31.2,2
396.691,5.243410637114373,62.36400000000003,4
263.50300000000004,2.8811296643988666,46.807000000000016,3
396.63800000000003,5.236634943014923,31.069999999999993,2
594.0060000000001,39.12618741976893,15.579999999999984,1
520.014,12.147138263665594,15.579999999999984,1
427.97999999999996,6.452808072571603,47.297999999999945,3
392.75,5.177080563679872,31.72800000000001,2
311.936,3.4974659930665086,15.864000000000004,1
478.515,8.67170615961779,31.159999999999997,2
305.153,3.4475484652341657,46.71999999999997,3
377.489,5.009783093624526,15.864000000000004,1
302.789,3.427146876578144,46.7,3
460.87100000000004,8.363215158728892,31.48400000000001,2
470.32599999999996,8.528709321125001,15.864000000000004,1
436.528,6.596728079285101,31.227000000000004,2
560.021,18.81577273016479,15.864000000000033,1
386.485,5.131011041397223,31.139999999999986,2
468.383,8.445878705985216,15.864000000000004,1
436.305,6.540943841914099,15.864000000000004,1
468.789,8.510598074242594,15.620000000000005,1
435.59000000000003,6.606770498133608,31.0,2
521.7239999999999,12.104290822407627,15.863999999999976,1
482.946,11.289896450334513,15.864000000000004,1
436.55,6.57763070475801,15.864000000000004,1
395.91700000000003,5.239984150272551,31.150000000000006,2
294.87100000000004,3.3668448596930585,31.176999999999992,2
361.788,4.8511847735837,52.57500000000002,3
450.844,8.199565640919182,15.863999999999976,1
410.737,6.280074559712046,15.579999999999984,1
543.617,18.536032258064516,15.5,1
453.0390000000001,8.2380853477337,31.471000000000004,2
437.452,6.553606114080412,15.864000000000004,1
311.44700000000006,3.4926129269776225,31.364000000000004,2
263.311,2.869376308970218,62.68400000000001,4
396.945,5.235073830658928,31.214,2
421.67,6.413660290152779,15.620000000000005,1
378.745,5.053610034890939,46.746999999999986,3
468.91800000000006,8.531972308334804,31.176999999999992,2
314.02700000000004,3.520604572015668,15.607,1
355.49,4.241303852290859,47.063999999999965,3
459.207,8.345666570688163,15.864000000000004,1
344.7180000000001,4.158956783109123,46.79699999999997,3
353.278,4.225252202492355,46.68700000000001,3
369.20200000000006,4.942612447140233,15.863999999999976,1
370.15,4.944690147599509,31.444,2
477.999,8.656927291075977,15.620000000000005,1
459.152,8.34044219916548,47.051,3
304.31600000000003,3.439837085498044,31.471,2
356.486,4.26658786229394,31.069999999999993,2
384.695,5.094765189253629,31.149999999999977,2
354.33900000000006,4.2378058809554275,31.226999999999975,2
302.278,3.4122801417307755,47.054,3
389.126,5.161463847626381,15.620000000000005,1
262.814,2.8675715047077635,31.44399999999996,2
427.385,6.430628089302279,31.471000000000004,2
395.057,5.193276864942894,31.120000000000005,2
314.554,3.522000577274623,31.107,2
303.698,3.4210811629557,62.967999999999996,4
222.008,2.426227507211183,31.139999999999986,2
338.083,4.1009961109480475,31.189999999999998,2
553.833,18.65823874505803,15.864,1
583.51,37.78202218860313,15.863999999999976,1
418.298,6.3244316590718155,31.471000000000004,2
552.7609999999999,18.579220200992236,15.863999999999976,1
450.324,8.190917220235052,15.864000000000004,1
435.12600000000003,6.544772220452374,31.43399999999997,2
441.092,6.651113331795935,31.119999999999997,2
354.503,4.240607345923909,31.433999999999997,2
313.655,3.5197827711143423,46.757,3
271.968,2.9360597971169247,62.353999999999985,4
575.373,37.930231065468554,15.579999999999984,1
435.43600000000004,6.507456079329143,31.471000000000004,2
395.50100000000003,5.207994637613312,31.728,2
386.092,5.122976378625434,31.24000000000001,2
261.105,2.850417416693833,62.62100000000001,4
335.81,4.07374760871754,46.687,3
354.03299999999996,4.228225188751504,31.364000000000004,2
327.771,4.005667073204281,31.214,2
310.509,3.4732096631594036,31.471000000000004,2
393.08500000000004,5.187501997421994,31.48400000000001,2
511.871,11.894581134003065,15.863999999999976,1
519.6370000000001,12.17498924731183,31.0,2
592.8829999999999,39.07854849068722,15.57000000000005,1
417.552,6.3075045759609525,15.864000000000004,1
337.933,4.097915367973306,46.767000000000024,3
388.147,5.125185988181779,47.051,3
303.353,3.4105096705497195,31.24000000000001,2
503.79,11.81558608844998,15.580000000000013,1
551.103,18.511454990308536,15.864000000000004,1
387.349,5.116136230806015,31.226999999999997,2
411.504,6.2867402392178535,31.149999999999977,2
492.544,11.52894399315947,15.620000000000005,1
312.721,3.5070830159939073,31.214,2
437.63899999999995,6.62467387253075,36.636999999999986,2
436.995,6.585457194713567,15.863999999999976,1
436.42199999999997,6.613361287252241,31.0,2
338.19,4.0879855366241165,46.650000000000006,3
517.3580000000001,12.023096262837177,15.864000000000004,1
628.956,inf,0.0,0
345.401,4.1642588198649655,31.189999999999998,2
428.151,6.496373416177773,15.606999999999971,1
428.57899999999995,6.476767960743222,31.24000000000001,2
272.038,2.940398154026121,31.160000000000025,2
395.65000000000003,5.2158596880061365,31.48399999999998,2
354.97499999999997,4.250359396031535,31.227000000000032,2
428.974,6.5041122958286826,31.139999999999986,2
384.696,5.114395721925133,15.620000000000005,1
355.182,4.254638920196828,31.186999999999983,2
314.373,3.5267079247709368,36.574000000000005,2
385.94100000000003,5.117538487800195,62.541,4
337.36699999999996,4.094826162737363,31.15,2
510.60200000000003,11.910998568284292,15.620000000000005,1
394.294,5.213127891694358,31.160000000000025,2
435.648,6.57657992089195,31.471,2
335.221,4.050541910473296,47.041,3
559.814,18.644162884518405,15.863999999999976,1
469.93499999999995,8.549520458817291,15.607,1
388.121,5.136383497991069,31.187000000000012,2
328.756,3.9991880673265516,36.37100000000004,2
591.69,38.29765506807867,15.864000000000004,1
552.7429999999999,18.79024782748632,15.570000000000007,1
417.699,6.343401005487969,31.364000000000004,2
517.229,11.935536386316546,15.864000000000004,1
436.78000000000003,6.570818187615586,47.041,3
421.2289999999999,6.3913171468431225,31.364,2
436.095,6.599073016036052,15.620000000000005,1
353.22400000000005,4.231870002012919,31.069999999999993,2
268.865,2.9130716303427473,47.041,3
345.50899999999996,4.154613102031499,31.43400000000001,2
346.458,4.175571259658482,31.187000000000012,2
386.86000000000007,5.115750837810522,31.159999999999968,2
303.505,3.4260215500703413,31.189999999999998,2
337.27500000000003,4.092733874961029,46.56999999999999,3
271.693,2.939085316242488,36.827,2
353.711,4.223114213336736,46.64999999999998,3
419.10699999999997,6.388087524426618,31.07,2
419.19000000000005,6.38271890288532,15.620000000000005,1
343.895,4.127199483490802,31.727999999999952,2
426.804,6.456595668516199,31.176999999999964,2
212.894,2.3680902746539516,46.727,3
509.8220000000001,11.938743107258569,15.606999999999971,1
296.027,3.373399504517867,77.957,5
427.679,6.468061983788068,15.864000000000004,1
469.957,8.5604407979408,31.08,2
509.578,11.923429796355844,15.579999999999984,1
469.4940000000001,8.501821551834334,15.863999999999976,1
352.803,4.236398161653411,31.0,2
394.659,5.222758399315215,46.639999999999986,3
303.174,3.4340767859723496,46.757000000000005,3
419.837,6.36800450064569,31.444000000000003,2
294.928,3.361861441007119,45.083999999999975,2
313.148,3.510989407510164,46.727000000000004,3
418.665,6.337527728906907,15.864000000000004,1
469.517,8.488548279051964,31.471000000000004,2
313.493,3.502898157314854,46.984,3
304.529,3.435822781772662,46.77000000000001,3
313.5,3.514537798275516,46.78399999999999,3
255.92699999999996,2.82704512518115,77.84999999999997,5
395.41299999999995,5.233362596890925,31.0,2
393.652,5.205504038288963,15.864,1
312.20300000000003,3.4952684665675604,31.120000000000005,2
313.269,3.518705226850624,46.56999999999999,3
509.635,11.89965138909682,15.607,1
395.418,5.212175765645806,47.041,3
335.241,4.04878181867787,31.17700000000002,2
377.70699999999994,5.007841514399099,31.08,2
171.014,1.9941807400517397,62.42700000000001,4
476.665,8.617133816996388,15.864000000000004,1
319.613,3.9110773098222094,15.864000000000004,1
385.66100000000006,5.083704825336991,31.48400000000001,2
435.53000000000003,6.594476557482338,31.159999999999968,2
469.86300000000006,8.537465710573176,15.607000000000028,1
378.533,5.0496073774525545,31.189999999999998,2
354.556,4.239699929642455,31.48399999999998,2
561.08,19.01219903691814,15.579999999999984,1
313.072,3.507223628151328,46.639999999999986,3
337.25800000000004,4.07666624094583,47.01400000000001,3
510.906,11.883307770961142,15.863999999999976,1
477.559,8.665842656949774,15.619999999999997,1
338.81100000000004,4.114071691176471,31.08,2
502.098,11.753865924180767,31.189999999999998,2
385.299,5.094352053557197,31.43399999999997,2
462.607,8.426665596403916,31.139999999999986,2
387.87,5.150695046389933,46.687,3
253.77599999999995,2.8039879154078546,31.444000000000017,2
335.681,4.05297766298021,15.864000000000004,1
421.31,6.393044123859141,31.08,2
375.98,5.008272832912229,31.189999999999998,2
469.82,8.516638935108155,15.863999999999976,1
437.16400000000004,6.566486280002548,15.863999999999976,1
436.04699999999997,6.600398150526586,31.120000000000005,2
470.04900000000004,8.550138940199497,15.607000000000028,1
379.21500000000003,5.061248313234948,31.213999999999942,2
560.127,18.998939588688945,15.620000000000005,1
294.254,3.344802855958945,31.363999999999976,2
502.252,11.735550615595077,31.176999999999964,2
139.26399999999998,1.7422029887654822,57.208,3
394.9,5.201287302516091,31.471,2
427.99100000000004,6.451559076781983,15.864,1
388.294,5.14587114822012,31.214,2
452.57199999999995,8.262416355087696,15.606999999999971,1
502.24499999999995,11.757705571144003,15.607,1
385.625,5.102917393709835,31.43400000000001,2
387.82599999999996,5.140874244592027,31.364000000000004,2
409.094,6.2438536672904865,31.364000000000004,2
387.87500000000006,5.1586254958722,31.0,2
396.1529999999999,5.225001066507401,62.28000000000003,4
272.415,2.9394765695083227,31.483999999999998,2
313.76800000000003,3.5115906762295084,31.471000000000004,2
353.912,4.228093218406531,36.724999999999994,2
355.33400000000006,4.257733281992042,15.620000000000005,1
437.207,6.59961833038756,15.864000000000004,1
352.85499999999996,4.226515851171807,31.120000000000005,2
470.574,8.510198218902616,15.863999999999976,1
430.11199999999997,6.501982756415176,31.159999999999968,2
338.165,4.08389950298664,31.48400000000001,2
475.915,8.574043128829477,31.364,2
416.599,6.348555655411477,31.159999999999968,2
395.96099999999996,5.213023354790658,62.90500000000001,4
437.04,6.609981515711645,15.620000000000005,1
345.526,4.165490957729447,46.73999999999995,3
460.617,8.33373137179977,31.080000000000013,2
328.8140000000001,4.007426783983025,36.931000000000004,2
356.30300000000005,4.248420476819985,31.727999999999952,2
480.117,8.67156142144957,15.863999999999976,1
471.55100000000004,8.554848839258538,15.620000000000005,1
512.729,11.828947368421055,15.864000000000004,1
386.036,5.134032983508246,46.64999999999999,3
502.53,11.622516276316903,15.864000000000004,1
352.743,4.223811438702955,47.298,3
477.40999999999997,8.669606567384774,31.14,2
435.663,6.581773455817351,31.107,2
470.12800000000004,8.475639231649918,15.863999999999976,1
436.605,6.593842487604258,31.107,2
148.04,1.7880630067126957,78.49500000000003,5
510.683,11.929077407066579,15.620000000000005,1
509.41700000000003,11.82070181401079,15.864000000000004,1
510.2130000000001,11.852363125877398,15.864000000000004,1
436.435,6.575235370013159,15.863999999999976,1
387.523,5.133358220894886,31.471000000000004,2
394.843,5.211928230073391,15.864000000000004,1
509.737,11.895541210670316,31.214,2
427.914,6.480596326750173,31.471000000000004,2
476.092,8.562417599872926,15.864,1
144.12,1.8378777484506357,62.440999999999995,4
352.369,4.225020821702163,47.01399999999995,3
387.433,5.157452516364416,31.120000000000005,2
343.83000000000004,4.149549318481607,31.227000000000032,2
220.80399999999997,2.4197149048075253,46.58000000000001,3
270.40299999999996,2.914411735553573,47.004000000000005,3
345.46299999999997,4.166654444790732,31.14,2
544.1830000000001,18.42668203797996,15.620000000000005,1
428.154,6.480651809372641,31.187000000000012,2
336.088,4.07589804603487,31.187000000000012,2
270.925,2.9337420773139953,36.83400000000003,2
426.91400000000004,6.468068755283448,31.433999999999997,2
253.601,2.8088000342358277,36.873999999999995,2
427.542,6.474920285308166,15.864000000000004,1
468.961,8.484455297009161,15.863999999999976,1
354.782,4.2513013196480935,62.34,4
477.14399999999995,8.619552546270421,15.864,1
272.09999999999997,2.9374684031016582,36.76400000000001,2
478.42400000000004,8.684291680051398,15.620000000000005,1
435.76500000000004,6.574295801673191,47.01399999999995,3
181.163,2.0554147660077717,46.807,3
353.444,4.770431294737628,15.864000000000004,1
336.987,4.082545896945692,47.05099999999993,3
312.591,3.5019689766124,47.041,3
478.951,8.64804228410833,15.864000000000004,1
379.99899999999997,5.041768597502606,62.878,4
229.50300000000001,2.4736291254655187,77.89000000000001,5
271.38800000000003,2.9264317555864734,47.22800000000001,3
471.072,8.553588608812776,46.864000000000004,3
437.6139999999999,6.615475426664955,15.620000000000005,1
434.501,6.535397159054717,31.470999999999947,2
228.934,2.4632297485587182,31.484,2
394.366,5.181503944354907,31.727999999999952,2
252.309,2.794669530827667,62.403999999999996,4
518.2860000000001,12.01470650741701,15.864,1
397.143,5.2518842876108085,15.62,1
188.993,2.0986304395847135,62.364,4
377.667,5.034731421734114,15.620000000000005,1
354.47800000000007,4.244917201417051,31.120000000000005,2
470.05199999999996,8.50953765536633,31.44399999999996,2
395.03000000000003,5.201463487268938,31.470999999999947,2
220.447,2.401915457846572,53.01600000000002,3
428.938,6.510508735868448,31.069999999999993,2
271.629,2.9359066644810463,36.64099999999999,2
338.02500000000003,4.08712726608521,31.471000000000004,2
388.473,5.161289285943828,31.17700000000002,2
387.3179999999999,5.133420131477845,31.119999999999997,2
271.09900000000005,2.923615644424261,31.444000000000003,2
384.2,5.095032029076647,15.863999999999976,1
476.144,8.564805694131104,31.213999999999942,2
460.23,8.382579403272377,31.150000000000006,2
397.36100000000005,5.245718071182058,31.187000000000012,2
315.373,3.5233675518678833,46.81,3
354.70700000000005,4.255088556483436,31.069999999999993,2
439.194,6.636183974128638,31.139999999999986,2
427.35400000000004,6.468801187551187,15.863999999999976,1
468.808,8.519335332894928,15.620000000000005,1
313.4680000000001,3.5098522759117663,47.00399999999996,3
417.71999999999997,6.285186497292373,47.307999999999936,3
378.954,5.014811047897529,63.198999999999955,4
502.019,11.669677583898322,15.863999999999976,1
396.415,5.22221157123381,15.863999999999976,1
354.25800000000004,4.235587461639631,31.069999999999993,2
583.2700000000001,37.76689359556228,15.864000000000004,1
377.305,5.023385015675318,15.864000000000004,1
386.532,5.123271889400922,31.433999999999997,2
510.96900000000005,11.915808587908568,15.620000000000005,1
418.90600000000006,6.3689377627396695,15.863999999999976,1
385.73699999999997,5.129194900285815,31.10699999999997,2
395.773,5.21941832448453,46.93399999999997,3
369.706,4.950399093891246,46.767000000000024,3
128.646,1.6854941412806592,47.308,3
427.32899999999995,6.479700964300369,31.363999999999976,2
426.975,6.468850065322643,15.620000000000005,1
477.241,8.684174086656899,15.607000000000028,1
104.85300000000001,1.513235567651176,121.28400000000002,7
204.03199999999998,2.306657786202833,52.411,3
477.92199999999997,8.657288428878136,15.620000000000005,1
468.11400000000003,8.503390129353873,15.620000000000005,1
437.993,6.596996996996998,15.863999999999976,1
435.336,6.5859573485256755,31.363999999999976,2
397.42400000000004,5.255211623499683,15.607000000000028,1
227.61200000000002,2.451921972876771,62.798,4
397.848,5.2515575408487125,31.187000000000012,2
420.476,6.3925154538692395,31.139999999999986,2
230.37699999999998,2.4744316727254114,62.631,4
344.344,4.138617471197317,31.471000000000004,2
294.19100000000003,3.3620123483552926,31.176999999999992,2
385.971,5.122696830839234,31.444000000000003,2
385.98199999999997,5.099301174621382,31.48399999999998,2
303.798,3.4310063376224313,46.983999999999995,3
271.36100000000005,2.932261441073221,46.81999999999999,3
468.24999999999994,8.491520542685269,15.863999999999976,1
558.851,18.911891025641026,15.620000000000005,1
309.51,3.45368278355174,31.471,2
334.65400000000005,4.0695443205165835,15.620000000000005,1
519.172,11.968036336748707,15.864000000000004,1
345.945,4.173021361681052,31.19999999999999,2
353.804,4.219648918454077,31.120000000000005,2
271.297,2.930966988853934,31.107,2
438.038,6.624741579670506,15.620000000000005,1
501.539,11.708865354229832,15.620000000000005,1
337.18100000000004,4.079334782370454,31.364000000000004,2
202.788,2.292796123932169,47.592,3
387.06100000000004,5.112027111729647,37.155,2
477.65200000000004,8.61999872375726,15.863999999999976,1
262.25,2.872091031095629,31.363999999999976,2
393.199,5.2072717934451145,31.186999999999955,2
376.947,5.03207932653738,15.620000000000005,1
418.44800000000004,6.364717948717949,15.620000000000005,1
271.36199999999997,2.9230665655627917,31.434,2
353.794,4.2354867030032555,31.176999999999992,2
328.884,3.992956336566987,31.470999999999975,2
428.29300000000006,6.513058812928804,31.080000000000013,2
345.5,4.158886024100792,46.983999999999995,3
186.98899999999998,2.087638580286409,37.10400000000001,2
461.919,8.373714960730476,15.863999999999976,1
503.32800000000003,11.783212288707503,15.606999999999971,1
180.493,2.0531066392050925,62.524,4
261.616,2.867032057320659,46.769999999999996,3
451.54699999999997,8.27046870723107,31.0,2
603.277,39.92109677419355,15.5,1
410.82,6.273210366205862,31.186999999999998,2
347.84999999999997,4.193628351083364,31.189999999999998,2
430.99100000000004,6.5461459271650995,31.069999999999993,2
395.947,5.227447923895751,31.069999999999993,2
510.18399999999997,11.8934534739719,31.227000000000004,2
311.856,3.4874453626008997,37.157999999999994,2
303.60999999999996,3.4359540104463364,31.200000000000017,2
492.43199999999996,11.507681802663022,15.863999999999976,1
173.81300000000002,2.013167865511734,62.38700000000003,4
361.652,4.855893892869327,31.107,2
353.112,4.230845243105752,46.779999999999994,3
304.843,3.4330603709734056,31.484,2
377.877,5.027079736556046,31.434,2
302.07399999999996,3.415336025266861,62.915000000000006,4
353.85299999999995,4.240886943141851,31.119999999999997,2
377.655,5.032707585853409,15.864,1
429.47400000000005,6.525913535769429,31.14,2
345.628,4.172645492931888,31.139999999999986,2
426.975,6.474249009577292,31.200000000000003,2
263.538,2.8748079221444423,31.0,2
436.82899999999995,6.6094331869430105,31.107,2
428.866,6.512629021684641,15.619999999999997,1
428.785,6.489431706161745,31.139999999999986,2
427.248,6.467164866663254,15.864000000000004,1
353.79299999999995,4.2432187153373,15.620000000000005,1
387.408,5.116194564270383,15.864000000000004,1
460.99000000000007,8.327187475164903,31.444000000000017,2
387.765,5.126564362336114,31.484,2
188.15300000000002,2.094364534197256,93.905,6
311.688,3.8518308415832525,15.864000000000004,1
385.49100000000004,5.098875042531473,31.48400000000001,2
328.405,4.002944376880241,31.150000000000006,2
509.511,11.828909056130582,15.863999999999976,1
384.85400000000004,5.11696619597775,31.200000000000017,2
352.765,4.21461116477428,31.189999999999998,2
476.802,8.65000721998492,15.607,1
337.71600000000007,4.0874068656579965,67.571,4
146.902,1.7834104823055101,62.471000000000004,4
344.111,4.151084209369619,31.079999999999984,2
301.194,3.400793903838796,37.409,2
434.597,6.5579328337212575,31.14,2
311.397,3.495688204273326,46.85999999999999,3
445.725,8.15909090909091,31.189999999999998,2
356.34400000000005,4.262805134872819,31.159999999999968,2
387.021,5.1286203475533645,46.807000000000016,3
379.74,5.077963917525773,31.0,2
478.4009999999999,8.638405901231021,15.864000000000004,1
427.759,6.465311493841672,15.864000000000004,1
377.419,5.022198776562866,31.48400000000001,2
509.571,11.762249725437188,15.864000000000004,1
430.384,6.526458389511667,31.176999999999964,2
384.664,5.097793780826879,31.187000000000012,2
469.554,8.520805971105487,31.433999999999997,2
302.48900000000003,3.418074263559695,68.52200000000002,4
337.98400000000004,4.10284869683366,31.2,2
434.098,6.569143135720426,15.620000000000005,1
253.81600000000003,2.806802488645909,37.20800000000003,2
479.627,8.682144344427716,15.864000000000004,1
474.15000000000003,8.579851008728461,31.43399999999997,2
429.026,6.488301288201506,15.864000000000004,1
509.33500000000004,11.784598119759464,15.864000000000004,1
518.802,12.112343907297536,15.607,1
461.975,8.418901557732456,31.150000000000006,2
353.781,4.247276198518546,46.69,3
395.66900000000004,5.217725000266493,31.186999999999998,2
468.27900000000005,8.501225431303764,15.620000000000005,1
272.196,2.937462186189863,47.06400000000002,3
302.623,3.4179277393374776,62.64400000000002,4
222.80200000000002,2.4301339615253768,46.607,3
593.611,38.418746848209786,15.864,1
418.97700000000003,6.363866804931444,31.069999999999993,2
302.476,3.418163648718871,46.833999999999996,3
434.11100000000005,6.543847774727029,15.864000000000004,1
419.2950000000001,6.373923408182098,31.24000000000001,2
344.00100000000003,4.159537827089284,31.0,2
399.205,5.282074935372799,31.10699999999997,2
354.30699999999996,4.246621033436878,31.177,2
271.177,2.9259456541810485,46.620000000000005,3
549.3890000000001,18.47754024304893,15.864,1
352.891,4.220543007072781,46.620000000000005,3
369.178,4.936051346568011,31.48399999999998,2
551.709,18.523472239867868,15.863999999999976,1
394.13300000000004,5.193439588032515,31.189999999999998,2
427.615,6.499164094650205,15.620000000000005,1
427.533,6.465007477854048,31.189999999999998,2
263.07000000000005,2.8717049327290454,62.711,4
459.65000000000003,8.364533598231167,15.620000000000005,1
302.918,3.422471910112359,31.433999999999997,2
180.16700000000003,2.0486714589214516,88.60900000000001,5
436.061,6.57922413572507,46.68699999999998,3
261.608,2.8614751882053246,62.554,4
439.01800000000003,6.619718129568233,31.17700000000002,2
376.20200000000006,5.008759124087591,15.864000000000004,1
270.883,2.9223148706667144,46.809999999999995,3
230.794,2.478548319933374,62.61100000000001,4
501.073,11.65795295018505,31.43399999999997,2
394.71299999999997,5.220446088704503,31.177,2
395.016,5.194622605445355,31.72800000000001,2
427.779,6.467453125599111,31.433999999999997,2
304.47,3.4429716523176417,62.293999999999926,4
335.083,4.0456830183877335,47.348,3
386.70799999999997,5.109324690505287,31.433999999999997,2
336.14200000000005,4.082514122221408,62.333999999999996,4
477.38,8.67158950294888,15.620000000000005,1
353.982,4.2206825646671335,31.72800000000001,2
337.396,4.084396825977255,31.17700000000002,2
445.72,8.150511759232522,15.619999999999997,1
272.50600000000003,2.938564853348131,46.78,3
393.889,5.166991092397859,31.434,2
312.18699999999995,3.5012779322335366,47.01399999999995,3
393.496,5.185148156814362,31.214,2
351.412,4.190130360579541,31.728,2
511.13499999999993,11.854197192669512,31.484,2
543.918,18.297990077598268,31.44399999999996,2
354.39300000000003,4.225008872589613,31.727999999999952,2
500.68,11.724184462484205,15.607,1
420.897,6.3910008453518445,15.863999999999976,1
254.92699999999996,2.8121698951483913,62.798,4
345.83000000000004,4.1713848157216615,52.403999999999996,3
212.97299999999998,2.361589361634114,31.227000000000004,2
375.74500000000006,4.996351917636298,31.214,2
377.847,5.030754952475436,31.433999999999997,2
253.159,2.7921999773460953,31.72800000000001,2
353.199,4.220414862092546,47.01399999999998,3
386.242,5.115612479754497,31.434,2
263.061,2.874935853575095,46.70000000000002,3
477.153,8.664246590744815,15.607,1
469.60699999999997,8.546675880244909,31.226999999999997,2
261.51,2.859401885638714,31.728000000000005,2
435.16299999999995,6.5625391468855065,15.863999999999976,1
511.108,11.91318273049494,15.620000000000005,1
355.41799999999995,4.247279604571909,31.227000000000004,2
460.781,8.39497672925694,31.069999999999993,2
452.61899999999997,8.22675671791924,15.864000000000004,1
469.47299999999996,8.496694557996934,47.054,3
519.4159999999999,12.127878826831198,15.607,1
395.303,5.223593392738851,31.189999999999998,2
396.39099999999996,5.225106056407087,31.187000000000012,2
272.83799999999997,2.951254049647064,31.186999999999998,2
335.75200000000007,4.067965423344725,15.864000000000004,1
228.64600000000002,2.4683149242229647,93.50999999999999,6
345.119,4.149125848602087,46.67699999999999,3
479.459,8.693377834116912,31.214,2
385.462,5.1261186041532865,15.620000000000005,1
519.591,12.126145610278373,15.619999999999997,1
353.98,4.234821069561721,15.864,1
388.226,5.158955295831682,31.08,2
377.84999999999997,5.025033288948069,47.078,3
437.178,6.575183319517948,31.10699999999997,2
303.836,3.431894219532888,31.200000000000017,2
315.202,3.5168842575957195,31.363999999999976,2
296.429,3.370199496261944,31.470999999999947,2
190.882,2.111711638254873,52.453,3
179.261,2.0415974247829776,46.944,3
470.204,8.546567801370635,15.620000000000005,1
395.51899999999995,5.237991149399423,46.65,3
394.43699999999995,5.212990258907973,62.553999999999974,4
303.88300000000004,3.426754084745492,47.090999999999994,3
460.141,8.351552140084038,31.120000000000005,2
386.91400000000004,5.109766849009507,31.176999999999992,2
411.356,6.2814461976966625,15.620000000000005,1
510.06100000000015,11.900136769671327,15.607000000000028,1
294.917,3.364803425519802,31.364000000000004,2
336.396,4.076098685052762,51.95400000000001,3
551.2689999999999,18.509496887307836,15.864000000000004,1
262.188,2.8714213317535204,62.20999999999998,4
347.6650000000001,4.177779808966684,62.434,4
369.221,4.953962304562005,31.189999999999998,2
311.46299999999997,3.4970176535667905,31.24000000000001,2
312.94300000000004,3.8635756377877826,46.98399999999998,3
377.495,5.023137342669268,31.120000000000005,2
336.38200000000006,4.068115069592659,47.01399999999995,3
272.24,2.9336737955380037,47.051,3
256.07300000000004,2.8187648709116098,47.053999999999974,3
435.172,6.561943226697,15.864000000000004,1
479.995,8.624414264156938,15.864000000000004,1
420.957,6.361963112039536,31.444000000000017,2
428.796,6.5015460412363195,31.213999999999942,2
305.068,3.451191977952225,31.186999999999983,2
551.75,18.712680577849113,15.579999999999984,1
427.76500000000004,6.475672354424545,31.107,2
352.163,4.223341937137314,15.864000000000004,1
350.353,4.187171369830613,46.971000000000004,3
396.945,5.248854684021236,31.069999999999993,2
395.249,5.216529049051612,31.186999999999998,2
394.854,5.211731074868534,31.199999999999996,2
386.304,5.134821839511062,15.620000000000005,1
543.193,18.462082489471825,15.607,1
393.396,5.196044968748001,31.48400000000001,2
420.441,6.393034889687019,31.189999999999998,2
219.757,2.3982388160364456,62.848,4
387.973,5.135246906342929,31.176999999999992,2
519.225,12.127839691384484,15.580000000000013,1
271.59700000000004,2.932002162500534,31.227000000000004,2
270.052,2.91074978950422,46.98399999999998,3
344.905,4.159599124229349,31.186999999999998,2
335.18100000000004,4.052594670406732,31.227000000000004,2
478.558,8.600019057298947,31.24000000000001,2
295.596,3.361405358769113,46.93399999999997,3
270.96399999999994,2.923067096279684,47.054,3
394.723,5.2146945138488485,15.620000000000005,1
417.203,6.317736281945065,31.727999999999952,2
435.867,6.581526680411314,15.863999999999976,1
468.26300000000003,8.50253148332105,31.214,2
493.64900000000006,11.554821466752193,15.620000000000005,1
429.08,6.479668982427462,15.863999999999976,1
453.054,8.247240618101545,15.864000000000004,1
509.924,11.778811194723934,15.864000000000004,1
468.882,8.419136378740168,15.864000000000004,1
353.184,4.229908183048616,15.864000000000004,1
304.87699999999995,3.4369105093199477,46.69,3
263.239,2.8789364739471806,31.07,2
343.934,4.148396664256094,31.069999999999993,2
313.889,3.5106902040457197,31.444000000000017,2
304.075,3.4268725807095257,47.014,3
394.812,5.204690195744318,31.470999999999947,2
263.63,2.883152135091504,46.5,3
439.206,6.619247450774682,31.189999999999998,2
419.921,6.38588120615132,46.78,3
434.9189999999999,6.551118088528105,31.72799999999998,2
468.47600000000006,8.475163951428891,15.864000000000004,1
469.05600000000004,8.525727212925378,15.607000000000028,1
245.03499999999997,2.745785776371849,31.433999999999997,2
438.23,6.615381658359067,46.971000000000004,3
426.958,6.441173471988582,31.484,2
438.021,6.615653846153846,36.92700000000002,2
338.048,4.1007888460832875,31.24000000000001,2
346.53999999999996,4.166541786216853,31.43399999999997,2
303.18699999999995,3.4225501789823576,52.541,3
470.39899999999994,8.560253937640631,31.139999999999986,2
263.48300000000006,2.8716604510744097,31.484,2
313.228,3.4943301267758167,46.98400000000001,3
211.847,2.3545637648262416,62.42700000000001,4
421.36400000000003,6.414110784175159,31.149999999999977,2
302.584,3.4218732491315693,62.386999999999944,4
419.522,6.345250684844238,31.433999999999997,2
428.464,6.499191416176811,31.226999999999997,2
387.19300000000004,5.145224661963236,46.650000000000006,3
425.771,6.454826146001486,31.0,2
378.286,5.048134236519096,31.139999999999986,2
396.03099999999995,5.228480215251233,15.864000000000004,1
510.577,11.91909751924722,31.189999999999998,2
360.889,4.857712453233565,31.159999999999997,2
594.8979999999999,39.38051612903225,15.5,1
427.77899999999994,6.4709493419958815,31.433999999999997,2
398.9870000000001,5.256269935247118,31.364000000000004,2
352.91300000000007,4.2094962667903495,47.298,3
385.42699999999996,5.119834534065887,52.554,3
368.966,4.933078210444405,15.863999999999976,1
303.84900000000005,3.435253384199854,37.01399999999995,2
461.36300000000006,8.363193845957419,15.864000000000004,1
395.257,5.218729653862163,31.433999999999997,2
468.13899999999995,8.405856482946275,15.864000000000004,1
325.88400000000007,3.9796198260964974,36.736999999999995,2
353.325,4.214207739752196,31.107,2
229.46200000000002,2.4701469108988285,46.77000000000001,3
384.845,5.108343830732113,31.149999999999977,2
347.576,4.185147172024486,46.747,3
386.73400000000004,5.1370774497218665,31.200000000000017,2
344.632,4.155855096882898,31.433999999999997,2
418.12299999999993,6.345610984683834,31.433999999999997,2
262.3,2.8661335534085577,36.10400000000001,2
494.53400000000005,11.57894624253963,15.607,1
553.0060000000001,18.59260673156455,15.864000000000004,1
397.237,5.220627297647633,15.864000000000004,1
476.626,8.589827701519155,15.864000000000004,1
378.57,5.022248430178816,15.863999999999976,1
525.8589999999999,17.876091142490374,15.580000000000013,1
362.22700000000003,4.879728803393171,15.864000000000004,1
354.231,4.239394244222733,31.069999999999993,2
189.01200000000003,2.099770168446164,46.72,3
384.757,5.111793874366812,15.620000000000005,1
519.556,12.039350671426144,31.44399999999996,2
272.22799999999995,2.9401204432883157,31.227000000000004,2
345.39,4.1672336796544736,15.864000000000004,1
545.49,18.192700453857793,15.863999999999976,1
469.73499999999996,8.545095330645552,15.606999999999971,1
343.80400000000003,4.129132080966944,31.727999999999952,2
517.645,11.992440169034422,15.864000000000004,1
428.20500000000004,6.487415741856115,15.620000000000005,1
313.487,3.5081367811309883,31.433999999999997,2
594.3280000000001,39.1713551701991,15.569999999999993,1
436.593,6.59827920037955,15.620000000000005,1
510.1,11.944707876499239,15.607000000000028,1
428.702,6.447362736502371,47.22800000000001,3
378.0179999999999,5.035463415675641,31.189999999999998,2
376.19800000000004,5.016034331831672,31.48400000000001,2
344.413,4.141537142440163,15.864000000000004,1
190.08700000000002,2.108217461011515,52.03399999999999,3
327.771,3.986741630369412,31.364000000000004,2
312.592,3.495107038521096,78.24100000000001,5
354.207,4.250500137652565,31.120000000000005,2
304.869,3.4403576460040988,36.631,2
312.317,3.4964988569327424,52.48100000000001,3
311.211,3.487200799200799,31.444000000000017,2
411.99300000000005,6.2695308503018525,31.120000000000005,2
395.403,5.229632878353516,93.48400000000001,6
469.073,8.524430542188002,15.620000000000005,1
436.678,6.580264267641271,31.19999999999999,2
553.83,18.825233344061797,15.569999999999993,1
344.74299999999994,4.1542719636942556,31.159999999999968,2
304.73100000000005,3.447107856127587,31.226999999999997,2
436.35799999999995,6.585668386221374,15.863999999999976,1
477.874,8.564648895080099,15.864000000000004,1
303.226,3.426429165866462,47.10400000000001,3
377.849,5.042462822295923,31.069999999999993,2
244.322,2.738760986371562,62.611000000000004,4
345.30699999999996,4.161254588898756,31.120000000000005,2
304.733,3.433153414988582,47.22800000000001,3
345.98499999999996,4.170770823977932,31.070000000000007,2
387.61000000000007,5.145694514262491,31.177,2
387.01399999999995,5.116075511831959,31.177,2
344.32,4.156003666361136,31.139999999999986,2
395.97800000000007,5.221018857063671,31.200000000000017,2
386.234,5.132303379802496,31.107,2
394.532,5.21400495599419,46.56999999999999,3
388.26899999999995,5.136197547698436,15.864000000000004,1
303.609,3.420120843031598,31.72800000000001,2
292.85499999999996,3.3442653133104923,52.21399999999999,3
418.683,6.3704848640328375,31.19999999999999,2
428.761,6.478113660755354,31.190000000000005,2
503.705,11.779049860903058,15.579999999999998,1
230.713,2.479840158045977,62.22,4
304.245,3.437587129648918,31.150000000000006,2
436.831,6.591508371307154,31.189999999999998,2
385.74199999999996,5.113923105636431,31.471000000000004,2
305.88700000000006,3.452648796876128,46.807,3
343.60400000000004,4.130246244385938,31.728,2
355.01300000000003,4.239820036868714,62.51400000000001,4
345.083,4.152738568361427,31.0,2
189.91099999999997,2.1032421473344214,46.971000000000004,3
429.94000000000005,6.522884632676918,15.620000000000005,1
389.902,5.170788584142741,31.177,2
311.989,3.492482344294251,37.078,2
428.25600000000003,6.492574066948825,15.620000000000005,1
269.64099999999996,2.9155809096204943,46.971,3
376.82300000000004,5.033039364685233,31.107000000000028,2
462.91,8.443838744432115,31.0,2
437.163,6.588318760546096,31.176999999999992,2
427.60900000000004,6.492024145902904,46.74000000000001,3
461.84399999999994,8.41072832592545,15.607,1
303.05899999999997,3.415409383991265,31.080000000000013,2
501.23,11.661292380992895,15.864000000000004,1
394.156,5.201148996493322,31.48400000000001,2
253.744,2.806289952875183,52.407999999999994,3
426.56100000000004,6.467258814934442,15.620000000000005,1
378.983,5.048790649972223,31.444000000000003,2
220.00000000000003,2.4053377282076833,31.471,2
395.36899999999997,5.211519205777711,31.079999999999984,2
263.093,2.8672055755063806,52.545,3
502.82,11.77002163343115,15.607,1
419.978,6.3458160433797515,15.864000000000004,1
436.871,6.609540318438624,31.139999999999986,2
428.335,6.4445673174700016,31.44399999999996,2
437.214,6.578274515808006,15.864000000000004,1
544.891,18.492487961476726,15.580000000000013,1
592.4759999999999,39.22425806451612,15.5,1
378.494,5.037226269586458,15.864000000000004,1
221.40900000000002,2.4192793635938235,31.444000000000017,2
378.049,5.039373444027738,31.187000000000012,2
437.66200000000003,6.551831743454435,31.48400000000001,2
501.334,11.740493176510915,15.607,1
387.319,5.138996345294834,46.864000000000004,3
272.429,2.9410964174765577,31.107,2
189.58299999999997,2.105111599466048,36.94800000000001,2
426.603,6.4338793498751725,31.444000000000003,2
354.097,4.244994089130414,31.08,2
327.408,3.988253548122119,31.433999999999997,2
430.4779999999999,6.532425138157048,31.119999999999997,2
385.01300000000003,5.0785707475714785,31.444000000000003,2
468.79799999999994,8.518813151563753,15.620000000000005,1
386.247,5.136292568001714,31.159999999999968,2
337.31000000000006,4.092686147047228,36.839999999999996,2
385.816,5.102025410663972,31.186999999999955,2
188.83300000000003,2.0942146557418844,62.541,4
262.83000000000004,2.864320217904795,31.72800000000001,2
