date,branch,direction,dOpen,bHi,bLo,entry,sl,tp,outcome,exit_price,exit_bar,bars_held,bars_to_entry,pnl,mfe,mae
2024-01-03,ashort,-1,7580.597,7574.287,7565.757,7565.757,7591.287,7526.757,TIMEOUT,7558.757,2024-01-03 13:11:00+11:00,180,0,7.0,28.11999999999989,9.0
2024-01-04,flipshort,-1,7506.667,7517.287,7504.667,7487.667,7534.287,7448.667,TIMEOUT,7506.569,2024-01-04 13:10:00+11:00,180,27,-18.902000000000044,4.5,24.92999999999938
2024-01-04,along,1,7506.667,7517.287,7504.667,7517.287,7487.667,7556.287,SL,7487.667,2024-01-04 10:31:00+11:00,27,0,-29.61999999999989,1.4399999999995998,29.61999999999989
2024-01-05,along,1,7499.599,7503.539,7492.539,7503.539,7475.539,7542.539,TIMEOUT,7497.659,2024-01-05 13:18:00+11:00,180,0,-5.880000000000109,10.11999999999989,10.969999999999345
2024-01-08,ashort,-1,7477.629,7476.569,7465.629,7465.629,7493.569,7426.629,SL,7493.569,2024-01-08 11:00:00+11:00,48,0,-27.94000000000051,0.0,30.0
2024-01-08,fliplong,1,7477.629,7476.569,7465.629,7493.569,7448.629,7532.569,TIMEOUT,7472.999,2024-01-08 13:25:00+11:00,180,48,-20.57000000000062,13.089999999999236,24.970000000000255
2024-01-09,fliplong,1,7529.569,7521.599,7516.599,7538.599,7499.599,7577.599,TIMEOUT,7525.569,2024-01-09 13:16:00+11:00,180,105,-13.029999999999745,2.0900000000001455,19.0600000000004
2024-01-09,ashort,-1,7529.569,7521.599,7516.599,7516.599,7538.599,7477.599,SL,7538.599,2024-01-09 11:51:00+11:00,105,0,-22.0,0.0,24.090000000000146
2024-01-10,ashort,-1,7502.999,7501.999,7497.629,7497.629,7518.999,7458.629,TIMEOUT,7482.689,2024-01-10 13:14:00+11:00,180,0,14.9399999999996,18.0,17.36999999999989
2024-01-11,along,1,7488.659,7496.629,7490.629,7496.629,7473.629,7535.629,TIMEOUT,7503.659,2024-01-11 13:06:00+11:00,180,0,7.029999999999745,12.36999999999989,14.090000000000146
2024-01-12,ashort,-1,7477.659,7475.569,7470.659,7470.659,7492.569,7431.659,SL,7492.569,2024-01-12 11:02:00+11:00,57,0,-21.910000000000764,2.089999999999236,23.0
2024-01-12,fliplong,1,7477.659,7475.569,7470.659,7492.569,7453.659,7531.569,TIMEOUT,7492.599,2024-01-12 13:06:00+11:00,180,57,0.02999999999974534,11.969999999999345,6.0
2024-01-15,ashort,-1,7493.227,7498.787,7492.197,7492.197,7515.787,7453.197,TIMEOUT,7508.097,2024-01-15 13:17:00+11:00,180,0,-15.899999999999636,8.470000000000255,19.899999999999636
2024-01-16,ashort,-1,7470.999,7460.999,7458.561,7458.561,7477.999,7419.561,TP,7419.561,2024-01-16 12:02:00+11:00,118,0,39.0,46.0,2.438000000000102
2024-01-17,ashort,-1,7413.625,7413.593,7406.999,7406.999,7430.593,7367.999,TIMEOUT,7404.787,2024-01-17 13:14:00+11:00,180,0,2.2119999999995343,8.340000000000146,15.288000000000466
2024-01-18,ashort,-1,7348.625,7336.691,7335.787,7335.787,7353.691,7296.787,SL,7353.691,2024-01-18 10:44:00+11:00,39,0,-17.90399999999954,13.128000000000611,18.30999999999949
2024-01-18,fliplong,1,7348.625,7336.691,7335.787,7353.691,7318.787,7392.691,TIMEOUT,7353.999,2024-01-18 13:09:00+11:00,180,39,0.3079999999999927,8.902000000000044,19.13000000000011
2024-01-19,along,1,7405.593,7413.657,7410.625,7413.657,7393.625,7452.657,TIMEOUT,7409.689,2024-01-19 13:08:00+11:00,180,0,-3.967999999999847,33.34199999999964,11.096000000000458
2024-01-22,along,1,7435.593,7451.657,7442.657,7451.657,7425.657,7490.657,TIMEOUT,7450.657,2024-01-22 10:58:00+11:00,53,0,-1.0,11.341999999999643,5.064000000000306
2024-01-24,along,1,7544.659,7556.223,7544.787,7556.223,7527.787,7595.223,SL,7527.787,2024-01-24 10:10:00+11:00,6,0,-28.435999999999694,0.0,30.662000000000262
2024-01-24,flipshort,-1,7544.659,7556.223,7544.787,7527.787,7573.223,7488.787,TIMEOUT,7503.593,2024-01-24 13:08:00+11:00,180,6,24.194000000000415,26.097999999999956,5.869999999999891
2024-01-25,flipshort,-1,7550.287,7550.787,7549.097,7532.097,7567.787,7493.097,TIMEOUT,7542.999,2024-01-25 13:10:00+11:00,180,59,-10.902000000000044,9.536000000000058,11.902000000000044
2024-01-25,along,1,7550.287,7550.787,7549.097,7550.787,7532.097,7589.787,SL,7532.097,2024-01-25 11:05:00+11:00,59,0,-18.69000000000051,5.309999999999491,19.194000000000415
2024-01-29,fliplong,1,7589.255,7569.691,7569.159,7586.691,7552.159,7625.691,TIMEOUT,7582.659,2024-01-29 13:12:00+11:00,180,23,-4.032000000000153,10.405999999999949,23.435999999999694
2024-01-29,ashort,-1,7589.255,7569.691,7569.159,7569.159,7586.691,7530.159,SL,7586.691,2024-01-29 10:27:00+11:00,23,0,-17.532000000000153,2.9039999999995416,17.564000000000306
2024-01-30,along,1,7611.625,7618.561,7612.999,7618.561,7595.999,7657.561,TIMEOUT,7605.689,2024-01-30 13:16:00+11:00,180,0,-12.871999999999389,11.438000000000102,14.967999999999847
2024-01-31,fliplong,1,7605.159,7607.223,7603.691,7624.223,7586.691,7663.223,TIMEOUT,7623.625,2024-01-31 13:11:00+11:00,180,85,-0.5979999999999563,19.46600000000035,27.662000000000262
2024-01-31,ashort,-1,7605.159,7607.223,7603.691,7603.691,7624.223,7564.691,SL,7624.223,2024-01-31 11:30:00+11:00,85,0,-20.532000000000153,21.0,39.9980000000005
2024-02-01,along,1,7596.593,7610.561,7608.657,7610.561,7591.657,7649.561,SL,7591.657,2024-02-01 11:44:00+11:00,100,0,-18.90399999999954,11.438000000000102,19.90399999999954
2024-02-01,flipshort,-1,7596.593,7610.561,7608.657,7591.657,7627.561,7552.657,TIMEOUT,7596.657,2024-02-01 13:07:00+11:00,180,100,-5.0,14.096000000000458,8.967999999999847
2024-02-02,ashort,-1,7642.597,7641.561,7638.787,7638.787,7658.561,7599.787,SL,7658.561,2024-02-02 11:22:00+11:00,78,0,-19.773999999999432,8.097999999999956,19.837999999999738
2024-02-02,fliplong,1,7642.597,7641.561,7638.787,7658.561,7621.787,7697.561,TP,7697.561,2024-02-02 13:05:00+11:00,180,78,39.0,40.12800000000061,5.0
2024-02-05,ashort,-1,7674.255,7649.659,7645.691,7645.691,7666.659,7606.691,TP,7606.691,2024-02-05 11:38:00+11:00,94,0,39.0,39.96799999999985,2.0960000000004584
2024-02-06,ashort,-1,7613.255,7605.159,7593.287,7593.287,7622.159,7554.287,TP,7554.287,2024-02-06 10:39:00+11:00,35,0,39.0,48.66200000000026,12.935999999999694
2024-02-07,ashort,-1,7621.657,7620.561,7619.657,7619.657,7637.561,7580.657,SL,7637.561,2024-02-07 10:14:00+11:00,10,0,-17.90399999999954,4.0,19.935999999999694
2024-02-07,fliplong,1,7621.657,7620.561,7619.657,7637.561,7602.657,7676.561,TIMEOUT,7639.657,2024-02-07 13:05:00+11:00,180,10,2.0960000000004584,5.438000000000102,18.0
2024-02-08,along,1,7619.689,7655.755,7649.223,7655.755,7632.223,7694.755,TIMEOUT,7675.691,2024-02-08 13:07:00+11:00,180,0,19.935999999999694,21.341999999999643,20.064000000000306
2024-02-09,ashort,-1,7643.999,7644.561,7643.593,7643.593,7661.561,7604.593,TIMEOUT,7648.999,2024-02-09 13:18:00+11:00,180,0,-5.405999999999949,14.967999999999847,13.096000000000458
2024-02-12,ashort,-1,7637.593,7627.689,7619.593,7619.593,7644.689,7580.593,TIMEOUT,7618.561,2024-02-12 13:28:00+11:00,180,0,1.0320000000001528,16.0,16.40599999999995
2024-02-13,ashort,-1,7633.625,7634.561,7629.593,7629.593,7651.561,7590.593,TIMEOUT,7613.689,2024-02-13 13:08:00+11:00,180,0,15.903999999999542,32.0,3.032000000000153
2024-02-14,ashort,-1,7509.593,7499.689,7496.689,7496.689,7516.689,7457.689,SL,7516.689,2024-02-14 11:50:00+11:00,106,0,-20.0,6.128000000000611,22.0
2024-02-14,fliplong,1,7509.593,7499.689,7496.689,7516.689,7479.689,7555.689,TIMEOUT,7524.657,2024-02-14 13:04:00+11:00,180,106,7.967999999999847,13.0,5.128000000000611
2024-02-15,along,1,7589.625,7592.625,7590.561,7592.625,7573.561,7631.625,TIMEOUT,7592.593,2024-02-15 13:09:00+11:00,180,0,-0.032000000000152795,30.064000000000306,4.032000000000153
2024-02-16,ashort,-1,7684.999,7691.657,7681.593,7681.593,7708.657,7642.593,TP,7642.593,2024-02-16 11:25:00+11:00,81,0,39.0,39.03200000000015,0.40599999999994907
2024-02-19,along,1,7652.561,7663.999,7656.999,7663.999,7639.999,7702.999,TIMEOUT,7662.657,2024-02-19 13:07:00+11:00,180,0,-1.3419999999996435,17.59400000000005,6.438000000000102
2024-02-20,ashort,-1,7673.597,7666.159,7663.287,7663.287,7683.159,7624.287,TIMEOUT,7644.723,2024-02-20 13:05:00+11:00,180,0,18.564000000000306,22.62800000000061,16.0
2024-02-21,fliplong,1,7621.191,7614.597,7609.255,7631.597,7592.255,7670.597,TIMEOUT,7617.159,2024-02-21 13:04:00+11:00,180,8,-14.438000000000102,12.5,31.341999999999643
2024-02-21,ashort,-1,7621.191,7614.597,7609.255,7609.255,7631.597,7570.255,SL,7631.597,2024-02-21 10:12:00+11:00,8,0,-22.341999999999643,0.032000000000152795,23.341999999999643
2024-02-22,ashort,-1,7619.625,7602.657,7599.561,7599.561,7619.657,7560.561,TIMEOUT,7599.999,2024-02-22 13:06:00+11:00,180,0,-0.43800000000010186,18.87199999999939,17.032000000000153
2024-02-23,along,1,7648.593,7658.999,7648.689,7658.999,7631.689,7697.999,TIMEOUT,7647.657,2024-02-23 10:59:00+11:00,55,0,-11.341999999999643,0.6260000000002037,15.438000000000102
2024-02-26,along,1,7652.287,7671.723,7671.159,7671.723,7654.159,7710.723,SL,7654.159,2024-02-26 12:00:00+11:00,116,0,-17.564000000000306,19.532000000000153,19.532000000000153
2024-02-26,flipshort,-1,7652.287,7671.723,7671.159,7654.159,7688.723,7615.159,TIMEOUT,7649.597,2024-02-26 13:04:00+11:00,180,116,4.561999999999898,11.935999999999694,4.438000000000102
2024-02-27,ashort,-1,7635.593,7640.593,7631.999,7631.999,7657.593,7592.999,TIMEOUT,7644.625,2024-02-27 13:13:00+11:00,180,0,-12.626000000000204,25.373999999999796,18.69000000000051
2024-02-28,ashort,-1,7675.191,7682.593,7674.999,7674.999,7699.593,7635.999,TIMEOUT,7648.287,2024-02-28 13:05:00+11:00,180,0,26.711999999999534,37.77599999999984,9.658000000000357
2024-02-29,along,1,7640.597,7645.255,7643.755,7645.255,7626.755,7684.255,TIMEOUT,7659.561,2024-02-29 13:04:00+11:00,180,0,14.305999999999585,16.435999999999694,15.596000000000458
2024-03-01,along,1,7691.487,7713.625,7698.657,7713.625,7681.657,7752.625,TIMEOUT,7722.455,2024-03-01 13:05:00+11:00,180,0,8.829999999999927,25.373999999999796,17.967999999999847
2024-03-04,along,1,7748.797,7755.487,7747.689,7755.487,7730.689,7794.487,TIMEOUT,7738.797,2024-03-04 13:09:00+11:00,180,0,-16.69000000000051,13.511999999999716,21.829999999999927
2024-03-05,ashort,-1,7733.123,7732.999,7729.625,7729.625,7749.999,7690.625,TIMEOUT,7740.593,2024-03-05 13:06:00+11:00,180,0,-10.967999999999847,21.064000000000306,13.0
2024-03-06,along,1,7704.687,7720.687,7699.559,7720.687,7682.559,7759.687,TIMEOUT,7707.655,2024-03-06 13:11:00+11:00,180,0,-13.032000000000153,7.3100000000004,24.09599999999955
2024-03-07,along,1,7750.355,7753.887,7752.387,7753.887,7735.387,7792.887,SL,7735.387,2024-03-07 10:19:00+11:00,15,0,-18.5,5.3100000000004,19.261999999999716
2024-03-07,flipshort,-1,7750.355,7753.887,7752.387,7735.387,7770.887,7696.387,TIMEOUT,7741.999,2024-03-07 13:05:00+11:00,180,15,-6.61200000000008,0.8260000000000218,35.436000000000604
2024-03-08,ashort,-1,7810.291,7808.657,7801.999,7801.999,7825.657,7762.999,SL,7825.657,2024-03-08 11:15:00+11:00,70,0,-23.658000000000357,3.405999999999949,24.324000000000524
2024-03-08,fliplong,1,7810.291,7808.657,7801.999,7825.657,7784.999,7864.657,TIMEOUT,7819.999,2024-03-08 13:08:00+11:00,180,70,-5.6580000000003565,12.69799999999941,10.365999999999985
2024-03-11,ashort,-1,7805.355,7776.657,7760.561,7760.561,7793.657,7721.561,TIMEOUT,7730.999,2024-03-11 13:10:00+11:00,180,0,29.561999999999898,37.0,3.032000000000153
2024-03-12,along,1,7713.641,7715.715,7713.683,7715.715,7696.683,7754.715,TIMEOUT,7717.743,2024-03-12 13:04:00+11:00,180,0,2.0280000000002474,20.8779999999997,10.122000000000298
2024-03-13,ashort,-1,7730.663,7729.673,7721.593,7721.593,7746.673,7682.593,TIMEOUT,7722.625,2024-03-13 10:59:00+11:00,55,0,-1.0320000000001528,11.032000000000153,10.538000000000466
2024-03-18,ashort,-1,7663.913,7658.487,7651.891,7651.891,7675.487,7612.891,TIMEOUT,7669.483,2024-03-18 13:04:00+11:00,180,0,-17.592000000000553,12.329999999999927,22.108000000000175
2024-03-19,along,1,7676.817,7683.147,7680.741,7683.147,7663.741,7722.147,TIMEOUT,7677.147,2024-03-19 13:04:00+11:00,180,0,-6.0,1.636000000000422,16.58600000000024
2024-03-20,along,1,7718.187,7722.147,7713.225,7722.147,7696.225,7761.147,TIMEOUT,7724.657,2024-03-20 13:05:00+11:00,180,0,2.5100000000002183,15.94000000000051,17.58600000000024
2024-03-21,along,1,7745.241,7771.689,7756.657,7771.689,7739.657,7810.689,SL,7739.657,2024-03-21 11:14:00+11:00,70,0,-32.03200000000015,6.0,32.12800000000061
2024-03-21,flipshort,-1,7745.241,7771.689,7756.657,7739.657,7788.689,7700.657,TIMEOUT,7740.415,2024-03-21 13:05:00+11:00,180,70,-0.7579999999998108,19.115999999999985,7.0
2024-03-22,ashort,-1,7775.999,7777.415,7772.943,7772.943,7794.415,7733.943,TIMEOUT,7745.527,2024-03-22 13:04:00+11:00,180,0,27.416000000000167,33.38200000000052,4.3859999999995125
2024-03-25,along,1,7776.673,7793.999,7781.689,7793.999,7764.689,7832.999,TP,7832.999,2024-03-25 10:47:00+11:00,43,0,39.0,40.038000000000466,1.0
2024-03-27,along,1,7768.681,7771.087,7764.283,7771.087,7747.283,7810.087,TIMEOUT,7786.315,2024-03-27 10:59:00+11:00,55,0,15.227999999999156,20.639999999999418,4.430000000000291
2024-08-20,ashort,-1,8023.999,8022.963,8022.921,8022.921,8039.963,7983.921,TIMEOUT,7994.625,2024-08-20 13:04:00+10:00,180,0,28.296000000000276,29.360000000000582,3.9899999999997817
2024-08-21,ashort,-1,7956.593,7954.999,7954.625,7954.625,7971.999,7915.625,SL,7971.999,2024-08-21 10:08:00+10:00,4,0,-17.373999999999796,1.2640000000001237,18.55199999999968
2024-08-21,fliplong,1,7956.593,7954.999,7954.625,7971.999,7937.625,8010.999,TIMEOUT,7967.593,2024-08-21 13:05:00+10:00,180,4,-4.405999999999949,5.828000000000429,22.438000000000102
2024-08-22,ashort,-1,8030.625,8029.689,8025.625,8025.625,8046.689,7986.625,TIMEOUT,8028.625,2024-08-22 13:04:00+10:00,180,0,-3.0,7.0,13.021999999999935
2024-08-23,along,1,7989.657,7998.419,7994.625,7998.419,7977.625,8037.419,TIMEOUT,8011.759,2024-08-23 13:04:00+10:00,180,0,13.340000000000146,17.579999999999927,10.826000000000022
2024-08-26,along,1,8045.625,8055.999,8052.999,8055.999,8035.999,8094.999,TIMEOUT,8067.095,2024-08-26 13:09:00+10:00,180,0,11.096000000000458,31.658000000000357,9.341999999999643
2024-08-27,along,1,8081.625,8083.689,8081.657,8083.689,8064.657,8122.689,TIMEOUT,8078.657,2024-08-27 13:06:00+10:00,180,0,-5.032000000000153,18.967999999999847,7.128000000000611
2024-08-28,along,1,8019.593,8037.549,8033.625,8037.549,8016.625,8076.549,SL,8016.625,2024-08-28 11:30:00+10:00,86,0,-20.923999999999978,15.481999999999971,32.95600000000013
2024-08-28,flipshort,-1,8019.593,8037.549,8033.625,8016.625,8054.549,7977.625,TIMEOUT,8033.007,2024-08-28 13:04:00+10:00,180,86,-16.381999999999607,12.032000000000153,20.373999999999796
2024-08-29,fliplong,1,8023.561,8019.181,8017.593,8036.181,8000.593,8075.181,TIMEOUT,8038.625,2024-08-29 13:04:00+10:00,180,40,2.4440000000004147,5.006000000000313,20.61999999999989
2024-08-29,ashort,-1,8023.561,8019.181,8017.593,8017.593,8036.181,7978.593,SL,8036.181,2024-08-29 10:44:00+10:00,40,0,-18.587999999999738,0.0,19.274000000000342
2024-08-30,ashort,-1,8089.149,8084.765,8080.679,8080.679,8101.765,8041.679,TIMEOUT,8077.315,2024-08-30 13:04:00+10:00,180,0,3.3640000000004875,14.08600000000024,4.319999999999709
2024-09-04,along,1,7983.199,8001.775,7988.731,8001.775,7971.731,8040.775,SL,7971.731,2024-09-04 10:38:00+10:00,34,0,-30.04399999999987,1.5320000000001528,32.53399999999965
2024-09-04,flipshort,-1,7983.199,8001.775,7988.731,7971.731,8018.775,7932.731,TIMEOUT,7950.713,2024-09-04 13:04:00+10:00,180,34,21.01800000000003,34.521999999999935,5.444000000000415
2024-09-05,along,1,7947.999,7964.625,7954.689,7964.625,7937.689,8003.625,TIMEOUT,7966.657,2024-09-05 13:05:00+10:00,180,0,2.032000000000153,29.42199999999957,5.935999999999694
2024-09-06,along,1,7980.697,7981.397,7978.397,7981.397,7961.397,8020.397,TP,8020.397,2024-09-06 12:03:00+10:00,119,0,39.0,40.29200000000037,2.7399999999997817
2024-09-09,along,1,7900.593,7913.857,7898.867,7913.857,7881.867,7952.857,TP,7952.857,2024-09-09 10:39:00+10:00,35,0,39.0,39.141999999999825,3.2960000000002765
2024-09-10,ashort,-1,8055.999,8046.479,8044.585,8044.585,8063.479,8005.585,TIMEOUT,8033.727,2024-09-10 13:04:00+10:00,180,0,10.858000000000175,18.99200000000019,12.042000000000371
2024-09-11,along,1,8017.087,8017.905,8016.991,8017.905,7999.991,8056.905,SL,7999.991,2024-09-11 10:54:00+10:00,50,0,-17.91399999999976,3.0,18.247999999999593
2024-09-11,flipshort,-1,8017.087,8017.905,8016.991,7999.991,8034.905,7960.991,TIMEOUT,7997.625,2024-09-11 13:04:00+10:00,180,50,2.3659999999999854,28.365999999999985,3.007999999999811
2024-09-12,along,1,8027.599,8034.173,8027.141,8034.173,8010.141,8073.173,TIMEOUT,8031.953,2024-09-12 13:04:00+10:00,180,0,-2.219999999999345,15.134000000000015,10.434000000000196
2024-09-13,along,1,8115.689,8124.625,8120.657,8124.625,8103.657,8163.625,SL,8103.657,2024-09-13 11:23:00+10:00,79,0,-20.967999999999847,21.03399999999965,20.967999999999847
2024-09-13,flipshort,-1,8115.689,8124.625,8120.657,8103.657,8141.625,8064.657,TIMEOUT,8092.669,2024-09-13 13:04:00+10:00,180,79,10.988000000000284,12.032000000000153,19.220000000000255
2024-09-16,along,1,8119.477,8133.977,8133.039,8133.977,8116.039,8172.977,SL,8116.039,2024-09-16 11:17:00+10:00,73,0,-17.938000000000102,13.087999999999738,18.587999999999738
2024-09-16,flipshort,-1,8119.477,8133.977,8133.039,8116.039,8150.977,8077.039,TIMEOUT,8134.329,2024-09-16 13:04:00+10:00,180,73,-18.289999999999964,0.6499999999996362,21.288000000000466
2024-09-23,ashort,-1,8156.561,8142.625,8141.593,8141.593,8159.625,8102.593,SL,8159.625,2024-09-23 12:30:00+10:00,146,0,-18.032000000000153,13.967999999999847,19.09600000000046
2024-09-23,fliplong,1,8156.561,8142.625,8141.593,8159.625,8124.593,8198.625,TIMEOUT,8172.657,2024-09-23 13:04:00+10:00,180,146,13.032000000000153,13.032000000000153,4.064000000000306
2024-09-24,ashort,-1,8153.625,8156.657,8150.561,8150.561,8173.657,8111.561,SL,8173.657,2024-09-24 11:14:00+10:00,70,0,-23.09600000000046,2.967999999999847,23.12800000000061
2024-09-24,fliplong,1,8153.625,8156.657,8150.561,8173.657,8133.561,8212.657,SL,8133.561,2024-09-24 11:58:00+10:00,114,70,-40.09600000000046,2.032000000000153,42.064000000000306
2024-09-25,flipshort,-1,8182.561,8183.657,8176.561,8159.561,8200.657,8120.561,TIMEOUT,8147.999,2024-09-25 13:05:00+10:00,180,17,11.561999999999898,23.967999999999847,3.128000000000611
2024-09-25,along,1,8182.561,8183.657,8176.561,8183.657,8159.561,8222.657,SL,8159.561,2024-09-25 10:21:00+10:00,17,0,-24.09600000000046,1.0,24.09600000000046
2024-09-26,along,1,8148.689,8176.593,8163.561,8176.593,8146.561,8215.593,TIMEOUT,8183.689,2024-09-26 13:05:00+10:00,180,0,7.096000000000458,24.00000000000091,12.032000000000153
2024-09-27,ashort,-1,8225.625,8215.625,8205.561,8205.561,8232.625,8166.561,TIMEOUT,8205.561,2024-09-27 13:06:00+10:00,180,0,-0.0,3.9679999999989377,19.12800000000061
2024-09-30,along,1,8239.689,8262.657,8248.657,8262.657,8231.657,8301.657,TIMEOUT,8269.561,2024-09-30 13:04:00+10:00,180,0,6.904000000000451,20.342000000000553,18.09599999999955
2024-10-01,flipshort,-1,8232.689,8240.689,8234.593,8217.593,8257.689,8178.593000000001,TIMEOUT,8204.625,2024-10-01 13:06:00+10:00,180,129,12.968000000000757,16.968000000000757,1.4059999999990396
2024-10-01,along,1,8232.689,8240.689,8234.593,8240.689,8217.593,8279.689,SL,8217.593,2024-10-01 12:13:00+10:00,129,0,-23.09599999999955,4.309999999999491,24.12800000000061
2024-10-02,ashort,-1,8194.561,8186.593,8174.999,8174.999,8203.593,8135.999,SL,8203.593,2024-10-02 11:03:00+10:00,59,0,-28.59400000000096,1.3419999999996435,29.626000000000204
2024-10-02,fliplong,1,8194.561,8186.593,8174.999,8203.593,8157.999,8242.593,TIMEOUT,8203.999,2024-10-02 13:05:00+10:00,180,59,0.4059999999990396,9.40599999999904,5.032000000001062
2024-10-03,ashort,-1,8214.561,8216.593,8207.999,8207.999,8233.593,8168.999,TIMEOUT,8195.561,2024-10-03 13:05:00+10:00,180,0,12.438000000000102,26.373999999999796,2.0
2024-10-04,ashort,-1,8170.689,8153.561,8139.561,8139.561,8170.561,8100.561,TIMEOUT,8141.561,2024-10-04 13:05:00+10:00,180,0,-2.0,32.96799999999985,8.128000000000611
2024-10-07,fliplong,1,8173.689,8171.625,8166.689,8188.625,8149.689,8227.625,TIMEOUT,8198.689,2024-10-07 13:05:00+11:00,180,135,10.064000000000306,14.373999999999796,0.9679999999998472
2024-10-07,ashort,-1,8173.689,8171.625,8166.689,8166.689,8188.625,8127.689,SL,8188.625,2024-10-07 12:19:00+11:00,135,0,-21.935999999999694,26.69000000000051,23.30999999999949
2024-10-08,along,1,8181.593,8189.593,8183.689,8189.593,8166.689,8228.593,TIMEOUT,8196.593,2024-10-08 13:04:00+11:00,180,0,7.0000000000009095,36.40599999999995,3.032000000000153
2024-10-09,along,1,8192.999,8204.561,8202.625,8204.561,8185.625,8243.561,SL,8185.625,2024-10-09 13:05:00+11:00,179,0,-18.935999999999694,22.032000000001062,19.967999999999847
2024-10-09,flipshort,-1,8192.999,8204.561,8202.625,8185.625,8221.561,8146.625,TIMEOUT,8185.593,2024-10-09 13:06:00+11:00,180,179,0.032000000000152795,1.0320000000001528,3.0
2024-10-10,along,1,8207.657,8214.561,8213.625,8214.561,8196.625,8253.561,TIMEOUT,8217.625,2024-10-10 14:13:00+11:00,180,0,3.0640000000003056,28.032000000001062,1.904000000000451
2024-10-11,fliplong,1,8208.593,8202.689,8200.561,8219.689,8183.561,8258.689,TIMEOUT,8217.593,2024-10-11 13:05:00+11:00,180,80,-2.095999999999549,3.904000000000451,23.12800000000061
2024-10-11,ashort,-1,8208.593,8202.689,8200.561,8200.561,8219.689,8161.561,SL,8219.689,2024-10-11 11:24:00+11:00,80,0,-19.12800000000061,1.0,20.12800000000061
2024-10-14,flipshort,-1,8245.999,8261.593,8246.593,8229.593,8278.593,8190.593000000001,TIMEOUT,8244.625,2024-10-14 13:04:00+11:00,180,13,-15.031999999999243,4.032000000001062,29.09599999999955
2024-10-14,along,1,8245.999,8261.593,8246.593,8261.593,8229.593,8300.593,SL,8229.593,2024-10-14 10:17:00+11:00,13,0,-32.0,0.0319999999992433,32.03200000000106
2024-10-15,along,1,8283.561,8293.561,8292.689,8293.561,8275.689,8332.561,TIMEOUT,8326.689,2024-10-15 13:06:00+11:00,180,0,33.12800000000061,34.4380000000001,4.0
2024-10-16,fliplong,1,8281.657,8287.593,8279.689,8304.593,8262.689,8343.593,TIMEOUT,8296.689,2024-10-16 13:04:00+11:00,180,148,-7.904000000000451,2.095999999999549,10.032000000001062
2024-10-16,ashort,-1,8281.657,8287.593,8279.689,8279.689,8304.593,8240.689,SL,8304.593,2024-10-16 12:32:00+11:00,148,0,-24.90400000000045,8.128000000000611,24.967999999998938
2024-10-17,flipshort,-1,8353.689,8364.689,8359.999,8342.999,8381.689,8303.999,TIMEOUT,8353.689,2024-10-17 13:05:00+11:00,180,97,-10.69000000000051,3.3099999999994907,24.626000000000204
2024-10-17,along,1,8353.689,8364.689,8359.999,8364.689,8342.999,8403.689,SL,8342.999,2024-10-17 11:41:00+11:00,97,0,-21.69000000000051,23.30999999999949,22.09599999999955
2024-10-18,ashort,-1,8323.561,8322.999,8315.689,8315.689,8339.999,8276.689,TIMEOUT,8289.593,2024-10-18 13:04:00+11:00,180,0,26.09599999999955,28.12800000000061,13.967999999998938
2024-10-21,along,1,8329.999,8337.561,8328.999,8337.561,8311.999,8376.561,TIMEOUT,8332.561,2024-10-21 13:04:00+11:00,180,0,-5.0,15.438000000000102,15.0
2024-10-22,ashort,-1,8275.561,8278.625,8269.625,8269.625,8295.625,8230.625,TP,8230.625,2024-10-22 11:58:00+11:00,114,0,39.0,55.935999999999694,1.0640000000003056
2024-10-23,flipshort,-1,8223.657,8226.561,8221.625,8204.625,8243.561,8165.625,TIMEOUT,8205.999,2024-10-23 13:06:00+11:00,180,180,-1.3739999999997963,0.06400000000030559,2.0319999999992433
2024-10-23,along,1,8223.657,8226.561,8221.625,8226.561,8204.625,8265.561,SL,8204.625,2024-10-23 13:06:00+11:00,180,0,-21.935999999999694,9.095999999999549,22.0
2024-10-24,ashort,-1,8193.593,8195.689,8190.689,8190.689,8212.689,8151.689,SL,8212.689,2024-10-24 11:35:00+11:00,91,0,-22.0,10.096000000000458,23.0
2024-10-24,fliplong,1,8193.593,8195.689,8190.689,8212.689,8173.689,8251.689,TIMEOUT,8231.657,2024-10-24 13:04:00+11:00,180,91,18.967999999998938,22.30999999999949,1.0
2024-10-25,ashort,-1,8222.625,8216.561,8215.657,8215.657,8233.561,8176.656999999999,SL,8233.561,2024-10-25 10:47:00+11:00,43,0,-17.90400000000045,2.095999999999549,17.936000000001513
2024-10-25,fliplong,1,8222.625,8216.561,8215.657,8233.561,8198.657,8272.561,TIMEOUT,8225.561,2024-10-25 13:04:00+11:00,180,43,-8.0,15.438000000000102,8.0
2024-10-28,ashort,-1,8239.999,8224.625,8222.593,8222.593,8241.625,8183.593000000001,TIMEOUT,8220.999,2024-10-28 13:09:00+11:00,180,0,1.5940000000009604,28.0,5.095999999999549
2024-10-29,along,1,8254.657,8257.561,8257.561,8257.561,8240.561,8296.561,TIMEOUT,8257.657,2024-10-29 13:04:00+11:00,180,0,0.09599999999954889,9.128000000000611,11.967999999998938
2024-10-30,ashort,-1,8246.561,8246.625,8237.657,8237.657,8263.625,8198.657,TP,8198.657,2024-10-30 13:02:00+11:00,178,0,39.0,40.06399999999849,3.0320000000010623
2024-10-31,flipshort,-1,8160.689,8175.657,8167.999,8150.999,8192.657,8111.999,TIMEOUT,8139.593,2024-10-31 13:05:00+11:00,180,109,11.405999999999949,13.438000000000102,19.658000000000357
2024-10-31,along,1,8160.689,8175.657,8167.999,8175.657,8150.999,8214.657,SL,8150.999,2024-10-31 11:54:00+11:00,109,0,-24.658000000000357,6.3419999999996435,25.032000000000153
2024-11-01,ashort,-1,8106.657,8091.999,8072.657,8072.657,8108.999,8033.657,TIMEOUT,8082.657,2024-11-01 13:04:00+11:00,180,0,-10.0,13.064000000000306,18.032000000000153
2024-11-04,along,1,8141.561,8162.561,8154.689,8162.561,8137.689,8201.561,SL,8137.689,2024-11-04 10:38:00+11:00,34,0,-24.87199999999939,1.1280000000006112,25.0
2024-11-04,flipshort,-1,8141.561,8162.561,8154.689,8137.689,8179.561,8098.689,TIMEOUT,8146.561,2024-11-04 13:06:00+11:00,180,34,-8.871999999999389,8.128000000000611,13.30999999999949
2024-11-05,ashort,-1,8137.625,8137.593,8133.999,8133.999,8154.593,8094.999,TIMEOUT,8125.593,2024-11-05 13:07:00+11:00,180,0,8.405999999999949,23.438000000000102,7.594000000000051
2024-11-06,along,1,8196.625,8202.561,8197.657,8202.561,8180.656999999999,8241.561,SL,8180.656999999999,2024-11-06 10:40:00+11:00,36,0,-21.90400000000045,4.128000000000611,23.0
2024-11-06,flipshort,-1,8196.625,8202.561,8197.657,8180.656999999999,8219.561,8141.656999999999,TIMEOUT,8202.593,2024-11-06 13:04:00+11:00,180,36,-21.936000000001513,1.095999999999549,29.032000000001062
2024-11-07,ashort,-1,8230.689,8241.561,8227.689,8227.689,8258.561,8188.689,TP,8188.689,2024-11-07 10:34:00+11:00,30,0,39.0,42.12800000000061,4.967999999998938
2024-11-08,ashort,-1,8312.689,8310.593,8297.561,8297.561,8327.593,8258.561,TIMEOUT,8299.593,2024-11-08 13:05:00+11:00,180,0,-2.0320000000010623,13.0,22.438000000000102
2024-11-11,ashort,-1,8264.999,8260.561,8254.593,8254.593,8277.561,8215.593,SL,8277.561,2024-11-11 10:49:00+11:00,44,0,-22.967999999998938,1.9360000000015134,25.40599999999904
2024-11-11,fliplong,1,8264.999,8260.561,8254.593,8277.561,8237.593,8316.561,TIMEOUT,8260.689,2024-11-11 13:06:00+11:00,180,44,-16.87199999999939,2.438000000000102,31.0
2024-11-12,ashort,-1,8262.593,8251.593,8248.561,8248.561,8268.593,8209.561,TIMEOUT,8238.561,2024-11-12 13:10:00+11:00,180,0,10.0,33.0,9.064000000000306
2024-11-13,ashort,-1,8170.657,8166.999,8151.625,8151.625,8183.999,8112.625,TIMEOUT,8164.689,2024-11-13 13:04:00+11:00,180,0,-13.064000000000306,14.626000000000204,23.064000000000306
2024-11-14,along,1,8216.999,8225.657,8221.593,8225.657,8204.593,8264.657,TIMEOUT,8221.689,2024-11-14 13:07:00+11:00,180,0,-3.9679999999989377,13.968000000000757,10.063999999998487
2024-11-15,ashort,-1,8264.625,8259.689,8253.625,8253.625,8276.689,8214.625,TIMEOUT,8258.689,2024-11-15 13:04:00+11:00,180,0,-5.064000000000306,12.031999999999243,21.373999999999796
2024-11-18,ashort,-1,8253.561,8248.657,8246.625,8246.625,8265.657,8207.625,SL,8265.657,2024-11-18 11:06:00+11:00,61,0,-19.031999999999243,3.0640000000003056,19.064000000000306
2024-11-18,fliplong,1,8253.561,8248.657,8246.625,8265.657,8229.625,8304.657,TIMEOUT,8284.657,2024-11-18 13:07:00+11:00,180,61,19.0,27.342000000000553,4.095999999999549
2024-11-19,ashort,-1,8308.625,8307.593,8292.561,8292.561,8324.593,8253.561,SL,8324.593,2024-11-19 10:27:00+11:00,23,0,-32.03200000000106,0.0,32.4380000000001
2024-11-19,fliplong,1,8308.625,8307.593,8292.561,8324.593,8275.561,8363.593,TP,8363.593,2024-11-19 11:59:00+11:00,113,23,39.0,39.06399999999849,2.9360000000015134
2024-11-20,ashort,-1,8363.689,8353.561,8351.593,8351.593,8370.561,8312.593,TIMEOUT,8338.657,2024-11-20 13:10:00+11:00,180,0,12.936000000001513,24.032000000001062,7.40599999999904
2024-11-21,along,1,8336.657,8353.689,8340.593,8353.689,8323.593,8392.689,SL,8323.593,2024-11-21 11:36:00+11:00,92,0,-30.09599999999955,11.0,30.12800000000061
2024-11-21,flipshort,-1,8336.657,8353.689,8340.593,8323.593,8370.689,8284.593,TIMEOUT,8321.999,2024-11-21 13:04:00+11:00,180,92,1.5940000000009604,10.0,12.031999999999243
2024-11-22,ashort,-1,8384.657,8377.561,8375.625,8375.625,8394.561,8336.625,SL,8394.561,2024-11-22 10:34:00+11:00,30,0,-18.935999999999694,3.0,19.373999999999796
2024-11-22,fliplong,1,8384.657,8377.561,8375.625,8394.561,8358.625,8433.561,TIMEOUT,8404.999,2024-11-22 13:05:00+11:00,180,30,10.438000000000102,17.12800000000061,15.967999999998938
2024-11-25,along,1,8446.657,8468.657,8468.625,8468.657,8451.625,8507.657,SL,8451.625,2024-11-25 10:11:00+11:00,7,0,-17.031999999999243,2.342000000000553,21.031999999999243
2024-11-25,flipshort,-1,8446.657,8468.657,8468.625,8451.625,8485.657,8412.625,TIMEOUT,8446.689,2024-11-25 13:05:00+11:00,180,7,4.935999999999694,18.064000000000306,10.064000000000306
2024-11-26,ashort,-1,8447.561,8446.657,8441.657,8441.657,8463.657,8402.657,TP,8402.657,2024-11-26 10:50:00+11:00,46,0,39.0,43.06399999999849,2.0
2024-11-27,fliplong,1,8403.999,8399.657,8398.689,8416.657,8381.689,8455.657,TIMEOUT,8405.561,2024-11-27 13:05:00+11:00,180,86,-11.095999999999549,6.032000000001062,29.657999999999447
2024-11-27,ashort,-1,8403.999,8399.657,8398.689,8398.689,8416.657,8359.689,SL,8416.657,2024-11-27 11:30:00+11:00,86,0,-17.967999999998938,8.064000000000306,24.0
2024-11-28,along,1,8429.689,8441.689,8433.593,8441.689,8416.593,8480.689,TIMEOUT,8461.689,2024-11-28 13:15:00+11:00,180,0,20.0,20.30999999999949,5.128000000000611
2024-11-29,ashort,-1,8418.561,8416.561,8406.625,8406.625,8433.561,8367.625,TIMEOUT,8412.689,2024-11-29 13:06:00+11:00,180,0,-6.064000000000306,24.064000000000306,8.064000000000306
2024-12-02,ashort,-1,8457.999,8460.625,8454.999,8454.999,8477.625,8415.999,TIMEOUT,8452.561,2024-12-02 13:04:00+11:00,180,0,2.438000000000102,15.40599999999904,12.0
2024-12-03,ashort,-1,8502.625,8499.593,8497.689,8497.689,8516.593,8458.689,TIMEOUT,8500.657,2024-12-03 13:14:00+11:00,180,0,-2.9679999999989377,6.128000000000611,16.30999999999949
2024-12-04,ashort,-1,8474.561,8470.593,8457.657,8457.657,8487.593,8418.657,TIMEOUT,8449.561,2024-12-04 13:07:00+11:00,180,0,8.095999999999549,30.967999999998938,11.968000000000757
2024-12-05,along,1,8475.561,8485.625,8481.625,8485.625,8464.625,8524.625,TIMEOUT,8491.625,2024-12-05 13:08:00+11:00,180,0,6.0,7.0,17.968000000000757
2024-12-06,ashort,-1,8449.625,8451.999,8436.593,8436.593,8468.999,8397.593,TIMEOUT,8428.593,2024-12-06 13:09:00+11:00,180,0,8.0,16.0,16.40599999999904
2024-12-09,ashort,-1,8399.593,8383.657,8378.593,8378.593,8400.657,8339.593,SL,8400.657,2024-12-09 12:26:00+11:00,142,0,-22.063999999998487,11.936000000001513,23.0
2024-12-09,fliplong,1,8399.593,8383.657,8378.593,8400.657,8361.593,8439.657,TIMEOUT,8410.689,2024-12-09 13:06:00+11:00,180,142,10.032000000001062,11.342000000000553,3.095999999999549
2024-12-10,flipshort,-1,8429.593,8435.689,8429.657,8412.657,8452.689,8373.657,TP,8373.657,2024-12-10 12:31:00+11:00,147,20,39.0,39.03199999999924,3.9680000000007567
2024-12-10,along,1,8429.593,8435.689,8429.657,8435.689,8412.657,8474.689,SL,8412.657,2024-12-10 10:24:00+11:00,20,0,-23.032000000001062,1.3099999999994907,25.064000000000306
2024-12-11,flipshort,-1,8370.689,8376.561,8374.999,8357.999,8393.561,8318.999,TIMEOUT,8349.625,2024-12-11 13:07:00+11:00,180,84,8.373999999999796,17.40599999999904,7.59400000000096
2024-12-11,along,1,8370.689,8376.561,8374.999,8376.561,8357.999,8415.561,SL,8357.999,2024-12-11 11:28:00+11:00,84,0,-18.561999999999898,3.438000000000102,18.967999999998938
2024-12-12,ashort,-1,8387.689,8383.625,8377.689,8377.689,8400.625,8338.689,TP,8338.689,2024-12-12 12:46:00+11:00,148,0,39.0,39.69000000000051,7.309999999999491
2024-12-13,ashort,-1,8269.593,8268.689,8260.625,8260.625,8285.689,8221.625,TIMEOUT,8271.657,2024-12-13 13:12:00+11:00,180,0,-11.031999999999243,5.626000000000204,24.031999999999243
2024-12-16,along,1,8255.561,8285.593,8271.625,8285.593,8254.625,8324.593,TIMEOUT,8267.689,2024-12-16 13:05:00+11:00,180,0,-17.90400000000045,0.0,22.032000000001062
2024-12-17,along,1,8227.625,8240.999,8223.999,8240.999,8206.999,8279.999,TP,8279.999,2024-12-17 10:46:00+11:00,42,0,39.0,39.0,3.438000000000102
2024-12-18,along,1,8297.593,8321.561,8314.657,8321.561,8297.657,8360.561,TIMEOUT,8337.657,2024-12-18 13:09:00+11:00,180,0,16.09599999999955,24.12800000000061,13.0
2024-12-19,ashort,-1,8176.689,8158.593,8140.657,8140.657,8175.593,8101.657,TIMEOUT,8149.561,2024-12-19 13:04:00+11:00,180,0,-8.903999999999542,26.09600000000046,29.341999999999643
2024-12-20,along,1,8118.999,8132.625,8119.689,8132.625,8102.689,8171.625,SL,8102.689,2024-12-20 10:12:00+11:00,8,0,-29.935999999999694,0.0,30.064000000000306
2024-12-20,flipshort,-1,8118.999,8132.625,8119.689,8102.689,8149.625,8063.689,TP,8063.689,2024-12-20 13:00:00+11:00,175,8,39.0,42.0,6.903999999999542
2024-12-23,along,1,8065.625,8114.625,8108.625,8114.625,8091.625,8153.625,TP,8153.625,2024-12-23 12:36:00+11:00,152,0,39.0,41.373999999999796,12.0
2024-12-24,along,1,8197.689,8204.657,8204.657,8204.657,8187.656999999999,8243.657,TIMEOUT,8207.625,2024-12-24 13:08:00+11:00,180,0,2.9680000000007567,10.342000000000553,14.657999999999447
2024-12-30,ashort,-1,8226.689,8226.625,8224.689,8224.689,8243.625,8185.689,SL,8243.625,2024-12-30 10:12:00+11:00,8,0,-18.935999999999694,3.095999999999549,22.0
2024-12-30,fliplong,1,8226.689,8226.625,8224.689,8243.625,8207.689,8282.625,SL,8207.689,2024-12-30 13:01:00+11:00,176,8,-35.935999999999694,3.0640000000003056,36.03199999999924
2024-12-31,ashort,-1,8184.999,8186.561,8178.999,8178.999,8203.561,8139.999,TIMEOUT,8182.625,2024-12-31 13:12:00+11:00,180,0,-3.6260000000002037,10.373999999999796,17.657999999999447
2025-01-03,along,1,8192.689,8200.689,8191.561,8200.689,8174.561,8239.689,TP,8239.689,2025-01-03 11:59:00+11:00,113,0,39.0,41.0,0.12800000000061118
2025-01-06,flipshort,-1,8269.593,8286.561,8285.625,8268.625,8303.561,8229.625,TIMEOUT,8258.625,2025-01-06 13:05:00+11:00,180,75,10.0,15.064000000000306,7.373999999999796
2025-01-06,along,1,8269.593,8286.561,8285.625,8286.561,8268.625,8325.561,SL,8268.625,2025-01-06 11:19:00+11:00,75,0,-17.935999999999694,5.438000000000102,17.967999999998938
2025-01-07,along,1,8270.689,8285.561,8278.625,8285.561,8261.625,8324.561,SL,8261.625,2025-01-07 12:36:00+11:00,151,0,-23.935999999999694,11.064000000000306,23.967999999998938
2025-01-07,flipshort,-1,8270.689,8285.561,8278.625,8261.625,8302.561,8222.625,TIMEOUT,8277.999,2025-01-07 13:06:00+11:00,180,151,-16.373999999999796,0.0319999999992433,17.031999999999243
2025-01-08,fliplong,1,8266.561,8260.657,8258.561,8277.657,8241.561,8316.657,TP,8316.657,2025-01-08 12:11:00+11:00,126,42,39.0,39.90400000000045,5.095999999999549
2025-01-08,ashort,-1,8266.561,8260.657,8258.561,8258.561,8277.657,8219.561,SL,8277.657,2025-01-08 10:46:00+11:00,42,0,-19.09599999999955,0.0,20.09599999999955
2025-01-09,ashort,-1,8323.561,8302.999,8299.593,8299.593,8319.999,8260.593,TIMEOUT,8301.625,2025-01-09 13:05:00+11:00,180,0,-2.0319999999992433,10.968000000000757,17.09599999999955
2025-01-10,flipshort,-1,8344.689,8354.657,8338.657,8321.657,8371.657,8282.657,TP,8282.657,2025-01-10 11:42:00+11:00,98,40,39.0,41.09599999999955,5.904000000000451
2025-01-10,along,1,8344.689,8354.657,8338.657,8354.657,8321.657,8393.657,SL,8321.657,2025-01-10 10:44:00+11:00,40,0,-33.0,0.342000000000553,33.09599999999955
2025-01-13,along,1,8219.593,8220.999,8213.561,8220.999,8196.561,8259.999,SL,8196.561,2025-01-13 10:21:00+11:00,17,0,-24.438000000000102,0.6260000000002037,24.438000000000102
2025-01-13,flipshort,-1,8219.593,8220.999,8213.561,8196.561,8237.999,8157.561,TIMEOUT,8178.999,2025-01-13 13:04:00+11:00,180,17,17.561999999999898,28.935999999999694,38.064000000000306
2025-01-14,along,1,8233.625,8237.625,8236.593,8237.625,8219.593,8276.625,SL,8219.593,2025-01-14 11:29:00+11:00,85,0,-18.031999999999243,16.373999999999796,19.968000000000757
2025-01-14,flipshort,-1,8233.625,8237.625,8236.593,8219.593,8254.625,8180.593000000001,TIMEOUT,8206.999,2025-01-14 13:07:00+11:00,180,85,12.59400000000096,16.968000000000757,6.967999999998938
2025-01-15,along,1,8227.625,8252.625,8244.657,8252.625,8227.657,8291.625,TIMEOUT,8239.999,2025-01-15 13:15:00+11:00,180,0,-12.626000000000204,10.373999999999796,14.064000000000306
2025-01-16,along,1,8325.999,8348.689,8338.593,8348.689,8321.593,8387.689,SL,8321.593,2025-01-16 11:30:00+11:00,85,0,-27.09599999999955,2.9679999999989377,31.032000000001062
2025-01-16,flipshort,-1,8325.999,8348.689,8338.593,8321.593,8365.689,8282.593,TIMEOUT,8321.625,2025-01-16 13:07:00+11:00,180,85,-0.0319999999992433,6.032000000001062,19.40599999999904
2025-01-17,along,1,8324.593,8333.689,8324.625,8333.689,8307.625,8372.689,TIMEOUT,8328.999,2025-01-17 13:11:00+11:00,180,0,-4.690000000000509,12.30999999999949,20.09599999999955
2025-01-20,ashort,-1,8339.657,8334.561,8332.689,8332.689,8351.561,8293.689,TIMEOUT,8326.999,2025-01-20 13:12:00+11:00,180,0,5.690000000000509,11.0,14.871999999999389
2025-01-21,along,1,8371.657,8391.999,8381.999,8391.999,8364.999,8430.999,TIMEOUT,8426.561,2025-01-21 10:59:00+11:00,55,0,34.5619999999999,36.69000000000051,12.438000000000102
2025-01-23,ashort,-1,8395.689,8401.625,8393.561,8393.561,8418.625,8354.561,TIMEOUT,8373.999,2025-01-23 13:08:00+11:00,180,0,19.561999999999898,26.0,17.12800000000061
2025-01-24,fliplong,1,8396.625,8394.689,8392.593,8411.689,8375.593,8450.689,TIMEOUT,8407.625,2025-01-24 10:59:00+11:00,54,26,-4.064000000000306,8.967999999998938,5.064000000000306
2025-01-24,ashort,-1,8396.625,8394.689,8392.593,8392.593,8411.689,8353.593,SL,8411.689,2025-01-24 10:31:00+11:00,26,0,-19.09599999999955,0.0,19.09599999999955
2025-01-28,ashort,-1,8406.593,8402.561,8395.999,8395.999,8419.561,8356.999,SL,8419.561,2025-01-28 11:02:00+11:00,58,0,-23.561999999999898,8.373999999999796,23.69000000000051
2025-01-28,fliplong,1,8406.593,8402.561,8395.999,8419.561,8378.999,8458.561,TIMEOUT,8402.625,2025-01-28 13:04:00+11:00,180,58,-16.935999999999694,7.438000000000102,22.967999999998938
2025-01-29,ashort,-1,8422.561,8425.999,8420.657,8420.657,8442.999,8381.657,SL,8442.999,2025-01-29 11:07:00+11:00,63,0,-22.342000000000553,3.095999999999549,23.342000000000553
2025-01-29,fliplong,1,8422.561,8425.999,8420.657,8442.999,8403.657,8481.999,TIMEOUT,8473.689,2025-01-29 13:05:00+11:00,180,63,30.69000000000051,34.59400000000096,8.342000000000553
2025-01-30,along,1,8446.657,8456.593,8450.689,8456.593,8433.689,8495.593,TP,8495.593,2025-01-30 12:43:00+11:00,154,0,39.0,40.0,9.968000000000757
2025-01-31,along,1,8520.561,8527.689,8523.625,8527.689,8506.625,8566.689,TP,8566.689,2025-01-31 11:17:00+11:00,73,0,39.0,40.0,7.0
2025-02-03,fliplong,1,8440.657,8374.625,8352.625,8391.625,8335.625,8430.625,TIMEOUT,8389.657,2025-02-03 13:04:00+11:00,180,138,-1.9680000000007567,11.064000000000306,6.968000000000757
2025-02-03,ashort,-1,8440.657,8374.625,8352.625,8352.625,8391.625,8313.625,SL,8391.625,2025-02-03 12:22:00+11:00,138,0,-39.0,2.9359999999996944,43.0
2025-02-04,ashort,-1,8446.999,8452.561,8439.689,8439.689,8469.561,8400.689,TIMEOUT,8435.561,2025-02-04 10:59:00+11:00,55,0,4.128000000000611,19.064000000000306,6.967999999998938
2025-02-06,along,1,8473.999,8492.561,8480.625,8492.561,8463.625,8531.561,TIMEOUT,8503.593,2025-02-06 13:10:00+11:00,180,0,11.032000000001062,15.064000000000306,17.90400000000045
2025-02-07,along,1,8497.593,8500.625,8497.593,8500.625,8480.593,8539.625,TIMEOUT,8515.625,2025-02-07 13:07:00+11:00,180,0,15.0,32.03199999999924,4.031999999999243
2025-02-10,along,1,8439.689,8440.999,8431.561,8440.999,8414.561,8479.999,TP,8479.999,2025-02-10 10:52:00+11:00,48,0,39.0,41.0,5.373999999999796
2025-02-11,ashort,-1,8503.999,8503.625,8499.593,8499.593,8520.625,8460.593,TIMEOUT,8496.999,2025-02-11 13:05:00+11:00,180,0,2.5940000000009604,7.032000000001062,13.095999999999549
2025-02-12,along,1,8480.999,8485.657,8481.999,8485.657,8464.999,8524.657,SL,8464.999,2025-02-12 10:25:00+11:00,21,0,-20.657999999999447,0.0,21.063999999998487
2025-02-12,flipshort,-1,8480.999,8485.657,8481.999,8464.999,8502.657,8425.999,SL,8502.657,2025-02-12 12:46:00+11:00,160,21,-37.65799999999945,0.4059999999990396,38.69000000000051
2025-02-13,along,1,8524.657,8534.625,8533.689,8534.625,8516.689,8573.625,TP,8573.625,2025-02-13 11:43:00+11:00,99,0,39.0,39.373999999999796,2.9680000000007567
2025-02-14,flipshort,-1,8615.689,8618.657,8617.689,8600.689,8635.657,8561.689,TP,8561.689,2025-02-14 12:02:00+11:00,117,7,39.0,43.09599999999955,15.30999999999949
2025-02-14,along,1,8615.689,8618.657,8617.689,8618.657,8600.689,8657.657,SL,8600.689,2025-02-14 10:11:00+11:00,7,0,-17.967999999998938,1.9680000000007567,18.063999999998487
2025-02-17,ashort,-1,8514.689,8522.593,8508.689,8508.689,8539.593,8469.689,TIMEOUT,8479.657,2025-02-17 13:05:00+11:00,180,0,29.032000000001062,31.12800000000061,3.3099999999994907
2025-02-18,ashort,-1,8541.657,8538.999,8523.625,8523.625,8555.999,8484.625,TP,8484.625,2025-02-18 12:00:00+11:00,116,0,39.0,39.0,16.373999999999796
2025-02-19,fliplong,1,8463.625,8444.999,8434.625,8461.999,8417.625,8500.999,TIMEOUT,8428.593,2025-02-19 13:04:00+11:00,180,116,-33.40599999999904,2.657999999999447,36.4380000000001
2025-02-19,ashort,-1,8463.625,8444.999,8434.625,8434.625,8461.999,8395.625,TP,8395.625,2025-02-19 10:24:00+11:00,20,0,39.0,42.0,3.0640000000003056
2025-02-20,ashort,-1,8385.625,8379.625,8378.625,8378.625,8396.625,8339.625,TP,8339.625,2025-02-20 10:27:00+11:00,23,0,39.0,58.03199999999924,2.0640000000003056
2025-02-21,along,1,8329.593,8355.625,8349.561,8355.625,8332.561,8394.625,SL,8332.561,2025-02-21 10:43:00+11:00,39,0,-23.064000000000306,0.0,23.968000000000757
2025-02-21,flipshort,-1,8329.593,8355.625,8349.561,8332.561,8372.625,8293.561,TIMEOUT,8310.689,2025-02-21 13:05:00+11:00,180,39,21.87199999999939,34.0,7.128000000000611
2025-02-24,ashort,-1,8230.689,8217.999,8214.625,8214.625,8234.999,8175.625,SL,8234.999,2025-02-24 10:39:00+11:00,35,0,-20.373999999999796,0.0,20.968000000000757
2025-02-24,fliplong,1,8230.689,8217.999,8214.625,8234.999,8197.625,8273.999,TP,8273.999,2025-02-24 11:19:00+11:00,75,35,39.0,40.5619999999999,8.438000000000102
2025-02-25,ashort,-1,8246.625,8246.625,8243.999,8243.999,8263.625,8204.999,TIMEOUT,8236.657,2025-02-25 13:05:00+11:00,180,0,7.342000000000553,15.373999999999796,8.657999999999447
2025-02-26,ashort,-1,8227.625,8231.561,8211.561,8211.561,8248.561,8172.561,TIMEOUT,8224.593,2025-02-26 13:10:00+11:00,180,0,-13.032000000001062,2.871999999999389,25.12800000000061
2025-02-27,along,1,8236.625,8253.593,8241.561,8253.593,8224.561,8292.593,TP,8292.593,2025-02-27 10:52:00+11:00,48,0,39.0,39.06399999999849,3.9360000000015134
2025-02-28,ashort,-1,8202.561,8195.657,8190.625,8190.625,8212.657,8151.625,SL,8212.657,2025-02-28 10:16:00+11:00,12,0,-22.031999999999243,0.0,23.968000000000757
2025-02-28,fliplong,1,8202.561,8195.657,8190.625,8212.657,8173.625,8251.657,TIMEOUT,8213.625,2025-02-28 13:04:00+11:00,180,12,0.9680000000007567,4.342000000000553,27.09599999999955
2025-03-03,flipshort,-1,8187.657,8212.689,8212.593,8195.593,8229.689,8156.593000000001,TIMEOUT,8213.999,2025-03-03 13:04:00+11:00,180,62,-18.40599999999904,16.00000000000091,24.40599999999904
2025-03-03,along,1,8187.657,8212.689,8212.593,8212.689,8195.593,8251.689,SL,8195.593,2025-03-03 11:06:00+11:00,62,0,-17.09599999999955,25.0,18.032000000001062
2025-03-04,flipshort,-1,8187.689,8189.561,8184.999,8167.999,8206.561,8128.999,TIMEOUT,8160.561,2025-03-04 13:05:00+11:00,180,10,7.438000000000102,19.438000000000102,16.0
2025-03-04,along,1,8187.689,8189.561,8184.999,8189.561,8167.999,8228.561,SL,8167.999,2025-03-04 10:14:00+11:00,10,0,-21.561999999999898,0.43800000000010186,22.0
2025-03-05,flipshort,-1,8123.689,8140.999,8135.999,8118.999,8157.999,8079.999,TIMEOUT,8112.999,2025-03-05 13:04:00+11:00,180,107,6.0,26.438000000000102,9.69000000000051
2025-03-05,along,1,8123.689,8140.999,8135.999,8140.999,8118.999,8179.999,SL,8118.999,2025-03-05 11:51:00+11:00,107,0,-22.0,14.594000000000051,22.373999999999796
2025-03-06,flipshort,-1,8116.593,8120.625,8118.625,8101.625,8137.625,8062.625,TIMEOUT,8094.593,2025-03-06 13:05:00+11:00,180,29,7.032000000000153,13.967999999999847,14.373999999999796
2025-03-06,along,1,8116.593,8120.625,8118.625,8120.625,8101.625,8159.625,SL,8101.625,2025-03-06 10:33:00+11:00,29,0,-19.0,7.032000000000153,20.935999999999694
2025-03-07,flipshort,-1,8021.561,8023.999,8022.689,8005.689,8040.999,7966.689,TIMEOUT,7995.593,2025-03-07 10:59:00+11:00,55,16,10.096000000000458,10.096000000000458,12.30999999999949
2025-03-07,along,1,8021.561,8023.999,8022.689,8023.999,8005.689,8062.999,SL,8005.689,2025-03-07 10:20:00+11:00,16,0,-18.30999999999949,0.6900000000005093,18.40599999999995
2025-03-10,along,1,7941.689,7962.689,7949.625,7962.689,7932.625,8001.689,TIMEOUT,7963.593,2025-03-10 13:05:00+11:00,180,0,0.9039999999995416,18.30999999999949,14.096000000000458
2025-03-11,ashort,-1,7888.689,7878.999,7878.689,7878.689,7895.999,7839.689,TP,7839.689,2025-03-11 10:37:00+11:00,33,0,39.0,39.12800000000061,2.9039999999995416
2025-03-12,ashort,-1,7820.593,7815.689,7807.999,7807.999,7832.689,7768.999,TP,7768.999,2025-03-12 10:46:00+11:00,42,0,39.0,42.4380000000001,11.0
2025-03-13,along,1,7788.657,7802.689,7795.625,7802.689,7778.625,7841.689,TIMEOUT,7808.999,2025-03-13 10:59:00+11:00,55,0,6.309999999999491,6.871999999999389,9.128000000000611
2025-03-17,ashort,-1,7841.999,7846.689,7827.999,7827.999,7863.689,7788.999,TIMEOUT,7837.999,2025-03-17 13:05:00+11:00,180,0,-10.0,8.438000000000102,27.0
2025-03-18,ashort,-1,7910.625,7912.593,7905.999,7905.999,7929.593,7866.999,TP,7866.999,2025-03-18 13:00:00+11:00,172,0,39.0,39.40599999999995,14.594000000000051
2025-03-19,along,1,7811.625,7825.561,7823.561,7825.561,7806.561,7864.561,TP,7864.561,2025-03-19 12:28:00+11:00,140,0,39.0,40.09600000000046,16.0
2025-03-20,fliplong,1,7901.561,7881.657,7880.561,7898.657,7863.561,7937.657,TIMEOUT,7916.593,2025-03-20 13:07:00+11:00,180,59,17.935999999999694,17.935999999999694,15.064000000000306
2025-03-20,ashort,-1,7901.561,7881.657,7880.561,7880.561,7898.657,7841.561,SL,7898.657,2025-03-20 11:03:00+11:00,59,0,-18.09600000000046,4.903999999999542,19.09600000000046
2025-03-21,ashort,-1,7910.689,7905.593,7903.593,7903.593,7922.593,7864.593,SL,7922.593,2025-03-21 10:50:00+11:00,46,0,-19.0,6.032000000000153,19.09600000000046
2025-03-21,fliplong,1,7910.689,7905.593,7903.593,7922.593,7886.593,7961.593,TIMEOUT,7939.625,2025-03-21 13:06:00+11:00,180,46,17.032000000000153,21.40599999999995,7.0
2025-03-24,ashort,-1,7923.593,7925.625,7911.593,7911.593,7942.625,7872.593,TIMEOUT,7926.657,2025-03-24 13:05:00+11:00,180,0,-15.064000000000306,10.032000000000153,22.40599999999995
2025-03-25,along,1,7964.689,7974.689,7968.625,7974.689,7951.625,8013.689,TIMEOUT,7970.657,2025-03-25 13:07:00+11:00,180,0,-4.032000000000153,21.30999999999949,6.128000000000611
2025-03-26,along,1,7988.625,7998.657,7993.625,7998.657,7976.625,8037.657,TIMEOUT,7988.561,2025-03-26 10:59:00+11:00,55,0,-10.096000000000458,9.341999999999643,11.064000000000306
2025-03-28,along,1,7954.999,7958.625,7956.625,7958.625,7939.625,7997.625,TP,7997.625,2025-03-28 12:32:00+11:00,148,0,39.0,40.935999999999694,18.064000000000306
2025-03-31,along,1,7861.999,7879.657,7875.657,7879.657,7858.657,7918.657,SL,7858.657,2025-03-31 11:18:00+11:00,74,0,-21.0,3.032000000000153,22.064000000000306
2025-03-31,flipshort,-1,7861.999,7879.657,7875.657,7858.657,7896.657,7819.657,TIMEOUT,7856.689,2025-03-31 13:04:00+11:00,180,74,1.9679999999998472,16.09600000000046,12.341999999999643
2025-04-01,along,1,7899.999,7910.625,7901.561,7910.625,7884.561,7949.625,SL,7884.561,2025-04-01 11:15:00+11:00,71,0,-26.064000000000306,11.935999999999694,27.064000000000306
2025-04-01,flipshort,-1,7899.999,7910.625,7901.561,7884.561,7927.625,7845.561,TIMEOUT,7874.999,2025-04-01 13:04:00+11:00,180,71,9.561999999999898,19.0,4.128000000000611
2025-04-02,ashort,-1,7975.593,7961.999,7958.561,7958.561,7978.999,7919.561,TIMEOUT,7933.999,2025-04-02 13:05:00+11:00,180,0,24.561999999999898,30.0,16.032000000000153
2025-04-03,ashort,-1,7796.593,7786.689,7778.999,7778.999,7803.689,7739.999,SL,7803.689,2025-04-03 11:21:00+11:00,77,0,-24.69000000000051,19.438000000000102,31.561999999999898
2025-04-03,fliplong,1,7796.593,7786.689,7778.999,7803.689,7761.999,7842.689,TP,7842.689,2025-04-03 12:52:00+11:00,168,77,39.0,40.30999999999949,9.128000000000611
2025-04-04,ashort,-1,7740.999,7729.689,7716.561,7716.561,7746.689,7677.561,SL,7746.689,2025-04-04 10:43:00+11:00,39,0,-30.12800000000061,11.935999999999694,32.12800000000061
2025-04-04,fliplong,1,7740.999,7729.689,7716.561,7746.689,7699.561,7785.689,TIMEOUT,7720.689,2025-04-04 13:04:00+11:00,180,39,-26.0,10.30999999999949,31.12800000000061
2025-04-07,ashort,-1,7213.999,7205.689,7200.689,7200.689,7222.689,7161.689,SL,7222.689,2025-04-07 10:10:00+10:00,6,0,-22.0,20.0,55.0
2025-04-07,fliplong,1,7213.999,7205.689,7200.689,7222.689,7183.689,7261.689,TP,7261.689,2025-04-07 10:11:00+10:00,7,6,39.0,40.30999999999949,18.09600000000046
2025-04-08,ashort,-1,7393.625,7387.999,7386.625,7386.625,7404.999,7347.625,SL,7404.999,2025-04-08 10:11:00+10:00,7,0,-18.373999999999796,12.967999999999847,19.373999999999796
2025-04-08,fliplong,1,7393.625,7387.999,7386.625,7404.999,7369.625,7443.999,TP,7443.999,2025-04-08 11:40:00+10:00,96,7,39.0,39.0,33.40599999999995
2025-04-09,along,1,7329.999,7352.561,7341.657,7352.561,7324.657,7391.561,SL,7324.657,2025-04-09 10:08:00+10:00,4,0,-27.90399999999954,2.0960000000004584,29.935999999999694
2025-04-09,flipshort,-1,7329.999,7352.561,7341.657,7324.657,7369.561,7285.657,SL,7369.561,2025-04-09 10:14:00+10:00,10,4,-44.90399999999954,2.032000000000153,45.34199999999964
2025-04-10,flipshort,-1,7843.657,7865.657,7852.689,7835.689,7882.657,7796.689,TP,7796.689,2025-04-10 10:20:00+10:00,16,6,39.0,44.12800000000061,4.935999999999694
2025-04-10,along,1,7843.657,7865.657,7852.689,7865.657,7835.689,7904.657,SL,7835.689,2025-04-10 10:10:00+10:00,6,0,-29.967999999999847,0.0,35.09600000000046
2025-04-11,ashort,-1,7557.561,7541.593,7526.657,7526.657,7558.593,7487.657,SL,7558.593,2025-04-11 11:15:00+10:00,71,0,-31.935999999999694,10.032000000000153,32.03200000000015
2025-04-11,fliplong,1,7557.561,7541.593,7526.657,7558.593,7509.657,7597.593,TP,7597.593,2025-04-11 11:59:00+10:00,115,71,39.0,39.40599999999995,5.032000000000153
2025-04-16,along,1,7737.593,7750.999,7747.689,7750.999,7730.689,7789.999,TIMEOUT,7775.689,2025-04-16 13:06:00+10:00,180,0,24.69000000000051,35.69000000000051,7.438000000000102
2025-04-17,along,1,7741.657,7762.593,7757.625,7762.593,7740.625,7801.593,TIMEOUT,7792.625,2025-04-17 13:07:00+10:00,180,0,30.032000000000153,34.09600000000046,4.0
2025-04-22,along,1,7718.593,7754.561,7737.625,7754.561,7720.625,7793.561,TP,7793.561,2025-04-22 11:31:00+10:00,87,0,39.0,40.4380000000001,15.871999999999389
2025-04-23,along,1,7954.593,7961.625,7960.625,7961.625,7943.625,8000.625,SL,7943.625,2025-04-23 10:26:00+10:00,22,0,-18.0,10.032000000000153,18.064000000000306
2025-04-23,flipshort,-1,7954.593,7961.625,7960.625,7943.625,7978.625,7904.625,TIMEOUT,7924.593,2025-04-23 13:04:00+10:00,180,22,19.032000000000153,19.064000000000306,19.0
2025-04-24,along,1,7924.657,7940.561,7936.689,7940.561,7919.689,7979.561,TIMEOUT,7963.999,2025-04-24 13:06:00+10:00,180,0,23.438000000000102,35.4380000000001,0.9679999999998472
2025-04-28,flipshort,-1,8041.657,8047.689,8043.625,8026.625,8064.689,7987.625,TIMEOUT,8030.593,2025-04-28 13:17:00+10:00,180,84,-3.967999999999847,5.032000000000153,10.373999999999796
2025-04-28,along,1,8041.657,8047.689,8043.625,8047.689,8026.625,8086.689,SL,8026.625,2025-04-28 11:28:00+10:00,84,0,-21.064000000000306,4.309999999999491,21.064000000000306
2025-04-29,along,1,7999.625,8014.689,8005.561,8014.689,7988.561,8053.689,TP,8053.689,2025-04-29 12:11:00+10:00,127,0,39.0,41.90399999999954,11.128000000000611
2025-04-30,flipshort,-1,8089.689,8098.593,8096.625,8079.625,8115.593,8040.625,TIMEOUT,8080.689,2025-04-30 13:04:00+10:00,180,86,-1.0640000000003056,6.032000000000153,12.935999999999694
2025-04-30,along,1,8089.689,8098.593,8096.625,8098.593,8079.625,8137.593,SL,8079.625,2025-04-30 11:30:00+10:00,86,0,-18.967999999999847,9.405999999999949,21.90399999999954
2025-05-01,ashort,-1,8111.657,8113.999,8107.593,8107.593,8130.999,8068.593,SL,8130.999,2025-05-01 11:18:00+10:00,73,0,-23.40599999999995,1.0320000000001528,24.967999999999847
2025-05-01,fliplong,1,8111.657,8113.999,8107.593,8130.999,8090.593,8169.999,TIMEOUT,8130.689,2025-05-01 13:06:00+10:00,180,73,-0.3099999999994907,18.69000000000051,4.309999999999491
2025-05-02,along,1,8119.593,8125.999,8122.999,8125.999,8105.999,8164.999,TP,8164.999,2025-05-02 10:30:00+10:00,26,0,39.0,40.626000000000204,6.405999999999949
2025-05-05,ashort,-1,8240.657,8232.625,8227.689,8227.689,8249.625,8188.689,TP,8188.689,2025-05-05 11:41:00+10:00,96,0,39.0,40.09600000000046,0.9359999999996944
2025-05-06,along,1,8134.561,8153.657,8142.657,8153.657,8125.657,8192.657,TIMEOUT,8153.689,2025-05-06 13:04:00+10:00,180,0,0.032000000000152795,11.341999999999643,15.0
2025-05-07,flipshort,-1,8166.593,8173.689,8169.593,8152.593,8190.689,8113.593,TIMEOUT,8165.657,2025-05-07 13:05:00+10:00,180,42,-13.064000000000306,1.0320000000001528,20.40599999999995
2025-05-07,along,1,8166.593,8173.689,8169.593,8173.689,8152.593,8212.689,SL,8152.593,2025-05-07 10:46:00+10:00,42,0,-21.09600000000046,1.8719999999993888,22.12800000000061
2025-05-08,ashort,-1,8170.561,8168.657,8166.593,8166.593,8185.657,8127.593,SL,8185.657,2025-05-08 11:18:00+10:00,74,0,-19.064000000000306,12.0,19.09600000000046
2025-05-08,fliplong,1,8170.561,8168.657,8166.593,8185.657,8149.593,8224.657,TIMEOUT,8194.999,2025-05-08 13:06:00+10:00,180,74,9.341999999999643,9.341999999999643,13.096000000000458
2025-05-09,ashort,-1,8190.999,8189.593,8186.625,8186.625,8206.593,8147.625,SL,8206.593,2025-05-09 10:44:00+10:00,40,0,-19.968000000000757,3.0640000000003056,20.373999999999796
2025-05-09,fliplong,1,8190.999,8189.593,8186.625,8206.593,8169.625,8245.593,TIMEOUT,8219.625,2025-05-09 13:06:00+10:00,180,40,13.031999999999243,30.063999999998487,12.032000000001062
2025-05-13,ashort,-1,8328.657,8310.999,8301.625,8301.625,8327.999,8262.625,TIMEOUT,8270.657,2025-05-13 13:07:00+10:00,180,0,30.968000000000757,35.064000000000306,11.935999999999694
2025-05-14,ashort,-1,8293.625,8277.657,8264.593,8264.593,8294.657,8225.593,TIMEOUT,8260.561,2025-05-14 13:14:00+10:00,180,0,4.032000000001062,17.032000000001062,8.095999999999549
2025-05-19,flipshort,-1,8319.593,8325.657,8321.689,8304.689,8342.657,8265.689,SL,8342.657,2025-05-19 12:24:00+10:00,139,24,-37.96799999999894,7.128000000000611,38.96799999999894
2025-05-19,along,1,8319.593,8325.657,8321.689,8325.657,8304.689,8364.657,SL,8304.689,2025-05-19 10:28:00+10:00,24,0,-20.967999999998938,1.0,23.0
2025-05-22,along,1,8297.561,8304.561,8303.593,8304.561,8286.593,8343.561,TP,8343.561,2025-05-22 10:47:00+10:00,43,0,39.0,39.4380000000001,1.9359999999996944
2025-05-23,along,1,8355.657,8358.657,8356.689,8358.657,8339.689,8397.657,TIMEOUT,8371.689,2025-05-23 13:20:00+10:00,180,0,13.032000000001062,22.0,3.095999999999549
2025-05-26,ashort,-1,8375.689,8361.625,8358.689,8358.689,8378.625,8319.689,TIMEOUT,8355.657,2025-05-26 13:21:00+10:00,180,0,3.0320000000010623,15.064000000000306,9.30999999999949
2025-05-29,ashort,-1,8436.625,8432.561,8420.657,8420.657,8449.561,8381.657,TIMEOUT,8423.999,2025-05-29 13:05:00+10:00,180,0,-3.342000000000553,31.657999999999447,6.0
2025-05-30,along,1,8368.625,8383.689,8364.657,8383.689,8347.657,8422.689,TP,8422.689,2025-05-30 12:23:00+10:00,139,0,39.0,39.0,6.128000000000611
2025-06-02,ashort,-1,8426.625,8424.689,8424.593,8424.593,8441.689,8385.593,TIMEOUT,8415.657,2025-06-02 13:09:00+10:00,180,0,8.936000000001513,24.0,9.031999999999243
2025-06-03,ashort,-1,8472.593,8463.593,8462.625,8462.625,8480.593,8423.625,TIMEOUT,8446.625,2025-06-03 13:11:00+10:00,180,0,16.0,26.031999999999243,16.373999999999796
2025-06-04,along,1,8490.689,8500.625,8493.593,8500.625,8476.593,8539.625,TP,8539.625,2025-06-04 13:12:00+10:00,174,0,39.0,39.0,4.0
2025-06-05,flipshort,-1,8544.657,8554.625,8549.657,8532.657,8571.625,8493.657,TIMEOUT,8529.689,2025-06-05 13:08:00+10:00,180,154,2.9679999999989377,4.095999999999549,4.0
2025-06-05,along,1,8544.657,8554.625,8549.657,8554.625,8532.657,8593.625,SL,8532.657,2025-06-05 12:41:00+10:00,154,0,-21.968000000000757,12.373999999999796,22.0
2025-06-06,along,1,8530.625,8546.689,8544.657,8546.689,8527.657,8585.689,SL,8527.657,2025-06-06 13:04:00+10:00,173,0,-19.032000000001062,7.935999999999694,20.064000000000306
2025-06-06,flipshort,-1,8530.625,8546.689,8544.657,8527.657,8563.689,8488.657,TIMEOUT,8526.657,2025-06-06 13:14:00+10:00,180,173,1.0,2.0639999999984866,2.0
2025-06-10,fliplong,1,8541.561,8540.561,8532.593,8557.561,8515.593,8596.561,TIMEOUT,8577.657,2025-06-10 13:16:00+10:00,180,41,20.09599999999955,25.438000000000102,3.0
2025-06-10,ashort,-1,8541.561,8540.561,8532.593,8532.593,8557.561,8493.593,SL,8557.561,2025-06-10 10:45:00+10:00,41,0,-24.967999999998938,9.0,25.09599999999955
2025-06-11,along,1,8609.999,8634.561,8621.657,8634.561,8604.657,8673.561,TIMEOUT,8611.657,2025-06-11 13:19:00+10:00,180,0,-22.90400000000045,4.128000000000611,24.0
2025-06-12,along,1,8605.657,8612.625,8608.561,8612.625,8591.561,8651.625,SL,8591.561,2025-06-12 10:52:00+10:00,48,0,-21.064000000000306,0.0,21.064000000000306
2025-06-12,flipshort,-1,8605.657,8612.625,8608.561,8591.561,8629.625,8552.561,TIMEOUT,8600.657,2025-06-12 13:25:00+10:00,180,48,-9.095999999999549,3.0,27.438000000000102
2025-06-13,ashort,-1,8580.561,8589.657,8570.999,8570.999,8606.657,8531.999,TP,8531.999,2025-06-13 11:13:00+10:00,69,0,39.0,40.4380000000001,13.0
2025-06-16,along,1,8536.561,8563.625,8560.561,8563.625,8543.561,8602.625,TIMEOUT,8548.999,2025-06-16 13:08:00+10:00,180,0,-14.626000000000204,14.373999999999796,18.031999999999243
2025-06-17,along,1,8533.999,8535.689,8535.689,8535.689,8518.689,8574.689,TIMEOUT,8544.657,2025-06-17 13:05:00+10:00,180,0,8.967999999998938,34.0,5.095999999999549
2025-06-20,ashort,-1,8529.561,8526.625,8512.689,8512.689,8543.625,8473.689,TP,8473.689,2025-06-20 11:34:00+10:00,88,0,39.0,39.12800000000061,9.935999999999694
2025-06-24,ashort,-1,8559.999,8547.593,8544.999,8544.999,8564.593,8505.999,SL,8564.593,2025-06-24 10:47:00+10:00,43,0,-19.59400000000096,3.438000000000102,22.0
2025-06-24,fliplong,1,8559.999,8547.593,8544.999,8564.593,8527.999,8603.593,TIMEOUT,8556.657,2025-06-24 13:09:00+10:00,180,43,-7.936000000001513,7.40599999999904,22.0
2025-06-25,along,1,8557.625,8559.689,8558.561,8559.689,8541.561,8598.689,TIMEOUT,8548.625,2025-06-25 13:15:00+10:00,180,0,-11.064000000000306,15.0,16.12800000000061
2025-06-26,along,1,8522.561,8539.999,8539.689,8539.999,8522.689,8578.999,TIMEOUT,8544.593,2025-06-26 13:20:00+10:00,180,0,4.59400000000096,18.69000000000051,9.342000000000553
2025-06-27,along,1,8588.999,8601.657,8590.657,8601.657,8573.657,8640.657,SL,8573.657,2025-06-27 11:07:00+10:00,61,0,-28.0,4.342000000000553,29.031999999999243
2025-06-27,flipshort,-1,8588.999,8601.657,8590.657,8573.657,8618.657,8534.657,TIMEOUT,8551.657,2025-06-27 13:19:00+10:00,180,61,22.0,23.09599999999955,5.342000000000553
2025-06-30,ashort,-1,8542.561,8538.561,8534.657,8534.657,8555.561,8495.657,TIMEOUT,8550.999,2025-06-30 13:12:00+10:00,180,0,-16.342000000000553,10.095999999999549,19.342000000000553
2025-07-01,along,1,8542.593,8564.657,8558.657,8564.657,8541.657,8603.657,TIMEOUT,8549.657,2025-07-01 13:21:00+10:00,180,0,-15.0,12.342000000000553,21.09599999999955
2025-07-02,along,1,8568.689,8582.593,8574.689,8582.593,8557.689,8621.593,SL,8557.689,2025-07-02 11:26:00+10:00,79,0,-24.90400000000045,3.0639999999984866,25.968000000000757
2025-07-02,flipshort,-1,8568.689,8582.593,8574.689,8557.689,8599.593,8518.689,TIMEOUT,8570.625,2025-07-02 13:27:00+10:00,180,79,-12.935999999999694,21.0,17.30999999999949
2025-07-03,along,1,8599.689,8609.657,8606.689,8609.657,8589.689,8648.657,SL,8589.689,2025-07-03 10:15:00+10:00,11,0,-19.967999999998938,0.0,21.031999999999243
2025-07-03,flipshort,-1,8599.689,8609.657,8606.689,8589.689,8626.657,8550.689,TP,8550.689,2025-07-03 11:20:00+10:00,76,11,39.0,39.03200000000106,2.3099999999994907
2025-07-04,ashort,-1,8618.593,8612.561,8606.657,8606.657,8629.561,8567.657,TIMEOUT,8604.625,2025-07-04 13:28:00+10:00,180,0,2.0319999999992433,9.095999999999549,9.936000000001513
2025-07-07,flipshort,-1,8610.561,8613.593,8605.689,8588.689,8630.593,8549.689,TIMEOUT,8575.625,2025-07-07 13:18:00+10:00,180,66,13.064000000000306,20.09599999999955,10.967999999998938
2025-07-07,along,1,8610.561,8613.593,8605.689,8613.593,8588.689,8652.593,SL,8588.689,2025-07-07 11:11:00+10:00,66,0,-24.90400000000045,3.095999999999549,25.0
2025-07-14,along,1,8550.561,8562.625,8557.593,8562.625,8540.593,8601.625,TIMEOUT,8579.689,2025-07-14 13:19:00+10:00,180,0,17.064000000000306,27.373999999999796,4.935999999999694
2025-07-15,along,1,8616.625,8632.625,8620.625,8632.625,8603.625,8671.625,SL,8603.625,2025-07-15 10:53:00+10:00,47,0,-29.0,0.9680000000007567,29.031999999999243
2025-07-15,flipshort,-1,8616.625,8632.625,8620.625,8603.625,8649.625,8564.625,TIMEOUT,8603.593,2025-07-15 13:10:00+10:00,180,47,0.0319999999992433,12.064000000000306,19.064000000000306
2025-07-16,ashort,-1,8565.561,8565.561,8555.657,8555.657,8582.561,8516.657,TIMEOUT,8556.999,2025-07-16 13:14:00+10:00,180,0,-1.342000000000553,16.09599999999955,24.342000000000553
2025-07-17,ashort,-1,8613.999,8602.625,8600.625,8600.625,8619.625,8561.625,SL,8619.625,2025-07-17 11:32:00+10:00,86,0,-19.0,10.064000000000306,19.031999999999243
2025-07-17,fliplong,1,8613.999,8602.625,8600.625,8619.625,8583.625,8658.625,TIMEOUT,8611.625,2025-07-17 13:20:00+10:00,180,86,-8.0,9.064000000000306,8.0
2025-07-18,ashort,-1,8677.593,8677.657,8676.689,8676.689,8694.657,8637.689,SL,8694.657,2025-07-18 10:27:00+10:00,23,0,-17.967999999998938,1.1280000000006112,17.967999999998938
2025-07-18,fliplong,1,8677.593,8677.657,8676.689,8694.657,8659.689,8733.657,TP,8733.657,2025-07-18 12:31:00+10:00,144,23,39.0,39.03200000000106,7.095999999999549
2025-07-21,ashort,-1,8718.999,8721.999,8703.625,8703.625,8738.999,8664.625,TP,8664.625,2025-07-21 11:07:00+10:00,63,0,39.0,39.064000000000306,3.9680000000007567
2025-07-22,along,1,8688.625,8700.561,8693.593,8700.561,8676.593,8739.561,SL,8676.593,2025-07-22 10:50:00+10:00,46,0,-23.967999999998938,15.0,25.0
2025-07-22,flipshort,-1,8688.625,8700.561,8693.593,8676.593,8717.561,8637.593,TIMEOUT,8672.593,2025-07-22 13:13:00+10:00,180,46,4.0,11.0,13.40599999999904
2025-07-23,ashort,-1,8724.625,8718.657,8706.561,8706.561,8735.657,8667.561,SL,8735.657,2025-07-23 13:13:00+10:00,180,0,-29.09599999999955,8.561999999999898,29.09599999999955
2025-07-23,fliplong,1,8724.625,8718.657,8706.561,8735.657,8689.561,8774.657,TIMEOUT,8734.999,2025-07-23 13:13:00+10:00,180,180,-0.657999999999447,0.0,0.657999999999447
2025-07-24,ashort,-1,8745.689,8758.999,8743.657,8743.657,8775.999,8704.657,TIMEOUT,8718.625,2025-07-24 13:21:00+10:00,180,0,25.031999999999243,29.09599999999955,7.0
2025-07-25,ashort,-1,8682.625,8682.625,8673.593,8673.593,8699.625,8634.593,TIMEOUT,8671.657,2025-07-25 13:19:00+10:00,180,0,1.9360000000015134,14.59400000000096,4.40599999999904
2025-07-30,ashort,-1,8703.689,8692.999,8681.593,8681.593,8709.999,8642.593,SL,8709.999,2025-07-30 10:36:00+10:00,32,0,-28.40599999999904,2.0320000000010623,30.063999999998487
2025-07-30,fliplong,1,8703.689,8692.999,8681.593,8709.999,8664.593,8748.999,TP,8748.999,2025-07-30 11:43:00+10:00,98,32,39.0,39.0,2.0
2025-08-04,along,1,8618.999,8635.689,8634.657,8635.689,8617.657,8674.689,TIMEOUT,8647.625,2025-08-04 13:07:00+10:00,180,0,11.935999999999694,32.96799999999894,2.128000000000611
2025-08-08,ashort,-1,8813.593,8802.593,8794.561,8794.561,8819.593,8755.561,SL,8819.593,2025-08-08 10:31:00+10:00,27,0,-25.032000000001062,1.9359999999996944,26.09599999999955
2025-08-08,fliplong,1,8813.593,8802.593,8794.561,8819.593,8777.561,8858.593,TIMEOUT,8824.593,2025-08-08 13:18:00+10:00,180,27,5.0,9.095999999999549,18.032000000001062
2025-08-11,along,1,8817.561,8820.625,8818.999,8820.625,8801.999,8859.625,TIMEOUT,8835.999,2025-08-11 13:20:00+10:00,180,0,15.373999999999796,30.373999999999796,4.935999999999694
2025-08-12,along,1,8835.657,8844.657,8824.561,8844.657,8807.561,8883.657,TIMEOUT,8853.689,2025-08-12 13:17:00+10:00,180,0,9.032000000001062,22.342000000000553,4.0
2025-08-13,ashort,-1,8905.657,8894.625,8886.561,8886.561,8911.625,8847.561,TP,8847.561,2025-08-13 10:47:00+10:00,43,0,39.0,40.935999999999694,1.0320000000010623
2025-08-14,ashort,-1,8872.561,8867.625,8859.689,8859.689,8884.625,8820.689,SL,8884.625,2025-08-14 10:11:00+10:00,7,0,-24.935999999999694,0.0,28.0
2025-08-14,fliplong,1,8872.561,8867.625,8859.689,8884.625,8842.689,8923.625,TIMEOUT,8880.561,2025-08-14 13:09:00+10:00,180,7,-4.064000000000306,13.968000000000757,18.0
2025-08-18,along,1,8903.657,8914.625,8901.593,8914.625,8884.593,8953.625,TP,8953.625,2025-08-18 11:25:00+10:00,80,0,39.0,39.064000000000306,0.6260000000002037
2025-08-19,ashort,-1,8926.561,8921.689,8907.657,8907.657,8938.689,8868.657,TIMEOUT,8895.689,2025-08-19 13:08:00+10:00,180,0,11.967999999998938,21.09599999999955,10.342000000000553
2025-08-20,fliplong,1,8903.561,8901.625,8884.657,8918.625,8867.657,8957.625,TIMEOUT,8935.689,2025-08-20 13:04:00+10:00,180,77,17.064000000000306,32.373999999999796,6.064000000000306
2025-08-20,ashort,-1,8903.561,8901.625,8884.657,8884.657,8918.625,8845.657,SL,8918.625,2025-08-20 11:21:00+10:00,77,0,-33.96800000000076,9.063999999998487,37.34200000000055
2025-08-21,along,1,8939.999,8962.999,8959.561,8962.999,8942.561,9001.999,TP,9001.999,2025-08-21 12:45:00+10:00,159,0,39.0,39.5619999999999,13.40599999999904
2025-08-22,flipshort,-1,9010.999,9020.593,9011.561,8994.561,9037.593,8955.561,TIMEOUT,8993.593,2025-08-22 13:13:00+10:00,180,11,0.9679999999989377,12.967999999998938,20.09599999999955
2025-08-22,along,1,9010.999,9020.593,9011.561,9020.593,8994.561,9059.593,SL,8994.561,2025-08-22 10:15:00+10:00,11,0,-26.032000000001062,0.0,29.032000000001062
2025-08-25,ashort,-1,9050.625,9045.657,9042.593,9042.593,9062.657,9003.593,TP,9003.593,2025-08-25 11:22:00+10:00,78,0,39.0,39.0,11.40599999999904
2025-08-26,ashort,-1,8963.593,8970.625,8962.689,8962.689,8987.625,8923.689,TIMEOUT,8928.999,2025-08-26 13:08:00+10:00,180,0,33.69000000000051,37.12800000000061,20.30999999999949
2025-08-27,ashort,-1,8967.689,8964.657,8958.561,8958.561,8981.657,8919.561,TIMEOUT,8947.689,2025-08-27 13:12:00+10:00,180,0,10.871999999999389,27.0,5.095999999999549
2025-08-28,ashort,-1,8955.689,8967.625,8951.561,8951.561,8984.625,8912.561,TIMEOUT,8967.689,2025-08-28 13:09:00+10:00,180,0,-16.12800000000061,7.0,23.438000000000102
2025-08-29,along,1,8953.689,8963.625,8961.689,8963.625,8944.689,9002.625,SL,8944.689,2025-08-29 10:13:00+10:00,9,0,-18.935999999999694,5.373999999999796,20.064000000000306
2025-08-29,flipshort,-1,8953.689,8963.625,8961.689,8944.689,8980.625,8905.689,SL,8980.625,2025-08-29 13:01:00+10:00,172,9,-35.935999999999694,2.095999999999549,36.30999999999949
2025-09-03,along,1,8851.593,8862.657,8853.593,8862.657,8836.593,8901.657,SL,8836.593,2025-09-03 11:05:00+10:00,61,0,-26.063999999998487,0.0,29.09599999999955
2025-09-03,flipshort,-1,8851.593,8862.657,8853.593,8836.593,8879.657,8797.593,TP,8797.593,2025-09-03 12:34:00+10:00,150,61,39.0,39.03200000000106,4.095999999999549
2025-09-04,along,1,8758.657,8802.689,8772.561,8802.689,8755.561,8841.689,TIMEOUT,8796.593,2025-09-04 13:08:00+10:00,180,0,-6.095999999999549,16.30999999999949,14.69000000000051
2025-09-05,ashort,-1,8869.625,8863.561,8859.689,8859.689,8880.561,8820.689,TIMEOUT,8856.999,2025-09-05 13:17:00+10:00,180,0,2.6900000000005093,11.128000000000611,19.90400000000045
2025-09-08,ashort,-1,8854.625,8854.593,8836.625,8836.625,8871.593,8797.625,TIMEOUT,8844.561,2025-09-08 13:07:00+10:00,180,0,-7.935999999999694,12.064000000000306,17.064000000000306
2025-09-11,ashort,-1,8809.625,8807.625,8796.999,8796.999,8824.625,8757.999,TIMEOUT,8797.999,2025-09-11 13:15:00+10:00,180,0,-1.0,7.438000000000102,19.657999999999447
2025-09-12,along,1,8845.561,8845.657,8843.689,8845.657,8826.689,8884.657,TP,8884.657,2025-09-12 10:51:00+10:00,47,0,39.0,41.0,5.063999999998487
2025-09-16,ashort,-1,8888.625,8883.689,8874.593,8874.593,8900.689,8835.593,TIMEOUT,8872.999,2025-09-16 13:12:00+10:00,180,0,1.5940000000009604,11.032000000001062,14.095999999999549
2025-09-17,flipshort,-1,8841.593,8845.689,8844.689,8827.689,8862.689,8788.689,TIMEOUT,8813.657,2025-09-17 13:07:00+10:00,180,69,14.032000000001062,25.09599999999955,3.0
2025-09-17,along,1,8841.593,8845.689,8844.689,8845.689,8827.689,8884.689,SL,8827.689,2025-09-17 11:16:00+10:00,69,0,-18.0,5.871999999999389,18.12800000000061
2025-09-18,ashort,-1,8807.657,8795.689,8782.657,8782.657,8812.689,8743.657,TP,8743.657,2025-09-18 10:21:00+10:00,17,0,39.0,40.06399999999849,1.904000000000451
2025-09-19,flipshort,-1,8795.593,8817.625,8801.999,8784.999,8834.625,8745.999,TIMEOUT,8796.593,2025-09-19 13:06:00+10:00,180,39,-11.59400000000096,9.40599999999904,34.0
2025-09-19,along,1,8795.593,8817.625,8801.999,8817.625,8784.999,8856.625,SL,8784.999,2025-09-19 10:43:00+10:00,39,0,-32.626000000000204,9.373999999999796,32.935999999999694
2025-09-22,flipshort,-1,8806.689,8817.999,8804.657,8787.657,8834.999,8748.657,TIMEOUT,8806.999,2025-09-22 13:13:00+10:00,180,96,-19.342000000000553,0.657999999999447,20.0
2025-09-22,along,1,8806.689,8817.999,8804.657,8817.999,8787.657,8856.999,SL,8787.657,2025-09-22 11:41:00+10:00,96,0,-30.342000000000553,27.561999999999898,30.342000000000553
2025-09-23,along,1,8820.689,8837.689,8825.625,8837.689,8808.625,8876.689,TIMEOUT,8857.999,2025-09-23 13:07:00+10:00,180,0,20.30999999999949,29.30999999999949,27.09599999999955
2025-09-24,ashort,-1,8810.593,8806.657,8790.593,8790.593,8823.657,8751.593,TP,8751.593,2025-09-24 11:55:00+10:00,111,0,39.0,39.59400000000096,5.095999999999549
2025-09-29,along,1,8809.593,8822.657,8811.561,8822.657,8794.561,8861.657,TP,8861.657,2025-09-29 10:41:00+10:00,37,0,39.0,40.34200000000055,2.095999999999549
2025-10-02,along,1,8889.999,8898.625,8896.657,8898.625,8879.657,8937.625,TP,8937.625,2025-10-02 11:12:00+10:00,67,0,39.0,39.03199999999924,15.064000000000306
2025-10-03,ashort,-1,8933.561,8934.593,8929.561,8929.561,8951.593,8890.561,SL,8951.593,2025-10-03 10:20:00+10:00,16,0,-22.032000000001062,0.0,23.12800000000061
2025-10-03,fliplong,1,8933.561,8934.593,8929.561,8951.593,8912.561,8990.593,TP,8990.593,2025-10-03 12:03:00+10:00,117,16,39.0,39.09599999999955,6.032000000001062
2025-10-06,along,1,9017.999,9018.999,9013.625,9018.999,8996.625,9057.999,SL,8996.625,2025-10-06 11:08:00+11:00,64,0,-22.373999999999796,7.626000000000204,23.342000000000553
2025-10-06,flipshort,-1,9017.999,9018.999,9013.625,8996.625,9035.999,8957.625,TIMEOUT,8972.999,2025-10-06 13:04:00+11:00,180,64,23.626000000000204,25.064000000000306,4.064000000000306
2025-10-07,ashort,-1,8979.999,8970.999,8960.593,8960.593,8987.999,8921.593,TIMEOUT,8959.625,2025-10-07 13:06:00+11:00,180,0,0.9680000000007567,27.032000000001062,17.09599999999955
2025-10-08,ashort,-1,8959.625,8961.657,8947.561,8947.561,8978.657,8908.561,TIMEOUT,8944.657,2025-10-08 13:11:00+11:00,180,0,2.904000000000451,32.90400000000045,4.128000000000611
2025-10-09,ashort,-1,8991.999,8996.593,8990.999,8990.999,9013.593,8951.999,TIMEOUT,8967.593,2025-10-09 13:06:00+11:00,180,0,23.40599999999904,30.438000000000102,3.657999999999447
2025-10-10,fliplong,1,8939.999,8944.593,8939.561,8961.593,8922.561,9000.593,TIMEOUT,8975.561,2025-10-10 13:04:00+11:00,180,110,13.967999999998938,18.40599999999904,2.0320000000010623
2025-10-10,ashort,-1,8939.999,8944.593,8939.561,8939.561,8961.593,8900.561,SL,8961.593,2025-10-10 11:54:00+11:00,110,0,-22.032000000001062,3.0,22.12800000000061
2025-10-13,fliplong,1,8916.561,8908.593,8906.625,8925.593,8889.625,8964.593,SL,8889.625,2025-10-13 10:34:00+11:00,30,5,-35.96800000000076,3.095999999999549,41.93600000000151
2025-10-13,ashort,-1,8916.561,8908.593,8906.625,8906.625,8925.593,8867.625,SL,8925.593,2025-10-13 10:09:00+11:00,5,0,-18.968000000000757,0.0,22.064000000000306
2025-10-14,ashort,-1,8900.625,8903.593,8892.593,8892.593,8920.593,8853.593,TP,8853.593,2025-10-14 10:51:00+11:00,47,0,39.0,39.96800000000076,1.095999999999549
2025-10-16,flipshort,-1,9015.657,9025.999,9023.625,9006.625,9042.999,8967.625,SL,9042.999,2025-10-16 11:30:00+11:00,86,12,-36.373999999999796,16.0,42.935999999999694
2025-10-16,along,1,9015.657,9025.999,9023.625,9025.999,9006.625,9064.999,SL,9006.625,2025-10-16 10:16:00+11:00,12,0,-19.373999999999796,2.5940000000009604,22.373999999999796
2025-10-17,along,1,9028.625,9031.999,9021.561,9031.999,9004.561,9070.999,TIMEOUT,9035.689,2025-10-17 10:59:00+11:00,55,0,3.6900000000005093,14.0,7.438000000000102
2025-10-20,ashort,-1,8990.689,8993.561,8988.689,8988.689,9010.561,8949.689,TIMEOUT,8992.561,2025-10-20 13:04:00+11:00,180,0,-3.871999999999389,32.03200000000106,7.309999999999491
2025-10-21,ashort,-1,9073.625,9078.625,9064.999,9064.999,9095.625,9025.999,SL,9095.625,2025-10-21 11:27:00+11:00,82,0,-30.626000000000204,4.342000000000553,33.59400000000096
2025-10-21,fliplong,1,9073.625,9078.625,9064.999,9095.625,9047.999,9134.625,TIMEOUT,9086.999,2025-10-21 13:07:00+11:00,180,82,-8.626000000000204,22.373999999999796,10.031999999999243
2025-10-22,ashort,-1,9033.561,9038.999,9025.657,9025.657,9055.999,8986.657,TIMEOUT,9016.593,2025-10-22 13:06:00+11:00,180,0,9.063999999998487,33.0,12.342000000000553
2025-10-23,ashort,-1,9008.593,9005.689,8998.593,8998.593,9022.689,8959.593,SL,9022.689,2025-10-23 12:35:00+11:00,151,0,-24.09599999999955,9.0,24.40599999999904
2025-10-23,fliplong,1,9008.593,9005.689,8998.593,9022.689,8981.593,9061.689,TIMEOUT,9028.657,2025-10-23 13:04:00+11:00,180,151,5.967999999998938,5.967999999998938,5.128000000000611
2025-10-24,ashort,-1,9041.657,9050.689,9040.561,9040.561,9067.689,9001.561,TIMEOUT,9020.689,2025-10-24 13:07:00+11:00,180,0,19.87199999999939,22.561999999999898,15.438000000000102
2025-10-27,ashort,-1,9069.689,9058.999,9057.593,9057.593,9075.999,9018.593,SL,9075.999,2025-10-27 10:34:00+11:00,30,0,-18.40599999999904,7.032000000001062,18.40599999999904
2025-10-27,fliplong,1,9069.689,9058.999,9057.593,9075.999,9040.593,9114.999,TIMEOUT,9050.561,2025-10-27 13:09:00+11:00,180,30,-25.438000000000102,5.59400000000096,28.373999999999796
2025-10-28,along,1,9030.593,9037.625,9032.561,9037.625,9015.561,9076.625,SL,9015.561,2025-10-28 11:29:00+11:00,85,0,-22.064000000000306,19.373999999999796,22.064000000000306
2025-10-28,flipshort,-1,9030.593,9037.625,9032.561,9015.561,9054.625,8976.561,TIMEOUT,9016.689,2025-10-28 13:05:00+11:00,180,85,-1.1280000000006112,7.0,21.438000000000102
2025-10-29,ashort,-1,9020.999,9013.625,9010.593,9010.593,9030.625,8971.593,TP,8971.593,2025-10-29 11:30:00+11:00,86,0,39.0,55.03200000000106,5.40599999999904
2025-10-30,fliplong,1,8891.689,8891.561,8890.999,8908.561,8873.999,8947.561,TIMEOUT,8915.657,2025-10-30 13:04:00+11:00,180,78,7.095999999999549,11.438000000000102,10.871999999999389
2025-10-30,ashort,-1,8891.689,8891.561,8890.999,8890.999,8908.561,8851.999,SL,8908.561,2025-10-30 11:22:00+11:00,78,0,-17.561999999999898,17.438000000000102,17.657999999999447
2025-10-31,along,1,8900.561,8932.999,8911.625,8932.999,8894.625,8971.999,TIMEOUT,8919.689,2025-10-31 13:05:00+11:00,180,0,-13.30999999999949,11.0,18.373999999999796
2025-11-03,ashort,-1,8870.999,8865.657,8859.999,8859.999,8882.657,8820.999,TIMEOUT,8831.593,2025-11-03 10:59:00+11:00,55,0,28.40599999999904,28.438000000000102,8.626000000000204
2025-11-05,ashort,-1,8826.999,8819.689,8814.561,8814.561,8836.689,8775.561,TP,8775.561,2025-11-05 11:52:00+11:00,108,0,39.0,39.87199999999939,3.128000000000611
2025-11-06,ashort,-1,8848.593,8841.593,8833.561,8833.561,8858.593,8794.561,TIMEOUT,8808.689,2025-11-06 13:04:00+11:00,180,0,24.87199999999939,27.935999999999694,23.12800000000061
2025-11-07,ashort,-1,8824.999,8814.657,8814.625,8814.625,8831.657,8775.625,SL,8831.657,2025-11-07 10:42:00+11:00,38,0,-17.031999999999243,8.031999999999243,17.935999999999694
2025-11-07,fliplong,1,8824.999,8814.657,8814.625,8831.657,8797.625,8870.657,SL,8797.625,2025-11-07 13:03:00+11:00,178,38,-34.03199999999924,2.342000000000553,34.09599999999955
2025-11-10,ashort,-1,8790.999,8780.689,8778.999,8778.999,8797.689,8739.999,SL,8797.689,2025-11-10 10:21:00+11:00,17,0,-18.69000000000051,2.4059999999990396,20.626000000000204
2025-11-10,fliplong,1,8790.999,8780.689,8778.999,8797.689,8761.999,8836.689,TIMEOUT,8825.561,2025-11-10 13:04:00+11:00,180,17,27.87199999999939,32.0,19.0
2025-11-11,ashort,-1,8876.657,8868.999,8858.593,8858.593,8885.999,8819.593,TIMEOUT,8830.689,2025-11-11 13:04:00+11:00,180,0,27.90400000000045,31.032000000001062,10.40599999999904
2025-11-12,ashort,-1,8845.999,8836.689,8833.689,8833.689,8853.689,8794.689,TIMEOUT,8839.561,2025-11-12 13:07:00+11:00,180,0,-5.871999999999389,12.095999999999549,9.871999999999389
2025-11-13,ashort,-1,8810.561,8802.657,8789.689,8789.689,8819.657,8750.689,TP,8750.689,2025-11-13 11:31:00+11:00,87,0,39.0,40.03200000000106,8.0
2025-11-14,along,1,8620.999,8621.625,8617.561,8621.625,8600.561,8660.625,TIMEOUT,8635.561,2025-11-14 13:07:00+11:00,180,0,13.935999999999694,16.373999999999796,13.064000000000306
2025-11-17,fliplong,1,8610.625,8610.999,8592.625,8627.999,8575.625,8666.999,TIMEOUT,8603.561,2025-11-17 13:04:00+11:00,180,59,-24.438000000000102,1.0,26.438000000000102
2025-11-17,ashort,-1,8610.625,8610.999,8592.625,8592.625,8627.999,8553.625,SL,8627.999,2025-11-17 11:03:00+11:00,59,0,-35.373999999999796,0.0,36.03199999999924
2025-11-18,ashort,-1,8589.625,8581.689,8578.593,8578.593,8598.689,8539.593,TP,8539.593,2025-11-18 11:28:00+11:00,84,0,39.0,39.03200000000106,5.031999999999243
2025-11-19,along,1,8454.561,8474.999,8468.999,8474.999,8451.999,8513.999,TIMEOUT,8466.593,2025-11-19 13:04:00+11:00,180,0,-8.40599999999904,19.0,13.438000000000102
2025-11-20,ashort,-1,8513.657,8511.625,8493.561,8493.561,8528.625,8454.561,SL,8528.625,2025-11-20 10:30:00+11:00,26,0,-35.064000000000306,0.0,35.12800000000061
2025-11-20,fliplong,1,8513.657,8511.625,8493.561,8528.625,8476.561,8567.625,TIMEOUT,8544.999,2025-11-20 13:04:00+11:00,180,26,16.373999999999796,19.373999999999796,8.064000000000306
2025-11-21,fliplong,1,8400.593,8394.593,8394.593,8411.593,8377.593,8450.593,TIMEOUT,8432.625,2025-11-21 13:04:00+11:00,180,18,21.031999999999243,37.09599999999955,5.904000000000451
2025-11-21,ashort,-1,8400.593,8394.593,8394.593,8394.593,8411.593,8355.593,SL,8411.593,2025-11-21 10:22:00+11:00,18,0,-17.0,13.936000000001513,17.031999999999243
2025-11-24,along,1,8514.593,8517.593,8505.999,8517.593,8488.999,8556.593,SL,8488.999,2025-11-24 11:07:00+11:00,63,0,-28.59400000000096,12.095999999999549,31.032000000001062
2025-11-24,flipshort,-1,8514.593,8517.593,8505.999,8488.999,8534.593,8449.999,TIMEOUT,8498.689,2025-11-24 13:04:00+11:00,180,63,-9.69000000000051,10.438000000000102,15.626000000000204
2025-11-25,ashort,-1,8555.593,8565.999,8541.999,8541.999,8582.999,8502.999,TIMEOUT,8511.689,2025-11-25 13:05:00+11:00,180,0,30.30999999999949,35.4380000000001,4.0
2025-11-26,along,1,8619.561,8622.999,8619.689,8622.999,8602.689,8661.999,SL,8602.689,2025-11-26 11:40:00+11:00,96,0,-20.30999999999949,20.0,25.438000000000102
2025-11-26,flipshort,-1,8619.561,8622.999,8619.689,8602.689,8639.999,8563.689,TIMEOUT,8603.999,2025-11-26 13:07:00+11:00,180,96,-1.3099999999994907,16.09599999999955,2.3099999999994907
2025-11-27,ashort,-1,8620.625,8621.999,8613.625,8613.625,8638.999,8574.625,SL,8638.999,2025-11-27 10:48:00+11:00,44,0,-25.373999999999796,0.06400000000030559,27.968000000000757
2025-11-27,fliplong,1,8620.625,8621.999,8613.625,8638.999,8596.625,8677.999,TIMEOUT,8619.593,2025-11-27 13:05:00+11:00,180,44,-19.40599999999904,9.0,20.40599999999904
2025-11-28,along,1,8587.999,8595.593,8591.689,8595.593,8574.689,8634.593,TIMEOUT,8612.561,2025-11-28 13:11:00+11:00,180,0,16.967999999998938,37.03199999999924,8.904000000000451
2025-12-01,flipshort,-1,8613.561,8615.561,8612.561,8595.561,8632.561,8556.561,TIMEOUT,8589.689,2025-12-01 13:05:00+11:00,180,104,5.871999999999389,15.935999999999694,3.0
2025-12-01,along,1,8613.561,8615.561,8612.561,8615.561,8595.561,8654.561,SL,8595.561,2025-12-01 11:48:00+11:00,104,0,-20.0,6.128000000000611,20.90400000000045
2025-12-02,along,1,8569.625,8583.593,8575.657,8583.593,8558.657,8622.593,TIMEOUT,8585.689,2025-12-02 13:08:00+11:00,180,0,2.095999999999549,16.063999999998487,17.0
2025-12-03,fliplong,1,8591.561,8588.689,8588.657,8605.689,8571.657,8644.689,TIMEOUT,8585.999,2025-12-03 13:07:00+11:00,180,52,-19.69000000000051,20.30999999999949,31.0
2025-12-03,ashort,-1,8591.561,8588.689,8588.657,8588.657,8605.689,8549.657,SL,8605.689,2025-12-03 10:56:00+11:00,52,0,-17.032000000001062,6.063999999998487,17.968000000000757
2025-12-04,ashort,-1,8604.657,8604.657,8602.593,8602.593,8621.657,8563.593,TIMEOUT,8591.657,2025-12-04 13:07:00+11:00,180,0,10.936000000001513,38.0,9.40599999999904
2025-12-05,ashort,-1,8616.593,8618.657,8610.625,8610.625,8635.657,8571.625,TIMEOUT,8622.657,2025-12-05 13:07:00+11:00,180,0,-12.031999999999243,16.626000000000204,22.373999999999796
2025-12-08,fliplong,1,8609.657,8598.657,8598.657,8615.657,8581.657,8654.657,TIMEOUT,8609.561,2025-12-08 13:17:00+11:00,180,7,-6.095999999999549,9.032000000001062,19.0
2025-12-08,ashort,-1,8609.657,8598.657,8598.657,8598.657,8615.657,8559.657,SL,8615.657,2025-12-08 10:11:00+11:00,7,0,-17.0,3.095999999999549,17.342000000000553
2025-12-09,ashort,-1,8603.999,8602.689,8597.561,8597.561,8619.689,8558.561,TIMEOUT,8606.625,2025-12-09 13:06:00+11:00,180,0,-9.064000000000306,16.0,21.438000000000102
2025-12-10,ashort,-1,8611.593,8606.593,8595.561,8595.561,8623.593,8556.561,TIMEOUT,8590.999,2025-12-10 10:59:00+11:00,55,0,4.561999999999898,12.0,9.064000000000306
2025-12-12,fliplong,1,8668.625,8668.561,8665.593,8685.561,8648.593,8724.561,TIMEOUT,8685.689,2025-12-12 13:06:00+11:00,180,78,0.12800000000061118,10.095999999999549,11.904000000000451
2025-12-12,ashort,-1,8668.625,8668.561,8665.593,8665.593,8685.561,8626.593,SL,8685.561,2025-12-12 11:22:00+11:00,78,0,-19.967999999998938,6.032000000001062,21.09599999999955
2025-12-15,ashort,-1,8651.689,8649.999,8648.689,8648.689,8666.999,8609.689,TIMEOUT,8644.593,2025-12-15 13:05:00+11:00,180,0,4.095999999999549,26.12800000000061,7.935999999999694
2025-12-16,along,1,8632.657,8661.625,8648.999,8661.625,8631.999,8700.625,TIMEOUT,8635.689,2025-12-16 10:59:00+11:00,55,0,-25.935999999999694,7.373999999999796,28.031999999999243
2025-12-19,along,1,8624.625,8632.657,8625.561,8632.657,8608.561,8671.657,TIMEOUT,8623.999,2025-12-19 13:07:00+11:00,180,0,-8.657999999999447,14.936000000001513,20.967999999998938
2025-12-22,ashort,-1,8662.561,8667.657,8656.689,8656.689,8684.657,8617.689,SL,8684.657,2025-12-22 11:21:00+11:00,77,0,-27.967999999998938,2.0640000000003056,28.0
2025-12-22,fliplong,1,8662.561,8667.657,8656.689,8684.657,8639.689,8723.657,TIMEOUT,8698.657,2025-12-22 13:07:00+11:00,180,77,14.0,25.342000000000553,4.095999999999549
2025-12-23,along,1,8698.625,8716.561,8711.625,8716.561,8694.625,8755.561,TP,8755.561,2025-12-23 12:01:00+11:00,114,0,39.0,40.03200000000106,4.561999999999898
2025-12-24,ashort,-1,8779.657,8777.689,8756.593,8756.593,8794.689,8717.593,TIMEOUT,8747.625,2025-12-24 13:08:00+11:00,180,0,8.968000000000757,16.032000000001062,6.40599999999904
2025-12-30,along,1,8718.593,8721.593,8720.999,8721.593,8703.999,8760.593,TIMEOUT,8722.561,2025-12-30 13:06:00+11:00,180,0,0.9679999999989377,36.03199999999924,4.936000000001513
2025-12-31,flipshort,-1,8712.625,8713.561,8712.561,8695.561,8730.561,8656.561,TIMEOUT,8687.625,2025-12-31 13:18:00+11:00,180,87,7.935999999999694,17.967999999998938,22.438000000000102
2025-12-31,along,1,8712.625,8713.561,8712.561,8713.561,8695.561,8752.561,SL,8695.561,2025-12-31 11:33:00+11:00,87,0,-18.0,14.128000000000611,18.967999999998938
2026-01-05,along,1,8727.999,8737.689,8719.593,8737.689,8702.593,8776.689,TIMEOUT,8735.561,2026-01-05 13:04:00+11:00,180,0,-2.128000000000611,13.967999999998938,16.0
2026-01-06,ashort,-1,8768.593,8764.657,8750.999,8750.999,8781.657,8711.999,TP,8711.999,2026-01-06 10:56:00+11:00,52,0,39.0,39.0,4.0
2026-01-07,ashort,-1,8720.561,8718.689,8711.657,8711.657,8735.689,8672.657,SL,8735.689,2026-01-07 11:31:00+11:00,87,0,-24.032000000001062,16.031999999999243,29.342000000000553
2026-01-07,fliplong,1,8720.561,8718.689,8711.657,8735.689,8694.657,8774.689,SL,8694.657,2026-01-07 12:39:00+11:00,154,87,-41.03200000000106,5.309999999999491,43.03200000000106
2026-01-08,along,1,8693.561,8701.657,8695.657,8701.657,8678.657,8740.657,TIMEOUT,8738.657,2026-01-08 13:09:00+11:00,180,0,37.0,38.34200000000055,10.063999999998487
2026-01-09,flipshort,-1,8747.689,8751.689,8747.561,8730.561,8768.689,8691.561,TIMEOUT,8740.689,2026-01-09 13:04:00+11:00,180,18,-10.128000000000611,22.0,15.438000000000102
2026-01-09,along,1,8747.689,8751.689,8747.561,8751.689,8730.561,8790.689,SL,8730.561,2026-01-09 10:22:00+11:00,18,0,-21.12800000000061,4.967999999998938,21.12800000000061
2026-01-12,ashort,-1,8732.561,8730.657,8727.625,8727.625,8747.657,8688.625,SL,8747.657,2026-01-12 10:20:00+11:00,16,0,-20.031999999999243,1.0319999999992433,22.031999999999243
2026-01-12,fliplong,1,8732.561,8730.657,8727.625,8747.657,8710.625,8786.657,TP,8786.657,2026-01-12 10:39:00+11:00,35,16,39.0,39.34200000000055,0.09599999999954889
2026-01-13,along,1,8779.593,8781.593,8779.999,8781.593,8762.999,8820.593,TP,8820.593,2026-01-13 10:38:00+11:00,34,0,39.0,42.03199999999924,4.032000000001062
2026-01-14,along,1,8802.689,8825.657,8819.593,8825.657,8802.593,8864.657,SL,8802.593,2026-01-14 11:00:00+11:00,56,0,-23.063999999998487,9.032000000001062,26.031999999999243
2026-01-14,flipshort,-1,8802.689,8825.657,8819.593,8802.593,8842.657,8763.593,TIMEOUT,8783.561,2026-01-14 13:07:00+11:00,180,56,19.032000000001062,19.90400000000045,9.40599999999904
2026-01-15,along,1,8839.657,8861.561,8860.561,8861.561,8843.561,8900.561,SL,8843.561,2026-01-15 10:17:00+11:00,13,0,-18.0,2.128000000000611,18.0
2026-01-15,flipshort,-1,8839.657,8861.561,8860.561,8843.561,8878.561,8804.561,TIMEOUT,8848.999,2026-01-15 13:05:00+11:00,180,13,-5.438000000000102,11.904000000000451,32.064000000000306
2026-01-16,along,1,8854.561,8855.625,8850.625,8855.625,8833.625,8894.625,TIMEOUT,8890.593,2026-01-16 13:07:00+11:00,180,0,34.96800000000076,38.064000000000306,2.9359999999996944
2026-01-19,ashort,-1,8890.561,8883.593,8879.999,8879.999,8900.593,8840.999,SL,8900.593,2026-01-19 10:36:00+11:00,32,0,-20.59400000000096,0.0,20.626000000000204
2026-01-19,fliplong,1,8890.561,8883.593,8879.999,8900.593,8862.999,8939.593,SL,8862.999,2026-01-19 12:37:00+11:00,152,32,-37.59400000000096,0.0319999999992433,39.03200000000106
2026-01-20,along,1,8842.561,8843.593,8838.625,8843.593,8821.625,8882.593,SL,8821.625,2026-01-20 11:28:00+11:00,82,0,-21.968000000000757,9.031999999999243,22.032000000001062
2026-01-20,flipshort,-1,8842.561,8843.593,8838.625,8821.625,8860.593,8782.625,TIMEOUT,8820.657,2026-01-20 13:06:00+11:00,180,82,0.9680000000007567,11.968000000000757,18.031999999999243
2026-01-21,along,1,8776.689,8781.561,8774.625,8781.561,8757.625,8820.561,TIMEOUT,8783.689,2026-01-21 13:05:00+11:00,180,0,2.128000000000611,15.438000000000102,14.871999999999389
2026-01-22,along,1,8830.689,8842.625,8829.625,8842.625,8812.625,8881.625,TIMEOUT,8831.625,2026-01-22 13:04:00+11:00,180,0,-11.0,22.373999999999796,15.031999999999243
2026-01-23,along,1,8841.689,8846.999,8843.657,8846.999,8826.657,8885.999,TP,8885.999,2026-01-23 12:40:00+11:00,155,0,39.0,39.69000000000051,10.438000000000102
2026-01-27,along,1,8909.561,8922.689,8921.561,8922.689,8904.561,8961.689,TP,8961.689,2026-01-27 10:45:00+11:00,41,0,39.0,40.30999999999949,0.0
2026-01-28,ashort,-1,8978.593,8973.593,8970.625,8970.625,8990.593,8931.625,TP,8931.625,2026-01-28 11:30:00+11:00,86,0,39.0,67.0640000000003,7.373999999999796
2026-01-29,ashort,-1,8931.657,8918.561,8909.657,8909.657,8935.561,8870.657,TP,8870.657,2026-01-29 11:07:00+11:00,63,0,39.0,41.06399999999849,2.904000000000451
2026-01-30,ashort,-1,8954.999,8953.999,8942.561,8942.561,8970.999,8903.561,SL,8970.999,2026-01-30 10:44:00+11:00,40,0,-28.438000000000102,6.0,29.12800000000061
2026-01-30,fliplong,1,8954.999,8953.999,8942.561,8970.999,8925.561,9009.999,SL,8925.561,2026-01-30 12:29:00+11:00,145,40,-45.4380000000001,0.6900000000005093,46.4380000000001
2026-02-02,along,1,8797.625,8828.625,8823.561,8828.625,8806.561,8867.625,SL,8806.561,2026-02-02 12:09:00+11:00,125,0,-22.064000000000306,10.0,23.064000000000306
2026-02-02,flipshort,-1,8797.625,8828.625,8823.561,8806.561,8845.625,8767.561,TIMEOUT,8783.625,2026-02-02 13:04:00+11:00,180,125,22.935999999999694,28.90400000000045,5.064000000000306
2026-02-03,ashort,-1,8864.625,8863.561,8852.625,8852.625,8880.561,8813.625,SL,8880.561,2026-02-03 10:33:00+11:00,29,0,-27.935999999999694,0.0,31.031999999999243
2026-02-03,fliplong,1,8864.625,8863.561,8852.625,8880.561,8835.625,8919.561,TIMEOUT,8866.561,2026-02-03 13:04:00+11:00,180,29,-14.0,15.095999999999549,14.967999999998938
2026-02-04,ashort,-1,8838.625,8841.657,8837.561,8837.561,8858.657,8798.561,SL,8858.657,2026-02-04 11:55:00+11:00,111,0,-21.09599999999955,10.0,22.12800000000061
2026-02-04,fliplong,1,8838.625,8841.657,8837.561,8858.657,8820.561,8897.657,TP,8897.657,2026-02-04 13:00:00+11:00,176,111,39.0,41.34200000000055,7.095999999999549
2026-02-05,along,1,8915.561,8917.689,8899.999,8917.689,8882.999,8956.689,TIMEOUT,8907.999,2026-02-05 13:05:00+11:00,180,0,-9.69000000000051,3.3099999999994907,18.09599999999955
2026-02-06,flipshort,-1,8780.561,8784.689,8781.625,8764.625,8801.689,8725.625,TIMEOUT,8755.593,2026-02-06 10:59:00+11:00,55,2,9.031999999999243,29.626000000000204,12.373999999999796
2026-02-06,along,1,8780.561,8784.689,8781.625,8784.689,8764.625,8823.689,SL,8764.625,2026-02-06 10:06:00+11:00,2,0,-20.064000000000306,0.0,22.064000000000306
2026-02-09,along,1,8793.999,8823.625,8807.561,8823.625,8790.561,8862.625,TP,8862.625,2026-02-09 12:10:00+11:00,126,0,39.0,39.064000000000306,11.064000000000306
2026-02-10,ashort,-1,8915.593,8912.561,8909.689,8909.689,8929.561,8870.689,TIMEOUT,8902.689,2026-02-10 10:59:00+11:00,55,0,7.0,7.095999999999549,14.30999999999949
2026-02-12,along,1,9016.625,9037.999,9037.657,9037.999,9020.657,9076.999,TP,9076.999,2026-02-12 12:27:00+11:00,142,0,39.0,39.69000000000051,3.342000000000553
2026-02-13,along,1,8954.593,8978.561,8965.999,8978.561,8948.999,9017.561,SL,8948.999,2026-02-13 11:17:00+11:00,73,0,-29.561999999999898,3.128000000000611,31.0
2026-02-13,flipshort,-1,8954.593,8978.561,8965.999,8948.999,8995.561,8909.999,TIMEOUT,8920.689,2026-02-13 13:04:00+11:00,180,73,28.30999999999949,33.40599999999904,3.6260000000002037
2026-02-16,ashort,-1,8948.561,8950.625,8941.625,8941.625,8967.625,8902.625,TIMEOUT,8932.999,2026-02-16 13:04:00+11:00,180,0,8.626000000000204,28.064000000000306,8.031999999999243
2026-02-17,along,1,8964.561,8969.561,8965.999,8969.561,8948.999,9008.561,TIMEOUT,8965.561,2026-02-17 13:04:00+11:00,180,0,-4.0,24.438000000000102,7.0
2026-02-18,ashort,-1,8994.999,8994.593,8987.999,8987.999,9011.593,8948.999,TIMEOUT,8984.657,2026-02-18 10:59:00+11:00,55,0,3.342000000000553,5.309999999999491,17.0
2026-02-20,along,1,9041.561,9056.689,9049.561,9056.689,9032.561,9095.689,TIMEOUT,9077.625,2026-02-20 13:09:00+11:00,180,0,20.935999999999694,26.0,14.095999999999549
2026-02-23,ashort,-1,9091.625,9104.999,9091.593,9091.593,9121.999,9052.593,TP,9052.593,2026-02-23 10:41:00+11:00,37,0,39.0,39.0,6.40599999999904
2026-02-24,along,1,9043.657,9048.657,9038.593,9048.657,9021.593,9087.657,TIMEOUT,9036.657,2026-02-24 10:59:00+11:00,55,0,-12.0,7.0,12.0
2026-02-26,ashort,-1,9192.625,9196.689,9180.561,9180.561,9213.689,9141.561,TIMEOUT,9186.625,2026-02-26 13:05:00+11:00,180,0,-6.064000000000306,20.0,10.438000000000102
2026-02-27,ashort,-1,9178.999,9178.561,9165.999,9165.999,9195.561,9126.999,SL,9195.561,2026-02-27 11:12:00+11:00,68,0,-29.561999999999898,7.373999999999796,29.69000000000051
2026-02-27,fliplong,1,9178.999,9178.561,9165.999,9195.561,9148.999,9234.561,TIMEOUT,9167.593,2026-02-27 13:04:00+11:00,180,68,-27.967999999998938,0.12800000000061118,29.87199999999939
2026-03-02,along,1,9104.689,9139.561,9117.561,9139.561,9100.561,9178.561,TIMEOUT,9155.625,2026-03-02 13:04:00+11:00,180,0,16.064000000000306,34.0,5.0
2026-03-03,flipshort,-1,9165.657,9176.689,9166.625,9149.625,9193.689,9110.625,TP,9110.625,2026-03-03 12:20:00+11:00,136,38,39.0,42.0,4.373999999999796
2026-03-03,along,1,9165.657,9176.689,9166.625,9176.689,9149.625,9215.689,SL,9149.625,2026-03-03 10:42:00+11:00,38,0,-27.064000000000306,4.904000000000451,27.064000000000306
2026-03-04,ashort,-1,8939.999,8936.625,8932.999,8932.999,8953.625,8893.999,SL,8953.625,2026-03-04 10:14:00+11:00,10,0,-20.626000000000204,4.373999999999796,21.0
2026-03-04,fliplong,1,8939.999,8936.625,8932.999,8953.625,8915.999,8992.625,SL,8915.999,2026-03-04 10:59:00+11:00,55,10,-37.626000000000204,6.064000000000306,41.064000000000306
2026-03-05,along,1,8940.689,8967.593,8955.625,8967.593,8938.625,9006.593,SL,8938.625,2026-03-05 11:00:00+11:00,56,0,-28.968000000000757,2.4059999999990396,35.59400000000096
2026-03-05,flipshort,-1,8940.689,8967.593,8955.625,8938.625,8984.593,8899.625,TIMEOUT,8912.561,2026-03-05 13:04:00+11:00,180,56,26.064000000000306,29.968000000000757,8.373999999999796
2026-03-06,along,1,8802.657,8819.657,8810.625,8819.657,8793.625,8858.657,TIMEOUT,8835.657,2026-03-06 13:04:00+11:00,180,0,16.0,26.342000000000553,11.095999999999549
2026-03-09,ashort,-1,8608.625,8604.689,8603.689,8603.689,8621.689,8564.689,TP,8564.689,2026-03-09 10:27:00+11:00,23,0,39.0,39.12800000000061,12.0
2026-03-10,ashort,-1,8717.657,8716.561,8706.593,8706.593,8733.561,8667.593,SL,8733.561,2026-03-10 10:19:00+11:00,15,0,-26.967999999998938,4.59400000000096,27.09599999999955
2026-03-10,fliplong,1,8717.657,8716.561,8706.593,8733.561,8689.593,8772.561,TIMEOUT,8714.999,2026-03-10 13:04:00+11:00,180,15,-18.561999999999898,18.032000000001062,42.87199999999939
2026-03-11,along,1,8715.625,8733.625,8721.561,8733.625,8704.561,8772.625,TIMEOUT,8722.561,2026-03-11 13:04:00+11:00,180,0,-11.064000000000306,26.935999999999694,26.935999999999694
2026-03-12,along,1,8635.625,8647.593,8645.625,8647.593,8628.625,8686.593,SL,8628.625,2026-03-12 10:35:00+11:00,31,0,-18.968000000000757,10.095999999999549,19.0
2026-03-12,flipshort,-1,8635.625,8647.593,8645.625,8628.625,8664.593,8589.625,TIMEOUT,8628.625,2026-03-12 10:59:00+11:00,55,31,-0.0,4.031999999999243,9.373999999999796
2026-03-16,along,1,8551.999,8579.593,8567.625,8579.593,8550.625,8618.593,TP,8618.593,2026-03-16 11:52:00+11:00,108,0,39.0,39.09599999999955,14.59400000000096
2026-03-17,ashort,-1,8633.561,8625.593,8621.689,8621.689,8642.593,8582.689,TP,8582.689,2026-03-17 11:55:00+11:00,111,0,39.0,39.09599999999955,14.30999999999949
2026-03-18,along,1,8604.625,8621.625,8613.999,8621.625,8596.999,8660.625,TIMEOUT,8632.999,2026-03-18 13:08:00+11:00,180,0,11.373999999999796,20.373999999999796,22.626000000000204
2026-03-19,along,1,8485.561,8507.657,8498.657,8507.657,8481.657,8546.657,SL,8481.657,2026-03-19 13:01:00+11:00,177,0,-26.0,17.032000000001062,26.063999999998487
2026-03-19,flipshort,-1,8485.561,8507.657,8498.657,8481.657,8524.657,8442.657,TIMEOUT,8490.657,2026-03-19 13:04:00+11:00,180,177,-9.0,0.0639999999984866,11.342000000000553
2026-03-20,along,1,8485.625,8497.561,8477.657,8497.561,8460.657,8536.561,SL,8460.657,2026-03-20 11:03:00+11:00,59,0,-36.90400000000045,0.12800000000061118,38.96799999999894
2026-03-20,flipshort,-1,8485.625,8497.561,8477.657,8460.657,8514.561,8421.657,TIMEOUT,8467.625,2026-03-20 13:04:00+11:00,180,59,-6.968000000000757,22.09599999999955,25.90400000000045
2026-03-23,fliplong,1,8291.999,8278.625,8272.561,8295.625,8255.561,8334.625,TP,8334.625,2026-03-23 12:19:00+11:00,135,41,39.0,39.96800000000076,16.0
2026-03-23,ashort,-1,8291.999,8278.625,8272.561,8272.561,8295.625,8233.561,SL,8295.625,2026-03-23 10:45:00+11:00,41,0,-23.064000000000306,7.561999999999898,26.09599999999955
2026-03-24,ashort,-1,8516.593,8507.657,8489.625,8489.625,8524.657,8450.625,TP,8450.625,2026-03-24 10:45:00+11:00,41,0,39.0,46.03199999999924,1.0
2026-03-25,along,1,8458.593,8489.657,8469.689,8489.657,8452.689,8528.657,TP,8528.657,2026-03-25 11:14:00+11:00,70,0,39.0,40.96800000000076,21.09599999999955
2026-03-26,flipshort,-1,8542.593,8552.593,8534.657,8517.657,8569.593,8478.657,TIMEOUT,8532.999,2026-03-26 13:04:00+11:00,180,38,-15.342000000000553,2.9679999999989377,35.34200000000055
2026-03-26,along,1,8542.593,8552.593,8534.657,8552.593,8517.657,8591.593,SL,8517.657,2026-03-26 10:42:00+11:00,38,0,-34.93600000000151,1.4059999999990396,36.03200000000106
2026-03-27,along,1,8443.561,8479.561,8463.657,8479.561,8446.657,8518.561,TIMEOUT,8496.593,2026-03-27 13:04:00+11:00,180,0,17.032000000001062,36.03200000000106,28.935999999999694
2026-03-30,along,1,8404.593,8431.689,8427.593,8431.689,8410.593,8470.689,SL,8410.593,2026-03-30 10:39:00+11:00,35,0,-21.09599999999955,3.904000000000451,21.12800000000061
2026-03-30,flipshort,-1,8404.593,8431.689,8427.593,8410.593,8448.689,8371.593,TIMEOUT,8412.689,2026-03-30 13:04:00+11:00,180,35,-2.095999999999549,30.0,21.40599999999904
2026-03-31,fliplong,1,8460.593,8457.999,8439.689,8474.999,8422.689,8513.999,TP,8513.999,2026-03-31 12:23:00+11:00,139,102,39.0,39.0,10.30999999999949
2026-03-31,ashort,-1,8460.593,8457.999,8439.689,8439.689,8474.999,8400.689,SL,8474.999,2026-03-31 11:46:00+11:00,102,0,-35.30999999999949,28.09599999999955,45.0
2026-04-01,along,1,8602.561,8611.561,8607.561,8611.561,8590.561,8650.561,TIMEOUT,8622.657,2026-04-01 13:04:00+11:00,180,0,11.095999999999549,27.438000000000102,9.935999999999694
2026-04-02,flipshort,-1,8685.625,8691.561,8690.999,8673.999,8708.561,8634.999,SL,8708.561,2026-04-02 12:10:00+11:00,126,122,-34.5619999999999,2.3099999999994907,36.0
2026-04-02,along,1,8685.625,8691.561,8690.999,8691.561,8673.999,8730.561,SL,8673.999,2026-04-02 12:06:00+11:00,122,0,-17.561999999999898,32.4380000000001,19.87199999999939
2026-04-07,along,1,8660.593,8712.625,8687.657,8712.625,8670.657,8751.625,TP,8751.625,2026-04-07 10:15:00+10:00,11,0,39.0,40.96800000000076,0.0
2026-04-08,along,1,8937.561,8984.689,8976.689,8984.689,8959.689,9023.689,SL,8959.689,2026-04-08 10:07:00+10:00,3,0,-25.0,0.0,25.69000000000051
2026-04-08,flipshort,-1,8937.561,8984.689,8976.689,8959.689,9001.689,8920.689,TIMEOUT,8968.999,2026-04-08 13:04:00+10:00,180,3,-9.30999999999949,30.12800000000061,16.0
2026-04-09,fliplong,1,8916.593,8902.625,8901.689,8919.625,8884.689,8958.625,TP,8958.625,2026-04-09 12:45:00+10:00,161,6,39.0,39.373999999999796,5.935999999999694
2026-04-09,ashort,-1,8916.593,8902.625,8901.689,8901.689,8919.625,8862.689,SL,8919.625,2026-04-09 10:10:00+10:00,6,0,-17.935999999999694,4.128000000000611,18.967999999998938
2026-04-10,ashort,-1,8951.561,8928.561,8914.657,8914.657,8945.561,8875.657,SL,8945.561,2026-04-10 10:59:00+10:00,55,0,-30.90400000000045,13.657999999999447,32.03200000000106
2026-04-10,fliplong,1,8951.561,8928.561,8914.657,8945.561,8897.657,8984.561,TIMEOUT,8940.999,2026-04-10 13:06:00+10:00,180,55,-4.561999999999898,5.438000000000102,22.0
2026-04-13,fliplong,1,8905.593,8915.561,8897.625,8932.561,8880.625,8971.561,TIMEOUT,8912.657,2026-04-13 13:06:00+10:00,180,44,-19.90400000000045,2.095999999999549,22.0
2026-04-13,ashort,-1,8905.593,8915.561,8897.625,8897.625,8932.561,8858.625,SL,8932.561,2026-04-13 10:48:00+10:00,44,0,-34.935999999999694,6.064000000000306,36.03199999999924
2026-04-14,ashort,-1,9042.625,9027.625,8993.999,8993.999,9044.625,8954.999,TP,8954.999,2026-04-14 10:55:00+10:00,51,0,39.0,40.34200000000055,19.657999999999447
2026-04-15,ashort,-1,9017.561,9013.561,9005.593,9005.593,9030.561,8966.593,TIMEOUT,8978.625,2026-04-15 13:09:00+10:00,180,0,26.968000000000757,29.0,1.0319999999992433
2026-04-16,ashort,-1,9001.689,9005.625,8982.561,8982.561,9022.625,8943.561,TIMEOUT,8964.999,2026-04-16 13:05:00+10:00,180,0,17.561999999999898,32.0,15.032000000001062
2026-04-17,ashort,-1,8945.657,8935.657,8934.593,8934.593,8952.657,8895.593,TIMEOUT,8924.689,2026-04-17 13:06:00+10:00,180,0,9.904000000000451,35.93600000000151,5.0
2026-04-20,ashort,-1,8950.657,8934.593,8910.689,8910.689,8951.593,8871.689,SL,8951.593,2026-04-20 11:33:00+10:00,89,0,-40.90400000000045,15.128000000000611,41.90400000000045
2026-04-20,fliplong,1,8950.657,8934.593,8910.689,8951.593,8893.689,8990.593,TIMEOUT,8944.999,2026-04-20 13:07:00+10:00,180,89,-6.59400000000096,4.063999999998487,19.032000000001062
2026-04-21,ashort,-1,8995.593,8975.657,8973.657,8973.657,8992.657,8934.657,TP,8934.657,2026-04-21 10:35:00+10:00,31,0,39.0,41.0,4.032000000001062
2026-04-22,ashort,-1,8890.593,8897.593,8885.657,8885.657,8914.593,8846.657,TIMEOUT,8877.625,2026-04-22 13:08:00+10:00,180,0,8.031999999999243,30.09599999999955,13.342000000000553
2026-04-23,fliplong,1,8823.593,8807.999,8791.689,8824.999,8774.689,8863.999,SL,8774.689,2026-04-23 11:53:00+10:00,109,49,-50.30999999999949,3.657999999999447,51.373999999999796
2026-04-23,ashort,-1,8823.593,8807.999,8791.689,8791.689,8824.999,8752.689,TP,8752.689,2026-04-23 10:14:00+10:00,10,0,39.0,39.03200000000106,9.967999999998938
2026-04-24,ashort,-1,8825.657,8802.625,8761.593,8761.593,8819.625,8722.593,TIMEOUT,8750.561,2026-04-24 13:04:00+10:00,180,0,11.032000000001062,26.032000000001062,31.40599999999904
2026-04-27,fliplong,1,8756.693,8737.193,8734.161,8754.193,8717.161,8793.193,TIMEOUT,8768.289,2026-04-27 13:04:00+10:00,180,57,14.096000000001368,20.968000000000757,19.0
2026-04-27,ashort,-1,8756.693,8737.193,8734.161,8734.161,8754.193,8695.161,SL,8754.193,2026-04-27 11:01:00+10:00,57,0,-20.031999999999243,10.968000000000757,20.938000000000102
2026-04-28,flipshort,-1,8711.257,8716.257,8712.225,8695.225,8733.257,8656.225,SL,8733.257,2026-04-28 11:40:00+10:00,96,10,-38.03199999999924,4.5,39.064000000000306
2026-04-28,along,1,8711.257,8716.257,8712.225,8716.257,8695.225,8755.257,SL,8695.225,2026-04-28 10:14:00+10:00,10,0,-21.031999999999243,2.342000000000553,21.09599999999955
2026-04-29,flipshort,-1,8677.193,8686.193,8682.725,8665.725,8703.193,8626.725,SL,8703.193,2026-04-29 11:31:00+10:00,87,19,-37.46799999999894,6.532000000001062,40.96799999999894
2026-04-29,along,1,8677.193,8686.193,8682.725,8686.193,8665.725,8725.193,SL,8665.725,2026-04-29 10:23:00+10:00,19,0,-20.467999999998938,4.096000000001368,21.031999999999243
2026-04-30,along,1,8640.257,8640.289,8637.661,8640.289,8620.661,8679.289,TP,8679.289,2026-04-30 12:02:00+10:00,118,0,39.0,39.30999999999949,8.128000000000611
2026-05-01,flipshort,-1,8727.599,8759.161,8757.599,8740.599,8776.161,8701.599,TIMEOUT,8747.289,2026-05-01 13:08:00+10:00,180,4,-6.690000000000509,31.342000000000553,15.626000000000204
2026-05-01,along,1,8727.599,8759.161,8757.599,8759.161,8740.599,8798.161,SL,8740.599,2026-05-01 10:08:00+10:00,4,0,-18.561999999999898,1.0319999999992433,18.968000000000757
2026-05-04,ashort,-1,8726.389,8724.889,8722.293,8722.293,8741.889,8683.293,TP,8683.293,2026-05-04 10:31:00+10:00,27,0,39.0,39.5,11.0
2026-05-05,flipshort,-1,8634.793,8654.825,8643.325,8626.325,8671.825,8587.325,TIMEOUT,8644.199,2026-05-05 13:08:00+10:00,180,59,-17.873999999999796,7.5,32.873999999999796
2026-05-05,along,1,8634.793,8654.825,8643.325,8654.825,8626.325,8693.825,SL,8626.325,2026-05-05 11:03:00+10:00,59,0,-28.5,9.0,30.064000000000306
2026-05-06,fliplong,1,8731.699,8732.293,8723.889,8749.293,8706.889,8788.293,TP,8788.293,2026-05-06 12:02:00+10:00,118,50,39.0,39.5,5.531999999999243
2026-05-06,ashort,-1,8731.699,8732.293,8723.889,8723.889,8749.293,8684.889,SL,8749.293,2026-05-06 10:54:00+10:00,50,0,-25.40400000000045,10.095999999999549,26.0
2026-05-07,along,1,8862.461,8871.899,8862.961,8871.899,8845.961,8910.899,TIMEOUT,8866.493,2026-05-07 13:05:00+10:00,180,0,-5.40599999999904,17.69000000000051,19.373999999999796
2026-05-08,along,1,8725.461,8797.493,8777.057,8797.493,8760.057,8836.493,SL,8760.057,2026-05-08 10:13:00+10:00,9,0,-37.435999999999694,4.064000000000306,37.59400000000096
2026-05-08,flipshort,-1,8725.461,8797.493,8777.057,8760.057,8814.493,8721.057,TIMEOUT,8731.557,2026-05-08 13:04:00+10:00,180,9,28.5,38.564000000000306,27.031999999999243
2026-05-11,ashort,-1,8681.589,8688.525,8678.461,8678.461,8705.525,8639.461,TIMEOUT,8682.461,2026-05-11 13:05:00+10:00,180,0,-4.0,37.935999999999694,26.438000000000102
2026-05-12,ashort,-1,8713.493,8709.899,8696.461,8696.461,8726.899,8657.461,TP,8657.461,2026-05-12 10:34:00+10:00,30,0,39.0,40.0,1.4380000000001019
2026-05-13,ashort,-1,8627.399,8633.399,8625.525,8625.525,8650.399,8586.525,SL,8650.399,2026-05-13 11:48:00+10:00,104,0,-24.873999999999796,36.5,24.873999999999796
2026-05-13,fliplong,1,8627.399,8633.399,8625.525,8650.399,8608.525,8689.399,TIMEOUT,8633.525,2026-05-13 13:04:00+10:00,180,104,-16.873999999999796,3.1900000000005093,19.938000000000102
2026-05-14,ashort,-1,8604.089,8607.461,8600.525,8600.525,8624.461,8561.525,SL,8624.461,2026-05-14 10:20:00+10:00,16,0,-23.935999999999694,2.0319999999992433,25.064000000000306
2026-05-14,fliplong,1,8604.089,8607.461,8600.525,8624.461,8583.525,8663.461,TIMEOUT,8615.899,2026-05-14 13:04:00+10:00,180,16,-8.561999999999898,20.938000000000102,18.0
2026-05-15,ashort,-1,8687.461,8663.993,8654.899,8654.899,8680.993,8615.899,SL,8680.993,2026-05-15 10:15:00+10:00,11,0,-26.09400000000096,3.8099999999994907,29.69000000000051
2026-05-15,fliplong,1,8687.461,8663.993,8654.899,8680.993,8637.899,8719.993,SL,8637.899,2026-05-15 11:20:00+10:00,76,11,-43.09400000000096,11.90599999999904,43.96800000000076
2026-05-19,ashort,-1,8595.399,8573.993,8573.057,8573.057,8590.993,8534.057,SL,8590.993,2026-05-19 10:07:00+10:00,3,0,-17.935999999999694,0.0,22.403999999998632
2026-05-19,fliplong,1,8595.399,8573.993,8573.057,8590.993,8556.057,8629.993,TIMEOUT,8586.461,2026-05-19 13:04:00+10:00,180,3,-4.532000000001062,15.467999999998938,30.5
2026-05-22,along,1,8651.057,8665.493,8661.961,8665.493,8644.961,8704.493,SL,8644.961,2026-05-22 11:00:00+10:00,56,0,-20.532000000001062,8.40599999999904,20.59400000000096
2026-05-22,flipshort,-1,8651.057,8665.493,8661.961,8644.961,8682.493,8605.961,TIMEOUT,8667.557,2026-05-22 13:04:00+10:00,180,56,-22.596000000001368,3.4359999999996944,28.938000000000102
2026-05-25,fliplong,1,8667.025,8654.461,8639.525,8671.461,8622.525,8710.461,TP,8710.461,2026-05-25 12:12:00+10:00,127,68,39.0,39.0,4.435999999999694
2026-05-25,ashort,-1,8667.025,8654.461,8639.525,8639.525,8671.461,8600.525,SL,8671.461,2026-05-25 11:12:00+10:00,68,0,-31.935999999999694,0.0,32.373999999999796
2026-05-26,ashort,-1,8693.589,8684.589,8673.993,8673.993,8701.589,8634.993,TP,8634.993,2026-05-26 10:40:00+10:00,36,0,39.0,39.40400000000045,1.9059999999990396
2026-05-27,along,1,8657.589,8660.493,8655.557,8660.493,8638.557,8699.493,SL,8638.557,2026-05-27 10:23:00+10:00,19,0,-21.935999999999694,10.095999999999549,22.59400000000096
2026-05-27,flipshort,-1,8657.589,8660.493,8655.557,8638.557,8677.493,8599.557,TIMEOUT,8670.461,2026-05-27 13:07:00+10:00,180,19,-31.903999999998632,13.658000000001266,38.341999999998734
2026-05-28,ashort,-1,8659.399,8657.025,8648.899,8648.899,8674.025,8609.899,TIMEOUT,8618.493,2026-05-28 13:04:00+10:00,180,0,30.40599999999904,32.40599999999904,14.59400000000096
2026-05-29,along,1,8645.557,8661.961,8655.057,8661.961,8638.057,8700.961,TIMEOUT,8691.557,2026-05-29 13:06:00+10:00,180,0,29.596000000001368,30.564000000000306,13.467999999998938
2026-06-01,fliplong,1,8716.899,8710.461,8706.493,8727.461,8689.493,8766.461,TIMEOUT,8721.493,2026-06-01 13:05:00+10:00,180,16,-5.967999999998938,4.096000000001368,32.46799999999894
2026-06-01,ashort,-1,8716.899,8710.461,8706.493,8706.493,8727.461,8667.493,SL,8727.461,2026-06-01 10:20:00+10:00,16,0,-20.967999999998938,4.032000000001062,25.064000000000306
2026-06-02,along,1,8672.961,8696.557,8694.899,8696.557,8677.899,8735.557,SL,8677.899,2026-06-02 10:08:00+10:00,4,0,-18.658000000001266,6.341999999998734,28.158000000001266
2026-06-02,flipshort,-1,8672.961,8696.557,8694.899,8677.899,8713.557,8638.899,TP,8638.899,2026-06-02 10:43:00+10:00,39,4,39.0,39.373999999999796,4.561999999999898
2026-06-03,ashort,-1,8771.057,8769.557,8753.461,8753.461,8786.557,8714.461,TIMEOUT,8780.525,2026-06-03 13:05:00+10:00,180,0,-27.064000000000306,26.0,29.438000000000102
2026-06-04,ashort,-1,8711.493,8729.525,8702.899,8702.899,8746.525,8663.899,TP,8663.899,2026-06-04 10:50:00+10:00,46,0,39.0,42.90599999999904,5.690000000000509
2026-06-05,ashort,-1,8702.993,8697.589,8661.525,8661.525,8714.589,8622.525,TP,8622.525,2026-06-05 10:52:00+10:00,48,0,39.0,40.0,11.064000000000306
2026-06-09,fliplong,1,8506.525,8532.461,8499.493,8549.461,8482.493,8588.461,TP,8588.461,2026-06-09 12:44:00+10:00,160,77,39.0,39.03200000000106,8.935999999999694
2026-06-09,ashort,-1,8506.525,8532.461,8499.493,8499.493,8549.461,8460.493,SL,8549.461,2026-06-09 11:21:00+10:00,77,0,-49.96799999999894,12.032000000001062,55.40599999999904
2026-06-10,along,1,8600.399,8608.557,8586.525,8608.557,8569.525,8647.557,TP,8647.557,2026-06-10 10:52:00+10:00,48,0,39.0,43.0,14.0
2026-06-11,fliplong,1,8571.993,8561.557,8555.493,8578.557,8538.493,8617.557,TP,8617.557,2026-06-11 11:10:00+10:00,66,11,39.0,43.341999999998734,19.096000000001368
2026-06-11,ashort,-1,8571.993,8561.557,8555.493,8555.493,8578.557,8516.493,SL,8578.557,2026-06-11 10:15:00+10:00,11,0,-23.064000000000306,9.59400000000096,31.09599999999955
2026-06-12,ashort,-1,8783.961,8766.057,8755.961,8755.961,8783.057,8716.961,SL,8783.057,2026-06-12 10:24:00+10:00,20,0,-27.096000000001368,9.0,29.096000000001368
2026-06-12,fliplong,1,8783.961,8766.057,8755.961,8783.057,8738.961,8822.057,TIMEOUT,8793.399,2026-06-12 13:04:00+10:00,180,20,10.341999999998734,27.341999999998734,10.096000000001368
2026-06-15,ashort,-1,8889.493,8888.057,8877.025,8877.025,8905.057,8838.025,SL,8905.057,2026-06-15 10:10:00+10:00,6,0,-28.032000000001062,0.0,29.468000000000757
2026-06-15,fliplong,1,8889.493,8888.057,8877.025,8905.057,8860.025,8944.057,TIMEOUT,8917.993,2026-06-15 13:06:00+10:00,180,6,12.935999999999694,30.903999999998632,4.096000000001368
2026-06-16,along,1,8829.557,8843.089,8836.493,8843.089,8819.493,8882.089,TP,8882.089,2026-06-16 10:33:00+10:00,29,0,39.0,39.90400000000045,11.0
2026-06-17,fliplong,1,8905.089,8889.993,8886.589,8906.993,8869.589,8945.993,TP,8945.993,2026-06-17 11:34:00+10:00,90,11,39.0,39.03199999999924,11.032000000001062
2026-06-17,ashort,-1,8905.089,8889.993,8886.589,8886.589,8906.993,8847.589,SL,8906.993,2026-06-17 10:15:00+10:00,11,0,-20.40400000000045,0.5640000000003056,25.90400000000045
2026-06-18,along,1,8928.089,8949.399,8941.399,8949.399,8924.399,8988.399,SL,8924.399,2026-06-18 11:47:00+10:00,103,0,-25.0,37.59400000000096,25.341999999998734
2026-06-18,flipshort,-1,8928.089,8949.399,8941.399,8924.399,8966.399,8885.399,TIMEOUT,8917.961,2026-06-18 13:04:00+10:00,180,103,6.438000000000102,8.90599999999904,8.69000000000051
2026-06-19,ashort,-1,8862.461,8854.899,8842.089,8842.089,8871.899,8803.089,TIMEOUT,8814.993,2026-06-19 13:05:00+10:00,180,0,27.09599999999955,30.12800000000061,0.8099999999994907
2026-06-22,along,1,8786.089,8802.557,8800.089,8802.557,8783.089,8841.557,TP,8841.557,2026-06-22 10:59:00+10:00,55,0,39.0,39.40399999999863,9.5
2026-06-23,ashort,-1,8836.089,8835.399,8828.993,8828.993,8852.399,8789.993,TIMEOUT,8818.089,2026-06-23 13:04:00+10:00,180,0,10.904000000000451,33.03200000000106,17.031999999999243
2026-06-24,ashort,-1,8799.025,8797.589,8794.525,8794.525,8814.589,8755.525,SL,8814.589,2026-06-24 11:40:00+10:00,96,0,-20.064000000000306,12.0,20.564000000000306
2026-06-24,fliplong,1,8799.025,8797.589,8794.525,8814.589,8777.525,8853.589,TIMEOUT,8786.025,2026-06-24 13:04:00+10:00,180,96,-28.564000000000306,9.5,30.09599999999955
2026-06-25,ashort,-1,8812.461,8798.525,8778.399,8778.399,8815.525,8739.399,TIMEOUT,8780.961,2026-06-25 13:04:00+10:00,180,0,-2.561999999999898,24.341999999998734,22.0
2026-06-26,ashort,-1,8765.925,8764.861,8757.425,8757.425,8781.861,8718.425,TIMEOUT,8726.299,2026-06-26 13:04:00+10:00,180,0,31.125999999998385,32.5,19.874000000001615
2026-06-29,ashort,-1,8815.357,8812.825,8778.761,8778.761,8829.825,8739.761,TIMEOUT,8782.793,2026-06-29 13:04:00+10:00,180,0,-4.031999999999243,14.0,44.5
2026-06-30,ashort,-1,8825.825,8831.761,8822.793,8822.793,8848.761,8783.793,TIMEOUT,8816.761,2026-06-30 13:04:00+10:00,180,0,6.031999999999243,9.031999999999243,14.406000000000859
2026-07-01,ashort,-1,8793.889,8789.825,8773.761,8773.761,8806.825,8734.761,TP,8734.761,2026-07-01 10:19:00+10:00,15,0,39.0,39.87200000000121,6.438000000000102
2026-07-02,fliplong,1,8677.761,8705.199,8660.793,8722.199,8643.793,8761.199,TIMEOUT,8708.825,2026-07-02 13:04:00+10:00,180,65,-13.373999999999796,7.18999999999869,16.842000000000553
2026-07-02,ashort,-1,8677.761,8705.199,8660.793,8660.793,8722.199,8621.793,SL,8722.199,2026-07-02 11:09:00+10:00,65,0,-61.40600000000086,4.967999999998938,64.59599999999955
2026-07-03,ashort,-1,8777.357,8763.199,8757.261,8757.261,8780.199,8718.261,SL,8780.199,2026-07-03 10:38:00+10:00,34,0,-22.938000000000102,8.468000000000757,24.938000000000102
2026-07-03,fliplong,1,8777.357,8763.199,8757.261,8780.199,8740.261,8819.199,TP,8819.199,2026-07-03 11:17:00+10:00,73,34,39.0,39.65799999999945,3.842000000000553
2026-07-06,along,1,8824.889,8827.761,8823.793,8827.761,8806.793,8866.761,TIMEOUT,8829.761,2026-07-06 13:04:00+10:00,180,0,2.0,29.127999999998792,13.0
2026-07-07,ashort,-1,8818.261,8814.857,8811.761,8811.761,8831.857,8772.761,SL,8831.857,2026-07-07 11:17:00+10:00,73,0,-20.09599999999955,22.0,23.064000000000306
2026-07-07,fliplong,1,8818.261,8814.857,8811.761,8831.857,8794.761,8870.857,TIMEOUT,8815.261,2026-07-07 13:04:00+10:00,180,73,-16.59599999999955,16.342000000000553,21.09599999999955
2026-07-08,ashort,-1,8753.699,8728.699,8722.325,8722.325,8745.699,8683.325,TP,8683.325,2026-07-08 10:17:00+10:00,13,0,39.0,50.5,2.5
2026-07-09,ashort,-1,8723.857,8720.825,8710.293,8710.293,8737.825,8671.293,SL,8737.825,2026-07-09 12:14:00+10:00,130,0,-27.532000000001062,13.5,27.59599999999955
2026-07-09,fliplong,1,8723.857,8720.825,8710.293,8737.825,8693.293,8776.825,TIMEOUT,8712.857,2026-07-09 13:04:00+10:00,180,130,-24.968000000000757,5.0,28.0
2026-07-10,ashort,-1,8752.389,8758.699,8749.793,8749.793,8775.699,8710.793,SL,8775.699,2026-07-10 11:07:00+10:00,63,0,-25.90600000000086,6.031999999999243,27.0
2026-07-10,fliplong,1,8752.389,8758.699,8749.793,8775.699,8732.793,8814.699,TP,8814.699,2026-07-10 12:17:00+10:00,128,63,39.0,39.18999999999869,4.5
2026-07-13,flipshort,-1,8800.889,8815.889,8802.889,8785.889,8832.889,8746.889,TIMEOUT,8770.761,2026-07-13 13:04:00+10:00,180,46,15.127999999998792,16.09599999999955,15.31000000000131
2026-07-13,along,1,8800.889,8815.889,8802.889,8815.889,8785.889,8854.889,SL,8785.889,2026-07-13 10:50:00+10:00,46,0,-30.0,7.968000000000757,30.063999999998487
2026-07-14,ashort,-1,8791.089,8795.025,8779.461,8779.461,8812.025,8740.461,TIMEOUT,8765.493,2026-07-14 13:04:00+10:00,180,0,13.967999999998938,28.0,16.064000000000306
2026-07-15,ashort,-1,8862.557,8856.589,8854.899,8854.899,8873.589,8815.899,TIMEOUT,8830.461,2026-07-15 13:05:00+10:00,180,0,24.438000000000102,24.841999999998734,14.59400000000096
2026-07-16,ashort,-1,8848.589,8849.525,8838.461,8838.461,8866.525,8799.461,TIMEOUT,8819.461,2026-07-16 13:05:00+10:00,180,0,19.0,32.0,20.438000000000102
2026-07-17,along,1,8802.961,8817.025,8809.557,8817.025,8792.557,8856.025,SL,8792.557,2026-07-17 10:14:00+10:00,10,0,-24.467999999998938,0.0,24.531999999999243
2026-07-17,flipshort,-1,8802.961,8817.025,8809.557,8792.557,8834.025,8753.557,TIMEOUT,8792.961,2026-07-17 13:04:00+10:00,180,10,-0.4039999999986321,38.064000000000306,9.031999999999243
2026-07-20,flipshort,-1,8831.961,8833.525,8831.589,8814.589,8850.525,8775.589,TIMEOUT,8808.899,2026-07-20 13:04:00+10:00,180,21,5.690000000000509,25.12800000000061,9.0
2026-07-20,along,1,8831.961,8833.525,8831.589,8833.525,8814.589,8872.525,SL,8814.589,2026-07-20 10:25:00+10:00,21,0,-18.935999999999694,5.373999999999796,20.531999999999243
2026-07-21,fliplong,1,8742.493,8751.025,8737.899,8768.025,8720.899,8807.025,TIMEOUT,8785.993,2026-07-21 13:04:00+10:00,180,38,17.968000000000757,19.564000000000306,21.435999999999694
2026-07-21,ashort,-1,8742.493,8751.025,8737.899,8737.899,8768.025,8698.899,SL,8768.025,2026-07-21 10:42:00+10:00,38,0,-30.126000000000204,10.40599999999904,33.5
2026-07-22,along,1,8802.961,8815.493,8801.493,8815.493,8784.493,8854.493,TIMEOUT,8827.525,2026-07-22 13:06:00+10:00,180,0,12.031999999999243,26.40599999999904,23.968000000000757
2026-07-23,along,1,8864.557,8895.899,8878.993,8895.899,8861.993,8934.899,TIMEOUT,8882.525,2026-07-23 13:04:00+10:00,180,0,-13.373999999999796,27.69000000000051,26.438000000000102
2026-07-24,ashort,-1,8786.557,8796.525,8782.493,8782.493,8813.525,8743.493,SL,8813.525,2026-07-24 11:17:00+10:00,73,0,-31.031999999999243,11.09400000000096,31.90599999999904
2026-07-24,fliplong,1,8786.557,8796.525,8782.493,8813.525,8765.493,8852.525,SL,8765.493,2026-07-24 12:45:00+10:00,161,73,-48.03199999999924,4.032000000001062,48.064000000000306
2026-07-27,ashort,-1,8859.025,8861.057,8852.493,8852.493,8878.057,8813.493,TIMEOUT,8870.589,2026-07-27 13:06:00+10:00,180,0,-18.09599999999955,19.032000000001062,18.967999999998938
2026-07-28,along,1,8845.493,8872.461,8858.589,8872.461,8841.589,8911.461,TIMEOUT,8877.493,2026-07-28 13:04:00+10:00,180,0,5.032000000001062,12.032000000001062,21.0
2026-07-29,ashort,-1,9031.589,9012.525,9002.899,9002.899,9029.525,8963.899,SL,9029.525,2026-07-29 10:11:00+10:00,7,0,-26.626000000000204,0.0,27.69000000000051
2026-07-29,fliplong,1,9031.589,9012.525,9002.899,9029.525,8985.899,9068.525,TP,9068.525,2026-07-29 10:35:00+10:00,31,7,39.0,39.0,5.031999999999243
2026-07-30,along,1,9008.461,9012.899,9008.525,9012.899,8991.525,9051.899,SL,8991.525,2026-07-30 10:28:00+10:00,24,0,-21.373999999999796,11.561999999999898,21.438000000000102
2026-07-30,flipshort,-1,9008.461,9012.899,9008.525,8991.525,9029.899,8952.525,TIMEOUT,8984.557,2026-07-30 13:04:00+10:00,180,24,6.967999999998938,23.0,26.032000000001062
2026-07-31,ashort,-1,9059.057,9063.589,9053.493,9053.493,9080.589,9014.493,TP,9014.493,2026-07-31 10:38:00+10:00,34,0,39.0,39.46800000000076,4.095999999999549
2026-08-03,along,1,8939.993,8944.399,8940.589,8944.399,8923.589,8983.399,TIMEOUT,8967.557,2026-08-03 13:05:00+10:00,180,0,23.158000000001266,32.0,5.90599999999904
2026-08-04,along,1,9023.961,9031.899,9024.461,9031.899,9007.461,9070.899,TP,9070.899,2026-08-04 10:37:00+10:00,33,0,39.0,39.0,3.438000000000102
2026-08-05,along,1,9191.525,9203.557,9159.057,9203.557,9142.057,9242.557,SL,9142.057,2026-08-05 10:38:00+10:00,34,0,-61.5,5.967999999998938,65.59600000000137
2026-08-05,flipshort,-1,9191.525,9203.557,9159.057,9142.057,9220.557,9103.057,TIMEOUT,9198.461,2026-08-05 13:05:00+10:00,180,34,-56.40399999999863,9.064000000000306,58.03199999999924
2026-08-06,along,1,9196.493,9263.525,9225.993,9263.525,9208.993,9302.525,TIMEOUT,9268.993,2026-08-06 13:04:00+10:00,180,0,5.468000000000757,34.935999999999694,14.564000000000306
2026-08-07,fliplong,1,9249.589,9235.993,9220.899,9252.993,9203.899,9291.993,TIMEOUT,9266.493,2026-08-07 13:06:00+10:00,180,61,13.5,20.59599999999955,11.904000000000451
2026-08-07,ashort,-1,9249.589,9235.993,9220.899,9220.899,9252.993,9181.899,SL,9252.993,2026-08-07 11:05:00+10:00,61,0,-32.09400000000096,0.43800000000010186,35.0
2026-08-14,ashort,-1,9152.057,9138.557,9124.461,9124.461,9155.557,9085.461,TIMEOUT,9109.557,2026-08-14 13:05:00+10:00,180,0,14.903999999998632,17.967999999998938,12.628000000000611
2026-08-17,along,1,9069.893,9083.299,9076.393,9083.299,9059.393,9122.299,TIMEOUT,9087.457,2026-08-17 13:10:00+10:00,180,0,4.157999999999447,25.09399999999914,10.938000000000102
2026-08-18,ashort,-1,9065.361,9060.799,9059.799,9059.799,9077.799,9020.799,SL,9077.799,2026-08-18 10:17:00+10:00,13,0,-18.0,13.406000000000859,18.657999999999447
2026-08-18,fliplong,1,9065.361,9060.799,9059.799,9077.799,9042.799,9116.799,TIMEOUT,9091.525,2026-08-18 13:06:00+10:00,180,13,13.725999999998749,26.68999999999869,10.438000000000102
2026-08-19,along,1,9028.525,9029.493,9026.899,9029.493,9009.899,9068.493,TIMEOUT,9024.589,2026-08-19 13:06:00+10:00,180,0,-4.904000000000451,36.064000000000306,8.032000000001062
