tag,sl,tp,n,pf,exp,net,mdd,wr,pf_dev,pf_val,pf_hold,exp_dev,exp_val,exp_hold,n_dev,n_val,n_hold,minPF,minEXP
LOCKED,3,3,131,0.6113350007448468,-0.7568167938931297,-99.143,118.56799999999994,38.16793893129771,0.5426381031871156,0.5186435563267384,1.0088045634920635,-0.936405063291139,-0.9816153846153846,0.013653846153846187,79,26,26,0.5186435563267384,-0.9816153846153846
LOCKED,3,4,131,0.6401381455229279,-0.7596106870229008,-99.509,121.97399999999998,32.82442748091603,0.5331404776568036,0.5967410897538863,1.1313793103448277,-1.0459367088607594,-0.8690384615384615,0.21980769230769243,79,26,26,0.5331404776568036,-1.0459367088607594
LOCKED,3,5,131,0.6917978544834114,-0.6811832061068701,-89.23499999999999,118.76799999999997,29.770992366412212,0.5863922191518527,0.5961942168348344,1.228458074201158,-0.962481012658228,-0.9173846153846154,0.4097307692307694,79,26,26,0.5863922191518527,-0.962481012658228
LOCKED,3,6,131,0.8085028572991003,-0.42770229007633587,-56.028999999999996,90.98199999999999,29.00763358778626,0.7178626601971324,0.7494074625854947,1.214170692431562,-0.6565443037974682,-0.5693076923076923,0.40923076923076923,79,26,26,0.7178626601971324,-0.6565443037974682
LOCKED,3,7,131,0.8682529692960724,-0.3004274809160306,-39.35600000000001,81.431,27.480916030534353,0.8209871842294219,0.6922656023689208,1.2402843601895734,-0.41656962025316435,-0.7354615384615385,0.4875000000000001,79,26,26,0.6922656023689208,-0.7354615384615385
LOCKED,3,8,131,0.8698744009040017,-0.30590839694656496,-40.07400000000001,72.199,25.190839694656486,0.8687080581807283,0.7834658341111718,0.9646370420624152,-0.31055696202531635,-0.5175,-0.08019230769230773,79,26,26,0.7834658341111718,-0.5175
LOCKED,3,10,131,0.966283505608924,-0.08177099236641219,-10.711999999999998,62.509,22.900763358778626,0.9503565522943367,0.7771662476237199,1.2277815468113975,-0.12160759493670874,-0.5590384615384616,0.5165384615384616,79,26,26,0.7771662476237199,-0.5590384615384616
LOCKED,3,12,131,0.8671891001380294,-0.3415419847328244,-44.74199999999999,94.88499999999998,18.3206106870229,0.7555451652456857,0.7098554033485541,1.44640434192673,-0.6485696202531646,-0.7625,1.0123076923076924,79,26,26,0.7098554033485541,-0.7625
LOCKED,3,15,131,0.9228161344770976,-0.20385496183206112,-26.705000000000005,80.67800000000001,16.030534351145036,0.946630915518829,0.41025193147463895,1.4578505728578346,-0.1415949367088608,-1.6881538461538463,1.0912692307692307,79,26,26,0.41025193147463895,-1.6881538461538463
LOCKED,3,18,131,0.9769177487211222,-0.06206870229007623,-8.130999999999986,95.504,14.50381679389313,1.0236992670669045,0.23264806341431982,1.7481523317734389,0.06381012658227864,-2.2898076923076927,1.7831923076923077,79,26,26,0.23264806341431982,-2.2898076923076927
LOCKED,3,20,131,1.0901658424695255,0.24245801526717572,31.76200000000002,93.28399999999999,14.50381679389313,1.1372639358366206,0.26126184185087326,1.966274003550105,0.3695822784810127,-2.204423076923077,2.3030769230769232,79,26,26,0.26126184185087326,-2.204423076923077
LOCKED,3,22,131,1.1242982053757118,0.3371603053435115,44.168000000000006,91.47399999999999,13.740458015267176,1.1310894227560897,0.2845910936392344,2.151944489269001,0.3580632911392405,-2.1348076923076924,2.745615384615385,79,26,26,0.2845910936392344,-2.1348076923076924
LOCKED,3,25,131,1.2706964335465571,0.7342671755725192,96.18900000000002,88.454,13.740458015267176,1.277379231082935,0.3235161435844558,2.4332741649185095,0.7576455696202532,-2.018653846153846,3.416153846153847,79,26,26,0.3235161435844558,-2.018653846153846
LOCKED,3,27,131,1.330571651296368,0.8966793893129771,117.465,86.42099999999999,13.740458015267176,1.3100971341712087,0.3497196623058581,2.629869291592706,0.8470126582278481,-1.9404615384615385,3.88473076923077,79,26,26,0.3497196623058581,-1.9404615384615385
LOCKED,3,30,131,1.4743048187786874,1.2865572519083968,168.539,83.454,13.740458015267176,1.4470720720720722,0.3879615905136303,2.929207681136034,1.2211518987341772,-1.8263461538461538,4.598192307692308,79,26,26,0.3879615905136303,-1.8263461538461538
LOCKED,3,32,131,1.3416521287872099,0.9448167938931301,123.77100000000004,82.31099999999999,12.213740458015266,1.2026113857496286,0.41270864213443326,3.0043730837502016,0.5712025316455697,-1.7525,4.777346153846154,79,26,26,0.41270864213443326,-1.7525
LOCKED,3,35,131,1.3053306774862465,0.8553664122137409,112.05300000000005,90.161,11.450381679389313,1.0675712514399782,0.4515048011857963,3.2468936582217207,0.1945316455696203,-1.6367307692307693,5.355384615384616,79,26,26,0.4515048011857963,-1.6367307692307693
LOCKED,3,40,131,1.0587957851407992,0.16748091603053444,21.940000000000012,98.03000000000003,9.923664122137405,0.8851913044609521,0.5174969388412709,2.3213790980452518,-0.33512658227848097,-1.4398076923076923,3.301923076923077,79,26,26,0.5174969388412709,-1.4398076923076923
LOCKED,3,45,131,0.8958618200404149,-0.30173282442748073,-39.52699999999997,141.577,8.396946564885496,0.9514529425284366,0.0,1.7744924977934686,-0.14170886075949365,-3.114692307692307,2.025,79,26,26,0.0,-3.114692307692307
LOCKED,3,50,131,0.9255802067114023,-0.21562595419847316,-28.246999999999986,141.577,8.396946564885496,0.9566567360939457,0.0,1.922771403353928,-0.1265189873417722,-3.114692307692307,2.4126923076923084,79,26,26,0.0,-3.114692307692307
LOCKED,3,60,131,0.9356444121265772,-0.18646564885496156,-24.426999999999964,141.577,8.396946564885496,1.0435600886379506,0.0,1.6841718152397767,0.12715189873417726,-3.114692307692307,1.788846153846154,79,26,26,0.0,-3.114692307692307
LOCKED,3,75,131,0.9723972041531974,-0.07997709923664104,-10.476999999999975,141.577,8.396946564885496,1.1741753071322327,0.0,1.4463077375698736,0.5084177215189875,-3.114692307692307,1.166923076923077,79,26,26,0.0,-3.114692307692307
LOCKED,3,100,131,0.9390957495857079,-0.17646564885496177,-23.11699999999999,141.577,8.396946564885496,1.1193620149088686,0.0,1.4463077375698736,0.34841772151898726,-3.114692307692307,1.166923076923077,79,26,26,0.0,-3.114692307692307
LOCKED,4,3,131,0.6544214942438346,-0.7715343511450381,-101.071,132.13599999999997,46.56488549618321,0.5684444797710836,0.4609522950671838,1.4361902203116605,-1.0308987341772151,-1.3794230769230766,0.6244230769230769,79,26,26,0.4609522950671838,-1.3794230769230766
LOCKED,4,4,131,0.7378867726627356,-0.6257022900763358,-81.967,119.68499999999999,42.74809160305343,0.6332008645332218,0.5325572832582774,1.5979418886198549,-0.9323291139240506,-1.269538461538462,0.9498076923076924,79,26,26,0.5325572832582774,-1.269538461538462
LOCKED,4,5,131,0.780426333413059,-0.5606335877862595,-73.443,123.23899999999998,38.93129770992366,0.6711887908783007,0.5352408557258912,1.6922052401746726,-0.888493670886076,-1.3444230769230774,1.2193461538461539,79,26,26,0.5352408557258912,-1.3444230769230774
LOCKED,4,6,131,0.8567470956210903,-0.3793358778625954,-49.693,98.68899999999996,36.6412213740458,0.8169851360150654,0.5579208731929268,1.4521079881656807,-0.49453164556962015,-1.3490384615384616,0.9403846153846155,79,26,26,0.5579208731929268,-1.3490384615384616
LOCKED,4,7,131,0.9302338013110879,-0.18929007633587788,-24.797000000000004,98.51399999999998,35.11450381679389,0.9413170062163592,0.5157731921679598,1.4801058743169402,-0.15856962025316462,-1.5532692307692304,1.081346153846154,79,26,26,0.5157731921679598,-1.5532692307692304
LOCKED,4,8,131,0.8872438357038585,-0.32370229007633594,-42.40500000000001,93.41299999999997,31.297709923664126,0.9015793716173721,0.5837220177216101,1.2172970548661983,-0.28129113924050614,-1.335307692307692,0.5590384615384617,79,26,26,0.5837220177216101,-1.335307692307692
LOCKED,4,10,131,0.9641292295928119,-0.10742748091603042,-14.072999999999986,104.087,28.24427480916031,0.945028861423158,0.5800048054370088,1.5340110629391537,-0.16563291139240496,-1.4118461538461538,1.3738461538461542,79,26,26,0.5800048054370088,-1.4118461538461538
LOCKED,4,12,131,0.9440321658119494,-0.17628244274809157,-23.092999999999996,108.06699999999998,24.427480916030532,0.8622478476840726,0.5303134669421941,1.820600986694573,-0.4433544303797468,-1.6522307692307692,2.1111538461538464,79,26,26,0.5303134669421941,-1.6522307692307692
LOCKED,4,15,131,0.9457939695127161,-0.17918320610687025,-23.473000000000003,120.37099999999998,20.610687022900763,0.9286672663790081,0.3062026776312491,1.9077497534169363,-0.23688607594936711,-2.660846153846154,2.477807692307692,79,26,26,0.3062026776312491,-2.660846153846154
LOCKED,4,18,131,1.026658490279981,0.08993129770992378,11.781000000000015,133.284,19.083969465648856,1.0205015236351083,0.17275206967507298,2.306932506692969,0.06915189873417722,-3.324423076923077,3.5674230769230766,79,26,26,0.17275206967507298,-3.324423076923077
LOCKED,4,20,131,1.1416853162202465,0.477969465648855,62.614000000000004,131.06400000000002,19.083969465648856,1.1339710584385365,0.19399913863233956,2.5658729040439625,0.4518860759493671,-3.2390384615384615,4.274230769230768,79,26,26,0.19399913863233956,-3.2390384615384615
LOCKED,4,22,131,1.1730727401969248,0.5891832061068702,77.183,139.56100000000004,18.3206106870229,1.1109123037907298,0.21132219935875962,2.825926447794843,0.37977215189873414,-3.169423076923077,4.984076923076923,79,26,26,0.21132219935875962,-3.169423076923077
LOCKED,4,25,131,1.2081984370174006,0.7152442748091603,93.697,130.578,17.557251908396946,1.174275975778368,0.24022586974206825,2.678081279147235,0.5967341772151901,-3.053269230769231,4.843846153846155,79,26,26,0.24022586974206825,-3.053269230769231
LOCKED,4,27,131,1.2707177409857413,0.9300229007633588,121.833,124.201,17.557251908396946,1.2098025153233618,0.2596832081159975,2.897841439040639,0.7183797468354435,-2.9750769230769234,5.478192307692309,79,26,26,0.2596832081159975,-2.9750769230769234
LOCKED,4,30,131,1.323089560160054,1.1199541984732824,146.714,121.234,16.793893129770993,1.327413475685947,0.28807962865483083,2.6753002148906586,1.1210886075949367,-2.8609615384615386,5.097423076923078,79,26,26,0.28807962865483083,-2.8609615384615386
LOCKED,4,32,131,1.238985964530519,0.8383664122137406,109.82600000000002,119.314,16.030534351145036,1.1565110253483355,0.3064554720773317,2.7583238528631018,0.5467088607594939,-2.787115384615385,5.350038461538462,79,26,26,0.3064554720773317,-2.787115384615385
LOCKED,4,35,131,1.225081687908036,0.7976946564885498,104.49800000000002,116.304,15.267175572519085,1.059653260745639,0.3352634349428148,2.9872329667551503,0.2119367088607597,-2.671346153846154,6.046538461538462,79,26,26,0.3352634349428148,-2.671346153846154
LOCKED,4,40,131,1.0456490908437621,0.16487022900763357,21.598,145.68599999999998,13.740458015267176,0.9237956009900228,0.38426568406948364,2.291007194244604,-0.27515189873417695,-2.474423076923077,4.141153846153846,79,26,26,0.38426568406948364,-2.474423076923077
LOCKED,4,45,131,0.9342144357571616,-0.24169465648854965,-31.662000000000006,189.99599999999998,12.213740458015266,0.9946817834430632,0.0,1.8981693363844396,-0.0192025316455694,-4.178653846153846,3.019230769230769,79,26,26,0.0,-4.178653846153846
LOCKED,4,50,131,0.9779301919213116,-0.08108396946564896,-10.622000000000014,191.09499999999997,12.213740458015266,1.016382350672753,0.0,2.0680778032036615,0.05915189873417733,-4.178653846153846,3.590384615384615,79,26,26,0.0,-4.178653846153846
LOCKED,4,60,131,1.0284817293487722,0.10464122137404579,13.707999999999998,191.095,12.213740458015266,1.123447830995001,0.0,1.997025171624714,0.44573417721519,-4.178653846153846,3.351538461538461,79,26,26,0.0,-4.178653846153846
LOCKED,4,75,131,0.8843700143073299,-0.4287709923664121,-56.16899999999998,191.09499999999997,11.450381679389313,1.0011942565235399,0.0,1.5964530892448514,0.004379746835443354,-4.178653846153846,2.005000000000001,79,26,26,0.0,-4.178653846153846
LOCKED,4,100,131,0.8583492017745207,-0.5252595419847329,-68.80900000000001,191.09499999999997,11.450381679389313,0.957565925721386,0.0,1.5964530892448514,-0.155620253164557,-4.178653846153846,2.005000000000001,79,26,26,0.0,-4.178653846153846
LOCKED,5,3,131,0.6154842474787926,-0.9858015267175574,-129.14000000000001,156.995,50.38167938931297,0.5593373635128169,0.44058434384788353,1.1743189806678382,-1.1902911392405064,-1.6554615384615383,0.30519230769230765,79,26,26,0.44058434384788353,-1.6554615384615383
LOCKED,5,4,131,0.6957578374548131,-0.8390534351145038,-109.916,142.95599999999996,46.56488549618321,0.6284128629344389,0.5082996914295471,1.3034761998814932,-1.0755189873417723,-1.5505769230769226,0.5909615384615385,79,26,26,0.5082996914295471,-1.5505769230769226
LOCKED,5,5,131,0.7389493137037285,-0.7720763358778626,-101.14200000000001,138.135,42.74809160305343,0.6685549974640467,0.5193796673844321,1.3926864330637914,-1.02573417721519,-1.6139230769230768,0.8405000000000002,79,26,26,0.5193796673844321,-1.6139230769230768
LOCKED,5,6,131,0.7891120403635863,-0.6559999999999999,-85.93599999999999,124.02900000000002,39.69465648854962,0.7721296756505428,0.5459134485186589,1.1953361645128393,-0.7196202531645569,-1.6122692307692306,0.49357692307692314,79,26,26,0.5459134485186589,-1.6122692307692306
LOCKED,5,7,131,0.8328684019373326,-0.5392137404580153,-70.637,122.88299999999995,37.404580152671755,0.8447043662408997,0.5170887051209615,1.2246209926953673,-0.5003291139240506,-1.8080384615384615,0.6114615384615385,79,26,26,0.5170887051209615,-1.8080384615384615
LOCKED,5,8,131,0.797986442492084,-0.6915648854961832,-90.595,124.59599999999998,33.587786259541986,0.8126961451918522,0.583933432636499,1.006402412646619,-0.6406455696202531,-1.5577692307692306,0.01992307692307702,79,26,26,0.583933432636499,-1.5577692307692306
LOCKED,5,10,131,0.8712346714292727,-0.46065648854961827,-60.346,127.64599999999999,30.53435114503817,0.8584595866670872,0.5931643962697133,1.268246258049365,-0.5112278481012658,-1.6023846153846155,0.8347307692307692,79,26,26,0.5931643962697133,-1.6023846153846155
LOCKED,5,12,131,0.8954511265901437,-0.39047328244274804,-51.151999999999994,132.143,27.480916030534353,0.8497098864831057,0.5653198497007932,1.5051849654541631,-0.5718101265822784,-1.8019999999999998,1.5720384615384617,79,26,26,0.5653198497007932,-1.8019999999999998
LOCKED,5,15,131,0.9125724887563502,-0.3435267175572519,-45.001999999999995,147.22,23.66412213740458,0.9289853253927653,0.386567657604964,1.5751247716881691,-0.279392405063291,-2.7833076923076923,1.901384615384615,79,26,26,0.386567657604964,-2.7833076923076923
LOCKED,5,18,131,1.0031195543493787,0.012503816793893278,1.6380000000000194,153.70299999999997,22.137404580152673,1.0351826578723216,0.29251717230696866,1.904708168037507,0.14064556962025357,-3.3553461538461535,2.9910000000000005,79,26,26,0.29251717230696866,-3.3553461538461535
LOCKED,5,20,131,1.1140503737561303,0.4571374045801528,59.88500000000001,143.92299999999997,22.137404580152673,1.1480990092112637,0.326659043541023,2.1185011110206267,0.5920379746835445,-3.193423076923077,3.697807692307692,79,26,26,0.326659043541023,-3.193423076923077
LOCKED,5,22,131,1.1537531453836898,0.6222213740458014,81.51099999999998,161.07299999999998,21.374045801526716,1.1437658160784852,0.35755703152243556,2.3332131181870004,0.5839367088607595,-3.046884615384615,4.407653846153846,79,26,26,0.35755703152243556,-3.046884615384615
LOCKED,5,25,131,1.2031286197903044,0.8299618320610689,108.72500000000002,148.97,20.610687022900763,1.224014884254354,0.4073506394504862,2.20705634313198,0.9098860759493673,-2.810730769230769,4.227807692307692,79,26,26,0.4073506394504862,-2.810730769230769
LOCKED,5,27,131,1.2711638630028472,1.1079465648854963,145.14100000000002,140.41000000000005,20.610687022900763,1.273348583253344,0.4405436748331428,2.388164757815674,1.1102658227848103,-2.653307692307692,4.862153846153846,79,26,26,0.4405436748331428,-2.653307692307692
LOCKED,5,30,131,1.3192320786275702,1.3170687022900764,172.536,128.643,19.84732824427481,1.3747210760543014,0.4886099149291617,2.198043349569516,1.5220126582278484,-2.425346153846154,4.436769230769231,79,26,26,0.4886099149291617,-2.425346153846154
LOCKED,5,32,131,1.2603123139625405,1.0848167938931297,142.111,120.73299999999996,19.083969465648856,1.2422892234524057,0.5225084949192679,2.26625608856855,1.000835443037975,-2.2645769230769233,4.689384615384616,79,26,26,0.5225084949192679,-2.2645769230769233
LOCKED,5,35,131,1.1148706182463368,0.4922442748091606,64.48400000000004,114.50299999999999,16.793893129770993,0.9347097136637348,0.5682796876140428,2.4543292448617153,-0.28245569620253147,-2.0475000000000003,5.385884615384613,79,26,26,0.5682796876140428,-2.0475000000000003
LOCKED,5,40,131,0.9736416431610443,-0.11506106870229005,-15.072999999999997,150.07,15.267175572519085,0.8227260547492891,0.6500742038294042,1.8830752855608224,-0.7788227848101265,-1.6595769230769233,3.44626923076923,79,26,26,0.6500742038294042,-1.6595769230769233
LOCKED,5,45,131,0.866361110108629,-0.5936106870229005,-77.76299999999998,197.52,13.740458015267176,0.880984691981226,0.25294360588799103,1.5579366495440758,-0.522873417721519,-3.687269230769231,2.2851153846153847,79,26,26,0.25294360588799103,-3.687269230769231
LOCKED,5,50,131,0.9025192089900308,-0.433,-56.723,206.22,13.740458015267176,0.8988195566926843,0.25294360588799103,1.6973902917727048,-0.44451898734177214,-3.687269230769231,2.856269230769231,79,26,26,0.25294360588799103,-3.687269230769231
LOCKED,5,60,131,0.944331307173705,-0.24727480916030525,-32.39299999999999,206.21999999999997,13.740458015267176,0.9868125725711882,0.25294360588799103,1.63907331411346,-0.05793670886075941,-3.687269230769231,2.617423076923077,79,26,26,0.25294360588799103,-3.687269230769231
LOCKED,5,75,131,0.8247700372949331,-0.7851145038167938,-102.85,206.22,12.977099236641221,0.8863364638326513,0.25294360588799103,1.3103007878896016,-0.5066329113924051,-3.687269230769231,1.2708846153846152,79,26,26,0.25294360588799103,-3.687269230769231
LOCKED,5,100,131,0.8032347263703629,-0.8816030534351146,-115.49000000000001,206.21999999999997,12.977099236641221,0.8504403240876162,0.25294360588799103,1.3103007878896016,-0.6666329113924052,-3.687269230769231,1.2708846153846152,79,26,26,0.25294360588799103,-3.687269230769231
LOCKED,6,3,131,0.6578909223200252,-0.9188396946564885,-120.368,146.37299999999996,56.48854961832062,0.6364626603895502,0.4979954571971154,0.9787783352254003,-0.997012658227848,-1.5555769230769234,-0.044576923076923,79,26,26,0.4979954571971154,-1.5555769230769234
LOCKED,6,4,131,0.7437212356848885,-0.747709923664122,-97.94999999999999,132.177,52.67175572519084,0.7151307384379525,0.5801145728874904,1.0885952757983637,-0.846746835443038,-1.4010769230769229,0.20657692307692324,79,26,26,0.5801145728874904,-1.4010769230769229
LOCKED,6,5,131,0.816470501420507,-0.5695648854961832,-74.613,132.166,49.61832061068702,0.8050221266706346,0.5983276656192156,1.1631149263138938,-0.6095822784810127,-1.435576923076923,0.4180384615384618,79,26,26,0.5983276656192156,-1.435576923076923
LOCKED,6,6,131,0.8736226789589865,-0.41605343511450366,-54.50299999999998,127.09,46.56488549618321,0.9316397064344911,0.6301882227218195,0.9933716193993979,-0.21894936708860746,-1.4108461538461536,-0.020153846153846085,79,26,26,0.6301882227218195,-1.4108461538461536
LOCKED,6,7,131,0.92465196287604,-0.2588015267175572,-33.90299999999999,130.632,44.274809160305345,1.0214128299439975,0.6150549690709894,1.0123928329478824,0.07022784810126592,-1.5581538461538462,0.04080769230769244,79,26,26,0.6150549690709894,-1.5581538461538462
LOCKED,6,8,131,0.8678507795786761,-0.49087786259541977,-64.30499999999999,137.686,39.69465648854962,0.9952723364971294,0.5823498263343535,0.8318519880675087,-0.016594936708860704,-1.7898076923076922,-0.6330384615384614,79,26,26,0.5823498263343535,-1.7898076923076922
LOCKED,6,10,131,0.9265876392326731,-0.289793893129771,-37.963,143.409,35.87786259541985,1.0131457266444586,0.6030746718166426,1.0482816394916432,0.05020253164556962,-1.794423076923077,0.1817692307692309,79,26,26,0.6030746718166426,-1.794423076923077
LOCKED,6,12,131,0.9999140535521105,-0.0003511450381678257,-0.045999999999985164,143.189,33.587786259541986,1.0840860269886092,0.5927442522922044,1.244125699807936,0.3339620253164558,-1.935576923076923,0.9190769230769231,79,26,26,0.5927442522922044,-1.935576923076923
LOCKED,6,15,131,1.043109262391463,0.18638931297709924,24.417,150.07,29.770992366412212,1.2089352324380318,0.44772635519506726,1.3030585925469662,0.8628734177215188,-2.8938076923076923,1.2111153846153846,79,26,26,0.44772635519506726,-2.8938076923076923
LOCKED,6,18,131,1.159777646656936,0.7069465648854965,92.61000000000004,155.01800000000003,28.24427480916031,1.3624384727750467,0.38140172141226064,1.575714120726825,1.5295316455696204,-3.386230769230769,2.3007307692307695,79,26,26,0.38140172141226064,-3.386230769230769
LOCKED,6,20,131,1.238309364799716,1.0656030534351149,139.59400000000005,148.95800000000006,27.480916030534353,1.4222784422408032,0.42398032671702085,1.7525793039728983,1.8149367088607595,-3.153153846153846,3.0075384615384615,79,26,26,0.42398032671702085,-3.153153846153846
LOCKED,6,22,131,1.2967277520087195,1.3404732824427483,175.60200000000003,150.88900000000007,26.717557251908396,1.447619268099292,0.4678939047953627,1.9302048044348632,1.9579999999999997,-2.9127692307692308,3.7173846153846153,79,26,26,0.4678939047953627,-2.9127692307692308
LOCKED,6,25,131,1.3723276330643477,1.6994198473282445,222.62400000000002,133.5480000000001,25.954198473282442,1.5736675483120446,0.5322536448269805,1.8266172274024395,2.5093670886075947,-2.5604615384615386,3.498307692307693,79,26,26,0.5322536448269805,-2.5604615384615386
LOCKED,6,27,131,1.3956339975330516,1.8240992366412216,238.95700000000002,127.85500000000008,25.190839694656486,1.5471353085380488,0.5722536448269804,1.9765072613919337,2.4352784810126584,-2.3415,4.132653846153847,79,26,26,0.5722536448269804,-2.3415
LOCKED,6,30,131,1.4657254529215593,2.169374045801527,284.18800000000005,117.94199999999992,24.427480916030532,1.6818750604335286,0.6419040927454769,1.820522304608874,3.0350000000000006,-1.960230769230769,3.6688076923076918,79,26,26,0.6419040927454769,-1.960230769230769
LOCKED,6,32,131,1.4268704345602776,2.0136488549618323,263.788,111.94800000000006,23.66412213740458,1.5754454211292257,0.6840189706657298,1.8770192853579235,2.617759493670886,-1.7296923076923074,3.9214230769230767,79,26,26,0.6840189706657298,-1.7296923076923074
LOCKED,6,35,131,1.3146412849867783,1.5304656488549617,200.49099999999999,102.96300000000005,21.374045801526716,1.3074590757105957,0.7471491305111541,2.032790269582122,1.4735696202531645,-1.3841153846153842,4.617923076923077,79,26,26,0.7471491305111541,-1.3841153846153842
LOCKED,6,40,131,1.2061568643755898,1.0219541984732825,133.876,113.07600000000004,19.84732824427481,1.2262569541933137,0.8466748638679078,1.5609783993987123,1.1016708860759494,-0.8393076923076923,2.641,79,26,26,0.8466748638679078,-0.8393076923076923
LOCKED,6,45,131,1.1341862212539628,0.677526717557252,88.75600000000001,162.12600000000003,18.3206106870229,1.3176103571985651,0.5222166043078168,1.291613465790539,1.5464810126582273,-2.725846153846154,1.4406153846153853,79,26,26,0.5222166043078168,-2.725846153846154
LOCKED,6,50,131,1.1962478777332453,0.9908854961832064,129.80600000000004,157.08600000000007,18.3206106870229,1.3726199760827744,0.5561937506320155,1.4072280526922236,1.814329113924051,-2.5319999999999996,2.0117692307692314,79,26,26,0.5561937506320155,-2.5319999999999996
LOCKED,6,60,131,1.263555671800423,1.330732824427481,174.32600000000002,147.01600000000005,18.3206106870229,1.4783237144491241,0.6240806283075473,1.3588801345333372,2.329012658227848,-2.1446923076923077,1.772923076923077,79,26,26,0.6240806283075473,-2.1446923076923077
LOCKED,6,75,131,1.2228262497827902,1.1354885496183207,148.74900000000002,131.32300000000006,17.557251908396946,1.4548169416316723,0.7298749452253346,1.0863099872317896,2.249772151898734,-1.5411153846153844,0.42638461538461603,79,26,26,0.7298749452253346,-1.5411153846153844
LOCKED,6,100,131,1.3168752883653212,1.6147480916030532,211.53199999999998,127.87199999999993,17.557251908396946,1.5516317490538085,0.8980753025246909,1.0863099872317896,2.7286708860759488,-0.5815,0.42638461538461603,79,26,26,0.8980753025246909,-0.5815
LOCKED,7,3,131,0.6419037495625817,-1.0389465648854965,-136.10200000000003,161.31199999999993,59.541984732824424,0.6088462236938241,0.5011515537295296,0.9932849332888007,-1.172367088607595,-1.6578076923076923,-0.014692307692307715,79,26,26,0.5011515537295296,-1.6578076923076923
LOCKED,7,4,131,0.7482956395299025,-0.7849160305343512,-102.82400000000001,138.67199999999997,56.48854961832062,0.6839272090744677,0.5817568652641721,1.3139205793942377,-1.0331139240506326,-1.5025384615384616,0.686846153846154,79,26,26,0.5817568652641721,-1.5025384615384616
LOCKED,7,5,131,0.841979105212548,-0.5193435114503817,-68.034,139.346,54.19847328244275,0.8055067545961727,0.6012379478633496,1.373448917958909,-0.6544303797468355,-1.5461538461538464,0.9179230769230771,79,26,26,0.6012379478633496,-1.5461538461538464
LOCKED,7,6,131,0.9006599422877416,-0.34793893129771,-45.580000000000005,133.776,51.14503816793893,0.9312806717268528,0.6354825545806977,1.1595890323323568,-0.23734177215189872,-1.5116538461538462,0.4797307692307692,79,26,26,0.6354825545806977,-1.5116538461538462
LOCKED,7,7,131,0.9292513374475033,-0.26297709923664137,-34.45000000000002,136.479,48.091603053435115,0.9718868082377055,0.6248715402971555,1.195783521240776,-0.10208860759493668,-1.6566538461538465,0.6418461538461536,79,26,26,0.6248715402971555,-1.6566538461538465
LOCKED,7,8,131,0.8745774171737659,-0.5069389312977098,-66.40899999999999,142.283,43.51145038167939,0.9977614146265318,0.5031404599804593,0.9833160694711224,-0.008531645569620236,-2.464461538461538,-0.06380769230769223,79,26,26,0.5031404599804593,-2.464461538461538
LOCKED,7,10,131,0.9090055809677289,-0.3974045801526718,-52.06000000000001,150.382,38.93129770992366,0.9687954762795725,0.5213279204542111,1.2366624093647232,-0.13299999999999998,-2.5033076923076925,0.9051153846153847,79,26,26,0.5213279204542111,-2.5033076923076925
LOCKED,7,12,131,0.9522658218159186,-0.21898473282442757,-28.687000000000012,171.49599999999998,35.87786259541985,1.037928137060826,0.5107739083136915,1.264379689539568,0.1685569620253164,-2.6983076923076927,1.0828076923076926,79,26,26,0.5107739083136915,-2.6983076923076927
LOCKED,7,15,131,0.99528380862966,-0.023007633587786337,-3.01400000000001,182.77599999999995,32.06106870229007,1.1563522262685249,0.3850295734728788,1.3259952253847445,0.726620253164557,-3.7470384615384615,1.423307692307692,79,26,26,0.3850295734728788,-3.7470384615384615
LOCKED,7,18,131,1.112322017429094,0.5603282442748091,73.40299999999999,191.215,30.53435114503817,1.3113883329904428,0.3275605090544838,1.6016367592519185,1.475227848101266,-4.2860000000000005,2.626769230769231,79,26,26,0.3275605090544838,-4.2860000000000005
LOCKED,7,20,131,1.1892107514022088,0.9540916030534352,124.98600000000002,185.155,29.770992366412212,1.3717760778750105,0.36412843427730074,1.7804381722561378,1.7945443037974684,-4.0529230769230775,3.4074230769230764,79,26,26,0.36412843427730074,-4.0529230769230775
LOCKED,7,22,131,1.249742349888851,1.272679389312977,166.721,178.90500000000003,29.00763358778626,1.403459890404186,0.4018428786077638,1.9616973669142066,1.9832658227848097,-3.8125384615384617,4.1988076923076925,79,26,26,0.4018428786077638,-3.8125384615384617
LOCKED,7,25,131,1.2766942032428061,1.4405038167938933,188.70600000000002,169.74500000000006,27.480916030534353,1.5295131020559516,0.45711716821849036,1.5708848194955725,2.602898734177215,-3.4602307692307694,2.8093461538461537,79,26,26,0.45711716821849036,-3.4602307692307694
LOCKED,7,27,131,1.3019961916483314,1.5883893129770992,208.07899999999998,164.05200000000008,26.717557251908396,1.5130088580635697,0.4914705012702225,1.699789756696132,2.5672911392405062,-3.241269230769231,3.4436923076923076,79,26,26,0.4914705012702225,-3.241269230769231
LOCKED,7,30,131,1.3722182794061453,1.9777633587786259,259.087,154.13899999999995,25.954198473282442,1.6495601321374187,0.5512886271338834,1.5677607650540386,3.250645569620253,-2.86,2.947923076923077,79,26,26,0.5512886271338834,-2.86
LOCKED,7,32,131,1.3440208009206964,1.8482977099236642,242.127,148.14500000000004,25.190839694656486,1.5638292330171994,0.5874582878245705,1.61641369808218,2.8769493670886086,-2.6294615384615385,3.2005384615384616,79,26,26,0.5874582878245705,-2.6294615384615385
LOCKED,7,35,131,1.2523472236013196,1.396793893129771,182.98,139.16000000000003,22.900763358778626,1.3323264121245253,0.6416765729940442,1.7505574197945142,1.7852911392405062,-2.2838846153846157,3.8970384615384615,79,26,26,0.6416765729940442,-2.2838846153846157
LOCKED,7,40,131,1.1677358794258037,0.9466564885496178,124.01199999999993,153.616,21.374045801526716,1.2789786121419615,0.7271525896246055,1.3436992341610576,1.5234810126582277,-1.7390769230769236,1.8797307692307688,79,26,26,0.7271525896246055,-1.7390769230769236
LOCKED,7,45,131,1.1157614776061762,0.6658396946564883,87.22499999999997,203.816,19.84732824427481,1.3846383859549898,0.44807640025682693,1.1119526532034825,2.100481012658228,-3.6698461538461538,0.6424230769230768,79,26,26,0.44807640025682693,-3.6698461538461538
LOCKED,7,50,131,1.1828454031843862,1.0516946564885494,137.77199999999996,198.77600000000007,19.84732824427481,1.455700222292791,0.4772297387189884,1.2114854856330888,2.488544303797468,-3.476,1.2135769230769233,79,26,26,0.4772297387189884,-3.476
LOCKED,7,60,131,1.268752430360629,1.5458167938931302,202.50200000000007,188.70600000000002,19.84732824427481,1.5967947187497824,0.535478571717791,1.1698626647988897,3.259050632911393,-3.088692307692308,0.9747307692307694,79,26,26,0.535478571717791,-3.088692307692308
LOCKED,7,75,131,1.2481475540877391,1.4408015267175571,188.74499999999998,173.01300000000003,19.083969465648856,1.599774250923519,0.6262530440365803,0.9352064719799994,3.3294303797468365,-2.4851153846153844,-0.3718076923076921,79,26,26,0.6262530440365803,-2.4851153846153844
LOCKED,7,100,131,1.3303348864604476,1.918,251.25799999999998,154.706,19.083969465648856,1.6854289232453141,0.7705736382093834,0.9352064719799994,3.804911392405063,-1.5254999999999999,-0.3718076923076921,79,26,26,0.7705736382093834,-1.5254999999999999
LOCKED,8,3,131,0.6404065946696919,-1.098549618320611,-143.91000000000003,169.11999999999995,62.59541984732825,0.6274383778672048,0.5128821369905299,0.8663222126824482,-1.1519746835443039,-1.6994230769230767,-0.33534615384615374,79,26,26,0.5128821369905299,-1.6994230769230767
LOCKED,8,4,131,0.7447467865551036,-0.8425343511450382,-110.372,143.84699999999992,59.541984732824424,0.7036337420501414,0.5915243427113599,1.145973874647369,-1.0068987341772153,-1.5518461538461539,0.3661923076923079,79,26,26,0.5915243427113599,-1.5518461538461539
LOCKED,8,5,131,0.8127657194003132,-0.664290076335878,-87.02200000000002,147.60900000000004,56.48854961832062,0.7881620594320966,0.6142599058325766,1.1977102778232627,-0.7633164556962027,-1.5849615384615385,0.557269230769231,79,26,26,0.6142599058325766,-1.5849615384615385
LOCKED,8,6,131,0.868243141309442,-0.5000152671755724,-65.502,142.103,53.43511450381679,0.9093027148718404,0.6508984327436552,1.013259693215867,-0.33606329113924055,-1.5438076923076924,0.045615384615384884,79,26,26,0.6508984327436552,-1.5438076923076924
LOCKED,8,7,131,0.8939962281746667,-0.4286412213740457,-56.15199999999999,144.92900000000003,50.38167938931297,0.9472609940319269,0.6403403273253262,1.0452345304264004,-0.20637974683544297,-1.7022692307692304,0.16965384615384635,79,26,26,0.6403403273253262,-1.7022692307692304
LOCKED,8,8,131,0.8429293925147968,-0.6932137404580151,-90.81099999999998,156.70000000000005,45.80152671755725,0.973453422795678,0.5243287505925959,0.8597077391105562,-0.10927848101265812,-2.5469999999999997,-0.6136923076923075,79,26,26,0.5243287505925959,-2.5469999999999997
LOCKED,8,10,131,0.8513769275015164,-0.7199312977099235,-94.31099999999998,158.572,40.458015267175576,0.9000971827705389,0.5503910174600157,1.081207026922468,-0.4723544303797469,-2.5473461538461537,0.3552307692307695,79,26,26,0.5503910174600157,-2.5473461538461537
LOCKED,8,12,131,0.8934941470093866,-0.5427099236641221,-71.095,176.586,37.404580152671755,0.9644492827868855,0.5489062560352265,1.1055639492872626,-0.1756835443037976,-2.6950769230769227,0.4944615384615385,79,26,26,0.5489062560352265,-2.6950769230769227
LOCKED,8,15,131,0.9401896086341206,-0.3235801526717556,-42.38899999999998,195.859,33.587786259541986,1.07885061872015,0.4446784308006416,1.1592603431810482,0.4066835443037971,-3.6613846153846152,0.7953461538461538,79,26,26,0.4446784308006416,-3.6613846153846152
LOCKED,8,18,131,1.0533628161110598,0.2953053435114506,38.68500000000003,201.015,32.06106870229007,1.2240890697998914,0.40681621847568616,1.4002418286559257,1.179088607594937,-4.093538461538461,1.9988076923076932,79,26,26,0.40681621847568616,-4.093538461538461
LOCKED,8,20,131,1.1266424099548016,0.7086106870229012,92.82800000000006,189.28800000000004,31.297709923664126,1.2823394473761223,0.4478361432353351,1.5565601799081974,1.514354430379747,-3.8104615384615386,2.779461538461538,79,26,26,0.4478361432353351,-3.8104615384615386
LOCKED,8,22,131,1.1837737679733717,1.0410152671755724,136.373,180.824,30.53435114503817,1.3102418894595897,0.49426222655705726,1.7150272634854131,1.6996582278481016,-3.490076923076923,3.570846153846153,79,26,26,0.49426222655705726,-3.490076923076923
LOCKED,8,25,131,1.2609908276450514,1.494381679389313,195.764,168.74099999999993,29.770992366412212,1.4302138858274358,0.561605127490595,1.6399959377312225,2.356924050632912,-3.0253461538461535,3.3933076923076935,79,26,26,0.561605127490595,-3.0253461538461535
LOCKED,8,27,131,1.289828877287349,1.6781755725190843,219.84100000000004,160.82099999999994,29.00763358778626,1.4168266321579368,0.6057461334819562,1.7737098669606974,2.328113924050633,-2.720730769230769,4.102269230769232,79,26,26,0.6057461334819562,-2.720730769230769
LOCKED,8,30,131,1.3105392852535156,1.8373969465648854,240.69899999999998,147.51799999999986,27.480916030534353,1.5460190689441824,0.6798885328131531,1.370443037155031,3.0496962025316456,-2.209076923076923,2.200346153846154,79,26,26,0.6798885328131531,-2.209076923076923
LOCKED,8,32,131,1.2900899428472197,1.7342595419847333,227.18800000000007,139.7739999999999,26.717557251908396,1.474294744104784,0.7230486275602619,1.4129725319553985,2.697506329113925,-1.911230769230769,2.452961538461539,79,26,26,0.7230486275602619,-1.911230769230769
LOCKED,8,35,131,1.2101677978510794,1.2972519083969467,169.94000000000003,128.00900000000004,24.427480916030532,1.2653723250753584,0.7886192002229343,1.5302329797842444,1.5946962025316458,-1.4587307692307692,3.1494615384615394,79,26,26,0.7886192002229343,-1.4587307692307692
LOCKED,8,40,131,1.2046281080789847,1.275664122137405,167.11200000000005,125.19099999999995,23.66412213740458,1.33138206107433,0.8953768984255259,1.1757864421798847,1.9913670886075947,-0.7220000000000001,1.0986923076923076,79,26,26,0.8953768984255259,-0.7220000000000001
LOCKED,8,45,131,1.104698039113361,0.673854961832061,88.27499999999998,188.982,21.374045801526716,1.3266000701739902,0.6549281122462589,0.969132629217684,2.003050632911392,-2.487769230769231,-0.20323076923076933,79,26,26,0.6549281122462589,-2.487769230769231
LOCKED,8,50,131,1.1587187877680902,1.0215419847328249,133.82200000000006,193.7819999999999,21.374045801526716,1.3998637799013436,0.6293206007095414,1.0558813907841855,2.452379746835443,-2.672384615384615,0.3679230769230769,79,26,26,0.6293206007095414,-2.672384615384615
LOCKED,8,60,131,1.2470672095585662,1.590167938931298,208.31200000000004,183.7119999999998,21.374045801526716,1.5456399248725516,0.68304302595428,1.0196046359472848,3.346430379746837,-2.2850769230769226,0.12907692307692328,79,26,26,0.68304302595428,-2.2850769230769226
LOCKED,8,75,131,1.2209752385604875,1.43645038167939,188.1750000000001,175.2859999999998,20.610687022900763,1.5346484439187966,0.7667635839846355,0.8150878586783812,3.3360506329113937,-1.6814999999999998,-1.2174615384615384,79,26,26,0.7667635839846355,-1.6814999999999998
LOCKED,8,100,131,1.2943846983087626,1.9136488549618322,250.68800000000002,150.3359999999997,20.610687022900763,1.6108508795241583,0.8998692949931981,0.8150878586783812,3.811531645569621,-0.721884615384615,-1.2174615384615384,79,26,26,0.8150878586783812,-1.2174615384615384
LOCKED,9,3,131,0.5884762548849624,-1.3842213740458016,-181.333,206.54300000000003,63.358778625954194,0.5863738011976766,0.4599217019930401,0.7743593257503085,-1.3954177215189874,-2.101153846153846,-0.6332692307692306,79,26,26,0.4599217019930401,-2.101153846153846
LOCKED,9,4,131,0.6837571178182366,-1.151442748091603,-150.839,183.87900000000002,60.30534351145038,0.6567185005938949,0.5303097686491981,1.0243250650952447,-1.2767594936708861,-1.9903846153846154,0.06826923076923096,79,26,26,0.5303097686491981,-1.9903846153846154
LOCKED,9,5,131,0.7943649803593849,-0.777648854961832,-101.87199999999999,164.63400000000001,58.778625954198475,0.7745999083243471,0.6431806424091705,1.0706635764820687,-0.8652025316455699,-1.5120769230769233,0.22280769230769265,79,26,26,0.6431806424091705,-1.5120769230769233
LOCKED,9,6,131,0.8202132320724405,-0.7423587786259541,-97.249,158.15100000000004,54.961832061068705,0.8466345450982465,0.6779132359599549,0.9048522364217252,-0.6241139240506329,-1.4774615384615386,-0.36653846153846154,79,26,26,0.6779132359599549,-1.4774615384615386
LOCKED,9,7,131,0.8701617440225035,-0.5637557251908396,-73.85199999999999,157.97699999999998,52.67175572519084,0.928597779282984,0.668960577941085,0.9296333454943451,-0.2988987341772152,-1.6355384615384616,-0.2967307692307693,79,26,26,0.668960577941085,-1.6355384615384616
LOCKED,9,8,131,0.8463901414641292,-0.7203129770992366,-94.36099999999999,183.75400000000002,48.854961832061065,1.0037617665585428,0.5527330444971253,0.7653256105197244,0.0161772151898734,-2.5252692307692306,-1.1531538461538462,79,26,26,0.5527330444971253,-2.5252692307692306
LOCKED,9,10,131,0.8845995709020772,-0.5891984732824428,-77.185,186.20300000000003,44.274809160305345,0.9802165045089959,0.5846787120269802,0.9625078271759547,-0.09644303797468368,-2.4913846153846158,-0.184230769230769,79,26,26,0.5846787120269802,-2.4913846153846158
LOCKED,9,12,131,0.9311766239064408,-0.370885496183206,-48.585999999999984,201.82399999999998,41.221374045801525,1.0518388938924572,0.5915012482125113,0.9844983913424976,0.2652025316455696,-2.5929615384615383,-0.08153846153846164,79,26,26,0.5915012482125113,-2.5929615384615383
LOCKED,9,15,131,0.9880760249868611,-0.06841221374045771,-8.96199999999996,207.54399999999995,37.404580152671755,1.1836694088024688,0.5031887720368384,1.032358286752855,0.9815316455696198,-3.5085000000000006,0.18146153846153826,79,26,26,0.5031887720368384,-3.5085000000000006
LOCKED,9,18,131,1.1093429604763356,0.6427404580152671,84.199,211.76999999999998,35.87786259541985,1.3469734436160625,0.4732519468930131,1.246959980796269,1.895164556962026,-3.9048846153846153,1.384923076923077,79,26,26,0.4732519468930131,-3.9048846153846153
LOCKED,9,20,131,1.1887086940616998,1.1223053435114503,147.022,198.233,35.11450381679389,1.4155606552762816,0.5208282531661332,1.3861664551970094,2.3173924050632912,-3.5521923076923083,2.165576923076923,79,26,26,0.5208282531661332,-3.5521923076923083
LOCKED,9,22,131,1.255384611480743,1.5365419847328243,201.28699999999998,183.29699999999997,34.35114503816794,1.4586343255698087,0.5755643525316095,1.5272864442234488,2.6102911392405073,-3.146423076923077,2.9569615384615378,79,26,26,0.5755643525316095,-3.146423076923077
LOCKED,9,25,131,1.3442721452297566,2.0950458015267177,274.451,167.48999999999998,33.587786259541986,1.6001014180737678,0.6543376413151192,1.4602292911351524,3.4154430379746836,-2.562461538461539,2.7405769230769224,79,26,26,0.6543376413151192,-2.562461538461539
LOCKED,9,27,131,1.3812377402659881,2.3470916030534346,307.46899999999994,157.49900000000005,32.82442748091603,1.597937829840456,0.7061735056526048,1.5792862909736798,3.4735949367088597,-2.1781923076923078,3.449538461538461,79,26,26,0.7061735056526048,-2.1781923076923078
LOCKED,9,30,131,1.4142389759559182,2.6076564885496185,341.603,141.51699999999994,31.297709923664126,1.748661027511581,0.7890922108714715,1.2235467553114614,4.349189873417721,-1.5635000000000001,1.4872307692307691,79,26,26,0.7890922108714715,-1.5635000000000001
LOCKED,9,32,131,1.4005227811382859,2.558083969465649,335.10900000000004,131.743,30.53435114503817,1.6810542698864657,0.8398022236864635,1.26151756034109,4.06012658227848,-1.1875769230769229,1.7398461538461538,79,26,26,0.8398022236864635,-1.1875769230769229
LOCKED,9,35,131,1.3346859852013488,2.210496183206107,289.57500000000005,116.37700000000001,28.24427480916031,1.483969841600333,0.91952496329309,1.3662089897384015,3.0600126582278477,-0.5965769230769231,2.4363461538461535,79,26,26,0.91952496329309,-0.5965769230769231
LOCKED,9,40,131,1.2953563189245119,1.9917251908396942,260.91599999999994,112.27899999999988,26.717557251908396,1.47924801327498,1.0420923198248446,1.049690976514215,3.0855443037974672,0.3120384615384616,0.34788461538461485,79,26,26,1.0420923198248446,0.3120384615384616
LOCKED,9,45,131,1.2227160082101824,1.5497480916030533,203.01699999999997,169.38899999999998,24.427480916030532,1.5010214061261218,0.8449262509104062,0.8671562606173067,3.287734177215189,-1.2038076923076924,-0.9775000000000003,79,26,26,0.8449262509104062,-1.2038076923076924
LOCKED,9,50,131,1.2678061896701336,1.8635038167938929,244.11899999999997,171.80399999999992,24.427480916030532,1.5563200830242108,0.8329609132302449,0.9447769385568305,3.650607594936708,-1.2966923076923076,-0.4063461538461537,79,26,26,0.8329609132302449,-1.2966923076923076
LOCKED,9,60,131,1.2623921178841255,1.8438854961832059,241.54899999999998,220.90399999999994,23.66412213740458,1.658055605388086,0.6072317841847408,0.9123173823275751,4.31820253164557,-3.1851538461538462,-0.6451923076923082,79,26,26,0.6072317841847408,-3.1851538461538462
LOCKED,9,75,131,1.2374432858393696,1.6850534351145037,220.742,229.93599999999986,22.900763358778626,1.643882464454976,0.6816601611595138,0.7293207537307583,4.299341772151897,-2.5815769230769234,-1.9917307692307693,79,26,26,0.6816601611595138,-2.5815769230769234
LOCKED,9,100,131,1.304686004160652,2.162251908396946,283.25499999999994,204.98599999999993,22.900763358778626,1.7150919431279619,0.7999924115590927,0.7293207537307583,4.774822784810126,-1.6219615384615387,-1.9917307692307693,79,26,26,0.7293207537307583,-1.9917307692307693
LOCKED,10,3,131,0.6251200098050563,-1.2608244274809162,-165.168,190.378,67.17557251908397,0.6178122682053174,0.48639772560168626,0.854303882100232,-1.2979240506329115,-2.0149999999999997,-0.3939230769230768,79,26,26,0.48639772560168626,-2.0149999999999997
LOCKED,10,4,131,0.7218007723421609,-1.0206641221374044,-133.707,166.74699999999999,64.12213740458014,0.6893474660927748,0.5574036873353868,1.1214561076575102,-1.1730632911392407,-1.9066538461538463,0.32838461538461555,79,26,26,0.5574036873353868,-1.9066538461538463
LOCKED,10,5,131,0.8364722883101536,-0.6254198473282443,-81.93,136.305,62.59541984732825,0.8113533410668344,0.677541181197268,1.1543092403945423,-0.7369493670886075,-1.3891153846153848,0.4771538461538464,79,26,26,0.677541181197268,-1.3891153846153848
LOCKED,10,6,131,0.8325433063871369,-0.7194885496183206,-94.253,145.939,58.01526717557252,0.8389724919808779,0.7103662027117646,0.9587699249013031,-0.6920126582278479,-1.3621923076923077,-0.16026923076923077,79,26,26,0.7103662027117646,-1.3621923076923077
LOCKED,10,7,131,0.8851111482139209,-0.5200229007633588,-68.123,146.685,55.72519083969466,0.9191034253865435,0.7106846457347584,0.9858552957160982,-0.35789873417721507,-1.4721923076923074,-0.06046153846153836,79,26,26,0.7106846457347584,-1.4721923076923074
LOCKED,10,8,131,0.8874495499150024,-0.5443206106870228,-71.30599999999998,148.54899999999998,52.67175572519084,0.9984516078815104,0.5851969412783148,0.9381969226204705,-0.007050632911392387,-2.4326923076923075,-0.2884230769230766,79,26,26,0.5851969412783148,-2.4326923076923075
LOCKED,10,10,131,0.9494710257096635,-0.26512977099236634,-34.73199999999999,158.03799999999998,48.854961832061065,0.9624808668380289,0.7295484057134612,1.1815027567848224,-0.19640506329113924,-1.5861153846153848,0.8470384615384622,79,26,26,0.7295484057134612,-1.5861153846153848
LOCKED,10,12,131,1.0038060847891261,0.0211450381679389,2.769999999999996,151.78500000000003,45.80152671755725,1.0362651315956246,0.7498338379735618,1.2107623318385652,0.1992025316455695,-1.5634615384615385,1.0647307692307695,79,26,26,0.7498338379735618,-1.5634615384615385
LOCKED,10,15,131,1.0377494431449752,0.22717557251908413,29.76000000000002,147.71000000000004,41.221374045801525,1.1668641398903252,0.6711896531890068,1.0923703513315803,0.9590886075949367,-2.3086153846153845,0.5390769230769232,79,26,26,0.6711896531890068,-2.3086153846153845
LOCKED,10,18,131,1.2056332630292221,1.2533206106870232,164.18500000000003,149.04200000000003,40.458015267175576,1.3992974651485455,0.6609544772593949,1.3175626248047612,2.295050632911393,-2.511923076923077,1.8533076923076925,79,26,26,0.6609544772593949,-2.511923076923077
LOCKED,10,20,131,1.2544387373606558,1.5897099236641221,208.252,133.85699999999997,38.93129770992366,1.4001265529096623,0.7294540282096674,1.4656939309463084,2.4013164556962026,-2.004423076923077,2.7178076923076926,79,26,26,0.7294540282096674,-2.004423076923077
LOCKED,10,22,131,1.3276014593589298,2.0720992366412214,271.445,118.93199999999999,38.16793893129771,1.4458393654084842,0.8052370100036859,1.613423225712911,2.732696202531646,-1.4429615384615386,3.579961538461539,79,26,26,0.8052370100036859,-1.4429615384615386
LOCKED,10,25,131,1.4292918271976798,2.7481984732824434,360.01400000000007,97.80199999999985,37.404580152671755,1.5924368619854323,0.914929735398097,1.5534346662380933,3.6312405063291147,-0.6302692307692305,3.4435769230769235,79,26,26,0.914929735398097,-0.6302692307692305
LOCKED,10,27,131,1.4723476809994074,3.0600305343511454,400.86400000000003,83.80099999999987,36.6412213740458,1.593848949028542,0.9876134953719325,1.6783164479499562,3.7153670886075956,-0.09176923076923081,4.220615384615384,79,26,26,0.9876134953719325,-0.09176923076923081
LOCKED,10,30,131,1.4809848955100355,3.1941068702290076,418.428,93.33899999999988,34.35114503816794,1.7489140265084764,0.9408538852398067,1.3281161585918573,4.685518987341773,-0.44053846153846166,2.2971538461538463,79,26,26,0.9408538852398067,-0.44053846153846166
LOCKED,10,32,131,1.4762491113613097,3.2063816793893136,420.03600000000006,87.23799999999994,33.587786259541986,1.6936462538812207,1.0022720700623788,1.3758453416251437,4.445341772151899,0.01692307692307704,2.631307692307693,79,26,26,1.0022720700623788,0.01692307692307704
LOCKED,10,35,131,1.3107342277186758,2.2187633587786264,290.6580000000001,139.82599999999994,29.770992366412212,1.4138887777045983,0.8699527797139296,1.4925807709845245,2.8796075949367097,-1.019,3.4485769230769225,79,26,26,0.8699527797139296,-1.019
LOCKED,10,40,131,1.2814370380138167,2.05281679389313,268.91900000000004,126.26199999999992,28.24427480916031,1.4159240175234233,0.9859124510371775,1.2029965588509377,2.9467848101265823,-0.11038461538461536,1.4997307692307695,79,26,26,0.9859124510371775,-0.11038461538461536
LOCKED,10,45,131,1.2218718686231476,1.669946564885496,218.76299999999998,188.07799999999983,25.954198473282442,1.4440191891109693,0.7979094728764866,1.0435969863515167,3.20432911392405,-1.661230769230769,0.33896153846153904,79,26,26,0.7979094728764866,-1.661230769230769
LOCKED,10,50,131,1.273537811819211,2.05881679389313,269.70500000000004,190.49299999999985,25.954198473282442,1.5028967839821792,0.7866099585450529,1.1414960400104877,3.6292278481012668,-1.7541153846153843,1.1001153846153844,79,26,26,0.7866099585450529,-1.7541153846153843
LOCKED,10,60,131,1.2874202438742781,2.185282442748092,286.27200000000005,240.59599999999986,25.190839694656486,1.613120159967726,0.572232427383203,1.1604426481718753,4.424670886075949,-3.6811538461538467,1.2474230769230776,79,26,26,0.572232427383203,-3.6811538461538467
LOCKED,10,75,131,1.2253855373075295,1.7312671755725197,226.79600000000008,261.03999999999996,24.427480916030532,1.6254996829597772,0.642370934509683,0.7219498681652462,4.595189873417722,-3.077576923076923,-2.1618076923076917,79,26,26,0.642370934509683,-3.077576923076923
LOCKED,10,100,131,1.2972488169038159,2.2832748091603055,299.10900000000004,236.08999999999997,24.427480916030532,1.7071082485595346,0.7538828030374135,0.7219498681652462,5.194721518987342,-2.117961538461538,-2.1618076923076917,79,26,26,0.7219498681652462,-2.1618076923076917
LOCKED,11,3,131,0.6396204155140747,-1.2311832061068702,-161.285,186.49499999999998,69.46564885496184,0.6007152897635273,0.6455959598231861,0.7736055648589463,-1.42026582278481,-1.211884615384615,-0.6759615384615387,79,26,26,0.6007152897635273,-1.42026582278481
LOCKED,11,4,131,0.7309308246701482,-1.0100076335877861,-132.31099999999998,166.72599999999997,66.41221374045801,0.6673743311933642,0.709668057682108,1.0155223496071104,-1.3228354430379745,-1.1158461538461533,0.04634615384615378,79,26,26,0.6673743311933642,-1.3228354430379745
LOCKED,11,5,131,0.8441996166899269,-0.6118625954198473,-80.154,124.70700000000004,64.8854961832061,0.7837576598166862,0.8615389234140923,1.0468471517202482,-0.8920379746835445,-0.532153846153846,0.1597307692307693,79,26,26,0.7837576598166862,-0.8920379746835445
LOCKED,11,6,131,0.8649608087653666,-0.5877328244274809,-76.993,132.69400000000002,61.06870229007634,0.8531639967121336,0.8955647449931079,0.8713245211761533,-0.6467215189873416,-0.44584615384615395,-0.5503846153846154,79,26,26,0.8531639967121336,-0.6467215189873416
LOCKED,11,7,131,0.8615682338991391,-0.6612748091603055,-86.62700000000001,151.057,57.25190839694656,0.8877458927799396,0.7569821102154565,0.8965305621471239,-0.525860759493671,-1.2476538461538458,-0.486346153846154,79,26,26,0.7569821102154565,-1.2476538461538458
LOCKED,11,8,131,0.8630108386373262,-0.7012213740458018,-91.86000000000003,153.211,54.19847328244275,0.9645351735719345,0.6230831315577078,0.853742312884356,-0.17108860759493685,-2.2631538461538456,-0.7500769230769229,79,26,26,0.6230831315577078,-2.2631538461538456
LOCKED,11,10,131,0.9224669724330365,-0.4316488549618321,-56.54600000000001,163.92,50.38167938931297,0.9277612700375802,0.7771436258119067,1.0751462426878655,-0.40221518987341776,-1.3381153846153846,0.38538461538461555,79,26,26,0.7771436258119067,-1.3381153846153846
LOCKED,11,12,131,0.9742640651002699,-0.1521679389312979,-19.934000000000026,156.797,47.32824427480916,0.9982659646922738,0.8007224275479325,1.0979701739850871,-0.010151898734177526,-1.2816153846153842,0.5457692307692308,79,26,26,0.8007224275479325,-1.2816153846153842
LOCKED,11,15,131,1.0077880454215535,0.05004580152671754,6.555999999999997,140.484,42.74809160305343,1.1245331990872365,0.725167500434895,0.9900430056146218,0.7640379746835446,-2.005230769230769,-0.06411538461538474,79,26,26,0.725167500434895,-2.005230769230769
LOCKED,11,18,131,1.171003373145913,1.1133664122137406,145.851,128.52400000000006,41.98473282442748,1.3483521154076281,0.7236605564436213,1.194140485007765,2.137215189873417,-2.1343076923076927,1.250115384615385,79,26,26,0.7236605564436213,-2.1343076923076927
LOCKED,11,20,131,1.2187114780655603,1.461381679389313,191.441,111.46600000000007,40.458015267175576,1.348559010179813,0.7993785201009905,1.3283956516545214,2.237316455696202,-1.5494999999999997,2.114615384615384,79,26,26,0.7993785201009905,-1.5494999999999997
LOCKED,11,22,131,1.2886645193260653,1.9565725190839693,256.311,94.84300000000002,39.69465648854962,1.3894906376698373,0.88297951805429,1.462286465177398,2.562202531645569,-0.903807692307692,2.9767692307692304,79,26,26,0.88297951805429,-0.903807692307692
LOCKED,11,25,131,1.3894889049552308,2.6730534351145043,350.1700000000001,72.95699999999988,38.93129770992366,1.5325473504345872,1.003241854280891,1.4075049005880704,3.503278481012659,0.02503846153846194,2.798461538461538,79,26,26,1.003241854280891,0.02503846153846194
LOCKED,11,27,131,1.3857718520062443,2.7126946564885497,355.363,99.62299999999999,37.404580152671755,1.4539536703622833,1.0818779847717506,1.5206552786334362,3.113392405063291,0.6323846153846154,3.5755,79,26,26,1.0818779847717506,0.6323846153846154
LOCKED,11,30,131,1.3948067416942669,2.8490610687022904,373.22700000000003,115.16099999999994,35.11450381679389,1.5954083789056368,1.052339004548202,1.1986365213942187,4.083544303797469,0.4063076923076924,1.540884615384615,79,26,26,1.052339004548202,0.4063076923076924
LOCKED,11,32,131,1.3935633946403057,2.8762213740458016,376.785,107.137,34.35114503816794,1.5482197024411384,1.1209286655634716,1.2417125291288613,3.843367088607595,0.9387692307692311,1.8750384615384612,79,26,26,1.1209286655634716,0.9387692307692311
LOCKED,11,35,131,1.2448511524398371,1.8939236641221373,248.10399999999998,149.44800000000004,30.53435114503817,1.2979004838356794,0.9987502231744331,1.3470672814715652,2.2578481012658216,-0.010230769230768889,2.6923076923076916,79,26,26,0.9987502231744331,-0.010230769230768889
LOCKED,11,40,131,1.2183153331048102,1.7259160305343508,226.09499999999997,125.82400000000013,29.00763358778626,1.2991506794072951,1.1189073379753613,1.0860043237146348,2.3099620253164552,0.9733846153846156,0.7038461538461532,79,26,26,1.0860043237146348,0.7038461538461532
LOCKED,11,45,131,1.1620435948437653,1.3221297709923667,173.19900000000004,189.41999999999996,26.717557251908396,1.3254736726860559,0.928042583214997,0.942627345844504,2.558898734177215,-0.6197692307692306,-0.49384615384615366,79,26,26,0.928042583214997,-0.6197692307692306
LOCKED,11,50,131,1.2097045213417885,1.711,224.14100000000002,191.83499999999998,26.717557251908396,1.3795177619207089,0.917258348292831,1.0310545129579982,2.9837974683544304,-0.712653846153846,0.2673076923076922,79,26,26,0.917258348292831,-0.712653846153846
LOCKED,11,60,131,1.221867682013854,1.8290687022900762,239.60799999999998,243.0379999999999,25.954198473282442,1.4806924444215461,0.7033375167513987,1.0481680071492403,3.779240506329115,-2.682,0.41461538461538416,79,26,26,0.7033375167513987,-2.682
LOCKED,11,75,131,1.1643999098063589,1.3691450381679389,179.358,267.91499999999996,25.190839694656486,1.4923931906519379,0.7701006147497393,0.6521000893655049,3.939962025316455,-2.0784230769230767,-2.9946153846153845,79,26,26,0.6521000893655049,-2.9946153846153845
LOCKED,11,100,131,1.2306821535748396,1.9211526717557255,251.67100000000005,242.96499999999972,25.190839694656486,1.5673191158161839,0.8762459849822382,0.6521000893655049,4.539493670886076,-1.118807692307692,-2.9946153846153845,79,26,26,0.6521000893655049,-2.9946153846153845
LOCKED,12,3,131,0.6307022537325018,-1.307381679389313,-171.267,196.47699999999995,70.99236641221374,0.5506986333993416,0.7168891990018568,0.8678453494771601,-1.7433291139240512,-0.9207307692307692,-0.3694230769230768,79,26,26,0.5506986333993416,-1.7433291139240512
LOCKED,12,4,131,0.7186991647642614,-1.099587786259542,-144.046,187.79100000000003,67.93893129770993,0.6115933658855305,0.778141408701596,1.1449504678040723,-1.6855569620253168,-0.8239230769230768,0.40519230769230785,79,26,26,0.6115933658855305,-1.6855569620253168
LOCKED,12,5,131,0.8276828003151361,-0.7062519083969465,-92.51899999999999,145.69200000000004,66.41221374045801,0.7188717267466732,0.9440123450397175,1.1501822457378013,-1.2643797468354432,-0.20792307692307713,0.4912692307692309,79,26,26,0.7188717267466732,-1.2643797468354432
LOCKED,12,6,131,0.8456562309089234,-0.7039312977099237,-92.215,135.44,62.59541984732825,0.7818537140388905,0.9708286540125559,0.9430142006413191,-1.0484303797468353,-0.12188461538461523,-0.23923076923076925,79,26,26,0.7818537140388905,-1.0484303797468353
LOCKED,12,7,131,0.8320601068880221,-0.854671755725191,-111.96200000000003,165.51700000000002,58.778625954198475,0.7962062681155909,0.8146818137332401,0.9731479953803003,-1.0644430379746836,-0.9467692307692306,-0.12519230769230766,79,26,26,0.7962062681155909,-1.0644430379746836
LOCKED,12,8,131,0.8316588496150152,-0.9197633587786259,-120.48899999999999,156.12399999999997,55.72519083969466,0.865446326619501,0.6714007311263678,0.9123600537393644,-0.7234303797468352,-1.9844615384615383,-0.4516153846153843,79,26,26,0.6714007311263678,-1.9844615384615383
LOCKED,12,10,131,0.918360764064371,-0.4772137404580154,-62.515000000000015,143.773,52.67175572519084,0.8811161266269123,0.8373753327643966,1.1452455590386623,-0.7144303797468355,-0.9821153846153845,0.748461538461539,79,26,26,0.8373753327643966,-0.9821153846153845
LOCKED,12,12,131,1.0011680946842343,0.0071526717557252,0.9370000000000012,133.63,50.38167938931297,0.9493391673328085,1.0058846756422832,1.1732876712328768,-0.3200886075949368,0.03553846153846193,0.9730769230769231,79,26,26,0.9493391673328085,-0.3200886075949368
LOCKED,12,15,131,1.0381618495788618,0.2549007633587786,33.391999999999996,112.02000000000001,45.80152671755725,1.0699971532669603,0.9238210732298873,1.0621371659576466,0.4637594936708861,-0.5315384615384615,0.40673076923076945,79,26,26,0.9238210732298873,-0.5315384615384615
LOCKED,12,18,131,1.2075318760357598,1.4052442748091607,184.08700000000005,108.43199999999997,45.038167938931295,1.282988190834284,0.9388631840153022,1.2808364867088162,1.8749113924050633,-0.45484615384615373,1.8382692307692308,79,26,26,0.9388631840153022,-0.45484615384615373
LOCKED,12,20,131,1.2586747292062204,1.7992900763358786,235.70700000000008,100.91699999999996,43.51145038167939,1.285408528690418,1.0372683330317676,1.4243072367029401,1.9783037974683553,0.27726923076923116,2.777384615384615,79,26,26,1.0372683330317676,0.27726923076923116
LOCKED,12,22,131,1.3350089898757005,2.3624961832061064,309.48699999999997,93.03899999999996,42.74809160305343,1.3290681442500278,1.1462351694367616,1.5691235574776128,2.333443037974683,1.0879615384615384,3.7253076923076924,79,26,26,1.1462351694367616,1.0879615384615384
LOCKED,12,25,131,1.4427094296640512,3.162793893129771,414.326,82.53499999999997,41.98473282442748,1.4663687936679082,1.3045312378835268,1.5166412448287592,3.3070506329113925,2.2656538461538465,3.6216153846153847,79,26,26,1.3045312378835268,2.2656538461538465
LOCKED,12,27,131,1.4426432382543695,3.2437099236641225,424.92600000000004,104.14500000000001,40.458015267175576,1.3945070950450213,1.4041047380256935,1.6378595178263782,2.917759493670886,3.0064615384615387,4.471346153846155,79,26,26,1.3945070950450213,2.917759493670886
LOCKED,12,30,131,1.4603073093832193,3.4615496183206105,453.46299999999997,103.64499999999998,38.16793893129771,1.5308370458734752,1.4007980993715994,1.3167093048045428,3.926050632911392,2.9976923076923083,2.514038461538461,79,26,26,1.3167093048045428,2.514038461538461
LOCKED,12,32,131,1.4668848868484232,3.55387786259542,465.558,101.38499999999999,37.404580152671755,1.4916268103060832,1.4953872736061542,1.368543713781809,3.710898734177214,3.7051538461538462,2.9254999999999995,79,26,26,1.368543713781809,2.9254999999999995
LOCKED,12,35,131,1.2765536921057912,2.2601297709923664,296.077,112.17099999999996,32.82442748091603,1.2582261424444945,1.3686519890353634,1.2436715524265534,2.110443037974684,2.927692307692308,2.0473846153846154,79,26,26,1.2436715524265534,2.0473846153846154
LOCKED,12,40,131,1.211559749995034,1.788564885496183,234.302,123.30599999999997,30.53435114503817,1.1818574977854266,1.541131914646313,1.002698973348723,1.543620253164557,4.297461538461539,0.023923076923077054,79,26,26,1.002698973348723,0.023923076923077054
LOCKED,12,45,131,1.216578286105799,1.8724961832061071,245.29700000000003,147.304,29.00763358778626,1.2042047708483263,1.6644646991021008,0.8700529554415428,1.767151898734177,5.276923076923078,-1.2118461538461536,79,26,26,0.8700529554415428,-1.2118461538461536
LOCKED,12,50,131,1.2741660353769464,2.3703893129770996,310.5210000000001,147.30400000000006,29.00763358778626,1.2533043127205068,1.7219370211446998,0.9516719732088359,2.192050632911393,5.7333461538461545,-0.4506923076923074,79,26,26,0.9516719732088359,-0.4506923076923074
LOCKED,12,60,131,1.3032291995188048,2.649549618320611,347.09100000000007,147.30400000000012,28.24427480916031,1.3452224231041523,1.544399141532703,0.9674678720490952,2.987493670886075,4.5756538461538465,-0.30338461538461464,79,26,26,0.9674678720490952,-0.30338461538461464
LOCKED,12,75,131,1.2361792016100246,2.0855038167938935,273.2010000000001,147.30400000000014,27.480916030534353,1.3559178792565207,1.558722183325783,0.6018938581586024,3.134582278481012,4.696038461538462,-3.7126153846153844,79,26,26,0.6018938581586024,-3.7126153846153844
LOCKED,12,100,131,1.255935363902234,2.259954198473283,296.0540000000001,147.30400000000014,27.480916030534353,1.42399203168927,1.4465631563774146,0.6018938581586024,3.734113924050633,3.7533461538461546,-3.7126153846153844,79,26,26,0.6018938581586024,-3.7126153846153844
LOCKED,13,3,131,0.6434705200218992,-1.2626641221374044,-165.409,190.61899999999994,72.51908396946564,0.5961904372199602,0.6615518934846666,0.7979127134724858,-1.4990126582278478,-1.192769230769231,-0.614423076923077,79,26,26,0.5961904372199602,-1.4990126582278478
LOCKED,13,4,131,0.7556493722036379,-0.9384351145038166,-122.93499999999997,160.30999999999995,70.22900763358778,0.6946935912211255,0.7172997794686244,1.0526881720430106,-1.2340253164556958,-1.138923076923077,0.16019230769230772,79,26,26,0.6946935912211255,-1.2340253164556958
LOCKED,13,5,131,0.8672135756185272,-0.5372366412213739,-70.37799999999999,146.632,68.70229007633588,0.8133895513776028,0.8702015332181352,1.0574316290130799,-0.7860126582278482,-0.5229230769230769,0.20434615384615398,79,26,26,0.8133895513776028,-0.7860126582278482
LOCKED,13,6,131,0.8793106054625497,-0.5485038167938932,-71.854,158.059,64.8854961832061,0.8780826269415329,0.894627906384928,0.8678020403001433,-0.5538227848101264,-0.47776923076923095,-0.6030769230769232,79,26,26,0.8678020403001433,-0.6030769230769232
LOCKED,13,7,131,0.8081948794231758,-1.017763358778626,-133.327,179.30499999999998,59.541984732824424,0.8008065093416686,0.7495826608573982,0.8959820750417743,-1.0567088607594939,-1.3904615384615384,-0.5267307692307692,79,26,26,0.7495826608573982,-1.3904615384615384
LOCKED,13,8,131,0.8060547269066163,-1.1080152671755723,-145.14999999999998,182.189,56.48854961832062,0.8692161718081046,0.6178144247730563,0.8392008787587535,-0.7153544303797467,-2.5082692307692307,-0.9008461538461537,79,26,26,0.6178144247730563,-2.5082692307692307
LOCKED,13,10,131,0.9175266494226116,-0.49628244274809163,-65.013,170.968,54.19847328244275,0.9287300262291469,0.7705421450213026,1.0534120554716462,-0.4258101265822784,-1.5059230769230774,0.2992307692307692,79,26,26,0.7705421450213026,-1.5059230769230774
LOCKED,13,12,131,1.030810089374184,0.19154961832061088,25.093000000000025,136.23799999999997,52.67175572519084,1.0519445715675726,0.9256023019626459,1.0793270745384664,0.3189620253164559,-0.4882692307692306,0.4842307692307693,79,26,26,0.9256023019626459,-0.4882692307692306
LOCKED,13,15,131,1.101212214208992,0.6797404580152673,89.04600000000002,125.42099999999999,48.854961832061065,1.1843633894909427,0.8513670029565058,1.1401059248050283,1.1928101265822788,-1.1253461538461536,0.9258846153846151,79,26,26,0.8513670029565058,-1.1253461538461536
LOCKED,13,18,131,1.2411484372071073,1.6694503816793893,218.698,123.93099999999998,47.32824427480916,1.3480012489813946,0.8654064254195774,1.3734314980793854,2.313670886075949,-1.0863461538461534,2.4678076923076926,79,26,26,0.8654064254195774,-1.0863461538461534
LOCKED,13,20,131,1.2928595749966272,2.087847328244275,273.50800000000004,116.416,45.80152671755725,1.347467080007533,0.9561123447730326,1.5286346176230936,2.428962025316456,-0.35423076923076874,3.4934615384615384,79,26,26,0.9561123447730326,-0.35423076923076874
LOCKED,13,22,131,1.3720564370098902,2.6899083969465654,352.37800000000004,108.53800000000004,45.038167938931295,1.3946236083723154,1.0565536039341639,1.6831335118146895,2.8244810126582274,0.4564615384615384,4.514461538461537,79,26,26,1.0565536039341639,0.4564615384615384
LOCKED,13,25,131,1.4851397080956437,3.5556259541984736,465.78700000000003,96.42800000000005,44.274809160305345,1.5414220909565202,1.2024645706062311,1.6339140785629256,3.8751772151898742,1.6341538461538467,4.506153846153846,79,26,26,1.2024645706062311,1.6341538461538467
LOCKED,13,27,131,1.5046895092307238,3.754,491.774,90.10400000000004,42.74809160305343,1.4990590528431096,1.2942474291650388,1.7612974786278541,3.6623037974683545,2.374961538461539,5.411653846153846,79,26,26,1.2942474291650388,2.374961538461539
LOCKED,13,30,131,1.4902336273446475,3.753977099236641,491.77099999999996,115.27400000000006,40.458015267175576,1.6030807179142192,1.291733252403014,1.3793666478449085,4.425658227848101,2.366192307692308,3.100884615384615,79,26,26,1.291733252403014,2.366192307692308
LOCKED,13,32,131,1.5260921749393905,4.028564885496183,527.742,113.01400000000007,40.458015267175576,1.6149464841694912,1.3789578008450263,1.4297054394880482,4.512734177215189,3.0736538461538463,3.512346153846153,79,26,26,1.3789578008450263,3.0736538461538463
LOCKED,13,35,131,1.328236928734459,2.710442748091603,355.068,127.35999999999999,35.87786259541985,1.361895107084906,1.2621175377717038,1.2995166940096663,2.8965443037974676,2.257346153846154,2.598076923076923,79,26,26,1.2621175377717038,2.257346153846154
LOCKED,13,40,131,1.2638123530161949,2.2581068702290072,295.81199999999995,117.40400000000002,33.587786259541986,1.2847053787986873,1.4211718048688988,1.0583969145635952,2.3743924050632903,3.6271153846153843,0.5357692307692307,79,26,26,1.0583969145635952,0.5357692307692307
LOCKED,13,45,131,1.2701546481108679,2.3673816793893128,310.12699999999995,119.804,32.06106870229007,1.312700538738578,1.5349044933031428,0.9216215144183095,2.6596962025316455,4.606576923076923,-0.7600000000000002,79,26,26,0.9216215144183095,-0.7600000000000002
LOCKED,13,50,131,1.3311793693339757,2.902145038167939,380.181,129.644,32.06106870229007,1.3698440336934847,1.587903229408113,1.0001189956764904,3.1457341772151888,5.062999999999999,0.0011538461538455826,79,26,26,1.0001189956764904,0.0011538461538455826
LOCKED,13,60,131,1.3668785432352195,3.252526717557251,426.0809999999999,129.644,31.297709923664126,1.4792734470339615,1.4221255867654372,1.0153107770417675,4.076493670886076,3.8529999999999998,0.1484615384615378,79,26,26,1.0153107770417675,0.1484615384615378
LOCKED,13,75,131,1.311293912113622,2.7910992366412217,365.63400000000007,136.608,30.53435114503817,1.506624981390502,1.4353146411144542,0.6637182182380708,4.393746835443038,3.973384615384615,-3.26076923076923,79,26,26,0.6637182182380708,-3.26076923076923
LOCKED,13,100,131,1.329547524949726,2.9547633587786257,387.07399999999996,136.60800000000006,30.53435114503817,1.5736921536516946,1.3320354966753472,0.6637182182380708,4.975392405063291,3.030692307692308,-3.26076923076923,79,26,26,0.6637182182380708,-3.26076923076923
LOCKED,14,3,131,0.647124408284966,-1.2684045801526718,-166.161,191.37099999999995,74.04580152671755,0.5915005633718554,0.7466056982061202,0.7445113314447592,-1.555746835443038,-0.8312307692307689,-0.8325000000000001,79,26,26,0.5915005633718554,-1.555746835443038
LOCKED,14,4,131,0.7568549023735592,-0.9522137404580152,-124.74,157.77999999999994,71.7557251908397,0.6868510900926371,0.7964080893450047,0.982235599622285,-1.3037974683544302,-0.7782692307692307,-0.05788461538461528,79,26,26,0.6868510900926371,-1.3037974683544302
LOCKED,14,5,131,0.8675367932836909,-0.5476564885496181,-71.74299999999998,148.834,70.22900763358778,0.8035513893382535,0.9695240969916491,0.9867157554972766,-0.853126582278481,-0.11649999999999996,-0.05065384615384616,79,26,26,0.8035513893382535,-0.853126582278481
LOCKED,14,6,131,0.904254555830512,-0.43800763358778627,-57.379000000000005,162.19400000000002,67.17557251908397,0.913843799652069,0.9838397181858213,0.806535025858016,-0.3905569620253164,-0.07057692307692322,-0.9496153846153847,79,26,26,0.806535025858016,-0.9496153846153847
LOCKED,14,7,131,0.8222198410169501,-0.9625343511450383,-126.09200000000001,188.547,61.832061068702295,0.8298938868078503,0.7899854156538647,0.832615753811406,-0.9076582278481012,-1.1796923076923074,-0.9121153846153847,79,26,26,0.7899854156538647,-1.1796923076923074
LOCKED,14,8,131,0.8195529091474391,-1.0544198473282445,-138.12900000000002,194.91499999999996,58.778625954198475,0.8989000546300079,0.6517709481808159,0.785187564234327,-0.5575316455696203,-2.3323846153846155,-1.2862307692307693,79,26,26,0.6517709481808159,-2.3323846153846155
LOCKED,14,10,131,0.9042937236224713,-0.600854961832061,-78.71199999999999,178.75,55.72519083969466,0.9103528356160768,0.8144581495773614,0.9856115107913667,-0.5589999999999998,-1.2427307692307694,-0.08615384615384596,79,26,26,0.8144581495773614,-1.2427307692307694
LOCKED,14,12,131,1.0154434843942868,0.10028244274809182,13.137000000000029,142.14,54.19847328244275,1.0309676171376914,0.9771912899669241,1.0083588415352014,0.198594936708861,-0.1527692307692304,0.054615384615384684,79,26,26,0.9771912899669241,-0.1527692307692304
LOCKED,14,15,131,1.1183735298397872,0.8196183206106871,107.37,117.08999999999996,51.14503816793893,1.1609807723591679,0.9024219093600052,1.2414822227454672,1.0897848101265826,-0.7594615384615385,1.5778076923076927,79,26,26,0.9024219093600052,-0.7594615384615385
LOCKED,14,18,131,1.2620040883179309,1.8707251908396951,245.06500000000005,111.64799999999994,49.61832061068702,1.3231877721302219,0.9217345930420487,1.4980751118436546,2.2455822784810127,-0.6518846153846158,3.254346153846154,79,26,26,0.9217345930420487,-0.6518846153846158
LOCKED,14,20,131,1.315560431257447,2.320954198473282,304.04499999999996,102.02299999999997,48.091603053435115,1.3241877068639853,1.0193758715909826,1.663821521073699,2.3680886075949363,0.16138461538461557,4.337307692307692,79,26,26,1.0193758715909826,0.16138461538461557
LOCKED,14,22,131,1.3978489123852236,2.968839694656489,388.918,91.38499999999996,47.32824427480916,1.3713293882398319,1.129452617774453,1.8322698375323756,2.7784556962025317,1.0782307692307695,5.4379230769230755,79,26,26,1.129452617774453,1.0782307692307695
LOCKED,14,25,131,1.5137116993188526,3.8883740458015272,509.37700000000007,77.10500000000002,46.56488549618321,1.5167581887757693,1.2808670194589906,1.778128228832454,3.866620253164557,2.339384615384616,5.503461538461538,79,26,26,1.2808670194589906,2.339384615384616
LOCKED,14,27,131,1.5381058637020988,4.132755725190839,541.391,97.121,45.038167938931295,1.4795668175221295,1.3791824822911183,1.918065147642613,3.6766202531645558,3.158269230769231,6.493192307692307,79,26,26,1.3791824822911183,3.158269230769231
LOCKED,14,30,131,1.4804842659273452,3.8524274809160306,504.668,94.121,41.98473282442748,1.5840236305367565,1.3901785509111384,1.2908670571139194,4.477443037974684,3.265269230769231,2.5404999999999998,79,26,26,1.2908670571139194,2.5404999999999998
LOCKED,14,32,131,1.5188540385325784,4.160068702290077,544.969,92.011,41.98473282442748,1.598980941357898,1.4845968242296117,1.33797613281078,4.592113924050633,4.055423076923077,2.9519615384615383,79,26,26,1.33797613281078,2.9519615384615383
LOCKED,14,35,131,1.3199971817589347,2.773618320610687,363.344,97.63400000000013,37.404580152671755,1.3394225183150876,1.3731442509011633,1.215544772095724,2.8473037974683546,3.3245,1.9988461538461533,79,26,26,1.215544772095724,1.9988461538461533
LOCKED,14,40,131,1.2720597691609923,2.4222748091603057,317.31800000000004,100.496,35.11450381679389,1.284505782171283,1.546616590040795,0.9896127312637187,2.447430379746836,4.870038461538461,-0.10192307692307742,79,26,26,0.9896127312637187,-0.10192307692307742
LOCKED,14,45,131,1.2802601028827596,2.5560534351145043,334.8430000000001,110.93999999999994,33.587786259541986,1.309511215396434,1.677920956636232,0.8628244643321326,2.7183037974683546,6.039884615384616,-1.4207692307692312,79,26,26,0.8628244643321326,-1.4207692307692312
LOCKED,14,50,131,1.3327929170593544,3.035167938931298,397.607,110.93999999999994,33.587786259541986,1.3648524191328337,1.6976796391029376,0.936314010917598,3.2043417721518983,6.215923076923077,-0.6596153846153843,79,26,26,0.936314010917598,-0.6596153846153843
LOCKED,14,60,131,1.366175479228272,3.37936641221374,442.69699999999995,110.93999999999988,32.82442748091603,1.4708304567591444,1.5260837380319041,0.9505365962345426,4.135101265822784,4.9747692307692315,-0.5123076923076926,79,26,26,0.9505365962345426,-0.5123076923076926
LOCKED,14,75,131,1.3118190685737043,2.9112213740458017,381.37,124.00999999999999,32.06106870229007,1.4956314266058481,1.538814456890451,0.6213747261316797,4.441215189873418,5.095153846153847,-3.9215384615384608,79,26,26,0.6213747261316797,-3.9215384615384608
LOCKED,14,100,131,1.3293490285344252,3.0748854961832057,402.80999999999995,124.00999999999999,32.06106870229007,1.5605419997542016,1.4391243868511605,0.6213747261316797,5.02286075949367,4.152461538461538,-3.9215384615384608,79,26,26,0.6213747261316797,-3.9215384615384608
LOCKED,15,3,131,0.63460222447583,-1.3532213740458015,-177.272,202.48200000000006,74.80916030534351,0.5571825747186895,0.8904609645616841,0.6955011577902747,-1.7903164556962026,-0.31623076923076915,-1.0621153846153848,79,26,26,0.5571825747186895,-1.7903164556962026
LOCKED,15,4,131,0.7398776360568264,-1.0531679389312978,-137.965,171.00500000000002,72.51908396946564,0.6462988657006764,0.9239849123585533,0.9175763590252508,-1.5650379746835439,-0.26353846153846155,-0.28750000000000003,79,26,26,0.6462988657006764,-1.5650379746835439
LOCKED,15,5,131,0.8470011323210798,-0.6549694656488548,-85.80099999999999,150.51500000000004,70.99236641221374,0.7558157068636995,1.1259263368094077,0.9236427155131717,-1.1274050632911394,0.4365769230769231,-0.3110384615384614,79,26,26,0.7558157068636995,-1.1274050632911394
LOCKED,15,6,131,0.913924739606957,-0.39837404580152674,-52.187000000000005,165.155,68.70229007633588,0.8617059652171623,1.1154101155521878,0.9020094269412057,-0.6648354430379746,0.4686538461538461,-0.455769230769231,79,26,26,0.8617059652171623,-0.6648354430379746
LOCKED,15,7,131,0.8274609295436247,-0.9505572519083967,-124.52299999999997,192.35100000000006,63.358778625954194,0.784611278453502,0.8810466455513966,0.9126195866501132,-1.2156075949367091,-0.635576923076923,-0.46019230769230757,79,26,26,0.784611278453502,-1.2156075949367091
LOCKED,15,8,131,0.8492724075404207,-0.8826412213740457,-115.62599999999998,173.03499999999997,61.06870229007634,0.8494693162172539,0.8411993769470407,0.8568571992369927,-0.8784303797468355,-0.9410769230769229,-0.8369999999999997,79,26,26,0.8411993769470407,-0.9410769230769229
LOCKED,15,10,131,0.9492726164592369,-0.3157709923664121,-41.365999999999985,159.60399999999998,58.01526717557252,0.8804371086901465,1.0518756490134997,1.0759060711701638,-0.770873417721519,0.3074230769230772,0.44384615384615395,79,26,26,0.8804371086901465,-0.770873417721519
LOCKED,15,12,131,1.0645152134087568,0.4164122137404581,54.55000000000001,120.93399999999998,56.48854961832062,0.996048719743243,1.2612409138110074,1.0979828814269468,-0.026227848101265924,1.5481538461538464,0.6296153846153849,79,26,26,0.996048719743243,-0.026227848101265924
LOCKED,15,15,131,1.1690344746222807,1.1702824427480918,153.30700000000002,94.84399999999997,53.43511450381679,1.119477850098264,1.1489174498129624,1.3558568264799182,0.8388101265822784,1.0610769230769233,2.286653846153847,79,26,26,1.119477850098264,0.8388101265822784
LOCKED,15,18,131,1.3180387579696662,2.2755648854961836,298.09900000000005,75.018,51.908396946564885,1.2750194418648744,1.1769406791068213,1.6341234213204043,1.983088607594936,1.3650769230769233,4.07473076923077,79,26,26,1.1769406791068213,1.3650769230769233
LOCKED,15,20,131,1.3717502846503709,2.746564885496183,359.79999999999995,70.988,50.38167938931297,1.2731636446033552,1.300403316266757,1.8115819716286585,2.075341772151899,2.317576923076923,5.215038461538461,79,26,26,1.2731636446033552,2.075341772151899
LOCKED,15,22,131,1.457805325473287,3.434801526717557,449.95899999999995,78.05799999999999,49.61832061068702,1.3176312247644688,1.439684525916435,1.9957263422517504,2.4735189873417713,3.392115384615385,6.398307692307692,79,26,26,1.3176312247644688,2.4735189873417713
LOCKED,15,25,131,1.5793556546321657,4.413190839694657,578.128,75.108,48.854961832061065,1.4573653617336695,1.6322194359554707,1.9332747542424071,3.5616835443037966,4.8775,6.536153846153845,79,26,26,1.4573653617336695,3.5616835443037966
LOCKED,15,27,131,1.606805654741942,4.696045801526719,615.1820000000001,92.241,47.32824427480916,1.4198568592375234,1.7589026208079286,2.0872260969850074,3.354215189873417,5.854846153846154,7.614346153846155,79,26,26,1.4198568592375234,3.354215189873417
LOCKED,15,30,131,1.5501676699855178,4.4572442748091605,583.899,89.24099999999999,44.274809160305345,1.5200981735847148,1.7988433342922616,1.4138469615435094,4.155037974683545,6.194538461538461,3.6381923076923077,79,26,26,1.4138469615435094,3.6381923076923077
LOCKED,15,32,131,1.5943498182907743,4.815190839694656,630.79,87.13099999999999,44.274809160305345,1.5344518615112337,1.9232592974694218,1.4696198101238136,4.269708860759493,7.159307692307693,4.1285,79,26,26,1.4696198101238136,4.1285
LOCKED,15,35,131,1.3925709023973039,3.452984732824427,452.34099999999995,84.06099999999999,39.69465648854962,1.2830552500003614,1.7926326374346155,1.3475619766869151,2.4787721518987342,6.609153846153846,3.2569230769230773,79,26,26,1.2830552500003614,2.4787721518987342
LOCKED,15,40,131,1.3664567962240362,3.283396946564886,430.12500000000006,110.15299999999998,37.404580152671755,1.2504168361704935,2.0221777355461867,1.1302128810416106,2.2129113924050636,8.523153846153845,1.2962692307692314,79,26,26,1.1302128810416106,1.2962692307692314
LOCKED,15,45,131,1.412007570977918,3.738732824427482,489.7740000000001,121.38000000000011,36.6412213740458,1.3206859604994015,2.208511305663441,1.0142418930762491,2.8338734177215197,10.076846153846155,0.15000000000000008,79,26,26,1.0142418930762491,0.15000000000000008
LOCKED,15,50,131,1.4782595162986332,4.339931297709924,568.5310000000001,121.38000000000011,36.6412213740458,1.3756868486039573,2.2754734909637717,1.1086145194274029,3.3199113924050634,10.635192307692307,1.1439615384615387,79,26,26,1.1086145194274029,1.1439615384615387
LOCKED,15,60,131,1.5342884457095107,4.910465648854962,643.2710000000001,122.35000000000014,35.87786259541985,1.481013184055372,2.134457656850026,1.1615907099035934,4.250670886075948,10.12376923076923,1.7019230769230775,79,26,26,1.1615907099035934,1.7019230769230775
LOCKED,15,75,131,1.4749902401737414,4.420977099236642,579.148,126.54000000000008,35.11450381679389,1.5028615561875633,2.085699139302046,0.88493280747882,4.541177215189874,9.688653846153846,-1.211923076923076,79,26,26,0.88493280747882,-1.211923076923076
LOCKED,15,100,131,1.4370827469236043,4.068152671755726,532.9280000000001,126.54000000000008,35.11450381679389,1.5672693479184159,1.7074575146215212,0.8688285130002923,5.122822784810126,6.313269230769231,-1.3815384615384605,79,26,26,0.8688285130002923,-1.3815384615384605
LOCKED,16,3,131,0.6472643687639151,-1.3061450381679391,-171.10500000000002,196.315,76.33587786259542,0.5979805461881834,0.8294922868808718,0.6522953142289833,-1.5663797468354432,-0.528423076923077,-1.2931538461538457,79,26,26,0.5979805461881834,-1.5663797468354432
LOCKED,16,4,131,0.7525715571894812,-1.0069770992366414,-131.91400000000002,164.954,74.04580152671755,0.6906339557354957,0.8623999502987254,0.8605747851536241,-1.3309240506329114,-0.5111153846153846,-0.5185384615384615,79,26,26,0.6906339557354957,-1.3309240506329114
LOCKED,16,5,131,0.8601273660003541,-0.603587786259542,-79.07000000000001,151.409,72.51908396946564,0.8059981571791355,1.0508816799030825,0.8676328416720623,-0.8741772151898737,0.18899999999999986,-0.5739999999999998,79,26,26,0.8059981571791355,-0.8741772151898737
LOCKED,16,6,131,0.9211967616578208,-0.36980916030534355,-48.44500000000001,162.764,70.22900763358778,0.9091417935430308,1.045991100215833,0.8470456680929049,-0.42944303797468375,0.19915384615384607,-0.7575769230769231,79,26,26,0.8470456680929049,-0.7575769230769231
LOCKED,16,7,131,0.8326954240611304,-0.9386335877862594,-122.96099999999998,189.73,64.8854961832061,0.8226346816349275,0.8330327305396557,0.8631550591599495,-0.9951518987341771,-0.9435384615384615,-0.7620000000000002,79,26,26,0.8226346816349275,-0.9951518987341771
LOCKED,16,8,131,0.8518113491648269,-0.8864961832061069,-116.131,169.803,62.59541984732825,0.88724519333313,0.7950827214339609,0.808179319672182,-0.6557848101265825,-1.284807692307692,-1.1891923076923074,79,26,26,0.7950827214339609,-1.284807692307692
LOCKED,16,10,131,0.9523250352278064,-0.30372519083969474,-39.78800000000001,159.43200000000002,59.541984732824424,0.9192203995579625,0.9942091929062612,1.014784070675675,-0.521860759493671,-0.03630769230769248,0.09165384615384653,79,26,26,0.9192203995579625,-0.521860759493671
LOCKED,16,12,131,1.0657935398764802,0.43555725190839695,57.058,122.54200000000003,58.01526717557252,1.0381434329849517,1.1920965298097743,1.0318545143635005,0.25417721518987335,1.204423076923077,0.21780769230769273,79,26,26,1.0318545143635005,0.21780769230769273
LOCKED,16,15,131,1.1709517888855248,1.2154045801526716,159.218,99.22200000000004,54.961832061068705,1.165895325583519,1.0913225386342893,1.2741974496138417,1.1729240506329115,0.6850384615384614,1.8748461538461536,79,26,26,1.0913225386342893,0.6850384615384614
LOCKED,16,18,131,1.318191761450522,2.342870229007634,306.91600000000005,82.055,53.43511450381679,1.3250723466381624,1.1165770393177914,1.5357048437086909,2.367493670886075,0.9479999999999998,3.662923076923078,79,26,26,1.1165770393177914,0.9479999999999998
LOCKED,16,20,131,1.3719251328852171,2.830358778625954,370.77699999999993,77.041,51.908396946564885,1.3233147662105793,1.2337074506576613,1.7024755733306332,2.487088607594936,1.9004999999999999,4.803230769230769,79,26,26,1.2337074506576613,1.9004999999999999
LOCKED,16,22,131,1.428783416302235,3.332900763358779,436.61,84.11099999999999,50.38167938931297,1.3236811356898155,1.3658451220492736,1.8755294554413673,2.577341772151898,2.9750384615384613,5.986500000000001,79,26,26,1.3236811356898155,2.577341772151898
LOCKED,16,25,131,1.5479781450352081,4.326404580152672,566.759,81.161,49.61832061068702,1.4650780150863612,1.5485051860890788,1.8164883873331366,3.7032278481012666,4.460423076923077,6.085884615384615,79,26,26,1.4650780150863612,3.7032278481012666
LOCKED,16,27,131,1.5754276516686552,4.617503816793893,604.893,99.284,48.091603053435115,1.4291864428819558,1.668690967738884,1.9611397493253246,3.5094303797468354,5.437769230769231,7.164076923076923,79,26,26,1.4291864428819558,3.5094303797468354
LOCKED,16,30,131,1.4733443782743028,4.034809160305343,528.56,96.284,44.274809160305345,1.4491960030513362,1.7070291539974962,1.3343532064066195,3.764177215189874,5.777461538461538,3.1144615384615397,79,26,26,1.3343532064066195,3.1144615384615397
LOCKED,16,32,131,1.5153369453275425,4.39275572519084,575.451,94.17399999999999,44.274809160305345,1.4628801897266637,1.8250948422747086,1.3869902183023863,3.8788481012658234,6.742230769230769,3.604769230769231,79,26,26,1.3869902183023863,3.604769230769231
LOCKED,16,35,131,1.3697196598930965,3.3787099236641223,442.611,92.457,40.458015267175576,1.2219101974290993,1.9947566107183539,1.2712917752471375,2.0405569620253163,8.128615384615383,2.6947307692307687,79,26,26,1.2219101974290993,2.0405569620253163
LOCKED,16,40,131,1.347659452369241,3.237213740458015,424.075,120.39900000000003,38.16793893129771,1.1913392972902892,2.2517674081465513,1.065278743804783,1.7746962025316448,10.22876923076923,0.689461538461538,79,26,26,1.065278743804783,0.689461538461538
LOCKED,16,45,131,1.3944875902015985,3.7223969465648854,487.634,131.00999999999988,37.404580152671755,1.2582884671811774,2.466473373560892,0.9546724779755746,2.395658227848101,11.98323076923077,-0.5071923076923078,79,26,26,0.9546724779755746,-0.5071923076923078
LOCKED,16,50,131,1.462110474711193,4.360488549618321,571.224,131.00999999999988,37.404580152671755,1.3106907681494675,2.557550198156812,1.0435023218883086,2.8816962025316455,12.727461538461538,0.486769230769231,79,26,26,1.0435023218883086,0.486769230769231
LOCKED,16,60,131,1.5186570024852577,4.9576641221374045,649.454,133.8699999999999,36.6412213740458,1.4110408264925243,2.4051469880361624,1.093367064590086,3.812455696202533,12.350269230769232,1.0447307692307688,79,26,26,1.093367064590086,1.0447307692307688
LOCKED,16,75,131,1.4604133216993498,4.458969465648855,584.125,140.9169999999998,35.87786259541985,1.4310028188263433,2.35564190756251,0.832958096017214,4.087696202531646,11.915153846153848,-1.8691153846153843,79,26,26,0.832958096017214,-1.8691153846153843
LOCKED,16,100,131,1.4239822431991245,4.106145038167939,537.905,140.9169999999998,35.87786259541985,1.4923309771931323,1.9716088604160649,0.8177996542087878,4.669341772151899,8.539769230769231,-2.038730769230769,79,26,26,0.8177996542087878,-2.038730769230769
LOCKED,18,3,131,0.6270724995348196,-1.4534351145038171,-190.40000000000003,215.60999999999999,77.86259541984732,0.6103858185610009,0.740259164913058,0.5808545906621236,-1.5371265822784812,-0.9019999999999998,-1.750576923076923,79,26,26,0.5808545906621236,-1.750576923076923
LOCKED,18,4,131,0.7244613165556116,-1.188465648854962,-155.68900000000002,188.72899999999996,75.57251908396947,0.6975941858293954,0.7688359641835133,0.7663228658255824,-1.3325569620253168,-0.9631538461538462,-0.9759615384615384,79,26,26,0.6975941858293954,-1.3325569620253168
LOCKED,18,5,131,0.8248050945260412,-0.805381679389313,-105.50500000000001,176.932,74.04580152671755,0.8117700045038283,0.9368688267331302,0.7670587312789149,-0.8728987341772156,-0.2630384615384616,-1.142576923076923,79,26,26,0.7670587312789149,-1.142576923076923
LOCKED,18,6,131,0.8486490974215433,-0.7792977099236641,-102.088,175.67200000000003,70.99236641221374,0.8586197643621328,0.9313167259786477,0.7492787470806431,-0.7202911392405064,-0.3340384615384615,-1.4038461538461537,79,26,26,0.7492787470806431,-1.4038461538461537
LOCKED,18,7,131,0.8039342073162901,-1.1656335877862596,-152.698,203.73499999999996,66.41221374045801,0.7903636282457696,0.7514104870247472,0.9065462288775932,-1.2481139240506332,-1.5573846153846156,-0.5232692307692307,79,26,26,0.7514104870247472,-1.5573846153846156
LOCKED,18,8,131,0.8204004142630331,-1.1424274809160304,-149.658,192.456,64.12213740458014,0.8508771211593963,0.7164961276306409,0.8442450872696203,-0.9221645569620253,-1.9724999999999997,-0.9816153846153843,79,26,26,0.7164961276306409,-1.9724999999999997
LOCKED,18,10,131,0.9153941626745891,-0.5750000000000003,-75.32500000000003,170.51700000000002,61.06870229007634,0.8785973003292102,0.8959407839820451,1.0593799585011594,-0.8383670886075952,-0.724,0.37423076923076953,79,26,26,0.8785973003292102,-0.8383670886075952
LOCKED,18,12,131,1.0238240961124334,0.16848091603053433,22.070999999999998,131.647,59.541984732824424,0.991157758782808,1.0742687827879953,1.0748927746618278,-0.06308860759493669,0.5167307692307694,0.5238461538461539,79,26,26,0.991157758782808,-0.06308860759493669
LOCKED,18,15,131,1.1218961354107853,0.9294961832061068,121.764,107.50699999999998,56.48854961832062,1.1105958675316538,0.9802923674950719,1.3282360057186846,0.8398734177215191,-0.1645769230769232,2.2958846153846157,79,26,26,0.9802923674950719,-0.1645769230769232
LOCKED,18,18,131,1.263794902513961,2.0842213740458018,273.033,90.60099999999998,54.961832061068705,1.2632094186787832,1.0039335924543062,1.6017980864401187,2.0590506329113927,0.035576923076922284,4.209346153846154,79,26,26,1.0039335924543062,0.035576923076922284
LOCKED,18,20,131,1.314407610369969,2.5708702290076335,336.784,86.32599999999996,53.43511450381679,1.2602483199726062,1.1092475569201459,1.774502364456175,2.1549746835443035,0.9880769230769229,5.417346153846154,79,26,26,1.1092475569201459,0.9880769230769229
LOCKED,18,22,131,1.3711413977742868,3.1000534351145035,406.10699999999997,89.12800000000001,51.908396946564885,1.2639748847085854,1.2280548066373524,1.955218299791048,2.262822784810126,2.0626153846153845,6.681384615384615,79,26,26,1.2280548066373524,2.0626153846153845
LOCKED,18,25,131,1.4856068636097606,4.123213740458015,540.141,86.178,51.14503816793893,1.3998585345180206,1.3922876072701293,1.8857714428607149,3.4276329113924047,3.5479999999999996,6.811923076923076,79,26,26,1.3922876072701293,3.4276329113924047
LOCKED,18,27,131,1.5121962218504514,4.421793893129772,579.2550000000001,106.328,49.61832061068702,1.365630479146906,1.5003487076554085,2.0361740435108775,3.2204177215189884,4.5253461538461535,7.968576923076923,79,26,26,1.365630479146906,3.2204177215189884
LOCKED,18,30,131,1.4136839889339934,3.81024427480916,499.14199999999994,103.328,45.80152671755725,1.3822659052853994,1.5355680600895076,1.3889552943026773,3.4649113924050634,4.865038461538462,3.8047307692307695,79,26,26,1.3822659052853994,3.4649113924050634
LOCKED,18,32,131,1.4563509362842684,4.203229007633587,550.6229999999999,103.00999999999993,45.80152671755725,1.3986456574594281,1.6417747405591474,1.4466283961781938,3.613379746835443,5.829807692307692,4.368884615384615,79,26,26,1.3986456574594281,3.613379746835443
LOCKED,18,35,131,1.3153687118697257,3.129969465648854,410.0259999999999,120.08000000000004,41.98473282442748,1.1672596334440852,1.7943949767339455,1.329881819179686,1.673987341772152,7.216192307692307,3.467692307692307,79,26,26,1.1672596334440852,1.673987341772152
LOCKED,18,40,131,1.301503478421706,3.0486259541984726,399.3699999999999,139.25599999999997,39.69465648854962,1.1455943504894888,2.025590542846376,1.1410588073835175,1.468759493670886,9.316346153846153,1.5812692307692302,79,26,26,1.1410588073835175,1.468759493670886
LOCKED,18,45,131,1.3507519426892702,3.59548854961832,471.00899999999996,139.256,38.93129770992366,1.2134727976771558,2.218730549874884,1.042102544233501,2.1535189873417724,11.070807692307692,0.5015384615384619,79,26,26,1.042102544233501,0.5015384615384619
LOCKED,18,50,131,1.4206813095978343,4.312320610687023,564.9140000000001,139.25599999999997,38.93129770992366,1.2682814817417318,2.3006592401590304,1.1417893581299237,2.706430379746836,11.815038461538462,1.6890384615384617,79,26,26,1.1417893581299237,1.6890384615384617
LOCKED,18,60,131,1.4858399614364908,5.047068702290077,661.166,139.25599999999997,38.16793893129771,1.3730767396863557,2.1622081999071585,1.2208769210900168,3.7636075949367096,11.362730769230769,2.6311538461538455,79,26,26,1.2208769210900168,2.6311538461538455
LOCKED,18,75,131,1.4478094797446408,4.713687022900765,617.4930000000002,143.8599999999998,37.404580152671755,1.3992694487491426,2.1177035224510026,1.0257329200568257,4.119050632911393,10.927615384615384,0.3065384615384619,79,26,26,1.0257329200568257,0.3065384615384619
LOCKED,18,100,131,1.4321595394653348,4.548954198473282,595.913,143.8599999999998,37.404580152671755,1.4556497476690213,1.7724608376147726,1.0910499806276637,4.700696202531645,7.552230769230769,1.0846153846153852,79,26,26,1.0910499806276637,1.0846153846153852
LOCKED,20,3,131,0.572953577436558,-1.8215648854961832,-238.625,263.83500000000004,77.86259541984732,0.5670740431620365,0.6548251200156756,0.520292006928978,-1.838455696202532,-1.3550769230769228,-2.2367307692307685,79,26,26,0.520292006928978,-2.2367307692307685
LOCKED,20,4,131,0.6897618094475582,-1.4198015267175574,-185.99400000000003,226.286,76.33587786259542,0.6943139018494575,0.6798465431393356,0.6864225026808545,-1.376670886075949,-1.5085384615384614,-1.4621153846153847,79,26,26,0.6798465431393356,-1.5085384615384614
LOCKED,20,5,131,0.7806546271531638,-1.0761603053435114,-140.97699999999998,229.08500000000004,74.80916030534351,0.7980272688650991,0.8284303322177782,0.692601246105919,-0.9688734177215194,-0.808423076923077,-1.6698846153846152,79,26,26,0.692601246105919,-1.6698846153846152
LOCKED,20,6,131,0.7990418526392568,-1.1104809160305344,-145.473,231.90800000000002,71.7557251908397,0.8373779644021654,0.8262471058724479,0.6753761377004521,-0.8642784810126585,-0.9524999999999999,-2.016538461538462,79,26,26,0.6753761377004521,-2.016538461538462
LOCKED,20,7,131,0.7837477873614577,-1.3485190839694656,-176.656,223.44399999999996,67.93893129770993,0.7690271020978339,0.7951559430255403,0.8171320661259365,-1.4399493670886079,-1.283269230769231,-1.1359615384615382,79,26,26,0.7690271020978339,-1.4399493670886079
LOCKED,20,8,131,0.7693597094694927,-1.5828702290076335,-207.356,258.042,64.8854961832061,0.8254902419163168,0.6350198670305282,0.7616892412729874,-1.1339113924050637,-2.865192307692308,-1.6646923076923075,79,26,26,0.6350198670305282,-2.865192307692308
LOCKED,20,10,131,0.8568206152890704,-1.0524198473282445,-137.86700000000002,219.00799999999998,61.832061068702295,0.8478732435850789,0.7940589984664905,0.955786807620306,-1.1114303797468357,-1.6166923076923079,-0.3088461538461533,79,26,26,0.7940589984664905,-1.6166923076923079
LOCKED,20,12,131,0.9577581333862382,-0.3234427480916032,-42.37100000000002,180.13799999999998,60.30534351145038,0.9558375889493512,0.952108452919302,0.9691621219633119,-0.33387341772151946,-0.3759615384615383,-0.23923076923076897,79,26,26,0.952108452919302,-0.3759615384615383
LOCKED,20,15,131,1.0256203754970554,0.21370229007633587,27.994999999999997,157.965,56.48854961832062,1.030193860416789,0.8714905151270722,1.1975855230540406,0.2471898734177215,-1.207153846153846,1.5328076923076925,79,26,26,0.8714905151270722,-1.207153846153846
LOCKED,20,18,131,1.1545661328632875,1.3367480916030536,175.11400000000003,119.03799999999998,54.961832061068705,1.1706880728441864,0.892916173394707,1.444238968765493,1.4407974683544305,-1.0889230769230769,3.4462692307692318,79,26,26,0.892916173394707,-1.0889230769230769
LOCKED,20,20,131,1.2001800328866894,1.7926335877862598,234.83500000000004,103.77299999999995,53.43511450381679,1.166006155343211,0.9865842634582871,1.5999553792761527,1.4857088607594935,-0.1364230769230768,4.6542692307692315,79,26,26,0.9865842634582871,-0.1364230769230768
LOCKED,20,22,131,1.2520251386741197,2.305381679389313,302.005,99.255,51.908396946564885,1.1689897326220735,1.092253518463185,1.762895389191869,1.5663037974683538,0.9381153846153848,5.918307692307692,79,26,26,1.092253518463185,0.9381153846153848
LOCKED,20,25,131,1.3663625696952058,3.3822061068702287,443.06899999999996,93.18799999999999,51.14503816793893,1.2946620014148715,1.2383250564504844,1.772231622485429,2.7311139240506326,2.4235,6.31923076923077,79,26,26,1.2383250564504844,2.4235
LOCKED,20,27,131,1.3904606496105083,3.6659694656488555,480.2420000000001,105.09700000000004,49.61832061068702,1.2622883528652236,1.3344364974602008,1.9135786802030454,2.499329113924051,3.400846153846154,7.475884615384615,79,26,26,1.2622883528652236,2.499329113924051
LOCKED,20,30,131,1.2989538887056993,2.996725190839695,392.571,114.31799999999998,45.80152671755725,1.2804045881611779,1.366418253471882,1.2859685909617105,2.7438227848101264,3.7405384615384616,3.021346153846154,79,26,26,1.2804045881611779,2.7438227848101264
LOCKED,20,32,131,1.338158122193293,3.389709923664122,444.05199999999996,112.39800000000005,45.80152671755725,1.2955772910082752,1.4609257849882074,1.3393654121981233,2.8922911392405064,4.705307692307692,3.5855,79,26,26,1.2955772910082752,2.8922911392405064
LOCKED,20,35,131,1.2041910032847833,2.2136564885496184,289.98900000000003,137.178,41.98473282442748,1.073068242992632,1.5967342079286257,1.2333224751279233,0.7954810126582276,6.091692307692307,2.6446923076923077,79,26,26,1.073068242992632,0.7954810126582276
LOCKED,20,40,131,1.1918330127855032,2.1181908396946567,277.483,160.24900000000002,39.69465648854962,1.0538231396793003,1.8024625308004731,1.056766907736696,0.5902531645569622,8.191846153846154,0.6871153846153846,79,26,26,1.0538231396793003,0.5902531645569622
LOCKED,20,45,131,1.236434330462191,2.6477251908396946,346.852,160.249,38.93129770992366,1.1162639838588293,1.9743272875238305,0.9627786826075804,1.2750126582278478,9.946307692307691,-0.47992307692307684,79,26,26,0.9627786826075804,-0.47992307692307684
LOCKED,20,50,131,1.3004453951296921,3.364557251908397,440.757,160.249,38.93129770992366,1.1666820567988216,2.0472311599062607,1.0548774303629065,1.8279240506329115,10.690538461538463,0.7075769230769231,79,26,26,1.0548774303629065,0.7075769230769231
LOCKED,20,60,131,1.3597929817978118,4.084114503816794,535.019,160.24900000000002,38.16793893129771,1.2630823818384125,1.925651221862135,1.127944922711626,2.885101265822785,10.161692307692308,1.649692307692307,79,26,26,1.127944922711626,1.649692307692307
LOCKED,20,75,131,1.3246220032962743,3.7347786259542,489.2560000000002,163.22799999999972,37.404580152671755,1.286424145481126,1.8860155907856702,0.9476550987656533,3.2140886075949378,9.726576923076923,-0.6749230769230766,79,26,26,0.9476550987656533,-0.6749230769230766
LOCKED,20,100,131,1.3103036447454675,3.570045801526718,467.67600000000004,163.22799999999995,37.404580152671755,1.3382576060950282,1.5785442760795303,1.0080002863637179,3.7957341772151905,6.351192307692307,0.10315384615384665,79,26,26,1.0080002863637179,0.10315384615384665
LOCKED,22,3,131,0.5727357648984628,-1.8609770992366412,-243.788,268.998,79.38931297709924,0.6073070065580444,0.5871222768798314,0.47583303786295705,-1.611443037974684,-1.8077692307692308,-2.6723846153846154,79,26,26,0.47583303786295705,-2.6723846153846154
LOCKED,22,4,131,0.6856870579702369,-1.4753969465648853,-193.277,241.976,77.86259541984732,0.7367954441755562,0.6120517342739564,0.6277676773010854,-1.1537088607594939,-2.0304615384615383,-1.8977692307692307,79,26,26,0.6120517342739564,-2.0304615384615383
LOCKED,22,5,131,0.7757026901740023,-1.130229007633588,-148.06,245.735,76.33587786259542,0.8464363721990207,0.7458186360964139,0.6329250697153801,-0.7181898734177217,-1.3303461538461538,-2.1820769230769232,79,26,26,0.6329250697153801,-2.1820769230769232
LOCKED,22,6,131,0.7884195290259521,-1.2095877862595423,-158.45600000000005,251.358,73.2824427480916,0.8789998767130243,0.7436537004294013,0.616664876446545,-0.6335949367088609,-1.5613461538461537,-2.607961538461538,79,26,26,0.616664876446545,-2.607961538461538
LOCKED,22,7,131,0.7827436063063709,-1.3864274809160306,-181.622,232.684,69.46564885496184,0.8206582930003363,0.7180517824471918,0.7460977912452582,-1.0867721518987346,-1.9559615384615385,-1.7273846153846155,79,26,26,0.7180517824471918,-1.9559615384615385
LOCKED,22,8,131,0.7651576569272843,-1.6584351145038168,-217.255,282.54499999999996,66.41221374045801,0.8780836874704331,0.5760789368416375,0.6946875768942988,-0.7731392405063295,-3.668384615384616,-2.338423076923077,79,26,26,0.5760789368416375,-3.668384615384616
LOCKED,22,10,131,0.820079906445243,-1.3987633587786261,-183.23800000000003,264.50300000000004,62.59541984732825,0.8405321092890293,0.7203564602871239,0.8717114348413404,-1.1996708860759502,-2.4198846153846154,-0.9825769230769232,79,26,26,0.7203564602871239,-2.4198846153846154
LOCKED,22,12,131,0.9303047779177319,-0.5562748091603055,-72.87200000000001,218.52599999999998,61.06870229007634,0.9457639163816436,0.8637361660518245,0.956982772547695,-0.42312658227848127,-1.1791538461538456,-0.3379615384615387,79,26,26,0.8637361660518245,-1.1791538461538456
LOCKED,22,15,131,0.9930323368120645,-0.06083206106870257,-7.969000000000037,198.58300000000003,57.25190839694656,1.017159039846175,0.7895019918840922,1.1825356029118752,0.14549367088607545,-2.182653846153846,1.4340769230769228,79,26,26,0.7895019918840922,-2.182653846153846
LOCKED,22,18,131,1.116037158685157,1.0525801526717558,137.888,156.89899999999997,55.72519083969466,1.15386004292949,0.8091991609081933,1.426089383013409,1.3483164556962024,-2.1409615384615384,3.3475384615384622,79,26,26,0.8091991609081933,-2.1409615384615384
LOCKED,22,20,131,1.1581839075053382,1.4889923664122138,195.058,131.12599999999998,54.19847328244275,1.1458612016312624,0.894085225403093,1.5798489232230366,1.3609367088607596,-1.1884615384615382,4.555538461538462,79,26,26,0.894085225403093,-1.1884615384615382
LOCKED,22,22,131,1.2080532066749559,2.0015877862595417,262.20799999999997,116.62499999999996,52.67175572519084,1.1489777333497322,0.9898472633541734,1.7407412846911152,1.4412784810126584,-0.11392307692307664,5.819576923076924,79,26,26,0.9898472633541734,-0.11392307692307664
LOCKED,22,25,131,1.3207000730717593,3.112389312977099,407.723,108.32099999999991,51.908396946564885,1.2752020850942454,1.1222235932872655,1.7511041346417306,2.6624303797468354,1.3714615384615387,6.2205,79,26,26,1.1222235932872655,1.3714615384615387
LOCKED,22,27,131,1.3490641642709706,3.4312900763358782,449.499,122.32099999999997,50.38167938931297,1.2518705446067726,1.209323927827136,1.8907661370845272,2.4889113924050634,2.3488076923076924,7.377153846153847,79,26,26,1.209323927827136,2.3488076923076924
LOCKED,22,30,131,1.2133887344042216,2.289854961832061,299.971,129.45100000000002,45.80152671755725,1.1924292767081173,1.2387565708352262,1.24863208347472,2.021886075949366,2.6885,2.7054230769230765,79,26,26,1.1924292767081173,2.021886075949366
LOCKED,22,32,131,1.2500104926270623,2.6828396946564883,351.45199999999994,127.53099999999995,45.80152671755725,1.2065594784029223,1.324434455598403,1.300478594050447,2.1703544303797466,3.6532692307692303,3.269576923076923,79,26,26,1.2065594784029223,2.1703544303797466
LOCKED,22,35,131,1.1287815284126987,1.4894045801526714,195.11199999999997,155.362,41.98473282442748,1.0006646506680663,1.4475545733696302,1.2115585896094025,0.0077594936708858,5.039653846153846,2.441076923076923,79,26,26,1.0006646506680663,0.0077594936708858
LOCKED,22,40,131,1.1169200627923956,1.3776030534351142,180.46599999999998,181.42100000000002,39.69465648854962,0.9832002636266324,1.6340621168080172,1.032380130501456,-0.1974683544303794,7.139807692307692,0.4011923076923073,79,26,26,0.9832002636266324,-0.1974683544303794
LOCKED,22,45,131,1.1585528883279501,1.894923664122137,248.23499999999996,181.42100000000002,38.93129770992366,1.0414565802198181,1.7898698983164316,0.9375145234001022,0.48729113924050627,8.89426923076923,-0.8273846153846157,79,26,26,0.9375145234001022,-0.8273846153846157
LOCKED,22,50,131,1.21853197660493,2.611755725190839,342.13999999999993,181.421,38.93129770992366,1.0884958420652477,1.855962509948048,1.0271965190314636,1.0402025316455696,9.6385,0.36011538461538434,79,26,26,1.0271965190314636,0.36011538461538434
LOCKED,22,60,131,1.273567483951588,3.315587786259542,434.34200000000004,181.421,38.16793893129771,1.178435815314898,1.7457517834568885,1.0983466561323605,2.0973797468354434,9.030423076923078,1.302230769230769,79,26,26,1.0983466561323605,1.302230769230769
LOCKED,22,75,131,1.2397687401804622,2.9473435114503816,386.102,183.01200000000006,37.404580152671755,1.198912952060555,1.7098190180346715,0.9227877956964262,2.3950126582278477,8.595307692307692,-1.0223846153846152,79,26,26,0.9227877956964262,-1.0223846153846152
LOCKED,22,100,131,1.2263675938173395,2.7826106870229013,364.52200000000005,183.01200000000006,37.404580152671755,1.2472203532380153,1.431072488073231,0.9815494725101084,2.9766582278481004,5.219923076923077,-0.24430769230769192,79,26,26,0.9815494725101084,-0.24430769230769192
LOCKED,25,3,131,0.5342954442772914,-2.195320610687023,-287.587,312.79700000000014,80.1526717557252,0.5860151578626653,0.5322768177112368,0.4187690877705484,-1.7887341772151906,-2.2589230769230766,-3.3671153846153845,79,26,26,0.4187690877705484,-3.3671153846153845
LOCKED,25,4,131,0.6373515641259445,-1.8489007633587784,-242.20599999999996,283.49199999999996,78.62595419847328,0.7072487181096517,0.5522710695577216,0.5524830699774266,-1.3579620253164557,-2.5969999999999995,-2.5925000000000002,79,26,26,0.5522710695577216,-2.5969999999999995
LOCKED,25,5,131,0.7208497934278447,-1.5303206106870229,-200.47199999999998,293.394,77.09923664122137,0.8127755609508274,0.6729726145481069,0.5569517194260988,-0.9283037974683546,-1.8968846153846153,-2.9929615384615382,79,26,26,0.5569517194260988,-2.9929615384615382
LOCKED,25,6,131,0.7453019836554886,-1.5561679389312977,-203.858,288.5570000000001,74.04580152671755,0.8349229077128423,0.7511481056257175,0.5431459443310263,-0.925227848101266,-1.500576923076923,-3.5288461538461537,79,26,26,0.5431459443310263,-3.5288461538461537
LOCKED,25,7,131,0.7671549137391921,-1.5490152671755724,-202.921,275.21,70.99236641221374,0.8330959339211016,0.7115153246496398,0.6571478364786136,-1.0323291139240507,-2.0196923076923077,-2.648269230769231,79,26,26,0.6571478364786136,-2.648269230769231
LOCKED,25,8,131,0.7446931482195654,-1.8950687022900765,-248.25400000000002,335.64099999999996,67.93893129770993,0.8874438746527428,0.5580061736633417,0.6119255097978502,-0.7323670886075949,-3.948653846153846,-3.3743076923076925,79,26,26,0.5580061736633417,-3.948653846153846
LOCKED,25,10,131,0.8539542576398983,-1.143213740458015,-149.76099999999997,255.73899999999998,65.64885496183206,0.9522528972371324,0.6977574189437611,0.7678595125403637,-0.34274683544303797,-2.700153846153846,-2.0184615384615388,79,26,26,0.6977574189437611,-2.700153846153846
LOCKED,25,12,131,0.9671118630516681,-0.26502290076335866,-34.71799999999998,191.863,64.12213740458014,1.0657708532462402,0.836639012902698,0.8455017301038062,0.49299999999999966,-1.4594230769230767,-1.3738461538461537,79,26,26,0.836639012902698,-1.4594230769230767
LOCKED,25,15,131,1.0339216262467374,0.29960305343511456,39.248000000000005,157.347,60.30534351145038,1.1533887119116806,0.7531377051848654,1.0447794117647058,1.248873417721519,-2.683307692307692,0.39819230769230735,79,26,26,0.7531377051848654,-2.683307692307692
LOCKED,25,18,131,1.1610718406967775,1.4842671755725194,194.43900000000005,162.258,58.778625954198475,1.3080260822986898,0.767459551186401,1.2599610726643597,2.6059240506329115,-2.751230769230769,2.3116538461538463,79,26,26,0.767459551186401,-2.751230769230769
LOCKED,25,20,131,1.200523030938839,1.9245419847328247,252.11500000000004,146.993,57.25190839694656,1.2886262032413054,0.847967075299648,1.3958088235294117,2.624949367088608,-1.7987307692307686,3.5196538461538465,79,26,26,0.847967075299648,-1.7987307692307686
LOCKED,25,22,131,1.2425727228726964,2.3834732824427483,312.235,131.98500000000004,55.72519083969466,1.276184240415837,0.9387895751452321,1.5379584775086506,2.6163037974683543,-0.7241923076923074,4.7836923076923075,79,26,26,0.9387895751452321,-0.7241923076923074
LOCKED,25,25,131,1.3598230220737135,3.5659312977099242,467.13700000000006,125.91799999999995,54.961832061068705,1.4176356615043364,1.0643377512507681,1.5564269792784609,3.9562784810126574,0.7611923076923085,5.184615384615385,79,26,26,1.0643377512507681,0.7611923076923085
LOCKED,25,27,131,1.3914555907665673,3.928343511450381,514.6129999999999,121.88499999999999,53.43511450381679,1.3982226708842056,1.1469453303035326,1.6805622058944933,3.8549113924050626,1.738538461538462,6.34126923076923,79,26,26,1.1469453303035326,1.738538461538462
LOCKED,25,30,131,1.2523040372804253,2.7790076335877867,364.05000000000007,147.04799999999994,48.854961832061065,1.3362339466058542,1.1750724149327043,1.11166252320861,3.4751012658227856,2.0782307692307698,1.3647307692307689,79,26,26,1.11166252320861,1.3647307692307689
LOCKED,25,32,131,1.291845184219025,3.214534351145038,421.104,145.12800000000001,48.854961832061065,1.3574245493537007,1.2563456217316078,1.1578216949365896,3.6941139240506335,3.043,1.9288846153846158,79,26,26,1.1578216949365896,1.9288846153846158
LOCKED,25,35,131,1.1700269949180386,2.0265725190839694,265.481,187.36,45.038167938931295,1.1325918638816352,1.373136165993818,1.0854386907961535,1.540594936708861,4.429384615384615,1.1003846153846153,79,26,26,1.0854386907961535,1.1003846153846153
LOCKED,25,40,131,1.1460841255731498,1.776374045801527,232.705,177.86,42.74809160305343,1.0978939714608464,1.5500554047136126,0.9235316986476355,1.1452405063291144,6.529538461538461,-1.0591153846153847,79,26,26,0.9235316986476355,-1.0591153846153847
LOCKED,25,45,131,1.1809562776347327,2.2349923664122135,292.784,192.8400000000001,41.98473282442748,1.1512436648185898,1.6978531483485506,0.8380329230929011,1.7693670886075954,8.284,-2.3992307692307695,79,26,26,0.8380329230929011,-2.3992307692307695
LOCKED,25,50,131,1.2344766505437021,2.8960229007633584,379.37899999999996,183.12,41.98473282442748,1.1905964484031666,1.760547955857671,0.9181985771407799,2.2297468354430374,9.02823076923077,-1.2117307692307695,79,26,26,0.9181985771407799,-1.2117307692307695
LOCKED,25,60,131,1.285049131922574,3.5755801526717557,468.401,199.06999999999982,41.221374045801525,1.2809628610133692,1.6461626008955175,0.9817988264007892,3.2869240506329116,8.297846153846153,-0.26961538461538415,79,26,26,0.9817988264007892,-0.26961538461538415
LOCKED,25,75,131,1.250372533575975,3.188534351145038,417.698,217.90999999999985,40.458015267175576,1.2957153888047905,1.6122796771343422,0.8248688788492496,3.5533797468354438,7.86273076923077,-2.5942307692307685,79,26,26,0.8248688788492496,-2.5942307692307685
LOCKED,25,100,131,1.237437256714296,3.0238015267175578,396.11800000000005,217.91000000000008,40.458015267175576,1.3441204448419384,1.3494346855953394,0.8773952329023211,4.135025316455697,4.487346153846153,-1.8161538461538451,79,26,26,0.8773952329023211,-1.8161538461538451
LOCKED,30,3,131,0.7001706888054589,-1.1424503816793896,-149.66100000000003,199.66299999999995,84.7328244274809,0.9337746314853972,0.5812083888149133,0.4407379613088321,-0.19148101265822778,-1.9354615384615388,-3.2389230769230766,79,26,26,0.4407379613088321,-3.2389230769230766
LOCKED,30,4,131,0.8050730281680075,-0.8329541984732823,-109.11699999999999,217.42900000000003,83.20610687022901,1.0664458760197397,0.5815009306035629,0.5792717347270833,0.2176455696202532,-2.4214999999999995,-2.4366153846153846,79,26,26,0.5792717347270833,-2.4366153846153846
LOCKED,30,5,131,0.9344021700624501,-0.29683969465648863,-38.88600000000001,210.904,82.44274809160305,1.1619970045617032,0.7111207125764425,0.7164640018063847,0.5983164556962026,-1.6714999999999998,-1.642076923076923,79,26,26,0.7111207125764425,-1.6714999999999998
LOCKED,30,6,131,0.9833314114741063,-0.08386259541984757,-10.986000000000033,211.428,80.1526717557252,1.2492893468826016,0.7966114698548685,0.6713425190970589,1.0157341772151898,-1.223538461538462,-2.2852692307692304,79,26,26,0.6713425190970589,-2.2852692307692304
LOCKED,30,7,131,0.9820984477306283,-0.10116030534351163,-13.252000000000024,210.224,77.09923664122137,1.1871314305320264,0.7352644566033687,0.8135264150630299,0.8836962025316454,-1.8981538461538463,-1.2966153846153847,79,26,26,0.7352644566033687,-1.8981538461538463
LOCKED,30,8,131,0.9388248054603124,-0.39265648854961843,-51.43800000000002,239.961,74.04580152671755,1.2320137642427185,0.5960658144757298,0.7499405071221474,1.1846329113924052,-3.597500000000001,-1.9803461538461538,79,26,26,0.5960658144757298,-3.597500000000001
LOCKED,30,10,131,1.058453809594945,0.4032442748091604,52.82500000000002,169.563,71.7557251908397,1.266278166944779,0.7440101917429608,0.9414930041232208,1.571506329113924,-2.2798846153846153,-0.4633461538461536,79,26,26,0.7440101917429608,-2.2798846153846153
LOCKED,30,12,131,1.0957081909982542,0.7303740458015265,95.67899999999997,152.577,68.70229007633588,1.1990385892607764,0.8920020728968734,1.0464515701038208,1.40359493670886,-0.9618461538461544,0.37703846153846143,79,26,26,0.8920020728968734,-0.9618461538461544
LOCKED,30,15,131,1.1532619537519049,1.306641221374046,171.17000000000002,145.76899999999995,64.8854961832061,1.2859661857418994,0.7789645914317139,1.286992328359482,2.219151898734177,-2.4888076923076925,2.329461538461538,79,26,26,0.7789645914317139,-2.4888076923076925
LOCKED,30,18,131,1.270343341549604,2.428824427480916,318.176,164.88699999999994,63.358778625954194,1.4437045007167932,0.7875626638244607,1.4803707406758058,3.612215189873417,-2.6371153846153845,3.8990769230769233,79,26,26,0.7875626638244607,-2.6371153846153845
LOCKED,30,20,131,1.25547093292459,2.4428091603053437,320.00800000000004,151.842,60.30534351145038,1.3628216577853212,0.8703966488409127,1.473473043328795,3.255240506329114,-1.6088461538461531,4.025923076923077,79,26,26,0.8703966488409127,-1.6088461538461531
LOCKED,30,22,131,1.2958207346599018,2.9081526717557256,380.9680000000001,136.8539999999999,58.778625954198475,1.3432082935149456,0.9630709456737948,1.62213165548655,3.2322531645569614,-0.45842307692307666,5.289961538461539,79,26,26,0.9630709456737948,-0.45842307692307666
LOCKED,30,25,131,1.3827039035468198,3.8424961832061064,503.36699999999996,116.86400000000009,57.25190839694656,1.4281246712256706,1.0925100850802776,1.6373951588932398,4.120835443037975,1.1483846153846158,5.690884615384614,79,26,26,1.0925100850802776,1.1483846153846158
LOCKED,30,27,131,1.416789069915534,4.236816793893129,555.0229999999999,113.12700000000001,55.72519083969466,1.4116620943312908,1.1772836277784318,1.7669436582707625,4.047696202531645,2.200730769230769,6.847538461538461,79,26,26,1.1772836277784318,2.200730769230769
LOCKED,30,30,131,1.2602415792956678,2.947885496183206,386.173,142.96700000000004,51.14503816793893,1.3393128512444088,1.2129958212495484,1.1027431390573108,3.595101265822785,2.652461538461538,1.2767692307692304,79,26,26,1.1027431390573108,1.2767692307692304
LOCKED,30,32,131,1.2948894199212617,3.340358778625954,437.587,142.02699999999993,51.14503816793893,1.350760551668769,1.296892035048382,1.148141270268681,3.7163924050632913,3.6972307692307687,1.8409230769230762,79,26,26,1.148141270268681,1.8409230769230762
LOCKED,30,35,131,1.1827250686032877,2.225854961832061,291.587,184.6269999999999,47.32824427480916,1.1396253062617447,1.4174457426470364,1.077378030318619,1.6468734177215194,5.1985,1.0124230769230769,79,26,26,1.077378030318619,1.0124230769230769
LOCKED,30,40,131,1.158527650805591,1.9755038167938932,258.791,175.12699999999995,45.038167938931295,1.1053941059462873,1.601934641007348,0.9056253997037135,1.2515189873417725,7.495961538461538,-1.3451538461538466,79,26,26,0.9056253997037135,-1.3451538461538466
LOCKED,30,45,131,1.1913867168239294,2.429641221374046,318.283,195.64699999999993,44.274809160305345,1.1579536466339337,1.7581173694565158,0.8121508536558006,1.8756455696202536,9.440923076923077,-2.8983461538461537,79,26,26,0.8121508536558006,-2.8983461538461537
LOCKED,30,50,131,1.2463596699049209,3.127519083969466,409.70500000000004,185.9269999999999,44.274809160305345,1.196723583250364,1.8327882117851264,0.889115732743041,2.336025316455697,10.370807692307693,-1.7108461538461543,79,26,26,0.889115732743041,-1.7108461538461543
LOCKED,30,60,131,1.2975721019399442,3.846160305343511,503.847,201.87700000000007,43.51145038167939,1.2857515952491103,1.7226435138357565,0.9501766141435898,3.3932025316455703,9.837346153846154,-0.7687307692307684,79,26,26,0.9501766141435898,-0.7687307692307684
LOCKED,30,75,131,1.2996374305823377,3.8728549618320613,507.34400000000005,220.71699999999998,43.51145038167939,1.349955974748907,1.7331170996050154,0.7995124103530539,4.1556075949367095,9.979923076923077,-3.0933461538461535,79,26,26,0.7995124103530539,-3.0933461538461535
LOCKED,30,100,131,1.271341778521409,3.5071297709923663,459.43399999999997,220.71699999999998,43.51145038167939,1.3989380640402178,1.4107725081793987,0.8499415440837379,4.737253164556963,5.591846153846153,-2.3152692307692293,79,26,26,0.8499415440837379,-2.3152692307692293
LOCKED,35,3,131,0.7644947919330367,-0.8436335877862595,-110.51599999999999,189.88299999999998,87.02290076335878,1.1662963514203095,0.495878213821652,0.4953779925449194,0.39601265822784826,-2.7307307692307696,-2.723153846153846,79,26,26,0.4953779925449194,-2.7307307692307696
LOCKED,35,4,131,0.8591044908914313,-0.5802442748091604,-76.01200000000001,220.888,85.49618320610686,1.27536309795805,0.49714435092943565,0.6508228384898828,0.7780506329113924,-3.4033076923076915,-1.8843076923076925,79,26,26,0.49714435092943565,-3.4033076923076915
LOCKED,35,5,131,0.9904903024737732,-0.04174045801526731,-5.468000000000018,219.39800000000008,84.7328244274809,1.351007660850811,0.6079605835185007,0.8054694348820799,1.1495189873417722,-2.653307692307692,-1.0497692307692306,79,26,26,0.6079605835185007,-2.653307692307692
LOCKED,35,6,131,1.0921409346073552,0.43327480916030514,56.75899999999997,185.34199999999996,83.20610687022901,1.6262610255181322,0.6848414561084332,0.7266733961801457,2.050949367088607,-2.2053461538461545,-1.8433461538461537,79,26,26,0.6848414561084332,-2.2053461538461545
LOCKED,35,7,131,1.0681363462188345,0.36784732824427474,48.18799999999999,193.08800000000002,80.1526717557252,1.4752396242310566,0.6306993608709457,0.8799979469280912,1.8922658227848106,-3.0868846153846152,-0.8093076923076924,79,26,26,0.6306993608709457,-3.0868846153846152
LOCKED,35,8,131,1.0613322870591306,0.36633587786259547,47.99000000000001,243.26799999999994,77.86259541984732,1.6847482952106945,0.51610285786933,0.8104974883646684,2.72646835443038,-4.977384615384616,-1.4611153846153841,79,26,26,0.51610285786933,-4.977384615384616
LOCKED,35,10,131,1.2133152092047435,1.3512671755725192,177.01600000000002,210.31999999999996,75.57251908396947,1.7424301451389637,0.6442003163361839,1.0172746636603531,3.401354430379747,-3.659769230769231,0.1331923076923072,79,26,26,0.6442003163361839,-3.659769230769231
LOCKED,35,12,131,1.2645252411209718,1.8457480916030538,241.79300000000003,195.31099999999998,72.51908396946564,1.6240958664943428,0.772338905985335,1.133430935276293,3.484113924050633,-2.3417307692307694,1.055115384615384,79,26,26,0.772338905985335,-2.3417307692307694
LOCKED,35,15,131,1.3047865038480484,2.432091603053435,318.604,205.30600000000013,68.70229007633588,1.690824882471123,0.675646848640529,1.3946361085035288,4.391696202531645,-4.210615384615385,3.1206153846153843,79,26,26,0.675646848640529,-4.210615384615385
LOCKED,35,18,131,1.4075388181449484,3.474778625954199,455.196,212.3750000000001,67.17557251908397,1.8349857988341662,0.6808184102121826,1.6087442910159193,5.686189873417721,-4.583423076923078,4.813692307692308,79,26,26,0.6808184102121826,-4.583423076923078
LOCKED,35,20,131,1.4371845094233944,3.8967022900763366,510.4680000000001,197.92600000000004,64.8854961832061,1.8169939045782195,0.7524252861864484,1.603625537361399,5.984025316455697,-3.5551538461538454,5.006307692307694,79,26,26,0.7524252861864484,-3.5551538461538454
LOCKED,35,22,131,1.4780453269518994,4.407030534351145,577.321,182.93800000000005,63.358778625954194,1.7669050794035643,0.8325387429759106,1.766932391008964,6.005886075949367,-2.4047307692307687,6.36073076923077,79,26,26,0.8325387429759106,-2.4047307692307687
LOCKED,35,25,131,1.5785615568277593,5.45493893129771,714.5970000000001,162.9480000000001,61.832061068702295,1.8769399375188953,0.9444340284659763,1.7870549676440362,7.049620253164558,-0.7979230769230767,6.862423076923076,79,26,26,0.9444340284659763,-0.7979230769230767
LOCKED,35,27,131,1.6205409508589694,5.928297709923664,776.607,148.50099999999998,60.30534351145038,1.85872943993737,1.01771757937422,1.9288918688822527,7.08120253164557,0.25442307692307675,8.099115384615384,79,26,26,1.01771757937422,0.25442307692307675
LOCKED,35,30,131,1.4375649067862244,4.705496183206106,616.42,158.14100000000008,55.72519083969466,1.774400168603567,1.0490404262991306,1.163329087969361,6.8837215189873415,0.706153846153846,2.086384615384614,79,26,26,1.0490404262991306,0.706153846153846
LOCKED,35,32,131,1.4664110265050392,5.015702290076336,657.057,157.14400000000006,55.72519083969466,1.7690672264001284,1.1215967520066243,1.2151707027733367,6.8363164556962035,1.7509230769230764,2.7486153846153845,79,26,26,1.1215967520066243,1.7509230769230764
LOCKED,35,35,131,1.3226335376503846,3.7761374045801523,494.674,169.56700000000012,51.908396946564885,1.4613974675039154,1.2258557367415897,1.1046713075251204,4.7286582278481015,3.252192307692307,1.405884615384615,79,26,26,1.1046713075251204,1.405884615384615
LOCKED,35,40,131,1.2998592606611956,3.604129770992367,472.1410000000001,160.067,49.61832061068702,1.4377822688872741,1.385408069233543,0.9236096651953029,4.521531645569621,5.549653846153845,-1.128884615384616,79,26,26,0.9236096651953029,-1.128884615384616
LOCKED,35,45,131,1.3364636875187144,4.134450381679389,541.6129999999999,185.197,48.854961832061065,1.5160926203499556,1.520480254283692,0.8227389342972409,5.330341772151899,7.494615384615385,-2.8593846153846156,79,26,26,0.8227389342972409,-2.8593846153846156
LOCKED,35,50,131,1.354926868426996,4.414618320610687,578.315,175.47699999999998,48.091603053435115,1.4819836692783537,1.5850581620524324,0.8963553041935699,5.09806329113924,8.4245,-1.6718846153846156,79,26,26,0.8963553041935699,-1.6718846153846156
LOCKED,35,60,131,1.4129286877676905,5.246618320610687,687.307,191.42700000000002,47.32824427480916,1.6055914112323675,1.4890490448442102,0.9547596112578802,6.405493670886076,7.701807692307693,-0.7297692307692315,79,26,26,0.9547596112578802,-0.7297692307692315
LOCKED,35,75,131,1.3910039778451864,4.968045801526717,650.814,210.26699999999994,47.32824427480916,1.6298134401145044,1.4981023880115858,0.810650351451107,6.661696202531646,7.844384615384616,-3.054384615384616,79,26,26,0.810650351451107,-3.054384615384616
LOCKED,35,100,131,1.3622200233227533,4.6023206106870225,602.904,210.26699999999994,47.32824427480916,1.6848036687278531,1.2194684732649184,0.8588854660422885,7.243341772151898,3.456307692307692,-2.2763076923076926,79,26,26,0.8588854660422885,-2.2763076923076926
LOCKED,40,3,131,0.7774604832771049,-0.7935725190839696,-103.95800000000003,237.60199999999995,87.78625954198473,1.5423939032709282,0.4318184628702158,0.4336284290054715,0.9964050632911393,-3.5343076923076926,-3.4916153846153843,79,26,26,0.4318184628702158,-3.5343076923076926
LOCKED,40,4,131,0.8548065628157043,-0.6066946564885495,-79.47699999999998,275.776,86.25954198473282,1.5603071891544744,0.4334884320167288,0.5696968562640763,1.3141898734177218,-4.397153846153845,-2.6527692307692305,79,26,26,0.4334884320167288,-4.397153846153845
LOCKED,40,5,131,0.9761241753555547,-0.10727480916030555,-14.053000000000026,279.986,85.49618320610686,1.5653463903961715,0.5301154072950889,0.7050665368994365,1.6208481012658227,-3.6471538461538455,-1.8182307692307693,79,26,26,0.5301154072950889,-3.6471538461538455
LOCKED,40,6,131,1.0695844428662087,0.3373129770992366,44.18799999999999,245.92999999999998,83.96946564885496,1.886137761431921,0.5996717634771895,0.6346976693216178,2.5405569620253163,-3.1991923076923077,-2.8206538461538466,79,26,26,0.5996717634771895,-3.1991923076923077
LOCKED,40,7,131,1.1231883634920032,0.6442977099236641,84.40299999999999,208.98100000000002,81.67938931297711,1.7030366567854818,0.6938111533037825,0.7686157892377352,2.461696202531646,-2.446884615384614,-1.7866153846153845,79,26,26,0.6938111533037825,-2.446884615384614
LOCKED,40,8,131,1.1063784268912473,0.6225038167938931,81.548,254.93800000000005,79.38931297709924,1.9465295351023062,0.5574110047067822,0.7193206922351545,3.3142911392405066,-4.495461538461539,-2.438423076923077,79,26,26,0.5574110047067822,-4.495461538461539
LOCKED,40,10,131,1.2542213287934563,1.5890152671755726,208.161,221.98999999999987,77.09923664122137,1.9484816970448888,0.6902384441490873,0.9028364995107958,3.9482531645569616,-3.146307692307692,-0.844115384615384,79,26,26,0.6902384441490873,-3.146307692307692
LOCKED,40,12,131,1.294298605414274,2.048435114503817,268.345,206.98099999999997,74.04580152671755,1.7477166813048632,0.8285981513667846,1.008757310384534,3.9441392405063302,-1.7409615384615384,0.07780769230769188,79,26,26,0.8285981513667846,-1.7409615384615384
LOCKED,40,15,131,1.3169760985042789,2.5613435114503815,335.536,217.2520000000001,70.22900763358778,1.790255321352737,0.7051629686127004,1.2412307852143007,4.828810126582278,-3.910230769230769,2.143307692307692,79,26,26,0.7051629686127004,-3.910230769230769
LOCKED,40,18,131,1.4113164728255287,3.577847328244275,468.69800000000004,233.4280000000001,68.70229007633588,1.9202004206311758,0.7070864751000647,1.4317877813226438,6.0977721518987344,-4.337384615384615,3.836384615384616,79,26,26,0.7070864751000647,-4.337384615384615
LOCKED,40,20,131,1.4377914118643331,3.993740458015267,523.18,208.255,66.41221374045801,1.8830519019465861,0.7817486188347562,1.4345791484648223,6.360164556962026,-3.231807692307692,4.029000000000001,79,26,26,0.7817486188347562,-3.231807692307692
LOCKED,40,22,131,1.4751659047576036,4.497274809160306,589.143,188.97100000000006,64.8854961832061,1.8167378058714276,0.8645302219994232,1.5806709894750814,6.345949367088608,-2.0059999999999985,5.383423076923076,79,26,26,0.8645302219994232,-2.0059999999999985
LOCKED,40,25,131,1.5691270984159549,5.505870229007634,721.269,168.981,63.358778625954194,1.9126142265283226,0.9821065399830129,1.606936737179055,7.2803164556962034,-0.26496153846153747,5.885115384615385,79,26,26,0.9821065399830129,-0.26496153846153747
LOCKED,40,27,131,1.6114514473030261,5.991748091603054,784.9190000000001,154.53399999999988,61.832061068702295,1.893363646205478,1.05743361705554,1.734477820925242,7.311898734177216,0.8504615384615388,7.1218076923076925,79,26,26,1.05743361705554,0.8504615384615388
LOCKED,40,30,131,1.4151796373388428,4.632564885496184,606.8660000000001,164.17399999999998,57.25190839694656,1.790861002488447,1.0951666718476378,1.037474121750618,7.040164556962024,1.4129615384615388,0.5367692307692303,79,26,26,1.037474121750618,0.5367692307692303
LOCKED,40,32,131,1.444547597138938,4.9602519083969465,649.793,151.35399999999993,57.25190839694656,1.7855357269818695,1.1714668366025263,1.0837072421506,6.992759493670888,2.5458076923076924,1.1990000000000003,79,26,26,1.0837072421506,1.1990000000000003
LOCKED,40,35,131,1.2955847878269688,3.618045801526718,473.96400000000006,204.42699999999985,53.43511450381679,1.445230595305962,1.2825572238283232,0.9904058206912839,4.666151898734178,4.195192307692308,-0.14373076923076986,79,26,26,0.9904058206912839,-0.14373076923076986
LOCKED,40,40,131,1.2729090571861175,3.4370000000000007,450.24700000000007,194.92699999999985,51.14503816793893,1.4222556791143084,1.4472421689618367,0.826175626313915,4.459025316455697,6.640307692307692,-2.871692307692307,79,26,26,0.826175626313915,-2.871692307692307
LOCKED,40,45,131,1.3216491750177628,4.105412213740458,537.809,207.10699999999986,50.38167938931297,1.4988474553516307,1.5915555348316701,0.7638008088240177,5.267835443037975,8.782961538461539,-4.104115384615384,79,26,26,0.7638008088240177,-4.104115384615384
LOCKED,40,50,131,1.3261683767746877,4.212068702290076,551.781,197.38699999999994,49.61832061068702,1.4658670517185042,1.5953039675878433,0.8321435607293141,5.035556962025316,8.838615384615384,-2.9166153846153855,79,26,26,0.8321435607293141,-2.9166153846153855
LOCKED,40,60,131,1.3781599528521613,5.001015267175573,655.133,213.33699999999988,48.854961832061065,1.5868246222381488,1.4812569567306,0.8863639885162042,6.342987341772153,7.899000000000001,-1.9745000000000004,79,26,26,0.8863639885162042,-1.9745000000000004
LOCKED,40,75,131,1.357095235978742,4.722442748091604,618.6400000000001,232.1769999999998,48.854961832061065,1.6105273266183475,1.4899436431592634,0.7525782095637797,6.599189873417722,8.041576923076924,-4.2991153846153844,79,26,26,0.7525782095637797,-4.2991153846153844
LOCKED,40,100,131,1.3294403272180064,4.356717557251909,570.7300000000001,232.1769999999998,48.854961832061065,1.6643385551890069,1.2225942893296933,0.7973579300834279,7.180835443037975,3.6535000000000006,-3.5210384615384616,79,26,26,0.7973579300834279,-3.5210384615384616
NOFILT,3,3,145,0.6479113325887105,-0.7065448275862068,-102.449,121.87399999999992,36.55172413793103,0.6033629701275993,0.5249545974305508,1.0100369173973232,-0.8481136363636362,-0.974137931034483,0.015535714285714288,88,29,28,0.5249545974305508,-0.974137931034483
NOFILT,3,4,145,0.6780342435717281,-0.6936896551724138,-100.585,123.05,31.724137931034484,0.594643357537203,0.6020039053746918,1.1447764402407563,-0.9369772727272726,-0.857448275862069,0.24053571428571438,88,29,28,0.594643357537203,-0.9369772727272726
NOFILT,3,5,145,0.7274900667746286,-0.6115931034482759,-88.681,118.21399999999997,28.965517241379313,0.6378687136755796,0.6151568343127528,1.2552467270896275,-0.8652386363636363,-0.8694137931034484,0.452607142857143,88,29,28,0.6151568343127528,-0.8694137931034484
NOFILT,3,6,145,0.8371190326145528,-0.36897931034482767,-53.50200000000001,88.45499999999998,28.27586206896552,0.7506301781620675,0.7733343509120049,1.2614800759013285,-0.5958181818181818,-0.5120689655172413,0.49214285714285727,88,29,28,0.7506301781620675,-0.5958181818181818
NOFILT,3,7,145,0.8963309853472516,-0.2392344827586207,-34.689,76.764,26.89655172413793,0.843330574817605,0.7300721732157177,1.3006096467634929,-0.3743295454545454,-0.6383793103448276,0.59875,88,29,28,0.7300721732157177,-0.6383793103448276
NOFILT,3,8,145,0.9021965781889353,-0.23193103448275865,-33.63,65.75500000000001,24.82758620689655,0.8839503394471325,0.8270321498870015,1.048160696999032,-0.2812727272727272,-0.40906896551724137,0.10660714285714282,88,29,28,0.8270321498870015,-0.40906896551724137
NOFILT,3,10,145,1.0018467351250153,0.004503448275862082,0.6530000000000018,56.123000000000005,22.758620689655174,1.083825625445407,0.5192585121730138,1.3296224588576961,0.20317045454545468,-1.29848275862069,0.7296428571428571,88,29,28,0.5192585121730138,-1.29848275862069
NOFILT,3,12,145,0.9186692204928454,-0.2090896551724138,-30.317999999999998,84.25,18.620689655172416,0.9097857127286203,0.6192214888483193,1.3103872157344807,-0.23513636363636356,-1.0284827586206897,0.7214285714285715,88,29,28,0.6192214888483193,-1.0284827586206897
NOFILT,3,15,145,1.0027338359331834,0.007200000000000065,1.0440000000000094,80.678,16.551724137931036,1.142497765570161,0.3616539928458058,1.3268174474959613,0.371409090909091,-1.8583793103448276,0.79475,88,29,28,0.3616539928458058,-1.8583793103448276
NOFILT,3,18,145,1.0583226630873035,0.1561241379310346,22.63800000000002,95.50399999999999,15.172413793103448,1.223383159479514,0.2060831639759779,1.5910265824643852,0.5901250000000001,-2.397793103448276,1.4372500000000001,88,29,28,0.2060831639759779,-2.397793103448276
NOFILT,3,20,145,1.1659946773291838,0.4443517241379311,64.43100000000001,93.284,15.172413793103448,1.3354640283901495,0.23142968054255247,1.7895432515787928,0.8862159090909092,-2.321241379310345,1.9200000000000004,88,29,28,0.23142968054255247,-2.321241379310345
NOFILT,3,22,145,1.2016394532088706,0.544048275862069,78.88700000000001,91.474,14.482758620689657,1.3359215799483766,0.25209508368917405,1.9585254809810544,0.8991704545454546,-2.258827586206897,2.3309285714285717,88,29,28,0.25209508368917405,-2.258827586206897
NOFILT,3,25,145,1.3519328882390833,0.9495586206896552,137.686,88.454,14.482758620689657,1.4987094144817281,0.2865754800995593,2.2145689528565136,1.334909090909091,-2.154689655172414,2.953571428571429,88,29,28,0.2865754800995593,-2.154689655172414
NOFILT,3,27,145,1.4261581481898025,1.1498275862068967,166.72500000000002,86.42099999999998,14.482758620689657,1.5616381945387854,0.30978695225264313,2.393493905125569,1.503352272727273,-2.0845862068965517,3.3886785714285717,88,29,28,0.30978695225264313,-2.0845862068965517
NOFILT,3,30,145,1.5751607758135924,1.5518551724137932,225.01900000000003,83.901,14.482758620689657,1.7177693248199974,0.3436622291233759,2.665927448964606,1.9212727272727272,-1.9822758620689656,4.051178571428572,88,29,28,0.3436622291233759,-1.9822758620689656
NOFILT,3,32,145,1.4652489821956445,1.2775448275862071,185.24400000000003,91.719,13.10344827586207,1.5060890364352433,0.3655835407485215,2.7343369070348067,1.394534090909091,-1.9160689655172414,4.217535714285715,88,29,28,0.3655835407485215,-1.9160689655172414
NOFILT,3,35,145,1.3749348437988673,1.0417448275862071,151.05300000000003,99.569,12.413793103448276,1.2851473693578532,0.39994976366085905,2.955059480099868,0.8010113636363637,-1.8122758620689658,4.754285714285715,88,29,28,0.39994976366085905,-1.8122758620689658
NOFILT,3,40,145,1.1170042415871113,0.3300689655172413,47.859999999999985,94.529,11.03448275862069,1.0621722337829365,0.4584065946612472,2.121536081024054,0.17688636363636362,-1.6357241379310348,2.8475,88,29,28,0.4584065946612472,-1.6357241379310348
NOFILT,3,45,145,0.9808232960727112,-0.054944827586207036,-7.96700000000002,129.342,9.655172413793103,1.1457289041374932,0.0,1.6279352226720647,0.41461363636363624,-3.1373448275862064,1.6617857142857146,88,29,28,0.0,-3.1373448275862064
NOFILT,3,50,145,1.0205150053435774,0.05877931034482762,8.523000000000005,129.342,9.655172413793103,1.1713311152738557,0.0,1.7639676113360325,0.48745454545454564,-3.1373448275862064,2.0217857142857145,88,29,28,0.0,-3.1373448275862064
NOFILT,3,60,145,0.9007190324962544,-0.2865310344827586,-41.547,150.81499999999997,8.96551724137931,1.0356990639157682,0.0,1.5450742240215924,0.1027954545454547,-3.1373448275862064,1.4425000000000003,88,29,28,0.0,-3.1373448275862064
NOFILT,3,75,145,0.9340540385539061,-0.19032413793103425,-27.596999999999966,150.815,8.96551724137931,1.1545643972280542,0.0,1.326855600539811,0.44506818181818225,-3.1373448275862064,0.8650000000000003,88,29,28,0.0,-3.1373448275862064
NOFILT,3,100,145,0.9038494165776539,-0.2774965517241379,-40.236999999999995,150.815,8.96551724137931,1.1046819997158597,0.0,1.326855600539811,0.30143181818181825,-3.1373448275862064,0.8650000000000003,88,29,28,0.0,-3.1373448275862064
NOFILT,4,3,145,0.7121082199430583,-0.6506413793103447,-94.34299999999999,125.40799999999994,46.206896551724135,0.6724698038549075,0.46046517855947294,1.3713627546071778,-0.7882386363636364,-1.3894137931034483,0.5469642857142858,88,29,28,0.46046517855947294,-1.3894137931034483
NOFILT,4,4,145,0.7776651130292521,-0.5398551724137931,-78.279,115.99699999999997,42.06896551724138,0.7104554465867823,0.5304909790378488,1.5453442188879083,-0.7501704545454547,-1.275137931034483,0.8826785714285714,88,29,28,0.5304909790378488,-1.275137931034483
NOFILT,4,5,145,0.8237271995313515,-0.45446896551724136,-65.898,115.69399999999993,38.62068965517241,0.748174833688602,0.5439429928741093,1.6568245684464074,-0.6886931818181818,-1.3108965517241378,1.1686785714285717,88,29,28,0.5439429928741093,-1.3108965517241378
NOFILT,4,6,145,0.9020093151862388,-0.2610275862068965,-37.84899999999999,86.845,36.55172413793103,0.8852503292986458,0.5791079919531822,1.4576592082616178,-0.31381818181818183,-1.2697586206896552,0.9496428571428572,88,29,28,0.5791079919531822,-1.2697586206896552
NOFILT,4,7,145,0.9770030218520686,-0.06261379310344829,-9.079000000000002,80.978,35.172413793103445,1.0049529840482334,0.546948049110849,1.4986417385746245,0.013545454545454628,-1.4302068965517245,1.114464285714286,88,29,28,0.546948049110849,-1.4302068965517245
NOFILT,4,8,145,0.9442997511060615,-0.15958620689655176,-23.140000000000004,74.14799999999998,31.724137931034484,0.9726500118586449,0.6195875387774721,1.2623748413481877,-0.07862500000000004,-1.200896551724138,0.6644642857142858,88,29,28,0.6195875387774721,-1.200896551724138
NOFILT,4,10,145,1.0324610944065824,0.09664137931034485,14.013000000000003,83.917,28.965517241379313,1.1375328737492416,0.3920969421200787,1.588351431391905,0.4017272727272727,-2.1744482758620687,1.4900000000000002,88,29,28,0.3920969421200787,-2.1744482758620687
NOFILT,4,12,145,1.0266431844380086,0.08304827586206909,12.042000000000018,93.81700000000001,25.517241379310345,1.0748743920869757,0.4675799174796592,1.6243830865679603,0.2325113636363638,-1.9044482758620689,1.6717857142857147,88,29,28,0.4675799174796592,-1.9044482758620689
NOFILT,4,15,145,1.0660825497360253,0.21528965517241389,31.217000000000013,116.03100000000002,22.06896551724138,1.2001969021673453,0.2726501526976587,1.7127514231499048,0.6400795454545455,-2.8087241379310344,2.01225,88,29,28,0.2726501526976587,-2.8087241379310344
NOFILT,4,18,145,1.1563131124242652,0.5188344827586211,75.23100000000005,133.284,20.689655172413794,1.31268258850069,0.15459590941793144,2.0711321948134094,1.0143636363636366,-3.4036551724137927,3.0240357142857137,88,29,28,0.15459590941793144,-3.4036551724137927
NOFILT,4,20,145,1.2220590718689892,0.7436344827586211,107.82700000000006,131.06399999999996,20.0,1.3494575045207962,0.1736099215457878,2.3036053130929797,1.1507159090909092,-3.327103448275862,3.680357142857143,88,29,28,0.1736099215457878,-3.327103448275862
NOFILT,4,22,145,1.2576244046306058,0.8699034482758622,126.13600000000002,129.25399999999996,19.310344827586206,1.337998543256435,0.18911233683922027,2.53707779886148,1.128477272727273,-3.264689655172414,4.3395,88,29,28,0.18911233683922027,-3.264689655172414
NOFILT,4,25,145,1.3087512052048649,1.0512275862068967,152.42800000000003,126.23399999999998,18.620689655172416,1.429616821984575,0.21497824522936726,2.4177793816913264,1.4343636363636365,-3.160551724137931,4.2092857142857145,88,29,28,0.21497824522936726,-3.160551724137931
NOFILT,4,27,145,1.362568159905366,1.2344620689655175,178.99700000000004,124.201,18.620689655172416,1.4569920287536677,0.2323906266059132,2.6161794779261394,1.5257613636363638,-3.0904482758620686,4.798321428571429,88,29,28,0.2323906266059132,-3.0904482758620686
NOFILT,4,30,145,1.4241027660360983,1.455848275862069,211.098,121.23399999999998,17.93103448275862,1.5898484033682092,0.25780259686868345,2.4273769927744007,1.9693295454545459,-2.9881379310344824,4.444750000000001,88,29,28,0.25780259686868345,-2.9881379310344824
NOFILT,4,32,145,1.3561232499677072,1.2358827586206902,179.2030000000001,119.31399999999996,17.24137931034483,1.444157067957856,0.2742471478981809,2.5027067324234427,1.5104318181818186,-2.9219310344827583,4.679321428571429,88,29,28,0.2742471478981809,-2.9219310344827583
NOFILT,4,35,145,1.2980812014443164,1.0441517241379312,151.40200000000002,116.30399999999999,16.551724137931036,1.2763310261336422,0.3000274075850492,2.710402569101961,0.9545227272727277,-2.8181379310344825,5.32607142857143,88,29,28,0.3000274075850492,-2.8181379310344825
NOFILT,4,40,145,1.107243617280654,0.3822206896551724,55.422000000000004,128.475,15.172413793103448,1.1051304488737645,0.343879543663709,2.088653257542632,0.36861363636363653,-2.6415862068965517,3.5567857142857133,88,29,28,0.343879543663709,-2.6415862068965517
NOFILT,4,45,145,1.0148624810932934,0.05380689655172438,7.802000000000035,172.78500000000003,13.793103448275861,1.18894182466375,0.0,1.7375366568914958,0.6624772727272732,-4.169517241379309,2.5149999999999997,88,29,28,0.0,-4.169517241379309
NOFILT,4,50,145,1.0648676244794706,0.23484137931034493,34.052000000000014,172.78500000000003,13.793103448275861,1.2258888348727923,0.0,1.8930666108085465,0.7920227272727277,-4.169517241379309,3.0453571428571427,88,29,28,0.0,-4.169517241379309
NOFILT,4,60,145,1.0031745732695279,0.011620689655172527,1.6850000000000165,209.92999999999998,13.10344827586207,1.1384962339050335,0.0,1.8280268118977798,0.49478409090909137,-4.169517241379309,2.823571428571429,88,29,28,0.0,-4.169517241379309
NOFILT,4,75,145,0.8725988035586842,-0.47028965517241367,-68.19199999999998,209.92999999999995,12.413793103448276,1.027203331890685,0.0,1.4613531629660663,0.09856818181818229,-4.169517241379309,1.573214285714286,88,29,28,0.0,-4.169517241379309
NOFILT,4,100,145,0.8489838469212748,-0.5574620689655172,-80.832,209.92999999999995,12.413793103448276,0.9875618613928457,0.0,1.4613531629660663,-0.04506818181818151,-4.169517241379309,1.573214285714286,88,29,28,0.0,-4.169517241379309
NOFILT,5,3,145,0.6738324506499759,-0.8409724137931035,-121.941,149.79599999999996,50.3448275862069,0.6704550284339642,0.42719571191714545,1.1194576405384007,-0.8810909090909091,-1.7393103448275866,0.21553571428571422,88,29,28,0.42719571191714545,-1.7393103448275866
NOFILT,5,4,145,0.7155432846195537,-0.8071724137931034,-117.04,150.07999999999998,45.51724137931035,0.6795400303753527,0.4924603686042015,1.2589430163580801,-0.9566931818181821,-1.6295172413793104,0.5144642857142857,88,29,28,0.4924603686042015,-1.6295172413793104
NOFILT,5,5,145,0.7614135712898323,-0.7200620689655172,-104.40899999999999,141.40200000000002,42.06896551724138,0.7188590507647017,0.5123901447802895,1.3609727947238253,-0.889875,-1.6549310344827584,0.7818928571428573,88,29,28,0.5123901447802895,-1.6549310344827584
NOFILT,5,6,145,0.8144860150021085,-0.5855448275862067,-84.90399999999998,122.99700000000001,39.310344827586206,0.8156873809691755,0.5491047258101942,1.1979291907718856,-0.5938636363636363,-1.6081724137931033,0.49974999999999997,88,29,28,0.5491047258101942,-1.6081724137931033
NOFILT,5,7,145,0.8609797468782783,-0.4533172413793103,-65.731,114.84599999999998,37.24137931034483,0.8867927797433616,0.5291438476148328,1.2376446679071487,-0.37123863636363624,-1.7610344827586206,0.6431428571428571,88,29,28,0.5291438476148328,-1.7610344827586206
NOFILT,5,8,145,0.8352656161946761,-0.5664965517241379,-82.142,116.14299999999996,33.793103448275865,0.8614032550679672,0.598200291346278,1.0419989057934744,-0.4792045454545454,-1.5027586206896553,0.12885714285714295,88,29,28,0.598200291346278,-1.5027586206896553
NOFILT,5,10,145,0.9169814811959354,-0.297048275862069,-43.072,110.201,31.03448275862069,1.01004878900453,0.4102939511106078,1.3110689466516117,0.0353181818181817,-2.513896551724138,0.9543928571428575,88,29,28,0.4102939511106078,-2.513896551724138
NOFILT,5,12,145,0.950264813129244,-0.18502758620689658,-26.829000000000004,109.66900000000001,28.27586206896552,1.016550393807546,0.4928817562648633,1.334034418920547,0.061034090909090774,-2.161827586206896,1.0890357142857146,88,29,28,0.4928817562648633,-2.161827586206896
NOFILT,5,15,145,0.9980102954817424,-0.0077517241379310995,-1.1240000000000094,129.47799999999998,24.82758620689655,1.143466532839847,0.34080412525222326,1.4054101746992325,0.5457613636363637,-3.0416206896551725,1.3948571428571428,88,29,28,0.34080412525222326,-3.0416206896551725
NOFILT,5,18,145,1.094352348899953,0.3743172413793105,54.276000000000025,144.351,23.448275862068964,1.2648037885454775,0.2592166726554078,1.6994820266356645,1.0223863636363637,-3.5544827586206895,2.4066428571428573,88,29,28,0.2592166726554078,-3.5544827586206895
NOFILT,5,20,145,1.161141793681018,0.6449172413793106,93.51300000000003,140.141,22.758620689655174,1.3091976289628453,0.28947179302910525,1.8902394718540128,1.2115909090909092,-3.4093103448275865,3.062964285714286,88,29,28,0.28947179302910525,-3.4093103448275865
NOFILT,5,22,145,1.2030793567277436,0.8198551724137932,118.87900000000002,136.33100000000002,22.06896551724138,1.3135797882221811,0.3168523176428315,2.081816955063994,1.246818181818182,-3.277931034482759,3.722107142857143,88,29,28,0.3168523176428315,-3.277931034482759
NOFILT,5,25,145,1.2639680131144877,1.0749724137931036,155.87100000000004,130.19099999999997,21.379310344827587,1.415118821360694,0.36097736255839025,1.9812315790511306,1.650545454545455,-3.066206896551724,3.555107142857143,88,29,28,0.36097736255839025,-3.066206896551724
NOFILT,5,27,145,1.3229849007268515,1.3153103448275865,190.72000000000003,126.098,21.379310344827587,1.4558824790294231,0.39039166367229605,2.143809082575138,1.8126250000000004,-2.9250689655172417,4.144142857142858,88,29,28,0.39039166367229605,-2.9250689655172417
NOFILT,5,30,145,1.3782616432101418,1.5540344827586206,225.33499999999998,120.17100000000009,20.689655172413794,1.5694822732534046,0.43298598634567015,1.9841469245408614,2.2643068181818182,-2.720689655172414,3.749142857142857,88,29,28,0.43298598634567015,-2.720689655172414
NOFILT,5,32,145,1.3325260119933793,1.378641379310345,199.90300000000002,115.991,20.0,1.458927586478607,0.4630255120373698,2.0457217321195875,1.8531704545454546,-2.5765517241379317,3.983714285714286,88,29,28,0.4630255120373698,-2.5765517241379317
NOFILT,5,35,145,1.1618596760957638,0.6882965517241381,99.80300000000003,110.34700000000001,17.93103448275862,1.1057917661178314,0.5035860582105641,2.215493076584136,0.44575000000000015,-2.3819310344827587,4.630464285714284,88,29,28,0.5035860582105641,-2.3819310344827587
NOFILT,5,40,145,1.0114274050413898,0.04942068965517239,7.165999999999997,133.32999999999998,16.551724137931036,0.9652558416557651,0.5760689902982392,1.7083158242956897,-0.14848863636363638,-2.0341379310344827,2.8293928571428566,88,29,28,0.5760689902982392,-2.0341379310344827
NOFILT,5,45,145,0.9217050236294375,-0.3440275862068963,-49.88399999999996,175.13999999999996,15.172413793103448,1.0340156132010252,0.22515086356384822,1.4195624085498904,0.145375,-3.8520689655172418,1.7511785714285715,88,29,28,0.22515086356384822,-3.8520689655172418
NOFILT,5,50,145,0.9629054712624914,-0.16299310344827578,-23.633999999999986,178.62999999999997,15.172413793103448,1.0643273454367548,0.22515086356384822,1.5466299297492023,0.27492045454545444,-3.8520689655172418,2.2815357142857144,88,29,28,0.22515086356384822,-3.8520689655172418
NOFILT,5,60,145,0.912901675524097,-0.3862137931034482,-56.00099999999999,235.32699999999997,14.482758620689657,0.9948576425799763,0.22515086356384822,1.4934926027022173,-0.022318181818181883,-3.8520689655172418,2.0597500000000006,88,29,28,0.22515086356384822,-3.8520689655172418
NOFILT,5,75,145,0.8048538850061032,-0.8721241379310342,-126.45799999999996,235.327,13.793103448275861,0.9033257532689027,0.22515086356384822,1.1939212951474756,-0.42512499999999975,-3.8520689655172418,0.8093928571428571,88,29,28,0.22515086356384822,-3.8520689655172418
NOFILT,5,100,145,0.7853482238891882,-0.9592965517241379,-139.09799999999998,235.32700000000006,13.793103448275861,0.8706625665409066,0.22515086356384822,1.1939212951474756,-0.5687613636363636,-3.8520689655172418,0.8093928571428571,88,29,28,0.22515086356384822,-3.8520689655172418
NOFILT,6,3,145,0.7205725683685754,-0.7506827586206894,-108.84899999999998,134.85399999999996,56.55172413793104,0.7634537455380015,0.47274040846255033,0.9325737088582549,-0.6348068181818183,-1.6861034482758626,-0.14603571428571427,88,29,28,0.47274040846255033,-1.6861034482758626
NOFILT,6,4,145,0.7651323051910562,-0.7013862068965517,-101.701,134.787,51.724137931034484,0.7731797241915702,0.5509562510108362,1.0507246376811592,-0.6893068181818184,-1.5318275862068964,0.12075000000000014,88,29,28,0.5509562510108362,-1.5318275862068964
NOFILT,6,5,145,0.8392572120745675,-0.5070137931034483,-73.51700000000001,123.839,48.96551724137931,0.860564594293971,0.5774299443360769,1.135954530441484,-0.44302272727272723,-1.5313793103448279,0.3528214285714288,88,29,28,0.5774299443360769,-1.5313793103448279
NOFILT,6,6,145,0.9003329288403499,-0.33136551724137925,-48.047999999999995,114.68700000000003,46.206896551724135,0.9817952030359999,0.6187748064869524,0.9953692821211978,-0.0590909090909092,-1.4639310344827587,-0.014071428571428481,88,29,28,0.6187748064869524,-1.4639310344827587
NOFILT,6,7,145,0.9598594150949048,-0.1386275862068965,-20.100999999999992,111.50899999999999,44.13793103448276,1.0801655074063536,0.6113940653425544,1.0233621404565494,0.2657386363636361,-1.573344827586207,0.0764642857142858,88,29,28,0.6113940653425544,-1.573344827586207
NOFILT,6,8,145,0.9126273208019022,-0.32383448275862065,-46.955999999999996,116.24600000000001,40.0,1.0584351888898929,0.5900462813127063,0.861433493080817,0.2057954545454547,-1.7471379310344828,-0.5142499999999999,88,29,28,0.5900462813127063,-1.7471379310344828
NOFILT,6,10,145,0.9806385612387375,-0.07583448275862066,-10.995999999999995,115.43799999999999,36.55172413793103,1.190503690042629,0.42882707699244726,1.0838770521777625,0.6972499999999999,-2.79551724137931,0.31128571428571433,88,29,28,0.42882707699244726,-2.79551724137931
NOFILT,6,12,145,1.0608330631537632,0.24586206896551724,35.65,123.22800000000001,34.48275862068966,1.2768337572946282,0.5160494870927741,1.1076548060830966,1.051181818181818,-2.3686206896551725,0.42271428571428565,88,29,28,0.5160494870927741,-2.3686206896551725
NOFILT,6,15,145,1.1342620270863613,0.5715034482758619,82.86799999999997,142.74900000000008,31.03448275862069,1.4530343548335911,0.3945407503234152,1.1675433755303368,1.7845795454545454,-3.227724137931035,0.6938928571428572,88,29,28,0.3945407503234152,-3.227724137931035
NOFILT,6,18,145,1.2584374816593726,1.1236344827586209,162.92700000000002,155.01800000000006,29.655172413793103,1.6263126206621688,0.3378119360258884,1.4118433306888345,2.517897727272727,-3.6692068965517244,1.7056785714285714,88,29,28,0.3378119360258884,-3.6692068965517244
NOFILT,6,20,145,1.2981650662468027,1.3216896551724138,191.645,148.95800000000008,28.27586206896552,1.6169344485296127,0.37552430144999693,1.5703149253216517,2.5665454545454547,-3.4602413793103453,2.3619999999999997,88,29,28,0.37552430144999693,-3.4602413793103453
NOFILT,6,22,145,1.3596516511887786,1.609193103448276,233.33300000000003,142.70800000000008,27.586206896551722,1.6525780592871673,0.41441906777024085,1.72946776585837,2.7595227272727274,-3.2447241379310348,3.021142857142857,88,29,28,0.41441906777024085,-3.2447241379310348
NOFILT,6,25,145,1.4476725631961889,2.0219517241379314,293.18300000000005,133.54799999999986,26.89655172413793,1.8041040414273855,0.4714232372891904,1.6461906399986896,3.400272727272728,-2.928862068965518,2.8177142857142856,88,29,28,0.4714232372891904,-2.928862068965518
NOFILT,6,27,145,1.4149297903154714,1.9086827586206898,276.759,127.85500000000002,25.517241379310345,1.678297216684278,0.5068517020349742,1.7812750831326685,2.961522727272728,-2.732551724137931,3.40675,88,29,28,0.5068517020349742,-2.732551724137931
NOFILT,6,30,145,1.4890065981206795,2.2704137931034487,329.21000000000004,117.94199999999992,24.82758620689655,1.820398836077435,0.5685419130001867,1.649414717022305,3.581954545454545,-2.390724137931034,2.9760357142857146,88,29,28,0.5685419130001867,-2.390724137931034
NOFILT,6,32,145,1.4608142736517493,2.1641586206896557,313.80300000000005,111.94799999999987,24.137931034482758,1.7328169686022694,0.6058435496919535,1.7006016490796019,3.2641250000000004,-2.18403448275862,3.2106071428571425,88,29,28,0.6058435496919535,-2.18403448275862
NOFILT,6,35,145,1.325658148415788,1.5726413793103449,228.03300000000002,102.96300000000005,22.06896551724138,1.4240548808661102,0.6617586657539362,1.8417320011845941,1.9815795454545457,-1.8742068965517238,3.8573571428571434,88,29,28,0.6617586657539362,-1.8742068965517238
NOFILT,6,40,145,1.2082211547909478,1.0230206896551723,148.338,113.07600000000005,20.689655172413794,1.3161614563860693,0.749909764142137,1.420975130890052,1.4990795454545454,-1.385758620689655,2.021642857142857,88,29,28,0.749909764142137,-1.385758620689655
NOFILT,6,45,145,1.150261713616838,0.750744827586207,108.858,162.12600000000003,19.310344827586206,1.4138961586762915,0.4646850629874024,1.1807493025109603,1.9624886363636362,-3.0771379310344824,0.9070000000000006,88,29,28,0.4646850629874024,-3.0771379310344824
NOFILT,6,50,145,1.2141165232947204,1.0697793103448276,155.118,157.08600000000004,19.310344827586206,1.477095376415212,0.4949190161967606,1.2864402436941296,2.2621477272727266,-2.903344827586207,1.4373571428571432,88,29,28,0.4949190161967606,-2.903344827586207
NOFILT,6,60,145,1.1952686452962265,0.9838482758620689,142.658,174.40200000000002,18.620689655172416,1.4316541834664325,0.5553269346130774,1.2422422137448041,2.0766931818181815,-2.5561034482758624,1.2155714285714285,88,29,28,0.5553269346130774,-2.5561034482758624
NOFILT,6,75,145,1.1589284502300832,0.8074551724137934,117.08100000000005,158.70900000000006,17.93103448275862,1.4109307404665115,0.6494661067786441,0.9930678130159994,2.0055568181818186,-2.014965517241379,-0.03478571428571379,88,29,28,0.6494661067786441,-2.014965517241379
NOFILT,6,100,145,1.2441515427113168,1.2404413793103448,179.864,133.759,17.93103448275862,1.4990197585020235,0.7991361727654469,0.9930678130159994,2.435477272727273,-1.1546206896551723,-0.03478571428571379,88,29,28,0.7991361727654469,-1.1546206896551723
NOFILT,7,3,145,0.6912690123145331,-0.9030551724137932,-130.943,156.15299999999996,59.310344827586206,0.7204161147945491,0.4648686591068622,0.9310808066607307,-0.8227613636363637,-1.8664827586206898,-0.15757142857142856,88,29,28,0.4648686591068622,-1.8664827586206898
NOFILT,7,4,145,0.753124059259449,-0.7974620689655173,-115.632,151.48000000000002,55.172413793103445,0.7273399388957347,0.5410590943975443,1.230688723307871,-0.9177954545454547,-1.7115172413793105,0.5274285714285715,88,29,28,0.5410590943975443,-1.7115172413793105
NOFILT,7,5,145,0.8450371935204971,-0.5241034482758622,-75.99500000000002,138.156,53.103448275862064,0.8422954758652469,0.5685381979300078,1.3065444768219379,-0.5444659090909092,-1.719241379310345,0.7777142857142858,88,29,28,0.5685381979300078,-1.719241379310345
NOFILT,7,6,145,0.9071097247338528,-0.33228965517241393,-48.182000000000016,128.51,50.3448275862069,0.9612765204523154,0.6112461857285054,1.1348740136245852,-0.13678409090909105,-1.643034482758621,0.41082142857142845,88,29,28,0.6112461857285054,-1.643034482758621
NOFILT,7,7,145,0.9456753321568017,-0.20486206896551742,-29.705000000000027,124.493,47.58620689655172,1.013506858085646,0.608222836237902,1.1804540582675633,0.04986363636363626,-1.7503793103448277,0.5952857142857143,88,29,28,0.608222836237902,-1.7503793103448277
NOFILT,7,8,145,0.9013883044428458,-0.4008068965517242,-58.117000000000004,127.98000000000002,43.44827586206896,1.039409695085806,0.5074596746134469,0.9934407461972281,0.15185227272727256,-2.440724137931034,-0.024964285714285613,88,29,28,0.5074596746134469,-2.440724137931034
NOFILT,7,10,145,0.9459645913799678,-0.23551724137931032,-34.15,129.99800000000002,39.310344827586206,1.1212953042860394,0.3685721206249243,1.2479473007591468,0.49660227272727275,-3.5956551724137933,0.9436785714285715,88,29,28,0.3685721206249243,-3.5956551724137933
NOFILT,7,12,145,0.9969009327466088,-0.014124137931034397,-2.0479999999999876,160.902,36.55172413793103,1.2035274931470652,0.443538815550442,1.1122952241691244,0.8665113636363635,-3.168758620689655,0.48546428571428585,88,29,28,0.443538815550442,-3.168758620689655
NOFILT,7,15,145,1.0663571525656528,0.31986206896551705,46.379999999999974,182.77599999999998,33.10344827586207,1.366242568036221,0.3385713572051044,1.1752539487964273,1.6260795454545451,-4.109000000000001,0.8016428571428571,88,29,28,0.3385713572051044,-4.109000000000001
NOFILT,7,18,145,1.1887688803224108,0.9287103448275861,134.66299999999998,191.21499999999997,31.724137931034484,1.5381572035059232,0.28957574270366004,1.4195601083723075,2.432965909090909,-4.592206896551724,1.9191428571428573,88,29,28,0.28957574270366004,-4.592206896551724
NOFILT,7,20,145,1.2296000626770525,1.1520206896551726,167.04300000000003,185.15500000000003,30.344827586206897,1.5342750694773124,0.32190315645721423,1.578035088267214,2.501409090909091,-4.383241379310346,2.6440357142857143,88,29,28,0.32190315645721423,-4.383241379310346
NOFILT,7,22,145,1.2919599317129222,1.4790206896551723,214.458,178.90500000000003,29.655172413793103,1.57447758059435,0.35524413598852006,1.738688445232165,2.735375,-4.167724137931034,3.378892857142857,88,29,28,0.35524413598852006,-4.167724137931034
NOFILT,7,25,145,1.3328157377539467,1.7191103448275864,249.27100000000002,169.74499999999992,28.27586206896552,1.721917272059034,0.4041086755896019,1.4103868581894223,3.437409090909092,-3.8518620689655174,2.0886785714285714,88,29,28,0.4041086755896019,-3.8518620689655174
NOFILT,7,27,145,1.3076145936660144,1.6190137931034483,234.757,164.05200000000002,26.89655172413793,1.6135705200270554,0.4344783070250778,1.5261215238549686,3.0203636363636366,-3.6555517241379314,2.6777142857142864,88,29,28,0.4344783070250778,-3.6555517241379314
NOFILT,7,30,145,1.3803997128029886,2.020586206896551,292.98499999999996,154.13899999999995,26.20689655172414,1.7548598879472932,0.4873597678400914,1.4151326918833622,3.715875,-3.313724137931035,2.217357142857143,88,29,28,0.4873597678400914,-3.313724137931035
NOFILT,7,32,145,1.3612260847657194,1.9380551724137933,281.01800000000003,148.145,25.517241379310345,1.685958697515773,0.519335100849795,1.4590490582186055,3.437136363636364,-3.107034482758621,2.4519285714285717,88,29,28,0.519335100849795,-3.107034482758621
NOFILT,7,35,145,1.2494804523724028,1.3751586206896556,199.39800000000005,139.16000000000003,23.448275862068964,1.4191641120718934,0.5672660930240002,1.58013332709268,2.201750000000001,-2.797206896551724,3.0986785714285716,88,29,28,0.5672660930240002,-2.797206896551724
NOFILT,7,40,145,1.156551563057027,0.8782758620689655,127.35,153.616,22.06896551724138,1.3409460933903885,0.6428300890337517,1.2188929362006158,1.8180795454545455,-2.308758620689655,1.2254642857142852,88,29,28,0.6428300890337517,-2.308758620689655
NOFILT,7,45,145,1.116239140678806,0.6634689655172413,96.20299999999999,203.81599999999997,20.689655172413794,1.4501039944081695,0.3980279215073709,1.0130864634794237,2.400159090909091,-4.039793103448276,0.0765357142857144,88,29,28,0.3980279215073709,-4.039793103448276
NOFILT,7,50,145,1.1836086173773306,1.048,151.96,198.77600000000007,20.689655172413794,1.5265377533798183,0.4239249397534645,1.103769609848739,2.807738636363636,-3.866,0.6068928571428572,88,29,28,0.4239249397534645,-3.866
NOFILT,7,60,145,1.1902763333828554,1.0952620689655175,158.81300000000005,224.003,20.0,1.5250677136918134,0.4756675932729413,1.0658475668215708,2.8417500000000007,-3.5187586206896553,0.3851071428571429,88,29,28,0.4756675932729413,-3.5187586206896553
NOFILT,7,75,145,1.1723224012231357,1.000386206896552,145.05600000000004,208.31000000000003,19.310344827586206,1.5288282715862949,0.5563028923475338,0.8520551793205785,2.9049318181818182,-2.9776206896551725,-0.8652499999999999,88,29,28,0.5563028923475338,-2.9776206896551725
NOFILT,7,100,145,1.2465860667568736,1.431510344827586,207.569,183.35999999999993,19.310344827586206,1.6065345875129555,0.6845034092602394,0.8520551793205785,3.331784090909091,-2.1172758620689653,-0.8652499999999999,88,29,28,0.6845034092602394,-2.1172758620689653
NOFILT,8,3,145,0.6776212624289968,-1.0024,-145.34799999999998,170.55799999999996,62.06896551724138,0.7248456155558766,0.46655956316630137,0.8138979162684,-0.8440454545454547,-1.9807931034482757,-0.4867499999999999,88,29,28,0.46655956316630137,-1.9807931034482757
NOFILT,8,4,145,0.7386094390368853,-0.9008275862068964,-130.61999999999998,164.09499999999997,57.931034482758626,0.7328111121123569,0.5408452407692174,1.0757981265532401,-0.9434318181818182,-1.8327241379310342,0.19825000000000012,88,29,28,0.5408452407692174,-1.8327241379310342
NOFILT,8,5,145,0.8075066812507753,-0.7063655172413794,-102.42300000000002,151.91600000000003,55.172413793103445,0.8139297335649451,0.5711101059705349,1.1416955740891088,-0.6913863636363637,-1.8310344827586205,0.4113928571428573,88,29,28,0.5711101059705349,-1.8310344827586205
NOFILT,8,6,145,0.866164233337408,-0.5209931034482761,-75.54400000000004,142.334,52.41379310344828,0.927881114122324,0.6156492743738397,0.9931865290290803,-0.2745795454545456,-1.7488620689655177,-0.023714285714285514,88,29,28,0.6156492743738397,-1.7488620689655177
NOFILT,8,7,145,0.901433268512144,-0.40584137931034486,-58.847,138.44000000000003,49.6551724137931,0.9767318788623713,0.6130967258185456,1.0332720518555023,-0.09293181818181823,-1.8682758620689655,0.12539285714285736,88,29,28,0.6130967258185456,-1.8682758620689655
NOFILT,8,8,145,0.8606289428999913,-0.6204068965517242,-89.959,147.89400000000006,45.51724137931035,1.0029304128970817,0.5188066199302156,0.8695952161913524,0.012238636363636505,-2.5917241379310343,-0.567,88,29,28,0.5188066199302156,-2.5917241379310343
NOFILT,8,10,145,0.8805471059661619,-0.5782137931034482,-83.841,146.204,40.689655172413794,1.0359205469031507,0.39366977102366224,1.09237416217637,0.16312499999999971,-3.773862068965517,0.40164285714285725,88,29,28,0.39366977102366224,-3.773862068965517
NOFILT,8,12,145,0.9293770548914578,-0.35790344827586196,-51.89599999999999,176.12800000000001,37.93103448275862,1.1116926645042484,0.4723904287558381,0.976898072904574,0.5286477272727272,-3.283896551724138,-0.11371428571428575,88,29,28,0.4723904287558381,-3.283896551724138
NOFILT,8,15,145,0.9994394568272225,-0.0030000000000001137,-0.4350000000000165,195.85900000000004,34.48275862068966,1.2658967670211714,0.38776413376334024,1.0317992377505418,1.310034090909091,-4.150241379310345,0.1656785714285714,88,29,28,0.38776413376334024,-4.150241379310345
NOFILT,8,18,145,1.1167619434700784,0.6379655172413795,92.50500000000002,201.015,33.10344827586207,1.4259308302945117,0.35678394416040193,1.246284719366072,2.1382840909090914,-4.5376896551724135,1.2831785714285715,88,29,28,0.35678394416040193,-4.5376896551724135
NOFILT,8,20,145,1.156379649443984,0.8718758620689656,126.42200000000001,189.288,31.724137931034484,1.424554546248581,0.3927590353201099,1.3854158098215021,2.2094204545454543,-4.283896551724138,2.0080714285714287,88,29,28,0.3927590353201099,-4.283896551724138
NOFILT,8,22,145,1.214856875843265,1.2113586206896554,175.64700000000002,180.82400000000004,31.03448275862069,1.4598093941165258,0.43347540887450753,1.5264593786844343,2.4403181818181823,-3.9966551724137926,2.742928571428571,88,29,28,0.43347540887450753,-3.9966551724137926
NOFILT,8,25,145,1.300255476265177,1.7094206896551725,247.866,168.74099999999987,30.344827586206897,1.598453655706079,0.4925361461683595,1.469063121369254,3.176136363636364,-3.5799999999999996,2.578071428571429,88,29,28,0.4925361461683595,-3.5799999999999996
NOFILT,8,27,145,1.281589047863345,1.6352827586206895,237.11599999999999,160.8209999999999,28.965517241379313,1.501251075304394,0.5312484725250016,1.5888403706447294,2.7545113636363636,-3.306896551724138,3.236392857142857,88,29,28,0.5312484725250016,-3.306896551724138
NOFILT,8,30,145,1.3088520970274058,1.8289241379310341,265.19399999999996,147.5179999999998,27.586206896551722,1.634061507411329,0.5962724722121748,1.2414972371153374,3.4843409090909088,-2.8481724137931037,1.4703214285714286,88,29,28,0.5962724722121748,-2.8481724137931037
NOFILT,8,32,145,1.2961504912842616,1.7701793103448276,256.676,139.77399999999983,26.89655172413793,1.5772259828169748,0.6341245246497805,1.2800251064678487,3.224909090909091,-2.5811379310344824,1.7048928571428574,88,29,28,0.6341245246497805,-2.5811379310344824
NOFILT,8,35,145,1.1983498031690234,1.2203793103448275,176.95499999999998,128.00900000000004,24.82758620689655,1.3368885811756877,0.6916309033853733,1.3862524490538146,1.979511363636364,-2.175448275862069,2.351642857142857,88,29,28,0.6916309033853733,-2.175448275862069
NOFILT,8,40,145,1.178900162851614,1.1106689655172415,161.04700000000003,125.19099999999995,24.137931034482758,1.3721967370367218,0.7852590108805099,1.0701563760193564,2.186977272727273,-1.5149310344827582,0.44735714285714273,88,29,28,0.7852590108805099,-1.5149310344827582
NOFILT,8,45,145,1.0948004873295398,0.6058620689655173,87.85000000000001,188.982,22.06896551724138,1.3777467339086993,0.5774202045097504,0.8861043455967185,2.261556818181818,-3.098034482758621,-0.7615714285714288,88,29,28,0.5774202045097504,-3.098034482758621
NOFILT,8,50,145,1.149573262917308,0.9559103448275862,138.607,193.7819999999999,22.06896551724138,1.45501117009868,0.554843231141172,0.9654210998589925,2.7241363636363634,-3.263551724137931,-0.23121428571428584,88,29,28,0.554843231141172,-3.263551724137931
NOFILT,8,60,145,1.1646295682306762,1.0615655172413792,153.927,225.44199999999998,21.379310344827587,1.469362433664698,0.6022078398540023,0.9322522753493142,2.854363636363636,-2.9163103448275867,-0.4529999999999999,88,29,28,0.6022078398540023,-2.9163103448275867
NOFILT,8,75,145,1.1418142772496152,0.9226896551724137,133.79,217.01599999999985,20.689655172413794,1.4605776076322656,0.6760204321608986,0.7452570183309832,2.8450454545454544,-2.3751724137931034,-1.703357142857143,88,29,28,0.6760204321608986,-2.3751724137931034
NOFILT,8,100,145,1.2080765981533086,1.3538137931034486,196.30300000000005,192.0659999999998,20.689655172413794,1.5296797016852872,0.7933736583163223,0.7452570183309832,3.2718977272727274,-1.5148275862068965,-1.703357142857143,88,29,28,0.7452570183309832,-1.703357142857143
NOFILT,9,3,145,0.6402130968694975,-1.207710344827586,-175.118,200.32800000000003,63.44827586206897,0.7070274172296822,0.42173610120121885,0.724857108111395,-0.9500568181818182,-2.3754482758620683,-0.8080357142857143,88,29,28,0.42173610120121885,-2.3754482758620683
NOFILT,9,4,145,0.6956763894421576,-1.1380275862068967,-165.014,198.05400000000003,59.310344827586206,0.7106549423527779,0.488506195574144,0.9581053143621548,-1.0911136363636365,-2.260379310344827,-0.12303571428571417,88,29,28,0.488506195574144,-2.260379310344827
NOFILT,9,5,145,0.8035411709728857,-0.7596344827586208,-110.147,173.96099999999998,57.931034482758626,0.8256052463474237,0.5926449015262648,1.017240245506357,-0.6763068181818181,-1.8001724137931034,0.05617857142857195,88,29,28,0.5926449015262648,-1.8001724137931034
NOFILT,9,6,145,0.8362876604533689,-0.6844000000000001,-99.23800000000001,163.40200000000004,54.48275862068965,0.8981502600762146,0.6357409849682679,0.8845732041674282,-0.41609090909090923,-1.7238620689655169,-0.4510714285714286,88,29,28,0.6357409849682679,-1.7238620689655169
NOFILT,9,7,145,0.8935842033876917,-0.4653379310344828,-67.474,156.50799999999998,52.41379310344828,0.9887070922389735,0.6350207944930447,0.917031118587048,-0.047318181818181995,-1.842931034482758,-0.35232142857142845,88,29,28,0.6350207944930447,-1.842931034482758
NOFILT,9,8,145,0.8772923258038406,-0.5750758620689657,-83.38600000000002,179.96800000000007,48.96551724137931,1.0618413424503053,0.5412173110885884,0.7726463290030653,0.2654659090909091,-2.6067241379310344,-1.1125714285714285,88,29,28,0.5412173110885884,-2.6067241379310344
NOFILT,9,10,145,0.9256482383310289,-0.3764275862068964,-54.58199999999998,174.529,44.827586206896555,1.149004725762566,0.4226041411769606,0.9705882352941176,0.685784090909091,-3.8241724137931032,-0.14392857142857102,88,29,28,0.4226041411769606,-3.8241724137931032
NOFILT,9,12,145,0.9809728064397337,-0.10120000000000004,-14.674000000000007,191.88299999999995,42.06896551724138,1.2363583625554475,0.508244347142463,0.868141079373267,1.1389545454545453,-3.2569655172413787,-0.7303571428571427,88,29,28,0.508244347142463,-3.2569655172413787
NOFILT,9,15,145,1.0616939358882542,0.3475517241379311,50.39500000000001,207.54399999999993,38.62068965517241,1.4122925677265243,0.4386084842960769,0.9170682669753558,2.0711704545454546,-4.0777931034482755,-0.48614285714285715,88,29,28,0.4386084842960769,-4.0777931034482755
NOFILT,9,18,145,1.189334434727435,1.0907034482758624,158.15200000000004,211.77,37.24137931034483,1.5960141074719976,0.4150369918736179,1.1077040241264815,3.057227272727273,-4.433172413793103,0.6313571428571431,88,29,28,0.4150369918736179,-4.433172413793103
NOFILT,9,20,145,1.2733672448200104,1.5918551724137928,230.81899999999996,198.2330000000001,36.55172413793103,1.6781223259389892,0.45676091328522417,1.2313644256252474,3.5481363636363636,-4.116965517241379,1.3562500000000006,88,29,28,0.45676091328522417,-4.116965517241379
NOFILT,9,22,145,1.3457850186072238,2.0351999999999997,295.104,183.29700000000005,35.86206896551724,1.7356358315637919,0.5047638981153709,1.3567246473939134,3.9249431818181817,-3.7531724137931035,2.0911071428571426,88,29,28,0.5047638981153709,-3.7531724137931035
NOFILT,9,25,145,1.4489594783245912,2.670386206896552,387.2060000000001,167.4899999999999,35.172413793103445,1.9114434133655935,0.573847245857183,1.305651006323814,4.862954545454546,-3.2296206896551722,1.8901785714285715,88,29,28,0.573847245857183,-3.2296206896551722
NOFILT,9,27,145,1.4402163366881557,2.6753586206896554,387.927,157.49899999999997,33.793103448275865,1.8196774021782316,0.6193067549982254,1.412104761629754,4.548147727272727,-2.885103448275862,2.5484999999999998,88,29,28,0.6193067549982254,-2.885103448275862
NOFILT,9,30,145,1.4838625747607486,3.0011793103448277,435.171,141.51699999999988,32.41379310344827,1.9881892988945005,0.6920255894584535,1.1063119103003063,5.483170454545455,-2.3339999999999996,0.7263571428571429,88,29,28,0.6920255894584535,-2.3339999999999996
NOFILT,9,32,145,1.480098661833056,3.0176551724137934,437.56000000000006,131.74299999999994,31.724137931034484,1.9365457223777913,0.7364977386271602,1.140644520530044,5.324613636363637,-1.996965517241379,0.9609285714285719,88,29,28,0.7364977386271602,-1.996965517241379
NOFILT,9,35,145,1.3998197740046874,2.591744827586207,375.803,116.37699999999995,29.655172413793103,1.7059381901794086,0.8064137447788222,1.235304879642456,4.242431818181817,-1.4671034482758623,1.6076785714285717,88,29,28,0.8064137447788222,-1.4671034482758623
NOFILT,9,40,145,1.3587726265537083,2.370648275862069,343.74399999999997,112.27899999999988,28.27586206896552,1.691387008390678,0.9139040304307072,0.9536572583663997,4.226715909090908,-0.6524827586206893,-0.33160714285714304,88,29,28,0.9139040304307072,-0.6524827586206893
NOFILT,9,45,145,1.2944514067170383,2.0028137931034484,290.408,169.3889999999999,26.20689655172414,1.7165375030807568,0.7451194575038886,0.7913377376040451,4.460079545454545,-2.0115172413793103,-1.5623214285714282,88,29,28,0.7451194575038886,-2.0115172413793103
NOFILT,9,50,145,1.3483485219027687,2.3694137931034485,343.56500000000005,171.80399999999992,26.20689655172414,1.7908809595530852,0.7345675236380795,0.8621717665577526,4.922829545454545,-2.094793103448276,-1.031964285714285,88,29,28,0.7345675236380795,-2.094793103448276
NOFILT,9,60,145,1.2890215940079592,2.0020206896551724,290.293,220.90399999999994,24.82758620689655,1.781592538321194,0.5382206303965832,0.8325502635407476,4.945988636363636,-3.787896551724138,-1.25375,88,29,28,0.5382206303965832,-3.787896551724138
NOFILT,9,75,145,1.279586697924807,1.9542068965517243,283.36,229.93599999999992,24.137931034482758,1.7909108096026465,0.6041903128441832,0.6655536740680676,5.086715909090909,-3.2467586206896555,-2.504107142857143,88,29,28,0.6041903128441832,-3.2467586206896555
NOFILT,9,100,145,1.3417704657936491,2.3888482758620686,346.3829999999999,204.98599999999982,24.137931034482758,1.8581812784799165,0.7090742468955197,0.6655536740680676,5.519363636363637,-2.3864137931034484,-2.504107142857143,88,29,28,0.6655536740680676,-2.504107142857143
NOFILT,10,3,145,0.6872475476053086,-1.0391448275862072,-150.67600000000004,175.88599999999997,67.58620689655173,0.731430349764,0.5026371589957412,0.7861259444589668,-0.8826022727272729,-1.9249999999999996,-0.6136428571428573,88,29,28,0.5026371589957412,-1.9249999999999996
NOFILT,10,4,145,0.7406103480992255,-0.9710206896551724,-140.798,173.838,63.44827586206897,0.7304086107469742,0.5777719605372948,1.0315919190410399,-1.0422954545454546,-1.7797931034482757,0.0906428571428574,88,29,28,0.5777719605372948,-1.7797931034482757
NOFILT,10,5,145,0.8543851705861988,-0.5655931034482758,-82.011,136.56499999999997,62.06896551724138,0.8480883015810524,0.7041278774889154,1.081891261320035,-0.6051022727272727,-1.2471724137931037,0.26450000000000023,88,29,28,0.7041278774889154,-1.2471724137931037
NOFILT,10,6,145,0.8611958613782501,-0.5983310344827585,-86.75799999999998,140.83299999999997,57.931034482758626,0.9225052133494117,0.6510621365594174,0.9275743202498494,-0.32643181818181816,-1.723620689655172,-0.2873928571428571,88,29,28,0.6510621365594174,-1.723620689655172
NOFILT,10,7,145,0.921129353294583,-0.3563517241379312,-51.67100000000002,134.269,55.86206896551724,1.0131839554493158,0.6595006165630364,0.9628477351312542,0.05703409090909081,-1.7995862068965516,-0.16078571428571417,88,29,28,0.6595006165630364,-1.7995862068965516
NOFILT,10,8,145,0.9292159669759794,-0.33963448275862057,-49.246999999999986,132.80599999999998,53.103448275862064,1.0930648998490704,0.5608046169190943,0.9280772129063688,0.41340909090909084,-2.6268275862068964,-0.33746428571428544,88,29,28,0.5608046169190943,-2.6268275862068964
NOFILT,10,10,145,1.0012740858934013,0.0065862068965517615,0.9550000000000054,133.739,49.6551724137931,1.167677191032666,0.5231622416439687,1.167479848070819,0.8092272727272726,-3.181379310344827,0.7858214285714291,88,29,28,0.5231622416439687,-3.181379310344827
NOFILT,10,12,145,1.0655922812356402,0.3573517241379309,51.81599999999998,138.54200000000003,46.89655172413793,1.260225437045458,0.6297297436984127,1.050417115266485,1.316181818181818,-2.4703793103448275,0.27260714285714316,88,29,28,0.6297297436984127,-2.4703793103448275
NOFILT,10,15,145,1.1260262537549455,0.7392482758620686,107.19099999999996,147.70999999999992,42.758620689655174,1.4390199863289896,0.5737800880397115,0.9648751069638563,2.320909090909091,-3.138448275862069,-0.21550000000000002,88,29,28,0.5737800880397115,-3.138448275862069
NOFILT,10,18,145,1.3013647058823528,1.788703448275862,259.36199999999997,149.0419999999999,42.06896551724138,1.7040290788404577,0.569354261693945,1.1637842211575964,3.7218977272727276,-3.3207241379310344,1.0048571428571431,88,29,28,0.569354261693945,-3.3207241379310344
NOFILT,10,20,145,1.3578239171535145,2.1732620689655175,315.12300000000005,133.85699999999994,40.689655172413794,1.7163529503892778,0.6283606117520795,1.29462648512402,3.9501818181818185,-2.865724137931034,1.8076071428571427,88,29,28,0.6283606117520795,-2.865724137931034
NOFILT,10,22,145,1.4382221264251687,2.6921103448275856,390.35599999999994,118.93199999999996,40.0,1.7788903132033955,0.6936409981218138,1.4251136581929946,4.384488636363636,-2.3623448275862065,2.6081785714285712,88,29,28,0.6936409981218138,-2.3623448275862065
NOFILT,10,25,145,1.5113943145351205,3.2124344827586206,465.803,97.80199999999985,38.62068965517241,1.8779110490263196,0.7881316519094894,1.382137966308634,5.042022727272727,-1.633724137931034,2.4815357142857146,88,29,28,0.7881316519094894,-1.633724137931034
NOFILT,10,27,145,1.5006121232450864,3.231834482758621,468.61600000000004,83.80099999999987,37.24137931034483,1.7770009366066195,0.8507423307396476,1.4932490774197453,4.685306818181818,-1.1509310344827584,3.203071428571429,88,29,28,0.8507423307396476,-1.1509310344827584
NOFILT,10,30,145,1.5215263176036675,3.4433793103448274,499.28999999999996,93.33899999999994,35.172413793103445,1.9461404080740392,0.8110591283213218,1.1963409987282076,5.705215909090909,-1.4636206896551722,1.417,88,29,28,0.8110591283213218,-1.4636206896551722
NOFILT,10,32,145,1.5258781295453843,3.5157310344827586,509.781,87.23799999999994,34.48275862068966,1.9065760523047328,0.8640044158168146,1.239334511102204,5.590545454545454,-1.0534827586206894,1.7272857142857145,88,29,28,0.8640044158168146,-1.0534827586206894
NOFILT,10,35,145,1.3560569174845083,2.5115862068965518,364.18,139.82599999999996,31.03448275862069,1.600750827616805,0.7550880421954951,1.344487497340123,4.000590909090909,-1.982241379310345,2.4861785714285713,88,29,28,0.7550880421954951,-1.982241379310345
NOFILT,10,40,145,1.3250807330019638,2.3382137931034483,339.041,126.26199999999994,29.655172413793103,1.5938012716200578,0.8557369087028209,1.089296068106931,4.022261363636364,-1.1676206896551724,0.6765357142857142,88,29,28,0.8557369087028209,-1.1676206896551724
NOFILT,10,45,145,1.2733789759933525,2.0237793103448274,293.448,188.07799999999986,27.586206896551722,1.6246823974397233,0.6968620896790987,0.9494277600507659,4.3053181818181825,-2.5580344827586208,-0.4013214285714285,88,29,28,0.6968620896790987,-2.5580344827586208
NOFILT,10,50,145,1.3320675864137785,2.4582413793103446,356.44499999999994,190.49299999999988,27.586206896551722,1.6999045337404801,0.686993547648917,1.038492868940625,4.82375,-2.6413103448275863,0.3054642857142854,88,29,28,0.686993547648917,-2.6413103448275863
NOFILT,10,60,145,1.29385970928611,2.216137931034482,321.3399999999999,240.5959999999999,26.20689655172414,1.7065671506234343,0.5026144919798693,1.0557298253351757,4.95065909090909,-4.368999999999999,0.4422500000000003,88,29,28,0.5026144919798693,-4.368999999999999
NOFILT,10,75,145,1.2498151785520148,1.9016413793103444,275.73799999999994,261.04,25.517241379310345,1.7386338075129577,0.5642199313793997,0.6568045473161205,5.261397727272727,-3.827862068965517,-2.723464285714286,88,29,28,0.5642199313793997,-3.827862068965517
NOFILT,10,100,145,1.3157919055453684,2.403868965517242,348.56100000000004,236.09000000000003,25.517241379310345,1.815006133971032,0.6621652390336588,0.6568045473161205,5.805409090909091,-2.9675172413793107,-2.723464285714286,88,29,28,0.6568045473161205,-2.9675172413793107
NOFILT,11,3,145,0.6943992591644885,-1.0378137931034481,-150.48299999999998,175.69299999999996,69.6551724137931,0.6718096931969765,0.6399971979545068,0.856047919618704,-1.17425,-1.2404827586206895,-0.399107142857143,88,29,28,0.6399971979545068,-1.2404827586206895
NOFILT,11,4,145,0.7418065790745203,-0.9950275862068966,-144.279,178.69399999999996,65.51724137931035,0.6712242555202919,0.7133496173848773,1.1190905577740562,-1.383193181818182,-1.0966551724137927,0.3301785714285713,88,29,28,0.6712242555202919,-1.383193181818182
NOFILT,11,5,145,0.8536417600407201,-0.5869793103448275,-85.112,129.66500000000002,64.13793103448275,0.778344482699936,0.8661793468953644,1.1623575860124082,-0.9620227272727273,-0.5119655172413795,0.5140357142857145,88,29,28,0.778344482699936,-0.9620227272727273
NOFILT,11,6,145,0.883281885819475,-0.5129310344827587,-74.37500000000001,131.37800000000001,60.689655172413794,0.8854047919550527,0.794763075396378,0.9816563258699758,-0.511761363636364,-0.9413793103448275,-0.07285714285714288,88,29,28,0.794763075396378,-0.9413793103448275
NOFILT,11,7,145,0.891674845563189,-0.5176000000000002,-75.05200000000002,142.43099999999998,57.24137931034483,0.9291371776279973,0.6969852865521144,1.0121512151215122,-0.3342840909090911,-1.6248275862068964,0.0530357142857142,88,29,28,0.6969852865521144,-1.6248275862068964
NOFILT,11,8,145,0.8987595406911325,-0.5150206896551726,-74.67800000000003,141.25799999999998,54.48275862068965,1.002660997381241,0.5933398452850102,0.974711264436778,0.012886363636363156,-2.4979310344827583,-0.12042857142857136,88,29,28,0.5933398452850102,-2.4979310344827583
NOFILT,11,10,145,0.9676838096338312,-0.17748965517241397,-25.736000000000026,142.079,51.03448275862069,1.0733426690879027,0.5535623675491748,1.2258887055647218,0.3850681818181816,-3.0945517241379306,1.0757142857142858,88,29,28,0.5535623675491748,-3.0945517241379306
NOFILT,11,12,145,1.0287954849249963,0.1671379310344826,24.234999999999978,138.60399999999998,48.275862068965516,1.1573203869873543,0.6659353888706484,1.0970886238296782,0.8664545454545454,-2.3156206896551725,0.5407142857142858,88,29,28,0.6659353888706484,-2.3156206896551725
NOFILT,11,15,145,1.0870422470124959,0.5455862068965516,79.10999999999997,140.48400000000004,44.13793103448276,1.3208363914735104,0.6162188765352006,1.0127324669504818,1.847886363636364,-2.957827586206897,0.0811785714285711,88,29,28,0.6162188765352006,-2.957827586206897
NOFILT,11,18,145,1.2566917288329404,1.6286275862068968,236.15100000000004,128.52399999999992,43.44827586206896,1.564080861172274,0.6200029836114483,1.2207203674658305,3.2488749999999995,-3.0742413793103456,1.4072500000000001,88,29,28,0.6200029836114483,-3.0742413793103456
NOFILT,11,20,145,1.3113768451971022,2.0236896551724133,293.43499999999995,111.46599999999995,42.06896551724138,1.5737051341158332,0.6842273511923788,1.3578870714765854,3.450340909090909,-2.554655172413793,2.281785714285714,88,29,28,0.6842273511923788,-2.554655172413793
NOFILT,11,22,145,1.3878014965664418,2.554103448275862,370.345,92.84100000000007,41.37931034482759,1.6262773345439983,0.7549176310125097,1.4957203674658304,3.8562386363636367,-1.982758620689655,3.1605714285714277,88,29,28,0.7549176310125097,-1.982758620689655
NOFILT,11,25,145,1.460620400494094,3.1040827586206894,450.092,72.95699999999988,40.0,1.7166535836115742,0.8593014086908338,1.4581070392828896,4.502522727272727,-1.1382758620689655,3.102857142857143,88,29,28,0.8593014086908338,-1.1382758620689655
NOFILT,11,27,145,1.4112989716737114,2.8775724137931036,417.248,99.62299999999999,37.93103448275862,1.6282056595042238,0.7743465129720534,1.5740732929079886,4.134250000000001,-1.9116896551724138,3.888321428571428,88,29,28,0.7743465129720534,-1.9116896551724138
NOFILT,11,30,145,1.4315507624940909,3.0911862068965514,448.222,115.16099999999994,35.86206896551724,1.7831824178252975,0.7385300090389891,1.2780346820809245,5.154159090909091,-2.2243793103448284,2.112964285714285,88,29,28,0.7385300090389891,-2.2243793103448284
NOFILT,11,32,145,1.4384519034738232,3.1769862068965518,460.663,107.137,35.172413793103445,1.7501788858834932,0.7867406539688458,1.3280276328774847,5.039488636363637,-1.8142413793103453,2.4928928571428566,88,29,28,0.7867406539688458,-1.8142413793103453
NOFILT,11,35,145,1.2853480333461356,2.177648275862069,315.759,149.44800000000004,31.724137931034484,1.474779743301115,0.6877214222242918,1.4428779547911086,3.431772727272727,-2.775068965517242,3.3657142857142857,88,29,28,0.6877214222242918,-2.775068965517242
NOFILT,11,40,145,1.2571915760568684,2.0024137931034485,290.35,125.82400000000007,30.344827586206897,1.4676288666164095,0.7793907081242797,1.1987225299267465,3.439920454545455,-1.9604482758620692,1.5889285714285708,88,29,28,0.7793907081242797,-1.9604482758620692
NOFILT,11,45,145,1.2082525909277089,1.6690827586206893,242.01699999999997,189.4199999999999,28.27586206896552,1.4965531277005815,0.6344058420662999,1.0568326947637294,3.71525,-3.3887931034482763,0.47678571428571465,88,29,28,0.6344058420662999,-3.3887931034482763
NOFILT,11,50,145,1.2624607187479562,2.1035448275862074,305.01400000000007,191.83499999999998,28.27586206896552,1.5658429307603168,0.6254217678723555,1.141081311196254,4.233681818181818,-3.472068965517242,1.1835714285714285,88,29,28,0.6254217678723555,-3.472068965517242
NOFILT,11,60,145,1.2259188407950457,1.8455793103448275,267.609,243.038,26.89655172413793,1.5711905152976657,0.45738159370690834,1.1573861217539378,4.346954545454545,-5.237689655172414,1.3203571428571423,88,29,28,0.45738159370690834,-5.237689655172414
NOFILT,11,75,145,1.1850450373589683,1.5257448275862078,221.23300000000012,267.91499999999985,26.20689655172414,1.6009707126246993,0.5134428384644514,0.7800340570455514,4.648897727272729,-4.696551724137931,-1.845357142857143,88,29,28,0.5134428384644514,-4.696551724137931
NOFILT,11,100,145,1.245956089306879,2.0279724137931043,294.05600000000015,242.96499999999975,26.20689655172414,1.6712959630518098,0.6025735372919987,0.7800340570455514,5.192909090909092,-3.836206896551725,-1.845357142857143,88,29,28,0.6025735372919987,-3.836206896551725
NOFILT,12,3,145,0.6985507015971495,-1.046151724137931,-151.692,176.9019999999999,71.72413793103448,0.6434706308658907,0.6953222851346176,0.9559025866813429,-1.352875,-1.0149655172413796,-0.11446428571428556,88,29,28,0.6434706308658907,-1.352875
NOFILT,12,4,145,0.7908057064527595,-0.7956827586206896,-115.374,159.11900000000003,68.96551724137932,0.7063817259047777,0.7675748340346386,1.255572372041827,-1.2352954545454544,-0.8704482758620685,0.6633928571428572,88,29,28,0.7063817259047777,-1.2352954545454544
NOFILT,12,5,145,0.9061795140503439,-0.37292413793103435,-54.073999999999984,107.24699999999999,67.58620689655173,0.8180293128542274,0.9314316756746801,1.2705820105820103,-0.7913636363636362,-0.2567931034482761,0.8218928571428573,88,29,28,0.8180293128542274,-0.7913636363636362
NOFILT,12,6,145,0.9316277025011386,-0.3003241379310346,-43.54700000000001,86.73400000000001,64.13793103448275,0.9274984431404514,0.8421127970226167,1.0554283096655979,-0.32545454545454555,-0.7226551724137928,0.2160714285714286,88,29,28,0.8421127970226167,-0.7226551724137928
NOFILT,12,7,145,0.8768254246431295,-0.6204413793103448,-89.964,143.51899999999998,59.310344827586206,0.8685129370869054,0.7363363516449905,1.0897129186602872,-0.6757045454545455,-1.4267931034482764,0.38839285714285726,88,29,28,0.7363363516449905,-1.4267931034482764
NOFILT,12,8,145,0.882102837671052,-0.633751724137931,-91.89399999999999,131.418,56.55172413793104,0.937529073273263,0.6285625945516182,1.032751156889088,-0.3296363636363639,-2.319793103448276,0.1567142857142859,88,29,28,0.6285625945516182,-2.319793103448276
NOFILT,12,10,145,0.9781275694861387,-0.12511724137931016,-18.141999999999975,116.078,53.79310344827586,1.0075932079213046,0.6815529959880936,1.2952679504403644,0.04334090909090901,-2.121241379310345,1.4128571428571435,88,29,28,0.6815529959880936,-2.121241379310345
NOFILT,12,12,145,1.0699986140946574,0.4179931034482757,60.60899999999998,108.195,51.724137931034484,1.0880336443984542,0.8182632328199819,1.338013698630137,0.5268863636363635,-1.2105862068965512,1.7624999999999997,88,29,28,0.8182632328199819,-1.2105862068965512
NOFILT,12,15,145,1.1325927417335935,0.8583862068965515,124.46599999999998,111.55199999999999,47.58620689655172,1.242603217357686,0.7709218097917012,1.2388241239100286,1.5188863636363634,-1.7186551724137933,1.4516071428571433,88,29,28,0.7709218097917012,-1.7186551724137933
NOFILT,12,18,145,1.31175760916097,2.04411724137931,296.39699999999993,108.43199999999993,46.89655172413793,1.4727098152460572,0.7915998815289731,1.4924260229863444,2.959534090909091,-1.6498965517241377,2.9930357142857136,88,29,28,0.7915998815289731,-1.6498965517241377
NOFILT,12,20,145,1.3705792027768744,2.491593103448276,361.28100000000006,100.917,45.51724137931035,1.4832967908069319,0.8737368897871006,1.6599290196723622,3.158613636363636,-0.9996206896551724,4.011142857142858,88,29,28,0.8737368897871006,-0.9996206896551724
NOFILT,12,22,145,1.454636684367646,3.09628275862069,448.961,93.03899999999999,44.827586206896555,1.5368685940626405,0.9660963796647967,1.8297177239288311,3.5856477272727276,-0.2684137931034485,5.043142857142856,88,29,28,0.9660963796647967,-0.2684137931034485
NOFILT,12,25,145,1.536206368192647,3.740834482758621,542.421,82.53499999999997,43.44827586206896,1.6255093874012072,1.0985051743963206,1.7937209889277834,4.2629886363636365,0.7798620689655174,5.1665,88,29,28,1.0985051743963206,0.7798620689655174
NOFILT,12,27,145,1.4912330117597352,3.5601655172413795,516.224,104.14500000000001,41.37931034482759,1.5470814253381755,1.0111194335585911,1.9356790922757847,3.8977499999999994,0.09265517241379272,6.090535714285714,88,29,28,1.0111194335585911,0.09265517241379272
NOFILT,12,30,145,1.52135208000513,3.868903448275862,560.991,103.64499999999998,39.310344827586206,1.695210433722987,0.9981539171570324,1.6083929298215007,4.953113636363636,-0.015448275862069347,4.484464285714286,88,29,28,0.9981539171570324,-0.015448275862069347
NOFILT,12,32,145,1.5372406618029553,4.031372413793103,584.549,101.38499999999999,38.62068965517241,1.6703709268005642,1.0645428472531278,1.6808680737252168,4.867761363636363,0.5401034482758621,5.0186785714285715,88,29,28,1.0645428472531278,0.5401034482758621
NOFILT,12,35,145,1.3456708810627687,2.7689310344827587,401.495,112.17099999999999,34.48275862068966,1.4141900598685826,0.971766341049722,1.5657014162905454,3.239818181818181,-0.24796551724137939,4.413642857142858,88,29,28,0.971766341049722,-0.24796551724137939
NOFILT,12,40,145,1.2845215028730022,2.3515172413793106,340.97,123.43300000000004,32.41379310344827,1.4136595270153536,0.900242545192261,1.3382481840508902,3.292170454545454,-0.9204482758620691,2.784,88,29,28,0.900242545192261,-0.9204482758620691
NOFILT,12,45,145,1.2957968192941252,2.49591724137931,361.9079999999999,147.3040000000001,31.03448275862069,1.4447554505890352,0.9768031123518662,1.209520431562103,3.6058295454545446,-0.21403448275862097,1.814357142857143,88,29,28,0.9768031123518662,-0.21403448275862097
NOFILT,12,50,145,1.3629066401199184,3.0621862068965515,444.01699999999994,147.3040000000001,31.03448275862069,1.5154704921824083,1.0025039334177945,1.3117194846330236,4.179147727272727,0.023103448275862127,2.6993571428571426,88,29,28,1.0025039334177945,0.023103448275862127
NOFILT,12,60,145,1.3509877881048644,3.0200344827586205,437.905,147.3040000000001,29.655172413793103,1.5346664975976576,0.8884223927674824,1.3348153158354916,4.408215909090908,-1.0758620689655172,2.8993571428571423,88,29,28,0.8884223927674824,-1.0758620689655172
NOFILT,12,75,145,1.310976074428057,2.7017172413793107,391.7490000000001,147.3040000000001,28.965517241379313,1.5792439733964532,0.8996159155443343,0.9692413019449989,4.855420454545454,-0.9679310344827586,-0.2663571428571424,88,29,28,0.8996159155443343,-0.9679310344827586
NOFILT,12,100,145,1.3493038245987272,3.0347034482758617,440.0319999999999,147.30400000000003,28.965517241379313,1.6779268104212586,0.8119631221703276,0.9692413019449989,5.6826136363636355,-1.8131034482758626,-0.2663571428571424,88,29,28,0.8119631221703276,-1.8131034482758626
NOFILT,13,3,145,0.7076515980659731,-1.0187172413793104,-147.714,172.92399999999998,73.10344827586206,0.6873061258777811,0.6409025856311421,0.8788741302972803,-1.1420681818181817,-1.2978275862068969,-0.34196428571428567,88,29,28,0.6409025856311421,-1.2978275862068969
NOFILT,13,4,145,0.8234074286323044,-0.6630551724137931,-96.143,133.51799999999997,71.03448275862068,0.7876427874528359,0.7069119031265104,1.1543959519291587,-0.838465909090909,-1.1918275862068963,0.43589285714285714,88,29,28,0.7069119031265104,-1.1918275862068963
NOFILT,13,5,145,0.9408174552888503,-0.23319310344827582,-33.812999999999995,107.119,69.6551724137931,0.9096722887693719,0.8578188201175303,1.1681223651497135,-0.3704431818181817,-0.5781724137931038,0.5554642857142859,88,29,28,0.8578188201175303,-0.5781724137931038
NOFILT,13,6,145,0.9606306385545199,-0.17286896551724146,-25.066000000000013,110.53300000000002,66.20689655172414,1.0286716017158568,0.7753999195305021,0.9712503161622124,0.12182954545454529,-1.1164482758620689,-0.12178571428571436,88,29,28,0.7753999195305021,-1.1164482758620689
NOFILT,13,7,145,0.8730024311561395,-0.656751724137931,-95.229,142.11599999999999,60.689655172413794,0.9093206421557128,0.6772038397974613,1.0033039647577093,-0.4611818181818182,-1.8993103448275859,0.01553571428571443,88,29,28,0.6772038397974613,-1.8993103448275859
NOFILT,13,8,145,0.8760550788842281,-0.6865172413793103,-99.54499999999999,139.773,57.931034482758626,0.9800401671823266,0.5781700727257952,0.9499382122751613,-0.10446590909090898,-2.8641379310344828,-0.2604285714285713,88,29,28,0.5781700727257952,-2.8641379310344828
NOFILT,13,10,145,0.998042758026768,-0.01137931034482748,-1.6499999999999844,128.62099999999998,55.86206896551724,1.1003587318787045,0.6266760594218695,1.1914046409446657,0.5557045454545458,-2.70455172413793,0.9957142857142861,88,29,28,0.6266760594218695,-2.70455172413793
NOFILT,13,12,145,1.1216616254761709,0.7292758620689658,105.74500000000003,120.72400000000002,54.48275862068965,1.242075895533723,0.7523787311212761,1.2308613193875622,1.3764545454545456,-1.7938965517241379,1.3085714285714285,88,29,28,0.7523787311212761,-1.7938965517241379
NOFILT,13,15,145,1.218549062787913,1.4085517241379306,204.23999999999995,125.42099999999999,51.03448275862069,1.4154149229006894,0.7097982294293889,1.3151146548713766,2.4849318181818183,-2.3647241379310344,1.9336785714285714,88,29,28,0.7097982294293889,-2.3647241379310344
NOFILT,13,18,145,1.37227053120002,2.46888275862069,357.98800000000006,123.93100000000013,49.6551724137931,1.6019877670183125,0.7289978660933464,1.5830112908858105,3.6974772727272733,-2.3297586206896552,3.577607142857143,88,29,28,0.7289978660933464,-2.3297586206896552
NOFILT,13,20,145,1.433014988054466,2.9524275862068974,428.1020000000001,116.41600000000011,48.275862068965516,1.609446968068423,0.8046392414202513,1.762018391339774,3.9304204545454553,-1.6794827586206895,4.6760714285714275,88,29,28,0.8046392414202513,-1.6794827586206895
NOFILT,13,22,145,1.5218712350562613,3.605737931034483,522.832,108.53800000000012,47.58620689655172,1.669187705458634,0.8896946748600126,1.9412524735187984,4.4159772727272735,-0.9482758620689655,5.775928571428571,88,29,28,0.8896946748600126,-0.9482758620689655
NOFILT,13,25,145,1.6098476667464432,4.323096551724138,626.849,96.42799999999988,46.206896551724135,1.768486736842105,1.0116321979238534,1.9071529055297045,5.185102272727274,0.1000000000000002,5.987857142857143,88,29,28,1.0116321979238534,0.1000000000000002
NOFILT,13,27,145,1.5845315049060176,4.262544827586209,618.0690000000002,90.10400000000004,44.13793103448276,1.7249127539242268,0.9287799537769127,2.054988637593334,5.020704545454546,-0.6460689655172412,6.963678571428572,88,29,28,0.9287799537769127,-0.6460689655172412
NOFILT,13,30,145,1.5867920324242113,4.39528275862069,637.316,115.27399999999994,42.06896551724138,1.8504978809909374,0.9171863581459984,1.6626341050254088,5.8905,-0.7541724137931033,5.029392857142858,88,29,28,0.9171863581459984,-0.7541724137931033
NOFILT,13,32,145,1.6324912393126987,4.737586206896552,686.95,113.0139999999999,42.06896551724138,1.8809581235243633,0.9781899969329686,1.7330180688876342,6.10146590909091,-0.19862068965517266,5.563607142857142,88,29,28,0.9781899969329686,-0.19862068965517266
NOFILT,13,35,145,1.4322993983904995,3.4724344827586218,503.50300000000016,127.35999999999996,37.93103448275862,1.5969745487500944,0.8931039335471931,1.6114485877710283,4.49121590909091,-1.0215172413793103,4.925,88,29,28,0.8931039335471931,-1.0215172413793103
NOFILT,13,40,145,1.374201482566516,3.1078413793103454,450.63700000000006,117.404,35.86206896551724,1.6059574594146224,0.8289178019497391,1.3825773455185715,4.648795454545455,-1.7143793103448277,3.259285714285714,88,29,28,0.8289178019497391,-1.7143793103448277
NOFILT,13,45,145,1.3898728356758772,3.309689655172414,479.9050000000001,119.80399999999992,34.48275862068966,1.6489057182794884,0.8994126006957948,1.2481059854825276,5.07484090909091,-1.0079655172413795,2.2339285714285713,88,29,28,0.8994126006957948,-1.0079655172413795
NOFILT,13,50,145,1.4645961945753083,3.9440275862068965,571.884,129.64399999999983,34.48275862068966,1.7365557806147502,0.923077187778516,1.3463964142636151,5.760318181818182,-0.7708275862068967,3.1189285714285715,88,29,28,0.923077187778516,-0.7708275862068967
NOFILT,13,60,145,1.4639186650458615,4.024289655172414,583.5219999999999,129.64399999999972,33.10344827586207,1.7783711063701824,0.8171639090819381,1.3686089405418271,6.206545454545455,-1.916689655172414,3.3189285714285712,88,29,28,0.8171639090819381,-1.916689655172414
NOFILT,13,75,145,1.4451272811672653,3.9017862068965528,565.7590000000001,136.60799999999983,32.41379310344827,1.858771690551627,0.8274596230387159,1.0170163817381301,6.976397727272727,-1.808758620689655,0.15321428571428625,88,29,28,0.8274596230387159,-1.808758620689655
NOFILT,13,100,145,1.4755992305301708,4.168889655172414,604.489,136.60799999999983,32.41379310344827,1.947233471117732,0.7468372750896353,1.0170163817381301,7.69503409090909,-2.653931034482759,0.15321428571428625,88,29,28,0.7468372750896353,-2.653931034482759
NOFILT,14,3,145,0.70379629271313,-1.055751724137931,-153.084,178.29399999999995,74.48275862068967,0.6732419761990623,0.7069961747533723,0.8200542965061379,-1.235590909090909,-1.003689655172414,-0.5444642857142858,88,29,28,0.6732419761990623,-1.235590909090909
NOFILT,14,4,145,0.8165089360788593,-0.707351724137931,-102.566,135.60599999999997,72.41379310344827,0.7698373104958289,0.7703102961918193,1.0771364494806421,-0.943693181818182,-0.8984827586206893,0.23339285714285726,88,29,28,0.7698373104958289,-0.943693181818182
NOFILT,14,5,145,0.9322678920942897,-0.27445517241379297,-39.79599999999998,113.01899999999999,71.03448275862068,0.8889271141691337,0.937676304654443,1.0900040346984061,-0.4732840909090909,-0.24379310344827576,0.3186785714285715,88,29,28,0.8889271141691337,-0.4732840909090909
NOFILT,14,6,145,0.976428560358322,-0.10488965517241386,-15.20900000000001,118.36600000000001,68.27586206896552,1.0582019894924926,0.8274467190128998,0.9026798307475318,0.24799999999999994,-0.8487241379310342,-0.44357142857142867,88,29,28,0.8274467190128998,-0.8487241379310342
NOFILT,14,7,145,0.8787979636726693,-0.6429793103448278,-93.23200000000003,155.676,62.758620689655174,0.9309831104902401,0.7006743292393954,0.9323475437605871,-0.3548181818181821,-1.8076896551724135,-0.3423214285714285,88,29,28,0.7006743292393954,-1.8076896551724135
NOFILT,14,8,145,0.881565493814298,-0.6742206896551723,-97.76199999999999,156.81700000000004,60.0,1.0018433653850278,0.5999193048407255,0.8887975334018499,0.009772727272727428,-2.803793103448276,-0.6182857142857142,88,29,28,0.5999193048407255,-2.803793103448276
NOFILT,14,10,145,0.9766693902899244,-0.14197931034482747,-20.586999999999982,127.87400000000002,57.24137931034483,1.0723481190077973,0.6534827965450437,1.114722507708119,0.41880681818181836,-2.5966206896551722,0.6378571428571428,88,29,28,0.6534827965450437,-2.5966206896551722
NOFILT,14,12,145,1.0972425380509983,0.610696551724138,88.551,111.014,55.86206896551724,1.2103322513655148,0.78366028410895,1.1499293619025195,1.251068181818182,-1.6211379310344827,0.9096428571428571,88,29,28,0.78366028410895,-1.6211379310344827
NOFILT,14,15,145,1.224739248862995,1.4987999999999997,217.32599999999996,113.88099999999994,53.103448275862064,1.3789117594804987,0.7443183669479652,1.4184895220155405,2.3751136363636363,-2.1647241379310347,2.539035714285714,88,29,28,0.7443183669479652,-2.1647241379310347
NOFILT,14,18,145,1.3809003755583644,2.6146000000000007,379.1170000000001,111.64800000000008,51.724137931034484,1.562960370364478,0.7690634324766582,1.710048269366612,3.619022727272728,-2.068275862068966,4.307964285714286,88,29,28,0.7690634324766582,-2.068275862068966
NOFILT,14,20,145,1.4430002403569007,3.126903448275862,453.401,102.02300000000008,50.3448275862069,1.5717434535666719,0.849794975454808,1.8998704968212856,3.8584431818181817,-1.3452413793103448,5.459642857142856,88,29,28,0.849794975454808,-1.3452413793103448
NOFILT,14,22,145,1.5340937348798387,3.8216137931034484,554.134,91.3850000000001,49.6551724137931,1.6307522243990544,0.9420656463567236,2.0933364728043324,4.3573295454545455,-0.5188620689655172,6.63342857142857,88,29,28,0.9420656463567236,-0.5188620689655172
NOFILT,14,25,145,1.6232080168986227,4.580144827586207,664.1210000000001,77.10500000000025,48.275862068965516,1.728268872762582,1.067467513716431,2.0527489259883627,5.147818181818182,0.6042413793103449,6.913928571428571,88,29,28,1.067467513716431,0.6042413793103449
NOFILT,14,27,145,1.6037745494979412,4.561158620689656,661.368,97.121,46.206896551724135,1.6908337998046306,0.9915026376163548,2.2132416118331615,5.006715909090909,-0.08020689655172415,7.967964285714284,88,29,28,0.9915026376163548,-0.08020689655172415
NOFILT,14,30,145,1.5650104947631485,4.440655172413793,643.895,94.121,43.44827586206896,1.815490610207176,0.9910794550860935,1.555960191994363,5.910147727272727,-0.08451724137931012,4.509035714285714,88,29,28,0.9910794550860935,-0.08451724137931012
NOFILT,14,32,145,1.612363287282734,4.812820689655172,697.859,92.011,43.44827586206896,1.848018163373144,1.057541336225565,1.6218283499933948,6.145886363636364,0.5451724137931037,5.04325,88,29,28,1.057541336225565,0.5451724137931037
NOFILT,14,35,145,1.4127074719288275,3.4859379310344827,505.461,97.63400000000001,39.310344827586206,1.559825277232069,0.9798004978896817,1.5073203102318444,4.420170454545454,-0.2011724137931035,4.368571428571427,88,29,28,0.9798004978896817,-0.2011724137931035
NOFILT,14,40,145,1.3709867015811883,3.2125862068965514,465.82499999999993,114.57000000000001,37.24137931034483,1.5920863464033082,0.9276009284726097,1.2927249921605517,4.694000000000001,-0.7561034482758621,2.667142857142857,88,29,28,0.9276009284726097,-0.7561034482758621
NOFILT,14,45,145,1.3880737545968123,3.4365724137931033,498.303,114.57,35.86206896551724,1.631311903962556,1.0115860966839794,1.16848007724015,5.107090909090909,0.12100000000000001,1.620357142857142,88,29,28,1.0115860966839794,0.12100000000000001
NOFILT,14,50,145,1.4540287622990524,4.020634482758621,582.9920000000001,114.57,35.86206896551724,1.7160470241849504,1.0102224438112282,1.260499832893906,5.792568181818182,0.1067586206896548,2.505357142857143,88,29,28,1.0102224438112282,0.1067586206896548
NOFILT,14,60,145,1.452033625534924,4.091172413793104,593.22,114.57,34.48275862068966,1.7554265626764884,0.9024094865649048,1.2812952579004047,6.231977272727272,-1.0670344827586202,2.705357142857142,88,29,28,0.9024094865649048,-1.0670344827586202
NOFILT,14,75,145,1.433182047783114,3.9626,574.577,124.00999999999965,33.793103448275865,1.8314158694124645,0.9122808124132712,0.9521333877975415,6.991829545454545,-0.9591034482758618,-0.4603571428571426,88,29,28,0.9122808124132712,-0.9591034482758618
NOFILT,14,100,145,1.462381164195083,4.229703448275862,613.307,124.00999999999965,33.793103448275865,1.9168707096913684,0.8349817080862875,0.9521333877975415,7.7104659090909085,-1.8042758620689652,-0.4603571428571426,88,29,28,0.8349817080862875,-1.8042758620689652
NOFILT,15,3,145,0.689173527483653,-1.1412068965517241,-165.475,190.685,75.17241379310344,0.6382309537511324,0.8094786416226413,0.7660712316683208,-1.4430227272727272,-0.5956551724137934,-0.7576785714285715,88,29,28,0.6382309537511324,-1.4430227272727272
NOFILT,15,4,145,0.7973175579285605,-0.8073862068965516,-117.07099999999998,150.111,73.10344827586206,0.7287149337174129,0.8654335347574871,1.0062300143345462,-1.1750681818181818,-0.4906896551724137,0.020178571428571473,88,29,28,0.7287149337174129,-1.1750681818181818
NOFILT,15,5,145,0.9093217635004227,-0.38023448275862054,-55.13399999999998,114.96699999999996,71.72413793103448,0.8409530705594144,1.0544034346128022,1.0203285808705505,-0.7163636363636362,0.19837931034482753,0.07689285714285722,88,29,28,0.8409530705594144,-0.7163636363636362
NOFILT,15,6,145,0.9827135595347027,-0.07791034482758613,-11.29699999999999,121.594,69.6551724137931,1.0010924384588795,0.9108106322535182,1.0034730836020838,0.004920454545454664,-0.41896551724137926,0.014999999999999871,88,29,28,0.9108106322535182,-0.41896551724137926
NOFILT,15,7,145,0.8800898946339992,-0.6483655172413795,-94.01300000000002,160.817,64.13793103448275,0.8820079073234883,0.7650899054650964,1.0158109983203096,-0.640284090909091,-1.3735517241379311,0.07732142857142892,88,29,28,0.7650899054650964,-1.3735517241379311
NOFILT,15,8,145,0.9064319377314064,-0.5352344827586205,-77.60899999999998,136.274,62.06896551724138,0.9486808935581166,0.7472324024100431,0.9629546799973691,-0.28731818181818164,-1.6101034482758625,-0.20114285714285682,88,29,28,0.7472324024100431,-1.6101034482758625
NOFILT,15,10,145,1.0164153310009258,0.09937241379310349,14.409000000000006,108.82499999999999,59.310344827586206,1.0389787988352386,0.8113504755618229,1.2081168190488718,0.23288636363636372,-1.300862068965517,1.13,88,29,28,0.8113504755618229,-1.300862068965517
NOFILT,15,12,145,1.1405661904903526,0.8800965517241378,127.61399999999999,93.46499999999999,57.931034482758626,1.1714270921741896,0.9724164141338373,1.2419345184653139,1.053522727272727,-0.19020689655172407,1.4435714285714287,88,29,28,0.9724164141338373,-0.19020689655172407
NOFILT,15,15,145,1.269183112773748,1.7993999999999997,260.91299999999995,84.495,55.172413793103445,1.3319464290717546,0.9213933748934678,1.5358412641407788,2.1540909090909093,-0.6265517241379308,3.1972500000000004,88,29,28,0.9213933748934678,-0.6265517241379308
NOFILT,15,18,145,1.4299626659624016,2.9641448275862072,429.80100000000004,75.877,53.79310344827586,1.5086635965144273,0.9583497308108943,1.849661818399473,3.387659090909091,-0.354,5.069750000000001,88,29,28,0.9583497308108943,-0.354
NOFILT,15,20,145,1.4919615521261458,3.4952137931034484,506.80600000000004,79.99499999999999,52.41379310344828,1.513754757769334,1.0581058986291032,2.05160112527683,3.5999204545454546,0.49386206896551743,6.274678571428571,88,29,28,1.0581058986291032,0.49386206896551743
NOFILT,15,22,145,1.5863338503091806,4.226379310344828,612.825,78.05799999999999,51.724137931034484,1.5695296296882666,1.171968630442103,2.261183934877596,4.087863636363637,1.4616206896551729,7.525214285714285,88,29,28,1.171968630442103,1.4616206896551729
NOFILT,15,25,145,1.6785649183242999,5.031806896551725,729.6120000000001,75.87699999999998,50.3448275862069,1.6624609336943692,1.3277615718858653,2.2106101378439234,4.868011363636364,2.7857586206896565,7.872857142857144,88,29,28,1.3277615718858653,2.7857586206896565
NOFILT,15,27,145,1.6615450111538137,5.047579310344829,731.8990000000001,92.241,48.275862068965516,1.6279804948746204,1.2431683138069565,2.3853204459333295,4.726909090909091,2.1957931034482763,9.009035714285714,88,29,28,1.2431683138069565,2.1957931034482763
NOFILT,15,30,145,1.623879083593693,4.964593103448276,719.8660000000001,89.24099999999999,45.51724137931035,1.7480034420809492,1.2647558911352441,1.6772236076475475,5.63034090909091,2.4001034482758623,5.528321428571429,88,29,28,1.2647558911352441,2.4001034482758623
NOFILT,15,32,145,1.676358814582422,5.3822068965517245,780.4200000000001,87.13099999999999,45.51724137931035,1.7793218496656047,1.351486334848514,1.7516340727129545,5.866079545454546,3.1863448275862076,6.13575,88,29,28,1.351486334848514,3.1863448275862076
NOFILT,15,35,145,1.4749352705702214,4.077227586206897,591.1980000000001,87.44999999999997,41.37931034482759,1.4988479868120075,1.2713656387665198,1.6363076670497456,4.0989545454545455,2.6020689655172418,5.536785714285714,88,29,28,1.2713656387665198,2.6020689655172418
NOFILT,15,40,145,1.4543783227143356,3.96808275862069,575.3720000000001,125.23999999999994,39.310344827586206,1.5300913872289308,1.282504297912848,1.42898041185334,4.372784090909092,2.7425517241379316,3.9654642857142868,88,29,28,1.282504297912848,2.7425517241379316
NOFILT,15,45,145,1.5072793597722305,4.4825793103448275,649.974,125.23999999999994,38.62068965517241,1.6182675273651987,1.408301720585937,1.31481887233421,5.1001590909090915,3.9637931034482765,3.0789285714285706,88,29,28,1.31481887233421,3.0789285714285706
NOFILT,15,50,145,1.585857734446583,5.176937931034483,750.6560000000001,125.23999999999997,38.62068965517241,1.7013646094208468,1.44214156827643,1.4274138182880516,5.785636363636363,4.292310344827586,4.180107142857143,88,29,28,1.4274138182880516,4.180107142857143
NOFILT,15,60,145,1.6020366927988359,5.4454758620689665,789.5940000000002,125.23999999999992,37.24137931034483,1.7380688558707256,1.3686830054016894,1.4868536371603858,6.214363636363637,3.772758620689655,4.761428571428572,88,29,28,1.3686830054016894,3.772758620689655
NOFILT,15,75,145,1.5789334850717303,5.297620689655173,768.1550000000001,126.54000000000008,36.55172413793103,1.809918994612864,1.3305611624247284,1.2101957347356123,6.960204545454546,3.3826551724137945,2.055714285714287,88,29,28,1.2101957347356123,2.055714285714287
NOFILT,15,100,145,1.557129883294582,5.098103448275863,739.2250000000001,126.54000000000008,36.55172413793103,1.8935425774152854,1.0348329789492483,1.1940914402570848,7.678840909090909,0.3564482758620692,1.8982142857142865,88,29,28,1.0348329789492483,0.3564482758620692
NOFILT,16,3,145,0.6982231573587714,-1.1118000000000001,-161.211,186.421,76.55172413793103,0.6750334397146476,0.7597855005849043,0.7184814420302595,-1.2589204545454544,-0.8001379310344833,-0.9722142857142855,88,29,28,0.6750334397146476,-1.2589204545454544
NOFILT,16,4,145,0.8060628647387963,-0.7787793103448277,-112.92300000000002,145.963,74.48275862068967,0.7683445406089465,0.8127836443244489,0.9437211082039773,-0.9818295454545456,-0.7268965517241376,-0.19435714285714287,88,29,28,0.7683445406089465,-0.9818295454545456
NOFILT,16,5,145,0.9181252095451691,-0.34693793103448295,-50.306000000000026,116.794,73.10344827586206,0.8855639685207746,0.9902572892705844,0.9584556573567367,-0.5059659090909091,-0.03782758620689672,-0.16728571428571423,88,29,28,0.8855639685207746,-0.5059659090909091
NOFILT,16,6,145,0.9857535567153952,-0.06522758620689655,-9.457999999999998,120.13600000000001,71.03448275862068,1.051192293655322,0.8496911508909372,0.9423266577106162,0.22634090909090918,-0.7568620689655172,-0.26525000000000015,88,29,28,0.8496911508909372,-0.7568620689655172
NOFILT,16,7,145,0.8808667418196177,-0.6574068965517245,-95.32400000000004,160.09900000000002,65.51724137931035,0.9178742028997712,0.7192819045718152,0.9607534345925113,-0.44329545454545494,-1.7459310344827585,-0.20292857142857162,88,29,28,0.7192819045718152,-1.7459310344827585
NOFILT,16,8,145,0.9045935563218093,-0.5585310344827586,-80.98700000000001,134.945,63.44827586206897,0.9841700256504213,0.7026204340921124,0.9082494245813871,-0.08836363636363664,-2.014551724137931,-0.5281785714285713,88,29,28,0.7026204340921124,-2.014551724137931
NOFILT,16,10,145,1.0145749815784413,0.09044137931034471,13.113999999999983,119.003,60.689655172413794,1.0776971607033896,0.7635498581129732,1.1394839534205612,0.46448863636363635,-1.7325517241379311,0.8029642857142859,88,29,28,0.7635498581129732,-1.7325517241379311
NOFILT,16,12,145,1.1364716152896597,0.8775793103448275,127.24899999999998,100.508,59.310344827586206,1.2131712382712563,0.9151266159355838,1.1671363562215584,1.313306818181818,-0.6218965517241378,1.0611785714285717,88,29,28,0.9151266159355838,-0.6218965517241378
NOFILT,16,15,145,1.2648634546011008,1.8203517241379308,263.95099999999996,91.53800000000001,56.55172413793104,1.3772872596070123,0.8710523086990307,1.4433419396209854,2.462090909090909,-1.087206896551724,2.814857142857143,88,29,28,0.8710523086990307,-1.087206896551724
NOFILT,16,18,145,1.4231536402798333,3.005137931034483,435.745,82.055,55.172413793103445,1.5569389177629795,0.9053609140421685,1.738261979896162,3.740806818181818,-0.8514482758620687,4.687357142857144,88,29,28,0.9053609140421685,-0.8514482758620687
NOFILT,16,20,145,1.4848009520706973,3.5511034482758617,514.91,88.13600000000001,53.79310344827586,1.5614655883173836,0.9996013905337918,1.928039060170888,3.977613636363636,-0.003586206896551574,5.8922857142857135,88,29,28,0.9996013905337918,-0.003586206896551574
NOFILT,16,22,145,1.5506531936063266,4.114503448275863,596.6030000000001,85.21300000000001,52.41379310344828,1.5717505063884036,1.1071684546600897,2.124999296871924,4.189125,0.9641724137931035,7.142821428571429,88,29,28,1.1071684546600897,0.9641724137931035
NOFILT,16,25,145,1.6402750848659402,4.926068965517241,714.28,81.178,51.03448275862069,1.6645482758568513,1.2543473344908338,2.0770703364861167,4.99075,2.2883103448275866,7.4547500000000015,88,29,28,1.2543473344908338,2.2883103448275866
NOFILT,16,27,145,1.6229271433294474,4.937793103448276,715.98,99.284,48.96551724137931,1.6298175234674817,1.173967919683813,2.2412266443752995,4.854454545454545,1.66351724137931,8.590928571428572,88,29,28,1.173967919683813,1.66351724137931
NOFILT,16,30,145,1.542380624683082,4.54411724137931,658.8969999999999,96.284,45.51724137931035,1.6676508628760232,1.194613607539225,1.5829214615152751,5.26765909090909,1.8678275862068967,5.042000000000001,88,29,28,1.194613607539225,1.8678275862068967
NOFILT,16,32,145,1.5922265282872254,4.961731034482759,719.451,94.17399999999999,45.51724137931035,1.6975296195049445,1.2765340547765074,1.6531481871446443,5.503397727272728,2.654068965517241,5.6494285714285715,88,29,28,1.2765340547765074,2.654068965517241
NOFILT,16,35,145,1.4445502950220295,3.9712965517241376,575.838,98.66600000000001,42.06896551724138,1.4284095057720771,1.3965566178399103,1.5436948466062876,3.6937613636363626,3.805999999999999,5.014749999999999,88,29,28,1.3965566178399103,3.6937613636363626
NOFILT,16,40,145,1.427695842254855,3.8875310344827585,563.692,136.456,40.0,1.4584527672112804,1.4233253367780034,1.3468811792853062,3.9675909090909087,4.113379310344828,3.4019999999999997,88,29,28,1.3468811792853062,3.4019999999999997
NOFILT,16,45,145,1.4813062188693042,4.428993103448276,642.2040000000001,136.456,39.310344827586206,1.5425005153766054,1.5675330390222442,1.2375956855156105,4.694965909090908,5.514620689655172,2.4686785714285713,88,29,28,1.2375956855156105,2.4686785714285713
NOFILT,16,50,145,1.5603854922528313,5.15668275862069,747.719,136.45599999999996,39.310344827586206,1.6217070061017962,1.6184933354152768,1.343577598504092,5.3804431818181815,6.009793103448277,3.5698571428571433,88,29,28,1.343577598504092,3.5698571428571433
NOFILT,16,60,145,1.5772823895712365,5.440806896551724,788.9169999999999,136.45600000000002,37.93103448275862,1.6556440643537238,1.5462679451539691,1.3995263416595916,5.795193181818181,5.610586206896553,4.151178571428572,88,29,28,1.3995263416595916,4.151178571428572
NOFILT,16,75,145,1.5540178061452457,5.28463448275862,766.2719999999999,140.9169999999998,37.24137931034483,1.723123250904211,1.508285994386474,1.1391173730867195,6.527329545454546,5.220482758620689,1.445464285714286,88,29,28,1.1391173730867195,1.445464285714286
NOFILT,16,100,145,1.5331012972139757,5.08511724137931,737.3419999999999,140.9169999999998,37.24137931034483,1.8027366149716935,1.2136430173374697,1.1239589312782934,7.245965909090909,2.1942758620689657,1.2879642857142863,88,29,28,1.1239589312782934,1.2879642857142863
NOFILT,18,3,145,0.6696341846772229,-1.2901172413793105,-187.067,212.27700000000002,77.93103448275862,0.6347063659278857,0.8476353970539373,0.6397918777051296,-1.524943181818182,-0.4743793103448275,-1.3969642857142854,88,29,28,0.6347063659278857,-1.524943181818182
NOFILT,18,4,145,0.7692058602723926,-0.987993103448276,-143.25900000000001,176.29899999999995,75.86206896551724,0.7198602285278427,0.8818148250715406,0.8403628326733585,-1.2854659090909093,-0.4414827586206896,-0.6191071428571427,88,29,28,0.7198602285278427,-1.2854659090909093
NOFILT,18,5,145,0.8733823578587692,-0.574496551724138,-83.30200000000002,146.798,74.48275862068967,0.8282990792385592,1.0796639896612203,0.8473535638673253,-0.8234659090909091,0.29758620689655163,-0.6952499999999999,88,29,28,0.8282990792385592,-0.8234659090909091
NOFILT,18,6,145,0.9045986094201719,-0.4804275862068963,-69.66199999999996,137.525,71.72413793103448,0.9294567336754218,0.9004682625867184,0.8335623025140817,-0.35275000000000006,-0.4962068965517242,-0.8653571428571432,88,29,28,0.8335623025140817,-0.8653571428571432
NOFILT,18,7,145,0.8422726090532279,-0.9284965517241381,-134.63200000000003,184.85700000000003,66.89655172413794,0.8273425936468176,0.7559857248610604,1.0036062645967854,-1.033943181818182,-1.5231034482758623,0.018750000000000076,88,29,28,0.7559857248610604,-1.5231034482758623
NOFILT,18,8,145,0.8633501862780835,-0.855758620689655,-124.08499999999998,165.08899999999994,64.82758620689654,0.8867814816377366,0.7338511938258703,0.9426827779812035,-0.7013977272727274,-1.826551724137931,-0.33542857142857135,88,29,28,0.7338511938258703,-1.826551724137931
NOFILT,18,10,145,0.966847966311217,-0.22064827586206898,-31.994,129.132,62.06896551724138,0.9708017698387691,0.7938683523556522,1.1820456487245208,-0.19377272727272726,-1.5438620689655174,1.0653571428571431,88,29,28,0.7938683523556522,-1.5438620689655174
NOFILT,18,12,145,1.082593622119521,0.5702827586206896,82.69099999999999,107.552,60.689655172413794,1.0923473471977252,0.9512755466135058,1.2071373584075662,0.6318636363636365,-0.3649310344827585,1.345357142857143,88,29,28,0.9512755466135058,-0.3649310344827585
NOFILT,18,15,145,1.202039713881231,1.4960413793103444,216.92599999999993,105.59099999999997,57.931034482758626,1.2389440970438221,0.899865050428524,1.493582975915539,1.7334090909090905,-0.8750689655172412,3.205821428571429,88,29,28,0.899865050428524,-0.8750689655172412
NOFILT,18,18,145,1.3534841014107248,2.705455172413793,392.291,90.60100000000006,56.55172413793104,1.4018441168316407,0.9375262471542559,1.7998075442648191,2.9976931818181822,-0.5847931034482757,5.194749999999999,88,29,28,0.9375262471542559,-0.5847931034482757
NOFILT,18,20,145,1.4113203727265269,3.250662068965517,471.34599999999995,103.26299999999999,55.172413793103445,1.4054714300564815,1.035213550530837,1.9950016496205873,3.191318181818182,0.32962068965517244,6.462535714285714,88,29,28,1.035213550530837,0.32962068965517244
NOFILT,18,22,145,1.4760828931328729,3.8381310344827586,556.529,100.33999999999999,53.79310344827586,1.4160484701470117,1.1499863698988422,2.1990872099417134,3.3835000000000006,1.4039655172413794,7.788071428571428,88,29,28,1.1499863698988422,1.4039655172413794
NOFILT,18,25,145,1.5605075517273417,4.6601448275862065,675.721,94.35600000000001,52.41379310344828,1.4984321876906983,1.3027724362516482,2.138334583645911,4.158193181818182,2.8341379310344825,8.12892857142857,88,29,28,1.3027724362516482,2.8341379310344825
NOFILT,18,27,145,1.545216401461299,4.670744827586208,677.258,106.328,50.3448275862069,1.4686994726891789,1.2176207497970952,2.307641910477619,4.008909090909091,2.1727931034482753,9.337964285714287,88,29,28,1.2176207497970952,2.1727931034482753
NOFILT,18,30,145,1.467732707256442,4.2509999999999994,616.395,103.328,46.89655172413793,1.4980062980797846,1.2489778781162673,1.6256556442417327,4.3741590909090915,2.494689655172413,5.682964285714285,88,29,28,1.2489778781162673,2.494689655172413
NOFILT,18,32,145,1.5171652618383473,4.700268965517242,681.539,103.70299999999999,46.89655172413793,1.5248455883684766,1.3366360144817808,1.7000786379900128,4.6098977272727275,3.3729999999999998,6.3589642857142845,88,29,28,1.3366360144817808,3.3729999999999998
NOFILT,18,35,145,1.3756318167841146,3.6563379310344817,530.1689999999999,120.08000000000015,43.44827586206896,1.2787720465733123,1.4590703853089766,1.5872818411327796,2.684840909090909,4.599758620689657,5.732499999999999,88,29,28,1.2787720465733123,2.684840909090909
NOFILT,18,40,145,1.366265209600147,3.6269172413793105,525.903,157.39299999999997,41.37931034482759,1.3061782954123176,1.5002805845681888,1.406378233719893,2.958670454545455,5.072310344827587,4.230107142857142,88,29,28,1.3061782954123176,2.958670454545455
NOFILT,18,45,145,1.4212155451467665,4.224103448275862,612.495,157.39300000000003,40.689655172413794,1.381450766965676,1.6556258056178135,1.307858711093891,3.686045454545454,6.647344827586206,3.405357142857143,88,29,28,1.307858711093891,3.405357142857143
NOFILT,18,50,145,1.5008723531114843,5.02293103448276,728.3250000000002,157.39299999999997,40.689655172413794,1.4523874481986538,1.7224321410473116,1.4236568513496062,4.371522727272727,7.324689655172413,4.68625,88,29,28,1.4236568513496062,4.371522727272727
NOFILT,18,60,145,1.5351432366056523,5.471551724137931,793.375,157.39300000000003,39.310344827586206,1.496086693363352,1.6693660550047105,1.5084592535193078,4.852522727272728,7.202517241379312,5.624285714285714,88,29,28,1.496086693363352,4.852522727272728
NOFILT,18,75,145,1.5280482262357442,5.464731034482759,792.3860000000001,157.39299999999997,38.62068965517241,1.557465169521226,1.6583324253475447,1.3133152524861165,5.567227272727272,7.083793103448278,3.4657142857142866,88,29,28,1.3133152524861165,3.4657142857142866
NOFILT,18,100,145,1.5251893583474279,5.435144827586206,788.0959999999999,157.39300000000003,38.62068965517241,1.6294246428197554,1.3770918390237332,1.3786323130569547,6.285863636363637,4.057586206896552,4.188214285714286,88,29,28,1.3770918390237332,4.057586206896552
NOFILT,20,3,145,0.6123627260981913,-1.655344827586207,-240.025,265.23500000000007,77.93103448275862,0.5889542813841879,0.7498089546389733,0.5730842200775386,-1.8492386363636364,-0.8805862068965516,-1.848392857142857,88,29,28,0.5730842200775386,-1.8492386363636364
NOFILT,20,4,145,0.7298284692547807,-1.229634482758621,-178.29700000000003,220.34799999999998,76.55172413793103,0.7084598750600672,0.7797485919516774,0.7527427204487338,-1.378852272727273,-0.9304482758620689,-1.0705357142857144,88,29,28,0.7084598750600672,-1.378852272727273
NOFILT,20,5,145,0.8243485977839312,-0.8517724137931035,-123.50700000000002,201.81400000000002,75.17241379310344,0.8070493665037883,0.9546975757081057,0.7651019541206455,-0.9634090909090909,-0.1913793103448276,-1.184892857142857,88,29,28,0.7651019541206455,-1.184892857142857
NOFILT,20,6,145,0.8498311269550448,-0.8122758620689655,-117.78,196.624,72.41379310344827,0.9030042843745444,0.7975678490473564,0.7513466658411245,-0.5065568181818182,-1.139413793103448,-1.4342857142857142,88,29,28,0.7513466658411245,-1.4342857142857142
NOFILT,20,7,145,0.8169161935221454,-1.1330551724137936,-164.29300000000006,205.137,68.27586206896552,0.802142048798153,0.7842030722300903,0.9046189090458795,-1.241727272727273,-1.366068965517242,-0.5501785714285715,88,29,28,0.7842030722300903,-1.366068965517242
NOFILT,20,8,145,0.8085924419506857,-1.2930068965517245,-187.48600000000005,234.50799999999998,65.51724137931035,0.8576458989504173,0.6496861752525499,0.8505010461402929,-0.9270568181818184,-2.7156206896551724,-0.9697142857142855,88,29,28,0.6496861752525499,-2.7156206896551724
NOFILT,20,10,145,0.9039271050179993,-0.6913034482758621,-100.239,181.45600000000002,62.758620689655174,0.9368212378575752,0.7014298789789484,1.0664574386080825,-0.44219318181818185,-2.5308965517241373,0.43107142857142894,88,29,28,0.7014298789789484,-2.5308965517241373
NOFILT,20,12,145,1.011578885193129,0.08652413793103453,12.546000000000006,129.89700000000002,61.37931034482759,1.053338134179456,0.8405084918132818,1.0883986117997024,0.38548863636363656,-1.3519655172413796,0.6367857142857146,88,29,28,0.8405084918132818,-1.3519655172413796
NOFILT,20,15,145,1.1001183137393964,0.8100275862068964,117.45399999999998,128.46800000000002,57.931034482758626,1.1537980140130673,0.797523334580642,1.346668319286068,1.1980568181818176,-1.9964827586206895,2.4972500000000006,88,29,28,0.797523334580642,-1.9964827586206895
NOFILT,20,18,145,1.2378997631460538,1.9908206896551723,288.669,119.03800000000001,56.55172413793104,1.3042331529187337,0.8313999261700897,1.622771442736738,2.4393863636363644,-1.779655172413793,4.486178571428572,88,29,28,0.8313999261700897,-1.779655172413793
NOFILT,20,20,145,1.2901228954375685,2.5082344827586214,363.6940000000001,120.046,55.172413793103445,1.3052856282776217,0.918029198749465,1.7987654933068915,2.5872159090909093,-0.865241379310345,5.753964285714285,88,29,28,0.918029198749465,-0.865241379310345
NOFILT,20,22,145,1.3493360859569277,3.0808551724137936,446.72400000000005,117.11300000000003,53.79310344827586,1.3144528134002444,1.0198099369832312,1.9827764005949426,2.7549318181818183,0.20910344827586208,7.079499999999999,88,29,28,1.0198099369832312,0.20910344827586208
NOFILT,20,25,145,1.4362211108371248,3.940662068965518,571.3960000000001,111.12900000000003,52.41379310344828,1.3907128625753469,1.1553008895524142,2.009588268471517,3.512011363636364,1.6392758620689656,7.671428571428572,88,29,28,1.1553008895524142,1.6392758620689656
NOFILT,20,27,145,1.4203050402981143,3.917324137931034,568.012,107.24900000000001,50.3448275862069,1.3605277829399738,1.0810058349711933,2.168701823651062,3.328863636363636,0.9110000000000005,8.880464285714286,88,29,28,1.0810058349711933,0.9110000000000005
NOFILT,20,30,145,1.348234400267663,3.4454551724137934,499.59100000000007,114.31799999999998,46.89655172413793,1.3903585349276757,1.1092846401193286,1.5051183481496042,3.694113636363636,1.2328965517241381,4.955535714285714,88,29,28,1.1092846401193286,1.2328965517241381
NOFILT,20,32,145,1.3936423074778341,3.8947241379310347,564.735,120.47600000000004,46.89655172413793,1.4152691353517983,1.1871385604773141,1.574023109014263,3.9298522727272727,2.111206896551724,5.631535714285714,88,29,28,1.1871385604773141,2.111206896551724
NOFILT,20,35,145,1.2593923755704828,2.757924137931035,399.89900000000006,142.466,43.44827586206896,1.1782836343394898,1.2958791309557287,1.4720333346906092,1.863477272727273,3.33796551724138,4.968285714285714,88,29,28,1.1782836343394898,1.863477272727273
NOFILT,20,40,145,1.2511414418488074,2.715744827586207,393.783,180.256,41.37931034482759,1.2038521900104482,1.334234667489361,1.302486749621872,2.137306818181818,3.810517241379311,3.399821428571428,88,29,28,1.2038521900104482,2.137306818181818
NOFILT,20,45,145,1.3009783425023436,3.297275862068966,478.1050000000001,180.25600000000003,40.689655172413794,1.2732278105097956,1.4723868114850542,1.2083057409959492,2.8646818181818174,5.3855517241379305,2.494,88,29,28,1.2083057409959492,2.494
NOFILT,20,50,145,1.3738960518173398,4.096103448275862,593.935,180.25600000000003,40.689655172413794,1.3386073068269018,1.5317992505013294,1.315289436161772,3.5501590909090903,6.062896551724139,3.7748928571428566,88,29,28,1.315289436161772,3.5501590909090903
NOFILT,20,60,145,1.4058212630958653,4.531,656.995,180.256,39.310344827586206,1.3801916487775179,1.4856742758707229,1.393636759555898,4.0311590909090915,5.872103448275862,4.71292857142857,88,29,28,1.3801916487775179,4.0311590909090915
NOFILT,20,75,145,1.398956965682853,4.509765517241379,653.9159999999999,180.25600000000003,38.62068965517241,1.4359492990963054,1.475854752044902,1.2133469356099253,4.722113636363637,5.753379310344828,2.5543571428571434,88,29,28,1.2133469356099253,2.5543571428571434
NOFILT,20,100,145,1.396339618221131,4.480179310344828,649.626,180.256,38.62068965517241,1.5022943816499827,1.2255609934175247,1.2736921232079899,5.44075,2.7271724137931033,3.2768571428571436,88,29,28,1.2255609934175247,2.7271724137931033
NOFILT,22,3,145,0.6325467640405952,-1.5583793103448278,-225.96500000000003,251.175,80.0,0.6592719616227832,0.6722856640899508,0.5241141546655401,-1.4270000000000003,-1.2864482758620692,-2.2529285714285714,88,29,28,0.5241141546655401,-2.2529285714285714
NOFILT,22,4,145,0.718252292205621,-1.324944827586207,-192.11700000000002,234.31799999999998,77.93103448275862,0.7331762006974171,0.7019914756025867,0.6884208302843304,-1.252977272727273,-1.3983793103448277,-1.4750714285714288,88,29,28,0.6884208302843304,-1.4750714285714288
NOFILT,22,5,145,0.8113959863175544,-0.9457034482758622,-137.127,222.95099999999996,76.55172413793103,0.8361394600688317,0.8594944150499706,0.6991789436906771,-0.8126477272727275,-0.6593103448275863,-1.6605,88,29,28,0.6991789436906771,-1.6605
NOFILT,22,6,145,0.8317140045080545,-0.9468965517241382,-137.30000000000004,220.561,73.79310344827587,0.9314859329124912,0.7210978176581366,0.6860311950567312,-0.35693181818181824,-1.7363103448275865,-1.9834642857142857,88,29,28,0.6860311950567312,-1.9834642857142857
NOFILT,22,7,145,0.8071826582576586,-1.230937931034483,-178.48600000000005,221.55399999999995,69.6551724137931,0.836851037187155,0.7107578375709701,0.8259792975176242,-1.0127045454545458,-2.0202068965517244,-1.0993571428571431,88,29,28,0.7107578375709701,-2.0202068965517244
NOFILT,22,8,145,0.7964020638468119,-1.4249103448275864,-206.61200000000002,266.188,66.89655172413794,0.8930038329138061,0.5909050451106527,0.7756870897924545,-0.6912159090909095,-3.4867586206896553,-1.5953214285714286,88,29,28,0.5909050451106527,-3.4867586206896553
NOFILT,22,10,145,0.8602724397298163,-1.067841379310345,-154.83700000000002,234.128,63.44827586206897,0.9196643230467789,0.6373818509797542,0.9726469716828113,-0.5828636363636366,-3.3826896551724137,-0.194535714285714,88,29,28,0.6373818509797542,-3.3826896551724137
NOFILT,22,12,145,0.9760569025126072,-0.1874620689655175,-27.182000000000038,175.46200000000002,62.06896551724138,1.0324975283164843,0.7637611033279488,1.0747208310691398,0.24390909090909066,-2.203758620689655,0.545107142857143,88,29,28,0.7637611033279488,-2.203758620689655
NOFILT,22,15,145,1.058588169670003,0.49836551724137895,72.26299999999995,149.66100000000003,58.620689655172406,1.128831889838769,0.7236704735490953,1.3297448927139477,1.045306818181818,-3.0027586206896553,2.4055714285714282,88,29,28,0.7236704735490953,-3.0027586206896553
NOFILT,22,18,145,1.1895269416425471,1.6704551724137933,242.216,146.39100000000002,57.24137931034483,1.274221778655858,0.7545607371894653,1.6023782598265996,2.294909090909091,-2.854551724137931,4.3945,88,29,28,0.7545607371894653,-2.854551724137931
NOFILT,22,20,145,1.2378963458655599,2.1702758620689653,314.68999999999994,141.298,55.86206896551724,1.2718830599484166,0.8331836065476561,1.7761606133149264,2.4137499999999994,-1.9401379310344826,5.662285714285714,88,29,28,0.8331836065476561,-1.9401379310344826
NOFILT,22,22,145,1.2945954294374686,2.742758620689655,397.7,134.149,54.48275862068965,1.2809723429968123,0.9255576210933908,1.9578590766007236,2.581238636363636,-0.8657931034482755,6.987821428571428,88,29,28,0.9255576210933908,-0.8657931034482755
NOFILT,22,25,145,1.3794186204563008,3.619193103448276,524.783,128.16499999999996,53.103448275862064,1.3566252787423723,1.0485263029936462,1.9856311563343192,3.365715909090909,0.5643793103448281,7.57975,88,29,28,1.0485263029936462,0.5643793103448281
NOFILT,22,27,145,1.3690544348117213,3.618703448275862,524.712,124.28499999999997,51.03448275862069,1.3271750989360491,0.9984084640261897,2.142847854658264,3.172590909090909,-0.019379310344827257,8.788785714285718,88,29,28,0.9984084640261897,-0.019379310344827257
NOFILT,22,30,145,1.256159740537227,2.7202344827586207,394.434,129.45099999999996,46.89655172413793,1.2826062875246473,1.0247723390136807,1.461419098518267,2.89909090909091,0.30251724137931046,4.662178571428571,88,29,28,1.0247723390136807,0.30251724137931046
NOFILT,22,32,145,1.2984666160539347,3.1695034482758624,459.57800000000003,137.512,46.89655172413793,1.3055863260739526,1.0966948566265229,1.5283232948761452,3.1348295454545454,1.180827586206897,5.338178571428571,88,29,28,1.0966948566265229,1.180827586206897
NOFILT,22,35,145,1.1773471751429556,2.017000000000001,292.4650000000001,165.68800000000002,43.44827586206896,1.0892766866707606,1.1971508845247,1.4460570262864914,1.0093977272727273,2.407586206896552,4.779214285714285,88,29,28,1.0892766866707606,1.0093977272727273
NOFILT,22,40,145,1.1694193962970936,1.9600620689655177,284.20900000000006,203.478,41.37931034482759,1.1131726402907185,1.2335669263594722,1.2724295497016844,1.2832272727272727,2.8801379310344832,3.134321428571428,88,29,28,1.1131726402907185,1.2832272727272727
NOFILT,22,45,145,1.215882782434545,2.5305586206896553,366.93100000000004,203.478,40.689655172413794,1.177322577703214,1.3612955184814404,1.176598735883255,2.0106022727272728,4.455172413793105,2.1713571428571425,88,29,28,1.176598735883255,2.0106022727272728
NOFILT,22,50,145,1.2840310247182258,3.3293862068965523,482.7610000000001,203.47799999999998,40.689655172413794,1.2377773969410795,1.4162253007533514,1.2807750848166568,2.696079545454545,5.132517241379311,3.45225,88,29,28,1.2377773969410795,2.696079545454545
NOFILT,22,60,145,1.3139205882132203,3.7500758620689663,543.7610000000001,203.47799999999998,39.310344827586206,1.2773035646981805,1.372034588022725,1.3570665055537483,3.177079545454546,4.8706896551724155,4.390285714285715,88,29,28,1.2773035646981805,3.177079545454546
NOFILT,22,75,145,1.3067088373153255,3.7117586206896562,538.2050000000002,203.47799999999998,38.62068965517241,1.3278025365868804,1.3629661626311338,1.181507645117814,3.839886363636363,4.751965517241381,2.231714285714286,88,29,28,1.181507645117814,2.231714285714286
NOFILT,22,100,145,1.3042640794403841,3.6821724137931033,533.915,203.47799999999998,38.62068965517241,1.3891509205167858,1.131817451516979,1.2402693219314962,4.558522727272727,1.7257586206896556,2.954214285714286,88,29,28,1.131817451516979,1.7257586206896556
NOFILT,25,3,145,0.586831141466685,-1.9040758620689655,-276.091,301.30100000000004,80.6896551724138,0.6278192420122538,0.6094847495420881,0.46126012481742135,-1.658056818181818,-1.690931034482759,-2.8980357142857147,88,29,28,0.46126012481742135,-2.8980357142857147
NOFILT,25,4,145,0.6639354071006476,-1.7237448275862073,-249.94300000000004,286.28700000000003,78.62068965517241,0.6941137902578537,0.6334261653736489,0.6058624352675607,-1.5374431818181817,-1.906310344827586,-2.1201785714285712,88,29,28,0.6058624352675607,-2.1201785714285712
NOFILT,25,5,145,0.7500821783238142,-1.3685241379310347,-198.43600000000004,276.5,77.24137931034483,0.7925185272320904,0.7755453882368544,0.6152527897973126,-1.102375,-1.1672413793103447,-2.413464285714286,88,29,28,0.6152527897973126,-2.413464285714286
NOFILT,25,6,145,0.7813408350404282,-1.3213724137931033,-191.599,263.65,74.48275862068967,0.8792752372735118,0.7120269087726975,0.6042423940646318,-0.6757499999999997,-1.815620689655172,-2.8385714285714294,88,29,28,0.6042423940646318,-2.8385714285714294
NOFILT,25,7,145,0.7828712909972174,-1.456358620689655,-211.17199999999997,272.46,71.03448275862068,0.8362030270611674,0.6918452378091856,0.7275058507195139,-1.0491363636363638,-2.2111379310344823,-1.954464285714286,88,29,28,0.6918452378091856,-2.2111379310344823
NOFILT,25,8,145,0.7680407953376757,-1.7172275862068964,-248.998,327.664,68.27586206896552,0.8894608088630997,0.5653622980835111,0.6832750917857302,-0.7399204545454549,-3.8718275862068956,-2.5572142857142857,88,29,28,0.5653622980835111,-3.8718275862068956
NOFILT,25,10,145,0.8821618790611795,-0.9154965517241378,-132.74699999999999,233.74399999999997,66.20689655172414,0.9614989884957944,0.7071848012479822,0.8567700269827929,-0.28093181818181845,-2.608448275862069,-1.1564285714285714,88,29,28,0.7071848012479822,-2.608448275862069
NOFILT,25,12,145,0.9996412269174907,-0.0028620689655167943,-0.4149999999999352,157.524,64.82758620689654,1.0763673534847258,0.8463402454932898,0.9495242214532872,0.5789886363636364,-1.3688275862068962,-0.4167857142857142,88,29,28,0.8463402454932898,-1.3688275862068962
NOFILT,25,15,145,1.0859175853131027,0.7454689655172413,108.09299999999999,156.98799999999997,61.37931034482759,1.1855074279826794,0.7875828957044879,1.1748399653979236,1.5140568181818184,-2.2609310344827582,1.4436785714285716,88,29,28,0.7875828957044879,-2.2609310344827582
NOFILT,25,18,145,1.2196695096763737,1.9819310344827585,287.38,162.25799999999998,60.0,1.339288668988535,0.8173380365689557,1.4157136678200692,2.866090909090909,-2.1016896551724136,3.432607142857143,88,29,28,0.8173380365689557,-2.1016896551724136
NOFILT,25,20,145,1.2652889349572427,2.4852413793103447,360.36,146.99300000000008,58.620689655172406,1.3294152340840613,0.902176095615142,1.5692517301038063,2.970340909090909,-1.1255517241379307,4.700392857142858,88,29,28,0.902176095615142,-1.1255517241379307
NOFILT,25,22,145,1.3143066654565205,3.009241379310345,436.34000000000003,131.985,57.24137931034483,1.3241947021524403,1.0020229507508893,1.7297837370242213,3.0333977272727277,0.023275862068965786,6.025928571428572,88,29,28,1.0020229507508893,0.023275862068965786
NOFILT,25,25,145,1.4000747002686822,3.93,569.85,125.91799999999995,55.86206896551724,1.4000575181394297,1.135252988722424,1.7648807066787746,3.8570454545454553,1.556206896551725,6.617857142857145,88,29,28,1.135252988722424,1.556206896551725
NOFILT,25,27,145,1.3895727916160243,3.9413724137931037,571.499,121.88499999999999,53.79310344827586,1.3682441349099257,1.0859808645295674,1.904619004375464,3.662443181818182,1.0362413793103453,7.826892857142857,88,29,28,1.0859808645295674,1.0362413793103453
NOFILT,25,30,145,1.275930763121389,3.0357655172413787,440.1859999999999,147.04799999999994,49.6551724137931,1.3255405772774151,1.121916499065714,1.3011077194197058,3.429170454545455,1.4736551724137932,3.4172499999999997,88,29,28,1.121916499065714,1.4736551724137932
NOFILT,25,32,145,1.3202597417251047,3.5234689655172415,510.903,145.128,49.6551724137931,1.3520516261548354,1.1995521131983968,1.3606728136702646,3.7084318181818188,2.412068965517242,4.093249999999999,88,29,28,1.1995521131983968,2.412068965517242
NOFILT,25,35,145,1.2010217180734983,2.3759103448275862,344.507,187.36,46.206896551724135,1.1333002717853724,1.3094213131356356,1.2955264886818372,1.557772727272728,3.740103448275864,3.5342857142857147,88,29,28,1.1333002717853724,1.557772727272728
NOFILT,25,40,145,1.1822701419275583,2.1939379310344824,318.1209999999999,190.933,44.13793103448276,1.1368770152003682,1.3592651811340368,1.138271639221349,1.6039886363636369,4.385413793103448,1.7783214285714288,88,29,28,1.1368770152003682,1.6039886363636369
NOFILT,25,45,145,1.2220755474743228,2.7114000000000003,393.153,192.8399999999998,43.44827586206896,1.2038546389003368,1.460470858098488,1.0517474165238614,2.3888636363636366,5.620793103448277,0.7117857142857144,88,29,28,1.0517474165238614,0.7117857142857144
NOFILT,25,50,145,1.283373918367877,3.4598137931034487,501.67300000000006,190.933,43.44827586206896,1.2552614608839,1.5159608126737327,1.1448693981409357,2.991272727272727,6.298137931034484,1.992678571428571,88,29,28,1.1448693981409357,1.992678571428571
NOFILT,25,60,145,1.3097931862364833,3.858572413793103,559.4929999999999,199.06999999999982,42.06896551724138,1.2933445463988584,1.4532049710077288,1.213065378823285,3.472272727272728,5.926655172413794,2.9307142857142856,88,29,28,1.213065378823285,2.9307142857142856
NOFILT,25,75,145,1.3011712098424006,3.803268965517242,551.474,217.90999999999974,41.37931034482759,1.338818376723392,1.4441262633853584,1.0561354312717453,4.107090909090909,5.80793103448276,0.7721428571428571,88,29,28,1.0561354312717453,0.7721428571428571
NOFILT,25,100,145,1.2988283532612672,3.7736827586206894,547.184,217.90999999999974,41.37931034482759,1.398102968073129,1.2127154643905291,1.108661785324817,4.825727272727274,2.7817241379310347,1.4946428571428574,88,29,28,1.108661785324817,1.4946428571428574
NOFILT,30,3,145,0.7362079263516678,-1.017324137931035,-147.51200000000006,182.61599999999999,84.82758620689656,0.8992134118650356,0.6618924766977363,0.483241132443866,-0.3303750000000001,-1.4009310344827588,-2.779,88,29,28,0.483241132443866,-2.779
NOFILT,30,4,145,0.7979880482683831,-0.9057310344827587,-131.33100000000002,217.64200000000002,82.75862068965517,0.9275303782891909,0.6628556235043871,0.6326663434654695,-0.28748863636363675,-1.748965517241379,-1.9754285714285713,88,29,28,0.6326663434654695,-1.9754285714285713
NOFILT,30,5,145,0.9248644098810613,-0.35397931034482777,-51.32700000000003,203.514,82.06896551724138,1.0238597464591164,0.8139457591066205,0.784469075622439,0.10360227272727278,-0.9651724137931043,-1.1590714285714283,88,29,28,0.784469075622439,-1.1590714285714283
NOFILT,30,6,145,0.9823809237872206,-0.0910620689655173,-13.204000000000008,196.02499999999998,80.0,1.2183754331236194,0.7346129101436845,0.7392124433725877,0.9482159090909092,-1.706896551724138,-1.6838214285714284,88,29,28,0.7346129101436845,-1.706896551724138
NOFILT,30,7,145,0.9526381899329427,-0.2811034482758624,-40.76000000000005,221.758,76.55172413793103,1.0946163542646972,0.6997506119244445,0.891684689717734,0.49812499999999993,-2.241827586206896,-0.699357142857143,88,29,28,0.6997506119244445,-2.241827586206896
NOFILT,30,8,145,0.9256748813163971,-0.4926827586206899,-71.43900000000004,246.26799999999997,73.79310344827587,1.1440926919399017,0.5903122253219703,0.8282768434293151,0.808215909090909,-3.6966551724137933,-1.2628214285714283,88,29,28,0.5903122253219703,-3.6966551724137933
NOFILT,30,10,145,1.0493944101956656,0.3488413793103446,50.581999999999965,169.563,71.72413793103448,1.2000068288089478,0.7371957045133181,1.0391098894160955,1.2647386363636361,-2.3713103448275863,0.287607142857143,88,29,28,0.7371957045133181,-2.3713103448275863
NOFILT,30,12,145,1.0988586943420413,0.7636206896551724,110.725,152.577,68.96551724137932,1.1663474045535018,0.8822600985974699,1.1604126290650456,1.2236477272727275,-1.0623793103448276,1.2090357142857138,88,29,28,0.8822600985974699,-1.0623793103448276
NOFILT,30,15,145,1.1784358672598414,1.5224689655172412,220.75799999999998,145.76899999999992,65.51724137931035,1.276818862392522,0.8000396451756775,1.4294791908527886,2.2122954545454547,-2.2262068965517243,3.2369999999999997,88,29,28,0.8000396451756775,-2.2262068965517243
NOFILT,30,18,145,1.3020648731066984,2.7024827586206897,391.86,164.88700000000003,64.13793103448275,1.4315775120334895,0.8242042259907498,1.651004326255586,3.5966590909090908,-2.1390344827586207,4.906642857142857,88,29,28,0.8242042259907498,-2.1390344827586207
NOFILT,30,20,145,1.2978940360885036,2.8206620689655173,408.99600000000004,151.84199999999998,61.37931034482759,1.3704251599152455,0.9100106556633717,1.6548578097224047,3.3633636363636366,-1.0949655172413792,5.1705,88,29,28,0.9100106556633717,-1.0949655172413792
NOFILT,30,22,145,1.3449976281306544,3.350455172413793,485.81600000000003,136.85400000000004,60.0,1.3600825191104147,1.010018023941235,1.8227404931313522,3.4135454545454547,0.12189655172413806,6.496035714285715,88,29,28,1.010018023941235,0.12189655172413806
NOFILT,30,25,145,1.4438911445784395,4.394917241379312,637.2630000000001,116.86400000000003,58.620689655172406,1.4557256521064437,1.144948195338714,1.8549391092329095,4.405147727272728,1.7636896551724144,7.087964285714285,88,29,28,1.144948195338714,1.7636896551724144
NOFILT,30,27,145,1.4324537687096135,4.420151724137932,640.922,113.12700000000001,56.55172413793104,1.4205392290923615,1.1031133628604208,2.0007710963784318,4.211227272727273,1.3109655172413788,8.297,88,29,28,1.1031133628604208,1.3109655172413788
NOFILT,30,30,145,1.3030795504121957,3.416013793103448,495.322,142.96699999999993,52.41379310344828,1.3699632065531424,1.1450147135191278,1.289064893824455,3.9580681818181818,1.8488275862068966,3.335571428571428,88,29,28,1.1450147135191278,1.8488275862068966
NOFILT,30,32,145,1.3434926454616267,3.8715103448275863,561.369,142.0270000000001,52.41379310344828,1.388896324054247,1.2242459321447121,1.347647919974497,4.160625,2.858965517241379,4.011571428571428,88,29,28,1.2242459321447121,2.858965517241379
NOFILT,30,35,145,1.2337329139760074,2.8147310344827585,408.13599999999997,184.6269999999999,48.96551724137931,1.1805097037488093,1.3364906093127926,1.284176056110316,2.1256022727272725,4.29,3.452607142857143,88,29,28,1.1805097037488093,2.1256022727272725
NOFILT,30,40,145,1.2167303003431003,2.6648275862068957,386.39999999999986,175.1269999999999,46.89655172413793,1.1884246681468094,1.3972667711724749,1.1142943492351325,2.2248863636363634,5.112206896551723,1.5127142857142857,88,29,28,1.1142943492351325,1.5127142857142857
NOFILT,30,45,145,1.2569300954930185,3.213275862068965,465.92499999999995,195.647,46.206896551724135,1.2597842918171591,1.5065396519152698,1.0173323661309663,3.067488636363636,6.518379310344828,0.24832142857142842,88,29,28,1.0173323661309663,0.24832142857142842
NOFILT,30,50,145,1.3221969846109394,4.029531034482759,584.282,185.92700000000013,46.206896551724135,1.315623589509657,1.572110347414821,1.1067362653524682,3.7268295454545455,7.362172413793104,1.5292142857142854,88,29,28,1.1067362653524682,1.5292142857142854
NOFILT,30,60,145,1.3543528739135007,4.530841379310345,656.972,201.87700000000007,44.827586206896555,1.3621122699632018,1.5153195055312862,1.1722093843557513,4.318625,7.167241379310345,2.46725,88,29,28,1.1722093843557513,2.46725
NOFILT,30,75,145,1.367395449311086,4.697606896551725,681.1530000000001,220.71699999999998,44.827586206896555,1.43171072866663,1.5440221945644144,1.0215451805652154,5.148670454545455,7.56644827586207,0.3086785714285717,88,29,28,1.0215451805652154,0.3086785714285717
NOFILT,30,100,145,1.3508798519960843,4.48643448275862,650.5329999999999,220.71699999999998,44.827586206896555,1.4919676495417844,1.2611605039891705,1.0719743142958993,5.8673068181818175,3.632310344827587,1.031178571428572,88,29,28,1.0719743142958993,1.031178571428572
NOFILT,35,3,145,0.7792710988683463,-0.822303448275862,-119.234,189.88299999999998,86.89655172413792,1.0249846548203165,0.5647166582645186,0.5409922527030012,0.07354545454545472,-2.113931034482758,-2.3000714285714285,88,29,28,0.5409922527030012,-2.3000714285714285
NOFILT,35,4,145,0.8236323071440744,-0.7850551724137931,-113.833,231.338,84.82758620689656,1.010226154163983,0.5666971648093109,0.7081257528134731,0.038249999999999916,-2.6292068965517243,-1.462571428571429,88,29,28,0.5666971648093109,-2.6292068965517243
NOFILT,35,5,145,0.9507790815502328,-0.23114482758620714,-33.516000000000034,222.245,84.13793103448276,1.1016163178447633,0.695869111822103,0.878452251135011,0.4210795454545457,-1.8454137931034487,-0.6090714285714284,88,29,28,0.695869111822103,-1.8454137931034487
NOFILT,35,6,145,1.0539296894478767,0.2685103448275862,38.934,182.998,82.75862068965517,1.3101224167434513,0.7884047774779183,0.7966489304065654,1.2850909090909093,-1.3274827586206897,-1.2734642857142855,88,29,28,0.7884047774779183,-1.3274827586206897
NOFILT,35,7,145,1.0000896045726626,0.0005241379310344373,0.0759999999999934,217.64100000000002,79.3103448275862,1.1440909599843687,0.7301531793104401,0.9605810193502027,0.7458295454545454,-2.022241379310345,-0.24685714285714283,88,29,28,0.7301531793104401,-2.022241379310345
NOFILT,35,8,145,1.0079976088394966,0.050931034482759145,7.385000000000076,243.26800000000006,77.24137931034483,1.294632017334911,0.6075337369174796,0.8909596093122557,1.5250454545454553,-3.619310344827586,-0.7806785714285714,88,29,28,0.6075337369174796,-3.619310344827586
NOFILT,35,10,145,1.1588102289407947,1.0632344827586206,154.16899999999998,210.31999999999996,75.17241379310344,1.3879344802146076,0.7589151837629047,1.1175405428324863,2.2168295454545452,-2.223275862068965,0.8415357142857146,88,29,28,0.7589151837629047,-2.223275862068965
NOFILT,35,12,145,1.2239181578114249,1.6292068965517241,236.235,195.31099999999998,72.41379310344827,1.3596874076416048,0.9081054603514099,1.250407350301804,2.3787272727272732,-0.8474482758620686,1.8386785714285714,88,29,28,0.9081054603514099,-0.8474482758620686
NOFILT,35,15,145,1.2930074510422103,2.397158620689655,347.58799999999997,205.30600000000013,68.96551724137932,1.4673634357911494,0.8097688736404551,1.5408931064169225,3.4157840909090917,-2.2140344827586205,3.9716428571428577,88,29,28,0.8097688736404551,-2.2140344827586205
NOFILT,35,18,145,1.4040731992930973,3.5053517241379315,508.27600000000007,212.3750000000001,67.58620689655173,1.6062752052506457,0.8272274867553396,1.783892761081144,4.6774545454545455,-2.224344827586207,5.755928571428572,88,29,28,0.8272274867553396,-2.224344827586207
NOFILT,35,20,145,1.4423553074811553,3.99208275862069,578.8520000000001,197.92600000000016,65.51724137931035,1.6117878241679438,0.9152609559725519,1.7895862027388625,5.002568181818182,-1.0909655172413797,6.080857142857144,88,29,28,0.9152609559725519,-1.0909655172413797
NOFILT,35,22,145,1.4905525088016423,4.562517241379311,661.565,182.938,64.13793103448275,1.5881055847881234,1.0136624901569002,1.9726021044625919,5.0765340909090915,0.1758965517241379,7.490321428571429,88,29,28,1.0136624901569002,0.1758965517241379
NOFILT,35,25,145,1.6016333483277372,5.709579310344828,827.889,162.9480000000001,62.758620689655174,1.698934555304415,1.1515515939125451,2.0098192741853667,6.163443181818184,1.9511379310344827,8.175821428571428,88,29,28,1.1515515939125451,1.9511379310344827
NOFILT,35,27,145,1.582336453888022,5.7472551724137935,833.3520000000001,148.50099999999998,60.689655172413794,1.642478688154552,1.1150425879058057,2.1683304146062805,5.951375,1.5439310344827577,9.45917857142857,88,29,28,1.1150425879058057,1.5439310344827577
NOFILT,35,30,145,1.438465655102941,4.802862068965517,696.415,158.14100000000008,56.55172413793104,1.5989911669366974,1.1621436003095673,1.3445850533079213,5.894284090909091,2.1817931034482765,4.087357142857143,88,29,28,1.1621436003095673,2.1817931034482765
NOFILT,35,32,145,1.4732638670276403,5.18403448275862,751.685,157.144,56.55172413793104,1.601968240697222,1.242133964768773,1.4092530869215691,5.923579545454545,3.2581379310344833,4.8544285714285715,88,29,28,1.242133964768773,3.2581379310344833
NOFILT,35,35,145,1.3398373528056906,4.014268965517241,582.069,169.56700000000006,53.103448275862064,1.3453338374353268,1.3562997473233187,1.3061219814613836,3.819659090909091,4.794344827586207,3.8179642857142855,88,29,28,1.3061219814613836,3.8179642857142855
NOFILT,35,40,145,1.3252944117494476,3.935144827586207,570.596,160.067,51.03448275862069,1.3633797997926629,1.4264642005288573,1.1248724702257018,4.030988636363637,5.7893103448275856,1.7135357142857146,88,29,28,1.1248724702257018,1.7135357142857146
NOFILT,35,45,145,1.368921756402468,4.5524206896551735,660.1010000000001,185.197,50.3448275862069,1.4492843591603257,1.5424444788774612,1.0189936195172198,4.983931818181819,7.363758620689655,0.28450000000000053,88,29,28,1.0189936195172198,0.28450000000000053
NOFILT,35,50,145,1.40008933403577,4.991296551724139,723.7380000000002,175.4770000000001,49.6551724137931,1.5189246333698019,1.419352653568776,1.1045078253903158,5.756454545454546,5.977206896551724,1.565392857142857,88,29,28,1.1045078253903158,1.565392857142857
NOFILT,35,60,145,1.4374798793163415,5.595020689655174,811.2780000000001,191.42700000000002,48.275862068965516,1.5862690742495726,1.362971816977606,1.1671324069393711,6.572909090909092,5.612620689655171,2.5034285714285716,88,29,28,1.1671324069393711,2.5034285714285716
NOFILT,35,75,145,1.4289549107949322,5.485993103448277,795.4690000000002,210.26699999999994,48.275862068965516,1.6197718438483484,1.3887887856636323,1.0230231471325977,6.948522727272728,6.0118275862068975,0.3448571428571433,88,29,28,1.0230231471325977,0.3448571428571433
NOFILT,35,100,145,1.4124431430597457,5.274820689655173,764.849,210.26699999999994,48.275862068965516,1.6838704446054906,1.134365536342674,1.0712582617237794,7.6671590909090925,2.0776896551724144,1.0673571428571436,88,29,28,1.0712582617237794,1.0673571428571436
NOFILT,40,3,145,0.7752840934979722,-0.8503172413793106,-123.29600000000003,230.75599999999997,87.58620689655172,1.1909617132419767,0.49176405119643857,0.47355680747658885,0.49185227272727267,-2.8343793103448265,-3.0136428571428575,88,29,28,0.47355680747658885,-3.0136428571428575
NOFILT,40,4,145,0.8004285660954942,-0.921710344827586,-133.64799999999997,297.85900000000004,85.51724137931035,1.0954902936137145,0.4941354858850287,0.6198568817184175,0.3337613636363635,-3.5202413793103444,-2.176142857142857,88,29,28,0.4941354858850287,-3.5202413793103444
NOFILT,40,5,145,0.9177759803059611,-0.40311034482758634,-58.45100000000002,294.466,84.82758620689656,1.1661214343671245,0.6067678524530863,0.7689519424532245,0.658409090909091,-2.7364482758620685,-1.3226428571428568,88,29,28,0.6067678524530863,-2.7364482758620685
NOFILT,40,6,145,1.0132217109128963,0.06905517241379333,10.013000000000034,252.39699999999996,83.44827586206897,1.3882579612994974,0.6903555253950149,0.6958163351713764,1.5388295454545455,-2.21851724137931,-2.180964285714286,88,29,28,0.6903555253950149,-2.21851724137931
NOFILT,40,7,145,1.0173989162839367,0.10171034482758615,14.74799999999999,252.575,80.6896551724138,1.202855808975074,0.7978361416326158,0.8389993873189976,1.0122159090909089,-1.4484482758620691,-1.1543571428571429,88,29,28,0.7978361416326158,-1.4484482758620691
NOFILT,40,8,145,1.0208811186252047,0.1337931034482763,19.400000000000063,281.0399999999999,78.62068965517241,1.362325639653386,0.6500017039839144,0.790731238683,1.8079431818181824,-3.1872413793103442,-1.6881785714285715,88,29,28,0.6500017039839144,-3.1872413793103442
NOFILT,40,10,145,1.1668913679057333,1.1294551724137931,163.77100000000002,221.98999999999998,76.55172413793103,1.4411272054528546,0.8064084941704817,0.9918229833050733,2.462988636363636,-1.7629310344827585,-0.0659642857142855,88,29,28,0.8064084941704817,-1.7629310344827585
NOFILT,40,12,145,1.2245598749693987,1.6637517241379314,241.24400000000006,206.9809999999999,73.79310344827587,1.3869575951782014,0.9660869334726814,1.1128667096668068,2.546897727272727,-0.30882758620689593,0.9311785714285717,88,29,28,0.9660869334726814,-0.30882758620689593
NOFILT,40,15,145,1.2808897020403953,2.365358620689655,342.977,217.2520000000001,70.34482758620689,1.486009206304924,0.8364455761105036,1.3714000008657745,3.563386363636363,-1.944724137931034,3.064142857142857,88,29,28,0.8364455761105036,-1.944724137931034
NOFILT,40,18,145,1.3842074298459592,3.4498965517241382,500.23500000000007,233.4280000000001,68.96551724137932,1.616031860801418,0.8490679244988973,1.587670503491236,4.802136363636364,-2.003758620689655,4.848428571428571,88,29,28,0.8490679244988973,-2.003758620689655
NOFILT,40,20,145,1.4198960022216836,3.9311793103448274,570.021,208.2550000000001,66.89655172413794,1.613000200962157,0.9396598969872806,1.6009367467755253,5.095431818181818,-0.8010689655172408,5.173357142857143,88,29,28,0.9396598969872806,-0.8010689655172408
NOFILT,40,22,145,1.4648216247977504,4.495475862068965,651.844,188.9709999999999,65.51724137931035,1.5823188051088164,1.0401765190220285,1.7646600040655969,5.137011363636363,0.5333793103448282,6.582821428571429,88,29,28,1.0401765190220285,0.5333793103448282
NOFILT,40,25,145,1.5686196068009037,5.607020689655172,813.018,168.981,64.13793103448275,1.6800348680840969,1.1829605637387952,1.8072485095614164,6.125738636363637,2.42896551724138,7.2683214285714275,88,29,28,1.1829605637387952,2.42896551724138
NOFILT,40,27,145,1.550197397181962,5.6418,818.061,154.53399999999988,62.06896551724138,1.6215851925579052,1.1503624905822303,1.9497832269631543,5.890261363636364,2.078310344827586,8.551678571428573,88,29,28,1.1503624905822303,2.078310344827586
NOFILT,40,30,145,1.3983897619420886,4.574193103448276,663.258,164.17399999999998,57.931034482758626,1.569810176685587,1.2031751956502805,1.199120877940588,5.766511363636363,2.8154827586206896,2.648428571428571,88,29,28,1.199120877940588,2.648428571428571
NOFILT,40,32,145,1.4329635095597373,4.971158620689655,720.818,151.35399999999993,57.931034482758626,1.572704968194348,1.2865464770507509,1.2567927887287635,5.795806818181817,3.970793103448276,3.4154999999999993,88,29,28,1.2567927887287635,3.4154999999999993
NOFILT,40,35,145,1.2976567987596803,3.7086620689655176,537.7560000000001,204.42699999999996,54.48275862068965,1.3029660411776698,1.4069874211488935,1.171018749342117,3.4953295454545454,5.639793103448277,2.379035714285714,88,29,28,1.171018749342117,2.379035714285714
NOFILT,40,40,145,1.2833841889562527,3.621372413793104,525.099,194.92699999999996,52.41379310344828,1.320387310074953,1.4841755443819975,1.0062066830098455,3.7066590909090906,6.7671379310344815,0.09521428571428611,88,29,28,1.0062066830098455,0.09521428571428611
NOFILT,40,45,145,1.3374029697289018,4.363406896551725,632.6940000000001,207.10699999999986,51.724137931034484,1.4027555277040835,1.6095055289374867,0.945996498194866,4.659602272727273,8.518827586206898,-0.8713214285714284,88,29,28,0.945996498194866,-0.8713214285714284
NOFILT,40,50,145,1.3554889073482024,4.6455241379310355,673.6010000000001,197.38699999999994,51.03448275862069,1.4695289947244814,1.4331987425645656,1.0253847669263136,5.432125,6.34848275862069,0.4095714285714284,88,29,28,1.0253847669263136,0.4095714285714284
NOFILT,40,60,145,1.3882343812307556,5.210351724137931,755.501,213.33699999999988,49.6551724137931,1.5346295050344376,1.3605105334017593,1.08352314356737,6.248579545454546,5.789413793103449,1.347607142857143,88,29,28,1.08352314356737,1.347607142857143
NOFILT,40,75,145,1.3801105040514043,5.101324137931035,739.692,232.1769999999998,49.6551724137931,1.5667670702254508,1.385369404499376,0.9497373646149453,6.624193181818182,6.188620689655175,-0.8109642857142855,88,29,28,0.9497373646149453,-0.8109642857142855
NOFILT,40,100,145,1.364375598666387,4.890151724137932,709.0720000000001,232.1769999999998,49.6551724137931,1.6282537170058604,1.1403880964293152,0.9945170851345937,7.3428295454545465,2.254482758620691,-0.08846428571428534,88,29,28,0.9945170851345937,-0.08846428571428534
W1030,3,3,127,0.6442088825913274,-0.6781574803149606,-86.12599999999999,105.55099999999996,39.37007874015748,0.5656385337182924,0.5539574142342016,1.0916532474503486,-0.8753116883116884,-0.88568,0.13660000000000003,77,25,25,0.5539574142342016,-0.88568
W1030,3,4,127,0.6717608528176151,-0.6810393700787403,-86.49200000000002,108.95699999999998,33.85826771653544,0.5537168743985166,0.6350496666729978,1.2169881305637982,-0.9876883116883116,-0.7686,0.35100000000000015,77,25,25,0.5537168743985166,-0.9876883116883116
W1030,3,5,127,0.7243641439766814,-0.6001417322834647,-76.21800000000002,105.75099999999999,30.708661417322837,0.6081496567170073,0.6323804051142077,1.3147349093412897,-0.9020649350649352,-0.8188799999999999,0.5485200000000001,77,25,25,0.6081496567170073,-0.9020649350649352
W1030,3,6,127,0.8461477928367798,-0.3386771653543309,-43.01200000000002,77.965,29.92125984251969,0.7444981637039588,0.7948929751472489,1.2938652938652937,-0.5881818181818183,-0.45688,0.5479999999999999,77,25,25,0.7444981637039588,-0.5881818181818183
W1030,3,7,127,0.9078111491843042,-0.2073937007874016,-26.339000000000002,68.414,28.346456692913385,0.8514490096412595,0.7320875455257158,1.316663312537734,-0.34197402597402604,-0.62968,0.6294000000000001,77,25,25,0.7320875455257158,-0.62968
W1030,3,8,127,0.9082648747063029,-0.21304724409448825,-27.057000000000006,59.182,25.984251968503933,0.900398804142238,0.8285339868613634,1.0174418604651163,-0.23320779220779217,-0.403,0.038999999999999965,77,25,25,0.8285339868613634,-0.403
W1030,3,10,127,1.007565041304141,0.01814960629921255,2.304999999999994,56.00900000000001,23.62204724409449,0.9837918509920137,0.8196384685034277,1.2949910554561719,-0.039350649350649435,-0.4462000000000001,0.6596000000000001,77,25,25,0.8196384685034277,-0.4462000000000001
W1030,3,12,127,0.9020434250991144,-0.24980314960629932,-31.725000000000012,81.86799999999998,18.89763779527559,0.7800216727416018,0.7467974379503602,1.5255813953488373,-0.5800000000000002,-0.6577999999999997,1.1752,77,25,25,0.7467974379503602,-0.6577999999999997
W1030,3,15,127,0.9588918086943464,-0.10777952755905523,-13.688000000000015,74.178,16.535433070866144,0.9772978031721015,0.4297698641705962,1.5335766423357666,-0.05985714285714295,-1.62048,1.25732,77,25,25,0.4297698641705962,-1.62048
W1030,3,18,127,1.0144025704137127,0.0384724409448819,4.886000000000001,89.004,14.960629921259844,1.0563624896909718,0.24324506434876358,1.8389577321337633,0.1508831168831169,-2.2462,1.97692,77,25,25,0.24324506434876358,-2.2462
W1030,3,20,127,1.131996050052322,0.3525905511811026,44.77900000000003,86.784,14.960629921259844,1.1735506719060784,0.2731621858365339,2.068409438125955,0.4645974025974028,-2.1574,2.5176,77,25,25,0.2731621858365339,-2.1574
W1030,3,22,127,1.167050321042761,0.45027559055118116,57.18500000000001,84.974,14.173228346456693,1.1666483435066706,0.297554073175662,2.2637243252418946,0.45277922077922067,-2.085,2.97784,77,25,25,0.297554073175662,-2.085
W1030,3,25,127,1.3190154299168617,0.8598897637795279,109.20600000000003,81.95399999999998,14.173228346456693,1.3175371760983143,0.33825213934371,2.5596672890850454,0.8627402597402599,-1.9642,3.6752,77,25,25,0.33825213934371,-1.9642
W1030,3,27,127,1.381167438844129,1.0274173228346457,130.482,80.861,14.173228346456693,1.3512836568566065,0.36564921501246544,2.7664742828042783,0.9544285714285716,-1.88288,4.16252,77,25,25,0.36564921501246544,-1.88288
W1030,3,30,127,1.530366146493652,1.4295748031496063,181.55599999999998,80.861,14.173228346456693,1.492564780337178,0.40563304359544505,3.081361398743847,1.3382857142857145,-1.7641999999999998,4.90452,77,25,25,0.40563304359544505,-1.7641999999999998
W1030,3,32,127,1.3916565260339866,1.0770708661417323,136.788,80.861,12.598425196850393,1.2392060701397243,0.4315073108281114,3.160431166185707,0.6714545454545456,-1.6873999999999998,5.090839999999999,77,25,25,0.4315073108281114,-1.6873999999999998
W1030,3,35,127,1.3533330319912311,0.9848031496062993,125.07000000000002,83.644,11.811023622047244,1.0993629361985358,0.47207061518765586,3.415549142760143,0.28500000000000003,-1.567,5.692,77,25,25,0.47207061518765586,-1.567
W1030,3,40,127,1.097065299787027,0.275251968503937,34.957,91.53,10.236220472440944,0.9111791593757813,0.5410686611414325,2.4361169439508963,-0.25841558441558443,-1.3621999999999996,3.5564000000000004,77,25,25,0.5410686611414325,-1.3621999999999996
W1030,3,45,127,0.9276761988945453,-0.2087401574803149,-26.509999999999994,135.077,8.661417322834646,0.9793861371995859,0.0,1.8581330868761554,-0.05997402597402598,-3.10408,2.2283999999999997,77,25,25,0.0,-3.10408
W1030,3,50,127,0.9584499626240635,-0.11992125984251963,-15.229999999999993,135.077,8.661417322834646,0.9847427061386281,0.0,2.013401109057302,-0.044389610389610354,-3.10408,2.6316,77,25,25,0.0,-3.10408
W1030,3,60,127,0.9688715740998403,-0.08984251968503915,-11.409999999999972,135.077,8.661417322834646,1.0741974074206337,0.0,1.7635551447935924,0.21587012987012996,-3.10408,1.9828000000000003,77,25,25,0.0,-3.10408
W1030,3,75,127,1.0069295531802287,0.020000000000000143,2.5400000000000182,135.077,8.661417322834646,1.208647287790594,0.0,1.5144793592113373,0.6070389610389609,-3.10408,1.3360000000000003,77,25,25,0.0,-3.10408
W1030,3,100,127,0.9724454775116903,-0.07952755905511809,-10.099999999999998,135.077,8.661417322834646,1.1522247616326822,0.0,1.5144793592113373,0.44288311688311677,-3.10408,1.3360000000000003,77,25,25,0.0,-3.10408
W1030,4,3,127,0.6688591006852399,-0.7298188976377954,-92.68700000000001,123.75199999999995,47.24409448818898,0.559644532267871,0.490672596953795,1.6105754745405245,-1.0534675324675324,-1.2734,0.8105999999999999,77,25,25,0.490672596953795,-1.2734
W1030,4,4,127,0.7548450936035103,-0.5793937007874015,-73.58299999999998,111.30099999999999,43.30708661417323,0.6264296084974147,0.5647903400216269,1.770727126375101,-0.9523376623376623,-1.1591200000000002,1.149,77,25,25,0.5647903400216269,-1.1591200000000002
W1030,4,5,127,0.7951434083121837,-0.5192598425196853,-65.94600000000003,115.74199999999998,39.37007874015748,0.6614025516601105,0.5655441761144124,1.8554704333253533,-0.9188831168831173,-1.237,1.42932,77,25,25,0.5655441761144124,-1.237
W1030,4,6,127,0.8709750750023181,-0.3396535433070867,-43.13600000000001,92.13199999999998,37.00787401574803,0.8058450818809163,0.587776022095046,1.5690309690309694,-0.5268961038961041,-1.2418,1.1391999999999998,77,25,25,0.587776022095046,-1.2418
W1030,4,7,127,0.9418426601878883,-0.15700787401574817,-19.94000000000002,89.98400000000001,35.43307086614173,0.9247231554062463,0.5419611696967407,1.5894920227397766,-0.20428571428571438,-1.4542000000000002,1.2858,77,25,25,0.5419611696967407,-1.4542000000000002
W1030,4,8,127,0.928414023372287,-0.20258267716535433,-25.728,83.20400000000001,32.28346456692913,0.9373529371134923,0.6133600433407668,1.2953388482341714,-0.17668831168831184,-1.2275200000000002,0.7426000000000001,77,25,25,0.6133600433407668,-1.2275200000000002
W1030,4,10,127,1.006932021466905,0.020503937007874135,2.604000000000015,95.55700000000002,29.133858267716533,0.9805245470039272,0.6080411653932423,1.6323576201081769,-0.058025974025974,-1.3071200000000003,1.5900000000000003,77,25,25,0.6080411653932423,-1.3071200000000003
W1030,4,12,127,0.9837953199388788,-0.05051968503937009,-6.416000000000002,99.537,25.196850393700785,0.8924948299164646,0.5547574658873855,1.9373210308622335,-0.3429610389610391,-1.5571199999999998,2.3568000000000002,77,25,25,0.5547574658873855,-1.5571199999999998
W1030,4,15,127,0.9836774298917272,-0.05351181102362214,-6.796000000000012,111.84100000000001,21.25984251968504,0.9602058873373771,0.31909912734493395,2.0226023304451743,-0.13112987012987018,-2.60608,2.7381200000000003,77,25,25,0.31909912734493395,-2.60608
W1030,4,18,127,1.0669212643975488,0.22407874015748058,28.458000000000034,124.754,19.68503937007874,1.0546051789599422,0.17968244487581506,2.4458171496862864,0.18285714285714302,-3.2962000000000002,3.87132,77,25,25,0.17968244487581506,-3.2962000000000002
W1030,4,20,127,1.1864591318907176,0.6243385826771655,79.29100000000001,122.53399999999999,19.68503937007874,1.171866698209431,0.20178189238962718,2.720346579025994,0.5755324675324676,-3.2074000000000003,4.6064,77,25,25,0.20178189238962718,-3.2074000000000003
W1030,4,22,127,1.218645173313455,0.739055118110236,93.85999999999999,131.03099999999998,18.89763779527559,1.1474654905779251,0.2197999104076452,2.996056169704213,0.5015454545454544,-3.135,5.344640000000001,77,25,25,0.2197999104076452,-3.135
W1030,4,25,127,1.2546935573195495,0.8690866141732284,110.37400000000001,122.04799999999996,18.11023622047244,1.2129140653340207,0.2498631227912996,2.830047873838356,0.7241428571428573,-3.0141999999999998,5.1988,77,25,25,0.2498631227912996,-3.0141999999999998
W1030,4,27,127,1.3196187926896805,1.0906299212598427,138.51000000000002,115.671,18.11023622047244,1.249609561448727,0.2701010402667861,3.0622782314840893,0.8489480519480519,-2.93288,5.858520000000001,77,25,25,0.2701010402667861,-2.93288
W1030,4,30,127,1.3735334461158615,1.2865433070866146,163.39100000000005,112.70400000000001,17.322834645669293,1.3710903640911083,0.29963665322781347,2.8188998401704852,1.262116883116883,-2.8141999999999996,5.4625200000000005,77,25,25,0.29963665322781347,-2.8141999999999996
W1030,4,32,127,1.2856417076678868,0.9960866141732285,126.50300000000003,110.78399999999999,16.535433070866144,1.1937883877338797,0.3187496889154348,2.906379861481087,0.672818181818182,-2.7374,5.72524,77,25,25,0.3187496889154348,-2.7374
W1030,4,35,127,1.2707276748810297,0.9541338582677166,121.17500000000001,107.774,15.748031496062993,1.0932164452040949,0.34871335423821614,3.147575919019712,0.32935064935064934,-2.617,6.4496,77,25,25,0.34871335423821614,-2.617
W1030,4,40,127,1.0838529183663632,0.3013779527559054,38.274999999999984,137.156,14.173228346456693,0.9525718561683699,0.3996814494052063,2.4073327453697866,-0.1703896103896104,-2.4122,4.468,77,25,25,0.3996814494052063,-2.4122
W1030,4,45,127,0.9677474204393324,-0.11799212598425192,-14.984999999999994,181.46599999999998,12.598425196850393,1.025666144908885,0.0,1.9899244332493702,0.09220779220779231,-4.1846000000000005,3.3012,77,25,25,0.0,-4.1846000000000005
W1030,4,50,127,1.0130323236062624,0.04767716535433089,6.055000000000023,182.565,12.598425196850393,1.0480426853294484,0.0,2.168046059733717,0.17259740259740278,-4.1846000000000005,3.8952000000000004,77,25,25,0.0,-4.1846000000000005
W1030,4,60,127,1.0653983737037624,0.2392519685039371,30.385000000000012,182.565,12.598425196850393,1.1584432579375263,0.0,2.09355883411299,0.5692207792207794,-4.1846000000000005,3.6467999999999994,77,25,25,0.0,-4.1846000000000005
W1030,4,75,127,0.9158111058053076,-0.31096062992125967,-39.491999999999976,182.565,11.811023622047244,1.0318851097284627,0.0,1.67362360561353,0.11640259740259774,-4.1846000000000005,2.2464,77,25,25,0.0,-4.1846000000000005
W1030,4,100,127,0.8888652022648204,-0.41048818897637795,-52.132,182.56499999999997,11.811023622047244,0.9869193854210022,0.0,1.67362360561353,-0.047753246753246624,-4.1846000000000005,2.2464,77,25,25,0.0,-4.1846000000000005
W1030,5,3,127,0.6121058741868708,-0.9944566929133857,-126.29599999999998,154.15099999999998,50.39370078740157,0.552173475307192,0.40079193946759717,1.3202025191405287,-1.2131038961038962,-1.83408,0.5186,77,25,25,0.40079193946759717,-1.83408
W1030,5,4,127,0.6925767973995858,-0.8497007874015746,-107.91199999999998,140.95199999999997,46.45669291338583,0.6232209068572703,0.4610216866288265,1.4472587719298247,-1.0953506493506493,-1.7586,0.8158000000000001,77,25,25,0.4610216866288265,-1.7586
W1030,5,5,127,0.7321075864628763,-0.7956299212598427,-101.04500000000002,138.038,42.51968503937008,0.6608101736920939,0.46330908756099803,1.5310746740418806,-1.055792207792208,-1.8652799999999998,1.07532,77,25,25,0.46330908756099803,-1.8652799999999998
W1030,5,6,127,0.7789265404454245,-0.6914881889763779,-87.81899999999999,125.91199999999998,39.37007874015748,0.7627361787172476,0.4817019424343001,1.294443437123972,-0.7539350649350651,-1.90516,0.7145199999999998,77,25,25,0.4817019424343001,-1.90516
W1030,5,7,127,0.8171373421988137,-0.5937795275590549,-75.40999999999998,124.95299999999997,37.00787401574803,0.8300896225281723,0.44380706732009284,1.3183111016472235,-0.551025974025974,-2.15636,0.8371200000000001,77,25,25,0.44380706732009284,-2.15636
W1030,5,8,127,0.8076645041491236,-0.6557322834645667,-83.27799999999996,118.17299999999997,33.85826771653544,0.8440162809736297,0.5022749548620066,1.0731183362547283,-0.5270649350649349,-1.9296799999999998,0.22192000000000006,77,25,25,0.5022749548620066,-1.9296799999999998
W1030,5,10,127,0.8788125532356225,-0.4324330708661417,-54.919,132.44599999999997,30.708661417322837,0.889725111873075,0.49706329362161095,1.3523202024328846,-0.39428571428571424,-2.05168,1.0693199999999998,77,25,25,0.49706329362161095,-2.05168
W1030,5,12,127,0.8984670326539141,-0.37877952755905514,-48.105000000000004,139.32299999999998,27.559055118110237,0.8790342287769538,0.45175802170167184,1.6049659317052598,-0.4564415584415584,-2.3544799999999997,1.8361200000000002,77,25,25,0.45175802170167184,-2.3544799999999997
W1030,5,15,127,0.910677445328868,-0.35114173228346446,-44.594999999999985,157.04,23.62204724409449,0.9599543855682853,0.2597469991237697,1.6730263076599894,-0.15642857142857144,-3.4806399999999997,2.1786399999999997,77,25,25,0.2597469991237697,-3.4806399999999997
W1030,5,18,127,0.9982240903614222,-0.007125984251968219,-0.9049999999999638,166.47299999999996,22.04724409448819,1.0691276791962903,0.14688051819121323,2.023094887985468,0.27451948051948083,-4.19356,3.31184,77,25,25,0.14688051819121323,-4.19356
W1030,5,20,127,1.1086189506238253,0.4358425196850395,55.35200000000002,158.683,22.04724409448819,1.1857467084393458,0.16494560131500785,2.250176084619472,0.7376363636363636,-4.10476,4.046919999999999,77,25,25,0.16494560131500785,-4.10476
W1030,5,22,127,1.14568311425879,0.5903779527559055,74.97800000000001,177.833,21.25984251968504,1.1806600632461424,0.17967434025828186,2.4782334696701964,0.7293246753246754,-4.03236,4.78516,77,25,25,0.17967434025828186,-4.03236
W1030,5,25,127,1.1906055504785726,0.7800944881889765,99.07200000000002,168.85000000000005,20.47244094488189,1.2634977111073225,0.20424936324650703,2.336087962155817,1.06374025974026,-3.9115599999999997,4.59812,77,25,25,0.20424936324650703,-3.9115599999999997
W1030,5,27,127,1.2567033812707422,1.0506141732283465,133.428,162.35000000000005,20.47244094488189,1.3144227583167392,0.22079274792699102,2.5277845578065254,1.2693246753246754,-3.83024,5.25784,77,25,25,0.22079274792699102,-3.83024
W1030,5,30,127,1.3006942923265934,1.243015748031496,157.863,153.543,19.68503937007874,1.4190652052926023,0.24493648739919768,2.3191974314299184,1.6917662337662345,-3.7115599999999995,4.81544,77,25,25,0.24493648739919768,-3.7115599999999995
W1030,5,32,127,1.2359854311826983,0.9856535433070867,125.17800000000001,147.893,18.89763779527559,1.281670681816745,0.2605603430738309,2.3911699924389365,1.1570519480519483,-3.63476,5.07816,77,25,25,0.2605603430738309,-3.63476
W1030,5,35,127,1.0822828984126691,0.35367716535433075,44.917,144.29699999999997,16.535433070866144,0.9629618465118661,0.28505399181375063,2.589609564197815,-0.15957142857142848,-3.51436,5.8025199999999995,77,25,25,0.28505399181375063,-3.51436
W1030,5,40,127,0.9288138152171567,-0.3118582677165355,-39.60600000000001,184.83,14.960629921259844,0.8472018656207164,0.32671760694610585,1.9812934869396597,-0.668831168831169,-3.3095600000000003,3.785319999999999,77,25,25,0.32671760694610585,-3.3095600000000003
W1030,5,45,127,0.8327260015677636,-0.746031496062992,-94.74599999999998,224.73,13.385826771653544,0.9071936768274954,0.0,1.635175493066028,-0.4062337662337662,-5.116359999999999,2.57772,77,25,25,0.0,-5.116359999999999
W1030,5,50,127,0.8698721072293668,-0.5803622047244094,-73.70599999999999,233.42999999999995,13.385826771653544,0.9255591224936657,0.0,1.781542919660546,-0.3258441558441559,-5.116359999999999,3.171720000000001,77,25,25,0.0,-5.116359999999999
W1030,5,60,127,0.9128267056488917,-0.38878740157480307,-49.37599999999999,233.43,13.385826771653544,1.0161698996576134,0.0,1.7203347230846566,0.0707792207792208,-5.116359999999999,2.92332,77,25,25,0.0,-5.116359999999999
W1030,5,75,127,0.7903059849579853,-0.9435669291338581,-119.83299999999998,233.43,12.598425196850393,0.912315112540193,0.0,1.3752624264466722,-0.38957142857142835,-5.116359999999999,1.5229200000000003,77,25,25,0.0,-5.116359999999999
W1030,5,100,127,0.7681874337230912,-1.0430944881889765,-132.473,233.43,12.598425196850393,0.8753668517977201,0.0,1.3752624264466722,-0.5537272727272727,-5.116359999999999,1.5229200000000003,77,25,25,0.0,-5.116359999999999
W1030,6,3,127,0.6389795853444811,-0.9829448818897637,-124.83399999999999,150.83899999999997,55.90551181102362,0.6021485545668313,0.45928987600219107,1.100644470525254,-1.120649350649351,-1.7372799999999997,0.19551999999999997,77,25,25,0.45928987600219107,-1.7372799999999997
W1030,6,4,127,0.723093201751471,-0.8201259842519686,-104.156,137.242,51.96850393700787,0.6795617953626887,0.5346995861941422,1.209209007457354,-0.9781688311688312,-1.6101999999999999,0.45672000000000024,77,25,25,0.5346995861941422,-1.6101999999999999
W1030,6,5,127,0.7909060264429381,-0.6593622047244094,-83.739,131.19599999999997,48.818897637795274,0.7634345534489942,0.5449768560977978,1.279201808968921,-0.7595194805194805,-1.6868800000000002,0.6766400000000001,77,25,25,0.5449768560977978,-1.6868800000000002
W1030,6,6,127,0.8432405482441699,-0.5248503937007873,-66.65599999999999,127.16000000000003,45.66929133858268,0.8830831921723782,0.5697841290374741,1.0756502801101266,-0.38454545454545447,-1.70276,0.22091999999999995,77,25,25,0.5697841290374741,-1.70276
W1030,6,7,127,0.8875942796896542,-0.39288188976377947,-49.895999999999994,131.892,43.30708661417323,0.9636944861121287,0.5467627954818187,1.0893335176643586,-0.12227272727272717,-1.90356,0.2843199999999999,77,25,25,0.5467627954818187,-1.90356
W1030,6,8,127,0.8559693422625259,-0.538015748031496,-68.32799999999999,139.786,39.37007874015748,0.9872357987206318,0.5102268434402489,0.8866252164160414,-0.04498701298701285,-2.17808,-0.4164799999999998,77,25,25,0.5102268434402489,-2.17808
W1030,6,10,127,0.908744132617694,-0.36280314960629917,-46.07599999999999,147.399,35.43307086614173,0.9986915729862227,0.5186448191785026,1.1173056611169787,-0.0050259740259738705,-2.25848,0.43091999999999997,77,25,25,0.5186448191785026,-2.25848
W1030,6,12,127,0.9763884613399058,-0.09723622047244086,-12.34899999999999,149.559,33.07086614173229,1.065683045198511,0.4931240269849507,1.326045058092054,0.26259740259740266,-2.50048,1.1977200000000003,77,25,25,0.4931240269849507,-2.50048
W1030,6,15,127,1.0117541339761957,0.05129133858267691,6.513999999999968,159.07999999999998,29.133858267716533,1.1843172389250136,0.3377110418259897,1.3835801220147763,0.7668051948051943,-3.60264,1.50144,77,25,25,0.3377110418259897,-3.60264
W1030,6,18,127,1.1210892338493643,0.5410000000000004,68.70700000000005,166.97800000000004,27.559055118110237,1.3318176682372986,0.255225855491899,1.6730841942834955,1.4111688311688315,-4.23276,2.6346400000000005,77,25,25,0.255225855491899,-4.23276
W1030,6,20,127,1.1947109097946502,0.8793543307086615,111.67800000000001,162.90800000000004,26.77165354330709,1.3872201523294536,0.2838712855956419,1.8608786290198966,1.6777142857142857,-4.06996,3.3697200000000005,77,25,25,0.2838712855956419,-4.06996
W1030,6,22,127,1.2480326440470335,1.1319370078740156,143.75599999999997,166.83900000000006,25.984251968503933,1.4079423870736003,0.313783589758027,2.0494803642049115,1.7994285714285712,-3.8999599999999996,4.10796,77,25,25,0.313783589758027,-3.8999599999999996
W1030,6,25,127,1.31503546946894,1.4529212598425203,184.52100000000007,152.61800000000008,25.196850393700785,1.5269515907739235,0.3562942526146873,1.9328377585659748,2.324376623376623,-3.65836,3.8801200000000007,77,25,25,0.3562942526146873,-3.65836
W1030,6,27,127,1.3327683663554557,1.5505826771653544,196.924,148.98500000000007,24.409448818897637,1.4953746825337138,0.3818639940316155,2.091444122823045,2.2240779220779223,-3.5130399999999997,4.53984,77,25,25,0.3818639940316155,-3.5130399999999997
W1030,6,30,127,1.3950618316206655,1.8601968503937008,236.245,142.03200000000004,23.62204724409449,1.623888506418749,0.4308005236412775,1.920413403867268,2.801064935064935,-3.23492,4.05744,77,25,25,0.4308005236412775,-3.23492
W1030,6,32,127,1.3491963654853172,1.6655511811023618,211.52499999999995,138.29800000000006,22.83464566929134,1.5111201016242337,0.4570811221688884,1.9800103441705155,2.346233766233766,-3.0855599999999996,4.32016,77,25,25,0.4570811221688884,-3.0855599999999996
W1030,6,35,127,1.2278482227857823,1.121291338582677,142.404,131.94700000000003,20.47244094488189,1.2336399199368941,0.5017806618713138,2.1443284001923653,1.130896103896104,-2.8315199999999994,5.04452,77,25,25,0.5017806618713138,-2.8315199999999994
W1030,6,40,127,1.1109939279229228,0.5568740157480313,70.72299999999997,147.02599999999998,18.89763779527559,1.1520805829856893,0.5665249644571444,1.6421014635990956,0.748038961038961,-2.4635599999999998,2.98852,77,25,25,0.5665249644571444,-2.4635599999999998
W1030,6,45,127,1.0510651865520486,0.2610472440944884,33.15300000000002,188.526,17.322834645669293,1.244861910545493,0.303885422575156,1.355425378072992,1.2044025974025971,-4.12356,1.7401200000000001,77,25,25,0.303885422575156,-4.12356
W1030,6,50,127,1.1142940318439252,0.584275590551181,74.20299999999997,183.486,17.322834645669293,1.300731372445477,0.3379183210436756,1.476751881173558,1.4792077922077917,-3.9219600000000003,2.3341200000000004,77,25,25,0.3379183210436756,-3.9219600000000003
W1030,6,60,127,1.1828676784308771,0.9348267716535434,118.72300000000001,173.41600000000005,17.322834645669293,1.408087342240059,0.4059165923885153,1.4260153435133214,2.00725974025974,-3.5191600000000007,2.0857199999999994,77,25,25,0.4059165923885153,-3.5191600000000007
W1030,6,75,127,1.1421325528804633,0.7334330708661415,93.14599999999997,160.33200000000002,16.535433070866144,1.3853353323442212,0.5118845042271021,1.1399789210519866,1.925961038961039,-2.8914400000000002,0.6853199999999999,77,25,25,0.5118845042271021,-2.8914400000000002
W1030,6,100,127,1.2379338547881578,1.2277874015748031,155.929,160.332,16.535433070866144,1.4836393777429018,0.6803608567647139,1.1399789210519866,2.417298701298701,-1.8934399999999996,0.6853199999999999,77,25,25,0.6803608567647139,-1.8934399999999996
W1030,7,3,127,0.6263882516146516,-1.0963622047244095,-139.238,164.44799999999995,59.055118110236215,0.5789863318513128,0.5430640387884894,0.9396698718512139,-1.2925064935064934,-1.45132,-0.13728000000000012,77,25,25,0.5430640387884894,-1.45132
W1030,7,4,127,0.7315024643436767,-0.8480314960629922,-107.70000000000002,143.548,55.90551181102362,0.6531732272164885,0.6299288235634513,1.2407931513351025,-1.1613246753246753,-1.2790399999999997,0.5479200000000001,77,25,25,0.6299288235634513,-1.2790399999999997
W1030,7,5,127,0.8207955608912249,-0.5970866141732284,-75.83000000000001,137.046,53.54330708661418,0.7686537642834806,0.6476996546284058,1.291454770212966,-0.7974805194805196,-1.3219999999999998,0.7450400000000001,77,25,25,0.6476996546284058,-1.3219999999999998
W1030,7,6,127,0.8750592550915075,-0.44411811023622044,-56.403,132.51600000000002,50.39370078740157,0.8882657574167124,0.6793061038265457,1.08154100080607,-0.3953636363636363,-1.29332,0.2549199999999999,77,25,25,0.6793061038265457,-1.29332
W1030,7,7,127,0.8975841683262259,-0.38671653543307105,-49.11300000000002,136.409,47.24409448818898,0.9217832634055417,0.6633989352822244,1.1124863615566012,-0.291012987012987,-1.45172,0.38352,77,25,25,0.6633989352822244,-1.45172
W1030,7,8,127,0.8401392857963731,-0.6571811023622047,-83.462,143.053,42.51968503937008,0.9449039385685732,0.5323707384267231,0.9008216257529893,-0.2151558441558442,-2.28132,-0.39447999999999994,77,25,25,0.5323707384267231,-2.28132
W1030,7,10,127,0.896196892882826,-0.4557716535433072,-57.88300000000001,153.042,38.582677165354326,0.9596614967771722,0.5499333188599076,1.1351911260396028,-0.17246753246753263,-2.3218400000000003,0.5377199999999999,77,25,25,0.5499333188599076,-2.3218400000000003
W1030,7,12,127,0.9340124199879276,-0.304724409448819,-38.70000000000002,176.536,35.43307086614173,1.0254172912088713,0.4239466859994981,1.3540231503363935,0.11341558441558419,-3.3054400000000004,1.40812,77,25,25,0.4239466859994981,-3.3054400000000004
W1030,7,15,127,0.9701765200336231,-0.1466692913385828,-18.627000000000017,190.456,31.496062992125985,1.138639024132533,0.2898106254220068,1.4137995810908546,0.6475324675324674,-4.501720000000001,1.7622399999999998,77,25,25,0.2898106254220068,-4.501720000000001
W1030,7,18,127,1.0810478791245766,0.4077952755905511,51.78999999999999,201.84500000000003,29.92125984251969,1.28887392336866,0.21875622100634018,1.7076934637023677,1.3759740259740263,-5.18024,3.01384,77,25,25,0.21875622100634018,-5.18024
W1030,7,20,127,1.1537925750504978,0.7823622047244091,99.35999999999996,197.77500000000006,29.133858267716533,1.3454868402397884,0.2433084593621244,1.8983346952576852,1.6773116883116883,-5.017440000000001,3.82572,77,25,25,0.2433084593621244,-5.017440000000001
W1030,7,22,127,1.2100304407477278,1.0800393700787396,137.16499999999994,193.525,28.346456692913385,1.3732105158125807,0.2689465460972799,2.0915964571181678,1.8458701298701299,-4.847440000000001,4.648759999999999,77,25,25,0.2689465460972799,-4.847440000000001
W1030,7,25,127,1.2290524972209826,1.2038818897637797,152.89300000000003,187.485,26.77165354330709,1.4935090170046947,0.3053827917161834,1.6624895572263994,2.4408571428571433,-4.60584,3.20372,77,25,25,0.3053827917161834,-4.60584
W1030,7,27,127,1.2495670944327157,1.3254803149606298,168.33599999999998,183.85200000000003,25.984251968503933,1.47251486414711,0.32729883150649397,1.7989114700943778,2.3800389610389603,-4.46052,3.8634399999999998,77,25,25,0.32729883150649397,-4.46052
W1030,7,30,127,1.31315419580317,1.680582677165354,213.43399999999997,176.89899999999994,25.196850393700785,1.6041005966285589,0.36924274140520846,1.6541458572690257,3.042831168831169,-4.1824,3.3478399999999997,77,25,25,0.36924274140520846,-4.1824
W1030,7,32,127,1.2787607987639902,1.5130236220472442,192.154,173.16500000000002,24.409448818897637,1.5124279889484045,0.3917680627861663,1.705479612652114,2.632675324675325,-4.033040000000001,3.61056,77,25,25,0.3917680627861663,-4.033040000000001
W1030,7,35,127,1.1789767130304585,1.0014409448818897,127.18299999999999,166.81400000000002,22.04724409448819,1.271734437365674,0.4300804131049835,1.8470147795571603,1.4712337662337664,-3.779,4.33492,77,25,25,0.4300804131049835,-3.779
W1030,7,40,127,1.0871226178864257,0.4972362204724409,63.149,186.236,20.47244094488189,1.2182098685343457,0.48557329778185304,1.4137938688983103,1.2013246753246754,-3.41104,2.2369199999999996,77,25,25,0.48557329778185304,-3.41104
W1030,7,45,127,1.0458897223098045,0.26702362204724367,33.91199999999995,228.88600000000005,18.89763779527559,1.3257390077681033,0.2602397515743455,1.1671016623636095,1.7933116883116884,-5.11704,0.95012,77,25,25,0.2602397515743455,-5.11704
W1030,7,50,127,1.114289928537502,0.6650314960629918,84.45899999999996,223.84600000000003,18.89763779527559,1.3980580921085222,0.2893846607567267,1.2715709793382906,2.1914545454545453,-4.91544,1.5441199999999997,77,25,25,0.2893846607567267,-4.91544
W1030,7,60,127,1.2018825720003952,1.1747165354330704,149.18899999999994,213.776,18.89763779527559,1.5416488760665512,0.34761665192073044,1.2278838104216057,2.9819740259740257,-4.512640000000001,1.29572,77,25,25,0.34761665192073044,-4.512640000000001
W1030,7,75,127,1.1815160109151928,1.066393700787401,135.43199999999993,198.08300000000006,18.11023622047244,1.5455920564216776,0.4383648780713471,0.9815894813115998,3.0541818181818177,-3.88492,-0.10467999999999986,77,25,25,0.4383648780713471,-3.88492
W1030,7,100,127,1.2653005698845756,1.558622047244094,197.94499999999994,187.16599999999997,18.11023622047244,1.6327371009651077,0.5826437439642859,0.9815894813115998,3.5420129870129866,-2.8869199999999995,-0.10467999999999986,77,25,25,0.5826437439642859,-2.8869199999999995
W1030,8,3,127,0.6268069738734787,-1.1521732283464567,-146.326,171.53599999999994,62.20472440944882,0.5976922541468587,0.560722107275521,0.8195602845578315,-1.276,-1.4522,-0.47076000000000007,77,25,25,0.560722107275521,-1.4522
W1030,8,4,127,0.7300726857918602,-0.9017952755905513,-114.528,148.00299999999993,59.055118110236215,0.673222756762598,0.6450720372146344,1.082193671041334,-1.1388441558441558,-1.2879199999999997,0.21444000000000024,77,25,25,0.6450720372146344,-1.2879199999999997
W1030,8,5,127,0.7939456845922402,-0.7409291338582679,-94.09800000000001,144.589,55.90551181102362,0.7528275435594548,0.6659039596642738,1.1262076305878501,-0.9136103896103897,-1.31996,0.36996000000000023,77,25,25,0.6659039596642738,-1.31996
W1030,8,6,127,0.8453989812548436,-0.5953149606299212,-75.60499999999999,140.12300000000002,52.75590551181102,0.8681727947080511,0.699685740474008,0.9450605965743929,-0.5010649350649351,-1.2843600000000004,-0.19655999999999976,77,25,25,0.699685740474008,-1.2843600000000004
W1030,8,7,127,0.865617217560347,-0.5519291338582677,-70.095,144.139,49.60629921259843,0.899749268024394,0.6833075357832309,0.9724244723834525,-0.40242857142857164,-1.45676,-0.10755999999999986,77,25,25,0.6833075357832309,-1.45676
W1030,8,8,127,0.8120425791693272,-0.8436535433070864,-107.14399999999998,156.75000000000003,44.881889763779526,0.9235249975396121,0.5568779639823724,0.7875833084214043,-0.3229350649350649,-2.32476,-0.9663599999999996,77,25,25,0.5568779639823724,-2.32476
W1030,8,10,127,0.8407341229736828,-0.7755433070866141,-98.494,160.51200000000003,40.15748031496063,0.8918873805217229,0.5825361944157187,0.9924912515166967,-0.5131038961038962,-2.32524,-0.03415999999999983,77,25,25,0.5825361944157187,-2.32524
W1030,8,12,127,0.878000927259273,-0.6257322834645669,-79.46799999999999,180.90600000000003,37.00787401574803,0.9532276626909396,0.4689173877214668,1.1838148662669032,-0.23223376623376626,-3.2996800000000004,0.8362400000000002,77,25,25,0.4689173877214668,-3.2996800000000004
W1030,8,15,127,0.9186205841032774,-0.44379527559055126,-56.36200000000001,202.81900000000002,33.07086614173229,1.0630111123908919,0.3567890791354315,1.235881898944119,0.3268181818181815,-4.410239999999999,1.1491600000000002,77,25,25,0.3567890791354315,-4.410239999999999
W1030,8,18,127,1.0263994367969662,0.14733858267716557,18.712000000000028,210.92499999999998,31.496062992125985,1.2039652202927427,0.30640135997547585,1.4927911062942345,1.079675324675325,-4.977679999999999,2.40076,77,25,25,0.30640135997547585,-4.977679999999999
W1030,8,20,127,1.0960336359058271,0.5420629921259841,68.84199999999998,201.188,30.708661417322837,1.2588705719317494,0.3363319677841875,1.6594413517907283,1.3973766233766232,-4.762879999999999,3.2126399999999995,77,25,25,0.3363319677841875,-4.762879999999999
W1030,8,22,127,1.1494042125273787,0.8539921259842519,108.457,194.72400000000002,29.92125984251969,1.2832612467949547,0.3716132987765794,1.8283823505262982,1.5624285714285713,-4.5096799999999995,4.03568,77,25,25,0.3716132987765794,-4.5096799999999995
W1030,8,25,127,1.2201692236422597,1.2723700787401577,161.59100000000004,185.76099999999997,29.133858267716533,1.3981295956639774,0.4215701028342112,1.741702875104003,2.196025974025974,-4.151159999999999,3.85104,77,25,25,0.4215701028342112,-4.151159999999999
W1030,8,27,127,1.2448045475363019,1.4310078740157475,181.73799999999994,179.90099999999998,28.346456692913385,1.3808006722673554,0.4542318089345929,1.8837092847678039,2.1421818181818177,-3.91676,4.58836,77,25,25,0.4542318089345929,-3.91676
W1030,8,30,127,1.2591519974702226,1.5487086614173229,196.686,169.5579999999999,26.77165354330709,1.5055926087528655,0.5118802775687651,1.445806918788939,2.8441948051948045,-3.50304,2.61036,77,25,25,0.5118802775687651,-3.50304
W1030,8,32,127,1.2331804480694217,1.4083070866141727,178.85499999999993,164.07399999999993,25.984251968503933,1.4286248512663609,0.5424462837555388,1.490675210405509,2.4561038961038957,-3.2836799999999995,2.87308,77,25,25,0.5424462837555388,-3.2836799999999995
W1030,8,35,127,1.1461072721123802,0.9116771653543309,115.78300000000002,154.94300000000004,23.62204724409449,1.2117376294591484,0.5933394643703146,1.6143840856924254,1.283220779220779,-2.91844,3.59744,77,25,25,0.5933394643703146,-2.91844
W1030,8,40,127,1.134773310414954,0.8495196850393699,107.88899999999998,157.091,22.83464566929134,1.2786760183691093,0.6724242677591059,1.2370673469123492,1.6888961038961037,-2.3508799999999996,1.4646399999999995,77,25,25,0.6724242677591059,-2.3508799999999996
W1030,8,45,127,1.044258820143676,0.2882047244094486,36.601999999999975,213.332,20.47244094488189,1.2748945280523896,0.4817830181129458,1.0169553863694878,1.7008831168831167,-3.88528,0.11064000000000035,77,25,25,0.4817830181129458,-3.88528
W1030,8,50,127,1.0993338565101045,0.6468425196850394,82.149,218.132,20.47244094488189,1.3494007514220345,0.4561741403686611,1.1079848468130495,2.161883116883117,-4.07728,0.7046400000000004,77,25,25,0.4561741403686611,-4.07728
W1030,8,60,127,1.189406516815619,1.2333779527559054,156.63899999999998,208.06199999999984,20.47244094488189,1.4976491824612221,0.5098994318030251,1.0699179815366509,3.079155844155844,-3.67448,0.45624000000000037,77,25,25,0.5098994318030251,-3.67448
W1030,8,75,127,1.1633920897841343,1.0748188976377955,136.50200000000004,199.63599999999977,19.68503937007874,1.487308629142201,0.5936244564782457,0.8553091323697084,3.0685064935064936,-3.04676,-0.9441599999999996,77,25,25,0.5936244564782457,-3.04676
W1030,8,100,127,1.238219782482231,1.5670472440944883,199.01500000000001,175.5789999999999,19.68503937007874,1.56478095603446,0.7267372689198922,0.8553091323697084,3.5563376623376626,-2.04876,-0.9441599999999996,77,25,25,0.7267372689198922,-2.04876
W1030,9,3,127,0.5763736365574059,-1.4397559055118112,-182.84900000000002,208.05900000000003,62.99212598425197,0.5589773605576943,0.502995701819129,0.7325613265725641,-1.5265454545454544,-1.8316,-0.7806000000000001,77,25,25,0.502995701819129,-1.8316
W1030,9,4,127,0.6707104423008705,-1.2133464566929133,-154.095,187.135,59.84251968503938,0.6288027553065856,0.5784853547385799,0.9673153350692063,-1.4164935064935062,-1.7056,-0.09539999999999978,77,25,25,0.5784853547385799,-1.7056
W1030,9,5,127,0.777858188457047,-0.850771653543307,-108.04799999999999,160.71400000000003,58.26771653543307,0.7412820318348047,0.7020136616613449,1.0067455476945597,-1.018922077922078,-1.20576,0.022120000000000282,77,25,25,0.7020136616613449,-1.20576
W1030,9,6,127,0.7998657649985053,-0.8382047244094489,-106.45200000000001,155.27100000000004,54.330708661417326,0.8090246565286768,0.7331059630281369,0.843949680511182,-0.7973766233766237,-1.1769599999999998,-0.6251999999999998,77,25,25,0.7331059630281369,-1.1769599999999998
W1030,9,7,127,0.8447721466978688,-0.6842125984251967,-86.89499999999998,156.28700000000003,51.96850393700787,0.8840206341430965,0.71763957265816,0.8648759576796788,-0.49812987012987003,-1.34896,-0.5926,77,25,25,0.71763957265816,-1.34896
W1030,9,8,127,0.8186062648691512,-0.86451968503937,-109.794,182.90400000000002,48.031496062992126,0.9558049590279737,0.5892317965393102,0.7011192861615528,-0.19500000000000015,-2.2637599999999996,-1.5273999999999999,77,25,25,0.5892317965393102,-2.2637599999999996
W1030,9,10,127,0.8503595595868662,-0.7774645669291339,-98.738,187.24300000000005,43.30708661417323,0.9269283798415597,0.620840308684823,0.8835316217908576,-0.36548051948051963,-2.22864,-0.5952000000000001,77,25,25,0.620840308684823,-2.22864
W1030,9,12,127,0.8906236099991104,-0.6002283464566931,-76.22900000000003,205.24400000000006,40.15748031496063,0.9918795742343491,0.5162469093906046,1.0538509705698182,-0.04262337662337674,-3.19308,0.27520000000000006,77,25,25,0.5162469093906046,-3.19308
W1030,9,15,127,0.9392998781284296,-0.35492125984251965,-45.074999999999996,213.60399999999998,36.22047244094488,1.1124572760411853,0.4211598481423584,1.1002741127882754,0.6165974025974024,-4.250839999999999,0.5487200000000001,77,25,25,0.4211598481423584,-4.250839999999999
W1030,9,18,127,1.0512407445124072,0.3070551181102362,38.996,220.77999999999992,34.645669291338585,1.2630664160720448,0.3797989861095978,1.328993823325171,1.4742207792207793,-4.781079999999999,1.8003200000000004,77,25,25,0.3797989861095978,-4.781079999999999
W1030,9,20,127,1.124487556568431,0.7548503937007875,95.86600000000001,209.23299999999995,33.85826771653544,1.3243802731542118,0.4170545290390873,1.4773582836884616,1.8559480519480522,-4.49388,2.6121999999999996,77,25,25,0.4170545290390873,-4.49388
W1030,9,22,127,1.1849050646720451,1.1344173228346457,144.071,196.297,33.07086614173229,1.3602641259335366,0.461418720132003,1.6277621431965204,2.1037272727272724,-4.15188,3.4352399999999994,77,25,25,0.461418720132003,-4.15188
W1030,9,25,127,1.2637690279656222,1.6369921259842524,207.89800000000005,183.61000000000004,32.28346456692913,1.4879012708113712,0.5240111455301133,1.550351448654209,2.8490519480519483,-3.6693599999999993,3.2102,77,25,25,0.5240111455301133,-3.6693599999999993
W1030,9,27,127,1.2948029572710447,1.851204724409449,235.103,175.67900000000003,31.496062992125985,1.4798363198995956,0.5651634729637874,1.6767563860792047,2.8599740259740263,-3.3521199999999998,3.94752,77,25,25,0.5651634729637874,-3.3521199999999998
W1030,9,30,127,1.3193190149599947,2.0507874015748033,260.45000000000005,162.65699999999998,29.92125984251969,1.617859695300516,0.6327319520762962,1.2907028510443668,3.6826363636363633,-2.8312399999999998,1.90672,77,25,25,0.6327319520762962,-2.8312399999999998
W1030,9,32,127,1.298894848061242,1.94792125984252,247.38600000000002,155.14300000000006,29.133858267716533,1.5444432884402646,0.6717205522952634,1.3307577374599788,3.3300909090909085,-2.5306799999999994,2.16944,77,25,25,0.6717205522952634,-2.5306799999999994
W1030,9,35,127,1.2256915408010236,1.5215590551181104,193.23800000000003,142.41099999999992,26.77165354330709,1.343195076735815,0.7377842810666086,1.4411953041622199,2.2263376623376625,-2.0214,2.8937999999999993,77,25,25,0.7377842810666086,-2.0214
W1030,9,40,127,1.2354141096140556,1.6038818897637794,203.69299999999998,152.28899999999993,25.984251968503933,1.4354802544914376,0.8345968047404827,1.1042912873862156,2.8249999999999997,-1.2750799999999993,0.7217999999999989,77,25,25,0.8345968047404827,-1.2750799999999993
W1030,9,45,127,1.1716388090139924,1.207433070866142,153.34400000000005,192.83899999999997,23.62204724409449,1.4584837899556824,0.6841680169265608,0.9099635246688424,3.0324415584415587,-2.5495599999999996,-0.6566000000000003,77,25,25,0.6841680169265608,-2.5495599999999996
W1030,9,50,127,1.217644510757087,1.5310708661417325,194.44600000000003,195.254,23.62204724409449,1.5147727295040276,0.672201493461769,0.9914159559005019,3.40474025974026,-2.64616,-0.06259999999999998,77,25,25,0.672201493461769,-2.64616
W1030,9,60,127,1.2126226556223507,1.510834645669292,191.8760000000001,244.354,22.83464566929134,1.6183300836666445,0.4533242895834026,0.9573540301127169,4.0896753246753255,-4.61016,-0.3110000000000006,77,25,25,0.4533242895834026,-4.61016
W1030,9,75,127,1.18767402213002,1.3470000000000006,171.06900000000007,253.38600000000002,22.04724409448819,1.6046047301207607,0.5277597271696699,0.7653237528453501,4.070324675324676,-3.9824399999999995,-1.7114000000000003,77,25,25,0.5277597271696699,-3.9824399999999995
W1030,9,100,127,1.256254923084687,1.8392283464566925,233.58199999999997,228.43599999999984,22.04724409448819,1.677067016474401,0.6461032031001723,0.7653237528453501,4.558155844155843,-2.98444,-1.7114000000000003,77,25,25,0.6461032031001723,-2.98444
W1030,10,3,127,0.5944201966004597,-1.4070393700787402,-178.69400000000002,203.90399999999994,66.14173228346458,0.5572323166425905,0.5413677928051251,0.8109165398238902,-1.6041818181818182,-1.6751999999999998,-0.5316799999999999,77,25,25,0.5413677928051251,-1.6751999999999998
W1030,10,4,127,0.6866250811458628,-1.1859291338582676,-150.61299999999997,183.65299999999993,62.99212598425197,0.6239595603940402,0.6171050683511821,1.062278617864205,-1.509064935064935,-1.5517200000000002,0.1751200000000002,77,25,25,0.6171050683511821,-1.5517200000000002
W1030,10,5,127,0.7957031312373257,-0.805952755905512,-102.35600000000002,146.63500000000002,61.417322834645674,0.7361605241400044,0.750510783200908,1.0891326790800653,-1.0940909090909094,-1.01108,0.2866400000000003,77,25,25,0.7361605241400044,-1.0940909090909094
W1030,10,6,127,0.7889917384738385,-0.9351653543307087,-118.766,158.36900000000006,56.69291338582677,0.7608676408017339,0.7781471790092478,0.8984139234369278,-1.0875584415584418,-0.9902799999999999,-0.41068000000000005,77,25,25,0.7608676408017339,-1.0875584415584418
W1030,10,7,127,0.8359111353965867,-0.7661102362204721,-97.29599999999996,161.12499999999997,54.330708661417326,0.8311567526749176,0.7713465776403645,0.9219701809478393,-0.7898311688311683,-1.1122799999999997,-0.3468799999999998,77,25,25,0.7713465776403645,-1.1122799999999997
W1030,10,8,127,0.8332641461485887,-0.8317716535433068,-105.63499999999996,166.59499999999997,51.181102362204726,0.898989789913017,0.6296194425637553,0.8705918227745866,-0.4859220779220777,-2.1006800000000005,-0.6280799999999995,77,25,25,0.6296194425637553,-2.1006800000000005
W1030,10,10,127,0.889935231200754,-0.5957086614173228,-75.655,178.44799999999998,47.24409448818898,0.8654555568912807,0.7848327127059355,1.0983459291065383,-0.7412857142857142,-1.2203600000000001,0.4773200000000002,77,25,25,0.7848327127059355,-1.2203600000000001
W1030,10,12,127,0.936886320354172,-0.3616771653543307,-45.933,176.265,44.09448818897638,0.9297712945282965,0.6761674041480236,1.3106472057163112,-0.4055324675324675,-2.096,1.5077200000000004,77,25,25,0.6761674041480236,-2.096
W1030,10,15,127,0.9614095662365735,-0.23955118110236193,-30.422999999999966,177.84,39.37007874015748,1.0429576555641622,0.5908373609576123,1.169523097222124,0.2592857142857144,-2.97656,0.9610399999999999,77,25,25,0.5908373609576123,-2.97656
W1030,10,18,127,1.115052427495754,0.7233228346456695,91.86200000000002,185.17199999999994,38.582677165354326,1.250271107668474,0.5694168763577826,1.4106204181278093,1.5105974025974027,-3.306,2.32784,77,25,25,0.5694168763577826,-3.306
W1030,10,20,127,1.1563711092322806,1.0077637795275591,127.98600000000002,173.96699999999993,37.00787401574803,1.244962871287129,0.6277917571855025,1.5692140523682856,1.5423116883116885,-2.8578,3.2269199999999993,77,25,25,0.6277917571855025,-2.8578
W1030,10,22,127,1.2209543280516255,1.4415669291338589,183.07900000000006,161.36899999999997,36.22047244094488,1.2805314937958037,0.6934237740233083,1.7273772816753334,1.8030779220779223,-2.35388,4.12356,77,25,25,0.6934237740233083,-2.35388
W1030,10,25,127,1.3092462286390907,2.0420551181102367,259.34100000000007,143.35899999999995,35.43307086614173,1.4053993982707864,0.7872507801551456,1.655893573701793,2.605649350649351,-1.6334799999999994,3.9817199999999997,77,25,25,0.7872507801551456,-1.6334799999999994
W1030,10,27,127,1.3445631540434777,2.3025039370078746,292.41800000000006,131.41800000000003,34.645669291338585,1.3991864492709136,0.8494600128159043,1.7890121040805975,2.617766233766234,-1.1558399999999998,4.789840000000001,77,25,25,0.8494600128159043,-1.1558399999999998
W1030,10,30,127,1.3423741867255214,2.3452362204724406,297.84499999999997,143.9159999999999,32.28346456692913,1.5327945309111652,0.7879321780946856,1.40540179168338,3.493935064935066,-1.63696,2.7894399999999995,77,25,25,0.7879321780946856,-1.63696
W1030,10,32,127,1.3302538530353178,2.2934881889763776,291.27299999999997,138.15200000000002,31.496062992125985,1.4722461864619885,0.8378554846198493,1.4559084276554064,3.1706363636363633,-1.2515999999999994,3.1369599999999997,77,25,25,0.8378554846198493,-1.2515999999999994
W1030,10,35,127,1.213010917836435,1.5496141732283468,196.80100000000004,163.37999999999994,28.346456692913385,1.2878554327506477,0.7002748145740375,1.5794369161187558,2.051766233766234,-2.43432,3.98692,77,25,25,0.7002748145740375,-2.43432
W1030,10,40,127,1.2303265339773288,1.6938267716535438,215.11600000000007,154.78199999999995,27.559055118110237,1.3795528006442699,0.7921653221437508,1.2691333886212977,2.7053636363636366,-1.6879999999999997,1.9601199999999996,77,25,25,0.7921653221437508,-1.6879999999999997
W1030,10,45,127,1.1788728655742058,1.3583464566929138,172.51000000000005,209.04799999999992,25.196850393700785,1.4088708884299368,0.6480947776536524,1.0979665551143194,2.969597402597403,-2.9988799999999998,0.75292,77,25,25,0.6480947776536524,-2.9988799999999998
W1030,10,50,127,1.231693812290809,1.7594645669291338,223.452,211.46299999999988,25.196850393700785,1.4688928823681926,0.6367591975441924,1.2009659774015415,3.4055324675324683,-3.0954800000000002,1.5445200000000008,77,25,25,0.6367591975441924,-3.0954800000000002
W1030,10,60,127,1.2463135425806484,1.8899133858267716,240.019,261.5659999999998,24.409448818897637,1.5812586612307664,0.4284574313086437,1.220899670547578,4.221636363636364,-5.0996,1.6977200000000006,77,25,25,0.4284574313086437,-5.0996
W1030,10,75,127,1.1833486002815077,1.4215984251968514,180.54300000000012,282.0099999999998,23.62204724409449,1.594448092881801,0.49880975329839544,0.759562187397534,4.396584415584416,-4.47188,-1.8478799999999997,77,25,25,0.49880975329839544,-4.47188
W1030,10,100,127,1.2567853291059798,1.990992125984252,252.856,257.0599999999999,23.62204724409449,1.6776143199800528,0.6106615619802477,0.759562187397534,5.011688311688313,-3.47388,-1.8478799999999997,77,25,25,0.6106615619802477,-3.47388
W1030,11,3,127,0.6093975537491453,-1.376464566929134,-174.811,200.021,68.50393700787401,0.5427705583234885,0.7347227037507865,0.7343166301687493,-1.734116883116883,-0.8263599999999998,-0.8250000000000002,77,25,25,0.5427705583234885,-1.734116883116883
W1030,11,4,127,0.6965505881204548,-1.1749370078740156,-149.21699999999998,183.63199999999998,65.35433070866141,0.6052692268664153,0.7987333655803908,0.961934819013268,-1.6671428571428568,-0.71568,-0.11820000000000004,77,25,25,0.6052692268664153,-1.6671428571428568
W1030,11,5,127,0.8044963126814988,-0.791968503937008,-100.58000000000001,145.13300000000004,63.77952755905512,0.7125807686714017,0.9701227263012251,0.9877382966723068,-1.2576233766233769,-0.10623999999999999,-0.04347999999999988,77,25,25,0.7125807686714017,-1.2576233766233769
W1030,11,6,127,0.8219670860277857,-0.799259842519685,-101.50599999999999,145.124,59.84251968503938,0.7757398823319666,0.9940780457550992,0.8164733387285317,-1.0455064935064937,-0.02367999999999995,-0.8164000000000001,77,25,25,0.7757398823319666,-1.0455064935064937
W1030,11,7,127,0.8149491669516469,-0.9118110236220474,-115.80000000000001,165.497,55.90551181102362,0.8047125501823621,0.8233704084799189,0.8384338433843386,-0.9665714285714286,-0.8651600000000002,-0.7898,77,25,25,0.8047125501823621,-0.9665714285714286
W1030,11,8,127,0.8118166200392504,-0.9936141732283466,-126.18900000000001,171.257,52.75590551181102,0.8706711888611209,0.6707493589920321,0.7922228888555573,-0.6586363636363637,-1.9107600000000002,-1.1081999999999996,77,25,25,0.6707493589920321,-1.9107600000000002
W1030,11,10,127,0.8663554156982921,-0.7674724409448821,-97.46900000000002,184.33,48.818897637795274,0.8365946536967915,0.8365016128587577,0.9994750262486877,-0.956857142857143,-0.9488399999999997,-0.0027999999999998694,77,25,25,0.8365016128587577,-0.956857142857143
W1030,11,12,127,0.9113857046396725,-0.5404488188976381,-68.63700000000003,181.277,45.66929133858268,0.89841300009503,0.7243505641563893,1.1926653667316636,-0.6247402597402599,-1.8488799999999999,1.0276000000000003,77,25,25,0.7243505641563893,-1.8488799999999999
W1030,11,15,127,0.936295071412195,-0.4222598425196852,-53.62700000000002,170.614,40.94488188976378,1.0085049383513007,0.6441308085880603,1.063064391995895,0.05475324675324647,-2.70704,0.3933199999999997,77,25,25,0.6441308085880603,-2.70704
W1030,11,18,127,1.0862080892189474,0.57896062992126,73.52800000000002,164.65400000000002,40.15748031496063,1.208804709185979,0.6324441949314641,1.2822152385838892,1.344246753246753,-2.95928,1.76012,77,25,25,0.6324441949314641,-2.95928
W1030,11,20,127,1.127011708954397,0.8753937007874014,111.17499999999998,151.57600000000002,38.582677165354326,1.2035505836575877,0.6980986779676175,1.4263724987172908,1.3696363636363633,-2.4306799999999997,2.6592,77,25,25,0.6980986779676175,-2.4306799999999997
W1030,11,22,127,1.1891442922785838,1.3224015748031492,167.94499999999996,138.99300000000002,37.79527559055118,1.2355822949621174,0.7715681062792813,1.5701385325808104,1.6237402597402593,-1.83916,3.5558399999999994,77,25,25,0.7715681062792813,-1.83916
W1030,11,25,127,1.2775118180301432,1.9645433070866145,249.49700000000004,121.18400000000005,37.00787401574803,1.3583553631959664,0.876048906752252,1.5043998802753666,2.4699480519480517,-0.9979599999999991,3.3704,77,25,25,0.876048906752252,-0.9979599999999991
W1030,11,27,127,1.2680459934822301,1.944228346456693,246.917,149.91000000000005,35.43307086614173,1.277966800701103,0.9442669700567863,1.6253397186471117,1.995740259740259,-0.44871999999999973,4.17852,77,25,25,0.9442669700567863,-0.44871999999999973
W1030,11,30,127,1.2672517112872501,1.989322834645669,252.64399999999998,168.40799999999996,33.07086614173229,1.3999996382336395,0.9008640291041383,1.271113097428887,2.87190909090909,-0.8022400000000001,2.0625199999999997,77,25,25,0.9008640291041383,-0.8022400000000001
W1030,11,32,127,1.2590665240534467,1.9529291338582675,248.02199999999996,162.64400000000003,32.28346456692913,1.3474126790234926,0.9581232576072128,1.3167937325832064,2.5486103896103893,-0.33887999999999946,2.4100399999999995,77,25,25,0.9581232576072128,-0.33887999999999946
W1030,11,35,127,1.1539706227321957,1.214543307086614,154.24699999999999,173.00200000000004,29.133858267716533,1.1813931876643207,0.8322613310330602,1.4285188495714811,1.409441558441558,-1.4311999999999996,3.26,77,25,25,0.8322613310330602,-1.4311999999999996
W1030,11,40,127,1.1712751200777973,1.3659999999999999,173.48199999999997,154.34400000000005,28.346456692913385,1.2655102733257895,0.9288728036454329,1.148052464228935,2.0630389610389606,-0.6068799999999993,1.192,77,25,25,0.9288728036454329,-0.6068799999999993
W1030,11,45,127,1.1224901825078484,1.0089448818897633,128.13599999999994,210.39,25.984251968503933,1.2929515707665444,0.781451641652704,0.9936881771078662,2.318441558441558,-1.96176,-0.05359999999999964,77,25,25,0.781451641652704,-1.96176
W1030,11,50,127,1.1711876202093126,1.4100629921259837,179.07799999999995,212.805,25.984251968503933,1.3480350649180153,0.7706899932266228,1.0869053226566179,2.7543766233766234,-2.0583599999999995,0.7380000000000004,77,25,25,0.7706899932266228,-2.0583599999999995
W1030,11,60,127,1.1840175405241538,1.5318503937007868,194.54499999999993,264.0079999999999,25.196850393700785,1.4511555931891875,0.5641142129285638,1.104945831370702,3.57048051948052,-4.1064799999999995,0.8911999999999998,77,25,25,0.5641142129285638,-4.1064799999999995
W1030,11,75,127,1.125716601949382,1.0574409448818896,134.295,288.885,24.409448818897637,1.4636023539234475,0.6307440823691751,0.6874234573716439,3.7353766233766246,-3.47876,-2.6544,77,25,25,0.6307440823691751,-3.47876
W1030,11,100,127,1.1934104448829659,1.6268346456692915,206.608,263.9349999999998,24.409448818897637,1.5399436824943467,0.7366776350705869,0.6874234573716439,4.350480519480519,-2.4807599999999996,-2.6544,77,25,25,0.6874234573716439,-2.6544
W1030,12,3,127,0.6015365573869468,-1.4550629921259843,-184.793,210.00299999999996,70.07874015748031,0.5276142069051012,0.6766796362217202,0.8258805723720418,-1.880506493506494,-1.0935599999999999,-0.5061999999999999,77,25,25,0.5276142069051012,-1.880506493506494
W1030,12,4,127,0.6856842117596975,-1.267338582677165,-160.95199999999997,204.6970000000001,66.92913385826772,0.5864616694960243,0.7353687459220978,1.0877132636213536,-1.8412337662337668,-1.0220799999999999,0.2550000000000001,77,25,25,0.5864616694960243,-1.8412337662337668
W1030,12,5,127,0.789639251198057,-0.8893307086614171,-112.94499999999996,166.11800000000005,65.35433070866141,0.6899500146353544,0.8931615522437524,1.0885714285714285,-1.4306753246753248,-0.4126400000000002,0.30132000000000014,77,25,25,0.6899500146353544,-1.4306753246753248
W1030,12,6,127,0.8046278861523268,-0.9191181102362205,-116.728,159.581,61.417322834645674,0.7493975205501461,0.9147688568956311,0.8871278057718736,-1.235701298701299,-0.37036000000000024,-0.4928,77,25,25,0.7493975205501461,-1.235701298701299
W1030,12,7,127,0.7883014164237958,-1.1112992125984253,-141.13500000000002,194.69,57.48031496062992,0.7606221584574968,0.7590472103650504,0.9145768025078372,-1.282779220779221,-1.28024,-0.4142,77,25,25,0.7590472103650504,-1.282779220779221
W1030,12,8,127,0.7836961032102302,-1.2190393700787403,-154.818,187.57599999999996,54.330708661417326,0.8230232257001258,0.6197697079315748,0.851134497686222,-0.9762337662337661,-2.3881200000000002,-0.7977999999999997,77,25,25,0.6197697079315748,-2.3881200000000002
W1030,12,10,127,0.8649188308932324,-0.814472440944882,-103.43800000000002,181.62900000000002,51.181102362204726,0.8374867561595707,0.7729241233489156,1.0699358113151216,-1.001987012987013,-1.4261999999999995,0.3748000000000002,77,25,25,0.7729241233489156,-1.4261999999999995
W1030,12,12,127,0.9404533503872663,-0.37611023622047246,-47.766000000000005,158.10999999999999,48.818897637795274,0.9008099883199805,0.7895384469764195,1.278549037169727,-0.6429870129870134,-1.4230399999999992,1.4928000000000003,77,25,25,0.7895384469764195,-1.4230399999999992
W1030,12,15,127,0.9693820642049806,-0.210952755905512,-26.79100000000002,142.15,44.09448818897638,1.0124644874829722,0.7109623387701295,1.1428544332608364,0.08472727272727267,-2.2363999999999997,0.9037999999999998,77,25,25,0.7109623387701295,-2.2363999999999997
W1030,12,18,127,1.125997993303496,0.8800314960629922,111.76400000000001,126.452,43.30708661417323,1.2141641208466833,0.7072546299676329,1.3781738404734207,1.455779220779221,-2.4058399999999995,2.3926,77,25,25,0.7072546299676329,-2.4058399999999995
W1030,12,20,127,1.1705874606292732,1.223944881889764,155.44100000000003,120.92699999999999,41.732283464566926,1.2119480557427402,0.7816991555328416,1.532547670831015,1.5072727272727275,-1.7940399999999994,3.3692799999999994,77,25,25,0.7816991555328416,-1.7940399999999994
W1030,12,22,127,1.2393558464501082,1.741110236220472,221.12099999999995,115.04899999999996,40.94488188976378,1.2503525564358065,0.8637025139324912,1.6883693288149308,1.8213766233766235,-1.1201199999999993,4.35512,77,25,25,0.8637025139324912,-1.1201199999999993
W1030,12,25,127,1.3351398192303132,2.469708661417323,313.653,107.66499999999996,40.15748031496063,1.3772157502579465,0.981295174125721,1.6237267825044939,2.7443376623376623,-0.153719999999999,4.247280000000001,77,25,25,0.981295174125721,-0.153719999999999
W1030,12,27,127,1.329675595380708,2.491968503937009,316.48000000000013,105.66499999999996,38.582677165354326,1.301784586526004,1.0578131464310918,1.75350391804415,2.2899610389610396,0.4751200000000009,5.131,77,25,25,1.0578131464310918,0.4751200000000009
W1030,12,30,127,1.3379042990221608,2.621102362204725,332.88000000000005,133.79499999999996,36.22047244094488,1.427405648994234,1.0279443244447457,1.3981365245307869,3.243181818181819,0.23080000000000056,3.0953999999999997,77,25,25,1.0279443244447457,0.23080000000000056
W1030,12,32,127,1.3377548994241633,2.6519291338582685,336.7950000000001,133.79499999999996,35.43307086614173,1.3841102249173247,1.0952334828217472,1.4531764487981562,2.974649350649351,0.7865600000000009,3.52332,77,25,25,1.0952334828217472,0.7865600000000009
W1030,12,35,127,1.1915535801162909,1.596614173228347,202.77000000000007,147.21499999999997,31.496062992125985,1.2264498157398422,0.972705055331301,1.3160852168689874,1.8634025974025978,-0.23855999999999924,2.610079999999999,77,25,25,0.972705055331301,-0.23855999999999924
W1030,12,40,127,1.168905834943947,1.4409370078740151,182.9989999999999,146.639,29.92125984251969,1.23307574037352,1.0900403657632423,1.0578745456376637,1.9569220779220777,0.7869600000000004,0.5056799999999997,77,25,25,1.0578745456376637,0.5056799999999997
W1030,12,45,127,1.181809981038157,1.58696062992126,201.544,146.639,28.346456692913385,1.2635371563026843,1.2160392124557209,0.9154342845240575,2.2574935064935064,1.888200000000001,-0.7795199999999991,77,25,25,0.9154342845240575,-0.7795199999999991
W1030,12,50,127,1.2406476254395418,2.100535433070867,266.7680000000001,146.91499999999996,28.346456692913385,1.3212273647952069,1.2498238002398145,1.0013104908699577,2.7516753246753254,2.1834800000000003,0.012080000000000694,77,25,25,1.0013104908699577,0.012080000000000694
W1030,12,60,127,1.2706951433576452,2.388488188976379,303.33800000000014,146.91499999999996,27.559055118110237,1.4317957161396744,1.0624465948670347,1.0179302923002151,3.6988181818181816,0.5758800000000006,0.16528000000000062,77,25,25,1.0179302923002151,0.16528000000000062
W1030,12,75,127,1.202568568888481,1.8066771653543314,229.4480000000001,157.7369999999998,26.77165354330709,1.4635713179771799,1.0111776672204174,0.6332882038464208,4.043883116883117,0.10308000000000049,-3.3803199999999993,77,25,25,0.6332882038464208,-3.3803199999999993
W1030,12,100,127,1.2227443799864575,1.9866220472440954,252.30100000000013,166.66499999999994,26.77165354330709,1.460449369953074,1.119397611787516,0.6332882038464208,4.016649350649351,1.1010799999999998,-3.3803199999999993,77,25,25,0.6332882038464208,-3.3803199999999993
W1030,13,3,127,0.6143160136396361,-1.4089370078740158,-178.935,204.14499999999998,71.65354330708661,0.5720618423116529,0.6244461420932008,0.7593295382669197,-1.6298441558441557,-1.37648,-0.7610000000000001,77,25,25,0.5720618423116529,-1.6298441558441557
W1030,13,4,127,0.7220463160070683,-1.1011102362204725,-139.841,177.21599999999995,69.29133858267717,0.6677105777421455,0.6778714426188817,1.0000632511068943,-1.3779740259740254,-1.3496800000000002,0.00020000000000003126,77,25,25,0.6677105777421455,-1.3779740259740254
W1030,13,5,127,0.828674607412327,-0.714992125984252,-90.804,156.962,67.71653543307087,0.7825076934173198,0.8233266823870851,1.0007891038806618,-0.939883116883117,-0.74024,0.0029200000000001937,77,25,25,0.7825076934173198,-0.939883116883117
W1030,13,6,127,0.8381374052468831,-0.7587952755905512,-96.36699999999999,170.489,63.77952755905512,0.8437439044100026,0.8429682662210422,0.8163729871005817,-0.7282467532467531,-0.74048,-0.8712000000000001,77,25,25,0.8163729871005817,-0.8712000000000001
W1030,13,7,127,0.7662264050512358,-1.279527559055118,-162.5,205.85799999999998,58.26771653543307,0.7657710754253263,0.6983936772254048,0.8420552939389339,-1.274844155844156,-1.7416800000000001,-0.8317999999999999,77,25,25,0.6983936772254048,-1.7416800000000001
W1030,13,8,127,0.7601853002443857,-1.4132204724409452,-179.47900000000004,201.95999999999992,55.118110236220474,0.8275161417231722,0.5703042130370318,0.7828848002196898,-0.9679480519480517,-2.93288,-1.265,77,25,25,0.5703042130370318,-2.93288
W1030,13,10,127,0.865613079433864,-0.8341417322834644,-105.93599999999998,191.37800000000001,52.75590551181102,0.8848459938050061,0.7112349607646642,0.9841411506247425,-0.7058701298701295,-1.97096,-0.09239999999999995,77,25,25,0.7112349607646642,-1.97096
W1030,13,12,127,0.9710107914508233,-0.1859055118110235,-23.609999999999985,160.718,51.181102362204726,1.0020099197268981,0.7265729202393201,1.176026362762598,0.012662337662337911,-2.009,1.0256,77,25,25,0.7265729202393201,-2.009
W1030,13,15,127,1.0328065060610712,0.22726771653543307,28.863,143.14799999999997,47.24409448818898,1.1254477902492759,0.6551804634499581,1.233816212130755,0.8327142857142857,-2.89516,1.4849199999999996,77,25,25,0.6551804634499581,-2.89516
W1030,13,18,127,1.1614011216206384,1.1525590551181104,146.37500000000003,141.95100000000002,45.66929133858268,1.2794157965683473,0.6518904999461653,1.486319833721736,1.905935064935065,-3.1038,3.08852,77,25,25,0.6518904999461653,-3.1038
W1030,13,20,127,1.2069144960714064,1.521590551181102,193.24199999999996,136.42600000000002,44.09448818897638,1.2746266170271328,0.720507483042027,1.65427977577628,1.9696363636363636,-2.492,4.1552,77,25,25,0.720507483042027,-2.492
W1030,13,22,127,1.2787556659265198,2.0788346456692914,264.012,130.548,43.30708661417323,1.316637632972844,0.7960915909988157,1.8214776091201106,2.325168831168831,-1.8180800000000006,5.21704,77,25,25,0.7960915909988157,-1.8180800000000006
W1030,13,25,127,1.3802839052649232,2.8749133858267713,365.114,121.55800000000002,42.51968503937008,1.4530954044231434,0.9044790582492913,1.7580485532980143,3.3272207792207795,-0.8516799999999993,5.2084,77,25,25,0.9044790582492913,-0.8516799999999993
W1030,13,27,127,1.393395381200297,3.0183307086614177,383.32800000000003,117.29400000000001,40.94488188976378,1.4056094594944244,0.9750071779779637,1.8951097397682948,3.053844155844155,-0.22284000000000034,6.15012,77,25,25,0.9750071779779637,-0.22284000000000034
W1030,13,30,127,1.3700275934668882,2.922740157480315,371.18800000000005,145.424,38.582677165354326,1.4988382623095033,0.9478455417070437,1.4696094650824683,3.7557662337662334,-0.46716000000000035,3.7469199999999994,77,25,25,0.9478455417070437,-0.46716000000000035
W1030,13,32,127,1.3977317133469442,3.141566929133858,398.979,145.424,38.582677165354326,1.5043563007236065,1.009891439773859,1.523241590214067,3.7973116883116886,0.08860000000000057,4.17484,77,25,25,1.009891439773859,0.08860000000000057
W1030,13,35,127,1.2458690581012688,2.0689842519685047,262.7610000000001,162.404,34.645669291338585,1.333597088146859,0.8969324065985541,1.3793298192771084,2.6829090909090905,-0.9769200000000002,3.2239999999999993,77,25,25,0.8969324065985541,-0.9769200000000002
W1030,13,40,127,1.2251295897412955,1.9414094488188975,246.559,157.41400000000002,33.07086614173229,1.3451107570930054,1.0051274260321317,1.1196505388265554,2.8358961038961037,0.0486,1.0791999999999995,77,25,25,1.0051274260321317,0.0486
W1030,13,45,127,1.239268851211079,2.113574803149607,268.4240000000001,152.26400000000004,31.496062992125985,1.3815059690630662,1.1213111018268829,0.9719317326194259,3.1998441558441555,1.1498399999999998,-0.26839999999999997,77,25,25,0.9719317326194259,-0.26839999999999997
W1030,13,50,127,1.301713863962327,2.665181102362206,338.4780000000001,162.104,31.496062992125985,1.4479042472477277,1.1524639075628478,1.0547142976658577,3.7567532467532474,1.44512,0.5232000000000001,77,25,25,1.0547142976658577,0.5232000000000001
W1030,13,60,127,1.338582066807721,3.0265984251968505,384.37800000000004,162.10399999999998,30.708661417322837,1.5773810445473269,0.9783438778118608,1.0707353802392703,4.842727272727273,-0.2168800000000003,0.6763999999999993,77,25,25,0.9783438778118608,-0.2168800000000003
W1030,13,75,127,1.2820588061146658,2.5506377952755916,323.93100000000015,169.06799999999998,29.92125984251969,1.6265371215615818,0.9311333716768916,0.6999498033966368,5.362376623376624,-0.6896800000000006,-2.869199999999999,77,25,25,0.6999498033966368,-2.869199999999999
W1030,13,100,127,1.300727413945032,2.7194566929133868,345.3710000000001,169.06799999999998,29.92125984251969,1.6212110636334947,1.03078668200409,0.6999498033966368,5.316792207792208,0.3083199999999995,-2.869199999999999,77,25,25,0.6999498033966368,-2.869199999999999
W1030,14,3,127,0.6183992847389019,-1.4148582677165356,-179.687,204.89699999999996,73.22834645669292,0.5679818657413408,0.7067417047719544,0.708510387157696,-1.688051948051948,-1.0004799999999998,-0.9878,77,25,25,0.5679818657413408,-1.688051948051948
W1030,14,4,127,0.7239014710726726,-1.1153228346456692,-141.646,174.68599999999995,70.86614173228347,0.6606560317648523,0.754854613140155,0.933132672332389,-1.4495584415584415,-0.9745999999999998,-0.22659999999999988,77,25,25,0.6606560317648523,-1.4495584415584415
W1030,14,5,127,0.8298231005138412,-0.7257401574803151,-92.16900000000001,159.16400000000002,69.29133858267717,0.7735989296863385,0.9201227487674816,0.9338612063748236,-1.00874025974026,-0.31755999999999995,-0.2622799999999999,77,25,25,0.7735989296863385,-1.00874025974026
W1030,14,6,127,0.8633509487107178,-0.6448188976377953,-81.89200000000001,174.624,66.14173228346458,0.8794332578458993,0.9302069572875385,0.7587368750979471,-0.5607402597402599,-0.31699999999999995,-1.2316,77,25,25,0.7587368750979471,-1.2316
W1030,14,7,127,0.7810881230807406,-1.2225590551181102,-155.26500000000001,202.987,60.629921259842526,0.7950613359397054,0.739385266386848,0.7825028232636929,-1.121922077922078,-1.5224799999999998,-1.2326000000000001,77,25,25,0.739385266386848,-1.5224799999999998
W1030,14,8,127,0.774706655414497,-1.3579370078740158,-172.458,212.96099999999993,57.48031496062992,0.8575396297095428,0.6052175211319368,0.7324961459403906,-0.806025974025974,-2.7499599999999997,-1.6657999999999995,77,25,25,0.6052175211319368,-2.7499599999999997
W1030,14,10,127,0.8545352630548627,-0.9420078740157479,-119.63499999999999,199.16000000000005,54.330708661417326,0.8683052887787271,0.7563453234105108,0.9207990750256937,-0.8425194805194807,-1.6972399999999999,-0.49319999999999986,77,25,25,0.7563453234105108,-1.6972399999999999
W1030,14,12,127,0.9581896197025804,-0.2800472440944879,-35.56599999999996,166.62,52.75590551181102,0.9831552269326882,0.7735420294779766,1.100334018499486,-0.11083116883116859,-1.7060799999999998,0.6248000000000001,77,25,25,0.7735420294779766,-1.7060799999999998
W1030,14,15,127,1.0520228346144178,0.37155118110236207,47.18699999999998,147.22,49.60629921259843,1.1046740575501635,0.7043973753353558,1.3547212230215824,0.7270129870129871,-2.56064,2.20892,77,25,25,0.7043973753353558,-2.56064
W1030,14,18,127,1.184682064857144,1.3601732283464572,172.74200000000005,129.66799999999995,48.031496062992126,1.2575613488550037,0.707706775063053,1.6347186536485099,1.8360779220779226,-2.69796,3.9525200000000003,77,25,25,0.707706775063053,-2.69796
W1030,14,20,127,1.2322544286087924,1.7620393700787407,223.77900000000005,122.03299999999993,46.45669291338583,1.254480392326754,0.7831321124294716,1.815583247687564,1.9071818181818183,-2.00176,5.0788,77,25,25,0.7831321124294716,-2.00176
W1030,14,22,127,1.3074537211319706,2.3665511811023627,300.5520000000001,113.39499999999995,45.66929133858268,1.2967312565765656,0.8681042477400566,1.9993961973278518,2.277948051948052,-1.2174399999999996,6.223439999999999,77,25,25,0.8681042477400566,-1.2174399999999996
W1030,14,25,127,1.412181991645505,3.2181417322834642,408.70399999999995,102.23499999999999,44.881889763779526,1.4322685641010025,0.9822064673814126,1.9269255701573456,3.3184415584415587,-0.1642399999999995,6.2916,77,25,25,0.9822064673814126,-0.1642399999999995
W1030,14,27,127,1.4303179091645506,3.4090157480314964,432.94500000000005,97.121,43.30708661417323,1.390116848315136,1.059131211052271,2.078572691378396,3.068532467532467,0.5458000000000005,7.32092,77,25,25,1.059131211052271,0.5458000000000005
W1030,14,30,127,1.3656796136840545,3.024291338582677,384.085,116.84400000000005,40.15748031496063,1.4842427314470077,1.0455033759734238,1.3769693268824275,3.808896103896104,0.42188000000000003,3.21012,77,25,25,1.0455033759734238,0.42188000000000003
W1030,14,32,127,1.3962613725945703,3.277212598425197,416.206,114.69400000000002,40.15748031496063,1.493123995925087,1.1147226956015273,1.427220630372493,3.878753246753246,1.0636400000000004,3.6380399999999993,77,25,25,1.1147226956015273,1.0636400000000004
W1030,14,35,127,1.242560457982594,2.141866141732284,272.01700000000005,133.009,36.22047244094488,1.3139798207142146,1.0088389025605564,1.2916134150103566,2.6451168831168834,0.0869199999999995,2.6467999999999994,77,25,25,1.0088389025605564,0.0869199999999995
W1030,14,40,127,1.225155590198818,2.0379133858267715,258.815,133.00900000000001,34.645669291338585,1.3242411302357373,1.1317130712440766,1.047941225303005,2.7907012987012987,1.2952399999999995,0.46199999999999924,77,25,25,1.047941225303005,0.46199999999999924
W1030,14,45,127,1.241014077619624,2.235354330708662,283.89000000000004,133.00900000000001,33.07086614173229,1.357136209807626,1.2638329028452886,0.9108549923556392,3.1398441558441563,2.5944800000000003,-0.9096000000000004,77,25,25,0.9108549923556392,-0.9096000000000004
W1030,14,50,127,1.2942988272329183,2.7295590551181106,346.65400000000005,133.00900000000001,33.07086614173229,1.4204808830024684,1.2642071223738536,0.9884354541534359,3.6967532467532465,2.5981599999999996,-0.11800000000000019,77,25,25,0.9884354541534359,-0.11800000000000019
W1030,14,60,127,1.3286125919059821,3.0845984251968512,391.7440000000001,133.00900000000001,32.28346456692913,1.5440031434509711,1.086879282632603,1.0034497628288055,4.782727272727272,0.9037600000000005,0.035199999999999176,77,25,25,1.0034497628288055,0.035199999999999176
W1030,14,75,127,1.2739346818782131,2.6017086614173235,330.4170000000001,152.79199999999997,31.496062992125985,1.58955309194732,1.0414285824149625,0.6559645615273041,5.290948051948053,0.4309599999999999,-3.5103999999999997,77,25,25,0.6559645615273041,-3.5103999999999997
W1030,14,100,127,1.2917096740228933,2.770527559055118,351.857,152.79199999999997,31.496062992125985,1.584473769132478,1.1373672431958533,0.6559645615273041,5.245363636363637,1.4289600000000002,-3.5103999999999997,77,25,25,0.6559645615273041,-3.5103999999999997
W1030,15,3,127,0.6067220724397501,-1.5023464566929134,-190.798,216.008,74.01574803149606,0.53502839717218,0.845163868904876,0.6618701069577683,-1.928714285714286,-0.46487999999999974,-1.2266,77,25,25,0.53502839717218,-1.928714285714286
W1030,15,4,127,0.7080026773004514,-1.2194566929133859,-154.871,187.91100000000006,71.65354330708661,0.6216503840597329,0.8781672953183937,0.8717058110045208,-1.7175844155844158,-0.43927999999999995,-0.46540000000000004,77,25,25,0.6216503840597329,-1.7175844155844158
W1030,15,5,127,0.8105778403873072,-0.8364330708661417,-106.227,160.84500000000003,70.07874015748031,0.7276425996243951,1.0714555136454404,0.8741667453498255,-1.290142857142857,0.25764,-0.5330799999999999,77,25,25,0.7276425996243951,-1.290142857142857
W1030,15,6,127,0.8734939262240328,-0.6039370078740158,-76.70000000000002,177.585,67.71653543307087,0.8292586595047196,1.0577287365031256,0.8515670222442735,-0.8421428571428571,0.24379999999999988,-0.7180000000000001,77,25,25,0.8292586595047196,-0.8421428571428571
W1030,15,7,127,0.7870388203555724,-1.2102047244094485,-153.69599999999997,206.79100000000005,62.20472440944882,0.7516793425724276,0.8278505614742299,0.860768275761338,-1.4378701298701302,-0.9566,-0.7626000000000001,77,25,25,0.7516793425724276,-1.4378701298701302
W1030,15,8,127,0.8045218538453617,-1.180748031496063,-149.955,191.081,59.84251968503938,0.8103833113887147,0.7885838525441331,0.8029007432743539,-1.13525974025974,-1.3030000000000002,-1.1985999999999997,77,25,25,0.7885838525441331,-1.3030000000000002
W1030,15,10,127,0.8990884865786913,-0.6479448818897636,-82.28899999999999,180.014,56.69291338582677,0.8397713150367039,0.986195482866044,1.0095375912648819,-1.059896103896104,-0.08508000000000024,0.05800000000000025,77,25,25,0.8397713150367039,-1.059896103896104
W1030,15,12,127,1.0069151320403482,0.04603937007874031,5.847000000000019,145.414,55.118110236220474,0.9498557363168805,1.0043282876064337,1.2066039597447873,-0.34149350649350657,0.029279999999999973,1.2564000000000002,77,25,25,0.9498557363168805,-0.34149350649350657
W1030,15,15,127,1.1026774146955147,0.733259842519685,93.124,124.97399999999999,51.96850393700787,1.065183996538233,0.912519907936714,1.4899888179964478,0.4695194805194802,-0.7008800000000001,2.97972,77,25,25,0.912519907936714,-0.7008800000000001
W1030,15,18,127,1.2408780929132917,1.7777637795275594,225.77600000000004,82.56399999999998,50.39370078740157,1.2117820334347413,0.9265027106994949,1.7957837268960073,1.566766233766234,-0.6339200000000002,4.839320000000001,77,25,25,0.9265027106994949,-0.6339200000000002
W1030,15,20,127,1.28881835483451,2.201055118110236,279.534,95.11399999999999,48.818897637795274,1.2061423166060474,1.0240090526696564,1.990797868841676,1.6068311688311687,0.20708000000000026,6.02524,77,25,25,1.0240090526696564,0.20708000000000026
W1030,15,22,127,1.3678984108637946,2.847188976377952,361.5929999999999,91.87100000000001,48.031496062992126,1.2459541875540476,1.1339581777792205,2.193159244885878,1.9650909090909088,1.1554,7.255839999999999,77,25,25,1.1339581777792205,1.1554
W1030,15,25,127,1.478468875547285,3.759488188976377,477.45499999999987,86.30399999999996,47.24409448818898,1.3761841600509754,1.2831046204788825,2.107333133792277,3.0055844155844156,2.4418,7.3991999999999996,77,25,25,1.2831046204788825,2.4418
W1030,15,27,127,1.4998362602633248,3.9900472440944883,506.736,92.241,45.66929133858268,1.334016766831399,1.3845344043185686,2.2751451661179285,2.737753246753247,3.31664,8.52052,77,25,25,1.334016766831399,2.737753246753247
W1030,15,30,127,1.4365506434965813,3.6481574803149606,463.316,89.24099999999999,42.51968503937008,1.4243440702109087,1.3963370166255873,1.5134313679576639,3.4781168831168836,3.43472,4.38532,77,25,25,1.3963370166255873,3.43472
W1030,15,32,127,1.4730253431840432,3.9529685039370075,502.02699999999993,97.41099999999999,42.51968503937008,1.432866919019469,1.4913456478994156,1.5731325809019812,3.5479740259740256,4.25808,4.89524,77,25,25,1.432866919019469,3.5479740259740256
W1030,15,35,127,1.3187462451830592,2.853338582677165,362.37399999999997,142.666,38.582677165354326,1.2600677962092666,1.3741211384007521,1.4362204724409449,2.2846753246753253,3.4693600000000004,3.9888000000000003,77,25,25,1.2600677962092666,2.2846753246753253
W1030,15,40,127,1.3227828163943507,2.936866141732284,372.982,142.66599999999997,37.00787401574803,1.2908047701413157,1.5457439374725022,1.199938471635424,2.5677532467532465,5.060880000000001,1.94972,77,25,25,1.199938471635424,1.94972
W1030,15,45,127,1.376052728251305,3.465992125984252,440.181,142.666,36.22047244094488,1.37102439196583,1.7288965380401495,1.0731839258114377,3.276077922077922,6.75932,0.7576000000000006,77,25,25,1.0731839258114377,0.7576000000000006
W1030,15,50,127,1.4433359247520354,4.086125984251969,518.938,142.666,36.22047244094488,1.4340958028875004,1.7721688794568526,1.1730409582689336,3.8329870129870143,7.1606,1.7913200000000007,77,25,25,1.1730409582689336,1.7913200000000007
W1030,15,60,127,1.500674252819085,4.674629921259842,593.678,142.66599999999994,35.43307086614173,1.5570852012660756,1.6299173078713352,1.229095826893354,4.91896103896104,6.22512,2.3716000000000004,77,25,25,1.229095826893354,2.3716000000000004
W1030,15,75,127,1.4409048976574104,4.169724409448818,529.555,142.66599999999994,34.645669291338585,1.5993357335914835,1.5236156252909199,0.9363601236476047,5.4111688311688315,5.174600000000001,-0.6587999999999993,77,25,25,0.9363601236476047,-0.6587999999999993
W1030,15,100,127,1.4024223521810661,3.8057874015748023,483.3349999999999,142.666,34.645669291338585,1.5942868485895487,1.3685931814410206,0.9193199381761981,5.365584415584416,3.642600000000001,-0.835199999999999,77,25,25,0.9193199381761981,-0.835199999999999
W1030,16,3,127,0.6193803084027375,-1.4537874015748034,-184.63100000000003,209.84099999999995,75.59055118110236,0.5749920404410571,0.787296623105849,0.6207534876986877,-1.6989610389610388,-0.68556,-1.4668799999999995,77,25,25,0.5749920404410571,-1.6989610389610388
W1030,16,4,127,0.7208613122256817,-1.1718110236220474,-148.82000000000002,181.85999999999999,73.22834645669292,0.6652827879222988,0.8196361452519751,0.8175538020827946,-1.4773896103896105,-0.6967600000000002,-0.70568,77,25,25,0.6652827879222988,-1.4773896103896105
W1030,16,5,127,0.8239943392888734,-0.7834330708661418,-99.49600000000001,161.73900000000003,71.65354330708661,0.7771310425421941,1.0000414177288588,0.8211571039584203,-1.0303376623376623,0.00015999999999984028,-0.8065599999999997,77,25,25,0.7771310425421941,-1.0303376623376623
W1030,16,6,127,0.8813225995878061,-0.5744724409448819,-72.958,175.19400000000002,69.29133858267717,0.876139209148489,0.9918995976444882,0.7996769609479955,-0.6006363636363637,-0.03648000000000014,-1.0318800000000001,77,25,25,0.7996769609479955,-1.0318800000000001
W1030,16,7,127,0.7930017293622859,-1.1979055118110238,-152.13400000000001,204.17000000000002,63.77952755905512,0.7895088313792022,0.782735644231489,0.814114120336794,-1.211688311688312,-1.2768800000000002,-1.0764799999999999,77,25,25,0.782735644231489,-1.2768800000000002
W1030,16,8,127,0.8080059208595453,-1.1847244094488192,-150.46000000000004,187.849,61.417322834645674,0.848027928073024,0.7453517117846605,0.7572881187688836,-0.9068311688311688,-1.66048,-1.5648799999999996,77,25,25,0.7453517117846605,-1.66048
W1030,16,10,127,0.9032900854094574,-0.6355196850393701,-80.711,179.84200000000004,58.26771653543307,0.8786356404448589,0.9321297778759271,0.9521859703325951,-0.8044155844155844,-0.44255999999999984,-0.30827999999999994,77,25,25,0.8786356404448589,-0.8044155844155844
W1030,16,12,127,1.0096341446540014,0.06578740157480295,8.354999999999976,147.02200000000002,56.69291338582677,0.99213006758682,0.945686972111332,1.1380570393394012,-0.053805194805194766,-0.39019999999999994,0.8901200000000006,77,25,25,0.945686972111332,-0.39019999999999994
W1030,16,15,127,1.106333520156502,0.7798031496062992,99.035,129.35200000000003,53.54330708661418,1.1119826121518,0.8636780327373076,1.4053428626378057,0.8123116883116885,-1.15396,2.6134399999999998,77,25,25,0.8636780327373076,-1.15396
W1030,16,18,127,1.2432116927562016,1.8471889763779528,234.593,90.57099999999997,51.96850393700787,1.262462305880717,0.8761429868301603,1.6937656262601823,1.9611558441558443,-1.1296800000000005,4.47304,77,25,25,0.8761429868301603,-1.1296800000000005
W1030,16,20,127,1.2914105844742723,2.287488188976378,290.51099999999997,104.37500000000003,50.39370078740157,1.2571214651845881,0.9683494064143214,1.877701055296023,2.0292727272727267,-0.2886799999999998,5.6589599999999995,77,25,25,0.9683494064143214,-0.2886799999999998
W1030,16,22,127,1.34200144757737,2.7420787401574795,348.2439999999999,101.132,48.818897637795274,1.2535812223290863,1.072322286105227,2.06856632358689,2.071610389610389,0.6596400000000001,6.88956,77,25,25,1.072322286105227,0.6596400000000001
W1030,16,25,127,1.4506411750089192,3.669968503937007,466.0859999999999,95.565,48.031496062992126,1.3856830592405949,1.2133619271909166,1.9865468068417154,3.1508051948051943,1.9460400000000004,6.992920000000001,77,25,25,1.2133619271909166,1.9460400000000004
W1030,16,27,127,1.4722642374567876,3.909031496062992,496.447,99.284,46.45669291338583,1.34531980965296,1.3092785313633393,2.1447403319281966,2.8970000000000002,2.82088,8.11424,77,25,25,1.3092785313633393,2.82088
W1030,16,30,127,1.365357990417768,3.2124173228346447,407.97699999999986,96.284,42.51968503937008,1.3579081728989961,1.3207799238587545,1.4324791553079161,3.0771038961038957,2.93896,3.90264,77,25,25,1.3207799238587545,2.93896
W1030,16,32,127,1.4000250750011198,3.517228346456693,446.688,104.679,42.51968503937008,1.3660334891730426,1.410647549858545,1.488986998940589,3.146961038961038,3.7623200000000008,4.41256,77,25,25,1.3660334891730426,3.146961038961038
W1030,16,35,127,1.2992380270157908,2.7827086614173218,353.4039999999999,152.912,39.37007874015748,1.2000019710037195,1.5443837099647237,1.358563643360492,1.8449480519480517,4.9876,3.4661199999999996,77,25,25,1.2000019710037195,1.8449480519480517
W1030,16,40,127,1.3062007628120786,2.895212598425196,367.6919999999999,152.912,37.79527559055118,1.229571771826467,1.7392249659460028,1.1337741311619,2.1280259740259733,6.77272,1.380639999999999,77,25,25,1.1337741311619,1.380639999999999
W1030,16,45,127,1.3605180998077464,3.455125984251969,438.80100000000004,152.91200000000003,37.00787401574803,1.3059859475590363,1.9473953057874331,1.0124044514593367,2.8363506493506487,8.67996,0.1361199999999998,77,25,25,1.0124044514593367,0.1361199999999998
W1030,16,50,127,1.429195491069228,4.113314960629921,522.391,152.91199999999998,37.00787401574803,1.3660653865822305,2.012294366246376,1.1066061085453291,3.39325974025974,9.274560000000001,1.1698399999999998,77,25,25,1.1066061085453291,1.1698399999999998
W1030,16,60,127,1.487041073496356,4.729299212598425,600.621,152.912,36.22047244094488,1.4832204327815564,1.8647761023532101,1.1594863252131502,4.479233766233767,8.47868,1.75012,77,25,25,1.1594863252131502,1.75012
W1030,16,75,127,1.4283305740419632,4.214897637795277,535.2920000000001,152.912,35.43307086614173,1.5225410397278807,1.7576291654427363,0.8833296274290382,4.955779220779222,7.428159999999999,-1.2802799999999996,77,25,25,0.8833296274290382,-1.2802799999999996
W1030,16,100,127,1.3913462007798567,3.8509606299212606,489.0720000000001,152.91199999999998,35.43307086614173,1.5177345851112194,1.601374065733216,0.8672545081414466,4.910194805194806,5.89616,-1.4566799999999995,77,25,25,0.8672545081414466,-1.4566799999999995
W1030,18,3,127,0.6005797612402188,-1.605716535433071,-203.92600000000002,229.13600000000005,77.16535433070865,0.5876826822812223,0.7026027245542141,0.5527672898056912,-1.6689480519480524,-1.0740800000000001,-1.9425999999999999,77,25,25,0.5527672898056912,-1.9425999999999999
W1030,18,4,127,0.6945410461298857,-1.3590157480314964,-172.59500000000003,205.63499999999996,74.80314960629921,0.6728437441650029,0.730711714206591,0.7280136292476287,-1.4790649350649354,-1.1668799999999997,-1.1814000000000002,77,25,25,0.6728437441650029,-1.4790649350649354
W1030,18,5,127,0.7908869755818104,-0.9915826771653542,-125.93099999999998,187.262,73.22834645669292,0.7837207080563934,0.8915443552109296,0.7259703599153142,-1.0290259740259746,-0.4699599999999999,-1.3978799999999998,77,25,25,0.7259703599153142,-1.3978799999999998
W1030,18,6,127,0.8123072680693597,-0.9968582677165352,-126.60099999999997,188.10199999999998,70.07874015748031,0.8280022460631778,0.8831553973902728,0.7073773870037094,-0.8990389610389612,-0.591,-1.7040000000000004,77,25,25,0.7073773870037094,-1.7040000000000004
W1030,18,7,127,0.766475777147186,-1.4320551181102366,-181.87100000000004,232.09600000000006,65.35433070866141,0.7591459849514078,0.7060416116694396,0.8577757933782115,-1.47122077922078,-1.91528,-0.8282000000000003,77,25,25,0.7060416116694396,-1.91528
W1030,18,8,127,0.7792033237047981,-1.448716535433071,-183.98700000000002,214.862,62.99212598425197,0.8139929994063823,0.6716805696059085,0.7941840595630415,-1.1801298701298701,-2.37568,-1.3489999999999998,77,25,25,0.6716805696059085,-2.37568
W1030,18,10,127,0.8694290158990458,-0.9153385826771656,-116.24800000000003,190.92700000000005,59.84251968503938,0.8406299720647862,0.8399973465563279,0.9978030025631636,-1.1291428571428574,-1.1577600000000006,-0.01440000000000012,77,25,25,0.8399973465563279,-1.1577600000000006
W1030,18,12,127,0.971252624363811,-0.20970078740157477,-26.631999999999998,156.127,58.26771653543307,0.9481831181319167,0.8539696425788224,1.1929696082021237,-0.37931168831168816,-1.1618000000000004,1.2648000000000004,77,25,25,0.8539696425788224,-1.1618000000000004
W1030,18,15,127,1.061647826243648,0.4848897637795276,61.581,137.637,55.118110236220474,1.060401845542495,0.7773557782276586,1.474142560722568,0.47061038961038953,-2.09396,3.10772,77,25,25,0.7773557782276586,-2.09396
W1030,18,18,127,1.1939189580877663,1.5803937007874016,200.71,108.621,53.54330708661418,1.2049203405792177,0.7891599579702473,1.777755400952032,1.6447012987012986,-2.1350000000000007,5.09772,77,25,25,0.7891599579702473,-2.1350000000000007
W1030,18,20,127,1.2394745932018258,2.019826771653543,256.518,121.30199999999999,51.96850393700787,1.198755342762277,0.8722121712475409,1.9694312217746857,1.688532467532467,-1.2940000000000003,6.35404,77,25,25,0.8722121712475409,-1.2940000000000003
W1030,18,22,127,1.2903836645765763,2.501897637795275,317.74099999999993,118.059,50.39370078740157,1.1988594160931014,0.9658626764736089,2.1699987794458684,1.748922077922077,-0.34568,7.66864,77,25,25,0.9658626764736089,-0.34568
W1030,18,25,127,1.3950980894560019,3.4603779527559047,439.4679999999999,112.492,49.60629921259843,1.326108946141226,1.092899973928913,2.072327562517175,2.8680519480519475,0.9407199999999998,7.804399999999999,77,25,25,1.092899973928913,0.9407199999999998
W1030,18,27,127,1.4163047207416237,3.7071574803149603,470.80899999999997,108.232,48.031496062992126,1.2877712626828777,1.1792940265609075,2.2376092333058533,2.600480519480519,1.8155599999999996,9.00732,77,25,25,1.1792940265609075,1.8155599999999996
W1030,18,30,127,1.3137459824395938,2.980779527559054,378.55899999999986,103.328,44.09448818897638,1.297870171366646,1.1901833732655076,1.494744636736766,2.7700649350649353,1.9336399999999998,4.676919999999999,77,25,25,1.1901833732655076,1.9336399999999998
W1030,18,32,127,1.349633426102581,3.3217322834645655,421.85999999999984,121.606,44.09448818897638,1.3091107396374924,1.2711650359389568,1.5568103922481278,2.874597402597403,2.7569999999999992,5.2636400000000005,77,25,25,1.2711650359389568,2.7569999999999992
W1030,18,35,127,1.2522664173828637,2.5455826771653536,323.28899999999993,171.769,40.94488188976378,1.1496955496232744,1.391677584083783,1.42364184716619,1.500935064935065,3.9822799999999994,4.3264,77,25,25,1.1496955496232744,1.500935064935065
W1030,18,40,127,1.265094828280813,2.7201338582677166,345.457,171.769,39.37007874015748,1.183311755967732,1.5672532565376642,1.2161668982666571,1.8462207792207788,5.7673999999999985,2.3645199999999993,77,25,25,1.183311755967732,1.8462207792207788
W1030,18,45,127,1.321359462087702,3.343669291338583,424.646,171.769,38.582677165354326,1.260140502176649,1.7548400549214926,1.1064034005210475,2.62,7.674639999999999,1.2415999999999998,77,25,25,1.1064034005210475,1.2415999999999998
W1030,18,50,127,1.3924239729681664,4.0830787401574815,518.5510000000002,171.76899999999998,38.582677165354326,1.3222484990406242,1.8133220028247585,1.2122411901823664,3.2455194805194805,8.269240000000002,2.4765999999999995,77,25,25,1.2122411901823664,2.4765999999999995
W1030,18,60,127,1.4590061981959381,4.840968503937009,614.8030000000001,171.76899999999998,37.79527559055118,1.4429532278363486,1.679215130162602,1.2962086932675168,4.461194805194806,7.395240000000001,3.4563999999999995,77,25,25,1.2962086932675168,3.4563999999999995
W1030,18,75,127,1.420731523150805,4.497086614173229,571.1300000000001,171.76899999999998,37.00787401574803,1.4871041684781448,1.5827302184439265,1.0890237213766627,5.020025974025974,6.34472,1.0388000000000004,77,25,25,1.0890237213766627,1.0388000000000004
W1030,18,100,127,1.4048342908751508,4.3271653543307105,549.5500000000002,171.76899999999998,37.00787401574803,1.482681012310488,1.4420238208950835,1.1583710407239818,4.974441558441559,4.8127200000000006,1.8480000000000008,77,25,25,1.1583710407239818,1.8480000000000008
W1030,20,3,127,0.5487472708400444,-1.9854409448818902,-252.15100000000004,277.36100000000005,77.16535433070865,0.545981876713962,0.6215146468110121,0.4951332178503671,-1.9781038961038964,-1.5452800000000002,-2.4482,77,25,25,0.4951332178503671,-2.4482
W1030,20,4,127,0.6615625834000536,-1.5976377952755905,-202.89999999999998,240.93800000000002,75.59055118110236,0.6700966889650909,0.6461350093869889,0.6521075641342902,-1.5243246753246755,-1.73408,-1.6870000000000005,77,25,25,0.6461350093869889,-1.73408
W1030,20,5,127,0.7488739211814843,-1.2708897637795273,-161.40299999999996,239.41500000000002,74.01574803149606,0.7709114513928654,0.7883519712676517,0.6555012744265081,-1.1274935064935068,-1.0371599999999994,-1.9462799999999996,77,25,25,0.6555012744265081,-1.9462799999999996
W1030,20,6,127,0.7651793003700803,-1.3384724409448816,-169.98599999999996,244.33800000000002,70.86614173228347,0.8080274950757046,0.7835192591033466,0.6376075784781129,-1.046766233766234,-1.2341999999999995,-2.3411999999999993,77,25,25,0.6376075784781129,-2.3411999999999993
W1030,20,7,127,0.7480358624944606,-1.6207007874015749,-205.829,242.01700000000005,66.92913385826772,0.7392143883957216,0.7497851178781926,0.7731719398179681,-1.6680389610389617,-1.6302,-1.4653999999999998,77,25,25,0.7392143883957216,-1.6680389610389617
W1030,20,8,127,0.7311758588279786,-1.9030314960629924,-241.68500000000003,276.08799999999997,63.77952755905512,0.7903872453333022,0.5953005041473345,0.7165235106265828,-1.3973766233766238,-3.3040800000000004,-2.0593999999999992,77,25,25,0.5953005041473345,-3.3040800000000004
W1030,20,10,127,0.8143207425093234,-1.4077952755905512,-178.79,239.418,60.629921259842526,0.8119860699620562,0.744477161488827,0.9002312520647504,-1.4092987012987013,-2.0861600000000005,-0.7247999999999997,77,25,25,0.744477161488827,-2.0861600000000005
W1030,20,12,127,0.9092035647027039,-0.7171181102362204,-91.074,204.618,59.055118110236215,0.9152800334868145,0.7576353669035226,1.0763131813676907,-0.6571298701298708,-2.1734000000000004,0.5544000000000001,77,25,25,0.7576353669035226,-2.1734000000000004
W1030,20,15,127,0.9705422880336052,-0.2534488188976377,-32.18799999999999,188.095,55.118110236220474,0.9836336535993592,0.6915149199238775,1.329991190397533,-0.1374675324675323,-3.26144,2.39732,77,25,25,0.6915149199238775,-3.26144
W1030,20,18,127,1.0907295097088192,0.8093779527559058,102.79100000000004,146.25099999999998,53.54330708661418,1.116668266231585,0.7022824822213863,1.6039147670961345,1.0103896103896106,-3.3876799999999996,4.38732,77,25,25,0.7022824822213863,-3.3876799999999996
W1030,20,20,127,1.1317590116603689,1.2170787401574803,154.569,140.195,51.96850393700787,1.1091116617729422,0.776191597737555,1.7768472635172334,1.0018831168831164,-2.5466799999999994,5.6436399999999995,77,25,25,0.776191597737555,-2.5466799999999994
W1030,20,22,127,1.1782831363758888,1.6821968503937004,213.63899999999995,136.952,50.39370078740157,1.1087675595652686,0.8595322546059176,1.957802004184561,1.034311688311688,-1.5983599999999996,6.95824,77,25,25,0.8595322546059176,-1.5983599999999996
W1030,20,25,127,1.283118607741367,2.6960314960629925,342.3960000000001,131.385,49.60629921259843,1.2264545452062352,0.9725842001469395,1.9569233963047536,2.1534415584415583,-0.3119599999999997,7.3751999999999995,77,25,25,0.9725842001469395,-0.3119599999999997
W1030,20,27,127,1.3022886538090974,2.927527559055118,371.796,132.167,48.031496062992126,1.1903210208478903,1.0494672567678252,2.11300083039236,1.8606623376623375,0.5628800000000002,8.57812,77,25,25,1.0494672567678252,0.5628800000000002
W1030,20,30,127,1.2071265332418488,2.14163779527559,271.98799999999994,127.32400000000004,44.09448818897638,1.2022281066914347,1.0596291392584187,1.387384238349213,2.0302467532467525,0.6809600000000006,3.9454000000000002,77,25,25,1.0596291392584187,0.6809600000000006
W1030,20,32,127,1.2401014660179466,2.482590551181102,315.289,140.499,44.09448818897638,1.212640340063102,1.131727717882437,1.4449921058212696,2.1347792207792207,1.5043200000000005,4.532120000000001,77,25,25,1.131727717882437,1.5043200000000005
W1030,20,35,127,1.1469776204474196,1.6192755905511813,205.64800000000002,192.762,40.94488188976378,1.0578819216426136,1.2390209388507103,1.3234994246762894,0.6307272727272728,2.7295999999999996,3.5536800000000004,77,25,25,1.0578819216426136,0.6307272727272728
W1030,20,40,127,1.158836132362741,1.7792598425196844,225.96599999999992,192.762,39.37007874015748,1.0892013151179212,1.3953372703136275,1.1287895244172315,0.9760129870129869,4.51472,1.5178000000000003,77,25,25,1.0892013151179212,0.9760129870129869
W1030,20,45,127,1.2098753712324155,2.3849212598425193,302.88499999999993,192.762,38.582677165354326,1.159919763563637,1.5623471968279987,1.0241212344284454,1.7497922077922075,6.4219599999999994,0.30407999999999974,77,25,25,1.0241212344284454,0.30407999999999974
W1030,20,50,127,1.2749441159229085,3.1243307086614176,396.79,192.762,38.582677165354326,1.217088224472113,1.6144141114823922,1.1220879685744927,2.3753116883116885,7.016560000000002,1.5390799999999996,77,25,25,1.1220879685744927,1.5390799999999996
W1030,20,60,127,1.3356076144105995,3.866551181102363,491.05200000000013,192.762,37.79527559055118,1.3281931371734454,1.4961424526603493,1.1998108885067171,3.5909870129870143,6.062960000000003,2.5188799999999993,77,25,25,1.1998108885067171,2.5188799999999993
W1030,20,75,127,1.3001995537008446,3.506212598425198,445.28900000000016,192.762,37.00787401574803,1.3679906149328753,1.410176592854454,1.008034065452884,4.122675324675325,5.01244,0.10128000000000029,77,25,25,1.008034065452884,0.10128000000000029
W1030,20,100,127,1.2856510102406105,3.336291338582678,423.7090000000001,192.76200000000003,37.00787401574803,1.3639217431927544,1.2848103959018675,1.0722240907735168,4.077090909090909,3.48044,0.9104799999999998,77,25,25,1.0722240907735168,0.9104799999999998
W1030,22,3,127,0.549030020382804,-2.0260944881889773,-257.31400000000014,282.524,78.74015748031496,0.5854797613686138,0.5572557976106816,0.4528240681367261,-1.7451948051948054,-2.01608,-2.90128,77,25,25,0.4528240681367261,-2.90128
W1030,22,4,127,0.6581940060398199,-1.654984251968504,-210.18300000000002,250.68599999999995,77.16535433070865,0.7119139891764514,0.5817019400352733,0.5963849513794065,-1.2955714285714286,-2.27688,-2.14008,77,25,25,0.5817019400352733,-2.27688
W1030,22,5,127,0.7447591750415843,-1.3266614173228344,-168.48599999999996,256.065,75.59055118110236,0.8186234839729449,0.7097369194591416,0.5990217201420835,-0.8702987012987017,-1.5799599999999998,-2.4789600000000003,77,25,25,0.5990217201420835,-2.4789600000000003
W1030,22,6,127,0.755688221375962,-1.4407007874015747,-182.969,263.78799999999995,72.44094488188976,0.8492103590068386,0.7051970194493559,0.5821795835759553,-0.8100909090909092,-1.8674000000000002,-2.9562800000000005,77,25,25,0.5821795835759553,-2.9562800000000005
W1030,22,7,127,0.7478468384411107,-1.6598031496062993,-210.79500000000002,247.12399999999997,68.50393700787401,0.7899871115446719,0.6770804457504019,0.705959171674572,-1.3056883116883118,-2.3298,-2.08048,77,25,25,0.6770804457504019,-2.3298
W1030,22,8,127,0.7280496373404245,-1.9809763779527558,-251.584,300.591,65.35433070866141,0.8421163991592527,0.5400462242766346,0.6534948301922796,-1.0272337662337663,-4.1394,-2.76008,77,25,25,0.5400462242766346,-4.1394
W1030,22,10,127,0.7798979027749273,-1.7650472440944882,-224.161,284.913,61.417322834645674,0.8056801623384273,0.6753766834081516,0.8210427996806219,-1.4998311688311692,-2.9214800000000003,-1.42548,77,25,25,0.6753766834081516,-2.9214800000000003
W1030,22,12,127,0.8837249337927908,-0.9572834645669296,-121.57500000000006,243.00600000000003,59.84251968503938,0.906461536464587,0.7381018598991832,0.9816357582970519,-0.7487012987012988,-2.4107200000000004,-0.14628000000000013,77,25,25,0.7381018598991832,-2.4107200000000004
W1030,22,15,127,0.9404115721440363,-0.5366299212598424,-68.15199999999999,246.67800000000003,55.90551181102362,0.9722042663219137,0.6653040870109637,1.2129990910780015,-0.24180519480519508,-3.6779600000000006,1.69664,77,25,25,0.6653040870109637,-3.6779600000000006
W1030,22,18,127,1.055175042855015,0.5162598425196852,65.56500000000001,193.029,54.330708661417326,1.101826092231958,0.6729420562258736,1.462827098931891,0.9155064935064935,-3.8838000000000004,3.6866400000000006,77,25,25,0.6729420562258736,-3.8838000000000004
W1030,22,20,127,1.0930915271885941,0.9038740157480318,114.79200000000004,159.397,52.75590551181102,1.0912877256484215,0.7437633474133807,1.6205476631665638,0.8738701298701298,-3.0427999999999997,4.94296,77,25,25,0.7437633474133807,-3.0427999999999997
W1030,22,22,127,1.1379377652656963,1.3688346456692913,173.84199999999998,160.71499999999997,51.181102362204726,1.0912817520234677,0.8236221427272176,1.7855847984051183,0.9060389610389609,-2.09448,6.257560000000001,77,25,25,0.8236221427272176,-2.09448
W1030,22,25,127,1.2415143551790888,2.41771653543307,307.0499999999999,150.587,50.39370078740157,1.2098557862150356,0.9319509286768124,1.7938410158089788,2.082974025974026,-0.8080799999999998,6.67452,77,25,25,0.9319509286768124,-0.8080799999999998
W1030,22,27,127,1.2648490439736404,2.6854566929133856,341.053,149.39100000000002,48.818897637795274,1.1824724109882088,1.0056219136738145,1.936911563913852,1.8499740259740256,0.06675999999999999,7.877440000000002,77,25,25,1.0056219136738145,0.06675999999999999
W1030,22,30,127,1.1276102632831326,1.4125039370078738,179.38799999999998,152.939,44.09448818897638,1.1196242226521746,1.0155118646798769,1.2716914702896513,1.2895584415584411,0.18483999999999978,3.0188399999999995,77,25,25,1.0155118646798769,0.18483999999999978
W1030,22,32,127,1.1584130595148923,1.7534566929133855,222.68899999999996,159.701,44.09448818897638,1.1293210419412436,1.084608645153927,1.3244954676688916,1.394090909090909,1.0081999999999998,3.6055599999999997,77,25,25,1.084608645153927,1.0081999999999998
W1030,22,35,127,1.0751946948663802,0.8837401574803145,112.23499999999994,213.934,40.94488188976378,0.9864417177232312,1.187434751813522,1.2326365338180634,-0.15844155844155886,2.2334799999999992,2.74392,77,25,25,0.9864417177232312,-0.15844155844155886
W1030,22,40,127,1.0859003720880605,1.0268740157480312,130.41299999999995,213.93400000000003,39.37007874015748,1.0159275791673863,1.337242909557202,1.049086469912811,0.18684415584415548,4.018599999999999,0.62244,77,25,25,1.0159275791673863,0.18684415584415548
W1030,22,45,127,1.1335645408516029,1.6199370078740152,205.7319999999999,213.934,38.582677165354326,1.0818885921910912,1.4972994384040335,0.9516957498628893,0.9606233766233762,5.925839999999999,-0.6552800000000002,77,25,25,0.9516957498628893,-0.6552800000000002
W1030,22,50,127,1.194529185188263,2.3593464566929137,299.63700000000006,213.934,38.582677165354326,1.135211164693848,1.5471985659665457,1.042734311881159,1.5861428571428566,6.520440000000001,0.5797199999999998,77,25,25,1.042734311881159,0.5797199999999998
W1030,22,60,127,1.2507952580220252,3.085346456692913,391.839,213.934,37.79527559055118,1.2388417272240155,1.4285147264726472,1.1149606949301472,2.8018181818181818,5.484440000000001,1.55952,77,25,25,1.1149606949301472,1.55952
W1030,22,75,127,1.2167817034700317,2.705503937007874,343.59900000000005,213.93400000000003,37.00787401574803,1.2745498925358305,1.3464346434643464,0.9367462596788367,3.3013376623376627,4.43392,-0.8580799999999988,77,25,25,0.9367462596788367,-0.8580799999999988
W1030,22,100,127,1.2031665615141955,2.535582677165354,322.01899999999995,213.934,37.00787401574803,1.2707589454470836,1.2267351735173517,0.9963967895453822,3.255753246753247,2.90192,-0.0488799999999992,77,25,25,0.9963967895453822,-0.0488799999999992
W1030,25,3,127,0.5123920904375648,-2.370968503937009,-301.1130000000001,326.32300000000004,79.52755905511812,0.5652851547279699,0.5052002866926814,0.39851945292789803,-1.9270909090909094,-2.4852800000000004,-3.6237999999999992,77,25,25,0.39851945292789803,-3.6237999999999992
W1030,25,4,127,0.6120386715597539,-2.040251968503937,-259.112,292.202,77.95275590551181,0.6837367069539992,0.5248856176646111,0.5248638958969591,-1.5051298701298705,-2.8660800000000006,-2.8626,77,25,25,0.5248638958969591,-2.8660800000000006
W1030,25,5,127,0.6924073070983681,-1.7393543307086612,-220.89799999999997,303.72400000000016,76.37795275590551,0.7865412648933754,0.6404150918374113,0.5271179685720793,-1.08587012987013,-2.1691599999999998,-3.3222799999999997,77,25,25,0.5271179685720793,-3.3222799999999997
W1030,25,6,127,0.714675702250525,-1.798196850393701,-228.371,300.987,73.22834645669292,0.8070919935588926,0.7123038652889399,0.5127719962157048,-1.1092987012987012,-1.8041999999999998,-3.9139999999999997,77,25,25,0.5127719962157048,-3.9139999999999997
W1030,25,7,127,0.733679868270825,-1.8275118110236221,-232.09400000000002,289.65000000000003,70.07874015748031,0.8030464893538645,0.670916951880765,0.6217945526066823,-1.2498311688311687,-2.396079999999999,-3.0382000000000007,77,25,25,0.6217945526066823,-3.0382000000000007
W1030,25,8,127,0.7093888674636843,-2.2250629921259844,-282.583,353.687,66.92913385826772,0.8523893640035174,0.5231038802808716,0.5756402884062458,-0.9854025974025973,-4.430879999999999,-3.837399999999999,77,25,25,0.5231038802808716,-4.430879999999999
W1030,25,10,127,0.8140464718037835,-1.5014488188976376,-190.68399999999997,276.149,64.56692913385827,0.9157279594845281,0.6541887487783983,0.7232273189719999,-0.6206493506493503,-3.2129599999999994,-2.5027999999999997,77,25,25,0.6541887487783983,-3.2129599999999994
W1030,25,12,127,0.9209758260162801,-0.6568582677165355,-83.42100000000002,216.34300000000002,62.99212598425197,1.0248648173979418,0.7154464695649245,0.8646879285177158,0.19122077922077935,-2.7021999999999995,-1.2235999999999998,77,25,25,0.7154464695649245,-2.7021999999999995
W1030,25,15,127,0.9819061036110007,-0.1648425196850391,-20.934999999999967,187.47700000000003,59.055118110236215,1.1065718918734038,0.6352066615463212,1.068487636572743,0.8902337662337663,-4.19864,0.61932,77,25,25,0.6352066615463212,-4.19864
W1030,25,18,127,1.1011599982438078,0.9615433070866145,122.11600000000004,180.278,57.48031496062992,1.2541273531972963,0.6388001573186759,1.2885522183394524,2.205779220779221,-4.518479999999999,2.6093200000000003,77,25,25,0.6388001573186759,-4.518479999999999
W1030,25,20,127,1.1366823963025148,1.353141732283465,171.84900000000005,167.00299999999996,55.90551181102362,1.2326382509645417,0.7060283109665826,1.427482638120936,2.1707142857142854,-3.6774799999999987,3.8656399999999995,77,25,25,0.7060283109665826,-3.6774799999999987
W1030,25,22,127,1.1739219270638706,1.762748031496063,223.869,152.205,54.330708661417326,1.2172615150259896,0.7818354485021152,1.5728579643473262,2.1115844155844155,-2.7291599999999994,5.18024,77,25,25,0.7818354485021152,-2.7291599999999994
W1030,25,25,127,1.282277327553205,2.885543307086614,366.464,132.315,53.54330708661418,1.350899955904165,0.8846681439274033,1.590098258339307,3.4104285714285716,-1.442759999999999,5.5972,77,25,25,0.8846681439274033,-1.442759999999999
W1030,25,27,127,1.3089629351277257,3.1981653543307087,406.16700000000003,127.615,51.96850393700787,1.3273805709892081,0.9546014113915349,1.7169189895837724,3.251454545454546,-0.5679199999999998,6.80012,77,25,25,0.9546014113915349,-0.5679199999999998
W1030,25,30,127,1.1687342591527352,1.917062992125985,243.4670000000001,147.048,47.24409448818898,1.2622187058324987,0.9641582315596235,1.1299034032753326,2.7805194805194806,-0.44983999999999935,1.62452,77,25,25,0.9641582315596235,-0.44983999999999935
W1030,25,32,127,1.2026062754088636,2.3018976377952756,292.341,145.12800000000004,47.24409448818898,1.278902233206858,1.029760842405854,1.1768199846468783,2.9574285714285717,0.3735200000000012,2.21124,77,25,25,1.029760842405854,0.3735200000000012
W1030,25,35,127,1.1207388962127502,1.4603464566929136,185.46400000000003,198.382,44.09448818897638,1.1252037639329717,1.1273871140460467,1.1023261456343068,1.45135064935065,1.5988000000000002,1.3495999999999997,77,25,25,1.1023261456343068,1.3495999999999997
W1030,25,40,127,1.1185545334749505,1.460724409448818,185.5119999999999,198.382,42.51968503937008,1.1376298220826444,1.2696195915453456,0.9368781339793791,1.6015714285714289,3.38392,-0.89628,77,25,25,0.9368781339793791,-0.89628
W1030,25,45,127,1.1592270029412284,1.9932362204724416,253.14100000000008,198.382,41.732283464566926,1.198778171364033,1.4215821881135104,0.8493460698402674,2.3131428571428576,5.29116,-2.29,77,25,25,0.8493460698402674,-2.29
W1030,25,50,127,1.2136957074169774,2.675086614173229,339.7360000000001,198.382,41.732283464566926,1.2443735393969426,1.468957956196935,0.9305939317386385,2.843727272727273,5.885760000000001,-1.0550000000000002,77,25,25,0.9305939317386385,-1.0550000000000002
W1030,25,60,127,1.265475131249075,3.3760472440944898,428.7580000000002,199.06999999999982,40.94488188976378,1.3488416734186424,1.3482559768741798,0.9950527617694271,4.059402597402598,4.722560000000002,-0.07520000000000053,77,25,25,0.9950527617694271,-0.07520000000000053
W1030,25,75,127,1.2305022266446197,2.976811023622049,378.0550000000002,217.90999999999997,40.15748031496063,1.3784277899189132,1.2707874282848841,0.8360043156759034,4.526935064935066,3.672040000000001,-2.492799999999999,77,25,25,0.8360043156759034,-2.492799999999999
W1030,25,100,127,1.2173447811644889,2.8068897637795285,356.47500000000014,217.91000000000008,40.15748031496063,1.374617174260214,1.157813076117576,0.8892397568485041,4.4813506493506505,2.140040000000001,-1.6835999999999995,77,25,25,0.8892397568485041,-1.6835999999999995
W1030,30,3,127,0.6730728392440007,-1.2849370078740157,-163.18699999999998,205.89299999999997,84.25196850393701,0.9027962016837624,0.5529127829560586,0.42048254381479244,-0.28835064935064925,-2.14888,-3.49048,77,25,25,0.42048254381479244,-3.49048
W1030,30,4,127,0.7748720935217869,-0.9923070866141732,-126.023,226.139,82.67716535433071,1.0331495128822454,0.5540481254985378,0.5516446734893111,0.11140259740259731,-2.68356,-2.7004800000000007,77,25,25,0.5516446734893111,-2.7004800000000007
W1030,30,5,127,0.8999450061910208,-0.4670236220472443,-59.312000000000026,221.23399999999998,81.88976377952756,1.1267783272841931,0.678483116192502,0.6816645304395759,0.48040259740259733,-1.9347600000000003,-1.91736,77,25,25,0.678483116192502,-1.9347600000000003
W1030,30,6,127,0.9461388836627804,-0.27951968503937014,-35.49900000000001,223.858,79.52755905511812,1.211005725611783,0.7576753404513776,0.6376011549503006,0.8820779220779221,-1.5160800000000003,-2.6206799999999997,77,25,25,0.6376011549503006,-2.6206799999999997
W1030,30,7,127,0.9426899068044,-0.3340551181102363,-42.42500000000001,224.664,76.37795275590551,1.1477735723629188,0.6956227872545864,0.7742536797446719,0.7159610389610391,-2.2696800000000006,-1.63248,77,25,25,0.6956227872545864,-2.2696800000000006
W1030,30,8,127,0.8979973383474207,-0.6753307086614174,-85.76700000000001,258.00699999999995,73.22834645669292,1.1873419541654682,0.5610554499913629,0.7101021334874483,0.9813896103896103,-4.06568,-2.3876799999999996,77,25,25,0.5610554499913629,-4.06568
W1030,30,10,127,1.01317022700992,0.09371653543307071,11.90199999999998,179.613,70.86614173228347,1.2218523586666035,0.7003066159958542,0.8924902990184889,1.3433246753246755,-2.775880000000001,-0.88548,77,25,25,0.7003066159958542,-2.775880000000001
W1030,30,12,127,1.0469903320512752,0.3698897637795269,46.97599999999992,167.57900000000004,67.71653543307087,1.155557909021393,0.7692424690523469,1.0725230322427117,1.1254675324675318,-2.1847200000000004,0.5973200000000005,77,25,25,0.7692424690523469,-2.1847200000000004
W1030,30,15,127,1.0993753838935716,0.8739133858267716,110.987,160.83899999999997,63.77952755905512,1.2368466124572837,0.664604342630017,1.3190566615025228,1.8857142857142857,-3.996360000000001,2.62784,77,25,25,0.664604342630017,-3.996360000000001
W1030,30,18,127,1.2088929446281138,1.9358503937007876,245.85300000000004,182.90699999999998,62.20472440944882,1.3876935420171592,0.664530748679411,1.5172529345772607,3.2382077922077923,-4.3998,4.260239999999999,77,25,25,0.664530748679411,-4.3998
W1030,30,20,127,1.191392441442736,1.887732283464567,239.742,171.852,59.055118110236215,1.3060685196863944,0.7346622586036524,1.508476616947677,2.8173766233766235,-3.4799999999999995,4.392159999999999,77,25,25,0.7346622586036524,-3.4799999999999995
W1030,30,22,127,1.2272047484380753,2.3039527559055117,292.602,158.86399999999995,57.48031496062992,1.2839397152968468,0.8129856900611191,1.6606667376717434,2.7435324675324675,-2.45276,5.70676,77,25,25,0.8129856900611191,-2.45276
W1030,30,25,127,1.3061634269526667,3.1708188976377945,402.6939999999999,141.99399999999997,55.90551181102362,1.3624447659126775,0.9206975637725539,1.6743977057976187,3.5792597402597406,-1.04008,6.12372,77,25,25,0.9206975637725539,-1.04008
W1030,30,27,127,1.3353526114695597,3.5163543307086624,446.5770000000001,129.6069999999999,54.330708661417326,1.3419171366666964,0.9933482573105121,1.806873796843269,3.449246753246754,-0.08724000000000007,7.32664,77,25,25,0.9933482573105121,-0.08724000000000007
W1030,30,30,127,1.178980822183675,2.091259842519685,265.59000000000003,142.96700000000004,49.60629921259843,1.267113009901747,1.0112005983381525,1.1205345208779527,2.9036363636363642,0.14735999999999957,1.5330399999999995,77,25,25,1.0112005983381525,0.14735999999999957
W1030,30,32,127,1.2081161693966311,2.4316850393700786,308.824,142.027,49.60629921259843,1.27416418167221,1.0801067766052215,1.1666650941764398,2.9802857142857144,1.0539199999999995,2.1197600000000003,77,25,25,1.0801067766052215,1.0539199999999995
W1030,30,35,127,1.139749755198083,1.7204724409448824,218.50000000000006,184.62699999999995,46.45669291338583,1.14127204874486,1.18231983728121,1.0938735797192718,1.6503896103896105,2.3986799999999993,1.2581200000000001,77,25,25,1.0938735797192718,1.2581200000000001
W1030,30,40,127,1.136805215586159,1.720692913385827,218.52800000000005,175.127,44.881889763779526,1.1535407608876211,1.3336008829136152,0.9183378619098829,1.8006103896103898,4.388999999999999,-1.1937600000000002,77,25,25,0.9183378619098829,-1.1937600000000002
W1030,30,45,127,1.1754184439683133,2.248582677165355,285.5700000000001,195.64699999999993,44.09448818897638,1.2142175287209938,1.4936259352834054,0.8226711815103516,2.512181818181818,6.49436,-2.8090800000000002,77,25,25,0.8226711815103516,-2.8090800000000002
W1030,30,50,127,1.2315766713187744,2.9684409448818903,376.9920000000001,185.9269999999999,44.09448818897638,1.2594612612652523,1.5534962345436916,0.9006330376464233,3.0427662337662342,7.28204,-1.5740800000000004,77,25,25,0.9006330376464233,-1.5740800000000004
W1030,30,60,127,1.2841420837070057,3.709716535433072,471.1340000000001,201.877,43.30708661417323,1.3631237278487882,1.440281506567001,0.9624848810813404,4.25844155844156,6.323640000000001,-0.5942800000000006,77,25,25,0.9624848810813404,-0.5942800000000006
W1030,30,75,127,1.2862511330787838,3.737251968503938,474.63100000000014,220.71699999999993,43.30708661417323,1.4463797262009441,1.4089698887118876,0.8098690240816915,5.234805194805196,5.873919999999999,-3.0118799999999997,77,25,25,0.8098690240816915,-3.0118799999999997
W1030,30,100,127,1.2573564932726937,3.360007874015749,426.7210000000001,220.71699999999993,43.30708661417323,1.4424926744023798,1.2289761270845634,0.860951399778298,5.189220779220779,3.2887200000000005,-2.20268,77,25,25,0.860951399778298,-2.20268
W1030,35,3,127,0.735671422970047,-0.9767086614173227,-124.04199999999999,194.007,86.61417322834646,1.128683662187447,0.4717368305203889,0.47363994668833337,0.3144025974025975,-2.9759600000000006,-2.9540800000000003,77,25,25,0.4717368305203889,-2.9759600000000006
W1030,35,4,127,0.8277676035974584,-0.7316377952755903,-92.91799999999996,229.598,85.03937007874016,1.2367640602460377,0.47367404115544404,0.6211735693871295,0.6863636363636364,-3.7046400000000004,-2.12608,77,25,25,0.47367404115544404,-3.7046400000000004
W1030,35,5,127,0.9549663299663298,-0.2038897637795276,-25.894000000000005,229.72800000000007,84.25196850393701,1.3112887390904384,0.5800576244409463,0.7681227593776503,1.0459220779220777,-2.9558400000000002,-1.3013599999999999,77,25,25,0.5800576244409463,-2.9558400000000002
W1030,35,6,127,1.0523472326388552,0.2539055118110238,32.246000000000016,197.77199999999993,82.67716535433071,1.5786300141466774,0.651368330795825,0.6918852332802956,1.9441818181818185,-2.5371599999999996,-2.16108,77,25,25,0.651368330795825,-2.5371599999999996
W1030,35,7,127,1.0268866237102832,0.1497244094488189,19.015,205.31300000000002,79.52755905511812,1.4285609829759502,0.5966953024704708,0.8395068065036755,1.7507272727272725,-3.50596,-1.12568,77,25,25,0.5966953024704708,-3.50596
W1030,35,8,127,1.0174590617527566,0.10756692913385828,13.661000000000001,251.42800000000003,77.16535433070865,1.6274641954507159,0.4857891765163384,0.7695780352876033,2.5632727272727274,-5.500759999999999,-1.84768,77,25,25,0.4857891765163384,-5.500759999999999
W1030,35,10,127,1.1640004675639555,1.0715984251968507,136.09300000000005,220.37,74.80314960629921,1.6852006885328337,0.6063596286228159,0.9669421899863816,3.2207012987012993,-4.21096,-0.2650800000000001,77,25,25,0.6063596286228159,-4.21096
W1030,35,12,127,1.2112434140279018,1.5203937007874015,193.09,207.74099999999993,71.65354330708661,1.5691721651588326,0.6679898887246073,1.1624357126110532,3.260025974025974,-3.6198000000000006,1.30252,77,25,25,0.6679898887246073,-3.6198000000000006
W1030,35,15,127,1.2472135726824414,2.0348110236220474,258.421,220.37600000000003,67.71653543307087,1.630864745717489,0.5777744702335613,1.4303251906797627,4.114688311688311,-5.787039999999999,3.4506399999999995,77,25,25,0.5777744702335613,-5.787039999999999
W1030,35,18,127,1.342787744003925,3.014748031496063,382.873,230.39500000000007,66.14173228346458,1.7680265584106591,0.5756827164929933,1.6499124544189316,5.366051948051949,-6.423959999999999,5.21144,77,25,25,0.5756827164929933,-6.423959999999999
W1030,35,20,127,1.3684416071584569,3.387417322834646,430.202,217.93600000000004,63.77952755905512,1.7474746427343157,0.6364376149309886,1.6427054682267097,5.617038961038962,-5.50416,5.411759999999999,77,25,25,0.6364376149309886,-5.50416
W1030,35,22,127,1.4048746760290476,3.85003937007874,488.955,204.94800000000004,62.20472440944882,1.69563017739524,0.7042891716514131,1.809992066772126,5.589207792207792,-4.47692,6.820360000000001,77,25,25,0.7042891716514131,-4.47692
W1030,35,25,127,1.4970533394541616,4.834047244094489,613.9240000000001,188.07800000000003,60.629921259842526,1.7982984606469816,0.7975999239077596,1.8284311291844002,6.5841168831168835,-3.06424,7.342120000000001,77,25,25,0.7975999239077596,-3.06424
W1030,35,27,127,1.5338881342389135,5.261110236220473,668.1610000000001,175.69099999999992,59.055118110236215,1.7755666249645015,0.8605371900826447,1.973552018125443,6.561545454545454,-2.1114,8.62828,77,25,25,0.8605371900826447,-2.1114
W1030,35,30,127,1.351969226641188,3.9042283464566925,495.83699999999993,188.291,54.330708661417326,1.6883425728277694,0.8763685229832814,1.1815796475197018,6.277675324675325,-1.8767999999999998,2.375039999999999,77,25,25,0.8763685229832814,-1.8767999999999998
W1030,35,32,127,1.3750087843770833,4.159795275590551,528.294,177.731,54.330708661417326,1.677769249500526,0.9360868476871796,1.2342345648431026,6.181246753246754,-0.9702400000000004,3.06376,77,25,25,0.9360868476871796,-0.9702400000000004
W1030,35,35,127,1.2832173526502468,3.34115748031496,424.32699999999994,169.567,51.181102362204726,1.4818792310194724,1.0246709616220704,1.1211408742556388,4.847805194805195,0.37451999999999896,1.6673199999999995,77,25,25,1.0246709616220704,0.37451999999999896
W1030,35,40,127,1.2828251671436621,3.422188976377954,434.6180000000001,160.067,49.60629921259843,1.5137149415301256,1.1557804039366033,0.9361081948012895,5.191142857142858,2.3648399999999996,-0.9688400000000005,77,25,25,0.9361081948012895,-0.9688400000000005
W1030,35,45,127,1.3254951707570926,4.028661417322835,511.64000000000004,185.19700000000006,48.818897637795274,1.6028829458689386,1.294467939343636,0.8329270000048278,6.092194805194806,4.470199999999999,-2.76856,77,25,25,0.8329270000048278,-2.76856
W1030,35,50,127,1.3445328836255426,4.317653543307088,548.3420000000002,175.47699999999998,48.031496062992126,1.5706381469183204,1.3463552165263561,0.9074549694163766,5.91212987012987,5.25788,-1.5335600000000005,77,25,25,0.9074549694163766,-1.5335600000000005
W1030,35,60,127,1.4041081279136174,5.175858267716536,657.3340000000001,191.42700000000002,47.24409448818898,1.71275679619135,1.2473926173201604,0.9665825033673366,7.3845584415584415,4.10268,-0.5537600000000011,77,25,25,0.9665825033673366,-0.5537600000000011
W1030,35,75,127,1.3816733871091684,4.888511811023624,620.8410000000002,210.26699999999994,47.24409448818898,1.7568676411415423,1.2202743902439024,0.8206887229225104,7.841571428571429,3.6529599999999993,-2.97136,77,25,25,0.8206887229225104,-2.97136
W1030,35,100,127,1.352219836238011,4.511267716535436,572.9310000000003,210.267,47.24409448818898,1.7524678381925463,1.0643861917258413,0.8695211381839072,7.7959870129870135,1.0677599999999996,-2.1621600000000005,77,25,25,0.8695211381839072,-2.1621600000000005
W1030,40,3,127,0.748505814053054,-0.925070866141732,-117.48399999999995,243.83199999999994,87.4015748031496,1.4936366079364969,0.4107957707289928,0.4146000611403295,0.9303896103896104,-3.8116799999999995,-3.75328,77,25,25,0.4107957707289928,-3.8116799999999995
W1030,40,4,127,0.8239216495824707,-0.7589212598425193,-96.38299999999995,284.486,85.8267716535433,1.5138078610632895,0.4130233341757224,0.54374341025785,1.2364285714285717,-4.738239999999999,-2.9252800000000003,77,25,25,0.4130233341757224,-4.738239999999999
W1030,40,5,127,0.9414207245487922,-0.27148818897637783,-34.478999999999985,290.316,85.03937007874016,1.5199763348094644,0.5057852304429479,0.6723751770262092,1.5294935064935062,-3.9894399999999997,-2.1005599999999998,77,25,25,0.5057852304429479,-3.9894399999999997
W1030,40,6,127,1.030982934583884,0.15492125984251984,19.67500000000002,258.35999999999996,83.46456692913385,1.8317298989372741,0.5703614933317932,0.6043126765193741,2.4465064935064937,-3.5707599999999995,-3.1774800000000005,77,25,25,0.5703614933317932,-3.5707599999999995
W1030,40,7,127,1.080609614772737,0.4348818897637798,55.23000000000003,223.42100000000002,81.10236220472441,1.6499566191887787,0.6582441752455759,0.7332496500744681,2.3349480519480514,-2.8403599999999996,-2.14208,77,25,25,0.6582441752455759,-2.8403599999999996
W1030,40,8,127,1.0615966417248468,0.3718031496062996,47.21900000000005,263.09800000000007,78.74015748031496,1.8813896319861183,0.526712787831283,0.6830044670329427,3.166363636363637,-4.99956,-2.864079999999999,77,25,25,0.526712787831283,-4.99956
W1030,40,10,127,1.2042431895732633,1.3168346456692916,167.23800000000003,232.04,76.37795275590551,1.885496299269584,0.6519177392298751,0.8581661700837181,3.781805194805196,-3.6769599999999993,-1.2814799999999997,77,25,25,0.6519177392298751,-3.6769599999999993
W1030,40,12,127,1.2408851824718248,1.7294645669291335,219.64199999999997,219.41099999999992,73.22834645669292,1.6895886426792222,0.7218786332215276,1.031667677541317,3.732,-2.994999999999999,0.2861200000000002,77,25,25,0.7218786332215276,-2.994999999999999
W1030,40,15,127,1.260122072300584,2.168133858267716,275.35299999999995,232.32200000000003,69.29133858267717,1.727874048371226,0.6088995316487166,1.2694209680489825,4.563155844155843,-5.474639999999999,2.43424,77,25,25,0.6088995316487166,-5.474639999999999
W1030,40,18,127,1.3478477973369183,3.1210629921259843,396.375,251.44800000000012,67.71653543307087,1.8513884458232013,0.6047430222156147,1.4643057947466984,5.7883246753246755,-6.168079999999998,4.1950400000000005,77,25,25,0.6047430222156147,-6.168079999999998
W1030,40,20,127,1.3706256840752307,3.487511811023622,442.914,228.265,65.35433070866141,1.8123554471384682,0.6688368778692285,1.46577397983189,6.002948051948053,-5.167879999999999,4.395359999999999,77,25,25,0.6688368778692285,-5.167879999999999
W1030,40,22,127,1.403895414673175,3.943125984251969,500.77700000000004,210.9810000000001,63.77952755905512,1.7448991561043954,0.7396874383219995,1.615042578533976,5.938103896103895,-4.062239999999999,5.803960000000001,77,25,25,0.7396874383219995,-4.062239999999999
W1030,40,25,127,1.489689700747638,4.886582677165355,620.596,194.11100000000016,62.20472440944882,1.8333669196483116,0.8391591542328091,1.6403146851731134,6.820805194805195,-2.509959999999999,6.3257200000000005,77,25,25,0.8391591542328091,-2.509959999999999
W1030,40,27,127,1.5269720759867194,5.326559055118111,676.4730000000001,181.724,60.629921259842526,1.8095763930775295,0.9044218480459126,1.7705049458046702,6.798233766233765,-1.4915199999999995,7.61188,77,25,25,0.9044218480459126,-1.4915199999999995
W1030,40,30,127,1.3326843151273007,3.829000000000001,486.28300000000013,194.324,55.90551181102362,1.7049271240668333,0.9270294868058432,1.0519648122585332,6.438181818181818,-1.1417199999999992,0.7634399999999991,77,25,25,0.9270294868058432,-1.1417199999999992
W1030,40,32,127,1.3564560322091817,4.102598425196851,521.03,183.76399999999995,55.90551181102362,1.694369001066477,0.9908246795412595,1.0988436835499213,6.341753246753248,-0.14355999999999927,1.4521600000000001,77,25,25,0.9908246795412595,-0.14355999999999927
W1030,40,35,127,1.2630314224615233,3.2338346456692904,410.6969999999999,204.42699999999996,52.75590551181102,1.4777200635224412,1.0866171726003302,1.0036240461838248,4.875623376623377,1.3552400000000007,0.05571999999999974,77,25,25,1.0036240461838248,0.05571999999999974
W1030,40,40,127,1.2615787040325606,3.305543307086615,419.8040000000001,194.92699999999996,51.181102362204726,1.5091211306933425,1.2236385296989962,0.8361619860181384,5.218961038961039,3.4991200000000005,-2.7813600000000007,77,25,25,0.8361619860181384,-2.7813600000000007
W1030,40,45,127,1.316459305913039,4.054456692913387,514.9160000000002,207.10699999999986,50.39370078740157,1.5970207304759405,1.3713384361306682,0.772573700790575,6.120012987012987,5.81008,-4.06308,77,25,25,0.772573700790575,-4.06308
W1030,40,50,127,1.3211637699130305,4.164472440944882,528.888,197.38699999999994,49.60629921259843,1.5653659929467696,1.3635717536136291,0.8417014264380246,5.939948051948052,5.6885600000000025,-2.82808,77,25,25,0.8417014264380246,-2.82808
W1030,40,60,127,1.3746600746783852,4.978267716535433,632.24,213.33699999999988,48.818897637795274,1.7055121750427384,1.2493638205499276,0.8965446212472321,7.412376623376624,4.307760000000002,-1.8482800000000006,77,25,25,0.8965446212472321,-1.8482800000000006
W1030,40,75,127,1.353034631642136,4.690921259842521,595.7470000000002,232.1769999999998,48.818897637795274,1.749010804817359,1.2233308248914614,0.7612222005789938,7.86938961038961,3.858040000000001,-4.265879999999999,77,25,25,0.7612222005789938,-4.265879999999999
W1030,40,100,127,1.3246435710040216,4.31367716535433,547.837,242.85099999999971,48.818897637795274,1.7446720668091484,1.073681041968162,0.8065162536914765,7.823805194805196,1.2728400000000017,-3.45668,77,25,25,0.8065162536914765,-3.45668
W1200,3,3,131,0.6113350007448468,-0.7568167938931297,-99.143,118.56799999999994,38.16793893129771,0.5426381031871156,0.5186435563267384,1.0088045634920635,-0.936405063291139,-0.9816153846153846,0.013653846153846187,79,26,26,0.5186435563267384,-0.9816153846153846
W1200,3,4,131,0.6401381455229279,-0.7596106870229008,-99.509,121.97399999999998,32.82442748091603,0.5331404776568036,0.5967410897538863,1.1313793103448277,-1.0459367088607594,-0.8690384615384615,0.21980769230769243,79,26,26,0.5331404776568036,-1.0459367088607594
W1200,3,5,131,0.6917978544834114,-0.6811832061068701,-89.23499999999999,118.76799999999997,29.770992366412212,0.5863922191518527,0.5961942168348344,1.228458074201158,-0.962481012658228,-0.9173846153846154,0.4097307692307694,79,26,26,0.5863922191518527,-0.962481012658228
W1200,3,6,131,0.8085028572991003,-0.42770229007633587,-56.028999999999996,90.98199999999999,29.00763358778626,0.7178626601971324,0.7494074625854947,1.214170692431562,-0.6565443037974682,-0.5693076923076923,0.40923076923076923,79,26,26,0.7178626601971324,-0.6565443037974682
W1200,3,7,131,0.8682529692960724,-0.3004274809160306,-39.35600000000001,81.431,27.480916030534353,0.8209871842294219,0.6922656023689208,1.2402843601895734,-0.41656962025316435,-0.7354615384615385,0.4875000000000001,79,26,26,0.6922656023689208,-0.7354615384615385
W1200,3,8,131,0.8698744009040017,-0.30590839694656496,-40.07400000000001,72.199,25.190839694656486,0.8687080581807283,0.7834658341111718,0.9646370420624152,-0.31055696202531635,-0.5175,-0.08019230769230773,79,26,26,0.7834658341111718,-0.5175
W1200,3,10,131,0.966283505608924,-0.08177099236641219,-10.711999999999998,62.509,22.900763358778626,0.9503565522943367,0.7771662476237199,1.2277815468113975,-0.12160759493670874,-0.5590384615384616,0.5165384615384616,79,26,26,0.7771662476237199,-0.5590384615384616
W1200,3,12,131,0.8671891001380294,-0.3415419847328244,-44.74199999999999,94.88499999999998,18.3206106870229,0.7555451652456857,0.7098554033485541,1.44640434192673,-0.6485696202531646,-0.7625,1.0123076923076924,79,26,26,0.7098554033485541,-0.7625
W1200,3,15,131,0.9228161344770976,-0.20385496183206112,-26.705000000000005,80.67800000000001,16.030534351145036,0.946630915518829,0.41025193147463895,1.4578505728578346,-0.1415949367088608,-1.6881538461538463,1.0912692307692307,79,26,26,0.41025193147463895,-1.6881538461538463
W1200,3,18,131,0.9769177487211222,-0.06206870229007623,-8.130999999999986,95.504,14.50381679389313,1.0236992670669045,0.23264806341431982,1.7481523317734389,0.06381012658227864,-2.2898076923076927,1.7831923076923077,79,26,26,0.23264806341431982,-2.2898076923076927
W1200,3,20,131,1.0901658424695255,0.24245801526717572,31.76200000000002,93.28399999999999,14.50381679389313,1.1372639358366206,0.26126184185087326,1.966274003550105,0.3695822784810127,-2.204423076923077,2.3030769230769232,79,26,26,0.26126184185087326,-2.204423076923077
W1200,3,22,131,1.1242982053757118,0.3371603053435115,44.168000000000006,91.47399999999999,13.740458015267176,1.1310894227560897,0.2845910936392344,2.151944489269001,0.3580632911392405,-2.1348076923076924,2.745615384615385,79,26,26,0.2845910936392344,-2.1348076923076924
W1200,3,25,131,1.2706964335465571,0.7342671755725192,96.18900000000002,88.454,13.740458015267176,1.277379231082935,0.3235161435844558,2.4332741649185095,0.7576455696202532,-2.018653846153846,3.416153846153847,79,26,26,0.3235161435844558,-2.018653846153846
W1200,3,27,131,1.330571651296368,0.8966793893129771,117.465,86.42099999999999,13.740458015267176,1.3100971341712087,0.3497196623058581,2.629869291592706,0.8470126582278481,-1.9404615384615385,3.88473076923077,79,26,26,0.3497196623058581,-1.9404615384615385
W1200,3,30,131,1.4743048187786874,1.2865572519083968,168.539,83.454,13.740458015267176,1.4470720720720722,0.3879615905136303,2.929207681136034,1.2211518987341772,-1.8263461538461538,4.598192307692308,79,26,26,0.3879615905136303,-1.8263461538461538
W1200,3,32,131,1.3416521287872099,0.9448167938931301,123.77100000000004,82.31099999999999,12.213740458015266,1.2026113857496286,0.41270864213443326,3.0043730837502016,0.5712025316455697,-1.7525,4.777346153846154,79,26,26,0.41270864213443326,-1.7525
W1200,3,35,131,1.3053306774862465,0.8553664122137409,112.05300000000005,90.161,11.450381679389313,1.0675712514399782,0.4515048011857963,3.2468936582217207,0.1945316455696203,-1.6367307692307693,5.355384615384616,79,26,26,0.4515048011857963,-1.6367307692307693
W1200,3,40,131,1.0587957851407992,0.16748091603053444,21.940000000000012,98.03000000000003,9.923664122137405,0.8851913044609521,0.5174969388412709,2.3213790980452518,-0.33512658227848097,-1.4398076923076923,3.301923076923077,79,26,26,0.5174969388412709,-1.4398076923076923
W1200,3,45,131,0.8958618200404149,-0.30173282442748073,-39.52699999999997,141.577,8.396946564885496,0.9514529425284366,0.0,1.7744924977934686,-0.14170886075949365,-3.114692307692307,2.025,79,26,26,0.0,-3.114692307692307
W1200,3,50,131,0.9255802067114023,-0.21562595419847316,-28.246999999999986,141.577,8.396946564885496,0.9566567360939457,0.0,1.922771403353928,-0.1265189873417722,-3.114692307692307,2.4126923076923084,79,26,26,0.0,-3.114692307692307
W1200,3,60,131,0.9356444121265772,-0.18646564885496156,-24.426999999999964,141.577,8.396946564885496,1.0435600886379506,0.0,1.6841718152397767,0.12715189873417726,-3.114692307692307,1.788846153846154,79,26,26,0.0,-3.114692307692307
W1200,3,75,131,0.9723972041531974,-0.07997709923664104,-10.476999999999975,141.577,8.396946564885496,1.1741753071322327,0.0,1.4463077375698736,0.5084177215189875,-3.114692307692307,1.166923076923077,79,26,26,0.0,-3.114692307692307
W1200,3,100,131,0.9390957495857079,-0.17646564885496177,-23.11699999999999,141.577,8.396946564885496,1.1193620149088686,0.0,1.4463077375698736,0.34841772151898726,-3.114692307692307,1.166923076923077,79,26,26,0.0,-3.114692307692307
W1200,4,3,131,0.6544214942438346,-0.7715343511450381,-101.071,132.13599999999997,46.56488549618321,0.5684444797710836,0.4609522950671838,1.4361902203116605,-1.0308987341772151,-1.3794230769230766,0.6244230769230769,79,26,26,0.4609522950671838,-1.3794230769230766
W1200,4,4,131,0.7378867726627356,-0.6257022900763358,-81.967,119.68499999999999,42.74809160305343,0.6332008645332218,0.5325572832582774,1.5979418886198549,-0.9323291139240506,-1.269538461538462,0.9498076923076924,79,26,26,0.5325572832582774,-1.269538461538462
W1200,4,5,131,0.780426333413059,-0.5606335877862595,-73.443,123.23899999999998,38.93129770992366,0.6711887908783007,0.5352408557258912,1.6922052401746726,-0.888493670886076,-1.3444230769230774,1.2193461538461539,79,26,26,0.5352408557258912,-1.3444230769230774
W1200,4,6,131,0.8567470956210903,-0.3793358778625954,-49.693,98.68899999999996,36.6412213740458,0.8169851360150654,0.5579208731929268,1.4521079881656807,-0.49453164556962015,-1.3490384615384616,0.9403846153846155,79,26,26,0.5579208731929268,-1.3490384615384616
W1200,4,7,131,0.9302338013110879,-0.18929007633587788,-24.797000000000004,98.51399999999998,35.11450381679389,0.9413170062163592,0.5157731921679598,1.4801058743169402,-0.15856962025316462,-1.5532692307692304,1.081346153846154,79,26,26,0.5157731921679598,-1.5532692307692304
W1200,4,8,131,0.8872438357038585,-0.32370229007633594,-42.40500000000001,93.41299999999997,31.297709923664126,0.9015793716173721,0.5837220177216101,1.2172970548661983,-0.28129113924050614,-1.335307692307692,0.5590384615384617,79,26,26,0.5837220177216101,-1.335307692307692
W1200,4,10,131,0.9641292295928119,-0.10742748091603042,-14.072999999999986,104.087,28.24427480916031,0.945028861423158,0.5800048054370088,1.5340110629391537,-0.16563291139240496,-1.4118461538461538,1.3738461538461542,79,26,26,0.5800048054370088,-1.4118461538461538
W1200,4,12,131,0.9440321658119494,-0.17628244274809157,-23.092999999999996,108.06699999999998,24.427480916030532,0.8622478476840726,0.5303134669421941,1.820600986694573,-0.4433544303797468,-1.6522307692307692,2.1111538461538464,79,26,26,0.5303134669421941,-1.6522307692307692
W1200,4,15,131,0.9457939695127161,-0.17918320610687025,-23.473000000000003,120.37099999999998,20.610687022900763,0.9286672663790081,0.3062026776312491,1.9077497534169363,-0.23688607594936711,-2.660846153846154,2.477807692307692,79,26,26,0.3062026776312491,-2.660846153846154
W1200,4,18,131,1.026658490279981,0.08993129770992378,11.781000000000015,133.284,19.083969465648856,1.0205015236351083,0.17275206967507298,2.306932506692969,0.06915189873417722,-3.324423076923077,3.5674230769230766,79,26,26,0.17275206967507298,-3.324423076923077
W1200,4,20,131,1.1416853162202465,0.477969465648855,62.614000000000004,131.06400000000002,19.083969465648856,1.1339710584385365,0.19399913863233956,2.5658729040439625,0.4518860759493671,-3.2390384615384615,4.274230769230768,79,26,26,0.19399913863233956,-3.2390384615384615
W1200,4,22,131,1.1730727401969248,0.5891832061068702,77.183,139.56100000000004,18.3206106870229,1.1109123037907298,0.21132219935875962,2.825926447794843,0.37977215189873414,-3.169423076923077,4.984076923076923,79,26,26,0.21132219935875962,-3.169423076923077
W1200,4,25,131,1.2081984370174006,0.7152442748091603,93.697,130.578,17.557251908396946,1.174275975778368,0.24022586974206825,2.678081279147235,0.5967341772151901,-3.053269230769231,4.843846153846155,79,26,26,0.24022586974206825,-3.053269230769231
W1200,4,27,131,1.2707177409857413,0.9300229007633588,121.833,124.201,17.557251908396946,1.2098025153233618,0.2596832081159975,2.897841439040639,0.7183797468354435,-2.9750769230769234,5.478192307692309,79,26,26,0.2596832081159975,-2.9750769230769234
W1200,4,30,131,1.323089560160054,1.1199541984732824,146.714,121.234,16.793893129770993,1.327413475685947,0.28807962865483083,2.6753002148906586,1.1210886075949367,-2.8609615384615386,5.097423076923078,79,26,26,0.28807962865483083,-2.8609615384615386
W1200,4,32,131,1.238985964530519,0.8383664122137406,109.82600000000002,119.314,16.030534351145036,1.1565110253483355,0.3064554720773317,2.7583238528631018,0.5467088607594939,-2.787115384615385,5.350038461538462,79,26,26,0.3064554720773317,-2.787115384615385
W1200,4,35,131,1.225081687908036,0.7976946564885498,104.49800000000002,116.304,15.267175572519085,1.059653260745639,0.3352634349428148,2.9872329667551503,0.2119367088607597,-2.671346153846154,6.046538461538462,79,26,26,0.3352634349428148,-2.671346153846154
W1200,4,40,131,1.0456490908437621,0.16487022900763357,21.598,145.68599999999998,13.740458015267176,0.9237956009900228,0.38426568406948364,2.291007194244604,-0.27515189873417695,-2.474423076923077,4.141153846153846,79,26,26,0.38426568406948364,-2.474423076923077
W1200,4,45,131,0.9342144357571616,-0.24169465648854965,-31.662000000000006,189.99599999999998,12.213740458015266,0.9946817834430632,0.0,1.8981693363844396,-0.0192025316455694,-4.178653846153846,3.019230769230769,79,26,26,0.0,-4.178653846153846
W1200,4,50,131,0.9779301919213116,-0.08108396946564896,-10.622000000000014,191.09499999999997,12.213740458015266,1.016382350672753,0.0,2.0680778032036615,0.05915189873417733,-4.178653846153846,3.590384615384615,79,26,26,0.0,-4.178653846153846
W1200,4,60,131,1.0284817293487722,0.10464122137404579,13.707999999999998,191.095,12.213740458015266,1.123447830995001,0.0,1.997025171624714,0.44573417721519,-4.178653846153846,3.351538461538461,79,26,26,0.0,-4.178653846153846
W1200,4,75,131,0.8843700143073299,-0.4287709923664121,-56.16899999999998,191.09499999999997,11.450381679389313,1.0011942565235399,0.0,1.5964530892448514,0.004379746835443354,-4.178653846153846,2.005000000000001,79,26,26,0.0,-4.178653846153846
W1200,4,100,131,0.8583492017745207,-0.5252595419847329,-68.80900000000001,191.09499999999997,11.450381679389313,0.957565925721386,0.0,1.5964530892448514,-0.155620253164557,-4.178653846153846,2.005000000000001,79,26,26,0.0,-4.178653846153846
W1200,5,3,131,0.6154842474787926,-0.9858015267175574,-129.14000000000001,156.995,50.38167938931297,0.5593373635128169,0.44058434384788353,1.1743189806678382,-1.1902911392405064,-1.6554615384615383,0.30519230769230765,79,26,26,0.44058434384788353,-1.6554615384615383
W1200,5,4,131,0.6957578374548131,-0.8390534351145038,-109.916,142.95599999999996,46.56488549618321,0.6284128629344389,0.5082996914295471,1.3034761998814932,-1.0755189873417723,-1.5505769230769226,0.5909615384615385,79,26,26,0.5082996914295471,-1.5505769230769226
W1200,5,5,131,0.7389493137037285,-0.7720763358778626,-101.14200000000001,138.135,42.74809160305343,0.6685549974640467,0.5193796673844321,1.3926864330637914,-1.02573417721519,-1.6139230769230768,0.8405000000000002,79,26,26,0.5193796673844321,-1.6139230769230768
W1200,5,6,131,0.7891120403635863,-0.6559999999999999,-85.93599999999999,124.02900000000002,39.69465648854962,0.7721296756505428,0.5459134485186589,1.1953361645128393,-0.7196202531645569,-1.6122692307692306,0.49357692307692314,79,26,26,0.5459134485186589,-1.6122692307692306
W1200,5,7,131,0.8328684019373326,-0.5392137404580153,-70.637,122.88299999999995,37.404580152671755,0.8447043662408997,0.5170887051209615,1.2246209926953673,-0.5003291139240506,-1.8080384615384615,0.6114615384615385,79,26,26,0.5170887051209615,-1.8080384615384615
W1200,5,8,131,0.797986442492084,-0.6915648854961832,-90.595,124.59599999999998,33.587786259541986,0.8126961451918522,0.583933432636499,1.006402412646619,-0.6406455696202531,-1.5577692307692306,0.01992307692307702,79,26,26,0.583933432636499,-1.5577692307692306
W1200,5,10,131,0.8712346714292727,-0.46065648854961827,-60.346,127.64599999999999,30.53435114503817,0.8584595866670872,0.5931643962697133,1.268246258049365,-0.5112278481012658,-1.6023846153846155,0.8347307692307692,79,26,26,0.5931643962697133,-1.6023846153846155
W1200,5,12,131,0.8954511265901437,-0.39047328244274804,-51.151999999999994,132.143,27.480916030534353,0.8497098864831057,0.5653198497007932,1.5051849654541631,-0.5718101265822784,-1.8019999999999998,1.5720384615384617,79,26,26,0.5653198497007932,-1.8019999999999998
W1200,5,15,131,0.9125724887563502,-0.3435267175572519,-45.001999999999995,147.22,23.66412213740458,0.9289853253927653,0.386567657604964,1.5751247716881691,-0.279392405063291,-2.7833076923076923,1.901384615384615,79,26,26,0.386567657604964,-2.7833076923076923
W1200,5,18,131,1.0031195543493787,0.012503816793893278,1.6380000000000194,153.70299999999997,22.137404580152673,1.0351826578723216,0.29251717230696866,1.904708168037507,0.14064556962025357,-3.3553461538461535,2.9910000000000005,79,26,26,0.29251717230696866,-3.3553461538461535
W1200,5,20,131,1.1140503737561303,0.4571374045801528,59.88500000000001,143.92299999999997,22.137404580152673,1.1480990092112637,0.326659043541023,2.1185011110206267,0.5920379746835445,-3.193423076923077,3.697807692307692,79,26,26,0.326659043541023,-3.193423076923077
W1200,5,22,131,1.1537531453836898,0.6222213740458014,81.51099999999998,161.07299999999998,21.374045801526716,1.1437658160784852,0.35755703152243556,2.3332131181870004,0.5839367088607595,-3.046884615384615,4.407653846153846,79,26,26,0.35755703152243556,-3.046884615384615
W1200,5,25,131,1.2031286197903044,0.8299618320610689,108.72500000000002,148.97,20.610687022900763,1.224014884254354,0.4073506394504862,2.20705634313198,0.9098860759493673,-2.810730769230769,4.227807692307692,79,26,26,0.4073506394504862,-2.810730769230769
W1200,5,27,131,1.2711638630028472,1.1079465648854963,145.14100000000002,140.41000000000005,20.610687022900763,1.273348583253344,0.4405436748331428,2.388164757815674,1.1102658227848103,-2.653307692307692,4.862153846153846,79,26,26,0.4405436748331428,-2.653307692307692
W1200,5,30,131,1.3192320786275702,1.3170687022900764,172.536,128.643,19.84732824427481,1.3747210760543014,0.4886099149291617,2.198043349569516,1.5220126582278484,-2.425346153846154,4.436769230769231,79,26,26,0.4886099149291617,-2.425346153846154
W1200,5,32,131,1.2603123139625405,1.0848167938931297,142.111,120.73299999999996,19.083969465648856,1.2422892234524057,0.5225084949192679,2.26625608856855,1.000835443037975,-2.2645769230769233,4.689384615384616,79,26,26,0.5225084949192679,-2.2645769230769233
W1200,5,35,131,1.1148706182463368,0.4922442748091606,64.48400000000004,114.50299999999999,16.793893129770993,0.9347097136637348,0.5682796876140428,2.4543292448617153,-0.28245569620253147,-2.0475000000000003,5.385884615384613,79,26,26,0.5682796876140428,-2.0475000000000003
W1200,5,40,131,0.9736416431610443,-0.11506106870229005,-15.072999999999997,150.07,15.267175572519085,0.8227260547492891,0.6500742038294042,1.8830752855608224,-0.7788227848101265,-1.6595769230769233,3.44626923076923,79,26,26,0.6500742038294042,-1.6595769230769233
W1200,5,45,131,0.866361110108629,-0.5936106870229005,-77.76299999999998,197.52,13.740458015267176,0.880984691981226,0.25294360588799103,1.5579366495440758,-0.522873417721519,-3.687269230769231,2.2851153846153847,79,26,26,0.25294360588799103,-3.687269230769231
W1200,5,50,131,0.9025192089900308,-0.433,-56.723,206.22,13.740458015267176,0.8988195566926843,0.25294360588799103,1.6973902917727048,-0.44451898734177214,-3.687269230769231,2.856269230769231,79,26,26,0.25294360588799103,-3.687269230769231
W1200,5,60,131,0.944331307173705,-0.24727480916030525,-32.39299999999999,206.21999999999997,13.740458015267176,0.9868125725711882,0.25294360588799103,1.63907331411346,-0.05793670886075941,-3.687269230769231,2.617423076923077,79,26,26,0.25294360588799103,-3.687269230769231
W1200,5,75,131,0.8247700372949331,-0.7851145038167938,-102.85,206.22,12.977099236641221,0.8863364638326513,0.25294360588799103,1.3103007878896016,-0.5066329113924051,-3.687269230769231,1.2708846153846152,79,26,26,0.25294360588799103,-3.687269230769231
W1200,5,100,131,0.8032347263703629,-0.8816030534351146,-115.49000000000001,206.21999999999997,12.977099236641221,0.8504403240876162,0.25294360588799103,1.3103007878896016,-0.6666329113924052,-3.687269230769231,1.2708846153846152,79,26,26,0.25294360588799103,-3.687269230769231
W1200,6,3,131,0.6578909223200252,-0.9188396946564885,-120.368,146.37299999999996,56.48854961832062,0.6364626603895502,0.4979954571971154,0.9787783352254003,-0.997012658227848,-1.5555769230769234,-0.044576923076923,79,26,26,0.4979954571971154,-1.5555769230769234
W1200,6,4,131,0.7437212356848885,-0.747709923664122,-97.94999999999999,132.177,52.67175572519084,0.7151307384379525,0.5801145728874904,1.0885952757983637,-0.846746835443038,-1.4010769230769229,0.20657692307692324,79,26,26,0.5801145728874904,-1.4010769230769229
W1200,6,5,131,0.816470501420507,-0.5695648854961832,-74.613,132.166,49.61832061068702,0.8050221266706346,0.5983276656192156,1.1631149263138938,-0.6095822784810127,-1.435576923076923,0.4180384615384618,79,26,26,0.5983276656192156,-1.435576923076923
W1200,6,6,131,0.8736226789589865,-0.41605343511450366,-54.50299999999998,127.09,46.56488549618321,0.9316397064344911,0.6301882227218195,0.9933716193993979,-0.21894936708860746,-1.4108461538461536,-0.020153846153846085,79,26,26,0.6301882227218195,-1.4108461538461536
W1200,6,7,131,0.92465196287604,-0.2588015267175572,-33.90299999999999,130.632,44.274809160305345,1.0214128299439975,0.6150549690709894,1.0123928329478824,0.07022784810126592,-1.5581538461538462,0.04080769230769244,79,26,26,0.6150549690709894,-1.5581538461538462
W1200,6,8,131,0.8678507795786761,-0.49087786259541977,-64.30499999999999,137.686,39.69465648854962,0.9952723364971294,0.5823498263343535,0.8318519880675087,-0.016594936708860704,-1.7898076923076922,-0.6330384615384614,79,26,26,0.5823498263343535,-1.7898076923076922
W1200,6,10,131,0.9265876392326731,-0.289793893129771,-37.963,143.409,35.87786259541985,1.0131457266444586,0.6030746718166426,1.0482816394916432,0.05020253164556962,-1.794423076923077,0.1817692307692309,79,26,26,0.6030746718166426,-1.794423076923077
W1200,6,12,131,0.9999140535521105,-0.0003511450381678257,-0.045999999999985164,143.189,33.587786259541986,1.0840860269886092,0.5927442522922044,1.244125699807936,0.3339620253164558,-1.935576923076923,0.9190769230769231,79,26,26,0.5927442522922044,-1.935576923076923
W1200,6,15,131,1.043109262391463,0.18638931297709924,24.417,150.07,29.770992366412212,1.2089352324380318,0.44772635519506726,1.3030585925469662,0.8628734177215188,-2.8938076923076923,1.2111153846153846,79,26,26,0.44772635519506726,-2.8938076923076923
W1200,6,18,131,1.159777646656936,0.7069465648854965,92.61000000000004,155.01800000000003,28.24427480916031,1.3624384727750467,0.38140172141226064,1.575714120726825,1.5295316455696204,-3.386230769230769,2.3007307692307695,79,26,26,0.38140172141226064,-3.386230769230769
W1200,6,20,131,1.238309364799716,1.0656030534351149,139.59400000000005,148.95800000000006,27.480916030534353,1.4222784422408032,0.42398032671702085,1.7525793039728983,1.8149367088607595,-3.153153846153846,3.0075384615384615,79,26,26,0.42398032671702085,-3.153153846153846
W1200,6,22,131,1.2967277520087195,1.3404732824427483,175.60200000000003,150.88900000000007,26.717557251908396,1.447619268099292,0.4678939047953627,1.9302048044348632,1.9579999999999997,-2.9127692307692308,3.7173846153846153,79,26,26,0.4678939047953627,-2.9127692307692308
W1200,6,25,131,1.3723276330643477,1.6994198473282445,222.62400000000002,133.5480000000001,25.954198473282442,1.5736675483120446,0.5322536448269805,1.8266172274024395,2.5093670886075947,-2.5604615384615386,3.498307692307693,79,26,26,0.5322536448269805,-2.5604615384615386
W1200,6,27,131,1.3956339975330516,1.8240992366412216,238.95700000000002,127.85500000000008,25.190839694656486,1.5471353085380488,0.5722536448269804,1.9765072613919337,2.4352784810126584,-2.3415,4.132653846153847,79,26,26,0.5722536448269804,-2.3415
W1200,6,30,131,1.4657254529215593,2.169374045801527,284.18800000000005,117.94199999999992,24.427480916030532,1.6818750604335286,0.6419040927454769,1.820522304608874,3.0350000000000006,-1.960230769230769,3.6688076923076918,79,26,26,0.6419040927454769,-1.960230769230769
W1200,6,32,131,1.4268704345602776,2.0136488549618323,263.788,111.94800000000006,23.66412213740458,1.5754454211292257,0.6840189706657298,1.8770192853579235,2.617759493670886,-1.7296923076923074,3.9214230769230767,79,26,26,0.6840189706657298,-1.7296923076923074
W1200,6,35,131,1.3146412849867783,1.5304656488549617,200.49099999999999,102.96300000000005,21.374045801526716,1.3074590757105957,0.7471491305111541,2.032790269582122,1.4735696202531645,-1.3841153846153842,4.617923076923077,79,26,26,0.7471491305111541,-1.3841153846153842
W1200,6,40,131,1.2061568643755898,1.0219541984732825,133.876,113.07600000000004,19.84732824427481,1.2262569541933137,0.8466748638679078,1.5609783993987123,1.1016708860759494,-0.8393076923076923,2.641,79,26,26,0.8466748638679078,-0.8393076923076923
W1200,6,45,131,1.1341862212539628,0.677526717557252,88.75600000000001,162.12600000000003,18.3206106870229,1.3176103571985651,0.5222166043078168,1.291613465790539,1.5464810126582273,-2.725846153846154,1.4406153846153853,79,26,26,0.5222166043078168,-2.725846153846154
W1200,6,50,131,1.1962478777332453,0.9908854961832064,129.80600000000004,157.08600000000007,18.3206106870229,1.3726199760827744,0.5561937506320155,1.4072280526922236,1.814329113924051,-2.5319999999999996,2.0117692307692314,79,26,26,0.5561937506320155,-2.5319999999999996
W1200,6,60,131,1.263555671800423,1.330732824427481,174.32600000000002,147.01600000000005,18.3206106870229,1.4783237144491241,0.6240806283075473,1.3588801345333372,2.329012658227848,-2.1446923076923077,1.772923076923077,79,26,26,0.6240806283075473,-2.1446923076923077
W1200,6,75,131,1.2228262497827902,1.1354885496183207,148.74900000000002,131.32300000000006,17.557251908396946,1.4548169416316723,0.7298749452253346,1.0863099872317896,2.249772151898734,-1.5411153846153844,0.42638461538461603,79,26,26,0.7298749452253346,-1.5411153846153844
W1200,6,100,131,1.3168752883653212,1.6147480916030532,211.53199999999998,127.87199999999993,17.557251908396946,1.5516317490538085,0.8980753025246909,1.0863099872317896,2.7286708860759488,-0.5815,0.42638461538461603,79,26,26,0.8980753025246909,-0.5815
W1200,7,3,131,0.6419037495625817,-1.0389465648854965,-136.10200000000003,161.31199999999993,59.541984732824424,0.6088462236938241,0.5011515537295296,0.9932849332888007,-1.172367088607595,-1.6578076923076923,-0.014692307692307715,79,26,26,0.5011515537295296,-1.6578076923076923
W1200,7,4,131,0.7482956395299025,-0.7849160305343512,-102.82400000000001,138.67199999999997,56.48854961832062,0.6839272090744677,0.5817568652641721,1.3139205793942377,-1.0331139240506326,-1.5025384615384616,0.686846153846154,79,26,26,0.5817568652641721,-1.5025384615384616
W1200,7,5,131,0.841979105212548,-0.5193435114503817,-68.034,139.346,54.19847328244275,0.8055067545961727,0.6012379478633496,1.373448917958909,-0.6544303797468355,-1.5461538461538464,0.9179230769230771,79,26,26,0.6012379478633496,-1.5461538461538464
W1200,7,6,131,0.9006599422877416,-0.34793893129771,-45.580000000000005,133.776,51.14503816793893,0.9312806717268528,0.6354825545806977,1.1595890323323568,-0.23734177215189872,-1.5116538461538462,0.4797307692307692,79,26,26,0.6354825545806977,-1.5116538461538462
W1200,7,7,131,0.9292513374475033,-0.26297709923664137,-34.45000000000002,136.479,48.091603053435115,0.9718868082377055,0.6248715402971555,1.195783521240776,-0.10208860759493668,-1.6566538461538465,0.6418461538461536,79,26,26,0.6248715402971555,-1.6566538461538465
W1200,7,8,131,0.8745774171737659,-0.5069389312977098,-66.40899999999999,142.283,43.51145038167939,0.9977614146265318,0.5031404599804593,0.9833160694711224,-0.008531645569620236,-2.464461538461538,-0.06380769230769223,79,26,26,0.5031404599804593,-2.464461538461538
W1200,7,10,131,0.9090055809677289,-0.3974045801526718,-52.06000000000001,150.382,38.93129770992366,0.9687954762795725,0.5213279204542111,1.2366624093647232,-0.13299999999999998,-2.5033076923076925,0.9051153846153847,79,26,26,0.5213279204542111,-2.5033076923076925
W1200,7,12,131,0.9522658218159186,-0.21898473282442757,-28.687000000000012,171.49599999999998,35.87786259541985,1.037928137060826,0.5107739083136915,1.264379689539568,0.1685569620253164,-2.6983076923076927,1.0828076923076926,79,26,26,0.5107739083136915,-2.6983076923076927
W1200,7,15,131,0.99528380862966,-0.023007633587786337,-3.01400000000001,182.77599999999995,32.06106870229007,1.1563522262685249,0.3850295734728788,1.3259952253847445,0.726620253164557,-3.7470384615384615,1.423307692307692,79,26,26,0.3850295734728788,-3.7470384615384615
W1200,7,18,131,1.112322017429094,0.5603282442748091,73.40299999999999,191.215,30.53435114503817,1.3113883329904428,0.3275605090544838,1.6016367592519185,1.475227848101266,-4.2860000000000005,2.626769230769231,79,26,26,0.3275605090544838,-4.2860000000000005
W1200,7,20,131,1.1892107514022088,0.9540916030534352,124.98600000000002,185.155,29.770992366412212,1.3717760778750105,0.36412843427730074,1.7804381722561378,1.7945443037974684,-4.0529230769230775,3.4074230769230764,79,26,26,0.36412843427730074,-4.0529230769230775
W1200,7,22,131,1.249742349888851,1.272679389312977,166.721,178.90500000000003,29.00763358778626,1.403459890404186,0.4018428786077638,1.9616973669142066,1.9832658227848097,-3.8125384615384617,4.1988076923076925,79,26,26,0.4018428786077638,-3.8125384615384617
W1200,7,25,131,1.2766942032428061,1.4405038167938933,188.70600000000002,169.74500000000006,27.480916030534353,1.5295131020559516,0.45711716821849036,1.5708848194955725,2.602898734177215,-3.4602307692307694,2.8093461538461537,79,26,26,0.45711716821849036,-3.4602307692307694
W1200,7,27,131,1.3019961916483314,1.5883893129770992,208.07899999999998,164.05200000000008,26.717557251908396,1.5130088580635697,0.4914705012702225,1.699789756696132,2.5672911392405062,-3.241269230769231,3.4436923076923076,79,26,26,0.4914705012702225,-3.241269230769231
W1200,7,30,131,1.3722182794061453,1.9777633587786259,259.087,154.13899999999995,25.954198473282442,1.6495601321374187,0.5512886271338834,1.5677607650540386,3.250645569620253,-2.86,2.947923076923077,79,26,26,0.5512886271338834,-2.86
W1200,7,32,131,1.3440208009206964,1.8482977099236642,242.127,148.14500000000004,25.190839694656486,1.5638292330171994,0.5874582878245705,1.61641369808218,2.8769493670886086,-2.6294615384615385,3.2005384615384616,79,26,26,0.5874582878245705,-2.6294615384615385
W1200,7,35,131,1.2523472236013196,1.396793893129771,182.98,139.16000000000003,22.900763358778626,1.3323264121245253,0.6416765729940442,1.7505574197945142,1.7852911392405062,-2.2838846153846157,3.8970384615384615,79,26,26,0.6416765729940442,-2.2838846153846157
W1200,7,40,131,1.1677358794258037,0.9466564885496178,124.01199999999993,153.616,21.374045801526716,1.2789786121419615,0.7271525896246055,1.3436992341610576,1.5234810126582277,-1.7390769230769236,1.8797307692307688,79,26,26,0.7271525896246055,-1.7390769230769236
W1200,7,45,131,1.1157614776061762,0.6658396946564883,87.22499999999997,203.816,19.84732824427481,1.3846383859549898,0.44807640025682693,1.1119526532034825,2.100481012658228,-3.6698461538461538,0.6424230769230768,79,26,26,0.44807640025682693,-3.6698461538461538
W1200,7,50,131,1.1828454031843862,1.0516946564885494,137.77199999999996,198.77600000000007,19.84732824427481,1.455700222292791,0.4772297387189884,1.2114854856330888,2.488544303797468,-3.476,1.2135769230769233,79,26,26,0.4772297387189884,-3.476
W1200,7,60,131,1.268752430360629,1.5458167938931302,202.50200000000007,188.70600000000002,19.84732824427481,1.5967947187497824,0.535478571717791,1.1698626647988897,3.259050632911393,-3.088692307692308,0.9747307692307694,79,26,26,0.535478571717791,-3.088692307692308
W1200,7,75,131,1.2481475540877391,1.4408015267175571,188.74499999999998,173.01300000000003,19.083969465648856,1.599774250923519,0.6262530440365803,0.9352064719799994,3.3294303797468365,-2.4851153846153844,-0.3718076923076921,79,26,26,0.6262530440365803,-2.4851153846153844
W1200,7,100,131,1.3303348864604476,1.918,251.25799999999998,154.706,19.083969465648856,1.6854289232453141,0.7705736382093834,0.9352064719799994,3.804911392405063,-1.5254999999999999,-0.3718076923076921,79,26,26,0.7705736382093834,-1.5254999999999999
W1200,8,3,131,0.6404065946696919,-1.098549618320611,-143.91000000000003,169.11999999999995,62.59541984732825,0.6274383778672048,0.5128821369905299,0.8663222126824482,-1.1519746835443039,-1.6994230769230767,-0.33534615384615374,79,26,26,0.5128821369905299,-1.6994230769230767
W1200,8,4,131,0.7447467865551036,-0.8425343511450382,-110.372,143.84699999999992,59.541984732824424,0.7036337420501414,0.5915243427113599,1.145973874647369,-1.0068987341772153,-1.5518461538461539,0.3661923076923079,79,26,26,0.5915243427113599,-1.5518461538461539
W1200,8,5,131,0.8127657194003132,-0.664290076335878,-87.02200000000002,147.60900000000004,56.48854961832062,0.7881620594320966,0.6142599058325766,1.1977102778232627,-0.7633164556962027,-1.5849615384615385,0.557269230769231,79,26,26,0.6142599058325766,-1.5849615384615385
W1200,8,6,131,0.868243141309442,-0.5000152671755724,-65.502,142.103,53.43511450381679,0.9093027148718404,0.6508984327436552,1.013259693215867,-0.33606329113924055,-1.5438076923076924,0.045615384615384884,79,26,26,0.6508984327436552,-1.5438076923076924
W1200,8,7,131,0.8939962281746667,-0.4286412213740457,-56.15199999999999,144.92900000000003,50.38167938931297,0.9472609940319269,0.6403403273253262,1.0452345304264004,-0.20637974683544297,-1.7022692307692304,0.16965384615384635,79,26,26,0.6403403273253262,-1.7022692307692304
W1200,8,8,131,0.8429293925147968,-0.6932137404580151,-90.81099999999998,156.70000000000005,45.80152671755725,0.973453422795678,0.5243287505925959,0.8597077391105562,-0.10927848101265812,-2.5469999999999997,-0.6136923076923075,79,26,26,0.5243287505925959,-2.5469999999999997
W1200,8,10,131,0.8513769275015164,-0.7199312977099235,-94.31099999999998,158.572,40.458015267175576,0.9000971827705389,0.5503910174600157,1.081207026922468,-0.4723544303797469,-2.5473461538461537,0.3552307692307695,79,26,26,0.5503910174600157,-2.5473461538461537
W1200,8,12,131,0.8934941470093866,-0.5427099236641221,-71.095,176.586,37.404580152671755,0.9644492827868855,0.5489062560352265,1.1055639492872626,-0.1756835443037976,-2.6950769230769227,0.4944615384615385,79,26,26,0.5489062560352265,-2.6950769230769227
W1200,8,15,131,0.9401896086341206,-0.3235801526717556,-42.38899999999998,195.859,33.587786259541986,1.07885061872015,0.4446784308006416,1.1592603431810482,0.4066835443037971,-3.6613846153846152,0.7953461538461538,79,26,26,0.4446784308006416,-3.6613846153846152
W1200,8,18,131,1.0533628161110598,0.2953053435114506,38.68500000000003,201.015,32.06106870229007,1.2240890697998914,0.40681621847568616,1.4002418286559257,1.179088607594937,-4.093538461538461,1.9988076923076932,79,26,26,0.40681621847568616,-4.093538461538461
W1200,8,20,131,1.1266424099548016,0.7086106870229012,92.82800000000006,189.28800000000004,31.297709923664126,1.2823394473761223,0.4478361432353351,1.5565601799081974,1.514354430379747,-3.8104615384615386,2.779461538461538,79,26,26,0.4478361432353351,-3.8104615384615386
W1200,8,22,131,1.1837737679733717,1.0410152671755724,136.373,180.824,30.53435114503817,1.3102418894595897,0.49426222655705726,1.7150272634854131,1.6996582278481016,-3.490076923076923,3.570846153846153,79,26,26,0.49426222655705726,-3.490076923076923
W1200,8,25,131,1.2609908276450514,1.494381679389313,195.764,168.74099999999993,29.770992366412212,1.4302138858274358,0.561605127490595,1.6399959377312225,2.356924050632912,-3.0253461538461535,3.3933076923076935,79,26,26,0.561605127490595,-3.0253461538461535
W1200,8,27,131,1.289828877287349,1.6781755725190843,219.84100000000004,160.82099999999994,29.00763358778626,1.4168266321579368,0.6057461334819562,1.7737098669606974,2.328113924050633,-2.720730769230769,4.102269230769232,79,26,26,0.6057461334819562,-2.720730769230769
W1200,8,30,131,1.3105392852535156,1.8373969465648854,240.69899999999998,147.51799999999986,27.480916030534353,1.5460190689441824,0.6798885328131531,1.370443037155031,3.0496962025316456,-2.209076923076923,2.200346153846154,79,26,26,0.6798885328131531,-2.209076923076923
W1200,8,32,131,1.2900899428472197,1.7342595419847333,227.18800000000007,139.7739999999999,26.717557251908396,1.474294744104784,0.7230486275602619,1.4129725319553985,2.697506329113925,-1.911230769230769,2.452961538461539,79,26,26,0.7230486275602619,-1.911230769230769
W1200,8,35,131,1.2101677978510794,1.2972519083969467,169.94000000000003,128.00900000000004,24.427480916030532,1.2653723250753584,0.7886192002229343,1.5302329797842444,1.5946962025316458,-1.4587307692307692,3.1494615384615394,79,26,26,0.7886192002229343,-1.4587307692307692
W1200,8,40,131,1.2046281080789847,1.275664122137405,167.11200000000005,125.19099999999995,23.66412213740458,1.33138206107433,0.8953768984255259,1.1757864421798847,1.9913670886075947,-0.7220000000000001,1.0986923076923076,79,26,26,0.8953768984255259,-0.7220000000000001
W1200,8,45,131,1.104698039113361,0.673854961832061,88.27499999999998,188.982,21.374045801526716,1.3266000701739902,0.6549281122462589,0.969132629217684,2.003050632911392,-2.487769230769231,-0.20323076923076933,79,26,26,0.6549281122462589,-2.487769230769231
W1200,8,50,131,1.1587187877680902,1.0215419847328249,133.82200000000006,193.7819999999999,21.374045801526716,1.3998637799013436,0.6293206007095414,1.0558813907841855,2.452379746835443,-2.672384615384615,0.3679230769230769,79,26,26,0.6293206007095414,-2.672384615384615
W1200,8,60,131,1.2470672095585662,1.590167938931298,208.31200000000004,183.7119999999998,21.374045801526716,1.5456399248725516,0.68304302595428,1.0196046359472848,3.346430379746837,-2.2850769230769226,0.12907692307692328,79,26,26,0.68304302595428,-2.2850769230769226
W1200,8,75,131,1.2209752385604875,1.43645038167939,188.1750000000001,175.2859999999998,20.610687022900763,1.5346484439187966,0.7667635839846355,0.8150878586783812,3.3360506329113937,-1.6814999999999998,-1.2174615384615384,79,26,26,0.7667635839846355,-1.6814999999999998
W1200,8,100,131,1.2943846983087626,1.9136488549618322,250.68800000000002,150.3359999999997,20.610687022900763,1.6108508795241583,0.8998692949931981,0.8150878586783812,3.811531645569621,-0.721884615384615,-1.2174615384615384,79,26,26,0.8150878586783812,-1.2174615384615384
W1200,9,3,131,0.5884762548849624,-1.3842213740458016,-181.333,206.54300000000003,63.358778625954194,0.5863738011976766,0.4599217019930401,0.7743593257503085,-1.3954177215189874,-2.101153846153846,-0.6332692307692306,79,26,26,0.4599217019930401,-2.101153846153846
W1200,9,4,131,0.6837571178182366,-1.151442748091603,-150.839,183.87900000000002,60.30534351145038,0.6567185005938949,0.5303097686491981,1.0243250650952447,-1.2767594936708861,-1.9903846153846154,0.06826923076923096,79,26,26,0.5303097686491981,-1.9903846153846154
W1200,9,5,131,0.7943649803593849,-0.777648854961832,-101.87199999999999,164.63400000000001,58.778625954198475,0.7745999083243471,0.6431806424091705,1.0706635764820687,-0.8652025316455699,-1.5120769230769233,0.22280769230769265,79,26,26,0.6431806424091705,-1.5120769230769233
W1200,9,6,131,0.8202132320724405,-0.7423587786259541,-97.249,158.15100000000004,54.961832061068705,0.8466345450982465,0.6779132359599549,0.9048522364217252,-0.6241139240506329,-1.4774615384615386,-0.36653846153846154,79,26,26,0.6779132359599549,-1.4774615384615386
W1200,9,7,131,0.8701617440225035,-0.5637557251908396,-73.85199999999999,157.97699999999998,52.67175572519084,0.928597779282984,0.668960577941085,0.9296333454943451,-0.2988987341772152,-1.6355384615384616,-0.2967307692307693,79,26,26,0.668960577941085,-1.6355384615384616
W1200,9,8,131,0.8463901414641292,-0.7203129770992366,-94.36099999999999,183.75400000000002,48.854961832061065,1.0037617665585428,0.5527330444971253,0.7653256105197244,0.0161772151898734,-2.5252692307692306,-1.1531538461538462,79,26,26,0.5527330444971253,-2.5252692307692306
W1200,9,10,131,0.8845995709020772,-0.5891984732824428,-77.185,186.20300000000003,44.274809160305345,0.9802165045089959,0.5846787120269802,0.9625078271759547,-0.09644303797468368,-2.4913846153846158,-0.184230769230769,79,26,26,0.5846787120269802,-2.4913846153846158
W1200,9,12,131,0.9311766239064408,-0.370885496183206,-48.585999999999984,201.82399999999998,41.221374045801525,1.0518388938924572,0.5915012482125113,0.9844983913424976,0.2652025316455696,-2.5929615384615383,-0.08153846153846164,79,26,26,0.5915012482125113,-2.5929615384615383
W1200,9,15,131,0.9880760249868611,-0.06841221374045771,-8.96199999999996,207.54399999999995,37.404580152671755,1.1836694088024688,0.5031887720368384,1.032358286752855,0.9815316455696198,-3.5085000000000006,0.18146153846153826,79,26,26,0.5031887720368384,-3.5085000000000006
W1200,9,18,131,1.1093429604763356,0.6427404580152671,84.199,211.76999999999998,35.87786259541985,1.3469734436160625,0.4732519468930131,1.246959980796269,1.895164556962026,-3.9048846153846153,1.384923076923077,79,26,26,0.4732519468930131,-3.9048846153846153
W1200,9,20,131,1.1887086940616998,1.1223053435114503,147.022,198.233,35.11450381679389,1.4155606552762816,0.5208282531661332,1.3861664551970094,2.3173924050632912,-3.5521923076923083,2.165576923076923,79,26,26,0.5208282531661332,-3.5521923076923083
W1200,9,22,131,1.255384611480743,1.5365419847328243,201.28699999999998,183.29699999999997,34.35114503816794,1.4586343255698087,0.5755643525316095,1.5272864442234488,2.6102911392405073,-3.146423076923077,2.9569615384615378,79,26,26,0.5755643525316095,-3.146423076923077
W1200,9,25,131,1.3442721452297566,2.0950458015267177,274.451,167.48999999999998,33.587786259541986,1.6001014180737678,0.6543376413151192,1.4602292911351524,3.4154430379746836,-2.562461538461539,2.7405769230769224,79,26,26,0.6543376413151192,-2.562461538461539
W1200,9,27,131,1.3812377402659881,2.3470916030534346,307.46899999999994,157.49900000000005,32.82442748091603,1.597937829840456,0.7061735056526048,1.5792862909736798,3.4735949367088597,-2.1781923076923078,3.449538461538461,79,26,26,0.7061735056526048,-2.1781923076923078
W1200,9,30,131,1.4142389759559182,2.6076564885496185,341.603,141.51699999999994,31.297709923664126,1.748661027511581,0.7890922108714715,1.2235467553114614,4.349189873417721,-1.5635000000000001,1.4872307692307691,79,26,26,0.7890922108714715,-1.5635000000000001
W1200,9,32,131,1.4005227811382859,2.558083969465649,335.10900000000004,131.743,30.53435114503817,1.6810542698864657,0.8398022236864635,1.26151756034109,4.06012658227848,-1.1875769230769229,1.7398461538461538,79,26,26,0.8398022236864635,-1.1875769230769229
W1200,9,35,131,1.3346859852013488,2.210496183206107,289.57500000000005,116.37700000000001,28.24427480916031,1.483969841600333,0.91952496329309,1.3662089897384015,3.0600126582278477,-0.5965769230769231,2.4363461538461535,79,26,26,0.91952496329309,-0.5965769230769231
W1200,9,40,131,1.2953563189245119,1.9917251908396942,260.91599999999994,112.27899999999988,26.717557251908396,1.47924801327498,1.0420923198248446,1.049690976514215,3.0855443037974672,0.3120384615384616,0.34788461538461485,79,26,26,1.0420923198248446,0.3120384615384616
W1200,9,45,131,1.2227160082101824,1.5497480916030533,203.01699999999997,169.38899999999998,24.427480916030532,1.5010214061261218,0.8449262509104062,0.8671562606173067,3.287734177215189,-1.2038076923076924,-0.9775000000000003,79,26,26,0.8449262509104062,-1.2038076923076924
W1200,9,50,131,1.2678061896701336,1.8635038167938929,244.11899999999997,171.80399999999992,24.427480916030532,1.5563200830242108,0.8329609132302449,0.9447769385568305,3.650607594936708,-1.2966923076923076,-0.4063461538461537,79,26,26,0.8329609132302449,-1.2966923076923076
W1200,9,60,131,1.2623921178841255,1.8438854961832059,241.54899999999998,220.90399999999994,23.66412213740458,1.658055605388086,0.6072317841847408,0.9123173823275751,4.31820253164557,-3.1851538461538462,-0.6451923076923082,79,26,26,0.6072317841847408,-3.1851538461538462
W1200,9,75,131,1.2374432858393696,1.6850534351145037,220.742,229.93599999999986,22.900763358778626,1.643882464454976,0.6816601611595138,0.7293207537307583,4.299341772151897,-2.5815769230769234,-1.9917307692307693,79,26,26,0.6816601611595138,-2.5815769230769234
W1200,9,100,131,1.304686004160652,2.162251908396946,283.25499999999994,204.98599999999993,22.900763358778626,1.7150919431279619,0.7999924115590927,0.7293207537307583,4.774822784810126,-1.6219615384615387,-1.9917307692307693,79,26,26,0.7293207537307583,-1.9917307692307693
W1200,10,3,131,0.6251200098050563,-1.2608244274809162,-165.168,190.378,67.17557251908397,0.6178122682053174,0.48639772560168626,0.854303882100232,-1.2979240506329115,-2.0149999999999997,-0.3939230769230768,79,26,26,0.48639772560168626,-2.0149999999999997
W1200,10,4,131,0.7218007723421609,-1.0206641221374044,-133.707,166.74699999999999,64.12213740458014,0.6893474660927748,0.5574036873353868,1.1214561076575102,-1.1730632911392407,-1.9066538461538463,0.32838461538461555,79,26,26,0.5574036873353868,-1.9066538461538463
W1200,10,5,131,0.8364722883101536,-0.6254198473282443,-81.93,136.305,62.59541984732825,0.8113533410668344,0.677541181197268,1.1543092403945423,-0.7369493670886075,-1.3891153846153848,0.4771538461538464,79,26,26,0.677541181197268,-1.3891153846153848
W1200,10,6,131,0.8325433063871369,-0.7194885496183206,-94.253,145.939,58.01526717557252,0.8389724919808779,0.7103662027117646,0.9587699249013031,-0.6920126582278479,-1.3621923076923077,-0.16026923076923077,79,26,26,0.7103662027117646,-1.3621923076923077
W1200,10,7,131,0.8851111482139209,-0.5200229007633588,-68.123,146.685,55.72519083969466,0.9191034253865435,0.7106846457347584,0.9858552957160982,-0.35789873417721507,-1.4721923076923074,-0.06046153846153836,79,26,26,0.7106846457347584,-1.4721923076923074
W1200,10,8,131,0.8874495499150024,-0.5443206106870228,-71.30599999999998,148.54899999999998,52.67175572519084,0.9984516078815104,0.5851969412783148,0.9381969226204705,-0.007050632911392387,-2.4326923076923075,-0.2884230769230766,79,26,26,0.5851969412783148,-2.4326923076923075
W1200,10,10,131,0.9494710257096635,-0.26512977099236634,-34.73199999999999,158.03799999999998,48.854961832061065,0.9624808668380289,0.7295484057134612,1.1815027567848224,-0.19640506329113924,-1.5861153846153848,0.8470384615384622,79,26,26,0.7295484057134612,-1.5861153846153848
W1200,10,12,131,1.0038060847891261,0.0211450381679389,2.769999999999996,151.78500000000003,45.80152671755725,1.0362651315956246,0.7498338379735618,1.2107623318385652,0.1992025316455695,-1.5634615384615385,1.0647307692307695,79,26,26,0.7498338379735618,-1.5634615384615385
W1200,10,15,131,1.0377494431449752,0.22717557251908413,29.76000000000002,147.71000000000004,41.221374045801525,1.1668641398903252,0.6711896531890068,1.0923703513315803,0.9590886075949367,-2.3086153846153845,0.5390769230769232,79,26,26,0.6711896531890068,-2.3086153846153845
W1200,10,18,131,1.2056332630292221,1.2533206106870232,164.18500000000003,149.04200000000003,40.458015267175576,1.3992974651485455,0.6609544772593949,1.3175626248047612,2.295050632911393,-2.511923076923077,1.8533076923076925,79,26,26,0.6609544772593949,-2.511923076923077
W1200,10,20,131,1.2544387373606558,1.5897099236641221,208.252,133.85699999999997,38.93129770992366,1.4001265529096623,0.7294540282096674,1.4656939309463084,2.4013164556962026,-2.004423076923077,2.7178076923076926,79,26,26,0.7294540282096674,-2.004423076923077
W1200,10,22,131,1.3276014593589298,2.0720992366412214,271.445,118.93199999999999,38.16793893129771,1.4458393654084842,0.8052370100036859,1.613423225712911,2.732696202531646,-1.4429615384615386,3.579961538461539,79,26,26,0.8052370100036859,-1.4429615384615386
W1200,10,25,131,1.4292918271976798,2.7481984732824434,360.01400000000007,97.80199999999985,37.404580152671755,1.5924368619854323,0.914929735398097,1.5534346662380933,3.6312405063291147,-0.6302692307692305,3.4435769230769235,79,26,26,0.914929735398097,-0.6302692307692305
W1200,10,27,131,1.4723476809994074,3.0600305343511454,400.86400000000003,83.80099999999987,36.6412213740458,1.593848949028542,0.9876134953719325,1.6783164479499562,3.7153670886075956,-0.09176923076923081,4.220615384615384,79,26,26,0.9876134953719325,-0.09176923076923081
W1200,10,30,131,1.4809848955100355,3.1941068702290076,418.428,93.33899999999988,34.35114503816794,1.7489140265084764,0.9408538852398067,1.3281161585918573,4.685518987341773,-0.44053846153846166,2.2971538461538463,79,26,26,0.9408538852398067,-0.44053846153846166
W1200,10,32,131,1.4762491113613097,3.2063816793893136,420.03600000000006,87.23799999999994,33.587786259541986,1.6936462538812207,1.0022720700623788,1.3758453416251437,4.445341772151899,0.01692307692307704,2.631307692307693,79,26,26,1.0022720700623788,0.01692307692307704
W1200,10,35,131,1.3107342277186758,2.2187633587786264,290.6580000000001,139.82599999999994,29.770992366412212,1.4138887777045983,0.8699527797139296,1.4925807709845245,2.8796075949367097,-1.019,3.4485769230769225,79,26,26,0.8699527797139296,-1.019
W1200,10,40,131,1.2814370380138167,2.05281679389313,268.91900000000004,126.26199999999992,28.24427480916031,1.4159240175234233,0.9859124510371775,1.2029965588509377,2.9467848101265823,-0.11038461538461536,1.4997307692307695,79,26,26,0.9859124510371775,-0.11038461538461536
W1200,10,45,131,1.2218718686231476,1.669946564885496,218.76299999999998,188.07799999999983,25.954198473282442,1.4440191891109693,0.7979094728764866,1.0435969863515167,3.20432911392405,-1.661230769230769,0.33896153846153904,79,26,26,0.7979094728764866,-1.661230769230769
W1200,10,50,131,1.273537811819211,2.05881679389313,269.70500000000004,190.49299999999985,25.954198473282442,1.5028967839821792,0.7866099585450529,1.1414960400104877,3.6292278481012668,-1.7541153846153843,1.1001153846153844,79,26,26,0.7866099585450529,-1.7541153846153843
W1200,10,60,131,1.2874202438742781,2.185282442748092,286.27200000000005,240.59599999999986,25.190839694656486,1.613120159967726,0.572232427383203,1.1604426481718753,4.424670886075949,-3.6811538461538467,1.2474230769230776,79,26,26,0.572232427383203,-3.6811538461538467
W1200,10,75,131,1.2253855373075295,1.7312671755725197,226.79600000000008,261.03999999999996,24.427480916030532,1.6254996829597772,0.642370934509683,0.7219498681652462,4.595189873417722,-3.077576923076923,-2.1618076923076917,79,26,26,0.642370934509683,-3.077576923076923
W1200,10,100,131,1.2972488169038159,2.2832748091603055,299.10900000000004,236.08999999999997,24.427480916030532,1.7071082485595346,0.7538828030374135,0.7219498681652462,5.194721518987342,-2.117961538461538,-2.1618076923076917,79,26,26,0.7219498681652462,-2.1618076923076917
W1200,11,3,131,0.6396204155140747,-1.2311832061068702,-161.285,186.49499999999998,69.46564885496184,0.6007152897635273,0.6455959598231861,0.7736055648589463,-1.42026582278481,-1.211884615384615,-0.6759615384615387,79,26,26,0.6007152897635273,-1.42026582278481
W1200,11,4,131,0.7309308246701482,-1.0100076335877861,-132.31099999999998,166.72599999999997,66.41221374045801,0.6673743311933642,0.709668057682108,1.0155223496071104,-1.3228354430379745,-1.1158461538461533,0.04634615384615378,79,26,26,0.6673743311933642,-1.3228354430379745
W1200,11,5,131,0.8441996166899269,-0.6118625954198473,-80.154,124.70700000000004,64.8854961832061,0.7837576598166862,0.8615389234140923,1.0468471517202482,-0.8920379746835445,-0.532153846153846,0.1597307692307693,79,26,26,0.7837576598166862,-0.8920379746835445
W1200,11,6,131,0.8649608087653666,-0.5877328244274809,-76.993,132.69400000000002,61.06870229007634,0.8531639967121336,0.8955647449931079,0.8713245211761533,-0.6467215189873416,-0.44584615384615395,-0.5503846153846154,79,26,26,0.8531639967121336,-0.6467215189873416
W1200,11,7,131,0.8615682338991391,-0.6612748091603055,-86.62700000000001,151.057,57.25190839694656,0.8877458927799396,0.7569821102154565,0.8965305621471239,-0.525860759493671,-1.2476538461538458,-0.486346153846154,79,26,26,0.7569821102154565,-1.2476538461538458
W1200,11,8,131,0.8630108386373262,-0.7012213740458018,-91.86000000000003,153.211,54.19847328244275,0.9645351735719345,0.6230831315577078,0.853742312884356,-0.17108860759493685,-2.2631538461538456,-0.7500769230769229,79,26,26,0.6230831315577078,-2.2631538461538456
W1200,11,10,131,0.9224669724330365,-0.4316488549618321,-56.54600000000001,163.92,50.38167938931297,0.9277612700375802,0.7771436258119067,1.0751462426878655,-0.40221518987341776,-1.3381153846153846,0.38538461538461555,79,26,26,0.7771436258119067,-1.3381153846153846
W1200,11,12,131,0.9742640651002699,-0.1521679389312979,-19.934000000000026,156.797,47.32824427480916,0.9982659646922738,0.8007224275479325,1.0979701739850871,-0.010151898734177526,-1.2816153846153842,0.5457692307692308,79,26,26,0.8007224275479325,-1.2816153846153842
W1200,11,15,131,1.0077880454215535,0.05004580152671754,6.555999999999997,140.484,42.74809160305343,1.1245331990872365,0.725167500434895,0.9900430056146218,0.7640379746835446,-2.005230769230769,-0.06411538461538474,79,26,26,0.725167500434895,-2.005230769230769
W1200,11,18,131,1.171003373145913,1.1133664122137406,145.851,128.52400000000006,41.98473282442748,1.3483521154076281,0.7236605564436213,1.194140485007765,2.137215189873417,-2.1343076923076927,1.250115384615385,79,26,26,0.7236605564436213,-2.1343076923076927
W1200,11,20,131,1.2187114780655603,1.461381679389313,191.441,111.46600000000007,40.458015267175576,1.348559010179813,0.7993785201009905,1.3283956516545214,2.237316455696202,-1.5494999999999997,2.114615384615384,79,26,26,0.7993785201009905,-1.5494999999999997
W1200,11,22,131,1.2886645193260653,1.9565725190839693,256.311,94.84300000000002,39.69465648854962,1.3894906376698373,0.88297951805429,1.462286465177398,2.562202531645569,-0.903807692307692,2.9767692307692304,79,26,26,0.88297951805429,-0.903807692307692
W1200,11,25,131,1.3894889049552308,2.6730534351145043,350.1700000000001,72.95699999999988,38.93129770992366,1.5325473504345872,1.003241854280891,1.4075049005880704,3.503278481012659,0.02503846153846194,2.798461538461538,79,26,26,1.003241854280891,0.02503846153846194
W1200,11,27,131,1.3857718520062443,2.7126946564885497,355.363,99.62299999999999,37.404580152671755,1.4539536703622833,1.0818779847717506,1.5206552786334362,3.113392405063291,0.6323846153846154,3.5755,79,26,26,1.0818779847717506,0.6323846153846154
W1200,11,30,131,1.3948067416942669,2.8490610687022904,373.22700000000003,115.16099999999994,35.11450381679389,1.5954083789056368,1.052339004548202,1.1986365213942187,4.083544303797469,0.4063076923076924,1.540884615384615,79,26,26,1.052339004548202,0.4063076923076924
W1200,11,32,131,1.3935633946403057,2.8762213740458016,376.785,107.137,34.35114503816794,1.5482197024411384,1.1209286655634716,1.2417125291288613,3.843367088607595,0.9387692307692311,1.8750384615384612,79,26,26,1.1209286655634716,0.9387692307692311
W1200,11,35,131,1.2448511524398371,1.8939236641221373,248.10399999999998,149.44800000000004,30.53435114503817,1.2979004838356794,0.9987502231744331,1.3470672814715652,2.2578481012658216,-0.010230769230768889,2.6923076923076916,79,26,26,0.9987502231744331,-0.010230769230768889
W1200,11,40,131,1.2183153331048102,1.7259160305343508,226.09499999999997,125.82400000000013,29.00763358778626,1.2991506794072951,1.1189073379753613,1.0860043237146348,2.3099620253164552,0.9733846153846156,0.7038461538461532,79,26,26,1.0860043237146348,0.7038461538461532
W1200,11,45,131,1.1620435948437653,1.3221297709923667,173.19900000000004,189.41999999999996,26.717557251908396,1.3254736726860559,0.928042583214997,0.942627345844504,2.558898734177215,-0.6197692307692306,-0.49384615384615366,79,26,26,0.928042583214997,-0.6197692307692306
W1200,11,50,131,1.2097045213417885,1.711,224.14100000000002,191.83499999999998,26.717557251908396,1.3795177619207089,0.917258348292831,1.0310545129579982,2.9837974683544304,-0.712653846153846,0.2673076923076922,79,26,26,0.917258348292831,-0.712653846153846
W1200,11,60,131,1.221867682013854,1.8290687022900762,239.60799999999998,243.0379999999999,25.954198473282442,1.4806924444215461,0.7033375167513987,1.0481680071492403,3.779240506329115,-2.682,0.41461538461538416,79,26,26,0.7033375167513987,-2.682
W1200,11,75,131,1.1643999098063589,1.3691450381679389,179.358,267.91499999999996,25.190839694656486,1.4923931906519379,0.7701006147497393,0.6521000893655049,3.939962025316455,-2.0784230769230767,-2.9946153846153845,79,26,26,0.6521000893655049,-2.9946153846153845
W1200,11,100,131,1.2306821535748396,1.9211526717557255,251.67100000000005,242.96499999999972,25.190839694656486,1.5673191158161839,0.8762459849822382,0.6521000893655049,4.539493670886076,-1.118807692307692,-2.9946153846153845,79,26,26,0.6521000893655049,-2.9946153846153845
W1200,12,3,131,0.6307022537325018,-1.307381679389313,-171.267,196.47699999999995,70.99236641221374,0.5506986333993416,0.7168891990018568,0.8678453494771601,-1.7433291139240512,-0.9207307692307692,-0.3694230769230768,79,26,26,0.5506986333993416,-1.7433291139240512
W1200,12,4,131,0.7186991647642614,-1.099587786259542,-144.046,187.79100000000003,67.93893129770993,0.6115933658855305,0.778141408701596,1.1449504678040723,-1.6855569620253168,-0.8239230769230768,0.40519230769230785,79,26,26,0.6115933658855305,-1.6855569620253168
W1200,12,5,131,0.8276828003151361,-0.7062519083969465,-92.51899999999999,145.69200000000004,66.41221374045801,0.7188717267466732,0.9440123450397175,1.1501822457378013,-1.2643797468354432,-0.20792307692307713,0.4912692307692309,79,26,26,0.7188717267466732,-1.2643797468354432
W1200,12,6,131,0.8456562309089234,-0.7039312977099237,-92.215,135.44,62.59541984732825,0.7818537140388905,0.9708286540125559,0.9430142006413191,-1.0484303797468353,-0.12188461538461523,-0.23923076923076925,79,26,26,0.7818537140388905,-1.0484303797468353
W1200,12,7,131,0.8320601068880221,-0.854671755725191,-111.96200000000003,165.51700000000002,58.778625954198475,0.7962062681155909,0.8146818137332401,0.9731479953803003,-1.0644430379746836,-0.9467692307692306,-0.12519230769230766,79,26,26,0.7962062681155909,-1.0644430379746836
W1200,12,8,131,0.8316588496150152,-0.9197633587786259,-120.48899999999999,156.12399999999997,55.72519083969466,0.865446326619501,0.6714007311263678,0.9123600537393644,-0.7234303797468352,-1.9844615384615383,-0.4516153846153843,79,26,26,0.6714007311263678,-1.9844615384615383
W1200,12,10,131,0.918360764064371,-0.4772137404580154,-62.515000000000015,143.773,52.67175572519084,0.8811161266269123,0.8373753327643966,1.1452455590386623,-0.7144303797468355,-0.9821153846153845,0.748461538461539,79,26,26,0.8373753327643966,-0.9821153846153845
W1200,12,12,131,1.0011680946842343,0.0071526717557252,0.9370000000000012,133.63,50.38167938931297,0.9493391673328085,1.0058846756422832,1.1732876712328768,-0.3200886075949368,0.03553846153846193,0.9730769230769231,79,26,26,0.9493391673328085,-0.3200886075949368
W1200,12,15,131,1.0381618495788618,0.2549007633587786,33.391999999999996,112.02000000000001,45.80152671755725,1.0699971532669603,0.9238210732298873,1.0621371659576466,0.4637594936708861,-0.5315384615384615,0.40673076923076945,79,26,26,0.9238210732298873,-0.5315384615384615
W1200,12,18,131,1.2075318760357598,1.4052442748091607,184.08700000000005,108.43199999999997,45.038167938931295,1.282988190834284,0.9388631840153022,1.2808364867088162,1.8749113924050633,-0.45484615384615373,1.8382692307692308,79,26,26,0.9388631840153022,-0.45484615384615373
W1200,12,20,131,1.2586747292062204,1.7992900763358786,235.70700000000008,100.91699999999996,43.51145038167939,1.285408528690418,1.0372683330317676,1.4243072367029401,1.9783037974683553,0.27726923076923116,2.777384615384615,79,26,26,1.0372683330317676,0.27726923076923116
W1200,12,22,131,1.3350089898757005,2.3624961832061064,309.48699999999997,93.03899999999996,42.74809160305343,1.3290681442500278,1.1462351694367616,1.5691235574776128,2.333443037974683,1.0879615384615384,3.7253076923076924,79,26,26,1.1462351694367616,1.0879615384615384
W1200,12,25,131,1.4427094296640512,3.162793893129771,414.326,82.53499999999997,41.98473282442748,1.4663687936679082,1.3045312378835268,1.5166412448287592,3.3070506329113925,2.2656538461538465,3.6216153846153847,79,26,26,1.3045312378835268,2.2656538461538465
W1200,12,27,131,1.4426432382543695,3.2437099236641225,424.92600000000004,104.14500000000001,40.458015267175576,1.3945070950450213,1.4041047380256935,1.6378595178263782,2.917759493670886,3.0064615384615387,4.471346153846155,79,26,26,1.3945070950450213,2.917759493670886
W1200,12,30,131,1.4603073093832193,3.4615496183206105,453.46299999999997,103.64499999999998,38.16793893129771,1.5308370458734752,1.4007980993715994,1.3167093048045428,3.926050632911392,2.9976923076923083,2.514038461538461,79,26,26,1.3167093048045428,2.514038461538461
W1200,12,32,131,1.4668848868484232,3.55387786259542,465.558,101.38499999999999,37.404580152671755,1.4916268103060832,1.4953872736061542,1.368543713781809,3.710898734177214,3.7051538461538462,2.9254999999999995,79,26,26,1.368543713781809,2.9254999999999995
W1200,12,35,131,1.2765536921057912,2.2601297709923664,296.077,112.17099999999996,32.82442748091603,1.2582261424444945,1.3686519890353634,1.2436715524265534,2.110443037974684,2.927692307692308,2.0473846153846154,79,26,26,1.2436715524265534,2.0473846153846154
W1200,12,40,131,1.211559749995034,1.788564885496183,234.302,123.30599999999997,30.53435114503817,1.1818574977854266,1.541131914646313,1.002698973348723,1.543620253164557,4.297461538461539,0.023923076923077054,79,26,26,1.002698973348723,0.023923076923077054
W1200,12,45,131,1.216578286105799,1.8724961832061071,245.29700000000003,147.304,29.00763358778626,1.2042047708483263,1.6644646991021008,0.8700529554415428,1.767151898734177,5.276923076923078,-1.2118461538461536,79,26,26,0.8700529554415428,-1.2118461538461536
W1200,12,50,131,1.2741660353769464,2.3703893129770996,310.5210000000001,147.30400000000006,29.00763358778626,1.2533043127205068,1.7219370211446998,0.9516719732088359,2.192050632911393,5.7333461538461545,-0.4506923076923074,79,26,26,0.9516719732088359,-0.4506923076923074
W1200,12,60,131,1.3032291995188048,2.649549618320611,347.09100000000007,147.30400000000012,28.24427480916031,1.3452224231041523,1.544399141532703,0.9674678720490952,2.987493670886075,4.5756538461538465,-0.30338461538461464,79,26,26,0.9674678720490952,-0.30338461538461464
W1200,12,75,131,1.2361792016100246,2.0855038167938935,273.2010000000001,147.30400000000014,27.480916030534353,1.3559178792565207,1.558722183325783,0.6018938581586024,3.134582278481012,4.696038461538462,-3.7126153846153844,79,26,26,0.6018938581586024,-3.7126153846153844
W1200,12,100,131,1.255935363902234,2.259954198473283,296.0540000000001,147.30400000000014,27.480916030534353,1.42399203168927,1.4465631563774146,0.6018938581586024,3.734113924050633,3.7533461538461546,-3.7126153846153844,79,26,26,0.6018938581586024,-3.7126153846153844
W1200,13,3,131,0.6434705200218992,-1.2626641221374044,-165.409,190.61899999999994,72.51908396946564,0.5961904372199602,0.6615518934846666,0.7979127134724858,-1.4990126582278478,-1.192769230769231,-0.614423076923077,79,26,26,0.5961904372199602,-1.4990126582278478
W1200,13,4,131,0.7556493722036379,-0.9384351145038166,-122.93499999999997,160.30999999999995,70.22900763358778,0.6946935912211255,0.7172997794686244,1.0526881720430106,-1.2340253164556958,-1.138923076923077,0.16019230769230772,79,26,26,0.6946935912211255,-1.2340253164556958
W1200,13,5,131,0.8672135756185272,-0.5372366412213739,-70.37799999999999,146.632,68.70229007633588,0.8133895513776028,0.8702015332181352,1.0574316290130799,-0.7860126582278482,-0.5229230769230769,0.20434615384615398,79,26,26,0.8133895513776028,-0.7860126582278482
W1200,13,6,131,0.8793106054625497,-0.5485038167938932,-71.854,158.059,64.8854961832061,0.8780826269415329,0.894627906384928,0.8678020403001433,-0.5538227848101264,-0.47776923076923095,-0.6030769230769232,79,26,26,0.8678020403001433,-0.6030769230769232
W1200,13,7,131,0.8081948794231758,-1.017763358778626,-133.327,179.30499999999998,59.541984732824424,0.8008065093416686,0.7495826608573982,0.8959820750417743,-1.0567088607594939,-1.3904615384615384,-0.5267307692307692,79,26,26,0.7495826608573982,-1.3904615384615384
W1200,13,8,131,0.8060547269066163,-1.1080152671755723,-145.14999999999998,182.189,56.48854961832062,0.8692161718081046,0.6178144247730563,0.8392008787587535,-0.7153544303797467,-2.5082692307692307,-0.9008461538461537,79,26,26,0.6178144247730563,-2.5082692307692307
W1200,13,10,131,0.9175266494226116,-0.49628244274809163,-65.013,170.968,54.19847328244275,0.9287300262291469,0.7705421450213026,1.0534120554716462,-0.4258101265822784,-1.5059230769230774,0.2992307692307692,79,26,26,0.7705421450213026,-1.5059230769230774
W1200,13,12,131,1.030810089374184,0.19154961832061088,25.093000000000025,136.23799999999997,52.67175572519084,1.0519445715675726,0.9256023019626459,1.0793270745384664,0.3189620253164559,-0.4882692307692306,0.4842307692307693,79,26,26,0.9256023019626459,-0.4882692307692306
W1200,13,15,131,1.101212214208992,0.6797404580152673,89.04600000000002,125.42099999999999,48.854961832061065,1.1843633894909427,0.8513670029565058,1.1401059248050283,1.1928101265822788,-1.1253461538461536,0.9258846153846151,79,26,26,0.8513670029565058,-1.1253461538461536
W1200,13,18,131,1.2411484372071073,1.6694503816793893,218.698,123.93099999999998,47.32824427480916,1.3480012489813946,0.8654064254195774,1.3734314980793854,2.313670886075949,-1.0863461538461534,2.4678076923076926,79,26,26,0.8654064254195774,-1.0863461538461534
W1200,13,20,131,1.2928595749966272,2.087847328244275,273.50800000000004,116.416,45.80152671755725,1.347467080007533,0.9561123447730326,1.5286346176230936,2.428962025316456,-0.35423076923076874,3.4934615384615384,79,26,26,0.9561123447730326,-0.35423076923076874
W1200,13,22,131,1.3720564370098902,2.6899083969465654,352.37800000000004,108.53800000000004,45.038167938931295,1.3946236083723154,1.0565536039341639,1.6831335118146895,2.8244810126582274,0.4564615384615384,4.514461538461537,79,26,26,1.0565536039341639,0.4564615384615384
W1200,13,25,131,1.4851397080956437,3.5556259541984736,465.78700000000003,96.42800000000005,44.274809160305345,1.5414220909565202,1.2024645706062311,1.6339140785629256,3.8751772151898742,1.6341538461538467,4.506153846153846,79,26,26,1.2024645706062311,1.6341538461538467
W1200,13,27,131,1.5046895092307238,3.754,491.774,90.10400000000004,42.74809160305343,1.4990590528431096,1.2942474291650388,1.7612974786278541,3.6623037974683545,2.374961538461539,5.411653846153846,79,26,26,1.2942474291650388,2.374961538461539
W1200,13,30,131,1.4902336273446475,3.753977099236641,491.77099999999996,115.27400000000006,40.458015267175576,1.6030807179142192,1.291733252403014,1.3793666478449085,4.425658227848101,2.366192307692308,3.100884615384615,79,26,26,1.291733252403014,2.366192307692308
W1200,13,32,131,1.5260921749393905,4.028564885496183,527.742,113.01400000000007,40.458015267175576,1.6149464841694912,1.3789578008450263,1.4297054394880482,4.512734177215189,3.0736538461538463,3.512346153846153,79,26,26,1.3789578008450263,3.0736538461538463
W1200,13,35,131,1.328236928734459,2.710442748091603,355.068,127.35999999999999,35.87786259541985,1.361895107084906,1.2621175377717038,1.2995166940096663,2.8965443037974676,2.257346153846154,2.598076923076923,79,26,26,1.2621175377717038,2.257346153846154
W1200,13,40,131,1.2638123530161949,2.2581068702290072,295.81199999999995,117.40400000000002,33.587786259541986,1.2847053787986873,1.4211718048688988,1.0583969145635952,2.3743924050632903,3.6271153846153843,0.5357692307692307,79,26,26,1.0583969145635952,0.5357692307692307
W1200,13,45,131,1.2701546481108679,2.3673816793893128,310.12699999999995,119.804,32.06106870229007,1.312700538738578,1.5349044933031428,0.9216215144183095,2.6596962025316455,4.606576923076923,-0.7600000000000002,79,26,26,0.9216215144183095,-0.7600000000000002
W1200,13,50,131,1.3311793693339757,2.902145038167939,380.181,129.644,32.06106870229007,1.3698440336934847,1.587903229408113,1.0001189956764904,3.1457341772151888,5.062999999999999,0.0011538461538455826,79,26,26,1.0001189956764904,0.0011538461538455826
W1200,13,60,131,1.3668785432352195,3.252526717557251,426.0809999999999,129.644,31.297709923664126,1.4792734470339615,1.4221255867654372,1.0153107770417675,4.076493670886076,3.8529999999999998,0.1484615384615378,79,26,26,1.0153107770417675,0.1484615384615378
W1200,13,75,131,1.311293912113622,2.7910992366412217,365.63400000000007,136.608,30.53435114503817,1.506624981390502,1.4353146411144542,0.6637182182380708,4.393746835443038,3.973384615384615,-3.26076923076923,79,26,26,0.6637182182380708,-3.26076923076923
W1200,13,100,131,1.329547524949726,2.9547633587786257,387.07399999999996,136.60800000000006,30.53435114503817,1.5736921536516946,1.3320354966753472,0.6637182182380708,4.975392405063291,3.030692307692308,-3.26076923076923,79,26,26,0.6637182182380708,-3.26076923076923
W1200,14,3,131,0.647124408284966,-1.2684045801526718,-166.161,191.37099999999995,74.04580152671755,0.5915005633718554,0.7466056982061202,0.7445113314447592,-1.555746835443038,-0.8312307692307689,-0.8325000000000001,79,26,26,0.5915005633718554,-1.555746835443038
W1200,14,4,131,0.7568549023735592,-0.9522137404580152,-124.74,157.77999999999994,71.7557251908397,0.6868510900926371,0.7964080893450047,0.982235599622285,-1.3037974683544302,-0.7782692307692307,-0.05788461538461528,79,26,26,0.6868510900926371,-1.3037974683544302
W1200,14,5,131,0.8675367932836909,-0.5476564885496181,-71.74299999999998,148.834,70.22900763358778,0.8035513893382535,0.9695240969916491,0.9867157554972766,-0.853126582278481,-0.11649999999999996,-0.05065384615384616,79,26,26,0.8035513893382535,-0.853126582278481
W1200,14,6,131,0.904254555830512,-0.43800763358778627,-57.379000000000005,162.19400000000002,67.17557251908397,0.913843799652069,0.9838397181858213,0.806535025858016,-0.3905569620253164,-0.07057692307692322,-0.9496153846153847,79,26,26,0.806535025858016,-0.9496153846153847
W1200,14,7,131,0.8222198410169501,-0.9625343511450383,-126.09200000000001,188.547,61.832061068702295,0.8298938868078503,0.7899854156538647,0.832615753811406,-0.9076582278481012,-1.1796923076923074,-0.9121153846153847,79,26,26,0.7899854156538647,-1.1796923076923074
W1200,14,8,131,0.8195529091474391,-1.0544198473282445,-138.12900000000002,194.91499999999996,58.778625954198475,0.8989000546300079,0.6517709481808159,0.785187564234327,-0.5575316455696203,-2.3323846153846155,-1.2862307692307693,79,26,26,0.6517709481808159,-2.3323846153846155
W1200,14,10,131,0.9042937236224713,-0.600854961832061,-78.71199999999999,178.75,55.72519083969466,0.9103528356160768,0.8144581495773614,0.9856115107913667,-0.5589999999999998,-1.2427307692307694,-0.08615384615384596,79,26,26,0.8144581495773614,-1.2427307692307694
W1200,14,12,131,1.0154434843942868,0.10028244274809182,13.137000000000029,142.14,54.19847328244275,1.0309676171376914,0.9771912899669241,1.0083588415352014,0.198594936708861,-0.1527692307692304,0.054615384615384684,79,26,26,0.9771912899669241,-0.1527692307692304
W1200,14,15,131,1.1183735298397872,0.8196183206106871,107.37,117.08999999999996,51.14503816793893,1.1609807723591679,0.9024219093600052,1.2414822227454672,1.0897848101265826,-0.7594615384615385,1.5778076923076927,79,26,26,0.9024219093600052,-0.7594615384615385
W1200,14,18,131,1.2620040883179309,1.8707251908396951,245.06500000000005,111.64799999999994,49.61832061068702,1.3231877721302219,0.9217345930420487,1.4980751118436546,2.2455822784810127,-0.6518846153846158,3.254346153846154,79,26,26,0.9217345930420487,-0.6518846153846158
W1200,14,20,131,1.315560431257447,2.320954198473282,304.04499999999996,102.02299999999997,48.091603053435115,1.3241877068639853,1.0193758715909826,1.663821521073699,2.3680886075949363,0.16138461538461557,4.337307692307692,79,26,26,1.0193758715909826,0.16138461538461557
W1200,14,22,131,1.3978489123852236,2.968839694656489,388.918,91.38499999999996,47.32824427480916,1.3713293882398319,1.129452617774453,1.8322698375323756,2.7784556962025317,1.0782307692307695,5.4379230769230755,79,26,26,1.129452617774453,1.0782307692307695
W1200,14,25,131,1.5137116993188526,3.8883740458015272,509.37700000000007,77.10500000000002,46.56488549618321,1.5167581887757693,1.2808670194589906,1.778128228832454,3.866620253164557,2.339384615384616,5.503461538461538,79,26,26,1.2808670194589906,2.339384615384616
W1200,14,27,131,1.5381058637020988,4.132755725190839,541.391,97.121,45.038167938931295,1.4795668175221295,1.3791824822911183,1.918065147642613,3.6766202531645558,3.158269230769231,6.493192307692307,79,26,26,1.3791824822911183,3.158269230769231
W1200,14,30,131,1.4804842659273452,3.8524274809160306,504.668,94.121,41.98473282442748,1.5840236305367565,1.3901785509111384,1.2908670571139194,4.477443037974684,3.265269230769231,2.5404999999999998,79,26,26,1.2908670571139194,2.5404999999999998
W1200,14,32,131,1.5188540385325784,4.160068702290077,544.969,92.011,41.98473282442748,1.598980941357898,1.4845968242296117,1.33797613281078,4.592113924050633,4.055423076923077,2.9519615384615383,79,26,26,1.33797613281078,2.9519615384615383
W1200,14,35,131,1.3199971817589347,2.773618320610687,363.344,97.63400000000013,37.404580152671755,1.3394225183150876,1.3731442509011633,1.215544772095724,2.8473037974683546,3.3245,1.9988461538461533,79,26,26,1.215544772095724,1.9988461538461533
W1200,14,40,131,1.2720597691609923,2.4222748091603057,317.31800000000004,100.496,35.11450381679389,1.284505782171283,1.546616590040795,0.9896127312637187,2.447430379746836,4.870038461538461,-0.10192307692307742,79,26,26,0.9896127312637187,-0.10192307692307742
W1200,14,45,131,1.2802601028827596,2.5560534351145043,334.8430000000001,110.93999999999994,33.587786259541986,1.309511215396434,1.677920956636232,0.8628244643321326,2.7183037974683546,6.039884615384616,-1.4207692307692312,79,26,26,0.8628244643321326,-1.4207692307692312
W1200,14,50,131,1.3327929170593544,3.035167938931298,397.607,110.93999999999994,33.587786259541986,1.3648524191328337,1.6976796391029376,0.936314010917598,3.2043417721518983,6.215923076923077,-0.6596153846153843,79,26,26,0.936314010917598,-0.6596153846153843
W1200,14,60,131,1.366175479228272,3.37936641221374,442.69699999999995,110.93999999999988,32.82442748091603,1.4708304567591444,1.5260837380319041,0.9505365962345426,4.135101265822784,4.9747692307692315,-0.5123076923076926,79,26,26,0.9505365962345426,-0.5123076923076926
W1200,14,75,131,1.3118190685737043,2.9112213740458017,381.37,124.00999999999999,32.06106870229007,1.4956314266058481,1.538814456890451,0.6213747261316797,4.441215189873418,5.095153846153847,-3.9215384615384608,79,26,26,0.6213747261316797,-3.9215384615384608
W1200,14,100,131,1.3293490285344252,3.0748854961832057,402.80999999999995,124.00999999999999,32.06106870229007,1.5605419997542016,1.4391243868511605,0.6213747261316797,5.02286075949367,4.152461538461538,-3.9215384615384608,79,26,26,0.6213747261316797,-3.9215384615384608
W1200,15,3,131,0.63460222447583,-1.3532213740458015,-177.272,202.48200000000006,74.80916030534351,0.5571825747186895,0.8904609645616841,0.6955011577902747,-1.7903164556962026,-0.31623076923076915,-1.0621153846153848,79,26,26,0.5571825747186895,-1.7903164556962026
W1200,15,4,131,0.7398776360568264,-1.0531679389312978,-137.965,171.00500000000002,72.51908396946564,0.6462988657006764,0.9239849123585533,0.9175763590252508,-1.5650379746835439,-0.26353846153846155,-0.28750000000000003,79,26,26,0.6462988657006764,-1.5650379746835439
W1200,15,5,131,0.8470011323210798,-0.6549694656488548,-85.80099999999999,150.51500000000004,70.99236641221374,0.7558157068636995,1.1259263368094077,0.9236427155131717,-1.1274050632911394,0.4365769230769231,-0.3110384615384614,79,26,26,0.7558157068636995,-1.1274050632911394
W1200,15,6,131,0.913924739606957,-0.39837404580152674,-52.187000000000005,165.155,68.70229007633588,0.8617059652171623,1.1154101155521878,0.9020094269412057,-0.6648354430379746,0.4686538461538461,-0.455769230769231,79,26,26,0.8617059652171623,-0.6648354430379746
W1200,15,7,131,0.8274609295436247,-0.9505572519083967,-124.52299999999997,192.35100000000006,63.358778625954194,0.784611278453502,0.8810466455513966,0.9126195866501132,-1.2156075949367091,-0.635576923076923,-0.46019230769230757,79,26,26,0.784611278453502,-1.2156075949367091
W1200,15,8,131,0.8492724075404207,-0.8826412213740457,-115.62599999999998,173.03499999999997,61.06870229007634,0.8494693162172539,0.8411993769470407,0.8568571992369927,-0.8784303797468355,-0.9410769230769229,-0.8369999999999997,79,26,26,0.8411993769470407,-0.9410769230769229
W1200,15,10,131,0.9492726164592369,-0.3157709923664121,-41.365999999999985,159.60399999999998,58.01526717557252,0.8804371086901465,1.0518756490134997,1.0759060711701638,-0.770873417721519,0.3074230769230772,0.44384615384615395,79,26,26,0.8804371086901465,-0.770873417721519
W1200,15,12,131,1.0645152134087568,0.4164122137404581,54.55000000000001,120.93399999999998,56.48854961832062,0.996048719743243,1.2612409138110074,1.0979828814269468,-0.026227848101265924,1.5481538461538464,0.6296153846153849,79,26,26,0.996048719743243,-0.026227848101265924
W1200,15,15,131,1.1690344746222807,1.1702824427480918,153.30700000000002,94.84399999999997,53.43511450381679,1.119477850098264,1.1489174498129624,1.3558568264799182,0.8388101265822784,1.0610769230769233,2.286653846153847,79,26,26,1.119477850098264,0.8388101265822784
W1200,15,18,131,1.3180387579696662,2.2755648854961836,298.09900000000005,75.018,51.908396946564885,1.2750194418648744,1.1769406791068213,1.6341234213204043,1.983088607594936,1.3650769230769233,4.07473076923077,79,26,26,1.1769406791068213,1.3650769230769233
W1200,15,20,131,1.3717502846503709,2.746564885496183,359.79999999999995,70.988,50.38167938931297,1.2731636446033552,1.300403316266757,1.8115819716286585,2.075341772151899,2.317576923076923,5.215038461538461,79,26,26,1.2731636446033552,2.075341772151899
W1200,15,22,131,1.457805325473287,3.434801526717557,449.95899999999995,78.05799999999999,49.61832061068702,1.3176312247644688,1.439684525916435,1.9957263422517504,2.4735189873417713,3.392115384615385,6.398307692307692,79,26,26,1.3176312247644688,2.4735189873417713
W1200,15,25,131,1.5793556546321657,4.413190839694657,578.128,75.108,48.854961832061065,1.4573653617336695,1.6322194359554707,1.9332747542424071,3.5616835443037966,4.8775,6.536153846153845,79,26,26,1.4573653617336695,3.5616835443037966
W1200,15,27,131,1.606805654741942,4.696045801526719,615.1820000000001,92.241,47.32824427480916,1.4198568592375234,1.7589026208079286,2.0872260969850074,3.354215189873417,5.854846153846154,7.614346153846155,79,26,26,1.4198568592375234,3.354215189873417
W1200,15,30,131,1.5501676699855178,4.4572442748091605,583.899,89.24099999999999,44.274809160305345,1.5200981735847148,1.7988433342922616,1.4138469615435094,4.155037974683545,6.194538461538461,3.6381923076923077,79,26,26,1.4138469615435094,3.6381923076923077
W1200,15,32,131,1.5943498182907743,4.815190839694656,630.79,87.13099999999999,44.274809160305345,1.5344518615112337,1.9232592974694218,1.4696198101238136,4.269708860759493,7.159307692307693,4.1285,79,26,26,1.4696198101238136,4.1285
W1200,15,35,131,1.3925709023973039,3.452984732824427,452.34099999999995,84.06099999999999,39.69465648854962,1.2830552500003614,1.7926326374346155,1.3475619766869151,2.4787721518987342,6.609153846153846,3.2569230769230773,79,26,26,1.2830552500003614,2.4787721518987342
W1200,15,40,131,1.3664567962240362,3.283396946564886,430.12500000000006,110.15299999999998,37.404580152671755,1.2504168361704935,2.0221777355461867,1.1302128810416106,2.2129113924050636,8.523153846153845,1.2962692307692314,79,26,26,1.1302128810416106,1.2962692307692314
W1200,15,45,131,1.412007570977918,3.738732824427482,489.7740000000001,121.38000000000011,36.6412213740458,1.3206859604994015,2.208511305663441,1.0142418930762491,2.8338734177215197,10.076846153846155,0.15000000000000008,79,26,26,1.0142418930762491,0.15000000000000008
W1200,15,50,131,1.4782595162986332,4.339931297709924,568.5310000000001,121.38000000000011,36.6412213740458,1.3756868486039573,2.2754734909637717,1.1086145194274029,3.3199113924050634,10.635192307692307,1.1439615384615387,79,26,26,1.1086145194274029,1.1439615384615387
W1200,15,60,131,1.5342884457095107,4.910465648854962,643.2710000000001,122.35000000000014,35.87786259541985,1.481013184055372,2.134457656850026,1.1615907099035934,4.250670886075948,10.12376923076923,1.7019230769230775,79,26,26,1.1615907099035934,1.7019230769230775
W1200,15,75,131,1.4749902401737414,4.420977099236642,579.148,126.54000000000008,35.11450381679389,1.5028615561875633,2.085699139302046,0.88493280747882,4.541177215189874,9.688653846153846,-1.211923076923076,79,26,26,0.88493280747882,-1.211923076923076
W1200,15,100,131,1.4370827469236043,4.068152671755726,532.9280000000001,126.54000000000008,35.11450381679389,1.5672693479184159,1.7074575146215212,0.8688285130002923,5.122822784810126,6.313269230769231,-1.3815384615384605,79,26,26,0.8688285130002923,-1.3815384615384605
W1200,16,3,131,0.6472643687639151,-1.3061450381679391,-171.10500000000002,196.315,76.33587786259542,0.5979805461881834,0.8294922868808718,0.6522953142289833,-1.5663797468354432,-0.528423076923077,-1.2931538461538457,79,26,26,0.5979805461881834,-1.5663797468354432
W1200,16,4,131,0.7525715571894812,-1.0069770992366414,-131.91400000000002,164.954,74.04580152671755,0.6906339557354957,0.8623999502987254,0.8605747851536241,-1.3309240506329114,-0.5111153846153846,-0.5185384615384615,79,26,26,0.6906339557354957,-1.3309240506329114
W1200,16,5,131,0.8601273660003541,-0.603587786259542,-79.07000000000001,151.409,72.51908396946564,0.8059981571791355,1.0508816799030825,0.8676328416720623,-0.8741772151898737,0.18899999999999986,-0.5739999999999998,79,26,26,0.8059981571791355,-0.8741772151898737
W1200,16,6,131,0.9211967616578208,-0.36980916030534355,-48.44500000000001,162.764,70.22900763358778,0.9091417935430308,1.045991100215833,0.8470456680929049,-0.42944303797468375,0.19915384615384607,-0.7575769230769231,79,26,26,0.8470456680929049,-0.7575769230769231
W1200,16,7,131,0.8326954240611304,-0.9386335877862594,-122.96099999999998,189.73,64.8854961832061,0.8226346816349275,0.8330327305396557,0.8631550591599495,-0.9951518987341771,-0.9435384615384615,-0.7620000000000002,79,26,26,0.8226346816349275,-0.9951518987341771
W1200,16,8,131,0.8518113491648269,-0.8864961832061069,-116.131,169.803,62.59541984732825,0.88724519333313,0.7950827214339609,0.808179319672182,-0.6557848101265825,-1.284807692307692,-1.1891923076923074,79,26,26,0.7950827214339609,-1.284807692307692
W1200,16,10,131,0.9523250352278064,-0.30372519083969474,-39.78800000000001,159.43200000000002,59.541984732824424,0.9192203995579625,0.9942091929062612,1.014784070675675,-0.521860759493671,-0.03630769230769248,0.09165384615384653,79,26,26,0.9192203995579625,-0.521860759493671
W1200,16,12,131,1.0657935398764802,0.43555725190839695,57.058,122.54200000000003,58.01526717557252,1.0381434329849517,1.1920965298097743,1.0318545143635005,0.25417721518987335,1.204423076923077,0.21780769230769273,79,26,26,1.0318545143635005,0.21780769230769273
W1200,16,15,131,1.1709517888855248,1.2154045801526716,159.218,99.22200000000004,54.961832061068705,1.165895325583519,1.0913225386342893,1.2741974496138417,1.1729240506329115,0.6850384615384614,1.8748461538461536,79,26,26,1.0913225386342893,0.6850384615384614
W1200,16,18,131,1.318191761450522,2.342870229007634,306.91600000000005,82.055,53.43511450381679,1.3250723466381624,1.1165770393177914,1.5357048437086909,2.367493670886075,0.9479999999999998,3.662923076923078,79,26,26,1.1165770393177914,0.9479999999999998
W1200,16,20,131,1.3719251328852171,2.830358778625954,370.77699999999993,77.041,51.908396946564885,1.3233147662105793,1.2337074506576613,1.7024755733306332,2.487088607594936,1.9004999999999999,4.803230769230769,79,26,26,1.2337074506576613,1.9004999999999999
W1200,16,22,131,1.428783416302235,3.332900763358779,436.61,84.11099999999999,50.38167938931297,1.3236811356898155,1.3658451220492736,1.8755294554413673,2.577341772151898,2.9750384615384613,5.986500000000001,79,26,26,1.3236811356898155,2.577341772151898
W1200,16,25,131,1.5479781450352081,4.326404580152672,566.759,81.161,49.61832061068702,1.4650780150863612,1.5485051860890788,1.8164883873331366,3.7032278481012666,4.460423076923077,6.085884615384615,79,26,26,1.4650780150863612,3.7032278481012666
W1200,16,27,131,1.5754276516686552,4.617503816793893,604.893,99.284,48.091603053435115,1.4291864428819558,1.668690967738884,1.9611397493253246,3.5094303797468354,5.437769230769231,7.164076923076923,79,26,26,1.4291864428819558,3.5094303797468354
W1200,16,30,131,1.4733443782743028,4.034809160305343,528.56,96.284,44.274809160305345,1.4491960030513362,1.7070291539974962,1.3343532064066195,3.764177215189874,5.777461538461538,3.1144615384615397,79,26,26,1.3343532064066195,3.1144615384615397
W1200,16,32,131,1.5153369453275425,4.39275572519084,575.451,94.17399999999999,44.274809160305345,1.4628801897266637,1.8250948422747086,1.3869902183023863,3.8788481012658234,6.742230769230769,3.604769230769231,79,26,26,1.3869902183023863,3.604769230769231
W1200,16,35,131,1.3697196598930965,3.3787099236641223,442.611,92.457,40.458015267175576,1.2219101974290993,1.9947566107183539,1.2712917752471375,2.0405569620253163,8.128615384615383,2.6947307692307687,79,26,26,1.2219101974290993,2.0405569620253163
W1200,16,40,131,1.347659452369241,3.237213740458015,424.075,120.39900000000003,38.16793893129771,1.1913392972902892,2.2517674081465513,1.065278743804783,1.7746962025316448,10.22876923076923,0.689461538461538,79,26,26,1.065278743804783,0.689461538461538
W1200,16,45,131,1.3944875902015985,3.7223969465648854,487.634,131.00999999999988,37.404580152671755,1.2582884671811774,2.466473373560892,0.9546724779755746,2.395658227848101,11.98323076923077,-0.5071923076923078,79,26,26,0.9546724779755746,-0.5071923076923078
W1200,16,50,131,1.462110474711193,4.360488549618321,571.224,131.00999999999988,37.404580152671755,1.3106907681494675,2.557550198156812,1.0435023218883086,2.8816962025316455,12.727461538461538,0.486769230769231,79,26,26,1.0435023218883086,0.486769230769231
W1200,16,60,131,1.5186570024852577,4.9576641221374045,649.454,133.8699999999999,36.6412213740458,1.4110408264925243,2.4051469880361624,1.093367064590086,3.812455696202533,12.350269230769232,1.0447307692307688,79,26,26,1.093367064590086,1.0447307692307688
W1200,16,75,131,1.4604133216993498,4.458969465648855,584.125,140.9169999999998,35.87786259541985,1.4310028188263433,2.35564190756251,0.832958096017214,4.087696202531646,11.915153846153848,-1.8691153846153843,79,26,26,0.832958096017214,-1.8691153846153843
W1200,16,100,131,1.4239822431991245,4.106145038167939,537.905,140.9169999999998,35.87786259541985,1.4923309771931323,1.9716088604160649,0.8177996542087878,4.669341772151899,8.539769230769231,-2.038730769230769,79,26,26,0.8177996542087878,-2.038730769230769
W1200,18,3,131,0.6270724995348196,-1.4534351145038171,-190.40000000000003,215.60999999999999,77.86259541984732,0.6103858185610009,0.740259164913058,0.5808545906621236,-1.5371265822784812,-0.9019999999999998,-1.750576923076923,79,26,26,0.5808545906621236,-1.750576923076923
W1200,18,4,131,0.7244613165556116,-1.188465648854962,-155.68900000000002,188.72899999999996,75.57251908396947,0.6975941858293954,0.7688359641835133,0.7663228658255824,-1.3325569620253168,-0.9631538461538462,-0.9759615384615384,79,26,26,0.6975941858293954,-1.3325569620253168
W1200,18,5,131,0.8248050945260412,-0.805381679389313,-105.50500000000001,176.932,74.04580152671755,0.8117700045038283,0.9368688267331302,0.7670587312789149,-0.8728987341772156,-0.2630384615384616,-1.142576923076923,79,26,26,0.7670587312789149,-1.142576923076923
W1200,18,6,131,0.8486490974215433,-0.7792977099236641,-102.088,175.67200000000003,70.99236641221374,0.8586197643621328,0.9313167259786477,0.7492787470806431,-0.7202911392405064,-0.3340384615384615,-1.4038461538461537,79,26,26,0.7492787470806431,-1.4038461538461537
W1200,18,7,131,0.8039342073162901,-1.1656335877862596,-152.698,203.73499999999996,66.41221374045801,0.7903636282457696,0.7514104870247472,0.9065462288775932,-1.2481139240506332,-1.5573846153846156,-0.5232692307692307,79,26,26,0.7514104870247472,-1.5573846153846156
W1200,18,8,131,0.8204004142630331,-1.1424274809160304,-149.658,192.456,64.12213740458014,0.8508771211593963,0.7164961276306409,0.8442450872696203,-0.9221645569620253,-1.9724999999999997,-0.9816153846153843,79,26,26,0.7164961276306409,-1.9724999999999997
W1200,18,10,131,0.9153941626745891,-0.5750000000000003,-75.32500000000003,170.51700000000002,61.06870229007634,0.8785973003292102,0.8959407839820451,1.0593799585011594,-0.8383670886075952,-0.724,0.37423076923076953,79,26,26,0.8785973003292102,-0.8383670886075952
W1200,18,12,131,1.0238240961124334,0.16848091603053433,22.070999999999998,131.647,59.541984732824424,0.991157758782808,1.0742687827879953,1.0748927746618278,-0.06308860759493669,0.5167307692307694,0.5238461538461539,79,26,26,0.991157758782808,-0.06308860759493669
W1200,18,15,131,1.1218961354107853,0.9294961832061068,121.764,107.50699999999998,56.48854961832062,1.1105958675316538,0.9802923674950719,1.3282360057186846,0.8398734177215191,-0.1645769230769232,2.2958846153846157,79,26,26,0.9802923674950719,-0.1645769230769232
W1200,18,18,131,1.263794902513961,2.0842213740458018,273.033,90.60099999999998,54.961832061068705,1.2632094186787832,1.0039335924543062,1.6017980864401187,2.0590506329113927,0.035576923076922284,4.209346153846154,79,26,26,1.0039335924543062,0.035576923076922284
W1200,18,20,131,1.314407610369969,2.5708702290076335,336.784,86.32599999999996,53.43511450381679,1.2602483199726062,1.1092475569201459,1.774502364456175,2.1549746835443035,0.9880769230769229,5.417346153846154,79,26,26,1.1092475569201459,0.9880769230769229
W1200,18,22,131,1.3711413977742868,3.1000534351145035,406.10699999999997,89.12800000000001,51.908396946564885,1.2639748847085854,1.2280548066373524,1.955218299791048,2.262822784810126,2.0626153846153845,6.681384615384615,79,26,26,1.2280548066373524,2.0626153846153845
W1200,18,25,131,1.4856068636097606,4.123213740458015,540.141,86.178,51.14503816793893,1.3998585345180206,1.3922876072701293,1.8857714428607149,3.4276329113924047,3.5479999999999996,6.811923076923076,79,26,26,1.3922876072701293,3.4276329113924047
W1200,18,27,131,1.5121962218504514,4.421793893129772,579.2550000000001,106.328,49.61832061068702,1.365630479146906,1.5003487076554085,2.0361740435108775,3.2204177215189884,4.5253461538461535,7.968576923076923,79,26,26,1.365630479146906,3.2204177215189884
W1200,18,30,131,1.4136839889339934,3.81024427480916,499.14199999999994,103.328,45.80152671755725,1.3822659052853994,1.5355680600895076,1.3889552943026773,3.4649113924050634,4.865038461538462,3.8047307692307695,79,26,26,1.3822659052853994,3.4649113924050634
W1200,18,32,131,1.4563509362842684,4.203229007633587,550.6229999999999,103.00999999999993,45.80152671755725,1.3986456574594281,1.6417747405591474,1.4466283961781938,3.613379746835443,5.829807692307692,4.368884615384615,79,26,26,1.3986456574594281,3.613379746835443
W1200,18,35,131,1.3153687118697257,3.129969465648854,410.0259999999999,120.08000000000004,41.98473282442748,1.1672596334440852,1.7943949767339455,1.329881819179686,1.673987341772152,7.216192307692307,3.467692307692307,79,26,26,1.1672596334440852,1.673987341772152
W1200,18,40,131,1.301503478421706,3.0486259541984726,399.3699999999999,139.25599999999997,39.69465648854962,1.1455943504894888,2.025590542846376,1.1410588073835175,1.468759493670886,9.316346153846153,1.5812692307692302,79,26,26,1.1410588073835175,1.468759493670886
W1200,18,45,131,1.3507519426892702,3.59548854961832,471.00899999999996,139.256,38.93129770992366,1.2134727976771558,2.218730549874884,1.042102544233501,2.1535189873417724,11.070807692307692,0.5015384615384619,79,26,26,1.042102544233501,0.5015384615384619
W1200,18,50,131,1.4206813095978343,4.312320610687023,564.9140000000001,139.25599999999997,38.93129770992366,1.2682814817417318,2.3006592401590304,1.1417893581299237,2.706430379746836,11.815038461538462,1.6890384615384617,79,26,26,1.1417893581299237,1.6890384615384617
W1200,18,60,131,1.4858399614364908,5.047068702290077,661.166,139.25599999999997,38.16793893129771,1.3730767396863557,2.1622081999071585,1.2208769210900168,3.7636075949367096,11.362730769230769,2.6311538461538455,79,26,26,1.2208769210900168,2.6311538461538455
W1200,18,75,131,1.4478094797446408,4.713687022900765,617.4930000000002,143.8599999999998,37.404580152671755,1.3992694487491426,2.1177035224510026,1.0257329200568257,4.119050632911393,10.927615384615384,0.3065384615384619,79,26,26,1.0257329200568257,0.3065384615384619
W1200,18,100,131,1.4321595394653348,4.548954198473282,595.913,143.8599999999998,37.404580152671755,1.4556497476690213,1.7724608376147726,1.0910499806276637,4.700696202531645,7.552230769230769,1.0846153846153852,79,26,26,1.0910499806276637,1.0846153846153852
W1200,20,3,131,0.572953577436558,-1.8215648854961832,-238.625,263.83500000000004,77.86259541984732,0.5670740431620365,0.6548251200156756,0.520292006928978,-1.838455696202532,-1.3550769230769228,-2.2367307692307685,79,26,26,0.520292006928978,-2.2367307692307685
W1200,20,4,131,0.6897618094475582,-1.4198015267175574,-185.99400000000003,226.286,76.33587786259542,0.6943139018494575,0.6798465431393356,0.6864225026808545,-1.376670886075949,-1.5085384615384614,-1.4621153846153847,79,26,26,0.6798465431393356,-1.5085384615384614
W1200,20,5,131,0.7806546271531638,-1.0761603053435114,-140.97699999999998,229.08500000000004,74.80916030534351,0.7980272688650991,0.8284303322177782,0.692601246105919,-0.9688734177215194,-0.808423076923077,-1.6698846153846152,79,26,26,0.692601246105919,-1.6698846153846152
W1200,20,6,131,0.7990418526392568,-1.1104809160305344,-145.473,231.90800000000002,71.7557251908397,0.8373779644021654,0.8262471058724479,0.6753761377004521,-0.8642784810126585,-0.9524999999999999,-2.016538461538462,79,26,26,0.6753761377004521,-2.016538461538462
W1200,20,7,131,0.7837477873614577,-1.3485190839694656,-176.656,223.44399999999996,67.93893129770993,0.7690271020978339,0.7951559430255403,0.8171320661259365,-1.4399493670886079,-1.283269230769231,-1.1359615384615382,79,26,26,0.7690271020978339,-1.4399493670886079
W1200,20,8,131,0.7693597094694927,-1.5828702290076335,-207.356,258.042,64.8854961832061,0.8254902419163168,0.6350198670305282,0.7616892412729874,-1.1339113924050637,-2.865192307692308,-1.6646923076923075,79,26,26,0.6350198670305282,-2.865192307692308
W1200,20,10,131,0.8568206152890704,-1.0524198473282445,-137.86700000000002,219.00799999999998,61.832061068702295,0.8478732435850789,0.7940589984664905,0.955786807620306,-1.1114303797468357,-1.6166923076923079,-0.3088461538461533,79,26,26,0.7940589984664905,-1.6166923076923079
W1200,20,12,131,0.9577581333862382,-0.3234427480916032,-42.37100000000002,180.13799999999998,60.30534351145038,0.9558375889493512,0.952108452919302,0.9691621219633119,-0.33387341772151946,-0.3759615384615383,-0.23923076923076897,79,26,26,0.952108452919302,-0.3759615384615383
W1200,20,15,131,1.0256203754970554,0.21370229007633587,27.994999999999997,157.965,56.48854961832062,1.030193860416789,0.8714905151270722,1.1975855230540406,0.2471898734177215,-1.207153846153846,1.5328076923076925,79,26,26,0.8714905151270722,-1.207153846153846
W1200,20,18,131,1.1545661328632875,1.3367480916030536,175.11400000000003,119.03799999999998,54.961832061068705,1.1706880728441864,0.892916173394707,1.444238968765493,1.4407974683544305,-1.0889230769230769,3.4462692307692318,79,26,26,0.892916173394707,-1.0889230769230769
W1200,20,20,131,1.2001800328866894,1.7926335877862598,234.83500000000004,103.77299999999995,53.43511450381679,1.166006155343211,0.9865842634582871,1.5999553792761527,1.4857088607594935,-0.1364230769230768,4.6542692307692315,79,26,26,0.9865842634582871,-0.1364230769230768
W1200,20,22,131,1.2520251386741197,2.305381679389313,302.005,99.255,51.908396946564885,1.1689897326220735,1.092253518463185,1.762895389191869,1.5663037974683538,0.9381153846153848,5.918307692307692,79,26,26,1.092253518463185,0.9381153846153848
W1200,20,25,131,1.3663625696952058,3.3822061068702287,443.06899999999996,93.18799999999999,51.14503816793893,1.2946620014148715,1.2383250564504844,1.772231622485429,2.7311139240506326,2.4235,6.31923076923077,79,26,26,1.2383250564504844,2.4235
W1200,20,27,131,1.3904606496105083,3.6659694656488555,480.2420000000001,105.09700000000004,49.61832061068702,1.2622883528652236,1.3344364974602008,1.9135786802030454,2.499329113924051,3.400846153846154,7.475884615384615,79,26,26,1.2622883528652236,2.499329113924051
W1200,20,30,131,1.2989538887056993,2.996725190839695,392.571,114.31799999999998,45.80152671755725,1.2804045881611779,1.366418253471882,1.2859685909617105,2.7438227848101264,3.7405384615384616,3.021346153846154,79,26,26,1.2804045881611779,2.7438227848101264
W1200,20,32,131,1.338158122193293,3.389709923664122,444.05199999999996,112.39800000000005,45.80152671755725,1.2955772910082752,1.4609257849882074,1.3393654121981233,2.8922911392405064,4.705307692307692,3.5855,79,26,26,1.2955772910082752,2.8922911392405064
W1200,20,35,131,1.2041910032847833,2.2136564885496184,289.98900000000003,137.178,41.98473282442748,1.073068242992632,1.5967342079286257,1.2333224751279233,0.7954810126582276,6.091692307692307,2.6446923076923077,79,26,26,1.073068242992632,0.7954810126582276
W1200,20,40,131,1.1918330127855032,2.1181908396946567,277.483,160.24900000000002,39.69465648854962,1.0538231396793003,1.8024625308004731,1.056766907736696,0.5902531645569622,8.191846153846154,0.6871153846153846,79,26,26,1.0538231396793003,0.5902531645569622
W1200,20,45,131,1.236434330462191,2.6477251908396946,346.852,160.249,38.93129770992366,1.1162639838588293,1.9743272875238305,0.9627786826075804,1.2750126582278478,9.946307692307691,-0.47992307692307684,79,26,26,0.9627786826075804,-0.47992307692307684
W1200,20,50,131,1.3004453951296921,3.364557251908397,440.757,160.249,38.93129770992366,1.1666820567988216,2.0472311599062607,1.0548774303629065,1.8279240506329115,10.690538461538463,0.7075769230769231,79,26,26,1.0548774303629065,0.7075769230769231
W1200,20,60,131,1.3597929817978118,4.084114503816794,535.019,160.24900000000002,38.16793893129771,1.2630823818384125,1.925651221862135,1.127944922711626,2.885101265822785,10.161692307692308,1.649692307692307,79,26,26,1.127944922711626,1.649692307692307
W1200,20,75,131,1.3246220032962743,3.7347786259542,489.2560000000002,163.22799999999972,37.404580152671755,1.286424145481126,1.8860155907856702,0.9476550987656533,3.2140886075949378,9.726576923076923,-0.6749230769230766,79,26,26,0.9476550987656533,-0.6749230769230766
W1200,20,100,131,1.3103036447454675,3.570045801526718,467.67600000000004,163.22799999999995,37.404580152671755,1.3382576060950282,1.5785442760795303,1.0080002863637179,3.7957341772151905,6.351192307692307,0.10315384615384665,79,26,26,1.0080002863637179,0.10315384615384665
W1200,22,3,131,0.5727357648984628,-1.8609770992366412,-243.788,268.998,79.38931297709924,0.6073070065580444,0.5871222768798314,0.47583303786295705,-1.611443037974684,-1.8077692307692308,-2.6723846153846154,79,26,26,0.47583303786295705,-2.6723846153846154
W1200,22,4,131,0.6856870579702369,-1.4753969465648853,-193.277,241.976,77.86259541984732,0.7367954441755562,0.6120517342739564,0.6277676773010854,-1.1537088607594939,-2.0304615384615383,-1.8977692307692307,79,26,26,0.6120517342739564,-2.0304615384615383
W1200,22,5,131,0.7757026901740023,-1.130229007633588,-148.06,245.735,76.33587786259542,0.8464363721990207,0.7458186360964139,0.6329250697153801,-0.7181898734177217,-1.3303461538461538,-2.1820769230769232,79,26,26,0.6329250697153801,-2.1820769230769232
W1200,22,6,131,0.7884195290259521,-1.2095877862595423,-158.45600000000005,251.358,73.2824427480916,0.8789998767130243,0.7436537004294013,0.616664876446545,-0.6335949367088609,-1.5613461538461537,-2.607961538461538,79,26,26,0.616664876446545,-2.607961538461538
W1200,22,7,131,0.7827436063063709,-1.3864274809160306,-181.622,232.684,69.46564885496184,0.8206582930003363,0.7180517824471918,0.7460977912452582,-1.0867721518987346,-1.9559615384615385,-1.7273846153846155,79,26,26,0.7180517824471918,-1.9559615384615385
W1200,22,8,131,0.7651576569272843,-1.6584351145038168,-217.255,282.54499999999996,66.41221374045801,0.8780836874704331,0.5760789368416375,0.6946875768942988,-0.7731392405063295,-3.668384615384616,-2.338423076923077,79,26,26,0.5760789368416375,-3.668384615384616
W1200,22,10,131,0.820079906445243,-1.3987633587786261,-183.23800000000003,264.50300000000004,62.59541984732825,0.8405321092890293,0.7203564602871239,0.8717114348413404,-1.1996708860759502,-2.4198846153846154,-0.9825769230769232,79,26,26,0.7203564602871239,-2.4198846153846154
W1200,22,12,131,0.9303047779177319,-0.5562748091603055,-72.87200000000001,218.52599999999998,61.06870229007634,0.9457639163816436,0.8637361660518245,0.956982772547695,-0.42312658227848127,-1.1791538461538456,-0.3379615384615387,79,26,26,0.8637361660518245,-1.1791538461538456
W1200,22,15,131,0.9930323368120645,-0.06083206106870257,-7.969000000000037,198.58300000000003,57.25190839694656,1.017159039846175,0.7895019918840922,1.1825356029118752,0.14549367088607545,-2.182653846153846,1.4340769230769228,79,26,26,0.7895019918840922,-2.182653846153846
W1200,22,18,131,1.116037158685157,1.0525801526717558,137.888,156.89899999999997,55.72519083969466,1.15386004292949,0.8091991609081933,1.426089383013409,1.3483164556962024,-2.1409615384615384,3.3475384615384622,79,26,26,0.8091991609081933,-2.1409615384615384
W1200,22,20,131,1.1581839075053382,1.4889923664122138,195.058,131.12599999999998,54.19847328244275,1.1458612016312624,0.894085225403093,1.5798489232230366,1.3609367088607596,-1.1884615384615382,4.555538461538462,79,26,26,0.894085225403093,-1.1884615384615382
W1200,22,22,131,1.2080532066749559,2.0015877862595417,262.20799999999997,116.62499999999996,52.67175572519084,1.1489777333497322,0.9898472633541734,1.7407412846911152,1.4412784810126584,-0.11392307692307664,5.819576923076924,79,26,26,0.9898472633541734,-0.11392307692307664
W1200,22,25,131,1.3207000730717593,3.112389312977099,407.723,108.32099999999991,51.908396946564885,1.2752020850942454,1.1222235932872655,1.7511041346417306,2.6624303797468354,1.3714615384615387,6.2205,79,26,26,1.1222235932872655,1.3714615384615387
W1200,22,27,131,1.3490641642709706,3.4312900763358782,449.499,122.32099999999997,50.38167938931297,1.2518705446067726,1.209323927827136,1.8907661370845272,2.4889113924050634,2.3488076923076924,7.377153846153847,79,26,26,1.209323927827136,2.3488076923076924
W1200,22,30,131,1.2133887344042216,2.289854961832061,299.971,129.45100000000002,45.80152671755725,1.1924292767081173,1.2387565708352262,1.24863208347472,2.021886075949366,2.6885,2.7054230769230765,79,26,26,1.1924292767081173,2.021886075949366
W1200,22,32,131,1.2500104926270623,2.6828396946564883,351.45199999999994,127.53099999999995,45.80152671755725,1.2065594784029223,1.324434455598403,1.300478594050447,2.1703544303797466,3.6532692307692303,3.269576923076923,79,26,26,1.2065594784029223,2.1703544303797466
W1200,22,35,131,1.1287815284126987,1.4894045801526714,195.11199999999997,155.362,41.98473282442748,1.0006646506680663,1.4475545733696302,1.2115585896094025,0.0077594936708858,5.039653846153846,2.441076923076923,79,26,26,1.0006646506680663,0.0077594936708858
W1200,22,40,131,1.1169200627923956,1.3776030534351142,180.46599999999998,181.42100000000002,39.69465648854962,0.9832002636266324,1.6340621168080172,1.032380130501456,-0.1974683544303794,7.139807692307692,0.4011923076923073,79,26,26,0.9832002636266324,-0.1974683544303794
W1200,22,45,131,1.1585528883279501,1.894923664122137,248.23499999999996,181.42100000000002,38.93129770992366,1.0414565802198181,1.7898698983164316,0.9375145234001022,0.48729113924050627,8.89426923076923,-0.8273846153846157,79,26,26,0.9375145234001022,-0.8273846153846157
W1200,22,50,131,1.21853197660493,2.611755725190839,342.13999999999993,181.421,38.93129770992366,1.0884958420652477,1.855962509948048,1.0271965190314636,1.0402025316455696,9.6385,0.36011538461538434,79,26,26,1.0271965190314636,0.36011538461538434
W1200,22,60,131,1.273567483951588,3.315587786259542,434.34200000000004,181.421,38.16793893129771,1.178435815314898,1.7457517834568885,1.0983466561323605,2.0973797468354434,9.030423076923078,1.302230769230769,79,26,26,1.0983466561323605,1.302230769230769
W1200,22,75,131,1.2397687401804622,2.9473435114503816,386.102,183.01200000000006,37.404580152671755,1.198912952060555,1.7098190180346715,0.9227877956964262,2.3950126582278477,8.595307692307692,-1.0223846153846152,79,26,26,0.9227877956964262,-1.0223846153846152
W1200,22,100,131,1.2263675938173395,2.7826106870229013,364.52200000000005,183.01200000000006,37.404580152671755,1.2472203532380153,1.431072488073231,0.9815494725101084,2.9766582278481004,5.219923076923077,-0.24430769230769192,79,26,26,0.9815494725101084,-0.24430769230769192
W1200,25,3,131,0.5342954442772914,-2.195320610687023,-287.587,312.79700000000014,80.1526717557252,0.5860151578626653,0.5322768177112368,0.4187690877705484,-1.7887341772151906,-2.2589230769230766,-3.3671153846153845,79,26,26,0.4187690877705484,-3.3671153846153845
W1200,25,4,131,0.6373515641259445,-1.8489007633587784,-242.20599999999996,283.49199999999996,78.62595419847328,0.7072487181096517,0.5522710695577216,0.5524830699774266,-1.3579620253164557,-2.5969999999999995,-2.5925000000000002,79,26,26,0.5522710695577216,-2.5969999999999995
W1200,25,5,131,0.7208497934278447,-1.5303206106870229,-200.47199999999998,293.394,77.09923664122137,0.8127755609508274,0.6729726145481069,0.5569517194260988,-0.9283037974683546,-1.8968846153846153,-2.9929615384615382,79,26,26,0.5569517194260988,-2.9929615384615382
W1200,25,6,131,0.7453019836554886,-1.5561679389312977,-203.858,288.5570000000001,74.04580152671755,0.8349229077128423,0.7511481056257175,0.5431459443310263,-0.925227848101266,-1.500576923076923,-3.5288461538461537,79,26,26,0.5431459443310263,-3.5288461538461537
W1200,25,7,131,0.7671549137391921,-1.5490152671755724,-202.921,275.21,70.99236641221374,0.8330959339211016,0.7115153246496398,0.6571478364786136,-1.0323291139240507,-2.0196923076923077,-2.648269230769231,79,26,26,0.6571478364786136,-2.648269230769231
W1200,25,8,131,0.7446931482195654,-1.8950687022900765,-248.25400000000002,335.64099999999996,67.93893129770993,0.8874438746527428,0.5580061736633417,0.6119255097978502,-0.7323670886075949,-3.948653846153846,-3.3743076923076925,79,26,26,0.5580061736633417,-3.948653846153846
W1200,25,10,131,0.8539542576398983,-1.143213740458015,-149.76099999999997,255.73899999999998,65.64885496183206,0.9522528972371324,0.6977574189437611,0.7678595125403637,-0.34274683544303797,-2.700153846153846,-2.0184615384615388,79,26,26,0.6977574189437611,-2.700153846153846
W1200,25,12,131,0.9671118630516681,-0.26502290076335866,-34.71799999999998,191.863,64.12213740458014,1.0657708532462402,0.836639012902698,0.8455017301038062,0.49299999999999966,-1.4594230769230767,-1.3738461538461537,79,26,26,0.836639012902698,-1.4594230769230767
W1200,25,15,131,1.0339216262467374,0.29960305343511456,39.248000000000005,157.347,60.30534351145038,1.1533887119116806,0.7531377051848654,1.0447794117647058,1.248873417721519,-2.683307692307692,0.39819230769230735,79,26,26,0.7531377051848654,-2.683307692307692
W1200,25,18,131,1.1610718406967775,1.4842671755725194,194.43900000000005,162.258,58.778625954198475,1.3080260822986898,0.767459551186401,1.2599610726643597,2.6059240506329115,-2.751230769230769,2.3116538461538463,79,26,26,0.767459551186401,-2.751230769230769
W1200,25,20,131,1.200523030938839,1.9245419847328247,252.11500000000004,146.993,57.25190839694656,1.2886262032413054,0.847967075299648,1.3958088235294117,2.624949367088608,-1.7987307692307686,3.5196538461538465,79,26,26,0.847967075299648,-1.7987307692307686
W1200,25,22,131,1.2425727228726964,2.3834732824427483,312.235,131.98500000000004,55.72519083969466,1.276184240415837,0.9387895751452321,1.5379584775086506,2.6163037974683543,-0.7241923076923074,4.7836923076923075,79,26,26,0.9387895751452321,-0.7241923076923074
W1200,25,25,131,1.3598230220737135,3.5659312977099242,467.13700000000006,125.91799999999995,54.961832061068705,1.4176356615043364,1.0643377512507681,1.5564269792784609,3.9562784810126574,0.7611923076923085,5.184615384615385,79,26,26,1.0643377512507681,0.7611923076923085
W1200,25,27,131,1.3914555907665673,3.928343511450381,514.6129999999999,121.88499999999999,53.43511450381679,1.3982226708842056,1.1469453303035326,1.6805622058944933,3.8549113924050626,1.738538461538462,6.34126923076923,79,26,26,1.1469453303035326,1.738538461538462
W1200,25,30,131,1.2523040372804253,2.7790076335877867,364.05000000000007,147.04799999999994,48.854961832061065,1.3362339466058542,1.1750724149327043,1.11166252320861,3.4751012658227856,2.0782307692307698,1.3647307692307689,79,26,26,1.11166252320861,1.3647307692307689
W1200,25,32,131,1.291845184219025,3.214534351145038,421.104,145.12800000000001,48.854961832061065,1.3574245493537007,1.2563456217316078,1.1578216949365896,3.6941139240506335,3.043,1.9288846153846158,79,26,26,1.1578216949365896,1.9288846153846158
W1200,25,35,131,1.1700269949180386,2.0265725190839694,265.481,187.36,45.038167938931295,1.1325918638816352,1.373136165993818,1.0854386907961535,1.540594936708861,4.429384615384615,1.1003846153846153,79,26,26,1.0854386907961535,1.1003846153846153
W1200,25,40,131,1.1460841255731498,1.776374045801527,232.705,177.86,42.74809160305343,1.0978939714608464,1.5500554047136126,0.9235316986476355,1.1452405063291144,6.529538461538461,-1.0591153846153847,79,26,26,0.9235316986476355,-1.0591153846153847
W1200,25,45,131,1.1809562776347327,2.2349923664122135,292.784,192.8400000000001,41.98473282442748,1.1512436648185898,1.6978531483485506,0.8380329230929011,1.7693670886075954,8.284,-2.3992307692307695,79,26,26,0.8380329230929011,-2.3992307692307695
W1200,25,50,131,1.2344766505437021,2.8960229007633584,379.37899999999996,183.12,41.98473282442748,1.1905964484031666,1.760547955857671,0.9181985771407799,2.2297468354430374,9.02823076923077,-1.2117307692307695,79,26,26,0.9181985771407799,-1.2117307692307695
W1200,25,60,131,1.285049131922574,3.5755801526717557,468.401,199.06999999999982,41.221374045801525,1.2809628610133692,1.6461626008955175,0.9817988264007892,3.2869240506329116,8.297846153846153,-0.26961538461538415,79,26,26,0.9817988264007892,-0.26961538461538415
W1200,25,75,131,1.250372533575975,3.188534351145038,417.698,217.90999999999985,40.458015267175576,1.2957153888047905,1.6122796771343422,0.8248688788492496,3.5533797468354438,7.86273076923077,-2.5942307692307685,79,26,26,0.8248688788492496,-2.5942307692307685
W1200,25,100,131,1.237437256714296,3.0238015267175578,396.11800000000005,217.91000000000008,40.458015267175576,1.3441204448419384,1.3494346855953394,0.8773952329023211,4.135025316455697,4.487346153846153,-1.8161538461538451,79,26,26,0.8773952329023211,-1.8161538461538451
W1200,30,3,131,0.7001706888054589,-1.1424503816793896,-149.66100000000003,199.66299999999995,84.7328244274809,0.9337746314853972,0.5812083888149133,0.4407379613088321,-0.19148101265822778,-1.9354615384615388,-3.2389230769230766,79,26,26,0.4407379613088321,-3.2389230769230766
W1200,30,4,131,0.8050730281680075,-0.8329541984732823,-109.11699999999999,217.42900000000003,83.20610687022901,1.0664458760197397,0.5815009306035629,0.5792717347270833,0.2176455696202532,-2.4214999999999995,-2.4366153846153846,79,26,26,0.5792717347270833,-2.4366153846153846
W1200,30,5,131,0.9344021700624501,-0.29683969465648863,-38.88600000000001,210.904,82.44274809160305,1.1619970045617032,0.7111207125764425,0.7164640018063847,0.5983164556962026,-1.6714999999999998,-1.642076923076923,79,26,26,0.7111207125764425,-1.6714999999999998
W1200,30,6,131,0.9833314114741063,-0.08386259541984757,-10.986000000000033,211.428,80.1526717557252,1.2492893468826016,0.7966114698548685,0.6713425190970589,1.0157341772151898,-1.223538461538462,-2.2852692307692304,79,26,26,0.6713425190970589,-2.2852692307692304
W1200,30,7,131,0.9820984477306283,-0.10116030534351163,-13.252000000000024,210.224,77.09923664122137,1.1871314305320264,0.7352644566033687,0.8135264150630299,0.8836962025316454,-1.8981538461538463,-1.2966153846153847,79,26,26,0.7352644566033687,-1.8981538461538463
W1200,30,8,131,0.9388248054603124,-0.39265648854961843,-51.43800000000002,239.961,74.04580152671755,1.2320137642427185,0.5960658144757298,0.7499405071221474,1.1846329113924052,-3.597500000000001,-1.9803461538461538,79,26,26,0.5960658144757298,-3.597500000000001
W1200,30,10,131,1.058453809594945,0.4032442748091604,52.82500000000002,169.563,71.7557251908397,1.266278166944779,0.7440101917429608,0.9414930041232208,1.571506329113924,-2.2798846153846153,-0.4633461538461536,79,26,26,0.7440101917429608,-2.2798846153846153
W1200,30,12,131,1.0957081909982542,0.7303740458015265,95.67899999999997,152.577,68.70229007633588,1.1990385892607764,0.8920020728968734,1.0464515701038208,1.40359493670886,-0.9618461538461544,0.37703846153846143,79,26,26,0.8920020728968734,-0.9618461538461544
W1200,30,15,131,1.1532619537519049,1.306641221374046,171.17000000000002,145.76899999999995,64.8854961832061,1.2859661857418994,0.7789645914317139,1.286992328359482,2.219151898734177,-2.4888076923076925,2.329461538461538,79,26,26,0.7789645914317139,-2.4888076923076925
W1200,30,18,131,1.270343341549604,2.428824427480916,318.176,164.88699999999994,63.358778625954194,1.4437045007167932,0.7875626638244607,1.4803707406758058,3.612215189873417,-2.6371153846153845,3.8990769230769233,79,26,26,0.7875626638244607,-2.6371153846153845
W1200,30,20,131,1.25547093292459,2.4428091603053437,320.00800000000004,151.842,60.30534351145038,1.3628216577853212,0.8703966488409127,1.473473043328795,3.255240506329114,-1.6088461538461531,4.025923076923077,79,26,26,0.8703966488409127,-1.6088461538461531
W1200,30,22,131,1.2958207346599018,2.9081526717557256,380.9680000000001,136.8539999999999,58.778625954198475,1.3432082935149456,0.9630709456737948,1.62213165548655,3.2322531645569614,-0.45842307692307666,5.289961538461539,79,26,26,0.9630709456737948,-0.45842307692307666
W1200,30,25,131,1.3827039035468198,3.8424961832061064,503.36699999999996,116.86400000000009,57.25190839694656,1.4281246712256706,1.0925100850802776,1.6373951588932398,4.120835443037975,1.1483846153846158,5.690884615384614,79,26,26,1.0925100850802776,1.1483846153846158
W1200,30,27,131,1.416789069915534,4.236816793893129,555.0229999999999,113.12700000000001,55.72519083969466,1.4116620943312908,1.1772836277784318,1.7669436582707625,4.047696202531645,2.200730769230769,6.847538461538461,79,26,26,1.1772836277784318,2.200730769230769
W1200,30,30,131,1.2602415792956678,2.947885496183206,386.173,142.96700000000004,51.14503816793893,1.3393128512444088,1.2129958212495484,1.1027431390573108,3.595101265822785,2.652461538461538,1.2767692307692304,79,26,26,1.1027431390573108,1.2767692307692304
W1200,30,32,131,1.2948894199212617,3.340358778625954,437.587,142.02699999999993,51.14503816793893,1.350760551668769,1.296892035048382,1.148141270268681,3.7163924050632913,3.6972307692307687,1.8409230769230762,79,26,26,1.148141270268681,1.8409230769230762
W1200,30,35,131,1.1827250686032877,2.225854961832061,291.587,184.6269999999999,47.32824427480916,1.1396253062617447,1.4174457426470364,1.077378030318619,1.6468734177215194,5.1985,1.0124230769230769,79,26,26,1.077378030318619,1.0124230769230769
W1200,30,40,131,1.158527650805591,1.9755038167938932,258.791,175.12699999999995,45.038167938931295,1.1053941059462873,1.601934641007348,0.9056253997037135,1.2515189873417725,7.495961538461538,-1.3451538461538466,79,26,26,0.9056253997037135,-1.3451538461538466
W1200,30,45,131,1.1913867168239294,2.429641221374046,318.283,195.64699999999993,44.274809160305345,1.1579536466339337,1.7581173694565158,0.8121508536558006,1.8756455696202536,9.440923076923077,-2.8983461538461537,79,26,26,0.8121508536558006,-2.8983461538461537
W1200,30,50,131,1.2463596699049209,3.127519083969466,409.70500000000004,185.9269999999999,44.274809160305345,1.196723583250364,1.8327882117851264,0.889115732743041,2.336025316455697,10.370807692307693,-1.7108461538461543,79,26,26,0.889115732743041,-1.7108461538461543
W1200,30,60,131,1.2975721019399442,3.846160305343511,503.847,201.87700000000007,43.51145038167939,1.2857515952491103,1.7226435138357565,0.9501766141435898,3.3932025316455703,9.837346153846154,-0.7687307692307684,79,26,26,0.9501766141435898,-0.7687307692307684
W1200,30,75,131,1.2996374305823377,3.8728549618320613,507.34400000000005,220.71699999999998,43.51145038167939,1.349955974748907,1.7331170996050154,0.7995124103530539,4.1556075949367095,9.979923076923077,-3.0933461538461535,79,26,26,0.7995124103530539,-3.0933461538461535
W1200,30,100,131,1.271341778521409,3.5071297709923663,459.43399999999997,220.71699999999998,43.51145038167939,1.3989380640402178,1.4107725081793987,0.8499415440837379,4.737253164556963,5.591846153846153,-2.3152692307692293,79,26,26,0.8499415440837379,-2.3152692307692293
W1200,35,3,131,0.7644947919330367,-0.8436335877862595,-110.51599999999999,189.88299999999998,87.02290076335878,1.1662963514203095,0.495878213821652,0.4953779925449194,0.39601265822784826,-2.7307307692307696,-2.723153846153846,79,26,26,0.4953779925449194,-2.7307307692307696
W1200,35,4,131,0.8591044908914313,-0.5802442748091604,-76.01200000000001,220.888,85.49618320610686,1.27536309795805,0.49714435092943565,0.6508228384898828,0.7780506329113924,-3.4033076923076915,-1.8843076923076925,79,26,26,0.49714435092943565,-3.4033076923076915
W1200,35,5,131,0.9904903024737732,-0.04174045801526731,-5.468000000000018,219.39800000000008,84.7328244274809,1.351007660850811,0.6079605835185007,0.8054694348820799,1.1495189873417722,-2.653307692307692,-1.0497692307692306,79,26,26,0.6079605835185007,-2.653307692307692
W1200,35,6,131,1.0921409346073552,0.43327480916030514,56.75899999999997,185.34199999999996,83.20610687022901,1.6262610255181322,0.6848414561084332,0.7266733961801457,2.050949367088607,-2.2053461538461545,-1.8433461538461537,79,26,26,0.6848414561084332,-2.2053461538461545
W1200,35,7,131,1.0681363462188345,0.36784732824427474,48.18799999999999,193.08800000000002,80.1526717557252,1.4752396242310566,0.6306993608709457,0.8799979469280912,1.8922658227848106,-3.0868846153846152,-0.8093076923076924,79,26,26,0.6306993608709457,-3.0868846153846152
W1200,35,8,131,1.0613322870591306,0.36633587786259547,47.99000000000001,243.26799999999994,77.86259541984732,1.6847482952106945,0.51610285786933,0.8104974883646684,2.72646835443038,-4.977384615384616,-1.4611153846153841,79,26,26,0.51610285786933,-4.977384615384616
W1200,35,10,131,1.2133152092047435,1.3512671755725192,177.01600000000002,210.31999999999996,75.57251908396947,1.7424301451389637,0.6442003163361839,1.0172746636603531,3.401354430379747,-3.659769230769231,0.1331923076923072,79,26,26,0.6442003163361839,-3.659769230769231
W1200,35,12,131,1.2645252411209718,1.8457480916030538,241.79300000000003,195.31099999999998,72.51908396946564,1.6240958664943428,0.772338905985335,1.133430935276293,3.484113924050633,-2.3417307692307694,1.055115384615384,79,26,26,0.772338905985335,-2.3417307692307694
W1200,35,15,131,1.3047865038480484,2.432091603053435,318.604,205.30600000000013,68.70229007633588,1.690824882471123,0.675646848640529,1.3946361085035288,4.391696202531645,-4.210615384615385,3.1206153846153843,79,26,26,0.675646848640529,-4.210615384615385
W1200,35,18,131,1.4075388181449484,3.474778625954199,455.196,212.3750000000001,67.17557251908397,1.8349857988341662,0.6808184102121826,1.6087442910159193,5.686189873417721,-4.583423076923078,4.813692307692308,79,26,26,0.6808184102121826,-4.583423076923078
W1200,35,20,131,1.4371845094233944,3.8967022900763366,510.4680000000001,197.92600000000004,64.8854961832061,1.8169939045782195,0.7524252861864484,1.603625537361399,5.984025316455697,-3.5551538461538454,5.006307692307694,79,26,26,0.7524252861864484,-3.5551538461538454
W1200,35,22,131,1.4780453269518994,4.407030534351145,577.321,182.93800000000005,63.358778625954194,1.7669050794035643,0.8325387429759106,1.766932391008964,6.005886075949367,-2.4047307692307687,6.36073076923077,79,26,26,0.8325387429759106,-2.4047307692307687
W1200,35,25,131,1.5785615568277593,5.45493893129771,714.5970000000001,162.9480000000001,61.832061068702295,1.8769399375188953,0.9444340284659763,1.7870549676440362,7.049620253164558,-0.7979230769230767,6.862423076923076,79,26,26,0.9444340284659763,-0.7979230769230767
W1200,35,27,131,1.6205409508589694,5.928297709923664,776.607,148.50099999999998,60.30534351145038,1.85872943993737,1.01771757937422,1.9288918688822527,7.08120253164557,0.25442307692307675,8.099115384615384,79,26,26,1.01771757937422,0.25442307692307675
W1200,35,30,131,1.4375649067862244,4.705496183206106,616.42,158.14100000000008,55.72519083969466,1.774400168603567,1.0490404262991306,1.163329087969361,6.8837215189873415,0.706153846153846,2.086384615384614,79,26,26,1.0490404262991306,0.706153846153846
W1200,35,32,131,1.4664110265050392,5.015702290076336,657.057,157.14400000000006,55.72519083969466,1.7690672264001284,1.1215967520066243,1.2151707027733367,6.8363164556962035,1.7509230769230764,2.7486153846153845,79,26,26,1.1215967520066243,1.7509230769230764
W1200,35,35,131,1.3226335376503846,3.7761374045801523,494.674,169.56700000000012,51.908396946564885,1.4613974675039154,1.2258557367415897,1.1046713075251204,4.7286582278481015,3.252192307692307,1.405884615384615,79,26,26,1.1046713075251204,1.405884615384615
W1200,35,40,131,1.2998592606611956,3.604129770992367,472.1410000000001,160.067,49.61832061068702,1.4377822688872741,1.385408069233543,0.9236096651953029,4.521531645569621,5.549653846153845,-1.128884615384616,79,26,26,0.9236096651953029,-1.128884615384616
W1200,35,45,131,1.3364636875187144,4.134450381679389,541.6129999999999,185.197,48.854961832061065,1.5160926203499556,1.520480254283692,0.8227389342972409,5.330341772151899,7.494615384615385,-2.8593846153846156,79,26,26,0.8227389342972409,-2.8593846153846156
W1200,35,50,131,1.354926868426996,4.414618320610687,578.315,175.47699999999998,48.091603053435115,1.4819836692783537,1.5850581620524324,0.8963553041935699,5.09806329113924,8.4245,-1.6718846153846156,79,26,26,0.8963553041935699,-1.6718846153846156
W1200,35,60,131,1.4129286877676905,5.246618320610687,687.307,191.42700000000002,47.32824427480916,1.6055914112323675,1.4890490448442102,0.9547596112578802,6.405493670886076,7.701807692307693,-0.7297692307692315,79,26,26,0.9547596112578802,-0.7297692307692315
W1200,35,75,131,1.3910039778451864,4.968045801526717,650.814,210.26699999999994,47.32824427480916,1.6298134401145044,1.4981023880115858,0.810650351451107,6.661696202531646,7.844384615384616,-3.054384615384616,79,26,26,0.810650351451107,-3.054384615384616
W1200,35,100,131,1.3622200233227533,4.6023206106870225,602.904,210.26699999999994,47.32824427480916,1.6848036687278531,1.2194684732649184,0.8588854660422885,7.243341772151898,3.456307692307692,-2.2763076923076926,79,26,26,0.8588854660422885,-2.2763076923076926
W1200,40,3,131,0.7774604832771049,-0.7935725190839696,-103.95800000000003,237.60199999999995,87.78625954198473,1.5423939032709282,0.4318184628702158,0.4336284290054715,0.9964050632911393,-3.5343076923076926,-3.4916153846153843,79,26,26,0.4318184628702158,-3.5343076923076926
W1200,40,4,131,0.8548065628157043,-0.6066946564885495,-79.47699999999998,275.776,86.25954198473282,1.5603071891544744,0.4334884320167288,0.5696968562640763,1.3141898734177218,-4.397153846153845,-2.6527692307692305,79,26,26,0.4334884320167288,-4.397153846153845
W1200,40,5,131,0.9761241753555547,-0.10727480916030555,-14.053000000000026,279.986,85.49618320610686,1.5653463903961715,0.5301154072950889,0.7050665368994365,1.6208481012658227,-3.6471538461538455,-1.8182307692307693,79,26,26,0.5301154072950889,-3.6471538461538455
W1200,40,6,131,1.0695844428662087,0.3373129770992366,44.18799999999999,245.92999999999998,83.96946564885496,1.886137761431921,0.5996717634771895,0.6346976693216178,2.5405569620253163,-3.1991923076923077,-2.8206538461538466,79,26,26,0.5996717634771895,-3.1991923076923077
W1200,40,7,131,1.1231883634920032,0.6442977099236641,84.40299999999999,208.98100000000002,81.67938931297711,1.7030366567854818,0.6938111533037825,0.7686157892377352,2.461696202531646,-2.446884615384614,-1.7866153846153845,79,26,26,0.6938111533037825,-2.446884615384614
W1200,40,8,131,1.1063784268912473,0.6225038167938931,81.548,254.93800000000005,79.38931297709924,1.9465295351023062,0.5574110047067822,0.7193206922351545,3.3142911392405066,-4.495461538461539,-2.438423076923077,79,26,26,0.5574110047067822,-4.495461538461539
W1200,40,10,131,1.2542213287934563,1.5890152671755726,208.161,221.98999999999987,77.09923664122137,1.9484816970448888,0.6902384441490873,0.9028364995107958,3.9482531645569616,-3.146307692307692,-0.844115384615384,79,26,26,0.6902384441490873,-3.146307692307692
W1200,40,12,131,1.294298605414274,2.048435114503817,268.345,206.98099999999997,74.04580152671755,1.7477166813048632,0.8285981513667846,1.008757310384534,3.9441392405063302,-1.7409615384615384,0.07780769230769188,79,26,26,0.8285981513667846,-1.7409615384615384
W1200,40,15,131,1.3169760985042789,2.5613435114503815,335.536,217.2520000000001,70.22900763358778,1.790255321352737,0.7051629686127004,1.2412307852143007,4.828810126582278,-3.910230769230769,2.143307692307692,79,26,26,0.7051629686127004,-3.910230769230769
W1200,40,18,131,1.4113164728255287,3.577847328244275,468.69800000000004,233.4280000000001,68.70229007633588,1.9202004206311758,0.7070864751000647,1.4317877813226438,6.0977721518987344,-4.337384615384615,3.836384615384616,79,26,26,0.7070864751000647,-4.337384615384615
W1200,40,20,131,1.4377914118643331,3.993740458015267,523.18,208.255,66.41221374045801,1.8830519019465861,0.7817486188347562,1.4345791484648223,6.360164556962026,-3.231807692307692,4.029000000000001,79,26,26,0.7817486188347562,-3.231807692307692
W1200,40,22,131,1.4751659047576036,4.497274809160306,589.143,188.97100000000006,64.8854961832061,1.8167378058714276,0.8645302219994232,1.5806709894750814,6.345949367088608,-2.0059999999999985,5.383423076923076,79,26,26,0.8645302219994232,-2.0059999999999985
W1200,40,25,131,1.5691270984159549,5.505870229007634,721.269,168.981,63.358778625954194,1.9126142265283226,0.9821065399830129,1.606936737179055,7.2803164556962034,-0.26496153846153747,5.885115384615385,79,26,26,0.9821065399830129,-0.26496153846153747
W1200,40,27,131,1.6114514473030261,5.991748091603054,784.9190000000001,154.53399999999988,61.832061068702295,1.893363646205478,1.05743361705554,1.734477820925242,7.311898734177216,0.8504615384615388,7.1218076923076925,79,26,26,1.05743361705554,0.8504615384615388
W1200,40,30,131,1.4151796373388428,4.632564885496184,606.8660000000001,164.17399999999998,57.25190839694656,1.790861002488447,1.0951666718476378,1.037474121750618,7.040164556962024,1.4129615384615388,0.5367692307692303,79,26,26,1.037474121750618,0.5367692307692303
W1200,40,32,131,1.444547597138938,4.9602519083969465,649.793,151.35399999999993,57.25190839694656,1.7855357269818695,1.1714668366025263,1.0837072421506,6.992759493670888,2.5458076923076924,1.1990000000000003,79,26,26,1.0837072421506,1.1990000000000003
W1200,40,35,131,1.2955847878269688,3.618045801526718,473.96400000000006,204.42699999999985,53.43511450381679,1.445230595305962,1.2825572238283232,0.9904058206912839,4.666151898734178,4.195192307692308,-0.14373076923076986,79,26,26,0.9904058206912839,-0.14373076923076986
W1200,40,40,131,1.2729090571861175,3.4370000000000007,450.24700000000007,194.92699999999985,51.14503816793893,1.4222556791143084,1.4472421689618367,0.826175626313915,4.459025316455697,6.640307692307692,-2.871692307692307,79,26,26,0.826175626313915,-2.871692307692307
W1200,40,45,131,1.3216491750177628,4.105412213740458,537.809,207.10699999999986,50.38167938931297,1.4988474553516307,1.5915555348316701,0.7638008088240177,5.267835443037975,8.782961538461539,-4.104115384615384,79,26,26,0.7638008088240177,-4.104115384615384
W1200,40,50,131,1.3261683767746877,4.212068702290076,551.781,197.38699999999994,49.61832061068702,1.4658670517185042,1.5953039675878433,0.8321435607293141,5.035556962025316,8.838615384615384,-2.9166153846153855,79,26,26,0.8321435607293141,-2.9166153846153855
W1200,40,60,131,1.3781599528521613,5.001015267175573,655.133,213.33699999999988,48.854961832061065,1.5868246222381488,1.4812569567306,0.8863639885162042,6.342987341772153,7.899000000000001,-1.9745000000000004,79,26,26,0.8863639885162042,-1.9745000000000004
W1200,40,75,131,1.357095235978742,4.722442748091604,618.6400000000001,232.1769999999998,48.854961832061065,1.6105273266183475,1.4899436431592634,0.7525782095637797,6.599189873417722,8.041576923076924,-4.2991153846153844,79,26,26,0.7525782095637797,-4.2991153846153844
W1200,40,100,131,1.3294403272180064,4.356717557251909,570.7300000000001,232.1769999999998,48.854961832061065,1.6643385551890069,1.2225942893296933,0.7973579300834279,7.180835443037975,3.6535000000000006,-3.5210384615384616,79,26,26,0.7973579300834279,-3.5210384615384616
W1400,3,3,132,0.6041351897910324,-0.7741136363636364,-102.183,121.60799999999993,37.878787878787875,0.532627362927451,0.5186435563267384,1.0088045634920635,-0.9626999999999999,-0.9816153846153846,0.013653846153846187,80,26,26,0.5186435563267384,-0.9816153846153846
W1400,3,4,132,0.6331771354986409,-0.7768863636363637,-102.549,125.014,32.57575757575758,0.5241377778024652,0.5967410897538863,1.1313793103448277,-1.0708625,-0.8690384615384615,0.21980769230769243,80,26,26,0.5241377778024652,-1.0708625
W1400,3,5,132,0.6846097055787594,-0.6990530303030303,-92.275,121.80799999999999,29.545454545454547,0.5768531004516364,0.5961942168348344,1.228458074201158,-0.9884499999999999,-0.9173846153846154,0.4097307692307694,80,26,26,0.5768531004516364,-0.9884499999999999
W1400,3,6,132,0.8001887532811951,-0.44749242424242425,-59.069,94.02199999999998,28.78787878787879,0.7061848498469575,0.7494074625854947,1.214170692431562,-0.6863374999999999,-0.5693076923076923,0.40923076923076923,80,26,26,0.7061848498469575,-0.6863374999999999
W1400,3,7,132,0.8595061041078458,-0.3211818181818181,-42.395999999999994,84.47099999999998,27.27272727272727,0.8076317986258268,0.6922656023689208,1.2402843601895734,-0.4493624999999999,-0.7354615384615385,0.4875000000000001,80,26,26,0.6922656023689208,-0.7354615384615385
W1400,3,8,132,0.8613715579220845,-0.3266212121212121,-43.114,75.23899999999999,25.0,0.854801849335987,0.7834658341111718,0.9646370420624152,-0.34467499999999995,-0.5175,-0.08019230769230773,80,26,26,0.7834658341111718,-0.5175
W1400,3,10,132,0.9571252197987205,-0.10418181818181818,-13.752,62.509000000000015,22.727272727272727,0.9356583231583232,0.7771662476237199,1.2277815468113975,-0.1580875,-0.5590384615384616,0.5165384615384616,80,26,26,0.7771662476237199,-0.5590384615384616
W1400,3,12,132,0.8594336986099878,-0.3619848484848484,-47.78199999999999,97.92499999999998,18.181818181818183,0.7447433889680536,0.7098554033485541,1.44640434192673,-0.6784625,-0.7625,1.0123076923076924,80,26,26,0.7098554033485541,-0.7625
W1400,3,15,132,0.9147785876366636,-0.22534090909090895,-29.744999999999983,80.67800000000001,15.909090909090908,0.9330972502433728,0.41025193147463895,1.4578505728578346,-0.1778249999999999,-1.6881538461538463,1.0912692307692307,80,26,26,0.41025193147463895,-1.6881538461538463
W1400,3,18,132,0.9685591412375949,-0.08462878787878773,-11.170999999999982,95.50400000000002,14.393939393939394,1.0092747523719914,0.23264806341431982,1.7481523317734389,0.02501250000000015,-2.2898076923076927,1.7831923076923077,80,26,26,0.23264806341431982,-2.2898076923076927
W1400,3,20,132,1.0808382727932857,0.2175909090909092,28.722000000000016,93.28399999999999,14.393939393939394,1.1212392292824467,0.26126184185087326,1.966274003550105,0.32696250000000016,-2.204423076923077,2.3030769230769232,80,26,26,0.26126184185087326,-2.204423076923077
W1400,3,22,132,1.1147611885741073,0.3115757575757576,41.12800000000001,91.47399999999999,13.636363636363635,1.115375827148759,0.2845910936392344,2.151944489269001,0.3155875,-2.1348076923076924,2.745615384615385,80,26,26,0.2845910936392344,-2.1348076923076924
W1400,3,25,132,1.2599175732953103,0.7056742424242426,93.14900000000002,88.45400000000001,13.636363636363635,1.2596333126165322,0.3235161435844558,2.4332741649185095,0.7101750000000002,-2.018653846153846,3.416153846153847,80,26,26,0.3235161435844558,-2.018653846153846
W1400,3,27,132,1.3192848911348043,0.8668560606060607,114.42500000000001,86.42099999999999,13.636363636363635,1.2918966840931527,0.3497196623058581,2.629869291592706,0.798425,-1.9404615384615385,3.88473076923077,80,26,26,0.3497196623058581,-1.9404615384615385
W1400,3,30,132,1.4617988219175788,1.253780303030303,165.499,83.901,13.636363636363635,1.4269687054436442,0.3879615905136303,2.929207681136034,1.1678875,-1.8263461538461538,4.598192307692308,80,26,26,0.3879615905136303,-1.8263461538461538
W1400,3,32,132,1.3304873642256483,0.9146287878787882,120.73100000000004,85.35099999999998,12.121212121212121,1.1864172539500437,0.41270864213443326,3.0043730837502016,0.5260625000000002,-1.7525,4.777346153846154,80,26,26,0.41270864213443326,-1.7525
W1400,3,35,132,1.2946066389391102,0.8258560606060609,109.01300000000003,93.201,11.363636363636363,1.0534897645721426,0.4515048011857963,3.2468936582217207,0.15410000000000013,-1.6367307692307693,5.355384615384616,80,26,26,0.4515048011857963,-1.6367307692307693
W1400,3,40,132,1.0502397686312455,0.14318181818181822,18.900000000000006,98.03000000000002,9.848484848484848,0.8736737130897403,0.5174969388412709,2.3213790980452518,-0.3689374999999999,-1.4398076923076923,3.301923076923077,80,26,26,0.5174969388412709,-1.4398076923076923
W1400,3,45,132,0.8887436847071247,-0.3224772727272728,-42.56700000000001,141.577,8.333333333333332,0.9390731934891565,0.0,1.7744924977934686,-0.17793750000000008,-3.114692307692307,2.025,80,26,26,0.0,-3.114692307692307
W1400,3,50,132,0.9182259417725424,-0.23702272727272733,-31.287000000000006,141.577,8.333333333333332,0.9442092783372782,0.0,1.922771403353928,-0.16293749999999996,-3.114692307692307,2.4126923076923084,80,26,26,0.0,-3.114692307692307
W1400,3,60,132,0.9282101813106538,-0.20808333333333331,-27.467,141.577,8.333333333333332,1.0299818953009106,0.0,1.6841718152397767,0.08756249999999995,-3.114692307692307,1.788846153846154,80,26,26,0.0,-3.114692307692307
W1400,3,75,132,0.9646709513516625,-0.10240151515151512,-13.516999999999996,141.577,8.333333333333332,1.158897624988765,0.0,1.4463077375698736,0.46406250000000016,-3.114692307692307,1.166923076923077,80,26,26,0.0,-3.114692307692307
W1400,3,100,132,0.9316340959166554,-0.19815909090909098,-26.15700000000001,141.577,8.333333333333332,1.1047975312552163,0.0,1.4463077375698736,0.3060624999999998,-3.114692307692307,1.166923076923077,80,26,26,0.0,-3.114692307692307
W1400,4,3,132,0.6647473749354634,-0.7428106060606061,-98.051,129.11599999999999,46.96969696969697,0.5844474472087541,0.4609522950671838,1.4361902203116605,-0.9802625,-1.3794230769230766,0.6244230769230769,80,26,26,0.4609522950671838,-1.3794230769230766
W1400,4,4,132,0.7507195026797476,-0.5905606060606062,-77.95400000000002,115.67199999999995,43.18181818181818,0.6531857252417803,0.5325572832582774,1.5979418886198549,-0.8705125,-1.269538461538462,0.9498076923076924,80,26,26,0.5325572832582774,-1.269538461538462
W1400,4,5,132,0.795763573307821,-0.5175227272727272,-68.31299999999999,118.10899999999998,39.39393939393939,0.695220383287503,0.5352408557258912,1.6922052401746726,-0.8132625000000001,-1.3444230769230774,1.2193461538461539,80,26,26,0.5352408557258912,-1.3444230769230774
W1400,4,6,132,0.8752342241056243,-0.327878787878788,-43.280000000000015,94.061,37.121212121212125,0.8470269687870369,0.5579208731929268,1.4521079881656807,-0.4081874999999998,-1.3490384615384616,0.9403846153846155,80,26,26,0.5579208731929268,-1.3490384615384616
W1400,4,7,132,0.950040795655966,-0.13452272727272727,-17.756999999999998,98.51400000000001,35.60606060606061,0.9742960336161222,0.5157731921679598,1.4801058743169402,-0.06858749999999984,-1.5532692307692304,1.081346153846154,80,26,26,0.5157731921679598,-1.5532692307692304
W1400,4,8,132,0.909234013247287,-0.25859848484848486,-34.135,91.73399999999998,31.818181818181817,0.9382069747459983,0.5837220177216101,1.2172970548661983,-0.17439999999999994,-1.335307692307692,0.5590384615384617,80,26,26,0.5837220177216101,-1.335307692307692
W1400,4,10,132,0.9896183011533801,-0.030856060606060554,-4.072999999999993,104.087,28.78787878787879,0.9870396666022501,0.5800048054370088,1.5340110629391537,-0.03856249999999992,-1.4118461538461538,1.3738461538461542,80,26,26,0.5800048054370088,-1.4118461538461538
W1400,4,12,132,0.9731636501119697,-0.08388636363636363,-11.073,108.067,25.0,0.9095221052383181,0.5303134669421941,1.820600986694573,-0.2875625,-1.6522307692307692,2.1111538461538464,80,26,26,0.5303134669421941,-1.6522307692307692
W1400,4,15,132,0.9812185214521756,-0.061613636363636384,-8.133000000000003,120.37100000000002,21.21212121212121,0.987139219662433,0.3062026776312491,1.9077497534169363,-0.04217499999999998,-2.660846153846154,2.477807692307692,80,26,26,0.3062026776312491,-2.660846153846154
W1400,4,18,132,1.0674348246187684,0.2257651515151517,29.801000000000023,133.284,19.696969696969695,1.0881269045438853,0.17275206967507298,2.306932506692969,0.2935375000000002,-3.324423076923077,3.5674230769230766,80,26,26,0.17275206967507298,-3.324423076923077
W1400,4,20,132,1.1876435487630197,0.6282121212121212,82.924,131.064,19.696969696969695,1.2101903418046445,0.19399913863233956,2.5658729040439625,0.7001125000000004,-3.2390384615384615,4.274230769230768,80,26,26,0.19399913863233956,-3.2390384615384615
W1400,4,22,132,1.2224048506918828,0.7513863636363637,99.183,139.561,18.939393939393938,1.1922425712194367,0.21132219935875962,2.825926447794843,0.6500250000000001,-3.169423076923077,4.984076923076923,80,26,26,0.21132219935875962,-3.169423076923077
W1400,4,25,132,1.263749425047274,0.8992196969696971,118.69700000000002,130.57799999999997,18.181818181818183,1.26669673422008,0.24022586974206825,2.678081279147235,0.9017750000000003,-3.053269230769231,4.843846153846155,80,26,26,0.24022586974206825,-3.053269230769231
W1400,4,27,132,1.3055371002828655,1.041689393939394,137.50300000000001,124.20100000000002,18.181818181818183,1.267731846714627,0.2596832081159975,2.897841439040639,0.9052750000000002,-2.9750769230769234,5.478192307692309,80,26,26,0.2596832081159975,-2.9750769230769234
W1400,4,30,132,1.3575976057978805,1.2301818181818183,162.38400000000001,121.234,17.424242424242426,1.3853428070772125,0.28807962865483083,2.6753002148906586,1.3029499999999998,-2.8609615384615386,5.097423076923078,80,26,26,0.28807962865483083,-2.8609615384615386
W1400,4,32,132,1.2730845392231533,0.950727272727273,125.49600000000004,119.31399999999998,16.666666666666664,1.2132956460292437,0.3064554720773317,2.7583238528631018,0.7357500000000003,-2.787115384615385,5.350038461538462,80,26,26,0.3064554720773317,-2.787115384615385
W1400,4,35,132,1.2588338176092637,0.9103636363636364,120.168,116.30400000000002,15.909090909090908,1.1154835537566983,0.3352634349428148,2.9872329667551503,0.40516250000000004,-2.671346153846154,6.046538461538462,80,26,26,0.3352634349428148,-2.671346153846154
W1400,4,40,132,1.0787688821911903,0.28233333333333327,37.267999999999994,145.686,14.393939393939394,0.9787306395181704,0.38426568406948364,2.291007194244604,-0.07583749999999992,-2.474423076923077,4.141153846153846,80,26,26,0.38426568406948364,-2.474423076923077
W1400,4,45,132,0.9667727009231422,-0.12115151515151508,-15.99199999999999,189.99599999999998,12.878787878787879,1.049616821971211,0.0,1.8981693363844396,0.17691250000000025,-4.178653846153846,3.019230769230769,80,26,26,0.0,-4.178653846153846
W1400,4,50,132,1.0104884570872923,0.03824242424242436,5.048000000000016,191.09499999999997,12.878787878787879,1.0713173892009002,0.0,2.0680778032036615,0.25428750000000006,-4.178653846153846,3.590384615384615,80,26,26,0.0,-4.178653846153846
W1400,4,60,132,1.061039994514753,0.22256060606060618,29.378000000000014,191.095,12.878787878787879,1.1783828695231486,0.0,1.997025171624714,0.6360375000000001,-4.178653846153846,3.351538461538461,80,26,26,0.0,-4.178653846153846
W1400,4,75,132,0.9166284108571018,-0.306810606060606,-40.498999999999995,191.09499999999997,12.121212121212121,1.0552809609277924,0.0,1.5964530892448514,0.20020000000000007,-4.178653846153846,2.005000000000001,80,26,26,0.0,-4.178653846153846
W1400,4,100,132,0.8906075983242927,-0.4025681818181819,-53.13900000000001,191.09499999999997,12.121212121212121,1.0116526301256386,0.0,1.5964530892448514,0.04219999999999988,-4.178653846153846,2.005000000000001,80,26,26,0.0,-4.178653846153846
W1400,5,3,132,0.6244763302774147,-0.9554545454545454,-126.12,153.975,50.75757575757576,0.5734898542574628,0.44058434384788353,1.1743189806678382,-1.1376625,-1.6554615384615383,0.30519230769230765,80,26,26,0.44058434384788353,-1.6554615384615383
W1400,5,4,132,0.7068656270240645,-0.8022954545454547,-105.90300000000002,138.94299999999998,46.96969696969697,0.6459631675391524,0.5082996914295471,1.3034761998814932,-1.0119125,-1.5505769230769226,0.5909615384615385,80,26,26,0.5082996914295471,-1.5505769230769226
W1400,5,5,132,0.7521900052136835,-0.7273636363636363,-96.012,133.005,43.18181818181818,0.6895379656746453,0.5193796673844321,1.3926864330637914,-0.9487875000000001,-1.6139230769230768,0.8405000000000002,80,26,26,0.5193796673844321,-1.6139230769230768
W1400,5,6,132,0.804849618155761,-0.6024469696969698,-79.52300000000001,122.35399999999998,40.15151515151515,0.7978347308845457,0.5459134485186589,1.1953361645128393,-0.6304624999999999,-1.6122692307692306,0.49357692307692314,80,26,26,0.5459134485186589,-1.6122692307692306
W1400,5,7,132,0.8495254860485091,-0.48179545454545447,-63.59699999999999,122.88299999999998,37.878787878787875,0.8723641664145592,0.5170887051209615,1.2246209926953673,-0.40607499999999985,-1.8080384615384615,0.6114615384615385,80,26,26,0.5170887051209615,-1.8080384615384615
W1400,5,8,132,0.8164273290817463,-0.6236742424242423,-82.32499999999999,116.32599999999996,34.090909090909086,0.8433021968261488,0.583933432636499,1.006402412646619,-0.5292624999999997,-1.5577692307692306,0.01992307692307702,80,26,26,0.583933432636499,-1.5577692307692306
W1400,5,10,132,0.8925725113143899,-0.3814090909090909,-50.346000000000004,127.64599999999999,31.060606060606062,0.8935056196313859,0.5931643962697133,1.268246258049365,-0.3798375,-1.6023846153846155,0.8347307692307692,80,26,26,0.5931643962697133,-1.6023846153846155
W1400,5,12,132,0.9200186402433044,-0.2964545454545453,-39.13199999999998,132.143,28.030303030303028,0.8897003047522726,0.5653198497007932,1.5051849654541631,-0.41441249999999996,-1.8019999999999998,1.5720384615384617,80,26,26,0.5653198497007932,-1.8019999999999998
W1400,5,15,132,0.9423742314006236,-0.22471212121212103,-29.661999999999978,147.21999999999997,24.242424242424242,0.9783403955483916,0.386567657604964,1.5751247716881691,-0.08414999999999981,-2.7833076923076923,1.901384615384615,80,26,26,0.386567657604964,-2.7833076923076923
W1400,5,18,132,1.0374384611722136,0.14892424242424243,19.658,153.70299999999997,22.727272727272727,1.0922424630077041,0.29251717230696866,1.904708168037507,0.36413750000000006,-3.3553461538461535,2.9910000000000005,80,26,26,0.29251717230696866,-3.3553461538461535
W1400,5,20,132,1.152730562300624,0.6075378787878789,80.19500000000002,143.923,22.727272727272727,1.2124100326463148,0.326659043541023,2.1185011110206267,0.8385125,-3.193423076923077,3.697807692307692,80,26,26,0.326659043541023,-3.193423076923077
W1400,5,22,132,1.195251460929336,0.7841742424242424,103.511,161.07299999999998,21.96969696969697,1.2123281267530137,0.35755703152243556,2.3332131181870004,0.8516375000000002,-3.046884615384615,4.407653846153846,80,26,26,0.35755703152243556,-3.046884615384615
W1400,5,25,132,1.2498355914597237,1.0130681818181821,133.72500000000005,148.97000000000006,21.21212121212121,1.3019266009299544,0.4073506394504862,2.20705634313198,1.2110125000000003,-2.810730769230769,4.227807692307692,80,26,26,0.4073506394504862,-2.810730769230769
W1400,5,27,132,1.3004397928452394,1.2182651515151517,160.81100000000004,140.41000000000003,21.21212121212121,1.3221836472656106,0.4405436748331428,2.388164757815674,1.2922625,-2.653307692307692,4.862153846153846,80,26,26,0.4405436748331428,-2.653307692307692
W1400,5,30,132,1.3482252549623293,1.4258030303030305,188.20600000000002,128.64300000000003,20.454545454545457,1.4235561400665677,0.4886099149291617,2.198043349569516,1.6988625,-2.425346153846154,4.436769230769231,80,26,26,0.4886099149291617,-2.425346153846154
W1400,5,32,132,1.289015890461144,1.195310606060606,157.781,120.73300000000002,19.696969696969695,1.2903082471983798,0.5225084949192679,2.26625608856855,1.1842000000000001,-2.2645769230769233,4.689384615384616,80,26,26,0.5225084949192679,-2.2645769230769233
W1400,5,35,132,1.1427848696563003,0.607227272727273,80.15400000000002,114.50299999999999,17.424242424242426,0.9805597982245163,0.5682796876140428,2.4543292448617153,-0.08305000000000007,-2.0475000000000003,5.385884615384613,80,26,26,0.5682796876140428,-2.0475000000000003
W1400,5,40,132,1.001043981890324,0.004522727272727175,0.5969999999999871,150.06999999999996,15.909090909090908,0.8678750579849197,0.6500742038294042,1.8830752855608224,-0.5732125000000001,-1.6595769230769233,3.44626923076923,80,26,26,0.6500742038294042,-1.6595769230769233
W1400,5,45,132,0.8932906447793306,-0.470401515151515,-62.09299999999998,197.51999999999998,14.393939393939394,0.9261336952168565,0.25294360588799103,1.5579366495440758,-0.3204625000000002,-3.687269230769231,2.2851153846153847,80,26,26,0.25294360588799103,-3.687269230769231
W1400,5,50,132,0.9294487436607326,-0.3110075757575757,-41.05299999999999,206.21999999999997,14.393939393939394,0.943968559928315,0.25294360588799103,1.6973902917727048,-0.2430875000000002,-3.687269230769231,2.856269230769231,80,26,26,0.25294360588799103,-3.687269230769231
W1400,5,60,132,0.9712608418444066,-0.1266893939393937,-16.72299999999997,206.22,14.393939393939394,1.0319615758068188,0.25294360588799103,1.63907331411346,0.13866249999999986,-3.687269230769231,2.617423076923077,80,26,26,0.25294360588799103,-3.687269230769231
W1400,5,75,132,0.8514676893667698,-0.6604545454545455,-87.18,206.21999999999997,13.636363636363635,0.9308374535323903,0.25294360588799103,1.3103007878896016,-0.30442500000000006,-3.687269230769231,1.2708846153846152,80,26,26,0.25294360588799103,-3.687269230769231
W1400,5,100,132,0.8299323784421996,-0.7562121212121213,-99.82000000000002,206.22000000000003,13.636363636363635,0.8949413137873552,0.25294360588799103,1.3103007878896016,-0.46242500000000025,-3.687269230769231,1.2708846153846152,80,26,26,0.25294360588799103,-3.687269230769231
W1400,6,3,132,0.6664743449455862,-0.8889999999999999,-117.34799999999998,143.35299999999998,56.81818181818182,0.6504015508169481,0.4979954571971154,0.9787783352254003,-0.9468,-1.5555769230769234,-0.044576923076923,80,26,26,0.4979954571971154,-1.5555769230769234
W1400,6,4,132,0.7542209465699987,-0.7116439393939393,-93.937,132.177,53.03030303030303,0.7322204241546716,0.5801145728874904,1.0885952757983637,-0.786,-1.4010769230769229,0.20657692307692324,80,26,26,0.5801145728874904,-1.4010769230769229
W1400,6,5,132,0.829089030734605,-0.5263863636363637,-69.483,132.166,50.0,0.8257924506148097,0.5983276656192156,1.1631149263138938,-0.5378375,-1.435576923076923,0.4180384615384618,80,26,26,0.5983276656192156,-1.435576923076923
W1400,6,6,132,0.8884926450128922,-0.36431818181818176,-48.08999999999999,127.09000000000002,46.96969696969697,0.9569848277061339,0.6301882227218195,0.9933716193993979,-0.13604999999999995,-1.4108461538461536,-0.020153846153846085,80,26,26,0.6301882227218195,-1.4108461538461536
W1400,6,7,132,0.9402980762392432,-0.2035075757575757,-26.862999999999992,130.632,44.696969696969695,1.0485841210048745,0.6150549690709894,1.0123928329478824,0.15735000000000005,-1.5581538461538462,0.04080769230769244,80,26,26,0.6150549690709894,-1.5581538461538462
W1400,6,8,132,0.884845944074195,-0.42450757575757564,-56.03499999999998,137.68599999999998,40.15151515151515,1.025095202377174,0.5823498263343535,0.8318519880675087,0.08698750000000008,-1.7898076923076922,-0.6330384615384614,80,26,26,0.5823498263343535,-1.7898076923076922
W1400,6,10,132,0.945925510519802,-0.21184090909090916,-27.963000000000008,143.409,36.36363636363637,1.0462917847494986,0.6030746718166426,1.0482816394916432,0.17457499999999998,-1.794423076923077,0.1817692307692309,80,26,26,0.6030746718166426,-1.794423076923077
W1400,6,12,132,1.0223722340658088,0.09071212121212113,11.97399999999999,143.189,34.090909090909086,1.122395318744781,0.5927442522922044,1.244125699807936,0.48003750000000006,-1.935576923076923,0.9190769230769231,80,26,26,0.5927442522922044,-1.935576923076923
W1400,6,15,132,1.0701926913583732,0.30118939393939387,39.75699999999999,150.07,30.303030303030305,1.2559530924817395,0.44772635519506726,1.3030585925469662,1.0438375,-2.8938076923076923,1.2111153846153846,80,26,26,0.44772635519506726,-2.8938076923076923
W1400,6,18,132,1.1908670883236891,0.8381060606060606,110.63000000000001,155.01800000000006,28.78787878787879,1.4164894462624742,0.38140172141226064,1.575714120726825,1.7356625,-3.386230769230769,2.3007307692307695,80,26,26,0.38140172141226064,-3.386230769230769
W1400,6,20,132,1.272981794840278,1.2113939393939397,159.90400000000002,148.95800000000006,28.030303030303028,1.4820948403570728,0.42398032671702085,1.7525793039728983,2.046125,-3.153153846153846,3.0075384615384615,80,26,26,0.42398032671702085,-3.153153846153846
W1400,6,22,132,1.3339027872827585,1.4969848484848487,197.60200000000003,150.88900000000007,27.27272727272727,1.5112829387150357,0.4678939047953627,1.9302048044348632,2.2085250000000003,-2.9127692307692308,3.7173846153846153,80,26,26,0.4678939047953627,-2.9127692307692308
W1400,6,25,132,1.4141388970188569,1.875939393939394,247.62400000000002,133.54800000000006,26.515151515151516,1.6460126285572076,0.5322536448269805,1.8266172274024395,2.7905000000000006,-2.5604615384615386,3.498307692307693,80,26,26,0.5322536448269805,-2.5604615384615386
W1400,6,27,132,1.4215783504557233,1.9289924242424243,254.627,127.85500000000008,25.757575757575758,1.591699703662414,0.5722536448269804,1.9765072613919337,2.6007125,-2.3415,4.132653846153847,80,26,26,0.5722536448269804,-2.3415
W1400,6,30,132,1.4914053473832567,2.2716515151515155,299.85800000000006,117.94199999999987,25.0,1.726439455557894,0.6419040927454769,1.820522304608874,3.1929375,-1.960230769230769,3.6688076923076918,80,26,26,0.6419040927454769,-1.960230769230769
W1400,6,32,132,1.4522281449548353,2.1171060606060608,279.458,111.94800000000006,24.242424242424242,1.6190484140698258,0.6840189706657298,1.8770192853579235,2.7809125000000003,-1.7296923076923074,3.9214230769230767,80,26,26,0.6840189706657298,-1.7296923076923074
W1400,6,35,132,1.33923305686553,1.6375833333333336,216.16100000000003,102.96300000000011,21.96969696969697,1.3488455626396498,0.7471491305111541,2.032790269582122,1.6510250000000002,-1.3841153846153842,4.617923076923077,80,26,26,0.7471491305111541,-1.3841153846153842
W1400,6,40,132,1.2302872392356505,1.1329242424242425,149.54600000000002,113.07600000000005,20.454545454545457,1.2669942286694746,0.8466748638679078,1.5609783993987123,1.2837749999999999,-0.8393076923076923,2.641,80,26,26,0.8466748638679078,-0.8393076923076923
W1400,6,45,132,1.1578769924361882,0.7911060606060608,104.42600000000003,162.12600000000003,18.939393939393938,1.3583476316747258,0.5222166043078168,1.291613465790539,1.7230250000000003,-2.725846153846154,1.4406153846153853,80,26,26,0.5222166043078168,-2.725846153846154
W1400,6,50,132,1.2199386489154707,1.102090909090909,145.476,157.08600000000004,18.939393939393938,1.4133572505589354,0.5561937506320155,1.4072280526922236,1.9875250000000002,-2.5319999999999996,2.0117692307692314,80,26,26,0.5561937506320155,-2.5319999999999996
W1400,6,60,132,1.2872464429826485,1.4393636363636366,189.99600000000004,147.01600000000008,18.939393939393938,1.5190609889252848,0.6240806283075473,1.3588801345333372,2.4957749999999996,-2.1446923076923077,1.772923076923077,80,26,26,0.6240806283075473,-2.1446923076923077
W1400,6,75,132,1.2462999358855291,1.2455984848484851,164.41900000000004,131.32300000000004,18.181818181818183,1.4949165380767035,0.7298749452253346,1.0863099872317896,2.417525,-1.5411153846153844,0.42638461538461603,80,26,26,0.7298749452253346,-1.5411153846153844
W1400,6,100,132,1.34034897446806,1.7212272727272726,227.202,127.87199999999993,18.181818181818183,1.5917313454988393,0.8980753025246909,1.0863099872317896,2.8904375,-0.5815,0.42638461538461603,80,26,26,0.8980753025246909,-0.5815
W1400,7,3,132,0.6498496333579779,-1.0081969696969697,-133.082,158.29199999999994,59.84848484848485,0.6216007331731277,0.5011515537295296,0.9932849332888007,-1.1199625000000002,-1.6578076923076923,-0.014692307692307715,80,26,26,0.5011515537295296,-1.6578076923076923
W1400,7,4,132,0.7581191204153621,-0.7485681818181819,-98.811,134.659,56.81818181818182,0.6994682808004057,0.5817568652641721,1.3139205793942377,-0.9700375000000001,-1.5025384615384616,0.686846153846154,80,26,26,0.5817568652641721,-1.5025384615384616
W1400,7,5,132,0.8538944297599748,-0.4765454545454546,-62.90400000000001,139.34599999999998,54.54545454545454,0.8248056008035544,0.6012379478633496,1.373448917958909,-0.5821250000000001,-1.5461538461538464,0.9179230769230771,80,26,26,0.6012379478633496,-1.5461538461538464
W1400,7,6,132,0.9146368573844664,-0.2967196969696971,-39.167000000000016,133.776,51.515151515151516,0.9547845145116899,0.6354825545806977,1.1595890323323568,-0.15421250000000009,-1.5116538461538462,0.4797307692307692,80,26,26,0.6354825545806977,-1.5116538461538462
W1400,7,7,132,0.9437091192869685,-0.20765151515151523,-27.41000000000001,136.47899999999998,48.484848484848484,0.9964270277053501,0.6248715402971555,1.195783521240776,-0.012812500000000027,-1.6566538461538465,0.6418461538461536,80,26,26,0.6248715402971555,-1.6566538461538465
W1400,7,8,132,0.8901964561590384,-0.4404469696969697,-58.139,142.28300000000002,43.93939393939394,1.0252289235858554,0.5031404599804593,0.9833160694711224,0.09494999999999995,-2.464461538461538,-0.06380769230769223,80,26,26,0.5031404599804593,-2.464461538461538
W1400,7,10,132,0.9264843399059293,-0.31863636363636366,-42.06,150.382,39.39393939393939,0.9984942711024787,0.5213279204542111,1.2366624093647232,-0.0063375000000001295,-2.5033076923076925,0.9051153846153847,80,26,26,0.5213279204542111,-2.5033076923076925
W1400,7,12,132,0.9722666870779769,-0.12626515151515152,-16.667,171.496,36.36363636363637,1.072164860361451,0.5107739083136915,1.264379689539568,0.31670000000000004,-2.6983076923076927,1.0828076923076926,80,26,26,0.5107739083136915,-2.6983076923076927
W1400,7,15,132,1.019287251105113,0.09337878787878783,12.325999999999993,182.77599999999995,32.57575757575758,1.1981347663963784,0.3850295734728788,1.3259952253847445,0.9092874999999999,-3.7470384615384615,1.423307692307692,80,26,26,0.3850295734728788,-3.7470384615384615
W1400,7,18,132,1.1398964047711952,0.6925984848484849,91.423,191.21499999999997,31.060606060606062,1.3595355212427425,0.3275605090544838,1.6016367592519185,1.6820375000000003,-4.2860000000000005,2.626769230769231,80,26,26,0.3275605090544838,-4.2860000000000005
W1400,7,20,132,1.2199571578875663,1.1007272727272728,145.29600000000002,185.15500000000003,30.303030303030305,1.4250371726252131,0.36412843427730074,1.7804381722561378,2.0259875000000003,-4.0529230769230775,3.4074230769230764,80,26,26,0.36412843427730074,-4.0529230769230775
W1400,7,22,132,1.2826975966637306,1.4297045454545454,188.721,178.90499999999997,29.545454545454547,1.4601118618927935,0.4018428786077638,1.9616973669142066,2.233475,-3.8125384615384617,4.1988076923076925,80,26,26,0.4018428786077638,-3.8125384615384617
W1400,7,25,132,1.3133509872405067,1.6189848484848486,213.70600000000002,169.74500000000003,28.030303030303028,1.593890342383915,0.45711716821849036,1.5708848194955725,2.8828625000000003,-3.4602307692307694,2.8093461538461537,80,26,26,0.45711716821849036,-3.4602307692307694
W1400,7,27,132,1.3247389014995388,1.695068181818182,223.74900000000002,164.05200000000002,27.27272727272727,1.5526450248642965,0.4914705012702225,1.699789756696132,2.7310749999999997,-3.241269230769231,3.4436923076923076,80,26,26,0.4914705012702225,-3.241269230769231
W1400,7,30,132,1.3947306418106435,2.0814924242424238,274.75699999999995,154.13899999999998,26.515151515151516,1.6891962989381453,0.5512886271338834,1.5677607650540386,3.4058875,-2.86,2.947923076923077,80,26,26,0.5512886271338834,-2.86
W1400,7,32,132,1.366285174371106,1.953007575757576,257.797,148.145,25.757575757575758,1.602703058057698,0.5874582878245705,1.61641369808218,3.0368625000000007,-2.6294615384615385,3.2005384615384616,80,26,26,0.5874582878245705,-2.6294615384615385
W1400,7,35,132,1.273957678262117,1.5049242424242422,198.64999999999998,139.16000000000003,23.484848484848484,1.3692494745473567,0.6416765729940442,1.7505574197945142,1.95885,-2.2838846153846157,3.8970384615384615,80,26,26,0.6416765729940442,-2.2838846153846157
W1400,7,40,132,1.188930773715085,1.0581969696969693,139.68199999999996,153.61600000000004,21.96969696969697,1.3153011151727,0.7271525896246055,1.3436992341610576,1.7003124999999997,-1.7390769230769236,1.8797307692307688,80,26,26,0.7271525896246055,-1.7390769230769236
W1400,7,45,132,1.136558065213958,0.7795075757575756,102.89499999999998,203.81600000000006,20.454545454545457,1.4209608889857281,0.44807640025682693,1.1119526532034825,2.2701000000000002,-3.6698461538461538,0.6424230769230768,80,26,26,0.44807640025682693,-3.6698461538461538
W1400,7,50,132,1.2036419907921683,1.1624393939393936,153.44199999999995,198.77600000000007,20.454545454545457,1.4920227253235299,0.4772297387189884,1.2114854856330888,2.6533124999999993,-3.476,1.2135769230769233,80,26,26,0.4772297387189884,-3.476
W1400,7,60,132,1.289549017968411,1.652818181818181,218.1719999999999,188.70600000000002,20.454545454545457,1.633117221780521,0.535478571717791,1.1698626647988897,3.4141874999999997,-3.088692307692308,0.9747307692307694,80,26,26,0.535478571717791,-3.088692307692308
W1400,7,75,132,1.2687492769018796,1.5485984848484848,204.415,173.013,19.696969696969695,1.6355064532311765,0.6262530440365803,0.9352064719799994,3.4836875000000007,-2.4851153846153844,-0.3718076923076921,80,26,26,0.6262530440365803,-2.4851153846153844
W1400,7,100,132,1.3509366092745878,2.022181818181818,266.928,154.706,19.696969696969695,1.7211611255529713,0.7705736382093834,0.9352064719799994,3.9532250000000007,-1.5254999999999999,-0.3718076923076921,80,26,26,0.7705736382093834,-1.5254999999999999
W1400,8,3,132,0.6479527838441588,-1.0673484848484847,-140.89,166.09999999999997,62.878787878787875,0.6398016956576917,0.5128821369905299,0.8663222126824482,-1.0998250000000003,-1.6994230769230767,-0.33534615384615374,80,26,26,0.5128821369905299,-1.6994230769230767
W1400,8,4,132,0.7540275021854661,-0.80575,-106.359,141.149,59.84848484848485,0.7185852511726856,0.5915243427113599,1.145973874647369,-0.9441500000000002,-1.5518461538461539,0.3661923076923079,80,26,26,0.5915243427113599,-1.5518461538461539
W1400,8,5,132,0.8238032944902489,-0.6203939393939396,-81.89200000000002,147.609,56.81818181818182,0.8061834954559987,0.6142599058325766,1.1977102778232627,-0.6896500000000001,-1.5849615384615385,0.557269230769231,80,26,26,0.6142599058325766,-1.5849615384615385
W1400,8,6,132,0.8811428502463073,-0.44764393939393965,-59.089000000000034,142.10300000000004,53.78787878787878,0.9312109483091409,0.6508984327436552,1.013259693215867,-0.25170000000000015,-1.5438076923076924,0.045615384615384884,80,26,26,0.6508984327436552,-1.5438076923076924
W1400,8,7,132,0.9072863434626414,-0.3720606060606062,-49.112000000000016,144.92900000000003,50.75757575757576,0.9700334794352167,0.6403403273253262,1.0452345304264004,-0.11580000000000017,-1.7022692307692304,0.16965384615384635,80,26,26,0.6403403273253262,-1.7022692307692304
W1400,8,8,132,0.8572335398527033,-0.625310606060606,-82.54099999999998,156.70000000000005,46.21212121212121,0.9988837707025173,0.5243287505925959,0.8597077391105562,-0.004537500000000039,-2.5469999999999997,-0.6136923076923075,80,26,26,0.5243287505925959,-2.5469999999999997
W1400,8,10,132,0.8671357544144412,-0.6387196969696968,-84.31099999999998,158.57200000000003,40.909090909090914,0.9268692958666536,0.5503910174600157,1.081207026922468,-0.34145000000000014,-2.5473461538461537,0.3552307692307695,80,26,26,0.5503910174600157,-2.5473461538461537
W1400,8,12,132,0.9115010441603419,-0.44753787878787893,-59.07500000000002,176.586,37.878787878787875,0.9952382172131148,0.5489062560352265,1.1055639492872626,-0.023237500000000112,-2.6950769230769227,0.4944615384615385,80,26,26,0.5489062560352265,-2.6950769230769227
W1400,8,15,132,0.9618341721659942,-0.2049166666666665,-27.048999999999978,195.85899999999998,34.090909090909086,1.1164990403824726,0.4446784308006416,1.1592603431810482,0.5933499999999999,-3.6613846153846152,0.7953461538461538,80,26,26,0.4446784308006416,-3.6613846153846152
W1400,8,18,132,1.0782199428092967,0.42958333333333365,56.70500000000004,201.01500000000001,32.57575757575758,1.267440349889577,0.40681621847568616,1.4002418286559257,1.3896000000000002,-4.093538461538461,1.9988076923076932,80,26,26,0.40681621847568616,-4.093538461538461
W1400,8,20,132,1.1543507236767607,0.8571060606060609,113.13800000000003,189.28799999999998,31.818181818181817,1.330271591885284,0.4478361432353351,1.5565601799081974,1.7493000000000003,-3.8104615384615386,2.779461538461538,80,26,26,0.4478361432353351,-3.8104615384615386
W1400,8,22,132,1.2134205667928901,1.1997954545454548,158.37300000000002,180.824,31.060606060606062,1.361073564987142,0.49426222655705726,1.7150272634854131,1.9534125000000002,-3.490076923076923,3.570846153846153,80,26,26,0.49426222655705726,-3.490076923076923
W1400,8,25,132,1.294320605802048,1.6724545454545456,220.764,168.74099999999993,30.303030303030305,1.4879771534723811,0.561605127490595,1.6399959377312225,2.6399625000000007,-3.0253461538461535,3.3933076923076935,80,26,26,0.561605127490595,-3.0253461538461535
W1400,8,27,132,1.310487528344671,1.784174242424243,235.51100000000008,160.8209999999999,29.545454545454547,1.4523401043873982,0.6057461334819562,1.7737098669606974,2.4948875000000004,-2.720730769230769,4.102269230769232,80,26,26,0.6057461334819562,-2.720730769230769
W1400,8,30,132,1.330756031479809,1.9421893939393937,256.36899999999997,147.51799999999986,28.030303030303028,1.5815325411736447,0.6798885328131531,1.370443037155031,3.20745,-2.209076923076923,2.200346153846154,80,26,26,0.6798885328131531,-2.209076923076923
W1400,8,32,132,1.3100985234254892,1.8398333333333339,242.85800000000006,139.7739999999999,27.27272727272727,1.509170830504891,0.7230486275602619,1.4129725319553985,2.8596625,-1.911230769230769,2.452961538461539,80,26,26,0.7230486275602619,-1.911230769230769
W1400,8,35,132,1.2295471634643922,1.4061363636363637,185.61,128.00900000000004,25.0,1.2983803527456488,0.7886192002229343,1.5302329797842444,1.7706375,-1.4587307692307692,3.1494615384615394,80,26,26,0.7886192002229343,-1.4587307692307692
W1400,8,40,132,1.223815972825967,1.3847121212121216,182.78200000000004,125.19099999999995,24.242424242424242,1.364390088744621,0.8953768984255259,1.1757864421798847,2.16235,-0.7220000000000001,1.0986923076923076,80,26,26,0.8953768984255259,-0.7220000000000001
W1400,8,45,132,1.1232833494832999,0.7874621212121211,103.945,188.98199999999997,21.96969696969697,1.3589420239004353,0.6549281122462589,0.969132629217684,2.1738875,-2.487769230769231,-0.20323076923076933,80,26,26,0.6549281122462589,-2.487769230769231
W1400,8,50,132,1.1773040981380294,1.1325151515151515,149.492,193.78199999999984,21.96969696969697,1.432205733627789,0.6293206007095414,1.0558813907841855,2.6176000000000004,-2.672384615384615,0.3679230769230769,80,26,26,0.6293206007095414,-2.672384615384615
W1400,8,60,132,1.2656525199285054,1.6968333333333332,223.98199999999997,183.71199999999982,21.96969696969697,1.5779818785989967,0.68304302595428,1.0196046359472848,3.5004749999999993,-2.2850769230769226,0.12907692307692328,80,26,26,0.68304302595428,-2.2850769230769226
W1400,8,75,132,1.239376630818985,1.5442803030303032,203.84500000000003,175.28599999999972,21.21212121212121,1.5664374960694774,0.7667635839846355,0.8150878586783812,3.4902249999999997,-1.6814999999999998,-1.2174615384615384,80,26,26,0.7667635839846355,-1.6814999999999998
W1400,8,100,132,1.3127860905672606,2.017863636363636,266.358,150.33599999999961,21.21212121212121,1.6426399316748386,0.8998692949931981,0.8150878586783812,3.9597625,-0.721884615384615,-1.2174615384615384,80,26,26,0.8150878586783812,-1.2174615384615384
W1400,9,3,132,0.5953299533857723,-1.3508560606060604,-178.313,203.52300000000002,63.63636363636363,0.5977052034399434,0.4599217019930401,0.7743593257503085,-1.340225,-2.101153846153846,-0.6332692307692306,80,26,26,0.4599217019930401,-2.101153846153846
W1400,9,4,132,0.692170609595532,-1.1123181818181818,-146.826,179.866,60.60606060606061,0.6703763830605501,0.5303097686491981,1.0243250650952447,-1.2106375,-1.9903846153846154,0.06826923076923096,80,26,26,0.5303097686491981,-1.9903846153846154
W1400,9,5,132,0.8047202070237909,-0.7328939393939394,-96.742,164.63400000000001,59.09090909090909,0.7915170341936993,0.6431806424091705,1.0706635764820687,-0.7902625000000001,-1.5120769230769233,0.22280769230769265,80,26,26,0.6431806424091705,-1.5120769230769233
W1400,9,6,132,0.8320691127778405,-0.6881515151515153,-90.83600000000001,158.15100000000007,55.3030303030303,0.8665824745635126,0.6779132359599549,0.9048522364217252,-0.5361500000000001,-1.4774615384615386,-0.36653846153846154,80,26,26,0.6779132359599549,-1.4774615384615386
W1400,9,7,132,0.8825386779184248,-0.5061515151515152,-66.81200000000001,157.97700000000003,53.03030303030303,0.9498856983888915,0.668960577941085,0.9296333454943451,-0.2071625,-1.6355384615384616,-0.2967307692307693,80,26,26,0.668960577941085,-1.6355384615384616
W1400,9,8,132,0.8598528382360121,-0.6522045454545453,-86.09099999999998,183.75400000000008,49.24242424242424,1.0281043404545909,0.5527330444971253,0.7653256105197244,0.11934999999999991,-2.5252692307692306,-1.1531538461538462,80,26,26,0.5527330444971253,-2.5252692307692306
W1400,9,10,132,0.8995507180288407,-0.5089772727272728,-67.185,186.203,44.696969696969695,1.0061825046284394,0.5846787120269802,0.9625078271759547,0.02976249999999998,-2.4913846153846158,-0.184230769230769,80,26,26,0.5846787120269802,-2.4913846153846158
W1400,9,12,132,0.9482032772766417,-0.2770151515151511,-36.565999999999946,201.824,41.66666666666667,1.0815798849949028,0.5915012482125113,0.9844983913424976,0.4121375000000002,-2.5929615384615383,-0.08153846153846164,80,26,26,0.5915012482125113,-2.5929615384615383
W1400,9,15,132,1.0084859532061814,0.04831818181818193,6.378000000000014,207.54399999999998,37.878787878787875,1.2200048794699851,0.5031887720368384,1.032358286752855,1.1610125,-3.5085000000000006,0.18146153846153826,80,26,26,0.5031887720368384,-3.5085000000000006
W1400,9,18,132,1.1327441902745943,0.774386363636364,102.21900000000005,211.76999999999998,36.36363636363637,1.3887350317615186,0.4732519468930131,1.246959980796269,2.0967250000000006,-3.9048846153846153,1.384923076923077,80,26,26,0.4732519468930131,-3.9048846153846153
W1400,9,20,132,1.2147774019856372,1.2676666666666667,167.332,198.233,35.60606060606061,1.461662433293156,0.5208282531661332,1.3861664551970094,2.5423,-3.5521923076923083,2.165576923076923,80,26,26,0.5208282531661332,-3.5521923076923083
W1400,9,22,132,1.2832973005892114,1.6915681818181811,223.28699999999992,183.29700000000005,34.84848484848485,1.5075640980018852,0.5755643525316095,1.5272864442234488,2.8526625,-3.146423076923077,2.9569615384615378,80,26,26,0.5755643525316095,-3.146423076923077
W1400,9,25,132,1.3756322190890025,2.268568181818182,299.451,167.4899999999999,34.090909090909086,1.655703432201128,0.6543376413151192,1.4602292911351524,3.685250000000001,-2.562461538461539,2.7405769230769224,80,26,26,0.6543376413151192,-2.562461538461539
W1400,9,27,132,1.4006673263054523,2.4480227272727273,323.139,157.499,33.33333333333333,1.6320821730357742,0.7061735056526048,1.5792862909736798,3.6260500000000007,-2.1781923076923078,3.449538461538461,80,26,26,0.7061735056526048,-2.1781923076923078
W1400,9,30,132,1.4332409307198672,2.706613636363637,357.2730000000001,141.51699999999994,31.818181818181817,1.7828053707068992,0.7890922108714715,1.2235467553114614,4.4906999999999995,-1.5635000000000001,1.4872307692307691,80,26,26,0.7890922108714715,-1.5635000000000001
W1400,9,32,132,1.4192515887216004,2.6574166666666668,350.779,131.743,31.060606060606062,1.7143266639912855,0.8398022236864635,1.26151756034109,4.20525,-1.1875769230769229,1.7398461538461538,80,26,26,0.8398022236864635,-1.1875769230769229
W1400,9,35,132,1.3527971114660648,2.3124621212121212,305.245,116.37700000000001,28.78787878787879,1.515341464195909,0.91952496329309,1.3662089897384015,3.217637500000001,-0.5965769230769231,2.4363461538461535,80,26,26,0.91952496329309,-0.5965769230769231
W1400,9,40,132,1.3130947233057957,2.095348484848485,276.586,112.27899999999988,27.27272727272727,1.5100565051727592,1.0420923198248446,1.049690976514215,3.24285,0.3120384615384616,0.34788461538461485,80,26,26,1.0420923198248446,0.3120384615384616
W1400,9,45,132,1.2399064890499818,1.6567196969696973,218.68700000000004,169.38899999999995,25.0,1.531248854655548,0.8449262509104062,0.8671562606173067,3.4425125000000003,-1.2038076923076924,-0.9775000000000003,80,26,26,0.8449262509104062,-1.2038076923076924
W1400,9,50,132,1.284996670509933,1.9680984848484857,259.7890000000001,171.80399999999992,25.0,1.5865475315536368,0.8329609132302449,0.9447769385568305,3.8008500000000005,-1.2966923076923076,-0.4063461538461537,80,26,26,0.8329609132302449,-1.2966923076923076
W1400,9,60,132,1.279414272756405,1.9486287878787882,257.21900000000005,220.90399999999994,24.242424242424242,1.688283053917512,0.6072317841847408,0.9123173823275751,4.4601,-3.1851538461538462,-0.6451923076923082,80,26,26,0.6072317841847408,-3.1851538461538462
W1400,9,75,132,1.2542988742144991,1.7910000000000004,236.41200000000006,229.9359999999999,23.484848484848484,1.673588625592417,0.6816601611595138,0.7293207537307583,4.4414750000000005,-2.5815769230769234,-1.9917307692307693,80,26,26,0.6816601611595138,-2.5815769230769234
W1400,9,100,132,1.3215415925357819,2.2645833333333334,298.925,204.98599999999988,23.484848484848484,1.7447981042654028,0.7999924115590927,0.7293207537307583,4.9110125,-1.6219615384615387,-1.9917307692307693,80,26,26,0.7293207537307583,-1.9917307692307693
W1400,10,3,132,0.631974470538302,-1.2283939393939394,-162.148,187.35799999999998,67.42424242424242,0.6290688702769794,0.48639772560168626,0.854303882100232,-1.2439500000000001,-2.0149999999999997,-0.3939230769230768,80,26,26,0.48639772560168626,-2.0149999999999997
W1400,10,4,132,0.7301504735589327,-0.9825303030303032,-129.69400000000002,162.73399999999998,64.39393939393939,0.7027997345079346,0.5574036873353868,1.1214561076575102,-1.1082375000000002,-1.9066538461538463,0.32838461538461555,80,26,26,0.5574036873353868,-1.9066538461538463
W1400,10,5,132,0.8467114822680313,-0.5818181818181819,-76.80000000000001,136.305,62.878787878787875,0.827976047748968,0.677541181197268,1.1543092403945423,-0.6636125000000002,-1.3891153846153848,0.4771538461538464,80,26,26,0.677541181197268,-1.3891153846153848
W1400,10,6,132,0.843937105800835,-0.6654545454545455,-87.84,145.939,58.333333333333336,0.8578619797879831,0.7103662027117646,0.9587699249013031,-0.6032,-1.3621923076923077,-0.16026923076923077,80,26,26,0.7103662027117646,-1.3621923076923077
W1400,10,7,132,0.8969840474781048,-0.46275,-61.083,146.685,56.060606060606055,0.9392460258420409,0.7106846457347584,0.9858552957160982,-0.2654250000000001,-1.4721923076923074,-0.06046153846153836,80,26,26,0.7106846457347584,-1.4721923076923074
W1400,10,8,132,0.9005030408162298,-0.47754545454545455,-63.036,148.54899999999998,53.03030303030303,1.0214412000177913,0.5851969412783148,0.9381969226204705,0.09641249999999993,-2.4326923076923075,-0.2884230769230766,80,26,26,0.5851969412783148,-2.4326923076923075
W1400,10,10,132,0.9640192735186974,-0.1873636363636364,-24.732000000000006,158.03799999999998,49.24242424242424,0.9866617982391447,0.7295484057134612,1.1815027567848224,-0.06894999999999998,-1.5861153846153848,0.8470384615384622,80,26,26,0.7295484057134612,-1.5861153846153848
W1400,10,12,132,1.0203220195058407,0.11204545454545459,14.790000000000006,151.78500000000003,46.21212121212121,1.0639646220817023,0.7498338379735618,1.2107623318385652,0.34696249999999995,-1.5634615384615385,1.0647307692307695,80,26,26,0.7498338379735618,-1.5634615384615385
W1400,10,15,132,1.0572076574542464,0.34166666666666684,45.10000000000002,147.71000000000004,41.66666666666667,1.200647477261215,0.6711896531890068,1.0923703513315803,1.1388500000000001,-2.3086153846153845,0.5390769230769232,80,26,26,0.6711896531890068,-2.3086153846153845
W1400,10,18,132,1.228202385663973,1.3803409090909093,182.20500000000004,149.04199999999997,40.909090909090914,1.438982976193098,0.6609544772593949,1.3175626248047612,2.4916125,-2.511923076923077,1.8533076923076925,80,26,26,0.6609544772593949,-2.511923076923077
W1400,10,20,132,1.2792531485345937,1.731530303030303,228.562,133.85699999999994,39.39393939393939,1.442964712830356,0.7294540282096674,1.4656939309463084,2.6251750000000005,-2.004423076923077,2.7178076923076926,80,26,26,0.7294540282096674,-2.004423076923077
W1400,10,22,132,1.3541528126934779,2.223068181818182,293.445,118.93199999999993,38.63636363636363,1.491273540582012,0.8052370100036859,1.613423225712911,2.9735375000000004,-1.4429615384615386,3.579961538461539,80,26,26,0.8052370100036859,-1.4429615384615386
W1400,10,25,132,1.4591026003341192,2.9167727272727273,385.014,97.80199999999985,37.878787878787875,1.6440666065008045,0.914929735398097,1.5534346662380933,3.8983500000000006,-0.6302692307692305,3.4435769230769235,80,26,26,0.914929735398097,-0.6302692307692305
W1400,10,27,132,1.4908120184337008,3.155560606060607,416.5340000000001,83.80099999999987,37.121212121212125,1.6255531029403734,0.9876134953719325,1.6783164479499562,3.8648000000000002,-0.09176923076923081,4.220615384615384,80,26,26,0.9876134953719325,-0.09176923076923081
W1400,10,30,132,1.4989976320205993,3.2886212121212117,434.09799999999996,93.33899999999988,34.84848484848485,1.780618180420308,0.9408538852398067,1.3281161585918573,4.822825,-0.44053846153846166,2.2971538461538463,80,26,26,0.9408538852398067,-0.44053846153846166
W1400,10,32,132,1.4940162160262236,3.300803030303031,435.7060000000001,87.23799999999994,34.090909090909086,1.72459726161601,1.0022720700623788,1.3758453416251437,4.58565,0.01692307692307704,2.631307692307693,80,26,26,1.0022720700623788,0.01692307692307704
W1400,10,35,132,1.3274865804781104,2.320666666666667,306.32800000000003,139.826,30.303030303030305,1.4423984513443395,0.8699527797139296,1.4925807709845245,3.0394875,-1.019,3.4485769230769225,80,26,26,0.8699527797139296,-1.019
W1400,10,40,132,1.2978364682722827,2.1559772727272724,284.58899999999994,126.26199999999992,28.78787878787879,1.4439207586813128,0.9859124510371775,1.2029965588509377,3.1058250000000003,-0.11038461538461536,1.4997307692307695,80,26,26,0.9859124510371775,-0.11038461538461536
W1400,10,45,132,1.237764556972296,1.7760075757575762,234.43300000000005,188.0779999999999,26.515151515151516,1.471504871824106,0.7979094728764866,1.0435969863515167,3.36015,-1.661230769230769,0.33896153846153904,80,26,26,0.7979094728764866,-1.661230769230769
W1400,10,50,132,1.2894305001683593,2.1619318181818183,285.375,190.49299999999988,26.515151515151516,1.530382466695316,0.7866099585450529,1.1414960400104877,3.7797375000000004,-1.7541153846153843,1.1001153846153844,80,26,26,0.7866099585450529,-1.7541153846153843
W1400,10,60,132,1.3031530966210012,2.287439393939394,301.942,240.5959999999999,25.757575757575758,1.640605842680863,0.572232427383203,1.1604426481718753,4.5652375,-3.6811538461538467,1.2474230769230776,80,26,26,0.572232427383203,-3.6811538461538467
W1400,10,75,132,1.2409580843083978,1.8368636363636364,242.466,261.03999999999996,25.0,1.6524997932346375,0.642370934509683,0.7219498681652462,4.733625000000001,-3.077576923076923,-2.1618076923076917,80,26,26,0.642370934509683,-3.077576923076923
W1400,10,100,132,1.3128213639046844,2.384689393939394,314.779,236.08999999999997,25.0,1.734108358834395,0.7538828030374135,0.7219498681652462,5.325662500000001,-2.117961538461538,-2.1618076923076917,80,26,26,0.7219498681652462,-2.1618076923076917
W1400,11,3,132,0.6463683855369996,-1.198977272727273,-158.26500000000001,183.475,69.6969696969697,0.611462429494137,0.6455959598231861,0.7736055648589463,-1.3647625,-1.211884615384615,-0.6759615384615387,80,26,26,0.611462429494137,-1.3647625
W1400,11,4,132,0.7390917077456197,-0.9719545454545455,-128.298,162.71299999999997,66.66666666666666,0.6801473045620491,0.709668057682108,1.0155223496071104,-1.2561375000000001,-1.1158461538461533,0.04634615384615378,80,26,26,0.6801473045620491,-1.2561375000000001
W1400,11,5,132,0.8541711211236506,-0.5683636363636364,-75.024,124.424,65.15151515151516,0.7994992159907209,0.8615389234140923,1.0468471517202482,-0.8167625000000001,-0.532153846153846,0.1597307692307693,80,26,26,0.7994992159907209,-0.8167625000000001
W1400,11,6,132,0.8762086667964565,-0.5346969696969697,-70.58,132.694,61.36363636363637,0.8715950176176763,0.8955647449931079,0.8713245211761533,-0.5584750000000002,-0.44584615384615395,-0.5503846153846154,80,26,26,0.8713245211761533,-0.5584750000000002
W1400,11,7,132,0.8728183018150321,-0.6029318181818183,-79.58700000000002,151.05700000000002,57.57575757575758,0.9067688067444877,0.7569821102154565,0.8965305621471239,-0.43128750000000016,-1.2476538461538458,-0.486346153846154,80,26,26,0.7569821102154565,-1.2476538461538458
W1400,11,8,132,0.8753437404930776,-0.6332575757575758,-83.59,153.211,54.54545454545454,0.9862349452913858,0.6230831315577078,0.853742312884356,-0.06557500000000002,-2.2631538461538456,-0.7500769230769229,80,26,26,0.6230831315577078,-2.2631538461538456
W1400,11,10,132,0.9361784688371966,-0.3526212121212121,-46.546,163.92000000000002,50.75757575757576,0.9504957247857848,0.7771436258119067,1.0751462426878655,-0.27218749999999997,-1.3381153846153846,0.38538461538461555,80,26,26,0.7771436258119067,-1.3381153846153846
W1400,11,12,132,0.9897825730512456,-0.05995454545454579,-7.914000000000044,156.79700000000003,47.72727272727273,1.024254872920293,0.8007224275479325,1.0979701739850871,0.14022499999999988,-1.2816153846153842,0.5457692307692308,80,26,26,0.8007224275479325,-1.2816153846153842
W1400,11,15,132,1.0260108362645417,0.16587878787878788,21.896,140.48399999999998,43.18181818181818,1.1561828167747097,0.725167500434895,0.9900430056146218,0.9462375000000002,-2.005230769230769,-0.06411538461538474,80,26,26,0.725167500434895,-2.005230769230769
W1400,11,18,132,1.192130967636793,1.2414469696969699,163.87100000000004,128.52400000000003,42.42424242424242,1.3855311317523655,0.7236605564436213,1.194140485007765,2.33575,-2.1343076923076927,1.250115384615385,80,26,26,0.7236605564436213,-2.1343076923076927
W1400,11,20,132,1.2419146065464584,1.6041742424242424,211.751,111.46600000000007,40.909090909090914,1.3886117038269945,0.7993785201009905,1.3283956516545214,2.4632250000000004,-1.5494999999999997,2.114615384615384,80,26,26,0.7993785201009905,-1.5494999999999997
W1400,11,22,132,1.3134415262636274,2.1084166666666664,278.311,94.84300000000002,40.15151515151515,1.4318236483743163,0.88297951805429,1.462286465177398,2.8051750000000006,-0.903807692307692,2.9767692307692304,80,26,26,0.88297951805429,-0.903807692307692
W1400,11,25,132,1.4172960347032983,2.8421969696969693,375.16999999999996,72.95699999999988,39.39393939393939,1.5806530444169498,1.003241854280891,1.4075049005880704,3.7719874999999994,0.02503846153846194,2.798461538461538,80,26,26,1.003241854280891,0.02503846153846194
W1400,11,27,132,1.4027827533126205,2.810856060606061,371.033,99.62299999999999,37.878787878787875,1.4828750878993304,1.0818779847717506,1.5206552786334362,3.2703500000000005,0.6323846153846154,3.5755,80,26,26,1.0818779847717506,0.6323846153846154
W1400,11,30,132,1.411382770873156,2.946189393939394,388.897,115.16099999999994,35.60606060606061,1.624329796442684,1.052339004548202,1.1986365213942187,4.228375,0.4063076923076924,1.540884615384615,80,26,26,1.052339004548202,0.4063076923076924
W1400,11,32,132,1.4099311863358712,2.973143939393939,392.4549999999999,107.137,34.84848484848485,1.576513072367471,1.1209286655634716,1.2417125291288613,3.9912,0.9387692307692311,1.8750384615384612,80,26,26,1.1209286655634716,0.9387692307692311
W1400,11,35,132,1.260315705847812,1.9982878787878788,263.774,149.44800000000004,31.060606060606062,1.3240713678503966,0.9987502231744331,1.3470672814715652,2.4255,-0.010230769230768889,2.6923076923076916,80,26,26,0.9987502231744331,-0.010230769230768889
W1400,11,40,132,1.233446146567082,1.8315530303030305,241.76500000000001,125.82400000000007,29.545454545454547,1.3248384881077084,1.1189073379753613,1.0860043237146348,2.4769625,0.9733846153846156,0.7038461538461532,80,26,26,1.0860043237146348,0.7038461538461532
W1400,11,45,132,1.1767043211251054,1.4308257575757575,188.869,189.42000000000002,27.27272727272727,1.3507029418583683,0.928042583214997,0.942627345844504,2.7227875,-0.6197692307692306,-0.49384615384615366,80,26,26,0.928042583214997,-0.6197692307692306
W1400,11,50,132,1.2243652476231286,1.8167499999999999,239.81099999999998,191.83499999999992,27.27272727272727,1.4047470310930215,0.917258348292831,1.0310545129579982,3.142375,-0.712653846153846,0.2673076923076922,80,26,26,0.917258348292831,-0.712653846153846
W1400,11,60,132,1.2363774921084967,1.9339242424242422,255.27799999999996,243.03799999999995,26.515151515151516,1.5059217135938587,0.7033375167513987,1.0481680071492403,3.927874999999999,-2.682,0.41461538461538416,80,26,26,0.7033375167513987,-2.682
W1400,11,75,132,1.1787630638706639,1.4774848484848484,195.028,267.91499999999996,25.757575757575758,1.5171823561888282,0.7701006147497393,0.6521000893655049,4.086587499999999,-2.0784230769230767,-2.9946153846153845,80,26,26,0.6521000893655049,-2.9946153846153845
W1400,11,100,132,1.2450453076391448,2.0253106060606063,267.341,242.9649999999997,25.757575757575758,1.5921082813530745,0.8762459849822382,0.6521000893655049,4.678625000000001,-1.118807692307692,-2.9946153846153845,80,26,26,0.6521000893655049,-2.9946153846153845
W1400,12,3,132,0.6372141865259052,-1.274598484848485,-168.247,193.45699999999997,71.21212121212122,0.5605509465724062,0.7168891990018568,0.8678453494771601,-1.6837875000000004,-0.9207307692307692,-0.3694230769230768,80,26,26,0.5605509465724062,-1.6837875000000004
W1400,12,4,132,0.7265359686449732,-1.0608560606060604,-140.033,183.77800000000002,68.18181818181817,0.6232987393315715,0.778141408701596,1.1449504678040723,-1.6143250000000002,-0.8239230769230768,0.40519230769230785,80,26,26,0.6232987393315715,-1.6143250000000002
W1400,12,5,132,0.8372374564872018,-0.6620378787878787,-87.38899999999998,140.56200000000007,66.66666666666666,0.7333100668723121,0.9440123450397175,1.1501822457378013,-1.18445,-0.20792307692307713,0.4912692307692309,80,26,26,0.7333100668723121,-1.18445
W1400,12,6,132,0.8563899140535428,-0.6500151515151514,-85.80199999999999,135.44000000000003,62.878787878787875,0.7987442089543589,0.9708286540125559,0.9430142006413191,-0.9551624999999999,-0.12188461538461523,-0.23923076923076925,80,26,26,0.7987442089543589,-0.9551624999999999
W1400,12,7,132,0.8426199115316362,-0.7948636363636365,-104.92200000000003,158.47699999999998,59.09090909090909,0.8132676405866786,0.8146818137332401,0.9731479953803003,-0.9631375000000002,-0.9467692307692306,-0.12519230769230766,80,26,26,0.8132676405866786,-0.9631375000000002
W1400,12,8,132,0.8432132762737461,-0.8501439393939394,-112.219,156.12399999999997,56.060606060606055,0.8849168324524127,0.6714007311263678,0.9123600537393644,-0.6110125,-1.9844615384615383,-0.4516153846153843,80,26,26,0.6714007311263678,-1.9844615384615383
W1400,12,10,132,0.9314199076196183,-0.39784090909090913,-52.51500000000001,143.773,53.03030303030303,0.9021798887412085,0.8373753327643966,1.1452455590386623,-0.5804999999999999,-0.9821153846153845,0.748461538461539,80,26,26,0.8373753327643966,-0.9821153846153845
W1400,12,12,132,1.0161526177413263,0.09815909090909089,12.956999999999997,133.63,50.75757575757576,0.9734204426386825,1.0058846756422832,1.1732876712328768,-0.16583750000000022,0.03553846153846193,0.9730769230769231,80,26,26,0.9734204426386825,-0.16583750000000022
W1400,12,15,132,1.0556930777933966,0.36918181818181806,48.731999999999985,112.02000000000001,46.21212121212121,1.0993051296600922,0.9238210732298873,1.0621371659576466,0.6497124999999999,-0.5315384615384615,0.40673076923076945,80,26,26,0.9238210732298873,-0.5315384615384615
W1400,12,18,132,1.2278468597454426,1.5311136363636364,202.107,108.43199999999997,45.45454545454545,1.3174164655803229,0.9388631840153022,1.2808364867088162,2.076725,-0.45484615384615373,1.8382692307692308,80,26,26,0.9388631840153022,-0.45484615384615373
W1400,12,20,132,1.280963773444102,1.9395227272727276,256.01700000000005,100.91699999999997,43.93939393939394,1.3224985253484836,1.0372683330317676,1.4243072367029401,2.20745,0.27726923076923116,2.777384615384615,80,26,26,1.0372683330317676,0.27726923076923116
W1400,12,22,132,1.3588232301419008,2.5112651515151514,331.48699999999997,93.03899999999999,43.18181818181818,1.3683402535550186,1.1462351694367616,1.5691235574776128,2.579275,1.0879615384615384,3.7253076923076924,80,26,26,1.1462351694367616,1.0879615384615384
W1400,12,25,132,1.4694220562952578,3.328227272727273,439.326,82.53499999999997,42.42424242424242,1.5109961906053977,1.3045312378835268,1.5166412448287592,3.5782125000000002,2.2656538461538465,3.6216153846153847,80,26,26,1.3045312378835268,2.2656538461538465
W1400,12,27,132,1.4589665970120023,3.337848484848485,440.596,104.14500000000001,40.909090909090914,1.4213263823400044,1.4041047380256935,1.6378595178263782,3.0771625,3.0064615384615387,4.471346153846155,80,26,26,1.4041047380256935,3.0064615384615387
W1400,12,30,132,1.476213823339231,3.554037878787879,469.13300000000004,103.64499999999998,38.63636363636363,1.5576563331684585,1.4007980993715994,1.3167093048045428,4.07285,2.9976923076923083,2.514038461538461,80,26,26,1.3167093048045428,2.514038461538461
W1400,12,32,132,1.482599547915175,3.645666666666666,481.22799999999995,101.38499999999999,37.878787878787875,1.517905176519517,1.4953872736061542,1.368543713781809,3.8603874999999994,3.7051538461538462,2.9254999999999995,80,26,26,1.368543713781809,2.9254999999999995
W1400,12,35,132,1.2911904128078306,2.3617196969696965,311.74699999999996,112.17099999999996,33.33333333333333,1.2824960698825225,1.3686519890353634,1.2436715524265534,2.2799375000000004,2.927692307692308,2.0473846153846154,80,26,26,1.2436715524265534,2.0473846153846154
W1400,12,40,132,1.2257087597449388,1.8937272727272727,249.972,123.30600000000003,31.060606060606062,1.2052260952818399,1.541131914646313,1.002698973348723,1.7202000000000006,4.297461538461539,0.023923076923077054,80,26,26,1.002698973348723,0.023923076923077054
W1400,12,45,132,1.2304136845952949,1.9770227272727272,260.967,147.304,29.545454545454547,1.2271257891441845,1.6644646991021008,0.8700529554415428,1.9409374999999998,5.276923076923078,-1.2118461538461536,80,26,26,0.8700529554415428,-1.2118461538461536
W1400,12,50,132,1.288001433866442,2.471143939393939,326.191,147.30400000000012,29.545454545454547,1.276225331016365,1.7219370211446998,0.9516719732088359,2.3605250000000004,5.7333461538461545,-0.4506923076923074,80,26,26,0.9516719732088359,-0.4506923076923074
W1400,12,60,132,1.3169189856453816,2.748189393939394,362.761,147.3040000000001,28.78787878787879,1.3681434414000104,1.544399141532703,0.9674678720490952,3.1460250000000003,4.5756538461538465,-0.30338461538461464,80,26,26,0.9674678720490952,-0.30338461538461464
W1400,12,75,132,1.2497257409317293,2.188416666666667,288.87100000000004,147.30400000000014,28.030303030303028,1.3784401428086857,1.558722183325783,0.6018938581586024,3.291275000000001,4.696038461538462,-3.7126153846153844,80,26,26,0.6018938581586024,-3.7126153846153844
W1400,12,100,132,1.2694819032239386,2.3615454545454546,311.724,147.30400000000014,28.030303030303028,1.4465142952414352,1.4465631563774146,0.6018938581586024,3.8833125,3.7533461538461546,-3.7126153846153844,80,26,26,0.6018938581586024,-3.7126153846153844
W1400,13,3,132,0.6499799543908508,-1.230219696969697,-162.389,187.59899999999996,72.72727272727273,0.6064883960417647,0.6615518934846666,0.7979127134724858,-1.4425249999999998,-1.192769230769231,-0.614423076923077,80,26,26,0.6064883960417647,-1.4425249999999998
W1400,13,4,132,0.7636257749314762,-0.9009242424242424,-118.922,156.29699999999994,70.45454545454545,0.7072612366588165,0.7172997794686244,1.0526881720430106,-1.1684375,-1.138923076923077,0.16019230769230772,80,26,26,0.7072612366588165,-1.1684375
W1400,13,5,132,0.8768926565397946,-0.49430303030303024,-65.24799999999999,146.63199999999995,68.93939393939394,0.8288064384286199,0.8702015332181352,1.0574316290130799,-0.7120624999999999,-0.5229230769230769,0.20434615384615398,80,26,26,0.8288064384286199,-0.7120624999999999
W1400,13,6,132,0.8900821851542674,-0.49576515151515155,-65.441,158.059,65.15151515151516,0.8959528068972822,0.894627906384928,0.8678020403001433,-0.4667374999999999,-0.47776923076923095,-0.6030769230769232,80,26,26,0.8678020403001433,-0.6030769230769232
W1400,13,7,132,0.8183226708597254,-0.9567196969696969,-126.28699999999999,179.305,59.84848484848485,0.8176048104225822,0.7495826608573982,0.8959820750417743,-0.9554999999999998,-1.3904615384615384,-0.5267307692307692,80,26,26,0.7495826608573982,-1.3904615384615384
W1400,13,8,132,0.8171048640646067,-1.0369696969696969,-136.88,182.189,56.81818181818182,0.8883548170604709,0.6178144247730563,0.8392008787587535,-0.6030374999999999,-2.5082692307692307,-0.9008461538461537,80,26,26,0.6178144247730563,-2.5082692307692307
W1400,13,10,132,0.9302123200696191,-0.41676515151515137,-55.012999999999984,170.96800000000002,54.54545454545454,0.9499167362296979,0.7705421450213026,1.0534120554716462,-0.2954874999999998,-1.5059230769230774,0.2992307692307692,80,26,26,0.7705421450213026,-1.5059230769230774
W1400,13,12,132,1.0455686783941378,0.2811590909090911,37.11300000000002,136.23799999999997,53.03030303030303,1.0767232742520008,0.9256023019626459,1.0793270745384664,0.4652250000000001,-0.4882692307692306,0.4842307692307693,80,26,26,0.9256023019626459,-0.4882692307692306
W1400,13,15,132,1.1186480941582984,0.7908030303030302,104.386,125.42100000000002,49.24242424242424,1.2143758522932928,0.8513670029565058,1.1401059248050283,1.36965,-1.1253461538461536,0.9258846153846151,80,26,26,0.8513670029565058,-1.1253461538461536
W1400,13,18,132,1.2610182798141363,1.793318181818182,236.71800000000002,123.93099999999995,47.72727272727273,1.3823101586358684,0.8654064254195774,1.3734314980793854,2.5100000000000007,-1.0863461538461534,2.4678076923076926,80,26,26,0.8654064254195774,-1.0863461538461534
W1400,13,20,132,1.3146065731399408,2.2258939393939396,293.81800000000004,116.416,46.21212121212121,1.3842440352884937,0.9561123447730326,1.5286346176230936,2.6524750000000004,-0.35423076923076874,3.4934615384615384,80,26,26,0.9561123447730326,-0.35423076923076874
W1400,13,22,132,1.395285019992419,2.836196969696969,374.37799999999993,108.5380000000001,45.45454545454545,1.4335317056779295,1.0565536039341639,1.6831335118146895,3.064175,0.4564615384615384,4.514461538461537,80,26,26,1.0565536039341639,0.4564615384615384
W1400,13,25,132,1.5111784182837578,3.7180833333333325,490.7869999999999,96.42800000000005,44.696969696969695,1.5856358378947184,1.2024645706062311,1.6339140785629256,4.1392375,1.6341538461538467,4.506153846153846,80,26,26,1.2024645706062311,1.6341538461538467
W1400,13,27,132,1.520771051991515,3.8442727272727275,507.444,90.10400000000004,43.18181818181818,1.5260886439493908,1.2942474291650388,1.7612974786278541,3.8124000000000002,2.374961538461539,5.411653846153846,80,26,26,1.2942474291650388,2.374961538461539
W1400,13,30,132,1.5058546398494324,3.8442499999999997,507.441,115.27400000000006,40.909090909090914,1.6301103090205005,1.291733252403014,1.3793666478449085,4.5662125,2.366192307692308,3.100884615384615,80,26,26,1.291733252403014,2.366192307692308
W1400,13,32,132,1.5417131874441754,4.116757575757576,543.412,113.01400000000007,40.909090909090914,1.6419760752757724,1.3789578008450263,1.4297054394880482,4.652200000000001,3.0736538461538463,3.512346153846153,80,26,26,1.3789578008450263,3.0736538461538463
W1400,13,35,132,1.3427228093918802,2.8086212121212126,370.73800000000006,127.36000000000001,36.36363636363637,1.3866775686301802,1.2621175377717038,1.2995166940096663,3.0562125,2.257346153846154,2.598076923076923,80,26,26,1.2621175377717038,2.257346153846154
W1400,13,40,132,1.2777872410253486,2.359712121212121,311.48199999999997,117.40399999999997,34.090909090909086,1.3084893890226243,1.4211718048688988,1.0583969145635952,2.5405875,3.6271153846153843,0.5357692307692307,80,26,26,1.0583969145635952,0.5357692307692307
W1400,13,45,132,1.2838049376241876,2.4681590909090905,325.79699999999997,119.80399999999997,32.57575757575758,1.336021073310117,1.5349044933031428,0.9216215144183095,2.822325,4.606576923076923,-0.7600000000000002,80,26,26,0.9216215144183095,-0.7600000000000002
W1400,13,50,132,1.3448296588472952,2.998871212121212,395.851,129.644,32.57575757575758,1.3931645682650238,1.587903229408113,1.0001189956764904,3.3022875,5.062999999999999,0.0011538461538455826,80,26,26,1.0001189956764904,0.0011538461538455826
W1400,13,60,132,1.380371251834044,3.346598484848484,441.7509999999999,129.644,31.818181818181817,1.5025939816055003,1.4221255867654372,1.0153107770417675,4.2214125,3.8529999999999998,0.1484615384615378,80,26,26,1.0153107770417675,0.1484615384615378
W1400,13,75,132,1.3246350554504573,2.888666666666667,381.30400000000003,136.608,31.060606060606062,1.5294964196784864,1.4353146411144542,0.6637182182380708,4.5347,3.973384615384615,-3.26076923076923,80,26,26,0.6637182182380708,-3.26076923076923
W1400,13,100,132,1.3428886682865617,3.0510909090909086,402.7439999999999,136.608,31.060606060606062,1.5965635919396788,1.3320354966753472,0.6637182182380708,5.109075,3.030692307692308,-3.26076923076923,80,26,26,0.6637182182380708,-3.26076923076923
W1400,14,3,132,0.6535379727614642,-1.2359166666666666,-163.141,188.35099999999997,74.24242424242425,0.6015382212073773,0.7466056982061202,0.7445113314447592,-1.4985500000000003,-0.8312307692307689,-0.8325000000000001,80,26,26,0.6015382212073773,-1.4985500000000003
W1400,14,4,132,0.7646771027645717,-0.9145984848484848,-120.727,154.47199999999995,71.96969696969697,0.6990517364563096,0.7964080893450047,0.982235599622285,-1.2373375000000002,-0.7782692307692307,-0.05788461538461528,80,26,26,0.6990517364563096,-1.2373375000000002
W1400,14,5,132,0.8770086058710467,-0.5046439393939394,-66.613,148.83399999999997,70.45454545454545,0.8185043007837891,0.9695240969916491,0.9867157554972766,-0.7783374999999999,-0.11649999999999996,-0.05065384615384616,80,26,26,0.8185043007837891,-0.7783374999999999
W1400,14,6,132,0.9149556055779616,-0.38610606060606056,-50.965999999999994,162.19400000000002,67.42424242424242,0.9317513550040908,0.9838397181858213,0.806535025858016,-0.3055124999999999,-0.07057692307692322,-0.9496153846153847,80,26,26,0.806535025858016,-0.9496153846153847
W1400,14,7,132,0.8321457072038665,-0.901909090909091,-119.052,188.54699999999997,62.121212121212125,0.8465949123552005,0.7899854156538647,0.832615753811406,-0.8083125000000002,-1.1796923076923074,-0.9121153846153847,80,26,26,0.7899854156538647,-1.1796923076923074
W1400,14,8,132,0.8303565596578364,-0.9837803030303031,-129.859,194.91499999999996,59.09090909090909,0.9178828347006137,0.6517709481808159,0.785187564234327,-0.44718750000000007,-2.3323846153846155,-1.2862307692307693,80,26,26,0.6517709481808159,-2.3323846153846155
W1400,14,10,132,0.9164527687969719,-0.5205454545454545,-68.712,178.75,56.060606060606055,0.9306529113353593,0.8144581495773614,0.9856115107913667,-0.42701249999999985,-1.2427307692307694,-0.08615384615384596,80,26,26,0.8144581495773614,-1.2427307692307694
W1400,14,12,132,1.0295738552871336,0.19058333333333324,25.15699999999999,142.14,54.54545454545454,1.0546932056388738,0.9771912899669241,1.0083588415352014,0.34636249999999985,-0.1527692307692304,0.054615384615384684,80,26,26,0.9771912899669241,-0.1527692307692304
W1400,14,15,132,1.1352856090773986,0.9296212121212121,122.71,117.08999999999996,51.515151515151516,1.1896642315020671,0.9024219093600052,1.2414822227454672,1.2679125,-0.7594615384615385,1.5778076923076927,80,26,26,0.9024219093600052,-0.7594615384615385
W1400,14,18,132,1.28126964509466,1.9930681818181821,263.08500000000004,111.64799999999994,50.0,1.3560164690022045,0.9217345930420487,1.4980751118436546,2.4427625,-0.6518846153846158,3.254346153846154,80,26,26,0.9217345930420487,-0.6518846153846158
W1400,14,20,132,1.3366396542633796,2.4572348484848487,324.355,102.02300000000002,48.484848484848484,1.3593827438612303,1.0193758715909826,1.663821521073699,2.592362500000001,0.16138461538461557,4.337307692307692,80,26,26,1.0193758715909826,0.16138461538461557
W1400,14,22,132,1.4203541090397238,3.113015151515151,410.91799999999995,91.38500000000002,47.72727272727273,1.408547251460801,1.129452617774453,1.8322698375323756,3.0187250000000003,1.0782307692307695,5.4379230769230755,80,26,26,1.129452617774453,1.0782307692307695
W1400,14,25,132,1.5389244444623738,4.048310606060607,534.3770000000001,77.10500000000002,46.96969696969697,1.5590512151632343,1.2808670194589906,1.778128228832454,4.130787500000001,2.339384615384616,5.503461538461538,80,26,26,1.2808670194589906,2.339384615384616
W1400,14,27,132,1.5536807788451505,4.220159090909091,557.0609999999999,97.121,45.45454545454545,1.5054395474666362,1.3791824822911183,1.918065147642613,3.8265375000000006,3.158269230769231,6.493192307692307,80,26,26,1.3791824822911183,3.158269230769231
W1400,14,30,132,1.495403358176272,3.941954545454545,520.338,94.121,42.42424242424242,1.609896360481263,1.3901785509111384,1.2908670571139194,4.61735,3.265269230769231,2.5404999999999998,80,26,26,1.2908670571139194,2.5404999999999998
W1400,14,32,132,1.5337731307815055,4.247265151515151,560.639,92.011,42.42424242424242,1.6248536713024044,1.4845968242296117,1.33797613281078,4.7305875,4.055423076923077,2.9519615384615383,80,26,26,1.33797613281078,2.9519615384615383
W1400,14,35,132,1.3337977559755516,2.8713181818181814,379.01399999999995,97.63400000000001,37.878787878787875,1.3630680317788462,1.3731442509011633,1.215544772095724,3.0075874999999996,3.3245,1.9988461538461533,80,26,26,1.215544772095724,1.9988461538461533
W1400,14,40,132,1.2854947983202354,2.5226363636363636,332.988,100.49600000000001,35.60606060606061,1.3075638363775755,1.546616590040795,0.9896127312637187,2.6127125,4.870038461538461,-0.10192307692307742,80,26,26,0.9896127312637187,-0.10192307692307742
W1400,14,45,132,1.2933757296456687,2.6554015151515156,350.51300000000003,110.93999999999994,34.090909090909086,1.3320962262709652,1.677920956636232,0.8628244643321326,2.8802,6.039884615384616,-1.4207692307692312,80,26,26,0.8628244643321326,-1.4207692307692312
W1400,14,50,132,1.3459085438222638,3.130886363636364,413.27700000000004,110.93999999999994,34.090909090909086,1.387437430007365,1.6976796391029376,0.936314010917598,3.3601625000000004,6.215923076923077,-0.6596153846153843,80,26,26,0.936314010917598,-0.6596153846153843
W1400,14,60,132,1.3791368721437585,3.4724772727272724,458.36699999999996,110.93999999999983,33.33333333333333,1.493415467633676,1.5260837380319041,0.9505365962345426,4.2792875,4.9747692307692315,-0.5123076923076926,80,26,26,0.9505365962345426,-0.5123076923076926
W1400,14,75,132,1.3246313107651453,3.007878787878788,397.03999999999996,124.00999999999999,32.57575757575758,1.51776741531607,1.538814456890451,0.6213747261316797,4.581574999999999,5.095153846153847,-3.9215384615384608,80,26,26,0.6213747261316797,-3.9215384615384608
W1400,14,100,132,1.3421612707258666,3.1703030303030304,418.48,124.0099999999997,32.57575757575758,1.5826779884644238,1.4391243868511605,0.6213747261316797,5.15595,4.152461538461538,-3.9215384615384608,80,26,26,0.6213747261316797,-3.9215384615384608
W1400,15,3,132,0.6408271290410349,-1.320090909090909,-174.25199999999998,199.46200000000002,75.0,0.5666378624787881,0.8904609645616841,0.6955011577902747,-1.7301874999999995,-0.31623076923076915,-1.0621153846153848,80,26,26,0.5666378624787881,-1.7301874999999995
W1400,15,4,132,0.7474438379667598,-1.014787878787879,-133.95200000000003,166.99200000000002,72.72727272727273,0.6577791763813993,0.9239849123585533,0.9175763590252508,-1.4953125,-0.26353846153846155,-0.28750000000000003,80,26,26,0.6577791763813993,-1.4953125
W1400,15,5,132,0.8561488601003931,-0.6111439393939395,-80.67100000000002,150.51500000000004,71.21212121212122,0.7698803273519857,1.1259263368094077,0.9236427155131717,-1.0491875,0.4365769230769231,-0.3110384615384614,80,26,26,0.7698803273519857,-1.0491875
W1400,15,6,132,0.9245020988132839,-0.3467727272727273,-45.774,165.15499999999997,68.93939393939394,0.8785918348539304,1.1154101155521878,0.9020094269412057,-0.5763624999999999,0.4686538461538461,-0.455769230769231,80,26,26,0.8785918348539304,-0.5763624999999999
W1400,15,7,132,0.8372155536372691,-0.8900227272727271,-117.48299999999998,192.35100000000003,63.63636363636363,0.8004010236420035,0.8810466455513966,0.9126195866501132,-1.1124124999999998,-0.635576923076923,-0.46019230769230757,80,26,26,0.8004010236420035,-1.1124124999999998
W1400,15,8,132,0.8600530035105375,-0.8133030303030302,-107.35599999999998,173.03499999999997,61.36363636363637,0.8674082284727629,0.8411993769470407,0.8568571992369927,-0.7640749999999998,-0.9410769230769229,-0.8369999999999997,80,26,26,0.8411993769470407,-0.9410769230769229
W1400,15,10,132,0.9615356787666302,-0.2376212121212118,-31.365999999999957,159.60399999999998,58.333333333333336,0.9000700897423565,1.0518756490134997,1.0759060711701638,-0.6362374999999997,0.3074230769230772,0.44384615384615395,80,26,26,0.9000700897423565,-0.6362374999999997
W1400,15,12,132,1.0787310312854435,0.5043181818181821,66.57000000000004,120.934,56.81818181818182,1.0189707220049313,1.2612409138110074,1.0979828814269468,0.12435000000000018,1.5481538461538464,0.6296153846153849,80,26,26,1.0189707220049313,0.12435000000000018
W1400,15,15,132,1.185948176153886,1.2776287878787878,168.647,94.84399999999997,53.78787878787878,1.1471359284568092,1.1489174498129624,1.3558568264799182,1.0200749999999998,1.0610769230769233,2.286653846153847,80,26,26,1.1471359284568092,1.0200749999999998
W1400,15,18,132,1.3372641106834064,2.3948409090909095,316.119,75.018,52.27272727272727,1.306653067601515,1.1769406791068213,1.6341234213204043,2.1835500000000003,1.3650769230769233,4.07473076923077,80,26,26,1.1769406791068213,1.3650769230769233
W1400,15,20,132,1.3927348546371663,2.879621212121212,380.10999999999996,70.988,50.75757575757576,1.3070025341679483,1.300403316266757,1.8115819716286585,2.303275,2.317576923076923,5.215038461538461,80,26,26,1.300403316266757,2.303275
W1400,15,22,132,1.4801889585607733,3.5754469696969697,471.959,78.05799999999999,50.0,1.3533917204699581,1.439684525916435,1.9957263422517504,2.7176,3.392115384615385,6.398307692307692,80,26,26,1.3533917204699581,2.7176
W1400,15,25,132,1.6044087421245623,4.569151515151515,603.1279999999999,75.108,49.24242424242424,1.4980022886717257,1.6322194359554707,1.9332747542424071,3.8296625000000004,4.8775,6.536153846153845,80,26,26,1.4980022886717257,3.8296625000000004
W1400,15,27,132,1.6222622913304738,4.779181818181819,630.8520000000001,92.241,47.72727272727273,1.4446854595033969,1.7589026208079286,2.0872260969850074,3.5081625,5.854846153846154,7.614346153846155,80,26,26,1.4446854595033969,3.5081625
W1400,15,30,132,1.5649324279122707,4.542189393939394,599.569,89.24099999999999,44.696969696969695,1.5449267738505885,1.7988433342922616,1.4138469615435094,4.298975,6.194538461538461,3.6381923076923077,80,26,26,1.4138469615435094,3.6381923076923077
W1400,15,32,132,1.609114576217527,4.8974242424242425,646.46,87.13099999999999,44.696969696969695,1.5592804617771072,1.9232592974694218,1.4696198101238136,4.4122125,7.159307692307693,4.1285,80,26,26,1.4696198101238136,4.1285
W1400,15,35,132,1.4061703462694395,3.5455378787878784,468.01099999999997,84.06099999999999,40.15151515151515,1.3057056831338834,1.7926326374346155,1.3475619766869151,2.6436625000000005,6.609153846153846,3.2569230769230773,80,26,26,1.3057056831338834,2.6436625000000005
W1400,15,40,132,1.3798072827031542,3.377234848484849,445.7950000000001,110.15299999999995,37.878787878787875,1.2728629626022039,2.0221777355461867,1.1302128810416106,2.3811250000000004,8.523153846153845,1.2962692307692314,80,26,26,1.1302128810416106,1.2962692307692314
W1400,15,45,132,1.4251894847528919,3.8291212121212124,505.444,121.38000000000011,37.121212121212125,1.3431320869311119,2.208511305663441,1.0142418930762491,2.9943250000000003,10.076846153846155,0.15000000000000008,80,26,26,1.0142418930762491,0.15000000000000008
W1400,15,50,132,1.4914414300736072,4.425765151515152,584.201,121.38000000000011,37.121212121212125,1.3981329750356677,2.2754734909637717,1.1086145194274029,3.4742875,10.635192307692307,1.1439615384615387,80,26,26,1.1086145194274029,1.1439615384615387
W1400,15,60,132,1.547303644504837,4.991977272727273,658.941,122.35000000000014,36.36363636363637,1.5034593104870826,2.134457656850026,1.1615907099035934,4.3934125,10.12376923076923,1.7019230769230775,80,26,26,1.1615907099035934,1.7019230769230775
W1400,15,75,132,1.487842045003461,4.50619696969697,594.818,126.54000000000008,35.60606060606061,1.524826084945397,2.085699139302046,0.88493280747882,4.6802875,9.688653846153846,-1.211923076923076,80,26,26,0.88493280747882,-1.211923076923076
W1400,15,100,132,1.4499345517533238,4.156045454545455,548.5980000000001,126.54000000000008,35.60606060606061,1.5892338766762497,1.7074575146215212,0.8688285130002923,5.2546625,6.313269230769231,-1.3815384615384605,80,26,26,0.8688285130002923,-1.3815384615384605
W1400,16,3,132,0.6534901459553062,-1.273371212121212,-168.08499999999998,193.295,76.51515151515152,0.6077919208852328,0.8294922868808718,0.6522953142289833,-1.5090499999999998,-0.528423076923077,-1.2931538461538457,80,26,26,0.6077919208852328,-1.5090499999999998
W1400,16,4,132,0.7600986607645273,-0.96894696969697,-127.90100000000004,160.941,74.24242424242425,0.7024415504934297,0.8623999502987254,0.8605747851536241,-1.2641250000000002,-0.5111153846153846,-0.5185384615384615,80,26,26,0.7024415504934297,-1.2641250000000002
W1400,16,5,132,0.8692021935255618,-0.5601515151515152,-73.94,151.409,72.72727272727273,0.8204092410724318,1.0508816799030825,0.8676328416720623,-0.7991250000000002,0.18899999999999986,-0.5739999999999998,80,26,26,0.8204092410724318,-0.7991250000000002
W1400,16,6,132,0.9316284918154923,-0.31842424242424244,-42.032000000000004,162.764,70.45454545454545,0.9263166351986503,1.045991100215833,0.8470456680929049,-0.34391249999999995,0.19915384615384607,-0.7575769230769231,80,26,26,0.8470456680929049,-0.7575769230769231
W1400,16,7,132,0.842274267878354,-0.878189393939394,-115.921,189.73000000000002,65.15151515151516,0.8385174021825204,0.8330327305396557,0.8631550591599495,-0.8947125000000001,-0.9435384615384615,-0.7620000000000002,80,26,26,0.8330327305396557,-0.9435384615384615
W1400,16,8,132,0.8623642604667779,-0.8171287878787877,-107.86099999999998,169.803,62.878787878787875,0.905244348874563,0.7950827214339609,0.808179319672182,-0.5442125000000001,-1.284807692307692,-1.1891923076923074,80,26,26,0.7950827214339609,-1.284807692307692
W1400,16,10,132,0.9643072823304991,-0.22566666666666674,-29.78800000000001,159.43200000000002,59.84848484848485,0.9388142580589539,0.9942091929062612,1.014784070675675,-0.39033750000000006,-0.03630769230769248,0.09165384615384653,80,26,26,0.9388142580589539,-0.39033750000000006
W1400,16,12,132,1.0796537934660781,0.5233181818181817,69.07799999999999,122.54200000000003,58.333333333333336,1.0609763047219596,1.1920965298097743,1.0318545143635005,0.40124999999999955,1.204423076923077,0.21780769230769273,80,26,26,1.0318545143635005,0.21780769230769273
W1400,16,15,132,1.1874222912251091,1.3224090909090909,174.558,99.22199999999998,55.3030303030303,1.1933592456194688,1.0913225386342893,1.2741974496138417,1.3500124999999996,0.6850384615384614,1.8748461538461536,80,26,26,1.0913225386342893,0.6850384615384614
W1400,16,18,132,1.3368737967348947,2.461636363636364,324.93600000000004,82.055,53.78787878787878,1.3563921405045578,1.1165770393177914,1.5357048437086909,2.56315,0.9479999999999998,3.662923076923078,80,26,26,1.1165770393177914,0.9479999999999998
W1400,16,20,132,1.3922980240000884,2.962780303030303,391.087,77.041,52.27272727272727,1.3567355871681164,1.2337074506576613,1.7024755733306332,2.7098750000000003,1.9004999999999999,4.803230769230769,80,26,26,1.2337074506576613,1.9004999999999999
W1400,16,22,132,1.4503890486941846,3.474318181818182,458.61,84.11099999999999,50.75757575757576,1.3586547862235612,1.3658451220492736,1.8755294554413673,2.820125,2.9750384615384613,5.986500000000001,80,26,26,1.3586547862235612,2.820125
W1400,16,25,132,1.572149712890117,4.483022727272727,591.759,81.161,50.0,1.5048207997837995,1.5485051860890788,1.8164883873331366,3.9694374999999993,4.460423076923077,6.085884615384615,80,26,26,1.5048207997837995,3.9694374999999993
W1400,16,27,132,1.5903343397963865,4.701234848484849,620.5630000000001,99.284,48.484848484848484,1.4534442349429855,1.668690967738884,1.9611397493253246,3.6614375000000003,5.437769230769231,7.164076923076923,80,26,26,1.4534442349429855,3.6614375000000003
W1400,16,30,132,1.4873774235436352,4.1229545454545455,544.23,96.284,44.696969696969695,1.4728665191350516,1.7070291539974962,1.3343532064066195,3.9130000000000003,5.777461538461538,3.1144615384615397,80,26,26,1.3343532064066195,3.1144615384615397
W1400,16,32,132,1.5293699905968747,4.478189393939394,591.1210000000001,94.17399999999999,44.696969696969695,1.4865507058103788,1.8250948422747086,1.3869902183023863,4.026237500000001,6.742230769230769,3.604769230769231,80,26,26,1.3869902183023863,3.604769230769231
W1400,16,35,132,1.3828090477992367,3.4718257575757576,458.281,92.457,40.909090909090914,1.2434812055536744,1.9947566107183539,1.2712917752471375,2.2109249999999996,8.128615384615383,2.6947307692307687,80,26,26,1.2434812055536744,2.2109249999999996
W1400,16,40,132,1.3605058206263323,3.3314015151515153,439.745,120.399,38.63636363636363,1.2127249278388503,2.2517674081465513,1.065278743804783,1.9483875000000002,10.22876923076923,0.689461538461538,80,26,26,1.065278743804783,0.689461538461538
W1400,16,45,132,1.4071643529754392,3.812909090909091,503.304,131.00999999999988,37.878787878787875,1.2796740977297385,2.466473373560892,0.9546724779755746,2.5615875,11.98323076923077,-0.5071923076923078,80,26,26,0.9546724779755746,-0.5071923076923078
W1400,16,50,132,1.4747872374850337,4.4461666666666675,586.8940000000001,131.00999999999988,37.878787878787875,1.3320763986980286,2.557550198156812,1.0435023218883086,3.04155,12.727461538461538,0.486769230769231,80,26,26,1.0435023218883086,0.486769230769231
W1400,16,60,132,1.531171137788057,5.038818181818182,665.124,133.8699999999999,37.121212121212125,1.4324264570410856,2.4051469880361624,1.093367064590086,3.9606749999999997,12.350269230769232,1.0447307692307688,80,26,26,1.093367064590086,1.0447307692307688
W1400,16,75,132,1.472764576569504,4.543901515151516,599.7950000000001,140.9169999999998,36.36363636363637,1.4519171222345606,2.35564190756251,0.832958096017214,4.232475000000001,11.915153846153848,-1.8691153846153843,80,26,26,0.832958096017214,-1.8691153846153843
W1400,16,100,132,1.4363334980692788,4.1937500000000005,553.575,140.9169999999998,36.36363636363637,1.5132452806013499,1.9716088604160649,0.8177996542087878,4.806849999999999,8.539769230769231,-2.038730769230769,80,26,26,0.8177996542087878,-2.038730769230769
W1400,18,3,132,0.6329876311073241,-1.4195454545454542,-187.37999999999997,212.59,78.03030303030303,0.6200753990535011,0.740259164913058,0.5808545906621236,-1.4801625,-0.9019999999999998,-1.750576923076923,80,26,26,0.5808545906621236,-1.750576923076923
W1400,18,4,132,0.7315635314626527,-1.1490606060606061,-151.67600000000002,184.71599999999992,75.75757575757575,0.7091219855507518,0.7688359641835133,0.7663228658255824,-1.2657375000000002,-0.9631538461538462,-0.9759615384615384,80,26,26,0.7091219855507518,-1.2657375000000002
W1400,18,5,132,0.8333236468703037,-0.7604166666666667,-100.37500000000001,176.93200000000002,74.24242424242425,0.825772815984496,0.9368688267331302,0.7670587312789149,-0.7978625000000004,-0.2630384615384616,-1.142576923076923,80,26,26,0.7670587312789149,-1.142576923076923
W1400,18,6,132,0.8581567118153569,-0.724810606060606,-95.675,175.67200000000003,71.21212121212122,0.8745533961767233,0.9313167259786477,0.7492787470806431,-0.6311249999999998,-0.3340384615384615,-1.4038461538461537,80,26,26,0.7492787470806431,-1.4038461538461537
W1400,18,7,132,0.8129736392701687,-1.1034696969696969,-145.658,203.73499999999996,66.66666666666666,0.8053314283405939,0.7514104870247472,0.9065462288775932,-1.1445125,-1.5573846153846156,-0.5232692307692307,80,26,26,0.7514104870247472,-1.5573846153846156
W1400,18,8,132,0.8303249660681135,-1.0711212121212124,-141.38800000000003,192.456,64.39393939393939,0.86780545718789,0.7164961276306409,0.8442450872696203,-0.8072625000000002,-1.9724999999999997,-0.9816153846153843,80,26,26,0.7164961276306409,-1.9724999999999997
W1400,18,10,132,0.9266262685259546,-0.4948863636363637,-65.325,170.51700000000002,61.36363636363637,0.8969274930895174,0.8959407839820451,1.0593799585011594,-0.7028874999999999,-0.724,0.37423076923076953,80,26,26,0.8959407839820451,-0.724
W1400,18,12,132,1.0367988428512058,0.25826515151515145,34.090999999999994,131.647,59.84848484848485,1.0124827466300486,1.0742687827879953,1.0748927746618278,0.08794999999999957,0.5167307692307694,0.5238461538461539,80,26,26,1.0124827466300486,0.08794999999999957
W1400,18,15,132,1.137252782015705,1.0386666666666666,137.10399999999998,107.50699999999998,56.81818181818182,1.1361654320823027,0.9802923674950719,1.3282360057186846,1.0211249999999996,-0.1645769230769232,2.2958846153846157,80,26,26,0.9802923674950719,-0.1645769230769232
W1400,18,18,132,1.2812051941025293,2.2049469696969695,291.053,90.601,55.3030303030303,1.2923677116403403,1.0039335924543062,1.6017980864401187,2.2585625,0.035576923076922284,4.209346153846154,80,26,26,1.0039335924543062,0.035576923076922284
W1400,18,20,132,1.3333681861889335,2.7052575757575754,357.09399999999994,86.32599999999996,53.78787878787878,1.2912959599850802,1.1092475569201459,1.774502364456175,2.3819125,0.9880769230769229,5.417346153846154,80,26,26,1.1092475569201459,0.9880769230769229
W1400,18,22,132,1.3912472091762922,3.2432348484848483,428.10699999999997,89.12800000000001,52.27272727272727,1.2964617386078203,1.2280548066373524,1.955218299791048,2.5095375000000004,2.0626153846153845,6.681384615384615,80,26,26,1.2280548066373524,2.0626153846153845
W1400,18,25,132,1.5080827941357604,4.281371212121213,565.1410000000001,86.178,51.515151515151516,1.436775413948969,1.3922876072701293,1.8857714428607149,3.6972875000000003,3.5479999999999996,6.811923076923076,80,26,26,1.3922876072701293,3.5479999999999996
W1400,18,27,132,1.5260521485086533,4.507007575757576,594.925,106.328,50.0,1.388150671150585,1.5003487076554085,2.0361740435108775,3.3760375000000002,4.5253461538461535,7.968576923076923,80,26,26,1.388150671150585,3.3760375000000002
W1400,18,30,132,1.4266711310831128,3.9000909090909093,514.812,103.328,46.21212121212121,1.404149332394874,1.5355680600895076,1.3889552943026773,3.6174749999999998,4.865038461538462,3.8047307692307695,80,26,26,1.3889552943026773,3.6174749999999998
W1400,18,32,132,1.4693380784333878,4.290098484848484,566.2929999999999,103.00999999999999,46.21212121212121,1.4205290845689025,1.6417747405591474,1.4466283961781938,3.764087500000001,5.829807692307692,4.368884615384615,80,26,26,1.4205290845689025,3.764087500000001
W1400,18,35,132,1.3274211858957596,3.224969696969697,425.69599999999997,120.08000000000004,42.42424242424242,1.18707859413121,1.7943949767339455,1.329881819179686,1.8489375000000006,7.216192307692307,3.467692307692307,80,26,26,1.18707859413121,1.8489375000000006
W1400,18,40,132,1.3133335094878056,3.144242424242424,415.03999999999996,139.256,40.15151515151515,1.1652567149421422,2.025590542846376,1.1410588073835175,1.646275,9.316346153846153,1.5812692307692302,80,26,26,1.1410588073835175,1.5812692307692302
W1400,18,45,132,1.3624211102464525,3.686962121212121,486.679,139.25600000000003,39.39393939393939,1.2331351621298092,2.218730549874884,1.042102544233501,2.322475,11.070807692307692,0.5015384615384619,80,26,26,1.042102544233501,0.5015384615384619
W1400,18,50,132,1.4323504771550168,4.398363636363637,580.5840000000001,139.25599999999997,39.39393939393939,1.2879438461943853,2.3006592401590304,1.1417893581299237,2.868475000000001,11.815038461538462,1.6890384615384617,80,26,26,1.1417893581299237,1.6890384615384617
W1400,18,60,132,1.497354637320777,5.127545454545455,676.836,139.25600000000003,38.63636363636363,1.3927391041390091,2.1622081999071585,1.2208769210900168,3.9124375000000016,11.362730769230769,2.6311538461538455,80,26,26,1.2208769210900168,2.6311538461538455
W1400,18,75,132,1.459173453988233,4.796689393939395,633.1630000000001,143.8599999999998,37.878787878787875,1.4184964190227989,2.1177035224510026,1.0257329200568257,4.263437500000001,10.927615384615384,0.3065384615384619,80,26,26,1.0257329200568257,0.3065384615384619
W1400,18,100,132,1.4435235137089273,4.6332045454545465,611.5830000000001,143.8599999999998,37.878787878787875,1.4748767179426776,1.7724608376147726,1.0910499806276637,4.837812500000001,7.552230769230769,1.0846153846153852,80,26,26,1.0910499806276637,1.0846153846153852
W1400,20,3,132,0.5783582089552237,-1.7848863636363639,-235.60500000000002,260.81500000000005,78.03030303030303,0.5760760701085011,0.6548251200156756,0.520292006928978,-1.7777250000000002,-1.3550769230769228,-2.2367307692307685,80,26,26,0.520292006928978,-2.2367307692307685
W1400,20,4,132,0.6964554977315187,-1.3786439393939394,-181.981,226.286,76.51515151515152,0.7055933442014728,0.6798465431393356,0.6864225026808545,-1.3093,-1.5085384615384614,-1.4621153846153847,80,26,26,0.6798465431393356,-1.5085384615384614
W1400,20,5,132,0.788636367172488,-1.0291439393939392,-135.84699999999998,229.085,75.0,0.8115640675837211,0.8284303322177782,0.692601246105919,-0.8926375000000002,-0.808423076923077,-1.6698846153846152,80,26,26,0.692601246105919,-1.6698846153846152
W1400,20,6,132,0.8079008477725422,-1.0534848484848485,-139.06,231.90800000000002,71.96969696969697,0.8526522125390312,0.8262471058724479,0.6753761377004521,-0.7733125,-0.9524999999999999,-2.016538461538462,80,26,26,0.6753761377004521,-2.016538461538462
W1400,20,7,132,0.7923657543536647,-1.2849696969696973,-169.61600000000004,223.44400000000002,68.18181818181817,0.7833212861516969,0.7951559430255403,0.8171320661259365,-1.3339500000000002,-1.283269230769231,-1.1359615384615382,80,26,26,0.7833212861516969,-1.3339500000000002
W1400,20,8,132,0.7785583591477623,-1.5082272727272727,-199.086,258.04200000000003,65.15151515151516,0.841601112760511,0.6350198670305282,0.7616892412729874,-1.0163625,-2.865192307692308,-1.6646923076923075,80,26,26,0.6350198670305282,-2.865192307692308
W1400,20,10,132,0.86720594206857,-0.9686893939393941,-127.86700000000002,219.00799999999998,62.121212121212125,0.8651991614255764,0.7940589984664905,0.955786807620306,-0.9725375000000002,-1.6166923076923079,-0.3088461538461533,80,26,26,0.7940589984664905,-1.6166923076923079
W1400,20,12,132,0.9697415002337854,-0.22993181818181818,-30.351,180.138,60.60606060606061,0.9759631645039766,0.952108452919302,0.9691621219633119,-0.1794500000000002,-0.3759615384615383,-0.23923076923076897,80,26,26,0.952108452919302,-0.3759615384615383
W1400,20,15,132,1.0396591881466297,0.3282954545454544,43.33499999999998,157.965,56.81818181818182,1.0539123066884781,0.8714905151270722,1.1975855230540406,0.43584999999999957,-1.207153846153846,1.5328076923076925,80,26,26,0.8714905151270722,-1.207153846153846
W1400,20,18,132,1.170471667053566,1.4631363636363637,193.13400000000001,119.03799999999995,55.3030303030303,1.19771072268343,0.892916173394707,1.444238968765493,1.6480374999999998,-1.0889230769230769,3.4462692307692318,80,26,26,0.892916173394707,-1.0889230769230769
W1400,20,20,132,1.2174928545185955,1.9329166666666666,255.14499999999998,103.77299999999995,53.78787878787878,1.194732033243379,0.9865842634582871,1.5999553792761527,1.7210124999999998,-0.1364230769230768,4.6542692307692315,80,26,26,0.9865842634582871,-0.1364230769230768
W1400,20,22,132,1.2703842819029754,2.4545833333333333,324.005,99.255,52.27272727272727,1.199035265261082,1.092253518463185,1.762895389191869,1.821725,0.9381153846153848,5.918307692307692,80,26,26,1.092253518463185,0.9381153846153848
W1400,20,25,132,1.3870344385065652,3.545977272727273,468.069,93.18800000000002,51.515151515151516,1.3288046521410175,1.2383250564504844,1.772231622485429,3.009475,2.4235,6.31923076923077,80,26,26,1.2383250564504844,2.4235
W1400,20,27,132,1.4032011395705632,3.756909090909091,495.91200000000003,105.09700000000001,50.0,1.2831043616645368,1.3344364974602008,1.9135786802030454,2.6639624999999993,3.400846153846154,7.475884615384615,80,26,26,1.2831043616645368,2.6639624999999993
W1400,20,30,132,1.310887035667697,3.0927348484848483,408.241,114.31799999999996,46.21212121212121,1.3006753916068265,1.366418253471882,1.2859685909617105,2.9053999999999993,3.7405384615384616,3.021346153846154,80,26,26,1.2859685909617105,2.9053999999999993
W1400,20,32,132,1.3500912691552904,3.4827424242424243,459.722,112.39800000000005,46.21212121212121,1.3158480944539235,1.4609257849882074,1.3393654121981233,3.052012500000001,4.705307692307692,3.5855,80,26,26,1.3158480944539235,3.052012500000001
W1400,20,35,132,1.2152247770536937,2.315598484848485,305.659,137.178,42.42424242424242,1.0912879232703803,1.5967342079286257,1.2333224751279233,0.9814125000000002,6.091692307692307,2.6446923076923077,80,26,26,1.0912879232703803,0.9814125000000002
W1400,20,40,132,1.2026661928734683,2.2208560606060606,293.153,160.249,40.15151515151515,1.0719103924945401,1.8024625308004731,1.056766907736696,0.7787500000000005,8.191846153846154,0.6871153846153846,80,26,26,1.056766907736696,0.6871153846153846
W1400,20,45,132,1.2471159063456874,2.746378787878788,362.522,160.24900000000002,39.39393939393939,1.1343512366740691,1.9743272875238305,0.9627786826075804,1.4549500000000002,9.946307692307691,-0.47992307692307684,80,26,26,0.9627786826075804,-0.47992307692307684
W1400,20,50,132,1.3111269710131885,3.4577803030303027,456.42699999999996,160.24900000000002,39.39393939393939,1.1847693096140615,2.0472311599062607,1.0548774303629065,2.00095,10.690538461538463,0.7075769230769231,80,26,26,1.0548774303629065,0.7075769230769231
W1400,20,60,132,1.370330843116329,4.171886363636364,550.6890000000001,160.24900000000002,38.63636363636363,1.2811696346536525,1.925651221862135,1.127944922711626,3.0449125,10.161692307692308,1.649692307692307,80,26,26,1.127944922711626,1.649692307692307
W1400,20,75,132,1.3350190690280235,3.82519696969697,504.92600000000004,163.22799999999972,37.878787878787875,1.3041005399929835,1.8860155907856702,0.9476550987656533,3.3697875,9.726576923076923,-0.6749230769230766,80,26,26,0.9476550987656533,-0.6749230769230766
W1400,20,100,132,1.3207007104772166,3.6617121212121213,483.346,163.22799999999984,37.878787878787875,1.3559340006068858,1.5785442760795303,1.0080002863637179,3.9441625,6.351192307692307,0.10315384615384665,80,26,26,1.0080002863637179,0.10315384615384665
W1400,22,3,132,0.5780286340717061,-1.8240000000000003,-240.76800000000003,265.978,79.54545454545455,0.616622761288412,0.5871222768798314,0.47583303786295705,-1.5535500000000004,-1.8077692307692308,-2.6723846153846154,80,26,26,0.47583303786295705,-2.6723846153846154
W1400,22,4,132,0.6922131207524892,-1.4338181818181819,-189.264,241.97600000000003,78.03030303030303,0.748384264847725,0.6120517342739564,0.6277676773010854,-1.0891250000000003,-2.0304615384615383,-1.8977692307692307,80,26,26,0.6120517342739564,-2.0304615384615383
W1400,22,5,132,0.783474169300082,-1.0828030303030305,-142.93000000000004,245.735,76.51515151515152,0.860321163615892,0.7458186360964139,0.6329250697153801,-0.6450875000000001,-1.3303461538461538,-2.1820769230769232,80,26,26,0.6329250697153801,-2.1820769230769232
W1400,22,6,132,0.7969825721442725,-1.1518409090909092,-152.043,251.358,73.48484848484848,0.8945026095743216,0.7436537004294013,0.616664876446545,-0.5455124999999998,-1.5613461538461537,-2.607961538461538,80,26,26,0.616664876446545,-2.607961538461538
W1400,22,7,132,0.7911648604033588,-1.3225909090909092,-174.58200000000002,232.68399999999997,69.6969696969697,0.8353640831963368,0.7180517824471918,0.7460977912452582,-0.9851875000000001,-1.9559615384615385,-1.7273846153846155,80,26,26,0.7180517824471918,-1.9559615384615385
W1400,22,8,132,0.7740971343948287,-1.583219696969697,-208.985,282.54499999999996,66.66666666666666,0.8945912336346742,0.5760789368416375,0.6946875768942988,-0.6601000000000005,-3.668384615384616,-2.338423076923077,80,26,26,0.5760789368416375,-3.668384615384616
W1400,22,10,132,0.8298988355731945,-1.3124090909090906,-173.23799999999997,264.5030000000001,62.878787878787875,0.8573582315072507,0.7203564602871239,0.8717114348413404,-1.059675,-2.4198846153846154,-0.9825769230769232,80,26,26,0.7203564602871239,-2.4198846153846154
W1400,22,12,132,0.9418007787058105,-0.46100000000000013,-60.85200000000002,218.526,61.36363636363637,0.965266645465697,0.8637361660518245,0.956982772547695,-0.26758750000000014,-1.1791538461538456,-0.3379615384615387,80,26,26,0.8637361660518245,-1.1791538461538456
W1400,22,15,132,1.0064448042863936,0.05584090909090895,7.370999999999981,198.583,57.57575757575758,1.0400596550576173,0.7895019918840922,1.1825356029118752,0.33542499999999975,-2.182653846153846,1.4340769230769228,80,26,26,0.7895019918840922,-2.182653846153846
W1400,22,18,132,1.1312015645762172,1.1811212121212122,155.90800000000002,156.89900000000003,56.060606060606055,1.1798892962279253,0.8091991609081933,1.426089383013409,1.5567125000000002,-2.1409615384615384,3.3475384615384622,80,26,26,0.8091991609081933,-2.1409615384615384
W1400,22,20,132,1.1746544709348483,1.631575757575757,215.36799999999994,131.12599999999998,54.54545454545454,1.1734152039484576,0.894085225403093,1.5798489232230366,1.5977999999999999,-1.1884615384615382,4.555538461538462,80,26,26,0.894085225403093,-1.1884615384615382
W1400,22,22,132,1.225509464862536,2.153090909090909,284.20799999999997,116.62499999999993,53.03030303030303,1.1777629199693305,0.9898472633541734,1.7407412846911152,1.6982624999999998,-0.11392307692307664,5.819576923076924,80,26,26,0.9898472633541734,-0.11392307692307664
W1400,22,25,132,1.340364163218241,3.278204545454545,432.72299999999996,108.32099999999991,52.27272727272727,1.307912524434698,1.1222235932872655,1.7511041346417306,2.94165,1.3714615384615387,6.2205,80,26,26,1.1222235932872655,1.3714615384615387
W1400,22,27,132,1.3612329020304008,3.5240075757575755,465.169,122.32099999999997,50.75757575757576,1.271943432117901,1.209323927827136,1.8907661370845272,2.653675,2.3488076923076924,7.377153846153847,80,26,26,1.209323927827136,2.3488076923076924
W1400,22,30,132,1.2245358168492386,2.391219696969697,315.641,129.45099999999996,46.21212121212121,1.2113072936368916,1.2387565708352262,1.24863208347472,2.1924874999999995,2.6885,2.7054230769230765,80,26,26,1.2113072936368916,2.1924874999999995
W1400,22,32,132,1.2611575750720794,2.7812272727272727,367.122,127.53099999999995,46.21212121212121,1.2254374953316967,1.324434455598403,1.300478594050447,2.3390999999999997,3.6532692307692303,3.269576923076923,80,26,26,1.2254374953316967,2.3390999999999997
W1400,22,35,132,1.1391243394659758,1.596833333333333,210.78199999999998,155.362,42.42424242424242,1.0176549866690379,1.4475545733696302,1.2115585896094025,0.20353750000000037,5.039653846153846,2.441076923076923,80,26,26,1.0176549866690379,0.20353750000000037
W1400,22,40,132,1.1270723207465634,1.4858787878787876,196.13599999999997,181.42100000000002,40.15151515151515,1.0000753834324447,1.6340621168080172,1.032380130501456,0.0008749999999997371,7.139807692307692,0.4011923076923073,80,26,26,1.0000753834324447,0.0008749999999997371
W1400,22,45,132,1.1685616451918046,1.9992803030303032,263.90500000000003,181.421,39.39393939393939,1.0583317000256305,1.7898698983164316,0.9375145234001022,0.6770750000000005,8.89426923076923,-0.8273846153846157,80,26,26,0.9375145234001022,-0.8273846153846157
W1400,22,50,132,1.2285407334687848,2.710681818181818,357.80999999999995,181.421,39.39393939393939,1.10537096187106,1.855962509948048,1.0271965190314636,1.2230750000000001,9.6385,0.36011538461538434,80,26,26,1.0271965190314636,0.36011538461538434
W1400,22,60,132,1.283437131541555,3.4091818181818185,450.01200000000006,181.421,38.63636363636363,1.1953109351207103,1.7457517834568885,1.0983466561323605,2.2670375,9.030423076923078,1.302230769230769,80,26,26,1.0983466561323605,1.302230769230769
W1400,22,75,132,1.2494997857555379,3.0437272727272733,401.77200000000005,183.01200000000006,37.878787878787875,1.2153868797308665,1.7098190180346715,0.9227877956964262,2.5609500000000005,8.595307692307692,-1.0223846153846152,80,26,26,0.9227877956964262,-1.0223846153846152
W1400,22,100,132,1.2360986393924154,2.8802424242424243,380.192,183.01200000000006,37.878787878787875,1.2636942809083265,1.431072488073231,0.9815494725101084,3.1353249999999995,5.219923076923077,-0.24430769230769192,80,26,26,0.9815494725101084,-0.24430769230769192
W1400,25,3,132,0.539185887024295,-2.155810606060606,-284.567,309.7770000000001,80.3030303030303,0.5948626153904747,0.5322768177112368,0.4187690877705484,-1.7286249999999999,-2.2589230769230766,-3.3671153846153845,80,26,26,0.4187690877705484,-3.3671153846153845
W1400,25,4,132,0.6433601195422538,-1.804492424242424,-238.19299999999998,283.492,78.78787878787878,0.7181997047354216,0.5522710695577216,0.5524830699774266,-1.2908250000000003,-2.5969999999999995,-2.5925000000000002,80,26,26,0.5522710695577216,-2.5969999999999995
W1400,25,5,132,0.7279931379333874,-1.4798636363636362,-195.34199999999998,293.394,77.27272727272727,0.8258722852379751,0.6729726145481069,0.5569517194260988,-0.8525750000000001,-1.8968846153846153,-2.9929615384615382,80,26,26,0.5569517194260988,-2.9929615384615382
W1400,25,6,132,0.7533143176272598,-1.4957954545454546,-197.445,288.557,74.24242424242425,0.8494063656751306,0.7511481056257175,0.5431459443310263,-0.8334999999999999,-1.500576923076923,-3.5288461538461537,80,26,26,0.5431459443310263,-3.5288461538461537
W1400,25,7,132,0.7752330791694634,-1.4839469696969694,-195.88099999999997,275.21,71.21212121212122,0.8475036223875833,0.7115153246496398,0.6571478364786136,-0.9314249999999997,-2.0196923076923077,-2.648269230769231,80,26,26,0.6571478364786136,-2.648269230769231
W1400,25,8,132,0.7531980974418306,-1.818060606060606,-239.98399999999998,335.64099999999996,68.18181818181817,0.9035324923934106,0.5580061736633417,0.6119255097978502,-0.6198375000000004,-3.948653846153846,-3.3743076923076925,80,26,26,0.5580061736633417,-3.948653846153846
W1400,25,10,132,0.8637061785245146,-1.0587954545454543,-139.76099999999997,255.73899999999998,65.9090909090909,0.9698867203205124,0.6977574189437611,0.7678595125403637,-0.21346249999999972,-2.700153846153846,-2.0184615384615388,80,26,26,0.6977574189437611,-2.700153846153846
W1400,25,12,132,0.9784983313424378,-0.1719545454545453,-22.69799999999998,191.86300000000003,64.39393939393939,1.0860693526433647,0.836639012902698,0.8455017301038062,0.6370874999999999,-1.4594230769230767,-1.3738461538461537,80,26,26,0.836639012902698,-1.4594230769230767
W1400,25,15,132,1.0471798240306995,0.4135454545454544,54.58799999999998,157.347,60.60606060606061,1.1772378806888588,0.7531377051848654,1.0447794117647058,1.4250124999999996,-2.683307692307692,0.39819230769230735,80,26,26,0.7531377051848654,-2.683307692307692
W1400,25,18,132,1.1759994764558381,1.6095378787878791,212.45900000000003,162.25800000000004,59.09090909090909,1.3349881648128368,0.767459551186401,1.2599610726643597,2.7985999999999995,-2.751230769230769,2.3116538461538463,80,26,26,0.767459551186401,-2.751230769230769
W1400,25,20,132,1.2166768605736,2.063825757575758,272.42500000000007,146.99300000000005,57.57575757575758,1.3168943708627712,0.847967075299648,1.3958088235294117,2.8460125000000005,-1.7987307692307686,3.5196538461538465,80,26,26,0.847967075299648,-1.7987307692307686
W1400,25,22,132,1.259664336251079,2.5320833333333335,334.235,131.98500000000004,56.060606060606055,1.305581463714473,0.9387895751452321,1.5379584775086506,2.8586,-0.7241923076923074,4.7836923076923075,80,26,26,0.9387895751452321,-0.7241923076923074
W1400,25,25,132,1.3790798472702679,3.7283106060606066,492.13700000000006,125.91799999999995,55.3030303030303,1.4510415970709676,1.0643377512507681,1.5564269792784609,4.219325,0.7611923076923085,5.184615384615385,80,26,26,1.0643377512507681,0.7611923076923085
W1400,25,27,132,1.403375439482616,4.0172954545454544,530.283,121.88499999999999,53.78787878787878,1.4187132147662678,1.1469453303035326,1.6805622058944933,4.002600000000001,1.738538461538462,6.34126923076923,80,26,26,1.1469453303035326,1.738538461538462
W1400,25,30,132,1.2631640956904904,2.876666666666667,379.72,147.04799999999997,49.24242424242424,1.3554257594054584,1.1750724149327043,1.11166252320861,3.6275375000000003,2.0782307692307698,1.3647307692307689,80,26,26,1.11166252320861,1.3647307692307689
W1400,25,32,132,1.3027052426290906,3.3088939393939394,436.774,145.128,49.24242424242424,1.3766163621533045,1.2563456217316078,1.1578216949365896,3.8438125,3.043,1.9288846153846158,80,26,26,1.1578216949365896,1.9288846153846158
W1400,25,35,132,1.1800628280298835,2.1299318181818183,281.151,187.36,45.45454545454545,1.149663310117474,1.373136165993818,1.0854386907961535,1.717212500000001,4.429384615384615,1.1003846153846153,80,26,26,1.0854386907961535,1.1003846153846153
W1400,25,40,132,1.1559212079208916,1.8816287878787878,248.375,177.86,43.18181818181818,1.1148491025790843,1.5500554047136126,0.9235316986476355,1.3268,6.529538461538461,-1.0591153846153847,80,26,26,0.9235316986476355,-1.0591153846153847
W1400,25,45,132,1.1906411814222904,2.336772727272727,308.45399999999995,192.8400000000001,42.42424242424242,1.1681987959368278,1.6978531483485506,0.8380329230929011,1.9431250000000002,8.284,-2.3992307692307695,80,26,26,0.8380329230929011,-2.3992307692307695
W1400,25,50,132,1.2441615543312596,2.9927954545454547,395.04900000000004,183.1199999999999,42.42424242424242,1.2075515795214042,1.760547955857671,0.9181985771407799,2.39775,9.02823076923077,-1.2117307692307695,80,26,26,0.9181985771407799,-1.2117307692307695
W1400,25,60,132,1.2945852343160933,3.6672045454545454,484.071,199.06999999999982,41.66666666666667,1.2979179921316073,1.6461626008955175,0.9817988264007892,3.4417125000000004,8.297846153846153,-0.26961538461538415,80,26,26,0.9817988264007892,-0.26961538461538415
W1400,25,75,132,1.2597652948559799,3.2830909090909093,433.36800000000005,217.90999999999974,40.909090909090914,1.3122226190137591,1.6122796771343422,0.8248688788492496,3.704837500000001,7.86273076923077,-2.5942307692307685,80,26,26,0.8248688788492496,-2.5942307692307685
W1400,25,100,132,1.246830017994301,3.1196060606060607,411.788,217.90999999999997,40.909090909090914,1.3606276750509074,1.3494346855953394,0.8773952329023211,4.2792125,4.487346153846153,-1.8161538461538451,80,26,26,0.8773952329023211,-1.8161538461538451
W1400,30,3,132,0.7062209258064647,-1.1109166666666668,-146.64100000000002,199.66299999999998,84.84848484848484,0.9469960642158858,0.5812083888149133,0.4407379613088321,-0.15133750000000012,-1.9354615384615388,-3.2389230769230766,80,26,26,0.4407379613088321,-3.2389230769230766
W1400,30,4,132,0.8122418647192488,-0.7962424242424244,-105.10400000000003,217.42900000000003,83.33333333333334,1.0819540358701072,0.5815009306035629,0.5792717347270833,0.2650874999999997,-2.4214999999999995,-2.4366153846153846,80,26,26,0.5792717347270833,-2.4366153846153846
W1400,30,5,132,0.9430561038067186,-0.2557272727272728,-33.75600000000001,210.904,82.57575757575758,1.1795789250009425,0.7111207125764425,0.7164640018063847,0.6549624999999999,-1.6714999999999998,-1.642076923076923,80,26,26,0.7111207125764425,-1.6714999999999998
W1400,30,6,132,0.9930615824386572,-0.03464393939393945,-4.5730000000000075,211.428,80.3030303030303,1.2692124876121123,0.7966114698548685,0.6713425190970589,1.0832000000000002,-1.223538461538462,-2.2852692307692304,80,26,26,0.6713425190970589,-2.2852692307692304
W1400,30,7,132,0.9916084785166512,-0.04706060606060619,-6.2120000000000175,210.224,77.27272727272727,1.2060021872922606,0.7352644566033687,0.8135264150630299,0.96065,-1.8981538461538463,-1.2966153846153847,80,26,26,0.7352644566033687,-1.8981538461538463
W1400,30,8,132,0.9486603134280254,-0.3270303030303033,-43.168000000000035,239.961,74.24242424242425,1.2525163376007773,0.5960658144757298,0.7499405071221474,1.2732,-3.597500000000001,-1.9803461538461538,80,26,26,0.5960658144757298,-3.597500000000001
W1400,30,10,132,1.0695193674927101,0.4759469696969699,62.82500000000003,169.563,71.96969696969697,1.2877264401443036,0.7440101917429608,0.9414930041232208,1.6768625,-2.2798846153846153,-0.4633461538461536,80,26,26,0.7440101917429608,-2.2798846153846153
W1400,30,12,132,1.1077318582167557,0.8159015151515152,107.69900000000001,152.577,68.93939393939394,1.2206146853874902,0.8920020728968734,1.0464515701038208,1.5362999999999996,-0.9618461538461544,0.37703846153846143,80,26,26,0.8920020728968734,-0.9618461538461544
W1400,30,15,132,1.1669970613674578,1.4129545454545454,186.51,145.769,65.15151515151516,1.3109884105015053,0.7789645914317139,1.286992328359482,2.3831624999999996,-2.4888076923076925,2.329461538461538,80,26,26,0.7789645914317139,-2.4888076923076925
W1400,30,18,132,1.2856543235681215,2.546939393939394,336.196,164.887,63.63636363636363,1.4717231964325141,0.7875626638244607,1.4803707406758058,3.7923125,-2.6371153846153845,3.8990769230769233,80,26,26,0.7875626638244607,-2.6371153846153845
W1400,30,20,132,1.2716849483482622,2.5781666666666676,340.3180000000001,151.842,60.60606060606061,1.3914761656854153,0.8703966488409127,1.473473043328795,3.4684250000000008,-1.6088461538461531,4.025923076923077,80,26,26,0.8703966488409127,-1.6088461538461531
W1400,30,22,132,1.312903681685683,3.052787878787879,402.968,136.85400000000007,59.09090909090909,1.372778066755107,0.9630709456737948,1.62213165548655,3.466850000000001,-0.45842307692307666,5.289961538461539,80,26,26,0.9630709456737948,-0.45842307692307666
W1400,30,25,132,1.4017111042347281,4.002780303030303,528.367,116.86400000000003,57.57575757575758,1.4610021041557077,1.0925100850802776,1.6373951588932398,4.381825000000001,1.1483846153846158,5.690884615384614,80,26,26,1.0925100850802776,1.1483846153846158
W1400,30,27,132,1.4285563024907182,4.323431818181818,570.693,113.12700000000001,56.060606060606055,1.431835298085798,1.1772836277784318,1.7669436582707625,4.192975000000001,2.200730769230769,6.847538461538461,80,26,26,1.1772836277784318,2.200730769230769
W1400,30,30,132,1.2708015758453053,3.044265151515152,401.8430000000001,142.96700000000004,51.515151515151516,1.3580339392896739,1.2129958212495484,1.1027431390573108,3.746037500000001,2.652461538461538,1.2767692307692304,80,26,26,1.1027431390573108,1.2767692307692304
W1400,30,32,132,1.305449416470899,3.4337651515151513,453.25699999999995,142.02699999999993,51.515151515151516,1.369481639714034,1.296892035048382,1.148141270268681,3.8658125000000014,3.6972307692307687,1.8409230769230762,80,26,26,1.148141270268681,1.8409230769230762
W1400,30,35,132,1.1925447856174674,2.3277045454545453,307.257,184.62699999999995,47.72727272727273,1.1564422017147438,1.4174457426470364,1.077378030318619,1.8221625000000006,5.1985,1.0124230769230769,80,26,26,1.077378030318619,1.0124230769230769
W1400,30,40,132,1.1681266256081289,2.07925,274.461,175.1269999999999,45.45454545454545,1.1220981176806688,1.601934641007348,0.9056253997037135,1.4317500000000005,7.495961538461538,-1.3451538461538466,80,26,26,0.9056253997037135,-1.3451538461538466
W1400,30,45,132,1.2008092428546346,2.52994696969697,333.95300000000003,195.64699999999993,44.696969696969695,1.1746576583683155,1.7581173694565158,0.8121508536558006,2.0480750000000003,9.440923076923077,-2.8983461538461537,80,26,26,0.8121508536558006,-2.8983461538461537
W1400,30,50,132,1.2557821959356261,3.22253787878788,425.3750000000001,185.9269999999999,44.696969696969695,1.2134275949847457,1.8327882117851264,0.889115732743041,2.502700000000001,10.370807692307693,-1.7108461538461543,80,26,26,0.889115732743041,-1.7108461538461543
W1400,30,60,132,1.3068268059223018,3.9357348484848487,519.517,201.877,43.93939393939394,1.302455606983492,1.7226435138357565,0.9501766141435898,3.546662500000001,9.837346153846154,-0.7687307692307684,80,26,26,0.9501766141435898,-0.7687307692307684
W1400,30,75,132,1.308892134564695,3.9622272727272727,523.014,220.71699999999998,43.93939393939394,1.3666599864832887,1.7331170996050154,0.7995124103530539,4.299537500000001,9.979923076923077,-3.0933461538461535,80,26,26,0.7995124103530539,-3.0933461538461535
W1400,30,100,132,1.2805964825037663,3.5992727272727274,475.10400000000004,220.71699999999998,43.93939393939394,1.4156420757745996,1.4107725081793987,0.8499415440837379,4.873912500000001,5.591846153846153,-2.3152692307692293,80,26,26,0.8499415440837379,-2.3152692307692293
W1400,35,3,132,0.7709302920267987,-0.8143636363636364,-107.49600000000001,189.88299999999998,87.12121212121212,1.1823492515733967,0.495878213821652,0.4953779925449194,0.4288125000000001,-2.7307307692307696,-2.723153846153846,80,26,26,0.4953779925449194,-2.7307307692307696
W1400,35,4,132,0.8665429700533095,-0.5454469696969697,-71.999,220.88799999999998,85.60606060606061,1.2933410388051143,0.49714435092943565,0.6508228384898828,0.8184874999999998,-3.4033076923076915,-1.8843076923076925,80,26,26,0.49714435092943565,-3.4033076923076915
W1400,35,5,132,0.9994121657344797,-0.0025606060606061217,-0.33800000000000807,219.3980000000001,84.84848484848484,1.3708362000324683,0.6079605835185007,0.8054694348820799,1.199275,-2.653307692307692,-1.0497692307692306,80,26,26,0.6079605835185007,-2.653307692307692
W1400,35,6,132,1.1025516150921588,0.47857575757575754,63.172,185.34199999999993,83.33333333333334,1.6510486321013618,0.6848414561084332,0.7266733961801457,2.105475,-2.2053461538461545,-1.8433461538461537,80,26,26,0.6848414561084332,-2.2053461538461545
W1400,35,7,132,1.0780906891544322,0.41839393939393965,55.22800000000004,193.088,80.3030303030303,1.4976204479343835,0.6306993608709457,0.8799979469280912,1.9566124999999999,-3.0868846153846152,-0.8093076923076924,80,26,26,0.6306993608709457,-3.0868846153846152
W1400,35,8,132,1.0719015309428355,0.42621212121212115,56.25999999999999,243.26799999999994,78.03030303030303,1.7110394048735516,0.51610285786933,0.8104974883646684,2.7957625000000004,-4.977384615384616,-1.4611153846153841,80,26,26,0.51610285786933,-4.977384615384616
W1400,35,10,132,1.2253658266181267,1.416787878787879,187.01600000000002,210.31999999999996,75.75757575757575,1.7700598736216215,0.6442003163361839,1.0172746636603531,3.4838375,-3.659769230769231,0.1331923076923072,80,26,26,0.6442003163361839,-3.659769230769231
W1400,35,12,132,1.2776753050114653,1.9228257575757577,253.81300000000002,195.31099999999992,72.72727272727273,1.6513502482824298,0.772338905985335,1.133430935276293,3.5908124999999997,-2.3417307692307694,1.055115384615384,80,26,26,0.772338905985335,-2.3417307692307694
W1400,35,15,132,1.3194612253488114,2.5298787878787885,333.9440000000001,205.30600000000013,68.93939393939394,1.721369447868153,0.675646848640529,1.3946361085035288,4.52855,-4.210615384615385,3.1206153846153843,80,26,26,0.675646848640529,-4.210615384615385
W1400,35,18,132,1.4236721969597268,3.584969696969697,473.216,212.3750000000001,67.42424242424242,1.8684812187723057,0.6808184102121826,1.6087442910159193,5.8403624999999995,-4.583423076923078,4.813692307692308,80,26,26,0.6808184102121826,-4.583423076923078
W1400,35,20,132,1.4545787777935744,4.021045454545455,530.778,197.92600000000004,65.15151515151516,1.852093994272688,0.7524252861864484,1.603625537361399,6.1631,-3.5551538461538454,5.006307692307694,80,26,26,0.7524252861864484,-3.5551538461538454
W1400,35,22,132,1.4962622239519077,4.540310606060605,599.3209999999999,182.93800000000005,63.63636363636363,1.8024649452458887,0.8325387429759106,1.766932391008964,6.2058125,-2.4047307692307687,6.36073076923077,80,26,26,0.8325387429759106,-2.4047307692307687
W1400,35,25,132,1.5988023903614772,5.603007575757577,739.5970000000001,162.9480000000001,62.121212121212125,1.9163055527562232,0.9444340284659763,1.7870549676440362,7.274000000000001,-0.7979230769230767,6.862423076923076,80,26,26,0.9444340284659763,-0.7979230769230767
W1400,35,27,132,1.6330619256891734,6.002098484848485,792.277,148.50099999999998,60.60606060606061,1.8827836578682773,1.01771757937422,1.9288918688822527,7.188562500000001,0.25442307692307675,8.099115384615384,80,26,26,1.01771757937422,0.25442307692307675
W1400,35,30,132,1.4486882351813772,4.7885606060606065,632.09,158.14100000000008,56.060606060606055,1.796714508878032,1.0490404262991306,1.163329087969361,6.993550000000001,0.706153846153846,2.086384615384614,80,26,26,1.0490404262991306,0.706153846153846
W1400,35,32,132,1.4775343549001925,5.096416666666667,672.7270000000001,157.144,56.060606060606055,1.7913815666745934,1.1215967520066243,1.2151707027733367,6.9467375,1.7509230769230764,2.7486153846153845,80,26,26,1.1215967520066243,1.7509230769230764
W1400,35,35,132,1.3328537382976422,3.8662424242424236,510.34399999999994,169.567,52.27272727272727,1.4807518440385554,1.2258557367415897,1.1046713075251204,4.865425,3.252192307692307,1.405884615384615,80,26,26,1.1046713075251204,1.405884615384615
W1400,35,40,132,1.309811361017998,3.695537878787879,487.81100000000004,160.06700000000012,50.0,1.4569872771416281,1.385408069233543,0.9236096651953029,4.660887500000001,5.549653846153845,-1.128884615384616,80,26,26,0.9236096651953029,-1.128884615384616
W1400,35,45,132,1.3461982876546386,4.221840909090909,557.2829999999999,185.197,49.24242424242424,1.5352976286043096,1.520480254283692,0.8227389342972409,5.4595875000000005,7.494615384615385,-2.8593846153846156,80,26,26,0.8227389342972409,-2.8593846153846156
W1400,35,50,132,1.364543952590905,4.499886363636365,593.9850000000001,175.47699999999998,48.484848484848484,1.5007365938130908,1.5850581620524324,0.8963553041935699,5.2302125,8.4245,-1.6718846153846156,80,26,26,0.8963553041935699,-1.6718846153846156
W1400,35,60,132,1.422343101613788,5.325583333333333,702.977,191.42700000000002,47.72727272727273,1.6243443357671048,1.4890490448442102,0.9547596112578802,6.521299999999999,7.701807692307693,-0.7297692307692315,80,26,26,0.9547596112578802,-0.7297692307692315
W1400,35,75,132,1.4004183916912842,5.049121212121213,666.484,210.26699999999994,47.72727272727273,1.6485663646492414,1.4981023880115858,0.810650351451107,6.774300000000001,7.844384615384616,-3.054384615384616,80,26,26,0.810650351451107,-3.054384615384616
W1400,35,100,132,1.3716344371688507,4.686166666666667,618.5740000000001,210.26699999999994,47.72727272727273,1.7035565932625902,1.2194684732649184,0.8588854660422885,7.348675,3.456307692307692,-2.2763076923076926,80,26,26,0.8588854660422885,-2.2763076923076926
W1400,40,3,132,0.7839252992653227,-0.7646818181818184,-100.93800000000002,237.60199999999992,87.87878787878788,1.5632032633486534,0.4318184628702158,0.4336284290054715,1.0216999999999998,-3.5343076923076926,-3.4916153846153843,80,26,26,0.4318184628702158,-3.5343076923076926
W1400,40,4,132,0.8621377562857722,-0.5716969696969697,-75.464,275.77599999999995,86.36363636363636,1.5819647801050227,0.4334884320167288,0.5696968562640763,1.3479249999999996,-4.397153846153845,-2.6527692307692305,80,26,26,0.4334884320167288,-4.397153846153845
W1400,40,5,132,0.9848399641854133,-0.06759848484848464,-8.922999999999973,279.986,85.60606060606061,1.5879960970096207,0.5301154072950889,0.7050665368994365,1.6647124999999998,-3.6471538461538455,-1.8182307692307693,80,26,26,0.5301154072950889,-3.6471538461538455
W1400,40,6,132,1.0796832260675528,0.3833409090909093,50.60100000000003,245.92999999999995,84.0909090909091,1.9144521022724768,0.5996717634771895,0.6346976693216178,2.5889625,-3.1991923076923077,-2.8206538461538466,80,26,26,0.5996717634771895,-3.1991923076923077
W1400,40,7,132,1.133463425740782,0.6927500000000002,91.44300000000003,208.98100000000002,81.81818181818183,1.7284867327019013,0.6938111533037825,0.7686157892377352,2.518925,-2.446884615384614,-1.7866153846153845,80,26,26,0.6938111533037825,-2.446884615384614
W1400,40,8,132,1.1171665466537262,0.680439393939394,89.81800000000001,254.93800000000005,79.54545454545455,1.9764261441688962,0.5574110047067822,0.7193206922351545,3.3762375000000007,-4.495461538461539,-2.438423076923077,80,26,26,0.5574110047067822,-4.495461538461539
W1400,40,10,132,1.2664340549426127,1.652734848484849,218.16100000000006,221.98999999999992,77.27272727272727,1.978890328230765,0.6902384441490873,0.9028364995107958,4.0239,-3.146307692307692,-0.844115384615384,80,26,26,0.6902384441490873,-3.146307692307692
W1400,40,12,132,1.3074811474295136,2.1239772727272728,280.365,206.98100000000002,74.24242424242425,1.7765611276690711,0.8285981513667846,1.008757310384534,4.045087499999999,-1.7409615384615384,0.07780769230769188,80,26,26,0.8285981513667846,-1.7409615384615384
W1400,40,15,132,1.331467578855286,2.658151515151515,350.876,217.2520000000001,70.45454545454545,1.8220332487441093,0.7051629686127004,1.2412307852143007,4.9601999999999995,-3.910230769230769,2.143307692307692,80,26,26,0.7051629686127004,-3.910230769230769
W1400,40,18,132,1.4271303291686666,3.6872575757575756,486.71799999999996,233.4280000000001,68.93939393939394,1.954622644933419,0.7070864751000647,1.4317877813226438,6.2467999999999995,-4.337384615384615,3.836384615384616,80,26,26,0.7070864751000647,-4.337384615384615
W1400,40,20,132,1.4547866019995919,4.117348484848485,543.49,208.255,66.66666666666666,1.918746353225681,0.7817486188347562,1.4345791484648223,6.534537499999999,-3.231807692307692,4.029000000000001,80,26,26,0.7817486188347562,-3.231807692307692
W1400,40,22,132,1.4929097291001945,4.629871212121213,611.143,188.97100000000006,65.15151515151516,1.852578931934443,0.8645302219994232,1.5806709894750814,6.541625000000001,-2.0059999999999985,5.383423076923076,80,26,26,0.8645302219994232,-2.0059999999999985
W1400,40,25,132,1.5888536878859016,5.653553030303031,746.2690000000001,168.981,63.63636363636363,1.952283102486921,0.9821065399830129,1.606936737179055,7.5018125,-0.26496153846153747,5.885115384615385,80,26,26,0.9821065399830129,-0.26496153846153747
W1400,40,27,132,1.6236583682454908,6.065068181818182,800.589,154.53399999999988,62.121212121212125,1.917598478170092,1.05743361705554,1.734477820925242,7.416375,0.8504615384615388,7.1218076923076925,80,26,26,1.05743361705554,0.8504615384615388
W1400,40,30,132,1.4259000680716565,4.716181818181818,622.536,164.17399999999998,57.57575757575758,1.8131432634198366,1.0951666718476378,1.037474121750618,7.148037499999999,1.4129615384615388,0.5367692307692303,80,26,26,1.037474121750618,0.5367692307692303
W1400,40,32,132,1.4552680278717518,5.041386363636364,665.4630000000001,151.35399999999993,57.57575757575758,1.8078179879132599,1.1714668366025263,1.0837072421506,7.1012249999999995,2.5458076923076924,1.1990000000000003,80,26,26,1.0837072421506,1.1990000000000003
W1400,40,35,132,1.3053572887452847,3.7093484848484852,489.63400000000007,204.42699999999996,53.78787878787878,1.4641569961253411,1.2825572238283232,0.9904058206912839,4.803700000000001,4.195192307692308,-0.14373076923076986,80,26,26,0.9904058206912839,-0.14373076923076986
W1400,40,40,132,1.2824071436277962,3.5296742424242424,465.91700000000003,194.92699999999996,51.515151515151516,1.4410392200814868,1.4472421689618367,0.826175626313915,4.5991625,6.640307692307692,-2.871692307692307,80,26,26,0.826175626313915,-2.871692307692307
W1400,40,45,132,1.3310209828018058,4.1930227272727265,553.4789999999999,207.10699999999986,50.75757575757576,1.5176309963188093,1.5915555348316701,0.7638008088240177,5.3978625,8.782961538461539,-4.104115384615384,80,26,26,0.7638008088240177,-4.104115384615384
W1400,40,50,132,1.33543121558947,4.298871212121212,567.451,197.38699999999994,50.0,1.484217910297443,1.5953039675878433,0.8321435607293141,5.1684875,8.838615384615384,-2.9166153846153855,80,26,26,0.8321435607293141,-2.9166153846153855
W1400,40,60,132,1.3872050879028968,5.08184090909091,670.8030000000001,213.33699999999988,49.24242424242424,1.6051754808170873,1.4812569567306,0.8863639885162042,6.459575000000001,7.899000000000001,-1.9745000000000004,80,26,26,0.8863639885162042,-1.9745000000000004
W1400,40,75,132,1.3661403710294773,4.805378787878788,634.3100000000001,232.1769999999998,49.24242424242424,1.6288781851972864,1.4899436431592634,0.7525782095637797,6.712574999999999,8.041576923076924,-4.2991153846153844,80,26,26,0.7525782095637797,-4.2991153846153844
W1400,40,100,132,1.3384854622687417,4.442424242424243,586.4000000000001,232.1769999999998,49.24242424242424,1.6826894137679451,1.2225942893296933,0.7973579300834279,7.28695,3.6535000000000006,-3.5210384615384616,80,26,26,0.7973579300834279,-3.5210384615384616
